
===========================================================================
report_checks -unconstrained
===========================================================================
======================= nom_tt_025C_1v80 Corner ===================================

Startpoint: rst_ni (input port clocked by clk_i)
Endpoint: _14382_ (recovery check against rising-edge clock clk_i)
Path Group: asynchronous
Path Type: max

Fanout         Cap        Slew       Delay        Time   Description
---------------------------------------------------------------------------------------------
                                  0.000000    0.000000   clock clk_i (rise edge)
                                  0.000000    0.000000   clock network delay (propagated)
                                  2.000000    2.000000 ^ input external delay
  1871    8.492050   37.764713   25.878212   27.878212 ^ rst_ni (in)
                                                         rst_ni (net)
                     37.796097    0.000000   27.878212 ^ _14382_/RESET_B (sky130_fd_sc_hd__dfrtp_2)
                                             27.878212   data arrival time

                                 10.000000   10.000000   clock clk_i (rise edge)
                                  0.000000   10.000000   clock source latency
     2    0.020217    0.096718    0.066795   10.066794 ^ clk_i (in)
                                                         clk_i (net)
                      0.096738    0.000000   10.066794 ^ _14382_/CLK (sky130_fd_sc_hd__dfrtp_2)
                                 -0.250000    9.816794   clock uncertainty
                                  0.000000    9.816794   clock reconvergence pessimism
                                -12.768702   -2.951907   library recovery time
                                             -2.951907   data required time
---------------------------------------------------------------------------------------------
                                             -2.951907   data required time
                                            -27.878212   data arrival time
---------------------------------------------------------------------------------------------
                                            -30.830120   slack (VIOLATED)


Startpoint: _15090_ (rising edge-triggered flip-flop clocked by clk_i)
Endpoint: instr_addr_o[14] (output port clocked by clk_i)
Path Group: clk_i
Path Type: max

Fanout         Cap        Slew       Delay        Time   Description
---------------------------------------------------------------------------------------------
                                  0.000000    0.000000   clock clk_i (rise edge)
                                  0.000000    0.000000   clock source latency
     2    0.020217    0.096718    0.066788    0.066788 ^ clk_i (in)
                                                         clk_i (net)
                      0.096738    0.000000    0.066788 ^ core_clock_gate_i.u_icg/CLK (sky130_fd_sc_hd__dlclkp_1)
  1870    5.219182   50.654850   35.388294   35.455082 ^ core_clock_gate_i.u_icg/GCLK (sky130_fd_sc_hd__dlclkp_1)
                                                         clk (net)
                     50.656471    0.245155   35.700237 ^ _15090_/CLK (sky130_fd_sc_hd__dfrtp_2)
    32    0.156838    0.718194    6.378247   42.078484 ^ _15090_/Q (sky130_fd_sc_hd__dfrtp_2)
                                                         gen_regfile_ff.register_file_i.raddr_b_i[1] (net)
                      0.718194    0.009269   42.087753 ^ _07186_/D_N (sky130_fd_sc_hd__or4b_2)
     3    0.019044    0.155882    0.731987   42.819740 v _07186_/X (sky130_fd_sc_hd__or4b_2)
                                                         _02013_ (net)
                      0.155882    0.000007   42.819748 v _07191_/B (sky130_fd_sc_hd__nor2_2)
    99    0.531762    5.444311    3.988859   46.808605 ^ _07191_/Y (sky130_fd_sc_hd__nor2_2)
                                                         _02018_ (net)
                      5.444327    0.008598   46.817204 ^ _07195_/A (sky130_fd_sc_hd__nand2_2)
     2    0.008865    0.653748    0.147125   46.964329 v _07195_/Y (sky130_fd_sc_hd__nand2_2)
                                                         _02022_ (net)
                      0.653748    0.000096   46.964424 v _07207_/C (sky130_fd_sc_hd__and4bb_2)
     1    0.007320    0.056345    0.515470   47.479897 v _07207_/X (sky130_fd_sc_hd__and4bb_2)
                                                         _02034_ (net)
                      0.056345    0.000099   47.479996 v _07220_/A1 (sky130_fd_sc_hd__o211a_2)
     1    0.001733    0.037559    0.249290   47.729286 v _07220_/X (sky130_fd_sc_hd__o211a_2)
                                                         _02047_ (net)
                      0.037559    0.000004   47.729290 v _07261_/A (sky130_fd_sc_hd__or4b_2)
     7    0.030246    0.194359    0.801968   48.531258 v _07261_/X (sky130_fd_sc_hd__or4b_2)
                                                         _02088_ (net)
                      0.194359    0.000263   48.531521 v _07363_/B1 (sky130_fd_sc_hd__a21oi_2)
     3    0.012513    0.181886    0.228397   48.759918 ^ _07363_/Y (sky130_fd_sc_hd__a21oi_2)
                                                         _02190_ (net)
                      0.181886    0.000064   48.759979 ^ _07405_/A (sky130_fd_sc_hd__nand4_2)
     3    0.010533    0.122806    0.137046   48.897026 v _07405_/Y (sky130_fd_sc_hd__nand4_2)
                                                         _02230_ (net)
                      0.122806    0.000064   48.897091 v _09366_/A1 (sky130_fd_sc_hd__a41o_2)
     3    0.015746    0.069054    0.277851   49.174942 v _09366_/X (sky130_fd_sc_hd__a41o_2)
                                                         _04150_ (net)
                      0.069055    0.000345   49.175285 v _09416_/A1 (sky130_fd_sc_hd__a21oi_2)
    59    0.348185    3.989341    2.914305   52.089592 ^ _09416_/Y (sky130_fd_sc_hd__a21oi_2)
                                                         _04200_ (net)
                      3.989341    0.002323   52.091915 ^ _09452_/A (sky130_fd_sc_hd__nor2_2)
    24    0.151428    1.291232    1.370157   53.462070 v _09452_/Y (sky130_fd_sc_hd__nor2_2)
                                                         _04225_ (net)
                      1.291394    0.013532   53.475605 v _09584_/A1 (sky130_fd_sc_hd__a21oi_2)
     4    0.045318    0.635057    0.912031   54.387634 ^ _09584_/Y (sky130_fd_sc_hd__a21oi_2)
                                                         _04345_ (net)
                      0.635081    0.004473   54.392109 ^ _09586_/A (sky130_fd_sc_hd__nand2_2)
     2    0.012175    0.158149    0.155271   54.547379 v _09586_/Y (sky130_fd_sc_hd__nand2_2)
                                                         _04347_ (net)
                      0.158149    0.000050   54.547428 v _09587_/A0 (sky130_fd_sc_hd__mux2_1)
     2    0.040129    0.213952    0.492033   55.039463 v _09587_/X (sky130_fd_sc_hd__mux2_1)
                                                         instr_addr_o[14] (net)
                      0.213955    0.001151   55.040615 v instr_addr_o[14] (out)
                                             55.040615   data arrival time

                                 10.000000   10.000000   clock clk_i (rise edge)
                                  0.000000   10.000000   clock network delay (propagated)
                                 -0.250000    9.750000   clock uncertainty
                                  0.000000    9.750000   clock reconvergence pessimism
                                 -2.000000    7.750000   output external delay
                                              7.750000   data required time
---------------------------------------------------------------------------------------------
                                              7.750000   data required time
                                            -55.040615   data arrival time
---------------------------------------------------------------------------------------------
                                            -47.290615   slack (VIOLATED)




===========================================================================
report_checks --slack_max -0.01
============================================================================
======================= nom_tt_025C_1v80 Corner ===================================

Startpoint: rst_ni (input port clocked by clk_i)
Endpoint: _14382_ (recovery check against rising-edge clock clk_i)
Path Group: asynchronous
Path Type: max

Fanout         Cap        Slew       Delay        Time   Description
---------------------------------------------------------------------------------------------
                                  0.000000    0.000000   clock clk_i (rise edge)
                                  0.000000    0.000000   clock network delay (propagated)
                                  2.000000    2.000000 ^ input external delay
  1871    8.492050   37.764713   25.878212   27.878212 ^ rst_ni (in)
                                                         rst_ni (net)
                     37.796097    0.000000   27.878212 ^ _14382_/RESET_B (sky130_fd_sc_hd__dfrtp_2)
                                             27.878212   data arrival time

                                 10.000000   10.000000   clock clk_i (rise edge)
                                  0.000000   10.000000   clock source latency
     2    0.020217    0.096718    0.066795   10.066794 ^ clk_i (in)
                                                         clk_i (net)
                      0.096738    0.000000   10.066794 ^ _14382_/CLK (sky130_fd_sc_hd__dfrtp_2)
                                 -0.250000    9.816794   clock uncertainty
                                  0.000000    9.816794   clock reconvergence pessimism
                                -12.768702   -2.951907   library recovery time
                                             -2.951907   data required time
---------------------------------------------------------------------------------------------
                                             -2.951907   data required time
                                            -27.878212   data arrival time
---------------------------------------------------------------------------------------------
                                            -30.830120   slack (VIOLATED)


Startpoint: _15090_ (rising edge-triggered flip-flop clocked by clk_i)
Endpoint: instr_addr_o[14] (output port clocked by clk_i)
Path Group: clk_i
Path Type: max

Fanout         Cap        Slew       Delay        Time   Description
---------------------------------------------------------------------------------------------
                                  0.000000    0.000000   clock clk_i (rise edge)
                                  0.000000    0.000000   clock source latency
     2    0.020217    0.096718    0.066788    0.066788 ^ clk_i (in)
                                                         clk_i (net)
                      0.096738    0.000000    0.066788 ^ core_clock_gate_i.u_icg/CLK (sky130_fd_sc_hd__dlclkp_1)
  1870    5.219182   50.654850   35.388294   35.455082 ^ core_clock_gate_i.u_icg/GCLK (sky130_fd_sc_hd__dlclkp_1)
                                                         clk (net)
                     50.656471    0.245155   35.700237 ^ _15090_/CLK (sky130_fd_sc_hd__dfrtp_2)
    32    0.156838    0.718194    6.378247   42.078484 ^ _15090_/Q (sky130_fd_sc_hd__dfrtp_2)
                                                         gen_regfile_ff.register_file_i.raddr_b_i[1] (net)
                      0.718194    0.009269   42.087753 ^ _07186_/D_N (sky130_fd_sc_hd__or4b_2)
     3    0.019044    0.155882    0.731987   42.819740 v _07186_/X (sky130_fd_sc_hd__or4b_2)
                                                         _02013_ (net)
                      0.155882    0.000007   42.819748 v _07191_/B (sky130_fd_sc_hd__nor2_2)
    99    0.531762    5.444311    3.988859   46.808605 ^ _07191_/Y (sky130_fd_sc_hd__nor2_2)
                                                         _02018_ (net)
                      5.444327    0.008598   46.817204 ^ _07195_/A (sky130_fd_sc_hd__nand2_2)
     2    0.008865    0.653748    0.147125   46.964329 v _07195_/Y (sky130_fd_sc_hd__nand2_2)
                                                         _02022_ (net)
                      0.653748    0.000096   46.964424 v _07207_/C (sky130_fd_sc_hd__and4bb_2)
     1    0.007320    0.056345    0.515470   47.479897 v _07207_/X (sky130_fd_sc_hd__and4bb_2)
                                                         _02034_ (net)
                      0.056345    0.000099   47.479996 v _07220_/A1 (sky130_fd_sc_hd__o211a_2)
     1    0.001733    0.037559    0.249290   47.729286 v _07220_/X (sky130_fd_sc_hd__o211a_2)
                                                         _02047_ (net)
                      0.037559    0.000004   47.729290 v _07261_/A (sky130_fd_sc_hd__or4b_2)
     7    0.030246    0.194359    0.801968   48.531258 v _07261_/X (sky130_fd_sc_hd__or4b_2)
                                                         _02088_ (net)
                      0.194359    0.000263   48.531521 v _07363_/B1 (sky130_fd_sc_hd__a21oi_2)
     3    0.012513    0.181886    0.228397   48.759918 ^ _07363_/Y (sky130_fd_sc_hd__a21oi_2)
                                                         _02190_ (net)
                      0.181886    0.000064   48.759979 ^ _07405_/A (sky130_fd_sc_hd__nand4_2)
     3    0.010533    0.122806    0.137046   48.897026 v _07405_/Y (sky130_fd_sc_hd__nand4_2)
                                                         _02230_ (net)
                      0.122806    0.000064   48.897091 v _09366_/A1 (sky130_fd_sc_hd__a41o_2)
     3    0.015746    0.069054    0.277851   49.174942 v _09366_/X (sky130_fd_sc_hd__a41o_2)
                                                         _04150_ (net)
                      0.069055    0.000345   49.175285 v _09416_/A1 (sky130_fd_sc_hd__a21oi_2)
    59    0.348185    3.989341    2.914305   52.089592 ^ _09416_/Y (sky130_fd_sc_hd__a21oi_2)
                                                         _04200_ (net)
                      3.989341    0.002323   52.091915 ^ _09452_/A (sky130_fd_sc_hd__nor2_2)
    24    0.151428    1.291232    1.370157   53.462070 v _09452_/Y (sky130_fd_sc_hd__nor2_2)
                                                         _04225_ (net)
                      1.291394    0.013532   53.475605 v _09584_/A1 (sky130_fd_sc_hd__a21oi_2)
     4    0.045318    0.635057    0.912031   54.387634 ^ _09584_/Y (sky130_fd_sc_hd__a21oi_2)
                                                         _04345_ (net)
                      0.635081    0.004473   54.392109 ^ _09586_/A (sky130_fd_sc_hd__nand2_2)
     2    0.012175    0.158149    0.155271   54.547379 v _09586_/Y (sky130_fd_sc_hd__nand2_2)
                                                         _04347_ (net)
                      0.158149    0.000050   54.547428 v _09587_/A0 (sky130_fd_sc_hd__mux2_1)
     2    0.040129    0.213952    0.492033   55.039463 v _09587_/X (sky130_fd_sc_hd__mux2_1)
                                                         instr_addr_o[14] (net)
                      0.213955    0.001151   55.040615 v instr_addr_o[14] (out)
                                             55.040615   data arrival time

                                 10.000000   10.000000   clock clk_i (rise edge)
                                  0.000000   10.000000   clock network delay (propagated)
                                 -0.250000    9.750000   clock uncertainty
                                  0.000000    9.750000   clock reconvergence pessimism
                                 -2.000000    7.750000   output external delay
                                              7.750000   data required time
---------------------------------------------------------------------------------------------
                                              7.750000   data required time
                                            -55.040615   data arrival time
---------------------------------------------------------------------------------------------
                                            -47.290615   slack (VIOLATED)




===========================================================================
 report_check_types -max_slew -max_cap -max_fanout -violators
============================================================================
======================= nom_tt_025C_1v80 Corner ===================================

max slew

Pin                                        Limit        Slew       Slack
------------------------------------------------------------------------
_15343_/CLK                             0.750000   50.662098  -49.912098 (VIOLATED)
_15375_/CLK                             0.750000   50.662102  -49.912102 (VIOLATED)
_15503_/CLK                             0.750000   50.662102  -49.912102 (VIOLATED)
_15791_/CLK                             0.750000   50.662102  -49.912102 (VIOLATED)
_14483_/CLK                             0.750000   50.662033  -49.912033 (VIOLATED)
_15441_/CLK                             0.750000   50.662075  -49.912075 (VIOLATED)
_15473_/CLK                             0.750000   50.662048  -49.912048 (VIOLATED)
_15537_/CLK                             0.750000   50.662064  -49.912064 (VIOLATED)
_15567_/CLK                             0.750000   50.662071  -49.912071 (VIOLATED)
_15569_/CLK                             0.750000   50.662045  -49.912045 (VIOLATED)
_15599_/CLK                             0.750000   50.662067  -49.912067 (VIOLATED)
_15631_/CLK                             0.750000   50.662102  -49.912102 (VIOLATED)
_15663_/CLK                             0.750000   50.662098  -49.912098 (VIOLATED)
_15697_/CLK                             0.750000   50.662048  -49.912048 (VIOLATED)
_15727_/CLK                             0.750000   50.662098  -49.912098 (VIOLATED)
_15919_/CLK                             0.750000   50.662086  -49.912086 (VIOLATED)
_15983_/CLK                             0.750000   50.662098  -49.912098 (VIOLATED)
_16047_/CLK                             0.750000   50.662098  -49.912098 (VIOLATED)
_16145_/CLK                             0.750000   50.662052  -49.912056 (VIOLATED)
_16175_/CLK                             0.750000   50.662102  -49.912102 (VIOLATED)
_16241_/CLK                             0.750000   50.662067  -49.912067 (VIOLATED)
_16243_/CLK                             0.750000   50.662041  -49.912041 (VIOLATED)
_14480_/CLK                             0.750000   50.661957  -49.911957 (VIOLATED)
_14481_/CLK                             0.750000   50.661987  -49.911987 (VIOLATED)
_14482_/CLK                             0.750000   50.661953  -49.911957 (VIOLATED)
_15310_/CLK                             0.750000   50.661983  -49.911983 (VIOLATED)
_15311_/CLK                             0.750000   50.662003  -49.912006 (VIOLATED)
_15313_/CLK                             0.750000   50.662006  -49.912010 (VIOLATED)
_15319_/CLK                             0.750000   50.661999  -49.911999 (VIOLATED)
_15342_/CLK                             0.750000   50.661987  -49.911987 (VIOLATED)
_15345_/CLK                             0.750000   50.662010  -49.912010 (VIOLATED)
_15470_/CLK                             0.750000   50.661987  -49.911987 (VIOLATED)
_15471_/CLK                             0.750000   50.661999  -49.911999 (VIOLATED)
_15505_/CLK                             0.750000   50.662029  -49.912029 (VIOLATED)
_15729_/CLK                             0.750000   50.662033  -49.912033 (VIOLATED)
_15825_/CLK                             0.750000   50.662048  -49.912048 (VIOLATED)
_15887_/CLK                             0.750000   50.662098  -49.912098 (VIOLATED)
_15889_/CLK                             0.750000   50.662033  -49.912033 (VIOLATED)
_14489_/CLK                             0.750000   50.661930  -49.911930 (VIOLATED)
_15346_/CLK                             0.750000   50.661961  -49.911961 (VIOLATED)
_15351_/CLK                             0.750000   50.661987  -49.911987 (VIOLATED)
_15374_/CLK                             0.750000   50.661980  -49.911980 (VIOLATED)
_15377_/CLK                             0.750000   50.662029  -49.912029 (VIOLATED)
_15376_/CLK                             0.750000   50.661968  -49.911968 (VIOLATED)
_15383_/CLK                             0.750000   50.662018  -49.912018 (VIOLATED)
_15407_/CLK                             0.750000   50.661995  -49.911995 (VIOLATED)
_15409_/CLK                             0.750000   50.662010  -49.912010 (VIOLATED)
_15415_/CLK                             0.750000   50.661991  -49.911991 (VIOLATED)
_15438_/CLK                             0.750000   50.661987  -49.911987 (VIOLATED)
_15439_/CLK                             0.750000   50.661999  -49.911999 (VIOLATED)
_15406_/CLK                             0.750000   50.661930  -49.911930 (VIOLATED)
_15440_/CLK                             0.750000   50.661968  -49.911968 (VIOLATED)
_15447_/CLK                             0.750000   50.662014  -49.912014 (VIOLATED)
_15479_/CLK                             0.750000   50.661945  -49.911945 (VIOLATED)
_15502_/CLK                             0.750000   50.661976  -49.911976 (VIOLATED)
_15575_/CLK                             0.750000   50.661995  -49.911995 (VIOLATED)
_15601_/CLK                             0.750000   50.662033  -49.912033 (VIOLATED)
_15504_/CLK                             0.750000   50.661942  -49.911942 (VIOLATED)
_15511_/CLK                             0.750000   50.661983  -49.911983 (VIOLATED)
_15534_/CLK                             0.750000   50.661949  -49.911953 (VIOLATED)
_15535_/CLK                             0.750000   50.661999  -49.911999 (VIOLATED)
_15536_/CLK                             0.750000   50.661964  -49.911964 (VIOLATED)
_15538_/CLK                             0.750000   50.662003  -49.912006 (VIOLATED)
_15543_/CLK                             0.750000   50.661980  -49.911980 (VIOLATED)
_15918_/CLK                             0.750000   50.661987  -49.911987 (VIOLATED)
_15921_/CLK                             0.750000   50.662010  -49.912010 (VIOLATED)
_15927_/CLK                             0.750000   50.662006  -49.912010 (VIOLATED)
_15953_/CLK                             0.750000   50.662010  -49.912010 (VIOLATED)
_15985_/CLK                             0.750000   50.662033  -49.912033 (VIOLATED)
_16017_/CLK                             0.750000   50.662079  -49.912079 (VIOLATED)
_15566_/CLK                             0.750000   50.661930  -49.911930 (VIOLATED)
_15598_/CLK                             0.750000   50.661945  -49.911945 (VIOLATED)
_15630_/CLK                             0.750000   50.661983  -49.911983 (VIOLATED)
_15633_/CLK                             0.750000   50.662033  -49.912033 (VIOLATED)
_15634_/CLK                             0.750000   50.661987  -49.911987 (VIOLATED)
_15639_/CLK                             0.750000   50.662018  -49.912018 (VIOLATED)
_15665_/CLK                             0.750000   50.662029  -49.912029 (VIOLATED)
_15694_/CLK                             0.750000   50.661980  -49.911980 (VIOLATED)
_15695_/CLK                             0.750000   50.661999  -49.912003 (VIOLATED)
_15607_/CLK                             0.750000   50.661926  -49.911926 (VIOLATED)
_15662_/CLK                             0.750000   50.661976  -49.911976 (VIOLATED)
_15671_/CLK                             0.750000   50.661972  -49.911972 (VIOLATED)
_15696_/CLK                             0.750000   50.661964  -49.911964 (VIOLATED)
_15758_/CLK                             0.750000   50.661983  -49.911983 (VIOLATED)
_15759_/CLK                             0.750000   50.662003  -49.912006 (VIOLATED)
_15761_/CLK                             0.750000   50.662033  -49.912033 (VIOLATED)
_15799_/CLK                             0.750000   50.661980  -49.911980 (VIOLATED)
_15698_/CLK                             0.750000   50.661922  -49.911922 (VIOLATED)
_15703_/CLK                             0.750000   50.661961  -49.911961 (VIOLATED)
_15726_/CLK                             0.750000   50.661968  -49.911968 (VIOLATED)
_15735_/CLK                             0.750000   50.662010  -49.912010 (VIOLATED)
_15767_/CLK                             0.750000   50.661972  -49.911972 (VIOLATED)
_15790_/CLK                             0.750000   50.661983  -49.911983 (VIOLATED)
_15793_/CLK                             0.750000   50.662025  -49.912025 (VIOLATED)
_15950_/CLK                             0.750000   50.661953  -49.911957 (VIOLATED)
_15951_/CLK                             0.750000   50.661999  -49.912003 (VIOLATED)
_15959_/CLK                             0.750000   50.661995  -49.911995 (VIOLATED)
_16023_/CLK                             0.750000   50.661999  -49.912003 (VIOLATED)
_16081_/CLK                             0.750000   50.662048  -49.912048 (VIOLATED)
_16111_/CLK                             0.750000   50.662067  -49.912067 (VIOLATED)
_16046_/CLK                             0.750000   50.661987  -49.911987 (VIOLATED)
_16049_/CLK                             0.750000   50.662010  -49.912010 (VIOLATED)
_16142_/CLK                             0.750000   50.661987  -49.911987 (VIOLATED)
_16143_/CLK                             0.750000   50.662003  -49.912006 (VIOLATED)
_16146_/CLK                             0.750000   50.662018  -49.912018 (VIOLATED)
_16151_/CLK                             0.750000   50.662003  -49.912006 (VIOLATED)
_16174_/CLK                             0.750000   50.661983  -49.911983 (VIOLATED)
_16177_/CLK                             0.750000   50.662006  -49.912010 (VIOLATED)
_16183_/CLK                             0.750000   50.661999  -49.912003 (VIOLATED)
_16206_/CLK                             0.750000   50.661987  -49.911987 (VIOLATED)
_16207_/CLK                             0.750000   50.661999  -49.911999 (VIOLATED)
_15952_/CLK                             0.750000   50.661930  -49.911930 (VIOLATED)
_15982_/CLK                             0.750000   50.661976  -49.911976 (VIOLATED)
_15984_/CLK                             0.750000   50.661938  -49.911938 (VIOLATED)
_15991_/CLK                             0.750000   50.661949  -49.911953 (VIOLATED)
_16014_/CLK                             0.750000   50.661980  -49.911980 (VIOLATED)
_16015_/CLK                             0.750000   50.661999  -49.911999 (VIOLATED)
_16055_/CLK                             0.750000   50.661942  -49.911942 (VIOLATED)
_16078_/CLK                             0.750000   50.661987  -49.911987 (VIOLATED)
_16079_/CLK                             0.750000   50.661999  -49.912003 (VIOLATED)
_16082_/CLK                             0.750000   50.661995  -49.911995 (VIOLATED)
_16087_/CLK                             0.750000   50.661999  -49.911999 (VIOLATED)
_16113_/CLK                             0.750000   50.662033  -49.912033 (VIOLATED)
_16110_/CLK                             0.750000   50.661934  -49.911934 (VIOLATED)
_16119_/CLK                             0.750000   50.661930  -49.911930 (VIOLATED)
_16208_/CLK                             0.750000   50.661968  -49.911968 (VIOLATED)
_16209_/CLK                             0.750000   50.662006  -49.912010 (VIOLATED)
_16215_/CLK                             0.750000   50.661987  -49.911987 (VIOLATED)
_16249_/CLK                             0.750000   50.661995  -49.911995 (VIOLATED)
_16240_/CLK                             0.750000   50.661930  -49.911930 (VIOLATED)
_15334_/CLK                             0.750000   50.661846  -49.911850 (VIOLATED)
_15446_/CLK                             0.750000   50.661858  -49.911858 (VIOLATED)
_15510_/CLK                             0.750000   50.661858  -49.911858 (VIOLATED)
_15666_/CLK                             0.750000   50.661907  -49.911907 (VIOLATED)
_15728_/CLK                             0.750000   50.661907  -49.911907 (VIOLATED)
_15822_/CLK                             0.750000   50.661945  -49.911949 (VIOLATED)
_15823_/CLK                             0.750000   50.661995  -49.911995 (VIOLATED)
_15826_/CLK                             0.750000   50.661930  -49.911930 (VIOLATED)
_15831_/CLK                             0.750000   50.661957  -49.911957 (VIOLATED)
_15854_/CLK                             0.750000   50.661972  -49.911972 (VIOLATED)
_15855_/CLK                             0.750000   50.662003  -49.912006 (VIOLATED)
_15857_/CLK                             0.750000   50.662006  -49.912010 (VIOLATED)
_15858_/CLK                             0.750000   50.661949  -49.911953 (VIOLATED)
_15863_/CLK                             0.750000   50.661999  -49.912003 (VIOLATED)
_15886_/CLK                             0.750000   50.661980  -49.911980 (VIOLATED)
_15888_/CLK                             0.750000   50.661964  -49.911964 (VIOLATED)
_15890_/CLK                             0.750000   50.662014  -49.912014 (VIOLATED)
_15895_/CLK                             0.750000   50.661983  -49.911983 (VIOLATED)
_15316_/CLK                             0.750000   50.661793  -49.911793 (VIOLATED)
_15366_/CLK                             0.750000   50.661797  -49.911800 (VIOLATED)
_15600_/CLK                             0.750000   50.661839  -49.911839 (VIOLATED)
_15606_/CLK                             0.750000   50.661854  -49.911854 (VIOLATED)
_15622_/CLK                             0.750000   50.661842  -49.911842 (VIOLATED)
_15670_/CLK                             0.750000   50.661858  -49.911858 (VIOLATED)
_15702_/CLK                             0.750000   50.661854  -49.911854 (VIOLATED)
_15792_/CLK                             0.750000   50.661892  -49.911892 (VIOLATED)
_15894_/CLK                             0.750000   50.661858  -49.911858 (VIOLATED)
_15920_/CLK                             0.750000   50.661839  -49.911839 (VIOLATED)
_15974_/CLK                             0.750000   50.661850  -49.911854 (VIOLATED)
_16016_/CLK                             0.750000   50.661896  -49.911896 (VIOLATED)
_16022_/CLK                             0.750000   50.661854  -49.911854 (VIOLATED)
_16038_/CLK                             0.750000   50.661842  -49.911846 (VIOLATED)
_16048_/CLK                             0.750000   50.661865  -49.911865 (VIOLATED)
_16080_/CLK                             0.750000   50.661873  -49.911873 (VIOLATED)
_16112_/CLK                             0.750000   50.661842  -49.911842 (VIOLATED)
_16150_/CLK                             0.750000   50.661850  -49.911854 (VIOLATED)
_15462_/CLK                             0.750000   50.661785  -49.911785 (VIOLATED)
_15568_/CLK                             0.750000   50.661835  -49.911835 (VIOLATED)
_15828_/CLK                             0.750000   50.661793  -49.911797 (VIOLATED)
_15878_/CLK                             0.750000   50.661797  -49.911800 (VIOLATED)
_16242_/CLK                             0.750000   50.661835  -49.911835 (VIOLATED)
_16246_/CLK                             0.750000   50.661793  -49.911793 (VIOLATED)
_14486_/CLK                             0.750000   50.661724  -49.911724 (VIOLATED)
_15336_/CLK                             0.750000   50.661728  -49.911728 (VIOLATED)
_15444_/CLK                             0.750000   50.661724  -49.911724 (VIOLATED)
_15560_/CLK                             0.750000   50.661739  -49.911739 (VIOLATED)
_15570_/CLK                             0.750000   50.661739  -49.911739 (VIOLATED)
_15572_/CLK                             0.750000   50.661781  -49.911781 (VIOLATED)
_15602_/CLK                             0.750000   50.661739  -49.911739 (VIOLATED)
_15988_/CLK                             0.750000   50.661732  -49.911732 (VIOLATED)
_16040_/CLK                             0.750000   50.661732  -49.911732 (VIOLATED)
_16114_/CLK                             0.750000   50.661739  -49.911739 (VIOLATED)
_16244_/CLK                             0.750000   50.661739  -49.911739 (VIOLATED)
_14484_/CLK                             0.750000   50.661667  -49.911667 (VIOLATED)
_15304_/CLK                             0.750000   50.661636  -49.911640 (VIOLATED)
_15312_/CLK                             0.750000   50.661636  -49.911640 (VIOLATED)
_15314_/CLK                             0.750000   50.661636  -49.911636 (VIOLATED)
_15344_/CLK                             0.750000   50.661640  -49.911644 (VIOLATED)
_15368_/CLK                             0.750000   50.661617  -49.911617 (VIOLATED)
_15378_/CLK                             0.750000   50.661659  -49.911659 (VIOLATED)
_15381_/CLK                             0.750000   50.661629  -49.911629 (VIOLATED)
_15408_/CLK                             0.750000   50.661629  -49.911629 (VIOLATED)
_15410_/CLK                             0.750000   50.661671  -49.911671 (VIOLATED)
_15432_/CLK                             0.750000   50.661636  -49.911636 (VIOLATED)
_15442_/CLK                             0.750000   50.661655  -49.911655 (VIOLATED)
_15472_/CLK                             0.750000   50.661636  -49.911636 (VIOLATED)
_15474_/CLK                             0.750000   50.661659  -49.911659 (VIOLATED)
_15506_/CLK                             0.750000   50.661667  -49.911667 (VIOLATED)
_15592_/CLK                             0.750000   50.661671  -49.911671 (VIOLATED)
_15730_/CLK                             0.750000   50.661678  -49.911678 (VIOLATED)
_15541_/CLK                             0.750000   50.661598  -49.911598 (VIOLATED)
_15752_/CLK                             0.750000   50.661640  -49.911644 (VIOLATED)
_15760_/CLK                             0.750000   50.661640  -49.911644 (VIOLATED)
_15762_/CLK                             0.750000   50.661678  -49.911678 (VIOLATED)
_15912_/CLK                             0.750000   50.661629  -49.911629 (VIOLATED)
_15922_/CLK                             0.750000   50.661674  -49.911674 (VIOLATED)
_15986_/CLK                             0.750000   50.661678  -49.911678 (VIOLATED)
_15925_/CLK                             0.750000   50.661625  -49.911625 (VIOLATED)
_15954_/CLK                             0.750000   50.661655  -49.911655 (VIOLATED)
_15957_/CLK                             0.750000   50.661629  -49.911629 (VIOLATED)
_16018_/CLK                             0.750000   50.661659  -49.911659 (VIOLATED)
_16050_/CLK                             0.750000   50.661667  -49.911667 (VIOLATED)
_16072_/CLK                             0.750000   50.661636  -49.911636 (VIOLATED)
_16084_/CLK                             0.750000   50.661682  -49.911682 (VIOLATED)
_16085_/CLK                             0.750000   50.661629  -49.911629 (VIOLATED)
_16136_/CLK                             0.750000   50.661636  -49.911636 (VIOLATED)
_16144_/CLK                             0.750000   50.661640  -49.911644 (VIOLATED)
_16168_/CLK                             0.750000   50.661636  -49.911640 (VIOLATED)
_16176_/CLK                             0.750000   50.661636  -49.911640 (VIOLATED)
_16178_/CLK                             0.750000   50.661636  -49.911636 (VIOLATED)
_16181_/CLK                             0.750000   50.661629  -49.911629 (VIOLATED)
_16200_/CLK                             0.750000   50.661636  -49.911636 (VIOLATED)
_16210_/CLK                             0.750000   50.661674  -49.911674 (VIOLATED)
_16234_/CLK                             0.750000   50.661633  -49.911633 (VIOLATED)
_14474_/CLK                             0.750000   50.661537  -49.911541 (VIOLATED)
_15464_/CLK                             0.750000   50.661541  -49.911545 (VIOLATED)
_15573_/CLK                             0.750000   50.661591  -49.911594 (VIOLATED)
_15624_/CLK                             0.750000   50.661594  -49.911594 (VIOLATED)
_15632_/CLK                             0.750000   50.661636  -49.911640 (VIOLATED)
_15664_/CLK                             0.750000   50.661633  -49.911633 (VIOLATED)
_15669_/CLK                             0.750000   50.661621  -49.911621 (VIOLATED)
_16247_/CLK                             0.750000   50.661591  -49.911594 (VIOLATED)
_15496_/CLK                             0.750000   50.661537  -49.911541 (VIOLATED)
_15508_/CLK                             0.750000   50.661564  -49.911564 (VIOLATED)
_15604_/CLK                             0.750000   50.661541  -49.911545 (VIOLATED)
_15668_/CLK                             0.750000   50.661537  -49.911541 (VIOLATED)
_15688_/CLK                             0.750000   50.661587  -49.911591 (VIOLATED)
_15701_/CLK                             0.750000   50.661610  -49.911610 (VIOLATED)
_15733_/CLK                             0.750000   50.661621  -49.911621 (VIOLATED)
_15784_/CLK                             0.750000   50.661636  -49.911636 (VIOLATED)
_15794_/CLK                             0.750000   50.661674  -49.911674 (VIOLATED)
_15824_/CLK                             0.750000   50.661636  -49.911636 (VIOLATED)
_15829_/CLK                             0.750000   50.661625  -49.911625 (VIOLATED)
_15856_/CLK                             0.750000   50.661636  -49.911640 (VIOLATED)
_15861_/CLK                             0.750000   50.661629  -49.911629 (VIOLATED)
_15976_/CLK                             0.750000   50.661530  -49.911530 (VIOLATED)
_16104_/CLK                             0.750000   50.661530  -49.911530 (VIOLATED)
_15400_/CLK                             0.750000   50.661476  -49.911476 (VIOLATED)
_15412_/CLK                             0.750000   50.661510  -49.911510 (VIOLATED)
_16148_/CLK                             0.750000   50.661522  -49.911522 (VIOLATED)
_15468_/CLK                             0.750000   50.661465  -49.911465 (VIOLATED)
_15528_/CLK                             0.750000   50.661472  -49.911472 (VIOLATED)
_15532_/CLK                             0.750000   50.661480  -49.911480 (VIOLATED)
_15628_/CLK                             0.750000   50.661480  -49.911480 (VIOLATED)
_15656_/CLK                             0.750000   50.661472  -49.911472 (VIOLATED)
_15720_/CLK                             0.750000   50.661514  -49.911514 (VIOLATED)
_15732_/CLK                             0.750000   50.661507  -49.911507 (VIOLATED)
_15796_/CLK                             0.750000   50.661541  -49.911545 (VIOLATED)
_15788_/CLK                             0.750000   50.661480  -49.911480 (VIOLATED)
_15816_/CLK                             0.750000   50.661476  -49.911476 (VIOLATED)
_15848_/CLK                             0.750000   50.661514  -49.911514 (VIOLATED)
_15880_/CLK                             0.750000   50.661514  -49.911514 (VIOLATED)
_15948_/CLK                             0.750000   50.661465  -49.911465 (VIOLATED)
_16008_/CLK                             0.750000   50.661476  -49.911476 (VIOLATED)
_14472_/CLK                             0.750000   50.661400  -49.911400 (VIOLATED)
_15302_/CLK                             0.750000   50.661404  -49.911404 (VIOLATED)
_15326_/CLK                             0.750000   50.661377  -49.911377 (VIOLATED)
_15398_/CLK                             0.750000   50.661404  -49.911404 (VIOLATED)
_15430_/CLK                             0.750000   50.661404  -49.911404 (VIOLATED)
_15494_/CLK                             0.750000   50.661396  -49.911396 (VIOLATED)
_15526_/CLK                             0.750000   50.661404  -49.911404 (VIOLATED)
_15558_/CLK                             0.750000   50.661400  -49.911400 (VIOLATED)
_15590_/CLK                             0.750000   50.661396  -49.911396 (VIOLATED)
_15654_/CLK                             0.750000   50.661396  -49.911396 (VIOLATED)
_15686_/CLK                             0.750000   50.661400  -49.911400 (VIOLATED)
_15718_/CLK                             0.750000   50.661404  -49.911404 (VIOLATED)
_15750_/CLK                             0.750000   50.661407  -49.911407 (VIOLATED)
_15782_/CLK                             0.750000   50.661407  -49.911407 (VIOLATED)
_15910_/CLK                             0.750000   50.661404  -49.911404 (VIOLATED)
_15404_/CLK                             0.750000   50.661339  -49.911339 (VIOLATED)
_15436_/CLK                             0.750000   50.661343  -49.911343 (VIOLATED)
_15742_/CLK                             0.750000   50.661343  -49.911343 (VIOLATED)
_15806_/CLK                             0.750000   50.661373  -49.911373 (VIOLATED)
_15814_/CLK                             0.750000   50.661404  -49.911404 (VIOLATED)
_15846_/CLK                             0.750000   50.661404  -49.911404 (VIOLATED)
_15916_/CLK                             0.750000   50.661362  -49.911362 (VIOLATED)
_15942_/CLK                             0.750000   50.661400  -49.911400 (VIOLATED)
_15944_/CLK                             0.750000   50.661434  -49.911438 (VIOLATED)
_15966_/CLK                             0.750000   50.661377  -49.911381 (VIOLATED)
_16006_/CLK                             0.750000   50.661392  -49.911392 (VIOLATED)
_16070_/CLK                             0.750000   50.661388  -49.911388 (VIOLATED)
_16102_/CLK                             0.750000   50.661392  -49.911392 (VIOLATED)
_16134_/CLK                             0.750000   50.661407  -49.911407 (VIOLATED)
_16166_/CLK                             0.750000   50.661388  -49.911388 (VIOLATED)
_16190_/CLK                             0.750000   50.661366  -49.911366 (VIOLATED)
_16198_/CLK                             0.750000   50.661407  -49.911407 (VIOLATED)
_16232_/CLK                             0.750000   50.661396  -49.911396 (VIOLATED)
_15486_/CLK                             0.750000   50.661285  -49.911285 (VIOLATED)
_14478_/CLK                             0.750000   50.661209  -49.911209 (VIOLATED)
_15380_/CLK                             0.750000   50.661221  -49.911221 (VIOLATED)
_15540_/CLK                             0.750000   50.661221  -49.911224 (VIOLATED)
_16108_/CLK                             0.750000   50.661263  -49.911263 (VIOLATED)
_15564_/CLK                             0.750000   50.661190  -49.911190 (VIOLATED)
_15596_/CLK                             0.750000   50.661217  -49.911217 (VIOLATED)
_15614_/CLK                             0.750000   50.661175  -49.911179 (VIOLATED)
_15724_/CLK                             0.750000   50.661213  -49.911213 (VIOLATED)
_15756_/CLK                             0.750000   50.661217  -49.911217 (VIOLATED)
_15860_/CLK                             0.750000   50.661221  -49.911221 (VIOLATED)
_15980_/CLK                             0.750000   50.661201  -49.911201 (VIOLATED)
_16212_/CLK                             0.750000   50.661221  -49.911221 (VIOLATED)
_16224_/CLK                             0.750000   50.661224  -49.911228 (VIOLATED)
_15998_/CLK                             0.750000   50.661167  -49.911167 (VIOLATED)
_16012_/CLK                             0.750000   50.661194  -49.911194 (VIOLATED)
_16076_/CLK                             0.750000   50.661205  -49.911205 (VIOLATED)
_16116_/CLK                             0.750000   50.661221  -49.911224 (VIOLATED)
_16126_/CLK                             0.750000   50.661221  -49.911221 (VIOLATED)
_16238_/CLK                             0.750000   50.661198  -49.911198 (VIOLATED)
_15303_/CLK                             0.750000   50.661076  -49.911079 (VIOLATED)
_15335_/CLK                             0.750000   50.661068  -49.911068 (VIOLATED)
_15559_/CLK                             0.750000   50.661083  -49.911083 (VIOLATED)
_15847_/CLK                             0.750000   50.661076  -49.911079 (VIOLATED)
_15911_/CLK                             0.750000   50.661076  -49.911079 (VIOLATED)
_16167_/CLK                             0.750000   50.661095  -49.911095 (VIOLATED)
_16199_/CLK                             0.750000   50.661076  -49.911079 (VIOLATED)
_16233_/CLK                             0.750000   50.661064  -49.911064 (VIOLATED)
_14473_/CLK                             0.750000   50.660973  -49.910976 (VIOLATED)
_15495_/CLK                             0.750000   50.660992  -49.910992 (VIOLATED)
_15623_/CLK                             0.750000   50.660992  -49.910992 (VIOLATED)
_15879_/CLK                             0.750000   50.660973  -49.910976 (VIOLATED)
_15815_/CLK                             0.750000   50.660889  -49.910889 (VIOLATED)
_16007_/CLK                             0.750000   50.660908  -49.910908 (VIOLATED)
_16039_/CLK                             0.750000   50.660858  -49.910862 (VIOLATED)
_15975_/CLK                             0.750000   50.660789  -49.910789 (VIOLATED)
_15348_/CLK                             0.750000   50.660702  -49.910702 (VIOLATED)
_15476_/CLK                             0.750000   50.660702  -49.910702 (VIOLATED)
_15308_/CLK                             0.750000   50.660629  -49.910629 (VIOLATED)
_15340_/CLK                             0.750000   50.660667  -49.910667 (VIOLATED)
_15367_/CLK                             0.750000   50.660648  -49.910648 (VIOLATED)
_15372_/CLK                             0.750000   50.660648  -49.910648 (VIOLATED)
_15527_/CLK                             0.750000   50.660652  -49.910652 (VIOLATED)
_15636_/CLK                             0.750000   50.660694  -49.910694 (VIOLATED)
_15660_/CLK                             0.750000   50.660664  -49.910664 (VIOLATED)
_15687_/CLK                             0.750000   50.660652  -49.910652 (VIOLATED)
_15692_/CLK                             0.750000   50.660679  -49.910679 (VIOLATED)
_15700_/CLK                             0.750000   50.660702  -49.910702 (VIOLATED)
_15764_/CLK                             0.750000   50.660686  -49.910686 (VIOLATED)
_15820_/CLK                             0.750000   50.660679  -49.910679 (VIOLATED)
_15852_/CLK                             0.750000   50.660671  -49.910671 (VIOLATED)
_15892_/CLK                             0.750000   50.660702  -49.910702 (VIOLATED)
_15924_/CLK                             0.750000   50.660686  -49.910686 (VIOLATED)
_15956_/CLK                             0.750000   50.660698  -49.910698 (VIOLATED)
_16020_/CLK                             0.750000   50.660702  -49.910702 (VIOLATED)
_16044_/CLK                             0.750000   50.660656  -49.910660 (VIOLATED)
_16052_/CLK                             0.750000   50.660698  -49.910698 (VIOLATED)
_16071_/CLK                             0.750000   50.660652  -49.910652 (VIOLATED)
_16172_/CLK                             0.750000   50.660679  -49.910679 (VIOLATED)
_16180_/CLK                             0.750000   50.660694  -49.910694 (VIOLATED)
_15399_/CLK                             0.750000   50.660583  -49.910583 (VIOLATED)
_15431_/CLK                             0.750000   50.660545  -49.910545 (VIOLATED)
_15463_/CLK                             0.750000   50.660595  -49.910595 (VIOLATED)
_15500_/CLK                             0.750000   50.660629  -49.910629 (VIOLATED)
_15591_/CLK                             0.750000   50.660583  -49.910583 (VIOLATED)
_15655_/CLK                             0.750000   50.660568  -49.910568 (VIOLATED)
_15751_/CLK                             0.750000   50.660610  -49.910614 (VIOLATED)
_15884_/CLK                             0.750000   50.660648  -49.910648 (VIOLATED)
_15719_/CLK                             0.750000   50.660545  -49.910545 (VIOLATED)
_15783_/CLK                             0.750000   50.660576  -49.910576 (VIOLATED)
_15943_/CLK                             0.750000   50.660576  -49.910576 (VIOLATED)
_16103_/CLK                             0.750000   50.660606  -49.910610 (VIOLATED)
_16135_/CLK                             0.750000   50.660603  -49.910603 (VIOLATED)
_16140_/CLK                             0.750000   50.660648  -49.910648 (VIOLATED)
_16204_/CLK                             0.750000   50.660629  -49.910629 (VIOLATED)
_14475_/CLK                             0.750000   50.660351  -49.910355 (VIOLATED)
_14488_/CLK                             0.750000   50.660378  -49.910378 (VIOLATED)
_15318_/CLK                             0.750000   50.660381  -49.910381 (VIOLATED)
_15337_/CLK                             0.750000   50.660374  -49.910374 (VIOLATED)
_15350_/CLK                             0.750000   50.660381  -49.910381 (VIOLATED)
_15414_/CLK                             0.750000   50.660385  -49.910385 (VIOLATED)
_15478_/CLK                             0.750000   50.660343  -49.910347 (VIOLATED)
_15542_/CLK                             0.750000   50.660378  -49.910378 (VIOLATED)
_15574_/CLK                             0.750000   50.660343  -49.910347 (VIOLATED)
_15638_/CLK                             0.750000   50.660378  -49.910378 (VIOLATED)
_15689_/CLK                             0.750000   50.660343  -49.910343 (VIOLATED)
_15926_/CLK                             0.750000   50.660385  -49.910385 (VIOLATED)
_15958_/CLK                             0.750000   50.660385  -49.910385 (VIOLATED)
_15721_/CLK                             0.750000   50.660332  -49.910332 (VIOLATED)
_15734_/CLK                             0.750000   50.660378  -49.910378 (VIOLATED)
_15753_/CLK                             0.750000   50.660343  -49.910343 (VIOLATED)
_15766_/CLK                             0.750000   50.660378  -49.910378 (VIOLATED)
_15785_/CLK                             0.750000   50.660370  -49.910370 (VIOLATED)
_15798_/CLK                             0.750000   50.660381  -49.910381 (VIOLATED)
_15817_/CLK                             0.750000   50.660358  -49.910358 (VIOLATED)
_15830_/CLK                             0.750000   50.660343  -49.910347 (VIOLATED)
_15862_/CLK                             0.750000   50.660381  -49.910381 (VIOLATED)
_15881_/CLK                             0.750000   50.660366  -49.910366 (VIOLATED)
_15990_/CLK                             0.750000   50.660381  -49.910381 (VIOLATED)
_16009_/CLK                             0.750000   50.660366  -49.910366 (VIOLATED)
_16041_/CLK                             0.750000   50.660374  -49.910374 (VIOLATED)
_16054_/CLK                             0.750000   50.660385  -49.910385 (VIOLATED)
_16086_/CLK                             0.750000   50.660381  -49.910381 (VIOLATED)
_16182_/CLK                             0.750000   50.660385  -49.910385 (VIOLATED)
_16201_/CLK                             0.750000   50.660374  -49.910374 (VIOLATED)
_16214_/CLK                             0.750000   50.660385  -49.910385 (VIOLATED)
_15305_/CLK                             0.750000   50.660255  -49.910255 (VIOLATED)
_15369_/CLK                             0.750000   50.660294  -49.910297 (VIOLATED)
_15382_/CLK                             0.750000   50.660343  -49.910347 (VIOLATED)
_15401_/CLK                             0.750000   50.660343  -49.910347 (VIOLATED)
_15465_/CLK                             0.750000   50.660244  -49.910248 (VIOLATED)
_15593_/CLK                             0.750000   50.660294  -49.910297 (VIOLATED)
_15469_/CLK                             0.750000   50.660236  -49.910236 (VIOLATED)
_15497_/CLK                             0.750000   50.660252  -49.910252 (VIOLATED)
_15501_/CLK                             0.750000   50.660240  -49.910244 (VIOLATED)
_15529_/CLK                             0.750000   50.660252  -49.910252 (VIOLATED)
_15561_/CLK                             0.750000   50.660297  -49.910301 (VIOLATED)
_15533_/CLK                             0.750000   50.660229  -49.910229 (VIOLATED)
_15548_/CLK                             0.750000   50.660240  -49.910244 (VIOLATED)
_15625_/CLK                             0.750000   50.660252  -49.910252 (VIOLATED)
_15657_/CLK                             0.750000   50.660294  -49.910297 (VIOLATED)
_15913_/CLK                             0.750000   50.660255  -49.910255 (VIOLATED)
_16073_/CLK                             0.750000   50.660294  -49.910297 (VIOLATED)
_16118_/CLK                             0.750000   50.660343  -49.910347 (VIOLATED)
_16235_/CLK                             0.750000   50.660305  -49.910305 (VIOLATED)
_16248_/CLK                             0.750000   50.660343  -49.910347 (VIOLATED)
_14462_/CLK                             0.750000   50.660172  -49.910172 (VIOLATED)
_15324_/CLK                             0.750000   50.660206  -49.910206 (VIOLATED)
_15356_/CLK                             0.750000   50.660217  -49.910217 (VIOLATED)
_15388_/CLK                             0.750000   50.660263  -49.910263 (VIOLATED)
_15420_/CLK                             0.750000   50.660225  -49.910225 (VIOLATED)
_15433_/CLK                             0.750000   50.660244  -49.910248 (VIOLATED)
_15452_/CLK                             0.750000   50.660259  -49.910259 (VIOLATED)
_15580_/CLK                             0.750000   50.660187  -49.910191 (VIOLATED)
_15597_/CLK                             0.750000   50.660229  -49.910229 (VIOLATED)
_15644_/CLK                             0.750000   50.660206  -49.910206 (VIOLATED)
_15693_/CLK                             0.750000   50.660236  -49.910236 (VIOLATED)
_15708_/CLK                             0.750000   50.660206  -49.910206 (VIOLATED)
_15804_/CLK                             0.750000   50.660213  -49.910213 (VIOLATED)
_15811_/CLK                             0.750000   50.660206  -49.910206 (VIOLATED)
_15836_/CLK                             0.750000   50.660206  -49.910206 (VIOLATED)
_15849_/CLK                             0.750000   50.660255  -49.910255 (VIOLATED)
_15964_/CLK                             0.750000   50.660229  -49.910229 (VIOLATED)
_16092_/CLK                             0.750000   50.660255  -49.910255 (VIOLATED)
_16105_/CLK                             0.750000   50.660290  -49.910294 (VIOLATED)
_16137_/CLK                             0.750000   50.660248  -49.910252 (VIOLATED)
_16141_/CLK                             0.750000   50.660240  -49.910244 (VIOLATED)
_14464_/CLK                             0.750000   50.660130  -49.910130 (VIOLATED)
_15294_/CLK                             0.750000   50.660126  -49.910126 (VIOLATED)
_15363_/CLK                             0.750000   50.660133  -49.910133 (VIOLATED)
_15454_/CLK                             0.750000   50.660126  -49.910126 (VIOLATED)
_15582_/CLK                             0.750000   50.660126  -49.910126 (VIOLATED)
_15612_/CLK                             0.750000   50.660172  -49.910172 (VIOLATED)
_15646_/CLK                             0.750000   50.660133  -49.910133 (VIOLATED)
_15676_/CLK                             0.750000   50.660172  -49.910172 (VIOLATED)
_15710_/CLK                             0.750000   50.660130  -49.910130 (VIOLATED)
_15740_/CLK                             0.750000   50.660179  -49.910179 (VIOLATED)
_15747_/CLK                             0.750000   50.660221  -49.910221 (VIOLATED)
_15757_/CLK                             0.750000   50.660225  -49.910225 (VIOLATED)
_15772_/CLK                             0.750000   50.660217  -49.910217 (VIOLATED)
_15902_/CLK                             0.750000   50.660126  -49.910126 (VIOLATED)
_15932_/CLK                             0.750000   50.660168  -49.910168 (VIOLATED)
_15939_/CLK                             0.750000   50.660206  -49.910206 (VIOLATED)
_15945_/CLK                             0.750000   50.660252  -49.910252 (VIOLATED)
_15971_/CLK                             0.750000   50.660206  -49.910206 (VIOLATED)
_15977_/CLK                             0.750000   50.660252  -49.910252 (VIOLATED)
_15981_/CLK                             0.750000   50.660240  -49.910244 (VIOLATED)
_16028_/CLK                             0.750000   50.660187  -49.910191 (VIOLATED)
_16035_/CLK                             0.750000   50.660206  -49.910206 (VIOLATED)
_16060_/CLK                             0.750000   50.660225  -49.910225 (VIOLATED)
_16156_/CLK                             0.750000   50.660202  -49.910202 (VIOLATED)
_16169_/CLK                             0.750000   50.660252  -49.910252 (VIOLATED)
_16188_/CLK                             0.750000   50.660202  -49.910202 (VIOLATED)
_16222_/CLK                             0.750000   50.660240  -49.910244 (VIOLATED)
_15678_/CLK                             0.750000   50.660049  -49.910049 (VIOLATED)
_15934_/CLK                             0.750000   50.660072  -49.910072 (VIOLATED)
_16030_/CLK                             0.750000   50.660114  -49.910114 (VIOLATED)
_16094_/CLK                             0.750000   50.660122  -49.910122 (VIOLATED)
_14470_/CLK                             0.750000   50.659985  -49.909988 (VIOLATED)
_15422_/CLK                             0.750000   50.660030  -49.910030 (VIOLATED)
_15364_/CLK                             0.750000   50.659969  -49.909969 (VIOLATED)
_15483_/CLK                             0.750000   50.659988  -49.909992 (VIOLATED)
_15652_/CLK                             0.750000   50.659985  -49.909988 (VIOLATED)
_15739_/CLK                             0.750000   50.659988  -49.909992 (VIOLATED)
_15780_/CLK                             0.750000   50.659985  -49.909988 (VIOLATED)
_15844_/CLK                             0.750000   50.659962  -49.909962 (VIOLATED)
_15867_/CLK                             0.750000   50.659985  -49.909988 (VIOLATED)
_15876_/CLK                             0.750000   50.659985  -49.909988 (VIOLATED)
_15931_/CLK                             0.750000   50.659988  -49.909992 (VIOLATED)
_16003_/CLK                             0.750000   50.660038  -49.910042 (VIOLATED)
_16036_/CLK                             0.750000   50.659985  -49.909988 (VIOLATED)
_16059_/CLK                             0.750000   50.659988  -49.909992 (VIOLATED)
_16123_/CLK                             0.750000   50.659988  -49.909992 (VIOLATED)
_15331_/CLK                             0.750000   50.659855  -49.909855 (VIOLATED)
_15358_/CLK                             0.750000   50.659870  -49.909870 (VIOLATED)
_15390_/CLK                             0.750000   50.659870  -49.909870 (VIOLATED)
_15518_/CLK                             0.750000   50.659870  -49.909870 (VIOLATED)
_16164_/CLK                             0.750000   50.659920  -49.909920 (VIOLATED)
_15523_/CLK                             0.750000   50.659840  -49.909840 (VIOLATED)
_15550_/CLK                             0.750000   50.659874  -49.909874 (VIOLATED)
_15683_/CLK                             0.750000   50.659855  -49.909855 (VIOLATED)
_15774_/CLK                             0.750000   50.659870  -49.909870 (VIOLATED)
_15838_/CLK                             0.750000   50.659866  -49.909866 (VIOLATED)
_15843_/CLK                             0.750000   50.659828  -49.909832 (VIOLATED)
_15870_/CLK                             0.750000   50.659863  -49.909863 (VIOLATED)
_16062_/CLK                             0.750000   50.659866  -49.909866 (VIOLATED)
_16067_/CLK                             0.750000   50.659855  -49.909855 (VIOLATED)
_16158_/CLK                             0.750000   50.659866  -49.909866 (VIOLATED)
_16163_/CLK                             0.750000   50.659851  -49.909851 (VIOLATED)
_14469_/CLK                             0.750000   50.659733  -49.909733 (VIOLATED)
_15299_/CLK                             0.750000   50.659782  -49.909786 (VIOLATED)
_15427_/CLK                             0.750000   50.659725  -49.909729 (VIOLATED)
_15715_/CLK                             0.750000   50.659771  -49.909771 (VIOLATED)
_16131_/CLK                             0.750000   50.659775  -49.909779 (VIOLATED)
_15459_/CLK                             0.750000   50.659668  -49.909668 (VIOLATED)
_15491_/CLK                             0.750000   50.659660  -49.909660 (VIOLATED)
_15779_/CLK                             0.750000   50.659660  -49.909660 (VIOLATED)
_15395_/CLK                             0.750000   50.659573  -49.909576 (VIOLATED)
_15419_/CLK                             0.750000   50.659393  -49.909393 (VIOLATED)
_15515_/CLK                             0.750000   50.659393  -49.909393 (VIOLATED)
_15675_/CLK                             0.750000   50.659393  -49.909393 (VIOLATED)
_15707_/CLK                             0.750000   50.659393  -49.909393 (VIOLATED)
_15835_/CLK                             0.750000   50.659393  -49.909393 (VIOLATED)
_15834_/CLK                             0.750000   50.659267  -49.909267 (VIOLATED)
_16058_/CLK                             0.750000   50.659233  -49.909233 (VIOLATED)
_15642_/CLK                             0.750000   50.659088  -49.909088 (VIOLATED)
_16122_/CLK                             0.750000   50.658943  -49.908943 (VIOLATED)
_15290_/CLK                             0.750000   50.658623  -49.908623 (VIOLATED)
_14487_/CLK                             0.750000   50.658501  -49.908501 (VIOLATED)
_14490_/CLK                             0.750000   50.658493  -49.908493 (VIOLATED)
_15413_/CLK                             0.750000   50.658501  -49.908501 (VIOLATED)
_15448_/CLK                             0.750000   50.658497  -49.908497 (VIOLATED)
_15307_/CLK                             0.750000   50.658436  -49.908440 (VIOLATED)
_15321_/CLK                             0.750000   50.658451  -49.908451 (VIOLATED)
_15339_/CLK                             0.750000   50.658413  -49.908413 (VIOLATED)
_15449_/CLK                             0.750000   50.658459  -49.908459 (VIOLATED)
_15481_/CLK                             0.750000   50.658459  -49.908459 (VIOLATED)
_15576_/CLK                             0.750000   50.658497  -49.908497 (VIOLATED)
_15577_/CLK                             0.750000   50.658474  -49.908474 (VIOLATED)
_15605_/CLK                             0.750000   50.658501  -49.908501 (VIOLATED)
_15608_/CLK                             0.750000   50.658489  -49.908493 (VIOLATED)
_15609_/CLK                             0.750000   50.658474  -49.908474 (VIOLATED)
_15736_/CLK                             0.750000   50.658501  -49.908501 (VIOLATED)
_15673_/CLK                             0.750000   50.658447  -49.908447 (VIOLATED)
_15737_/CLK                             0.750000   50.658459  -49.908459 (VIOLATED)
_15769_/CLK                             0.750000   50.658482  -49.908482 (VIOLATED)
_15832_/CLK                             0.750000   50.658501  -49.908501 (VIOLATED)
_15928_/CLK                             0.750000   50.658489  -49.908493 (VIOLATED)
_15929_/CLK                             0.750000   50.658474  -49.908474 (VIOLATED)
_15961_/CLK                             0.750000   50.658459  -49.908459 (VIOLATED)
_15989_/CLK                             0.750000   50.658501  -49.908501 (VIOLATED)
_15992_/CLK                             0.750000   50.658489  -49.908493 (VIOLATED)
_16025_/CLK                             0.750000   50.658482  -49.908485 (VIOLATED)
_16117_/CLK                             0.750000   50.658501  -49.908501 (VIOLATED)
_16089_/CLK                             0.750000   50.658447  -49.908447 (VIOLATED)
_16120_/CLK                             0.750000   50.658497  -49.908497 (VIOLATED)
_16121_/CLK                             0.750000   50.658474  -49.908474 (VIOLATED)
_16216_/CLK                             0.750000   50.658493  -49.908493 (VIOLATED)
_16250_/CLK                             0.750000   50.658493  -49.908493 (VIOLATED)
_15306_/CLK                             0.750000   50.658344  -49.908344 (VIOLATED)
_15338_/CLK                             0.750000   50.658348  -49.908348 (VIOLATED)
_15371_/CLK                             0.750000   50.658390  -49.908390 (VIOLATED)
_15434_/CLK                             0.750000   50.658344  -49.908344 (VIOLATED)
_15435_/CLK                             0.750000   50.658386  -49.908390 (VIOLATED)
_15467_/CLK                             0.750000   50.658390  -49.908390 (VIOLATED)
_15499_/CLK                             0.750000   50.658436  -49.908440 (VIOLATED)
_15531_/CLK                             0.750000   50.658390  -49.908390 (VIOLATED)
_15691_/CLK                             0.750000   50.658382  -49.908386 (VIOLATED)
_15723_/CLK                             0.750000   50.658390  -49.908390 (VIOLATED)
_15754_/CLK                             0.750000   50.658340  -49.908340 (VIOLATED)
_15787_/CLK                             0.750000   50.658382  -49.908386 (VIOLATED)
_15819_/CLK                             0.750000   50.658382  -49.908386 (VIOLATED)
_15851_/CLK                             0.750000   50.658382  -49.908386 (VIOLATED)
_15883_/CLK                             0.750000   50.658382  -49.908386 (VIOLATED)
_15947_/CLK                             0.750000   50.658386  -49.908390 (VIOLATED)
_15979_/CLK                             0.750000   50.658409  -49.908409 (VIOLATED)
_16011_/CLK                             0.750000   50.658436  -49.908440 (VIOLATED)
_16139_/CLK                             0.750000   50.658421  -49.908421 (VIOLATED)
_16171_/CLK                             0.750000   50.658436  -49.908440 (VIOLATED)
_16185_/CLK                             0.750000   50.658451  -49.908451 (VIOLATED)
_16251_/CLK                             0.750000   50.658466  -49.908466 (VIOLATED)
_16010_/CLK                             0.750000   50.658352  -49.908352 (VIOLATED)
_16074_/CLK                             0.750000   50.658344  -49.908344 (VIOLATED)
_16075_/CLK                             0.750000   50.658386  -49.908390 (VIOLATED)
_16203_/CLK                             0.750000   50.658386  -49.908390 (VIOLATED)
_15482_/CLK                             0.750000   50.658260  -49.908260 (VIOLATED)
_15490_/CLK                             0.750000   50.658272  -49.908276 (VIOLATED)
_15498_/CLK                             0.750000   50.658264  -49.908264 (VIOLATED)
_15514_/CLK                             0.750000   50.658272  -49.908272 (VIOLATED)
_15530_/CLK                             0.750000   50.658268  -49.908268 (VIOLATED)
_15555_/CLK                             0.750000   50.658283  -49.908283 (VIOLATED)
_15587_/CLK                             0.750000   50.658283  -49.908283 (VIOLATED)
_15618_/CLK                             0.750000   50.658272  -49.908276 (VIOLATED)
_15619_/CLK                             0.750000   50.658279  -49.908283 (VIOLATED)
_15690_/CLK                             0.750000   50.658260  -49.908260 (VIOLATED)
_15706_/CLK                             0.750000   50.658272  -49.908272 (VIOLATED)
_15722_/CLK                             0.750000   50.658264  -49.908264 (VIOLATED)
_15738_/CLK                             0.750000   50.658268  -49.908268 (VIOLATED)
_15770_/CLK                             0.750000   50.658272  -49.908272 (VIOLATED)
_15786_/CLK                             0.750000   50.658310  -49.908310 (VIOLATED)
_15850_/CLK                             0.750000   50.658268  -49.908268 (VIOLATED)
_15866_/CLK                             0.750000   50.658272  -49.908276 (VIOLATED)
_15874_/CLK                             0.750000   50.658276  -49.908279 (VIOLATED)
_15875_/CLK                             0.750000   50.658279  -49.908283 (VIOLATED)
_15907_/CLK                             0.750000   50.658283  -49.908283 (VIOLATED)
_15914_/CLK                             0.750000   50.658302  -49.908302 (VIOLATED)
_15930_/CLK                             0.750000   50.658272  -49.908276 (VIOLATED)
_15946_/CLK                             0.750000   50.658264  -49.908264 (VIOLATED)
_15994_/CLK                             0.750000   50.658272  -49.908276 (VIOLATED)
_16034_/CLK                             0.750000   50.658276  -49.908279 (VIOLATED)
_16066_/CLK                             0.750000   50.658276  -49.908279 (VIOLATED)
_16099_/CLK                             0.750000   50.658283  -49.908283 (VIOLATED)
_16138_/CLK                             0.750000   50.658268  -49.908268 (VIOLATED)
_16202_/CLK                             0.750000   50.658268  -49.908268 (VIOLATED)
_16229_/CLK                             0.750000   50.658283  -49.908283 (VIOLATED)
_14477_/CLK                             0.750000   50.658195  -49.908195 (VIOLATED)
_14476_/CLK                             0.750000   50.658138  -49.908138 (VIOLATED)
_14829_/CLK                             0.750000   50.658169  -49.908169 (VIOLATED)
_15291_/CLK                             0.750000   50.658215  -49.908215 (VIOLATED)
_15322_/CLK                             0.750000   50.658260  -49.908260 (VIOLATED)
_15323_/CLK                             0.750000   50.658215  -49.908215 (VIOLATED)
_15354_/CLK                             0.750000   50.658260  -49.908260 (VIOLATED)
_15370_/CLK                             0.750000   50.658268  -49.908268 (VIOLATED)
_15402_/CLK                             0.750000   50.658268  -49.908268 (VIOLATED)
_15418_/CLK                             0.750000   50.658260  -49.908260 (VIOLATED)
_14830_/CLK                             0.750000   50.658154  -49.908154 (VIOLATED)
_14831_/CLK                             0.750000   50.658169  -49.908173 (VIOLATED)
_14832_/CLK                             0.750000   50.658169  -49.908173 (VIOLATED)
_14833_/CLK                             0.750000   50.658169  -49.908173 (VIOLATED)
_14834_/CLK                             0.750000   50.658173  -49.908176 (VIOLATED)
_14835_/CLK                             0.750000   50.658173  -49.908176 (VIOLATED)
_14836_/CLK                             0.750000   50.658173  -49.908176 (VIOLATED)
_14841_/CLK                             0.750000   50.658195  -49.908195 (VIOLATED)
_14848_/CLK                             0.750000   50.658173  -49.908176 (VIOLATED)
_15355_/CLK                             0.750000   50.658203  -49.908203 (VIOLATED)
_15403_/CLK                             0.750000   50.658195  -49.908195 (VIOLATED)
_15466_/CLK                             0.750000   50.658176  -49.908180 (VIOLATED)
_15562_/CLK                             0.750000   50.658165  -49.908165 (VIOLATED)
_15563_/CLK                             0.750000   50.658184  -49.908184 (VIOLATED)
_15755_/CLK                             0.750000   50.658195  -49.908195 (VIOLATED)
_15771_/CLK                             0.750000   50.658188  -49.908188 (VIOLATED)
_15915_/CLK                             0.750000   50.658195  -49.908195 (VIOLATED)
_15963_/CLK                             0.750000   50.658215  -49.908215 (VIOLATED)
_15978_/CLK                             0.750000   50.658176  -49.908180 (VIOLATED)
_15995_/CLK                             0.750000   50.658215  -49.908215 (VIOLATED)
_15547_/CLK                             0.750000   50.658112  -49.908112 (VIOLATED)
_15594_/CLK                             0.750000   50.658161  -49.908161 (VIOLATED)
_15595_/CLK                             0.750000   50.658192  -49.908192 (VIOLATED)
_15626_/CLK                             0.750000   50.658169  -49.908173 (VIOLATED)
_15627_/CLK                             0.750000   50.658195  -49.908195 (VIOLATED)
_15643_/CLK                             0.750000   50.658215  -49.908215 (VIOLATED)
_15579_/CLK                             0.750000   50.658108  -49.908108 (VIOLATED)
_15658_/CLK                             0.750000   50.658150  -49.908150 (VIOLATED)
_15659_/CLK                             0.750000   50.658192  -49.908192 (VIOLATED)
_15818_/CLK                             0.750000   50.658138  -49.908138 (VIOLATED)
_15882_/CLK                             0.750000   50.658138  -49.908138 (VIOLATED)
_16042_/CLK                             0.750000   50.658154  -49.908154 (VIOLATED)
_16043_/CLK                             0.750000   50.658188  -49.908188 (VIOLATED)
_16106_/CLK                             0.750000   50.658169  -49.908173 (VIOLATED)
_16107_/CLK                             0.750000   50.658192  -49.908192 (VIOLATED)
_16154_/CLK                             0.750000   50.658180  -49.908180 (VIOLATED)
_16170_/CLK                             0.750000   50.658176  -49.908180 (VIOLATED)
_14461_/CLK                             0.750000   50.658043  -49.908043 (VIOLATED)
_15387_/CLK                             0.750000   50.658066  -49.908070 (VIOLATED)
_15451_/CLK                             0.750000   50.658077  -49.908077 (VIOLATED)
_15611_/CLK                             0.750000   50.658081  -49.908081 (VIOLATED)
_15803_/CLK                             0.750000   50.658062  -49.908062 (VIOLATED)
_15899_/CLK                             0.750000   50.658104  -49.908104 (VIOLATED)
_16027_/CLK                             0.750000   50.658089  -49.908089 (VIOLATED)
_16091_/CLK                             0.750000   50.658115  -49.908115 (VIOLATED)
_16187_/CLK                             0.750000   50.658138  -49.908138 (VIOLATED)
_16155_/CLK                             0.750000   50.658066  -49.908066 (VIOLATED)
_16221_/CLK                             0.750000   50.658100  -49.908100 (VIOLATED)
_16236_/CLK                             0.750000   50.658138  -49.908138 (VIOLATED)
_16237_/CLK                             0.750000   50.658184  -49.908184 (VIOLATED)
_14818_/CLK                             0.750000   50.657993  -49.907993 (VIOLATED)
_14819_/CLK                             0.750000   50.657993  -49.907993 (VIOLATED)
_14821_/CLK                             0.750000   50.657993  -49.907993 (VIOLATED)
_14823_/CLK                             0.750000   50.657993  -49.907993 (VIOLATED)
_14824_/CLK                             0.750000   50.657990  -49.907990 (VIOLATED)
_14826_/CLK                             0.750000   50.657990  -49.907990 (VIOLATED)
_14817_/CLK                             0.750000   50.657928  -49.907928 (VIOLATED)
_14820_/CLK                             0.750000   50.657928  -49.907928 (VIOLATED)
_14822_/CLK                             0.750000   50.657928  -49.907928 (VIOLATED)
_14825_/CLK                             0.750000   50.657928  -49.907928 (VIOLATED)
_14827_/CLK                             0.750000   50.657970  -49.907974 (VIOLATED)
_14828_/CLK                             0.750000   50.657825  -49.907825 (VIOLATED)
_15610_/CLK                             0.750000   50.657837  -49.907837 (VIOLATED)
_15962_/CLK                             0.750000   50.657860  -49.907864 (VIOLATED)
_16026_/CLK                             0.750000   50.657894  -49.907894 (VIOLATED)
_16186_/CLK                             0.750000   50.657825  -49.907825 (VIOLATED)
_14460_/CLK                             0.750000   50.657753  -49.907753 (VIOLATED)
_15386_/CLK                             0.750000   50.657803  -49.907803 (VIOLATED)
_15450_/CLK                             0.750000   50.657825  -49.907825 (VIOLATED)
_15802_/CLK                             0.750000   50.657745  -49.907745 (VIOLATED)
_16220_/CLK                             0.750000   50.657761  -49.907764 (VIOLATED)
_15092_/CLK                             0.750000   50.657654  -49.907658 (VIOLATED)
_15089_/CLK                             0.750000   50.657570  -49.907570 (VIOLATED)
_15093_/CLK                             0.750000   50.657314  -49.907314 (VIOLATED)
_15898_/CLK                             0.750000   50.657314  -49.907314 (VIOLATED)
_14466_/CLK                             0.750000   50.657204  -49.907204 (VIOLATED)
_14479_/CLK                             0.750000   50.657234  -49.907234 (VIOLATED)
_14854_/CLK                             0.750000   50.657188  -49.907192 (VIOLATED)
_15309_/CLK                             0.750000   50.657238  -49.907242 (VIOLATED)
_15341_/CLK                             0.750000   50.657238  -49.907242 (VIOLATED)
_15327_/CLK                             0.750000   50.657188  -49.907188 (VIOLATED)
_15373_/CLK                             0.750000   50.657227  -49.907227 (VIOLATED)
_15405_/CLK                             0.750000   50.657238  -49.907242 (VIOLATED)
_15917_/CLK                             0.750000   50.657238  -49.907238 (VIOLATED)
_15949_/CLK                             0.750000   50.657238  -49.907238 (VIOLATED)
_15487_/CLK                             0.750000   50.657185  -49.907185 (VIOLATED)
_15520_/CLK                             0.750000   50.657234  -49.907234 (VIOLATED)
_15552_/CLK                             0.750000   50.657227  -49.907227 (VIOLATED)
_15565_/CLK                             0.750000   50.657230  -49.907230 (VIOLATED)
_15725_/CLK                             0.750000   50.657234  -49.907234 (VIOLATED)
_15968_/CLK                             0.750000   50.657234  -49.907234 (VIOLATED)
_16013_/CLK                             0.750000   50.657238  -49.907238 (VIOLATED)
_16045_/CLK                             0.750000   50.657238  -49.907242 (VIOLATED)
_16077_/CLK                             0.750000   50.657234  -49.907234 (VIOLATED)
_14852_/CLK                             0.750000   50.657131  -49.907131 (VIOLATED)
_14853_/CLK                             0.750000   50.657131  -49.907131 (VIOLATED)
_15423_/CLK                             0.750000   50.657181  -49.907181 (VIOLATED)
_15424_/CLK                             0.750000   50.657230  -49.907230 (VIOLATED)
_15437_/CLK                             0.750000   50.657227  -49.907227 (VIOLATED)
_15455_/CLK                             0.750000   50.657188  -49.907188 (VIOLATED)
_15556_/CLK                             0.750000   50.657169  -49.907169 (VIOLATED)
_15584_/CLK                             0.750000   50.657207  -49.907207 (VIOLATED)
_15629_/CLK                             0.750000   50.657234  -49.907234 (VIOLATED)
_15588_/CLK                             0.750000   50.657169  -49.907169 (VIOLATED)
_15615_/CLK                             0.750000   50.657188  -49.907188 (VIOLATED)
_15616_/CLK                             0.750000   50.657227  -49.907227 (VIOLATED)
_15648_/CLK                             0.750000   50.657196  -49.907200 (VIOLATED)
_15661_/CLK                             0.750000   50.657234  -49.907234 (VIOLATED)
_15680_/CLK                             0.750000   50.657230  -49.907230 (VIOLATED)
_15775_/CLK                             0.750000   50.657188  -49.907188 (VIOLATED)
_15776_/CLK                             0.750000   50.657234  -49.907234 (VIOLATED)
_15789_/CLK                             0.750000   50.657234  -49.907234 (VIOLATED)
_15808_/CLK                             0.750000   50.657204  -49.907204 (VIOLATED)
_15821_/CLK                             0.750000   50.657238  -49.907238 (VIOLATED)
_15853_/CLK                             0.750000   50.657238  -49.907242 (VIOLATED)
_15872_/CLK                             0.750000   50.657234  -49.907234 (VIOLATED)
_15885_/CLK                             0.750000   50.657238  -49.907238 (VIOLATED)
_16096_/CLK                             0.750000   50.657219  -49.907219 (VIOLATED)
_16109_/CLK                             0.750000   50.657227  -49.907227 (VIOLATED)
_16160_/CLK                             0.750000   50.657204  -49.907204 (VIOLATED)
_16173_/CLK                             0.750000   50.657238  -49.907242 (VIOLATED)
_16205_/CLK                             0.750000   50.657238  -49.907242 (VIOLATED)
_15292_/CLK                             0.750000   50.657104  -49.907104 (VIOLATED)
_15396_/CLK                             0.750000   50.657093  -49.907097 (VIOLATED)
_15460_/CLK                             0.750000   50.657104  -49.907104 (VIOLATED)
_15484_/CLK                             0.750000   50.657104  -49.907104 (VIOLATED)
_15492_/CLK                             0.750000   50.657143  -49.907146 (VIOLATED)
_15516_/CLK                             0.750000   50.657101  -49.907101 (VIOLATED)
_15940_/CLK                             0.750000   50.657150  -49.907150 (VIOLATED)
_16191_/CLK                             0.750000   50.657185  -49.907185 (VIOLATED)
_16226_/CLK                             0.750000   50.657223  -49.907223 (VIOLATED)
_16239_/CLK                             0.750000   50.657230  -49.907230 (VIOLATED)
_16230_/CLK                             0.750000   50.657169  -49.907169 (VIOLATED)
_15620_/CLK                             0.750000   50.657085  -49.907089 (VIOLATED)
_15684_/CLK                             0.750000   50.657108  -49.907108 (VIOLATED)
_15748_/CLK                             0.750000   50.657131  -49.907131 (VIOLATED)
_15812_/CLK                             0.750000   50.657143  -49.907146 (VIOLATED)
_15908_/CLK                             0.750000   50.657097  -49.907097 (VIOLATED)
_15936_/CLK                             0.750000   50.657082  -49.907082 (VIOLATED)
_15972_/CLK                             0.750000   50.657093  -49.907097 (VIOLATED)
_15996_/CLK                             0.750000   50.657101  -49.907101 (VIOLATED)
_16004_/CLK                             0.750000   50.657143  -49.907146 (VIOLATED)
_16068_/CLK                             0.750000   50.657124  -49.907124 (VIOLATED)
_16100_/CLK                             0.750000   50.657162  -49.907162 (VIOLATED)
_16127_/CLK                             0.750000   50.657185  -49.907185 (VIOLATED)
_16124_/CLK                             0.750000   50.657104  -49.907104 (VIOLATED)
_16132_/CLK                             0.750000   50.657097  -49.907097 (VIOLATED)
_14465_/CLK                             0.750000   50.657028  -49.907028 (VIOLATED)
_14467_/CLK                             0.750000   50.657055  -49.907055 (VIOLATED)
_15461_/CLK                             0.750000   50.657028  -49.907028 (VIOLATED)
_15488_/CLK                             0.750000   50.657066  -49.907066 (VIOLATED)
_15712_/CLK                             0.750000   50.657078  -49.907078 (VIOLATED)
_15716_/CLK                             0.750000   50.657127  -49.907127 (VIOLATED)
_15744_/CLK                             0.750000   50.657078  -49.907078 (VIOLATED)
_15868_/CLK                             0.750000   50.657101  -49.907101 (VIOLATED)
_15900_/CLK                             0.750000   50.657104  -49.907104 (VIOLATED)
_16192_/CLK                             0.750000   50.657078  -49.907078 (VIOLATED)
_16196_/CLK                             0.750000   50.657101  -49.907101 (VIOLATED)
_15485_/CLK                             0.750000   50.657005  -49.907005 (VIOLATED)
_15489_/CLK                             0.750000   50.657055  -49.907055 (VIOLATED)
_15519_/CLK                             0.750000   50.657043  -49.907043 (VIOLATED)
_15521_/CLK                             0.750000   50.657055  -49.907055 (VIOLATED)
_15524_/CLK                             0.750000   50.657085  -49.907089 (VIOLATED)
_15525_/CLK                             0.750000   50.657032  -49.907032 (VIOLATED)
_15551_/CLK                             0.750000   50.657013  -49.907013 (VIOLATED)
_15553_/CLK                             0.750000   50.657032  -49.907032 (VIOLATED)
_15807_/CLK                             0.750000   50.657043  -49.907043 (VIOLATED)
_15809_/CLK                             0.750000   50.657066  -49.907066 (VIOLATED)
_15935_/CLK                             0.750000   50.657013  -49.907013 (VIOLATED)
_15937_/CLK                             0.750000   50.657036  -49.907040 (VIOLATED)
_15967_/CLK                             0.750000   50.657032  -49.907036 (VIOLATED)
_15969_/CLK                             0.750000   50.657036  -49.907040 (VIOLATED)
_15973_/CLK                             0.750000   50.657028  -49.907028 (VIOLATED)
_15999_/CLK                             0.750000   50.657051  -49.907051 (VIOLATED)
_16000_/CLK                             0.750000   50.657074  -49.907074 (VIOLATED)
_16001_/CLK                             0.750000   50.657040  -49.907043 (VIOLATED)
_14471_/CLK                             0.750000   50.656944  -49.906944 (VIOLATED)
_14850_/CLK                             0.750000   50.656982  -49.906986 (VIOLATED)
_15295_/CLK                             0.750000   50.657032  -49.907032 (VIOLATED)
_15296_/CLK                             0.750000   50.657082  -49.907082 (VIOLATED)
_15297_/CLK                             0.750000   50.657055  -49.907055 (VIOLATED)
_15300_/CLK                             0.750000   50.657082  -49.907082 (VIOLATED)
_15328_/CLK                             0.750000   50.657078  -49.907078 (VIOLATED)
_15332_/CLK                             0.750000   50.657127  -49.907127 (VIOLATED)
_15325_/CLK                             0.750000   50.657024  -49.907024 (VIOLATED)
_15329_/CLK                             0.750000   50.657055  -49.907055 (VIOLATED)
_15359_/CLK                             0.750000   50.657032  -49.907036 (VIOLATED)
_15360_/CLK                             0.750000   50.657074  -49.907074 (VIOLATED)
_15361_/CLK                             0.750000   50.657051  -49.907051 (VIOLATED)
_15391_/CLK                             0.750000   50.657032  -49.907036 (VIOLATED)
_15392_/CLK                             0.750000   50.657078  -49.907078 (VIOLATED)
_15393_/CLK                             0.750000   50.657055  -49.907055 (VIOLATED)
_15397_/CLK                             0.750000   50.657032  -49.907032 (VIOLATED)
_15425_/CLK                             0.750000   50.657036  -49.907040 (VIOLATED)
_15428_/CLK                             0.750000   50.657085  -49.907085 (VIOLATED)
_15429_/CLK                             0.750000   50.657028  -49.907028 (VIOLATED)
_15453_/CLK                             0.750000   50.657021  -49.907021 (VIOLATED)
_15456_/CLK                             0.750000   50.657066  -49.907066 (VIOLATED)
_15457_/CLK                             0.750000   50.657036  -49.907040 (VIOLATED)
_15330_/CLK                             0.750000   50.656956  -49.906956 (VIOLATED)
_15557_/CLK                             0.750000   50.656960  -49.906960 (VIOLATED)
_15583_/CLK                             0.750000   50.657009  -49.907009 (VIOLATED)
_15585_/CLK                             0.750000   50.657032  -49.907036 (VIOLATED)
_15613_/CLK                             0.750000   50.657024  -49.907024 (VIOLATED)
_15617_/CLK                             0.750000   50.657051  -49.907051 (VIOLATED)
_15647_/CLK                             0.750000   50.657032  -49.907036 (VIOLATED)
_15649_/CLK                             0.750000   50.657063  -49.907063 (VIOLATED)
_15651_/CLK                             0.750000   50.657051  -49.907051 (VIOLATED)
_15685_/CLK                             0.750000   50.656986  -49.906990 (VIOLATED)
_15711_/CLK                             0.750000   50.657024  -49.907024 (VIOLATED)
_15713_/CLK                             0.750000   50.657036  -49.907040 (VIOLATED)
_15717_/CLK                             0.750000   50.656990  -49.906990 (VIOLATED)
_15743_/CLK                             0.750000   50.657021  -49.907021 (VIOLATED)
_15745_/CLK                             0.750000   50.657047  -49.907047 (VIOLATED)
_15773_/CLK                             0.750000   50.657017  -49.907017 (VIOLATED)
_15777_/CLK                             0.750000   50.657047  -49.907047 (VIOLATED)
_15813_/CLK                             0.750000   50.657032  -49.907032 (VIOLATED)
_15840_/CLK                             0.750000   50.657078  -49.907078 (VIOLATED)
_15837_/CLK                             0.750000   50.657024  -49.907024 (VIOLATED)
_15839_/CLK                             0.750000   50.657043  -49.907043 (VIOLATED)
_15841_/CLK                             0.750000   50.657055  -49.907055 (VIOLATED)
_15871_/CLK                             0.750000   50.657024  -49.907024 (VIOLATED)
_15873_/CLK                             0.750000   50.657036  -49.907040 (VIOLATED)
_15903_/CLK                             0.750000   50.657047  -49.907047 (VIOLATED)
_15904_/CLK                             0.750000   50.657082  -49.907082 (VIOLATED)
_15905_/CLK                             0.750000   50.657055  -49.907055 (VIOLATED)
_15941_/CLK                             0.750000   50.656971  -49.906971 (VIOLATED)
_16005_/CLK                             0.750000   50.656990  -49.906990 (VIOLATED)
_16029_/CLK                             0.750000   50.657017  -49.907017 (VIOLATED)
_16031_/CLK                             0.750000   50.657032  -49.907032 (VIOLATED)
_16032_/CLK                             0.750000   50.657078  -49.907078 (VIOLATED)
_16033_/CLK                             0.750000   50.657055  -49.907055 (VIOLATED)
_16063_/CLK                             0.750000   50.657032  -49.907036 (VIOLATED)
_16064_/CLK                             0.750000   50.657074  -49.907074 (VIOLATED)
_16065_/CLK                             0.750000   50.657043  -49.907043 (VIOLATED)
_16069_/CLK                             0.750000   50.657032  -49.907032 (VIOLATED)
_16095_/CLK                             0.750000   50.657024  -49.907024 (VIOLATED)
_16097_/CLK                             0.750000   50.657032  -49.907032 (VIOLATED)
_16128_/CLK                             0.750000   50.657074  -49.907074 (VIOLATED)
_16129_/CLK                             0.750000   50.657047  -49.907047 (VIOLATED)
_16159_/CLK                             0.750000   50.657009  -49.907009 (VIOLATED)
_16161_/CLK                             0.750000   50.657055  -49.907055 (VIOLATED)
_16165_/CLK                             0.750000   50.656967  -49.906967 (VIOLATED)
_16189_/CLK                             0.750000   50.657013  -49.907013 (VIOLATED)
_16193_/CLK                             0.750000   50.657036  -49.907040 (VIOLATED)
_16195_/CLK                             0.750000   50.657047  -49.907047 (VIOLATED)
_16225_/CLK                             0.750000   50.657032  -49.907036 (VIOLATED)
_16227_/CLK                             0.750000   50.657032  -49.907036 (VIOLATED)
_14463_/CLK                             0.750000   50.656879  -49.906883 (VIOLATED)
_15493_/CLK                             0.750000   50.656895  -49.906895 (VIOLATED)
_15589_/CLK                             0.750000   50.656944  -49.906944 (VIOLATED)
_15645_/CLK                             0.750000   50.656979  -49.906982 (VIOLATED)
_15653_/CLK                             0.750000   50.657032  -49.907032 (VIOLATED)
_15679_/CLK                             0.750000   50.657024  -49.907024 (VIOLATED)
_15681_/CLK                             0.750000   50.657032  -49.907036 (VIOLATED)
_15517_/CLK                             0.750000   50.656876  -49.906876 (VIOLATED)
_15709_/CLK                             0.750000   50.656918  -49.906918 (VIOLATED)
_15749_/CLK                             0.750000   50.656944  -49.906944 (VIOLATED)
_15810_/CLK                             0.750000   50.656952  -49.906952 (VIOLATED)
_14458_/CLK                             0.750000   50.656822  -49.906822 (VIOLATED)
_14793_/CLK                             0.750000   50.656864  -49.906864 (VIOLATED)
_14794_/CLK                             0.750000   50.656860  -49.906860 (VIOLATED)
_14459_/CLK                             0.750000   50.656807  -49.906807 (VIOLATED)
_14795_/CLK                             0.750000   50.656857  -49.906857 (VIOLATED)
_14796_/CLK                             0.750000   50.656868  -49.906868 (VIOLATED)
_14797_/CLK                             0.750000   50.656868  -49.906868 (VIOLATED)
_14798_/CLK                             0.750000   50.656853  -49.906853 (VIOLATED)
_14799_/CLK                             0.750000   50.656860  -49.906860 (VIOLATED)
_14800_/CLK                             0.750000   50.656853  -49.906853 (VIOLATED)
_14801_/CLK                             0.750000   50.656864  -49.906864 (VIOLATED)
_14802_/CLK                             0.750000   50.656860  -49.906860 (VIOLATED)
_14803_/CLK                             0.750000   50.656853  -49.906853 (VIOLATED)
_14804_/CLK                             0.750000   50.656868  -49.906868 (VIOLATED)
_14805_/CLK                             0.750000   50.656868  -49.906868 (VIOLATED)
_14806_/CLK                             0.750000   50.656853  -49.906853 (VIOLATED)
_14807_/CLK                             0.750000   50.656860  -49.906860 (VIOLATED)
_14808_/CLK                             0.750000   50.656853  -49.906853 (VIOLATED)
_14809_/CLK                             0.750000   50.656864  -49.906864 (VIOLATED)
_14810_/CLK                             0.750000   50.656860  -49.906860 (VIOLATED)
_14811_/CLK                             0.750000   50.656849  -49.906849 (VIOLATED)
_14812_/CLK                             0.750000   50.656868  -49.906868 (VIOLATED)
_14813_/CLK                             0.750000   50.656868  -49.906868 (VIOLATED)
_14814_/CLK                             0.750000   50.656853  -49.906853 (VIOLATED)
_14849_/CLK                             0.750000   50.656891  -49.906891 (VIOLATED)
_14851_/CLK                             0.750000   50.656891  -49.906891 (VIOLATED)
_14815_/CLK                             0.750000   50.656837  -49.906837 (VIOLATED)
_14816_/CLK                             0.750000   50.656853  -49.906853 (VIOLATED)
_14857_/CLK                             0.750000   50.656822  -49.906822 (VIOLATED)
_14858_/CLK                             0.750000   50.656826  -49.906830 (VIOLATED)
_14859_/CLK                             0.750000   50.656830  -49.906834 (VIOLATED)
_15293_/CLK                             0.750000   50.656872  -49.906872 (VIOLATED)
_15301_/CLK                             0.750000   50.656891  -49.906891 (VIOLATED)
_15333_/CLK                             0.750000   50.656887  -49.906887 (VIOLATED)
_15357_/CLK                             0.750000   50.656883  -49.906887 (VIOLATED)
_15362_/CLK                             0.750000   50.656898  -49.906898 (VIOLATED)
_15365_/CLK                             0.750000   50.656891  -49.906891 (VIOLATED)
_15389_/CLK                             0.750000   50.656876  -49.906876 (VIOLATED)
_15421_/CLK                             0.750000   50.656883  -49.906887 (VIOLATED)
_15426_/CLK                             0.750000   50.656864  -49.906864 (VIOLATED)
_15549_/CLK                             0.750000   50.656853  -49.906853 (VIOLATED)
_15581_/CLK                             0.750000   50.656853  -49.906853 (VIOLATED)
_15621_/CLK                             0.750000   50.656891  -49.906891 (VIOLATED)
_15650_/CLK                             0.750000   50.656898  -49.906898 (VIOLATED)
_15677_/CLK                             0.750000   50.656918  -49.906918 (VIOLATED)
_15741_/CLK                             0.750000   50.656876  -49.906879 (VIOLATED)
_15781_/CLK                             0.750000   50.656887  -49.906887 (VIOLATED)
_15805_/CLK                             0.750000   50.656883  -49.906887 (VIOLATED)
_15845_/CLK                             0.750000   50.656891  -49.906891 (VIOLATED)
_15869_/CLK                             0.750000   50.656921  -49.906921 (VIOLATED)
_15877_/CLK                             0.750000   50.656891  -49.906891 (VIOLATED)
_15901_/CLK                             0.750000   50.656876  -49.906879 (VIOLATED)
_15906_/CLK                             0.750000   50.656845  -49.906845 (VIOLATED)
_15909_/CLK                             0.750000   50.656895  -49.906895 (VIOLATED)
_16037_/CLK                             0.750000   50.656940  -49.906940 (VIOLATED)
_16101_/CLK                             0.750000   50.656975  -49.906975 (VIOLATED)
_15933_/CLK                             0.750000   50.656879  -49.906883 (VIOLATED)
_15965_/CLK                             0.750000   50.656876  -49.906876 (VIOLATED)
_15970_/CLK                             0.750000   50.656879  -49.906883 (VIOLATED)
_15997_/CLK                             0.750000   50.656864  -49.906864 (VIOLATED)
_16061_/CLK                             0.750000   50.656898  -49.906898 (VIOLATED)
_16093_/CLK                             0.750000   50.656853  -49.906853 (VIOLATED)
_16125_/CLK                             0.750000   50.656902  -49.906902 (VIOLATED)
_16133_/CLK                             0.750000   50.656891  -49.906891 (VIOLATED)
_16194_/CLK                             0.750000   50.656940  -49.906940 (VIOLATED)
_16231_/CLK                             0.750000   50.656944  -49.906944 (VIOLATED)
_16157_/CLK                             0.750000   50.656876  -49.906876 (VIOLATED)
_16197_/CLK                             0.750000   50.656891  -49.906891 (VIOLATED)
_16223_/CLK                             0.750000   50.656876  -49.906876 (VIOLATED)
_15097_/CLK                             0.750000   50.656788  -49.906788 (VIOLATED)
_15458_/CLK                             0.750000   50.656822  -49.906822 (VIOLATED)
_15298_/CLK                             0.750000   50.656765  -49.906765 (VIOLATED)
_15586_/CLK                             0.750000   50.656757  -49.906757 (VIOLATED)
_15778_/CLK                             0.750000   50.656780  -49.906784 (VIOLATED)
_15842_/CLK                             0.750000   50.656765  -49.906765 (VIOLATED)
_16098_/CLK                             0.750000   50.656807  -49.906807 (VIOLATED)
_16130_/CLK                             0.750000   50.656811  -49.906811 (VIOLATED)
_15938_/CLK                             0.750000   50.656738  -49.906738 (VIOLATED)
_16228_/CLK                             0.750000   50.656765  -49.906765 (VIOLATED)
_14468_/CLK                             0.750000   50.656673  -49.906677 (VIOLATED)
_15098_/CLK                             0.750000   50.656654  -49.906654 (VIOLATED)
_15394_/CLK                             0.750000   50.656673  -49.906677 (VIOLATED)
_15522_/CLK                             0.750000   50.656673  -49.906677 (VIOLATED)
_15554_/CLK                             0.750000   50.656708  -49.906708 (VIOLATED)
_15682_/CLK                             0.750000   50.656715  -49.906715 (VIOLATED)
_15714_/CLK                             0.750000   50.656670  -49.906673 (VIOLATED)
_15746_/CLK                             0.750000   50.656673  -49.906677 (VIOLATED)
_16002_/CLK                             0.750000   50.656658  -49.906658 (VIOLATED)
_16162_/CLK                             0.750000   50.656647  -49.906647 (VIOLATED)
_14885_/CLK                             0.750000   50.656445  -49.906445 (VIOLATED)
_15090_/CLK                             0.750000   50.656471  -49.906475 (VIOLATED)
_15546_/CLK                             0.750000   50.656490  -49.906490 (VIOLATED)
_15578_/CLK                             0.750000   50.656490  -49.906490 (VIOLATED)
_15674_/CLK                             0.750000   50.656490  -49.906490 (VIOLATED)
_16090_/CLK                             0.750000   50.656490  -49.906490 (VIOLATED)
_15085_/CLK                             0.750000   50.656410  -49.906414 (VIOLATED)
_15086_/CLK                             0.750000   50.656429  -49.906429 (VIOLATED)
_15188_/CLK                             0.750000   50.656418  -49.906422 (VIOLATED)
_15189_/CLK                             0.750000   50.656422  -49.906422 (VIOLATED)
_15193_/CLK                             0.750000   50.656410  -49.906414 (VIOLATED)
_15194_/CLK                             0.750000   50.656425  -49.906425 (VIOLATED)
_15195_/CLK                             0.750000   50.656422  -49.906422 (VIOLATED)
_15197_/CLK                             0.750000   50.656429  -49.906429 (VIOLATED)
_15204_/CLK                             0.750000   50.656422  -49.906422 (VIOLATED)
_15205_/CLK                             0.750000   50.656422  -49.906422 (VIOLATED)
_15209_/CLK                             0.750000   50.656418  -49.906422 (VIOLATED)
_15210_/CLK                             0.750000   50.656425  -49.906425 (VIOLATED)
_15211_/CLK                             0.750000   50.656425  -49.906425 (VIOLATED)
_15213_/CLK                             0.750000   50.656429  -49.906429 (VIOLATED)
_15220_/CLK                             0.750000   50.656418  -49.906422 (VIOLATED)
_15221_/CLK                             0.750000   50.656422  -49.906422 (VIOLATED)
_15225_/CLK                             0.750000   50.656414  -49.906418 (VIOLATED)
_15226_/CLK                             0.750000   50.656425  -49.906425 (VIOLATED)
_15227_/CLK                             0.750000   50.656425  -49.906425 (VIOLATED)
_15229_/CLK                             0.750000   50.656429  -49.906429 (VIOLATED)
_15236_/CLK                             0.750000   50.656422  -49.906422 (VIOLATED)
_15237_/CLK                             0.750000   50.656422  -49.906422 (VIOLATED)
_15241_/CLK                             0.750000   50.656418  -49.906422 (VIOLATED)
_15242_/CLK                             0.750000   50.656425  -49.906425 (VIOLATED)
_15243_/CLK                             0.750000   50.656425  -49.906425 (VIOLATED)
_15245_/CLK                             0.750000   50.656429  -49.906429 (VIOLATED)
_15254_/CLK                             0.750000   50.656418  -49.906422 (VIOLATED)
_15255_/CLK                             0.750000   50.656422  -49.906422 (VIOLATED)
_15259_/CLK                             0.750000   50.656410  -49.906414 (VIOLATED)
_15260_/CLK                             0.750000   50.656425  -49.906425 (VIOLATED)
_15261_/CLK                             0.750000   50.656422  -49.906422 (VIOLATED)
_15263_/CLK                             0.750000   50.656429  -49.906429 (VIOLATED)
_15270_/CLK                             0.750000   50.656422  -49.906422 (VIOLATED)
_15271_/CLK                             0.750000   50.656422  -49.906422 (VIOLATED)
_15275_/CLK                             0.750000   50.656418  -49.906422 (VIOLATED)
_15276_/CLK                             0.750000   50.656425  -49.906425 (VIOLATED)
_15277_/CLK                             0.750000   50.656425  -49.906425 (VIOLATED)
_15279_/CLK                             0.750000   50.656429  -49.906429 (VIOLATED)
_15084_/CLK                             0.750000   50.656357  -49.906357 (VIOLATED)
_15087_/CLK                             0.750000   50.656364  -49.906368 (VIOLATED)
_15088_/CLK                             0.750000   50.656380  -49.906380 (VIOLATED)
_15091_/CLK                             0.750000   50.656361  -49.906364 (VIOLATED)
_15096_/CLK                             0.750000   50.656368  -49.906372 (VIOLATED)
_14511_/CLK                             0.750000   50.656212  -49.906216 (VIOLATED)
_14515_/CLK                             0.750000   50.656212  -49.906216 (VIOLATED)
_14517_/CLK                             0.750000   50.656208  -49.906212 (VIOLATED)
_14519_/CLK                             0.750000   50.656200  -49.906200 (VIOLATED)
_14543_/CLK                             0.750000   50.656212  -49.906216 (VIOLATED)
_14547_/CLK                             0.750000   50.656212  -49.906216 (VIOLATED)
_14549_/CLK                             0.750000   50.656208  -49.906212 (VIOLATED)
_14551_/CLK                             0.750000   50.656204  -49.906204 (VIOLATED)
_14930_/CLK                             0.750000   50.656235  -49.906235 (VIOLATED)
_14931_/CLK                             0.750000   50.656231  -49.906231 (VIOLATED)
_14932_/CLK                             0.750000   50.656231  -49.906231 (VIOLATED)
_14933_/CLK                             0.750000   50.656239  -49.906239 (VIOLATED)
_14934_/CLK                             0.750000   50.656235  -49.906235 (VIOLATED)
_14935_/CLK                             0.750000   50.656239  -49.906239 (VIOLATED)
_14936_/CLK                             0.750000   50.656239  -49.906239 (VIOLATED)
_15036_/CLK                             0.750000   50.656212  -49.906216 (VIOLATED)
_15072_/CLK                             0.750000   50.656258  -49.906258 (VIOLATED)
_15078_/CLK                             0.750000   50.656258  -49.906261 (VIOLATED)
_15079_/CLK                             0.750000   50.656258  -49.906261 (VIOLATED)
_15080_/CLK                             0.750000   50.656273  -49.906273 (VIOLATED)
_15094_/CLK                             0.750000   50.656277  -49.906277 (VIOLATED)
_15118_/CLK                             0.750000   50.656246  -49.906246 (VIOLATED)
_15119_/CLK                             0.750000   50.656242  -49.906242 (VIOLATED)
_15120_/CLK                             0.750000   50.656246  -49.906246 (VIOLATED)
_15121_/CLK                             0.750000   50.656246  -49.906246 (VIOLATED)
_15122_/CLK                             0.750000   50.656250  -49.906250 (VIOLATED)
_15124_/CLK                             0.750000   50.656250  -49.906250 (VIOLATED)
_15125_/CLK                             0.750000   50.656250  -49.906250 (VIOLATED)
_15127_/CLK                             0.750000   50.656250  -49.906250 (VIOLATED)
_15128_/CLK                             0.750000   50.656250  -49.906250 (VIOLATED)
_15129_/CLK                             0.750000   50.656246  -49.906246 (VIOLATED)
_15130_/CLK                             0.750000   50.656242  -49.906242 (VIOLATED)
_15131_/CLK                             0.750000   50.656246  -49.906246 (VIOLATED)
_15132_/CLK                             0.750000   50.656246  -49.906246 (VIOLATED)
_15145_/CLK                             0.750000   50.656239  -49.906239 (VIOLATED)
_15167_/CLK                             0.750000   50.656242  -49.906242 (VIOLATED)
_15168_/CLK                             0.750000   50.656242  -49.906242 (VIOLATED)
_15169_/CLK                             0.750000   50.656242  -49.906242 (VIOLATED)
_15170_/CLK                             0.750000   50.656239  -49.906239 (VIOLATED)
_15171_/CLK                             0.750000   50.656239  -49.906239 (VIOLATED)
_15172_/CLK                             0.750000   50.656239  -49.906239 (VIOLATED)
_15173_/CLK                             0.750000   50.656242  -49.906242 (VIOLATED)
_14510_/CLK                             0.750000   50.656139  -49.906139 (VIOLATED)
_14512_/CLK                             0.750000   50.656136  -49.906136 (VIOLATED)
_14516_/CLK                             0.750000   50.656136  -49.906136 (VIOLATED)
_14518_/CLK                             0.750000   50.656139  -49.906139 (VIOLATED)
_14542_/CLK                             0.750000   50.656139  -49.906139 (VIOLATED)
_14544_/CLK                             0.750000   50.656136  -49.906136 (VIOLATED)
_14548_/CLK                             0.750000   50.656132  -49.906132 (VIOLATED)
_14550_/CLK                             0.750000   50.656139  -49.906139 (VIOLATED)
_14560_/CLK                             0.750000   50.656116  -49.906116 (VIOLATED)
_14564_/CLK                             0.750000   50.656124  -49.906124 (VIOLATED)
_14594_/CLK                             0.750000   50.656155  -49.906158 (VIOLATED)
_14873_/CLK                             0.750000   50.656178  -49.906178 (VIOLATED)
_14598_/CLK                             0.750000   50.656124  -49.906124 (VIOLATED)
_14601_/CLK                             0.750000   50.656128  -49.906128 (VIOLATED)
_14880_/CLK                             0.750000   50.656170  -49.906170 (VIOLATED)
_14967_/CLK                             0.750000   50.656212  -49.906216 (VIOLATED)
_15013_/CLK                             0.750000   50.656193  -49.906193 (VIOLATED)
_14603_/CLK                             0.750000   50.656116  -49.906116 (VIOLATED)
_14629_/CLK                             0.750000   50.656132  -49.906132 (VIOLATED)
_14631_/CLK                             0.750000   50.656132  -49.906132 (VIOLATED)
_14635_/CLK                             0.750000   50.656128  -49.906128 (VIOLATED)
_14638_/CLK                             0.750000   50.656132  -49.906132 (VIOLATED)
_14665_/CLK                             0.750000   50.656151  -49.906151 (VIOLATED)
_14669_/CLK                             0.750000   50.656128  -49.906128 (VIOLATED)
_14672_/CLK                             0.750000   50.656128  -49.906128 (VIOLATED)
_14674_/CLK                             0.750000   50.656116  -49.906116 (VIOLATED)
_14707_/CLK                             0.750000   50.656128  -49.906128 (VIOLATED)
_14711_/CLK                             0.750000   50.656132  -49.906132 (VIOLATED)
_14713_/CLK                             0.750000   50.656136  -49.906136 (VIOLATED)
_14714_/CLK                             0.750000   50.656143  -49.906143 (VIOLATED)
_14965_/CLK                             0.750000   50.656139  -49.906139 (VIOLATED)
_14966_/CLK                             0.750000   50.656136  -49.906136 (VIOLATED)
_15004_/CLK                             0.750000   50.656139  -49.906139 (VIOLATED)
_15006_/CLK                             0.750000   50.656189  -49.906189 (VIOLATED)
_15010_/CLK                             0.750000   50.656136  -49.906136 (VIOLATED)
_15011_/CLK                             0.750000   50.656178  -49.906178 (VIOLATED)
_15012_/CLK                             0.750000   50.656139  -49.906139 (VIOLATED)
_15034_/CLK                             0.750000   50.656139  -49.906139 (VIOLATED)
_15035_/CLK                             0.750000   50.656136  -49.906136 (VIOLATED)
_15070_/CLK                             0.750000   50.656128  -49.906128 (VIOLATED)
_15076_/CLK                             0.750000   50.656174  -49.906174 (VIOLATED)
_15077_/CLK                             0.750000   50.656162  -49.906166 (VIOLATED)
_15133_/CLK                             0.750000   50.656132  -49.906132 (VIOLATED)
_15143_/CLK                             0.750000   50.656132  -49.906132 (VIOLATED)
_15144_/CLK                             0.750000   50.656162  -49.906166 (VIOLATED)
_15146_/CLK                             0.750000   50.656132  -49.906132 (VIOLATED)
_15147_/CLK                             0.750000   50.656162  -49.906166 (VIOLATED)
_14411_/CLK                             0.750000   50.656055  -49.906059 (VIOLATED)
_14412_/CLK                             0.750000   50.656086  -49.906086 (VIOLATED)
_14413_/CLK                             0.750000   50.656086  -49.906086 (VIOLATED)
_14419_/CLK                             0.750000   50.656086  -49.906086 (VIOLATED)
_14566_/CLK                             0.750000   50.655994  -49.905994 (VIOLATED)
_14567_/CLK                             0.750000   50.655991  -49.905991 (VIOLATED)
_14592_/CLK                             0.750000   50.655998  -49.905998 (VIOLATED)
_14600_/CLK                             0.750000   50.655994  -49.905994 (VIOLATED)
_15073_/CLK                             0.750000   50.656040  -49.906040 (VIOLATED)
_15075_/CLK                             0.750000   50.656055  -49.906059 (VIOLATED)
_15139_/CLK                             0.750000   50.656048  -49.906052 (VIOLATED)
_15140_/CLK                             0.750000   50.656040  -49.906040 (VIOLATED)
_15142_/CLK                             0.750000   50.656040  -49.906040 (VIOLATED)
_14385_/CLK                             0.750000   50.655937  -49.905937 (VIOLATED)
_14408_/CLK                             0.750000   50.655956  -49.905956 (VIOLATED)
_14410_/CLK                             0.750000   50.655956  -49.905956 (VIOLATED)
_14420_/CLK                             0.750000   50.655979  -49.905979 (VIOLATED)
_14421_/CLK                             0.750000   50.655983  -49.905983 (VIOLATED)
_14422_/CLK                             0.750000   50.655975  -49.905975 (VIOLATED)
_14452_/CLK                             0.750000   50.655972  -49.905972 (VIOLATED)
_14453_/CLK                             0.750000   50.655968  -49.905968 (VIOLATED)
_14454_/CLK                             0.750000   50.655964  -49.905964 (VIOLATED)
_14520_/CLK                             0.750000   50.655949  -49.905952 (VIOLATED)
_14521_/CLK                             0.750000   50.655979  -49.905979 (VIOLATED)
_14522_/CLK                             0.750000   50.655968  -49.905968 (VIOLATED)
_14637_/CLK                             0.750000   50.655987  -49.905987 (VIOLATED)
_14640_/CLK                             0.750000   50.655987  -49.905987 (VIOLATED)
_14663_/CLK                             0.750000   50.655994  -49.905994 (VIOLATED)
_14671_/CLK                             0.750000   50.655994  -49.905994 (VIOLATED)
_14705_/CLK                             0.750000   50.655998  -49.905998 (VIOLATED)
_14749_/CLK                             0.750000   50.656025  -49.906025 (VIOLATED)
_14750_/CLK                             0.750000   50.655998  -49.905998 (VIOLATED)
_14787_/CLK                             0.750000   50.656048  -49.906048 (VIOLATED)
_14871_/CLK                             0.750000   50.655998  -49.905998 (VIOLATED)
_14944_/CLK                             0.750000   50.655991  -49.905991 (VIOLATED)
_14945_/CLK                             0.750000   50.655991  -49.905991 (VIOLATED)
_14946_/CLK                             0.750000   50.655987  -49.905987 (VIOLATED)
_14947_/CLK                             0.750000   50.655987  -49.905987 (VIOLATED)
_14976_/CLK                             0.750000   50.655991  -49.905991 (VIOLATED)
_14977_/CLK                             0.750000   50.655991  -49.905991 (VIOLATED)
_14978_/CLK                             0.750000   50.655987  -49.905987 (VIOLATED)
_14979_/CLK                             0.750000   50.655987  -49.905987 (VIOLATED)
_14485_/CLK                             0.750000   50.655895  -49.905895 (VIOLATED)
_14509_/CLK                             0.750000   50.655930  -49.905930 (VIOLATED)
_14568_/CLK                             0.750000   50.655930  -49.905930 (VIOLATED)
_14569_/CLK                             0.750000   50.655933  -49.905933 (VIOLATED)
_14570_/CLK                             0.750000   50.655968  -49.905968 (VIOLATED)
_14602_/CLK                             0.750000   50.655949  -49.905952 (VIOLATED)
_14604_/CLK                             0.750000   50.655968  -49.905968 (VIOLATED)
_14673_/CLK                             0.750000   50.655949  -49.905952 (VIOLATED)
_14675_/CLK                             0.750000   50.655960  -49.905960 (VIOLATED)
_14751_/CLK                             0.750000   50.655964  -49.905964 (VIOLATED)
_15014_/CLK                             0.750000   50.655952  -49.905956 (VIOLATED)
_15015_/CLK                             0.750000   50.655975  -49.905975 (VIOLATED)
_15016_/CLK                             0.750000   50.655972  -49.905972 (VIOLATED)
_15045_/CLK                             0.750000   50.655991  -49.905991 (VIOLATED)
_15046_/CLK                             0.750000   50.655998  -49.905998 (VIOLATED)
_15047_/CLK                             0.750000   50.655983  -49.905983 (VIOLATED)
_15048_/CLK                             0.750000   50.655998  -49.905998 (VIOLATED)
_15181_/CLK                             0.750000   50.655991  -49.905991 (VIOLATED)
_15182_/CLK                             0.750000   50.655991  -49.905991 (VIOLATED)
_15183_/CLK                             0.750000   50.655991  -49.905991 (VIOLATED)
_15184_/CLK                             0.750000   50.655991  -49.905991 (VIOLATED)
_14588_/CLK                             0.750000   50.655895  -49.905895 (VIOLATED)
_14590_/CLK                             0.750000   50.655903  -49.905907 (VIOLATED)
_14591_/CLK                             0.750000   50.655910  -49.905910 (VIOLATED)
_14625_/CLK                             0.750000   50.655895  -49.905895 (VIOLATED)
_14627_/CLK                             0.750000   50.655903  -49.905907 (VIOLATED)
_14628_/CLK                             0.750000   50.655899  -49.905903 (VIOLATED)
_14639_/CLK                             0.750000   50.655930  -49.905930 (VIOLATED)
_14641_/CLK                             0.750000   50.655930  -49.905930 (VIOLATED)
_14659_/CLK                             0.750000   50.655895  -49.905895 (VIOLATED)
_14661_/CLK                             0.750000   50.655903  -49.905907 (VIOLATED)
_14662_/CLK                             0.750000   50.655918  -49.905918 (VIOLATED)
_14701_/CLK                             0.750000   50.655895  -49.905895 (VIOLATED)
_14703_/CLK                             0.750000   50.655903  -49.905907 (VIOLATED)
_14704_/CLK                             0.750000   50.655926  -49.905926 (VIOLATED)
_14715_/CLK                             0.750000   50.655945  -49.905945 (VIOLATED)
_14716_/CLK                             0.750000   50.655975  -49.905975 (VIOLATED)
_14717_/CLK                             0.750000   50.655956  -49.905956 (VIOLATED)
_14708_/CLK                             0.750000   50.655884  -49.905884 (VIOLATED)
_14937_/CLK                             0.750000   50.655922  -49.905922 (VIOLATED)
_14938_/CLK                             0.750000   50.655922  -49.905922 (VIOLATED)
_14939_/CLK                             0.750000   50.655922  -49.905922 (VIOLATED)
_14940_/CLK                             0.750000   50.655926  -49.905926 (VIOLATED)
_15123_/CLK                             0.750000   50.655930  -49.905930 (VIOLATED)
_15126_/CLK                             0.750000   50.655930  -49.905930 (VIOLATED)
_15174_/CLK                             0.750000   50.655926  -49.905926 (VIOLATED)
_15175_/CLK                             0.750000   50.655926  -49.905926 (VIOLATED)
_15176_/CLK                             0.750000   50.655926  -49.905926 (VIOLATED)
_15177_/CLK                             0.750000   50.655926  -49.905926 (VIOLATED)
_15178_/CLK                             0.750000   50.655926  -49.905926 (VIOLATED)
_15179_/CLK                             0.750000   50.655926  -49.905926 (VIOLATED)
_15180_/CLK                             0.750000   50.655926  -49.905926 (VIOLATED)
_15315_/CLK                             0.750000   50.655930  -49.905930 (VIOLATED)
_15317_/CLK                             0.750000   50.655964  -49.905964 (VIOLATED)
_15320_/CLK                             0.750000   50.655960  -49.905960 (VIOLATED)
_15347_/CLK                             0.750000   50.655930  -49.905930 (VIOLATED)
_15349_/CLK                             0.750000   50.655964  -49.905964 (VIOLATED)
_15352_/CLK                             0.750000   50.655956  -49.905956 (VIOLATED)
_15353_/CLK                             0.750000   50.655933  -49.905933 (VIOLATED)
_15379_/CLK                             0.750000   50.655930  -49.905930 (VIOLATED)
_15384_/CLK                             0.750000   50.655952  -49.905956 (VIOLATED)
_15385_/CLK                             0.750000   50.655933  -49.905933 (VIOLATED)
_15416_/CLK                             0.750000   50.655945  -49.905949 (VIOLATED)
_15475_/CLK                             0.750000   50.655930  -49.905930 (VIOLATED)
_15477_/CLK                             0.750000   50.655964  -49.905964 (VIOLATED)
_15480_/CLK                             0.750000   50.655956  -49.905956 (VIOLATED)
_15507_/CLK                             0.750000   50.655933  -49.905933 (VIOLATED)
_15509_/CLK                             0.750000   50.655960  -49.905960 (VIOLATED)
_15512_/CLK                             0.750000   50.655956  -49.905956 (VIOLATED)
_15513_/CLK                             0.750000   50.655933  -49.905933 (VIOLATED)
_15539_/CLK                             0.750000   50.655937  -49.905937 (VIOLATED)
_15544_/CLK                             0.750000   50.655945  -49.905949 (VIOLATED)
_15637_/CLK                             0.750000   50.655964  -49.905964 (VIOLATED)
_15704_/CLK                             0.750000   50.655956  -49.905956 (VIOLATED)
_15705_/CLK                             0.750000   50.655945  -49.905945 (VIOLATED)
_15763_/CLK                             0.750000   50.655930  -49.905930 (VIOLATED)
_15765_/CLK                             0.750000   50.655964  -49.905964 (VIOLATED)
_15768_/CLK                             0.750000   50.655952  -49.905956 (VIOLATED)
_15797_/CLK                             0.750000   50.655960  -49.905960 (VIOLATED)
_15800_/CLK                             0.750000   50.655949  -49.905952 (VIOLATED)
_15859_/CLK                             0.750000   50.655930  -49.905930 (VIOLATED)
_15864_/CLK                             0.750000   50.655956  -49.905956 (VIOLATED)
_15923_/CLK                             0.750000   50.655922  -49.905922 (VIOLATED)
_15960_/CLK                             0.750000   50.655956  -49.905956 (VIOLATED)
_14407_/CLK                             0.750000   50.655827  -49.905827 (VIOLATED)
_14409_/CLK                             0.750000   50.655869  -49.905869 (VIOLATED)
_14440_/CLK                             0.750000   50.655869  -49.905869 (VIOLATED)
_14441_/CLK                             0.750000   50.655895  -49.905895 (VIOLATED)
_14442_/CLK                             0.750000   50.655914  -49.905914 (VIOLATED)
_14709_/CLK                             0.750000   50.655869  -49.905869 (VIOLATED)
_14718_/CLK                             0.750000   50.655865  -49.905865 (VIOLATED)
_14414_/CLK                             0.750000   50.655811  -49.905811 (VIOLATED)
_14491_/CLK                             0.750000   50.655861  -49.905861 (VIOLATED)
_14513_/CLK                             0.750000   50.655895  -49.905899 (VIOLATED)
_14541_/CLK                             0.750000   50.655930  -49.905930 (VIOLATED)
_14552_/CLK                             0.750000   50.655949  -49.905952 (VIOLATED)
_14553_/CLK                             0.750000   50.655979  -49.905979 (VIOLATED)
_14554_/CLK                             0.750000   50.655968  -49.905968 (VIOLATED)
_14558_/CLK                             0.750000   50.655994  -49.905994 (VIOLATED)
_14561_/CLK                             0.750000   50.655987  -49.905987 (VIOLATED)
_14545_/CLK                             0.750000   50.655895  -49.905899 (VIOLATED)
_14556_/CLK                             0.750000   50.655933  -49.905933 (VIOLATED)
_14557_/CLK                             0.750000   50.655933  -49.905933 (VIOLATED)
_14514_/CLK                             0.750000   50.655830  -49.905830 (VIOLATED)
_14523_/CLK                             0.750000   50.655880  -49.905880 (VIOLATED)
_14546_/CLK                             0.750000   50.655830  -49.905830 (VIOLATED)
_14555_/CLK                             0.750000   50.655876  -49.905876 (VIOLATED)
_14559_/CLK                             0.750000   50.655811  -49.905811 (VIOLATED)
_14562_/CLK                             0.750000   50.655811  -49.905811 (VIOLATED)
_14837_/CLK                             0.750000   50.655861  -49.905861 (VIOLATED)
_15017_/CLK                             0.750000   50.655872  -49.905872 (VIOLATED)
_15037_/CLK                             0.750000   50.655903  -49.905907 (VIOLATED)
_15038_/CLK                             0.750000   50.655903  -49.905907 (VIOLATED)
_15039_/CLK                             0.750000   50.655880  -49.905880 (VIOLATED)
_15040_/CLK                             0.750000   50.655884  -49.905884 (VIOLATED)
_15041_/CLK                             0.750000   50.655884  -49.905884 (VIOLATED)
_15042_/CLK                             0.750000   50.655884  -49.905884 (VIOLATED)
_15043_/CLK                             0.750000   50.655884  -49.905884 (VIOLATED)
_15044_/CLK                             0.750000   50.655907  -49.905907 (VIOLATED)
_15545_/CLK                             0.750000   50.655861  -49.905861 (VIOLATED)
_15571_/CLK                             0.750000   50.655880  -49.905880 (VIOLATED)
_15603_/CLK                             0.750000   50.655872  -49.905872 (VIOLATED)
_15635_/CLK                             0.750000   50.655910  -49.905910 (VIOLATED)
_15640_/CLK                             0.750000   50.655960  -49.905960 (VIOLATED)
_15641_/CLK                             0.750000   50.655933  -49.905933 (VIOLATED)
_15672_/CLK                             0.750000   50.655945  -49.905949 (VIOLATED)
_15667_/CLK                             0.750000   50.655895  -49.905895 (VIOLATED)
_15699_/CLK                             0.750000   50.655876  -49.905876 (VIOLATED)
_15731_/CLK                             0.750000   50.655880  -49.905880 (VIOLATED)
_15795_/CLK                             0.750000   50.655876  -49.905876 (VIOLATED)
_15801_/CLK                             0.750000   50.655861  -49.905861 (VIOLATED)
_15827_/CLK                             0.750000   50.655895  -49.905899 (VIOLATED)
_15833_/CLK                             0.750000   50.655880  -49.905880 (VIOLATED)
_15865_/CLK                             0.750000   50.655876  -49.905876 (VIOLATED)
_15891_/CLK                             0.750000   50.655926  -49.905926 (VIOLATED)
_15893_/CLK                             0.750000   50.655960  -49.905960 (VIOLATED)
_15896_/CLK                             0.750000   50.655956  -49.905956 (VIOLATED)
_15897_/CLK                             0.750000   50.655861  -49.905861 (VIOLATED)
_15955_/CLK                             0.750000   50.655880  -49.905880 (VIOLATED)
_16147_/CLK                             0.750000   50.655930  -49.905930 (VIOLATED)
_16149_/CLK                             0.750000   50.655964  -49.905964 (VIOLATED)
_16152_/CLK                             0.750000   50.655960  -49.905960 (VIOLATED)
_16153_/CLK                             0.750000   50.655933  -49.905933 (VIOLATED)
_15987_/CLK                             0.750000   50.655876  -49.905876 (VIOLATED)
_16019_/CLK                             0.750000   50.655926  -49.905926 (VIOLATED)
_16021_/CLK                             0.750000   50.655960  -49.905960 (VIOLATED)
_16024_/CLK                             0.750000   50.655956  -49.905956 (VIOLATED)
_16053_/CLK                             0.750000   50.655960  -49.905960 (VIOLATED)
_16056_/CLK                             0.750000   50.655956  -49.905956 (VIOLATED)
_16088_/CLK                             0.750000   50.655956  -49.905956 (VIOLATED)
_16179_/CLK                             0.750000   50.655918  -49.905918 (VIOLATED)
_16184_/CLK                             0.750000   50.655960  -49.905960 (VIOLATED)
_16211_/CLK                             0.750000   50.655926  -49.905926 (VIOLATED)
_16213_/CLK                             0.750000   50.655960  -49.905960 (VIOLATED)
_15993_/CLK                             0.750000   50.655861  -49.905861 (VIOLATED)
_16051_/CLK                             0.750000   50.655895  -49.905895 (VIOLATED)
_16057_/CLK                             0.750000   50.655861  -49.905861 (VIOLATED)
_16083_/CLK                             0.750000   50.655880  -49.905880 (VIOLATED)
_16115_/CLK                             0.750000   50.655876  -49.905876 (VIOLATED)
_16217_/CLK                             0.750000   50.655876  -49.905876 (VIOLATED)
_16245_/CLK                             0.750000   50.655872  -49.905872 (VIOLATED)
_14405_/CLK                             0.750000   50.655758  -49.905758 (VIOLATED)
_14406_/CLK                             0.750000   50.655800  -49.905804 (VIOLATED)
_14415_/CLK                             0.750000   50.655807  -49.905807 (VIOLATED)
_14416_/CLK                             0.750000   50.655796  -49.905800 (VIOLATED)
_14417_/CLK                             0.750000   50.655800  -49.905804 (VIOLATED)
_14418_/CLK                             0.750000   50.655796  -49.905800 (VIOLATED)
_14443_/CLK                             0.750000   50.655766  -49.905766 (VIOLATED)
_14563_/CLK                             0.750000   50.655807  -49.905807 (VIOLATED)
_14565_/CLK                             0.750000   50.655807  -49.905807 (VIOLATED)
_14593_/CLK                             0.750000   50.655807  -49.905807 (VIOLATED)
_14595_/CLK                             0.750000   50.655807  -49.905807 (VIOLATED)
_14596_/CLK                             0.750000   50.655830  -49.905830 (VIOLATED)
_14597_/CLK                             0.750000   50.655830  -49.905830 (VIOLATED)
_14599_/CLK                             0.750000   50.655807  -49.905807 (VIOLATED)
_14630_/CLK                             0.750000   50.655834  -49.905834 (VIOLATED)
_14632_/CLK                             0.750000   50.655807  -49.905807 (VIOLATED)
_14633_/CLK                             0.750000   50.655842  -49.905846 (VIOLATED)
_14634_/CLK                             0.750000   50.655853  -49.905853 (VIOLATED)
_14636_/CLK                             0.750000   50.655853  -49.905853 (VIOLATED)
_14664_/CLK                             0.750000   50.655807  -49.905807 (VIOLATED)
_14666_/CLK                             0.750000   50.655807  -49.905807 (VIOLATED)
_14667_/CLK                             0.750000   50.655827  -49.905827 (VIOLATED)
_14668_/CLK                             0.750000   50.655830  -49.905830 (VIOLATED)
_14670_/CLK                             0.750000   50.655807  -49.905807 (VIOLATED)
_14706_/CLK                             0.750000   50.655811  -49.905811 (VIOLATED)
_14710_/CLK                             0.750000   50.655830  -49.905830 (VIOLATED)
_14712_/CLK                             0.750000   50.655811  -49.905811 (VIOLATED)
_14838_/CLK                             0.750000   50.655857  -49.905857 (VIOLATED)
_14840_/CLK                             0.750000   50.655861  -49.905861 (VIOLATED)
_14842_/CLK                             0.750000   50.655857  -49.905857 (VIOLATED)
_14843_/CLK                             0.750000   50.655861  -49.905861 (VIOLATED)
_14941_/CLK                             0.750000   50.655907  -49.905907 (VIOLATED)
_14942_/CLK                             0.750000   50.655907  -49.905907 (VIOLATED)
_14943_/CLK                             0.750000   50.655907  -49.905907 (VIOLATED)
_14968_/CLK                             0.750000   50.655907  -49.905907 (VIOLATED)
_14969_/CLK                             0.750000   50.655914  -49.905914 (VIOLATED)
_14970_/CLK                             0.750000   50.655918  -49.905918 (VIOLATED)
_14844_/CLK                             0.750000   50.655853  -49.905853 (VIOLATED)
_14845_/CLK                             0.750000   50.655861  -49.905861 (VIOLATED)
_14846_/CLK                             0.750000   50.655861  -49.905861 (VIOLATED)
_14847_/CLK                             0.750000   50.655857  -49.905857 (VIOLATED)
_14867_/CLK                             0.750000   50.655895  -49.905895 (VIOLATED)
_14869_/CLK                             0.750000   50.655903  -49.905907 (VIOLATED)
_14870_/CLK                             0.750000   50.655933  -49.905933 (VIOLATED)
_14874_/CLK                             0.750000   50.655895  -49.905895 (VIOLATED)
_14881_/CLK                             0.750000   50.655945  -49.905945 (VIOLATED)
_14882_/CLK                             0.750000   50.655975  -49.905975 (VIOLATED)
_14883_/CLK                             0.750000   50.655968  -49.905968 (VIOLATED)
_14875_/CLK                             0.750000   50.655876  -49.905876 (VIOLATED)
_14876_/CLK                             0.750000   50.655891  -49.905891 (VIOLATED)
_14877_/CLK                             0.750000   50.655888  -49.905888 (VIOLATED)
_14879_/CLK                             0.750000   50.655895  -49.905895 (VIOLATED)
_15138_/CLK                             0.750000   50.655842  -49.905846 (VIOLATED)
_15411_/CLK                             0.750000   50.655895  -49.905895 (VIOLATED)
_15417_/CLK                             0.750000   50.655880  -49.905880 (VIOLATED)
_15443_/CLK                             0.750000   50.655930  -49.905930 (VIOLATED)
_15445_/CLK                             0.750000   50.655960  -49.905960 (VIOLATED)
_14786_/CLK                             0.750000   50.655792  -49.905792 (VIOLATED)
_14902_/CLK                             0.750000   50.655838  -49.905838 (VIOLATED)
_14903_/CLK                             0.750000   50.655842  -49.905842 (VIOLATED)
_14904_/CLK                             0.750000   50.655853  -49.905853 (VIOLATED)
_14905_/CLK                             0.750000   50.655853  -49.905853 (VIOLATED)
_14906_/CLK                             0.750000   50.655842  -49.905842 (VIOLATED)
_14907_/CLK                             0.750000   50.655853  -49.905853 (VIOLATED)
_14908_/CLK                             0.750000   50.655842  -49.905842 (VIOLATED)
_14909_/CLK                             0.750000   50.655853  -49.905853 (VIOLATED)
_14910_/CLK                             0.750000   50.655842  -49.905842 (VIOLATED)
_14911_/CLK                             0.750000   50.655857  -49.905857 (VIOLATED)
_14912_/CLK                             0.750000   50.655842  -49.905842 (VIOLATED)
_14971_/CLK                             0.750000   50.655884  -49.905884 (VIOLATED)
_14972_/CLK                             0.750000   50.655914  -49.905914 (VIOLATED)
_14973_/CLK                             0.750000   50.655907  -49.905907 (VIOLATED)
_14974_/CLK                             0.750000   50.655907  -49.905907 (VIOLATED)
_14975_/CLK                             0.750000   50.655907  -49.905907 (VIOLATED)
_15002_/CLK                             0.750000   50.655903  -49.905907 (VIOLATED)
_15003_/CLK                             0.750000   50.655933  -49.905933 (VIOLATED)
_15007_/CLK                             0.750000   50.655895  -49.905899 (VIOLATED)
_15009_/CLK                             0.750000   50.655895  -49.905895 (VIOLATED)
_14913_/CLK                             0.750000   50.655827  -49.905827 (VIOLATED)
_14914_/CLK                             0.750000   50.655857  -49.905857 (VIOLATED)
_14915_/CLK                             0.750000   50.655842  -49.905842 (VIOLATED)
_14916_/CLK                             0.750000   50.655830  -49.905830 (VIOLATED)
_14437_/CLK                             0.750000   50.655689  -49.905693 (VIOLATED)
_14438_/CLK                             0.750000   50.655735  -49.905735 (VIOLATED)
_14439_/CLK                             0.750000   50.655739  -49.905739 (VIOLATED)
_14446_/CLK                             0.750000   50.655739  -49.905739 (VIOLATED)
_14447_/CLK                             0.750000   50.655739  -49.905739 (VIOLATED)
_14448_/CLK                             0.750000   50.655769  -49.905769 (VIOLATED)
_14449_/CLK                             0.750000   50.655766  -49.905766 (VIOLATED)
_14450_/CLK                             0.750000   50.655766  -49.905766 (VIOLATED)
_14735_/CLK                             0.750000   50.655735  -49.905735 (VIOLATED)
_14736_/CLK                             0.750000   50.655743  -49.905746 (VIOLATED)
_14737_/CLK                             0.750000   50.655746  -49.905750 (VIOLATED)
_14738_/CLK                             0.750000   50.655750  -49.905750 (VIOLATED)
_14748_/CLK                             0.750000   50.655785  -49.905785 (VIOLATED)
_14790_/CLK                             0.750000   50.655769  -49.905769 (VIOLATED)
_14839_/CLK                             0.750000   50.655796  -49.905800 (VIOLATED)
_14872_/CLK                             0.750000   50.655811  -49.905811 (VIOLATED)
_14878_/CLK                             0.750000   50.655811  -49.905811 (VIOLATED)
_15005_/CLK                             0.750000   50.655811  -49.905811 (VIOLATED)
_15008_/CLK                             0.750000   50.655830  -49.905830 (VIOLATED)
_15151_/CLK                             0.750000   50.655777  -49.905777 (VIOLATED)
_14743_/CLK                             0.750000   50.655716  -49.905716 (VIOLATED)
_14745_/CLK                             0.750000   50.655750  -49.905750 (VIOLATED)
_14746_/CLK                             0.750000   50.655743  -49.905746 (VIOLATED)
_14752_/CLK                             0.750000   50.655758  -49.905758 (VIOLATED)
_14901_/CLK                             0.750000   50.655754  -49.905754 (VIOLATED)
_14642_/CLK                             0.750000   50.655632  -49.905632 (VIOLATED)
_14683_/CLK                             0.750000   50.655643  -49.905647 (VIOLATED)
_14739_/CLK                             0.750000   50.655640  -49.905643 (VIOLATED)
_14740_/CLK                             0.750000   50.655636  -49.905640 (VIOLATED)
_14741_/CLK                             0.750000   50.655640  -49.905643 (VIOLATED)
_14742_/CLK                             0.750000   50.655685  -49.905685 (VIOLATED)
_14744_/CLK                             0.750000   50.655724  -49.905724 (VIOLATED)
_14747_/CLK                             0.750000   50.655685  -49.905685 (VIOLATED)
_14759_/CLK                             0.750000   50.655643  -49.905647 (VIOLATED)
_14776_/CLK                             0.750000   50.655685  -49.905685 (VIOLATED)
_14783_/CLK                             0.750000   50.655731  -49.905731 (VIOLATED)
_14784_/CLK                             0.750000   50.655769  -49.905769 (VIOLATED)
_14785_/CLK                             0.750000   50.655769  -49.905769 (VIOLATED)
_14788_/CLK                             0.750000   50.655777  -49.905777 (VIOLATED)
_14789_/CLK                             0.750000   50.655777  -49.905777 (VIOLATED)
_14777_/CLK                             0.750000   50.655663  -49.905663 (VIOLATED)
_14778_/CLK                             0.750000   50.655689  -49.905693 (VIOLATED)
_14779_/CLK                             0.750000   50.655682  -49.905682 (VIOLATED)
_14780_/CLK                             0.750000   50.655682  -49.905682 (VIOLATED)
_14781_/CLK                             0.750000   50.655689  -49.905693 (VIOLATED)
_14782_/CLK                             0.750000   50.655724  -49.905724 (VIOLATED)
_15074_/CLK                             0.750000   50.655670  -49.905670 (VIOLATED)
_15141_/CLK                             0.750000   50.655670  -49.905670 (VIOLATED)
_14390_/CLK                             0.750000   50.655579  -49.905579 (VIOLATED)
_14391_/CLK                             0.750000   50.655579  -49.905579 (VIOLATED)
_14436_/CLK                             0.750000   50.655628  -49.905628 (VIOLATED)
_14444_/CLK                             0.750000   50.655640  -49.905643 (VIOLATED)
_14445_/CLK                             0.750000   50.655685  -49.905685 (VIOLATED)
_14451_/CLK                             0.750000   50.655685  -49.905685 (VIOLATED)
_14402_/CLK                             0.750000   50.655552  -49.905552 (VIOLATED)
_14403_/CLK                             0.750000   50.655560  -49.905560 (VIOLATED)
_14404_/CLK                             0.750000   50.655563  -49.905563 (VIOLATED)
_14434_/CLK                             0.750000   50.655548  -49.905548 (VIOLATED)
_14435_/CLK                             0.750000   50.655598  -49.905598 (VIOLATED)
_14506_/CLK                             0.750000   50.655590  -49.905594 (VIOLATED)
_14508_/CLK                             0.750000   50.655594  -49.905594 (VIOLATED)
_14538_/CLK                             0.750000   50.655594  -49.905594 (VIOLATED)
_14540_/CLK                             0.750000   50.655594  -49.905594 (VIOLATED)
_14587_/CLK                             0.750000   50.655579  -49.905579 (VIOLATED)
_14589_/CLK                             0.750000   50.655582  -49.905582 (VIOLATED)
_14605_/CLK                             0.750000   50.655605  -49.905605 (VIOLATED)
_14624_/CLK                             0.750000   50.655575  -49.905575 (VIOLATED)
_14626_/CLK                             0.750000   50.655560  -49.905560 (VIOLATED)
_14658_/CLK                             0.750000   50.655579  -49.905579 (VIOLATED)
_14660_/CLK                             0.750000   50.655586  -49.905590 (VIOLATED)
_14676_/CLK                             0.750000   50.655594  -49.905594 (VIOLATED)
_14682_/CLK                             0.750000   50.655571  -49.905571 (VIOLATED)
_14700_/CLK                             0.750000   50.655579  -49.905579 (VIOLATED)
_14702_/CLK                             0.750000   50.655582  -49.905586 (VIOLATED)
_14758_/CLK                             0.750000   50.655571  -49.905571 (VIOLATED)
_14774_/CLK                             0.750000   50.655560  -49.905560 (VIOLATED)
_14775_/CLK                             0.750000   50.655605  -49.905605 (VIOLATED)
_14791_/CLK                             0.750000   50.655609  -49.905609 (VIOLATED)
_14866_/CLK                             0.750000   50.655579  -49.905579 (VIOLATED)
_14868_/CLK                             0.750000   50.655586  -49.905590 (VIOLATED)
_14884_/CLK                             0.750000   50.655582  -49.905586 (VIOLATED)
_14948_/CLK                             0.750000   50.655590  -49.905594 (VIOLATED)
_14962_/CLK                             0.750000   50.655594  -49.905594 (VIOLATED)
_14963_/CLK                             0.750000   50.655598  -49.905598 (VIOLATED)
_14964_/CLK                             0.750000   50.655598  -49.905598 (VIOLATED)
_15031_/CLK                             0.750000   50.655594  -49.905594 (VIOLATED)
_15033_/CLK                             0.750000   50.655598  -49.905598 (VIOLATED)
_15115_/CLK                             0.750000   50.655594  -49.905594 (VIOLATED)
_15117_/CLK                             0.750000   50.655598  -49.905598 (VIOLATED)
_14423_/CLK                             0.750000   50.655460  -49.905460 (VIOLATED)
_14432_/CLK                             0.750000   50.655464  -49.905464 (VIOLATED)
_14433_/CLK                             0.750000   50.655495  -49.905495 (VIOLATED)
_14455_/CLK                             0.750000   50.655491  -49.905491 (VIOLATED)
_14729_/CLK                             0.750000   50.655495  -49.905495 (VIOLATED)
_14730_/CLK                             0.750000   50.655495  -49.905495 (VIOLATED)
_14731_/CLK                             0.750000   50.655495  -49.905495 (VIOLATED)
_14732_/CLK                             0.750000   50.655495  -49.905495 (VIOLATED)
_14733_/CLK                             0.750000   50.655499  -49.905499 (VIOLATED)
_14734_/CLK                             0.750000   50.655499  -49.905499 (VIOLATED)
_14772_/CLK                             0.750000   50.655499  -49.905499 (VIOLATED)
_14773_/CLK                             0.750000   50.655499  -49.905499 (VIOLATED)
_14899_/CLK                             0.750000   50.655529  -49.905529 (VIOLATED)
_14999_/CLK                             0.750000   50.655579  -49.905579 (VIOLATED)
_15000_/CLK                             0.750000   50.655590  -49.905594 (VIOLATED)
_15001_/CLK                             0.750000   50.655582  -49.905586 (VIOLATED)
_14389_/CLK                             0.750000   50.655396  -49.905396 (VIOLATED)
_14399_/CLK                             0.750000   50.655392  -49.905392 (VIOLATED)
_14400_/CLK                             0.750000   50.655392  -49.905392 (VIOLATED)
_14401_/CLK                             0.750000   50.655392  -49.905392 (VIOLATED)
_14431_/CLK                             0.750000   50.655388  -49.905388 (VIOLATED)
_14504_/CLK                             0.750000   50.655396  -49.905396 (VIOLATED)
_14536_/CLK                             0.750000   50.655396  -49.905396 (VIOLATED)
_14571_/CLK                             0.750000   50.655396  -49.905396 (VIOLATED)
_14583_/CLK                             0.750000   50.655396  -49.905396 (VIOLATED)
_14585_/CLK                             0.750000   50.655396  -49.905396 (VIOLATED)
_14586_/CLK                             0.750000   50.655396  -49.905396 (VIOLATED)
_14620_/CLK                             0.750000   50.655392  -49.905392 (VIOLATED)
_14622_/CLK                             0.750000   50.655392  -49.905392 (VIOLATED)
_14623_/CLK                             0.750000   50.655396  -49.905396 (VIOLATED)
_14654_/CLK                             0.750000   50.655396  -49.905396 (VIOLATED)
_14656_/CLK                             0.750000   50.655396  -49.905396 (VIOLATED)
_14657_/CLK                             0.750000   50.655396  -49.905396 (VIOLATED)
_14696_/CLK                             0.750000   50.655396  -49.905396 (VIOLATED)
_14698_/CLK                             0.750000   50.655396  -49.905396 (VIOLATED)
_14699_/CLK                             0.750000   50.655396  -49.905396 (VIOLATED)
_14721_/CLK                             0.750000   50.655376  -49.905380 (VIOLATED)
_14727_/CLK                             0.750000   50.655407  -49.905407 (VIOLATED)
_14728_/CLK                             0.750000   50.655407  -49.905407 (VIOLATED)
_14424_/CLK                             0.750000   50.655315  -49.905315 (VIOLATED)
_14429_/CLK                             0.750000   50.655304  -49.905304 (VIOLATED)
_14430_/CLK                             0.750000   50.655319  -49.905319 (VIOLATED)
_14456_/CLK                             0.750000   50.655323  -49.905327 (VIOLATED)
_14760_/CLK                             0.750000   50.655354  -49.905354 (VIOLATED)
_14864_/CLK                             0.750000   50.655399  -49.905399 (VIOLATED)
_14865_/CLK                             0.750000   50.655396  -49.905396 (VIOLATED)
_14927_/CLK                             0.750000   50.655399  -49.905399 (VIOLATED)
_14928_/CLK                             0.750000   50.655399  -49.905399 (VIOLATED)
_14929_/CLK                             0.750000   50.655399  -49.905399 (VIOLATED)
_14960_/CLK                             0.750000   50.655399  -49.905399 (VIOLATED)
_14997_/CLK                             0.750000   50.655399  -49.905399 (VIOLATED)
_14998_/CLK                             0.750000   50.655396  -49.905396 (VIOLATED)
_15029_/CLK                             0.750000   50.655399  -49.905399 (VIOLATED)
_14722_/CLK                             0.750000   50.655285  -49.905285 (VIOLATED)
_14761_/CLK                             0.750000   50.655323  -49.905323 (VIOLATED)
_14766_/CLK                             0.750000   50.655315  -49.905315 (VIOLATED)
_14767_/CLK                             0.750000   50.655315  -49.905315 (VIOLATED)
_14768_/CLK                             0.750000   50.655315  -49.905315 (VIOLATED)
_14769_/CLK                             0.750000   50.655319  -49.905319 (VIOLATED)
_14770_/CLK                             0.750000   50.655319  -49.905319 (VIOLATED)
_14771_/CLK                             0.750000   50.655319  -49.905319 (VIOLATED)
_14856_/CLK                             0.750000   50.655323  -49.905323 (VIOLATED)
_14886_/CLK                             0.750000   50.655323  -49.905327 (VIOLATED)
_14980_/CLK                             0.750000   50.655323  -49.905323 (VIOLATED)
_15069_/CLK                             0.750000   50.655323  -49.905327 (VIOLATED)
_15099_/CLK                             0.750000   50.655323  -49.905327 (VIOLATED)
_15136_/CLK                             0.750000   50.655323  -49.905327 (VIOLATED)
_14723_/CLK                             0.750000   50.655235  -49.905235 (VIOLATED)
_14725_/CLK                             0.750000   50.655258  -49.905258 (VIOLATED)
_14726_/CLK                             0.750000   50.655258  -49.905258 (VIOLATED)
_14762_/CLK                             0.750000   50.655254  -49.905254 (VIOLATED)
_14724_/CLK                             0.750000   50.655197  -49.905197 (VIOLATED)
_14917_/CLK                             0.750000   50.655220  -49.905220 (VIOLATED)
_14392_/CLK                             0.750000   50.655140  -49.905140 (VIOLATED)
_14395_/CLK                             0.750000   50.655140  -49.905140 (VIOLATED)
_14425_/CLK                             0.750000   50.655170  -49.905174 (VIOLATED)
_14428_/CLK                             0.750000   50.655216  -49.905216 (VIOLATED)
_14383_/CLK                             0.750000   50.655067  -49.905071 (VIOLATED)
_14384_/CLK                             0.750000   50.655052  -49.905052 (VIOLATED)
_14574_/CLK                             0.750000   50.655090  -49.905090 (VIOLATED)
_14577_/CLK                             0.750000   50.655140  -49.905140 (VIOLATED)
_14645_/CLK                             0.750000   50.655113  -49.905113 (VIOLATED)
_14648_/CLK                             0.750000   50.655140  -49.905140 (VIOLATED)
_14684_/CLK                             0.750000   50.655098  -49.905098 (VIOLATED)
_14690_/CLK                             0.750000   50.655128  -49.905128 (VIOLATED)
_14860_/CLK                             0.750000   50.655117  -49.905121 (VIOLATED)
_14386_/CLK                             0.750000   50.655029  -49.905029 (VIOLATED)
_14387_/CLK                             0.750000   50.655029  -49.905029 (VIOLATED)
_14388_/CLK                             0.750000   50.654980  -49.904980 (VIOLATED)
_14393_/CLK                             0.750000   50.654984  -49.904984 (VIOLATED)
_14394_/CLK                             0.750000   50.654984  -49.904984 (VIOLATED)
_14611_/CLK                             0.750000   50.655029  -49.905029 (VIOLATED)
_14612_/CLK                             0.750000   50.655029  -49.905029 (VIOLATED)
_14613_/CLK                             0.750000   50.655029  -49.905029 (VIOLATED)
_14614_/CLK                             0.750000   50.655029  -49.905029 (VIOLATED)
_14646_/CLK                             0.750000   50.655029  -49.905029 (VIOLATED)
_14677_/CLK                             0.750000   50.655029  -49.905029 (VIOLATED)
_14680_/CLK                             0.750000   50.655025  -49.905025 (VIOLATED)
_14687_/CLK                             0.750000   50.655029  -49.905029 (VIOLATED)
_14719_/CLK                             0.750000   50.655075  -49.905079 (VIOLATED)
_14720_/CLK                             0.750000   50.655075  -49.905079 (VIOLATED)
_14753_/CLK                             0.750000   50.655029  -49.905029 (VIOLATED)
_14756_/CLK                             0.750000   50.655029  -49.905029 (VIOLATED)
_14855_/CLK                             0.750000   50.655029  -49.905029 (VIOLATED)
_14895_/CLK                             0.750000   50.655029  -49.905029 (VIOLATED)
_14949_/CLK                             0.750000   50.655033  -49.905033 (VIOLATED)
_16218_/CLK                             0.750000   50.655029  -49.905029 (VIOLATED)
_16219_/CLK                             0.750000   50.655029  -49.905029 (VIOLATED)
_14396_/CLK                             0.750000   50.654953  -49.904953 (VIOLATED)
_14397_/CLK                             0.750000   50.654957  -49.904957 (VIOLATED)
_14398_/CLK                             0.750000   50.654957  -49.904957 (VIOLATED)
_14426_/CLK                             0.750000   50.654984  -49.904984 (VIOLATED)
_14427_/CLK                             0.750000   50.654984  -49.904984 (VIOLATED)
_14457_/CLK                             0.750000   50.654976  -49.904976 (VIOLATED)
_14539_/CLK                             0.750000   50.654980  -49.904980 (VIOLATED)
_16252_/CLK                             0.750000   50.654976  -49.904976 (VIOLATED)
_14493_/CLK                             0.750000   50.654922  -49.904922 (VIOLATED)
_14494_/CLK                             0.750000   50.654919  -49.904922 (VIOLATED)
_14500_/CLK                             0.750000   50.654968  -49.904972 (VIOLATED)
_14501_/CLK                             0.750000   50.654968  -49.904972 (VIOLATED)
_14503_/CLK                             0.750000   50.654972  -49.904976 (VIOLATED)
_14505_/CLK                             0.750000   50.654980  -49.904980 (VIOLATED)
_14507_/CLK                             0.750000   50.654980  -49.904980 (VIOLATED)
_14525_/CLK                             0.750000   50.654922  -49.904922 (VIOLATED)
_14526_/CLK                             0.750000   50.654919  -49.904922 (VIOLATED)
_14532_/CLK                             0.750000   50.654968  -49.904972 (VIOLATED)
_14533_/CLK                             0.750000   50.654968  -49.904972 (VIOLATED)
_14535_/CLK                             0.750000   50.654972  -49.904976 (VIOLATED)
_14537_/CLK                             0.750000   50.654980  -49.904980 (VIOLATED)
_14572_/CLK                             0.750000   50.654953  -49.904953 (VIOLATED)
_14573_/CLK                             0.750000   50.654957  -49.904957 (VIOLATED)
_14575_/CLK                             0.750000   50.654980  -49.904980 (VIOLATED)
_14576_/CLK                             0.750000   50.654980  -49.904980 (VIOLATED)
_14581_/CLK                             0.750000   50.654957  -49.904957 (VIOLATED)
_14582_/CLK                             0.750000   50.654957  -49.904957 (VIOLATED)
_14584_/CLK                             0.750000   50.654957  -49.904957 (VIOLATED)
_14606_/CLK                             0.750000   50.654953  -49.904953 (VIOLATED)
_14607_/CLK                             0.750000   50.654953  -49.904953 (VIOLATED)
_14608_/CLK                             0.750000   50.654953  -49.904953 (VIOLATED)
_14609_/CLK                             0.750000   50.654949  -49.904949 (VIOLATED)
_14610_/CLK                             0.750000   50.654949  -49.904949 (VIOLATED)
_14618_/CLK                             0.750000   50.654957  -49.904957 (VIOLATED)
_14619_/CLK                             0.750000   50.654957  -49.904957 (VIOLATED)
_14621_/CLK                             0.750000   50.654957  -49.904957 (VIOLATED)
_14643_/CLK                             0.750000   50.654938  -49.904938 (VIOLATED)
_14644_/CLK                             0.750000   50.654942  -49.904942 (VIOLATED)
_14647_/CLK                             0.750000   50.654980  -49.904980 (VIOLATED)
_14652_/CLK                             0.750000   50.654957  -49.904957 (VIOLATED)
_14653_/CLK                             0.750000   50.654957  -49.904957 (VIOLATED)
_14655_/CLK                             0.750000   50.654961  -49.904961 (VIOLATED)
_14678_/CLK                             0.750000   50.654934  -49.904934 (VIOLATED)
_14679_/CLK                             0.750000   50.654968  -49.904972 (VIOLATED)
_14685_/CLK                             0.750000   50.654953  -49.904953 (VIOLATED)
_14686_/CLK                             0.750000   50.654945  -49.904945 (VIOLATED)
_14688_/CLK                             0.750000   50.654980  -49.904980 (VIOLATED)
_14689_/CLK                             0.750000   50.654980  -49.904980 (VIOLATED)
_14694_/CLK                             0.750000   50.654957  -49.904957 (VIOLATED)
_14695_/CLK                             0.750000   50.654957  -49.904957 (VIOLATED)
_14697_/CLK                             0.750000   50.654961  -49.904961 (VIOLATED)
_14754_/CLK                             0.750000   50.654934  -49.904934 (VIOLATED)
_14755_/CLK                             0.750000   50.654976  -49.904976 (VIOLATED)
_14763_/CLK                             0.750000   50.654984  -49.904984 (VIOLATED)
_14764_/CLK                             0.750000   50.654984  -49.904984 (VIOLATED)
_14765_/CLK                             0.750000   50.654984  -49.904984 (VIOLATED)
_14792_/CLK                             0.750000   50.654976  -49.904976 (VIOLATED)
_14861_/CLK                             0.750000   50.654957  -49.904957 (VIOLATED)
_14862_/CLK                             0.750000   50.654957  -49.904957 (VIOLATED)
_14863_/CLK                             0.750000   50.654957  -49.904957 (VIOLATED)
_14894_/CLK                             0.750000   50.654964  -49.904968 (VIOLATED)
_14896_/CLK                             0.750000   50.654968  -49.904972 (VIOLATED)
_14897_/CLK                             0.750000   50.654976  -49.904976 (VIOLATED)
_14898_/CLK                             0.750000   50.654976  -49.904976 (VIOLATED)
_14900_/CLK                             0.750000   50.654980  -49.904980 (VIOLATED)
_14925_/CLK                             0.750000   50.654961  -49.904961 (VIOLATED)
_14926_/CLK                             0.750000   50.654964  -49.904964 (VIOLATED)
_14958_/CLK                             0.750000   50.654964  -49.904968 (VIOLATED)
_14959_/CLK                             0.750000   50.654972  -49.904976 (VIOLATED)
_14961_/CLK                             0.750000   50.654976  -49.904976 (VIOLATED)
_14985_/CLK                             0.750000   50.654984  -49.904984 (VIOLATED)
_14986_/CLK                             0.750000   50.654976  -49.904976 (VIOLATED)
_14987_/CLK                             0.750000   50.655018  -49.905022 (VIOLATED)
_14988_/CLK                             0.750000   50.654976  -49.904976 (VIOLATED)
_14989_/CLK                             0.750000   50.654926  -49.904926 (VIOLATED)
_14994_/CLK                             0.750000   50.654957  -49.904957 (VIOLATED)
_14995_/CLK                             0.750000   50.654957  -49.904957 (VIOLATED)
_15018_/CLK                             0.750000   50.654953  -49.904953 (VIOLATED)
_15026_/CLK                             0.750000   50.654964  -49.904968 (VIOLATED)
_15028_/CLK                             0.750000   50.654972  -49.904976 (VIOLATED)
_15030_/CLK                             0.750000   50.654980  -49.904980 (VIOLATED)
_15032_/CLK                             0.750000   50.654980  -49.904980 (VIOLATED)
_15051_/CLK                             0.750000   50.654957  -49.904957 (VIOLATED)
_15052_/CLK                             0.750000   50.654976  -49.904976 (VIOLATED)
_15053_/CLK                             0.750000   50.654976  -49.904976 (VIOLATED)
_15059_/CLK                             0.750000   50.654987  -49.904987 (VIOLATED)
_15060_/CLK                             0.750000   50.654976  -49.904976 (VIOLATED)
_15061_/CLK                             0.750000   50.654976  -49.904976 (VIOLATED)
_15062_/CLK                             0.750000   50.654976  -49.904976 (VIOLATED)
_15067_/CLK                             0.750000   50.654964  -49.904968 (VIOLATED)
_15102_/CLK                             0.750000   50.654991  -49.904991 (VIOLATED)
_15113_/CLK                             0.750000   50.654976  -49.904976 (VIOLATED)
_15114_/CLK                             0.750000   50.654980  -49.904980 (VIOLATED)
_15116_/CLK                             0.750000   50.654980  -49.904980 (VIOLATED)
_15134_/CLK                             0.750000   50.654949  -49.904949 (VIOLATED)
_15163_/CLK                             0.750000   50.654972  -49.904976 (VIOLATED)
_15164_/CLK                             0.750000   50.654976  -49.904976 (VIOLATED)
_15165_/CLK                             0.750000   50.654976  -49.904976 (VIOLATED)
_14492_/CLK                             0.750000   50.654850  -49.904850 (VIOLATED)
_14495_/CLK                             0.750000   50.654850  -49.904850 (VIOLATED)
_14496_/CLK                             0.750000   50.654850  -49.904850 (VIOLATED)
_14497_/CLK                             0.750000   50.654850  -49.904850 (VIOLATED)
_14498_/CLK                             0.750000   50.654850  -49.904850 (VIOLATED)
_14499_/CLK                             0.750000   50.654850  -49.904850 (VIOLATED)
_14502_/CLK                             0.750000   50.654850  -49.904850 (VIOLATED)
_14524_/CLK                             0.750000   50.654850  -49.904850 (VIOLATED)
_14527_/CLK                             0.750000   50.654850  -49.904850 (VIOLATED)
_14528_/CLK                             0.750000   50.654850  -49.904850 (VIOLATED)
_14529_/CLK                             0.750000   50.654850  -49.904850 (VIOLATED)
_14530_/CLK                             0.750000   50.654850  -49.904850 (VIOLATED)
_14531_/CLK                             0.750000   50.654850  -49.904850 (VIOLATED)
_14534_/CLK                             0.750000   50.654850  -49.904850 (VIOLATED)
_14578_/CLK                             0.750000   50.654850  -49.904850 (VIOLATED)
_14579_/CLK                             0.750000   50.654850  -49.904850 (VIOLATED)
_14580_/CLK                             0.750000   50.654850  -49.904850 (VIOLATED)
_14615_/CLK                             0.750000   50.654850  -49.904850 (VIOLATED)
_14616_/CLK                             0.750000   50.654850  -49.904850 (VIOLATED)
_14617_/CLK                             0.750000   50.654850  -49.904850 (VIOLATED)
_14649_/CLK                             0.750000   50.654850  -49.904850 (VIOLATED)
_14650_/CLK                             0.750000   50.654850  -49.904850 (VIOLATED)
_14651_/CLK                             0.750000   50.654850  -49.904850 (VIOLATED)
_14681_/CLK                             0.750000   50.654850  -49.904850 (VIOLATED)
_14691_/CLK                             0.750000   50.654850  -49.904850 (VIOLATED)
_14692_/CLK                             0.750000   50.654850  -49.904850 (VIOLATED)
_14693_/CLK                             0.750000   50.654850  -49.904850 (VIOLATED)
_14757_/CLK                             0.750000   50.654850  -49.904850 (VIOLATED)
_14887_/CLK                             0.750000   50.654850  -49.904850 (VIOLATED)
_14888_/CLK                             0.750000   50.654850  -49.904850 (VIOLATED)
_14889_/CLK                             0.750000   50.654850  -49.904850 (VIOLATED)
_14890_/CLK                             0.750000   50.654850  -49.904850 (VIOLATED)
_14891_/CLK                             0.750000   50.654850  -49.904850 (VIOLATED)
_14892_/CLK                             0.750000   50.654850  -49.904850 (VIOLATED)
_14893_/CLK                             0.750000   50.654850  -49.904850 (VIOLATED)
_14918_/CLK                             0.750000   50.654850  -49.904850 (VIOLATED)
_14919_/CLK                             0.750000   50.654850  -49.904850 (VIOLATED)
_14920_/CLK                             0.750000   50.654850  -49.904850 (VIOLATED)
_14921_/CLK                             0.750000   50.654850  -49.904850 (VIOLATED)
_14922_/CLK                             0.750000   50.654850  -49.904850 (VIOLATED)
_14923_/CLK                             0.750000   50.654850  -49.904850 (VIOLATED)
_14924_/CLK                             0.750000   50.654850  -49.904850 (VIOLATED)
_14950_/CLK                             0.750000   50.654850  -49.904850 (VIOLATED)
_14951_/CLK                             0.750000   50.654850  -49.904850 (VIOLATED)
_14952_/CLK                             0.750000   50.654850  -49.904850 (VIOLATED)
_14953_/CLK                             0.750000   50.654850  -49.904850 (VIOLATED)
_14954_/CLK                             0.750000   50.654850  -49.904850 (VIOLATED)
_14955_/CLK                             0.750000   50.654850  -49.904850 (VIOLATED)
_14956_/CLK                             0.750000   50.654850  -49.904850 (VIOLATED)
_14957_/CLK                             0.750000   50.654850  -49.904850 (VIOLATED)
_14981_/CLK                             0.750000   50.654850  -49.904850 (VIOLATED)
_14982_/CLK                             0.750000   50.654850  -49.904850 (VIOLATED)
_14983_/CLK                             0.750000   50.654850  -49.904850 (VIOLATED)
_14984_/CLK                             0.750000   50.654850  -49.904850 (VIOLATED)
_14990_/CLK                             0.750000   50.654850  -49.904850 (VIOLATED)
_14991_/CLK                             0.750000   50.654850  -49.904850 (VIOLATED)
_14992_/CLK                             0.750000   50.654850  -49.904850 (VIOLATED)
_14993_/CLK                             0.750000   50.654850  -49.904850 (VIOLATED)
_14996_/CLK                             0.750000   50.654850  -49.904850 (VIOLATED)
_15019_/CLK                             0.750000   50.654850  -49.904850 (VIOLATED)
_15020_/CLK                             0.750000   50.654850  -49.904850 (VIOLATED)
_15021_/CLK                             0.750000   50.654850  -49.904850 (VIOLATED)
_15022_/CLK                             0.750000   50.654850  -49.904850 (VIOLATED)
_15023_/CLK                             0.750000   50.654850  -49.904850 (VIOLATED)
_15024_/CLK                             0.750000   50.654850  -49.904850 (VIOLATED)
_15025_/CLK                             0.750000   50.654850  -49.904850 (VIOLATED)
_15027_/CLK                             0.750000   50.654850  -49.904850 (VIOLATED)
_15049_/CLK                             0.750000   50.654850  -49.904850 (VIOLATED)
_15050_/CLK                             0.750000   50.654850  -49.904850 (VIOLATED)
_15054_/CLK                             0.750000   50.654850  -49.904850 (VIOLATED)
_15055_/CLK                             0.750000   50.654850  -49.904850 (VIOLATED)
_15056_/CLK                             0.750000   50.654850  -49.904850 (VIOLATED)
_15057_/CLK                             0.750000   50.654850  -49.904850 (VIOLATED)
_15058_/CLK                             0.750000   50.654850  -49.904850 (VIOLATED)
_15063_/CLK                             0.750000   50.654850  -49.904850 (VIOLATED)
_15064_/CLK                             0.750000   50.654850  -49.904850 (VIOLATED)
_15065_/CLK                             0.750000   50.654850  -49.904850 (VIOLATED)
_15066_/CLK                             0.750000   50.654850  -49.904850 (VIOLATED)
_15068_/CLK                             0.750000   50.654850  -49.904850 (VIOLATED)
_15071_/CLK                             0.750000   50.654850  -49.904850 (VIOLATED)
_15081_/CLK                             0.750000   50.654850  -49.904850 (VIOLATED)
_15082_/CLK                             0.750000   50.654850  -49.904850 (VIOLATED)
_15083_/CLK                             0.750000   50.654850  -49.904850 (VIOLATED)
_15095_/CLK                             0.750000   50.654850  -49.904850 (VIOLATED)
_15100_/CLK                             0.750000   50.654850  -49.904850 (VIOLATED)
_15101_/CLK                             0.750000   50.654850  -49.904850 (VIOLATED)
_15103_/CLK                             0.750000   50.654850  -49.904850 (VIOLATED)
_15104_/CLK                             0.750000   50.654850  -49.904850 (VIOLATED)
_15105_/CLK                             0.750000   50.654850  -49.904850 (VIOLATED)
_15106_/CLK                             0.750000   50.654850  -49.904850 (VIOLATED)
_15107_/CLK                             0.750000   50.654850  -49.904850 (VIOLATED)
_15108_/CLK                             0.750000   50.654850  -49.904850 (VIOLATED)
_15109_/CLK                             0.750000   50.654850  -49.904850 (VIOLATED)
_15110_/CLK                             0.750000   50.654850  -49.904850 (VIOLATED)
_15111_/CLK                             0.750000   50.654850  -49.904850 (VIOLATED)
_15112_/CLK                             0.750000   50.654850  -49.904850 (VIOLATED)
_15135_/CLK                             0.750000   50.654850  -49.904850 (VIOLATED)
_15137_/CLK                             0.750000   50.654850  -49.904850 (VIOLATED)
_15148_/CLK                             0.750000   50.654850  -49.904850 (VIOLATED)
_15149_/CLK                             0.750000   50.654850  -49.904850 (VIOLATED)
_15150_/CLK                             0.750000   50.654850  -49.904850 (VIOLATED)
_15152_/CLK                             0.750000   50.654850  -49.904850 (VIOLATED)
_15153_/CLK                             0.750000   50.654850  -49.904850 (VIOLATED)
_15154_/CLK                             0.750000   50.654850  -49.904850 (VIOLATED)
_15155_/CLK                             0.750000   50.654850  -49.904850 (VIOLATED)
_15156_/CLK                             0.750000   50.654850  -49.904850 (VIOLATED)
_15157_/CLK                             0.750000   50.654850  -49.904850 (VIOLATED)
_15158_/CLK                             0.750000   50.654850  -49.904850 (VIOLATED)
_15159_/CLK                             0.750000   50.654850  -49.904850 (VIOLATED)
_15160_/CLK                             0.750000   50.654850  -49.904850 (VIOLATED)
_15161_/CLK                             0.750000   50.654850  -49.904850 (VIOLATED)
_15162_/CLK                             0.750000   50.654850  -49.904850 (VIOLATED)
_15166_/CLK                             0.750000   50.654850  -49.904850 (VIOLATED)
_15185_/CLK                             0.750000   50.654850  -49.904850 (VIOLATED)
_15186_/CLK                             0.750000   50.654850  -49.904850 (VIOLATED)
_15187_/CLK                             0.750000   50.654850  -49.904850 (VIOLATED)
_15190_/CLK                             0.750000   50.654850  -49.904850 (VIOLATED)
_15191_/CLK                             0.750000   50.654850  -49.904850 (VIOLATED)
_15192_/CLK                             0.750000   50.654850  -49.904850 (VIOLATED)
_15196_/CLK                             0.750000   50.654850  -49.904850 (VIOLATED)
_15198_/CLK                             0.750000   50.654850  -49.904850 (VIOLATED)
_15199_/CLK                             0.750000   50.654850  -49.904850 (VIOLATED)
_15200_/CLK                             0.750000   50.654850  -49.904850 (VIOLATED)
_15201_/CLK                             0.750000   50.654850  -49.904850 (VIOLATED)
_15202_/CLK                             0.750000   50.654850  -49.904850 (VIOLATED)
_15203_/CLK                             0.750000   50.654850  -49.904850 (VIOLATED)
_15206_/CLK                             0.750000   50.654850  -49.904850 (VIOLATED)
_15207_/CLK                             0.750000   50.654850  -49.904850 (VIOLATED)
_15208_/CLK                             0.750000   50.654850  -49.904850 (VIOLATED)
_15212_/CLK                             0.750000   50.654850  -49.904850 (VIOLATED)
_15214_/CLK                             0.750000   50.654850  -49.904850 (VIOLATED)
_15215_/CLK                             0.750000   50.654850  -49.904850 (VIOLATED)
_15216_/CLK                             0.750000   50.654850  -49.904850 (VIOLATED)
_15217_/CLK                             0.750000   50.654850  -49.904850 (VIOLATED)
_15218_/CLK                             0.750000   50.654850  -49.904850 (VIOLATED)
_15219_/CLK                             0.750000   50.654850  -49.904850 (VIOLATED)
_15222_/CLK                             0.750000   50.654850  -49.904850 (VIOLATED)
_15223_/CLK                             0.750000   50.654850  -49.904850 (VIOLATED)
_15224_/CLK                             0.750000   50.654850  -49.904850 (VIOLATED)
_15228_/CLK                             0.750000   50.654850  -49.904850 (VIOLATED)
_15230_/CLK                             0.750000   50.654850  -49.904850 (VIOLATED)
_15231_/CLK                             0.750000   50.654850  -49.904850 (VIOLATED)
_15232_/CLK                             0.750000   50.654850  -49.904850 (VIOLATED)
_15233_/CLK                             0.750000   50.654850  -49.904850 (VIOLATED)
_15234_/CLK                             0.750000   50.654850  -49.904850 (VIOLATED)
_15235_/CLK                             0.750000   50.654850  -49.904850 (VIOLATED)
_15238_/CLK                             0.750000   50.654850  -49.904850 (VIOLATED)
_15239_/CLK                             0.750000   50.654850  -49.904850 (VIOLATED)
_15240_/CLK                             0.750000   50.654850  -49.904850 (VIOLATED)
_15244_/CLK                             0.750000   50.654850  -49.904850 (VIOLATED)
_15246_/CLK                             0.750000   50.654850  -49.904850 (VIOLATED)
_15247_/CLK                             0.750000   50.654850  -49.904850 (VIOLATED)
_15248_/CLK                             0.750000   50.654850  -49.904850 (VIOLATED)
_15249_/CLK                             0.750000   50.654850  -49.904850 (VIOLATED)
_15250_/CLK                             0.750000   50.654850  -49.904850 (VIOLATED)
_15251_/CLK                             0.750000   50.654850  -49.904850 (VIOLATED)
_15252_/CLK                             0.750000   50.654850  -49.904850 (VIOLATED)
_15253_/CLK                             0.750000   50.654850  -49.904850 (VIOLATED)
_15256_/CLK                             0.750000   50.654850  -49.904850 (VIOLATED)
_15257_/CLK                             0.750000   50.654850  -49.904850 (VIOLATED)
_15258_/CLK                             0.750000   50.654850  -49.904850 (VIOLATED)
_15262_/CLK                             0.750000   50.654850  -49.904850 (VIOLATED)
_15264_/CLK                             0.750000   50.654850  -49.904850 (VIOLATED)
_15265_/CLK                             0.750000   50.654850  -49.904850 (VIOLATED)
_15266_/CLK                             0.750000   50.654850  -49.904850 (VIOLATED)
_15267_/CLK                             0.750000   50.654850  -49.904850 (VIOLATED)
_15268_/CLK                             0.750000   50.654850  -49.904850 (VIOLATED)
_15269_/CLK                             0.750000   50.654850  -49.904850 (VIOLATED)
_15272_/CLK                             0.750000   50.654850  -49.904850 (VIOLATED)
_15273_/CLK                             0.750000   50.654850  -49.904850 (VIOLATED)
_15274_/CLK                             0.750000   50.654850  -49.904850 (VIOLATED)
_15278_/CLK                             0.750000   50.654850  -49.904850 (VIOLATED)
_15280_/CLK                             0.750000   50.654850  -49.904850 (VIOLATED)
_15281_/CLK                             0.750000   50.654850  -49.904850 (VIOLATED)
_15282_/CLK                             0.750000   50.654850  -49.904850 (VIOLATED)
_15283_/CLK                             0.750000   50.654850  -49.904850 (VIOLATED)
_15284_/CLK                             0.750000   50.654850  -49.904850 (VIOLATED)
_15285_/CLK                             0.750000   50.654850  -49.904850 (VIOLATED)
_15286_/CLK                             0.750000   50.654850  -49.904850 (VIOLATED)
_15287_/CLK                             0.750000   50.654850  -49.904850 (VIOLATED)
_15288_/CLK                             0.750000   50.654850  -49.904850 (VIOLATED)
_15289_/CLK                             0.750000   50.654850  -49.904850 (VIOLATED)
core_clock_gate_i.u_icg/GCLK            0.750000   50.654850  -49.904850 (VIOLATED)
_15343_/RESET_B                         0.750000   37.877144  -37.127144 (VIOLATED)
_15375_/RESET_B                         0.750000   37.877174  -37.127178 (VIOLATED)
_15503_/RESET_B                         0.750000   37.877171  -37.127171 (VIOLATED)
_15631_/RESET_B                         0.750000   37.877171  -37.127171 (VIOLATED)
_16175_/RESET_B                         0.750000   37.877174  -37.127178 (VIOLATED)
_15663_/RESET_B                         0.750000   37.877132  -37.127136 (VIOLATED)
_15727_/RESET_B                         0.750000   37.877140  -37.127140 (VIOLATED)
_15791_/RESET_B                         0.750000   37.877174  -37.127174 (VIOLATED)
_15887_/RESET_B                         0.750000   37.877140  -37.127140 (VIOLATED)
_15983_/RESET_B                         0.750000   37.877129  -37.127132 (VIOLATED)
_16047_/RESET_B                         0.750000   37.877144  -37.127144 (VIOLATED)
_15919_/RESET_B                         0.750000   37.877064  -37.127064 (VIOLATED)
_15441_/RESET_B                         0.750000   37.876976  -37.126980 (VIOLATED)
_16017_/RESET_B                         0.750000   37.876995  -37.126995 (VIOLATED)
_15567_/RESET_B                         0.750000   37.876926  -37.126930 (VIOLATED)
_15599_/RESET_B                         0.750000   37.876923  -37.126926 (VIOLATED)
_16111_/RESET_B                         0.750000   37.876923  -37.126926 (VIOLATED)
_16241_/RESET_B                         0.750000   37.876923  -37.126926 (VIOLATED)
_15537_/RESET_B                         0.750000   37.876884  -37.126884 (VIOLATED)
_16145_/RESET_B                         0.750000   37.876801  -37.126801 (VIOLATED)
_15473_/RESET_B                         0.750000   37.876732  -37.126732 (VIOLATED)
_15569_/RESET_B                         0.750000   37.876720  -37.126720 (VIOLATED)
_15697_/RESET_B                         0.750000   37.876740  -37.126740 (VIOLATED)
_15825_/RESET_B                         0.750000   37.876759  -37.126759 (VIOLATED)
_16081_/RESET_B                         0.750000   37.876740  -37.126740 (VIOLATED)
_14483_/RESET_B                         0.750000   37.876656  -37.126656 (VIOLATED)
_15985_/RESET_B                         0.750000   37.876659  -37.126659 (VIOLATED)
_16243_/RESET_B                         0.750000   37.876686  -37.126686 (VIOLATED)
_15377_/RESET_B                         0.750000   37.876610  -37.126614 (VIOLATED)
_15505_/RESET_B                         0.750000   37.876610  -37.126614 (VIOLATED)
_15601_/RESET_B                         0.750000   37.876625  -37.126625 (VIOLATED)
_15633_/RESET_B                         0.750000   37.876659  -37.126659 (VIOLATED)
_15665_/RESET_B                         0.750000   37.876614  -37.126617 (VIOLATED)
_15729_/RESET_B                         0.750000   37.876644  -37.126644 (VIOLATED)
_15761_/RESET_B                         0.750000   37.876652  -37.126652 (VIOLATED)
_15889_/RESET_B                         0.750000   37.876637  -37.126637 (VIOLATED)
_15793_/RESET_B                         0.750000   37.876598  -37.126598 (VIOLATED)
_16113_/RESET_B                         0.750000   37.876621  -37.126621 (VIOLATED)
_15383_/RESET_B                         0.750000   37.876545  -37.126545 (VIOLATED)
_15639_/RESET_B                         0.750000   37.876534  -37.126534 (VIOLATED)
_15345_/RESET_B                         0.750000   37.876488  -37.126488 (VIOLATED)
_15890_/RESET_B                         0.750000   37.876507  -37.126511 (VIOLATED)
_15313_/RESET_B                         0.750000   37.876450  -37.126450 (VIOLATED)
_15409_/RESET_B                         0.750000   37.876480  -37.126480 (VIOLATED)
_15447_/RESET_B                         0.750000   37.876511  -37.126514 (VIOLATED)
_15735_/RESET_B                         0.750000   37.876465  -37.126465 (VIOLATED)
_15921_/RESET_B                         0.750000   37.876492  -37.126492 (VIOLATED)
_15953_/RESET_B                         0.750000   37.876492  -37.126492 (VIOLATED)
_15857_/RESET_B                         0.750000   37.876450  -37.126453 (VIOLATED)
_16049_/RESET_B                         0.750000   37.876488  -37.126488 (VIOLATED)
_16146_/RESET_B                         0.750000   37.876518  -37.126518 (VIOLATED)
_15319_/RESET_B                         0.750000   37.876377  -37.126377 (VIOLATED)
_15538_/RESET_B                         0.750000   37.876411  -37.126411 (VIOLATED)
_15927_/RESET_B                         0.750000   37.876438  -37.126438 (VIOLATED)
_16209_/RESET_B                         0.750000   37.876461  -37.126465 (VIOLATED)
_15863_/RESET_B                         0.750000   37.876392  -37.126392 (VIOLATED)
_16151_/RESET_B                         0.750000   37.876423  -37.126423 (VIOLATED)
_16177_/RESET_B                         0.750000   37.876450  -37.126450 (VIOLATED)
_15959_/RESET_B                         0.750000   37.876354  -37.126358 (VIOLATED)
_16023_/RESET_B                         0.750000   37.876385  -37.126385 (VIOLATED)
_16183_/RESET_B                         0.750000   37.876392  -37.126392 (VIOLATED)
_15351_/RESET_B                         0.750000   37.876297  -37.126297 (VIOLATED)
_15415_/RESET_B                         0.750000   37.876324  -37.126324 (VIOLATED)
_15575_/RESET_B                         0.750000   37.876316  -37.126316 (VIOLATED)
_16082_/RESET_B                         0.750000   37.876335  -37.126335 (VIOLATED)
_16087_/RESET_B                         0.750000   37.876369  -37.126369 (VIOLATED)
_16249_/RESET_B                         0.750000   37.876328  -37.126328 (VIOLATED)
_15511_/RESET_B                         0.750000   37.876247  -37.126251 (VIOLATED)
_15634_/RESET_B                         0.750000   37.876282  -37.126282 (VIOLATED)
_16215_/RESET_B                         0.750000   37.876286  -37.126286 (VIOLATED)
_15543_/RESET_B                         0.750000   37.876225  -37.126225 (VIOLATED)
_15671_/RESET_B                         0.750000   37.876179  -37.126179 (VIOLATED)
_15799_/RESET_B                         0.750000   37.876213  -37.126213 (VIOLATED)
_15895_/RESET_B                         0.750000   37.876247  -37.126251 (VIOLATED)
_15767_/RESET_B                         0.750000   37.876175  -37.126175 (VIOLATED)
_15346_/RESET_B                         0.750000   37.876087  -37.126087 (VIOLATED)
_15703_/RESET_B                         0.750000   37.876091  -37.126095 (VIOLATED)
_15831_/RESET_B                         0.750000   37.876041  -37.126045 (VIOLATED)
_15858_/RESET_B                         0.750000   37.876003  -37.126003 (VIOLATED)
_15991_/RESET_B                         0.750000   37.875999  -37.125999 (VIOLATED)
_15479_/RESET_B                         0.750000   37.875935  -37.125938 (VIOLATED)
_16055_/RESET_B                         0.750000   37.875896  -37.125896 (VIOLATED)
_14489_/RESET_B                         0.750000   37.875824  -37.125824 (VIOLATED)
_15607_/RESET_B                         0.750000   37.875809  -37.125809 (VIOLATED)
_15826_/RESET_B                         0.750000   37.875832  -37.125832 (VIOLATED)
_16119_/RESET_B                         0.750000   37.875820  -37.125820 (VIOLATED)
_15698_/RESET_B                         0.750000   37.875763  -37.125763 (VIOLATED)
_15666_/RESET_B                         0.750000   37.875664  -37.125664 (VIOLATED)
_15311_/RESET_B                         0.750000   37.875584  -37.125584 (VIOLATED)
_15439_/RESET_B                         0.750000   37.875542  -37.125542 (VIOLATED)
_15471_/RESET_B                         0.750000   37.875542  -37.125542 (VIOLATED)
_15535_/RESET_B                         0.750000   37.875546  -37.125546 (VIOLATED)
_15695_/RESET_B                         0.750000   37.875561  -37.125561 (VIOLATED)
_15759_/RESET_B                         0.750000   37.875584  -37.125584 (VIOLATED)
_15855_/RESET_B                         0.750000   37.875580  -37.125584 (VIOLATED)
_15951_/RESET_B                         0.750000   37.875565  -37.125565 (VIOLATED)
_16143_/RESET_B                         0.750000   37.875584  -37.125584 (VIOLATED)
_15823_/RESET_B                         0.750000   37.875519  -37.125523 (VIOLATED)
_16015_/RESET_B                         0.750000   37.875534  -37.125534 (VIOLATED)
_16079_/RESET_B                         0.750000   37.875557  -37.125557 (VIOLATED)
_16207_/RESET_B                         0.750000   37.875538  -37.125538 (VIOLATED)
_15342_/RESET_B                         0.750000   37.875481  -37.125481 (VIOLATED)
_15407_/RESET_B                         0.750000   37.875504  -37.125504 (VIOLATED)
_15470_/RESET_B                         0.750000   37.875481  -37.125481 (VIOLATED)
_14481_/RESET_B                         0.750000   37.875443  -37.125443 (VIOLATED)
_15438_/RESET_B                         0.750000   37.875473  -37.125477 (VIOLATED)
_15310_/RESET_B                         0.750000   37.875431  -37.125431 (VIOLATED)
_15374_/RESET_B                         0.750000   37.875416  -37.125416 (VIOLATED)
_15630_/RESET_B                         0.750000   37.875435  -37.125435 (VIOLATED)
_15918_/RESET_B                         0.750000   37.875458  -37.125458 (VIOLATED)
_16046_/RESET_B                         0.750000   37.875458  -37.125458 (VIOLATED)
_16078_/RESET_B                         0.750000   37.875458  -37.125458 (VIOLATED)
_16142_/RESET_B                         0.750000   37.875481  -37.125481 (VIOLATED)
_16174_/RESET_B                         0.750000   37.875431  -37.125431 (VIOLATED)
_16206_/RESET_B                         0.750000   37.875465  -37.125465 (VIOLATED)
_15502_/RESET_B                         0.750000   37.875370  -37.125374 (VIOLATED)
_15662_/RESET_B                         0.750000   37.875374  -37.125378 (VIOLATED)
_15694_/RESET_B                         0.750000   37.875401  -37.125401 (VIOLATED)
_15758_/RESET_B                         0.750000   37.875427  -37.125427 (VIOLATED)
_15790_/RESET_B                         0.750000   37.875443  -37.125443 (VIOLATED)
_15886_/RESET_B                         0.750000   37.875420  -37.125423 (VIOLATED)
_15982_/RESET_B                         0.750000   37.875378  -37.125378 (VIOLATED)
_16014_/RESET_B                         0.750000   37.875412  -37.125412 (VIOLATED)
_15376_/RESET_B                         0.750000   37.875320  -37.125324 (VIOLATED)
_15440_/RESET_B                         0.750000   37.875328  -37.125328 (VIOLATED)
_15446_/RESET_B                         0.750000   37.875263  -37.125267 (VIOLATED)
_15536_/RESET_B                         0.750000   37.875301  -37.125301 (VIOLATED)
_15696_/RESET_B                         0.750000   37.875305  -37.125305 (VIOLATED)
_15726_/RESET_B                         0.750000   37.875301  -37.125301 (VIOLATED)
_15854_/RESET_B                         0.750000   37.875332  -37.125332 (VIOLATED)
_15888_/RESET_B                         0.750000   37.875313  -37.125317 (VIOLATED)
_16144_/RESET_B                         0.750000   37.875328  -37.125328 (VIOLATED)
_16208_/RESET_B                         0.750000   37.875317  -37.125320 (VIOLATED)
_15510_/RESET_B                         0.750000   37.875259  -37.125259 (VIOLATED)
_14480_/RESET_B                         0.750000   37.875217  -37.125221 (VIOLATED)
_14482_/RESET_B                         0.750000   37.875206  -37.125206 (VIOLATED)
_15606_/RESET_B                         0.750000   37.875221  -37.125221 (VIOLATED)
_15670_/RESET_B                         0.750000   37.875252  -37.125252 (VIOLATED)
_15702_/RESET_B                         0.750000   37.875240  -37.125240 (VIOLATED)
_15894_/RESET_B                         0.750000   37.875263  -37.125267 (VIOLATED)
_15334_/RESET_B                         0.750000   37.875183  -37.125183 (VIOLATED)
_15534_/RESET_B                         0.750000   37.875168  -37.125172 (VIOLATED)
_15822_/RESET_B                         0.750000   37.875153  -37.125153 (VIOLATED)
_15950_/RESET_B                         0.750000   37.875187  -37.125187 (VIOLATED)
_15974_/RESET_B                         0.750000   37.875202  -37.125202 (VIOLATED)
_16022_/RESET_B                         0.750000   37.875214  -37.125217 (VIOLATED)
_16150_/RESET_B                         0.750000   37.875210  -37.125214 (VIOLATED)
_16038_/RESET_B                         0.750000   37.875149  -37.125149 (VIOLATED)
_15504_/RESET_B                         0.750000   37.875092  -37.125092 (VIOLATED)
_15598_/RESET_B                         0.750000   37.875103  -37.125103 (VIOLATED)
_15622_/RESET_B                         0.750000   37.875130  -37.125130 (VIOLATED)
_15984_/RESET_B                         0.750000   37.875050  -37.125050 (VIOLATED)
_15406_/RESET_B                         0.750000   37.874992  -37.124992 (VIOLATED)
_15566_/RESET_B                         0.750000   37.874996  -37.124996 (VIOLATED)
_15952_/RESET_B                         0.750000   37.875004  -37.125008 (VIOLATED)
_16110_/RESET_B                         0.750000   37.875019  -37.125019 (VIOLATED)
_16240_/RESET_B                         0.750000   37.875004  -37.125004 (VIOLATED)
_15728_/RESET_B                         0.750000   37.874832  -37.124832 (VIOLATED)
_15366_/RESET_B                         0.750000   37.874779  -37.124779 (VIOLATED)
_15878_/RESET_B                         0.750000   37.874779  -37.124779 (VIOLATED)
_16016_/RESET_B                         0.750000   37.874725  -37.124725 (VIOLATED)
_15462_/RESET_B                         0.750000   37.874676  -37.124676 (VIOLATED)
_15792_/RESET_B                         0.750000   37.874691  -37.124695 (VIOLATED)
_16080_/RESET_B                         0.750000   37.874531  -37.124531 (VIOLATED)
_16048_/RESET_B                         0.750000   37.874485  -37.124485 (VIOLATED)
_15560_/RESET_B                         0.750000   37.874287  -37.124290 (VIOLATED)
_15336_/RESET_B                         0.750000   37.874203  -37.124203 (VIOLATED)
_15568_/RESET_B                         0.750000   37.874237  -37.124237 (VIOLATED)
_15600_/RESET_B                         0.750000   37.874268  -37.124268 (VIOLATED)
_15920_/RESET_B                         0.750000   37.874241  -37.124241 (VIOLATED)
_16040_/RESET_B                         0.750000   37.874249  -37.124249 (VIOLATED)
_16112_/RESET_B                         0.750000   37.874283  -37.124287 (VIOLATED)
_16242_/RESET_B                         0.750000   37.874233  -37.124237 (VIOLATED)
_15316_/RESET_B                         0.750000   37.873898  -37.123898 (VIOLATED)
_15828_/RESET_B                         0.750000   37.873901  -37.123901 (VIOLATED)
_16246_/RESET_B                         0.750000   37.873898  -37.123898 (VIOLATED)
_15572_/RESET_B                         0.750000   37.873783  -37.123783 (VIOLATED)
_15730_/RESET_B                         0.750000   37.873798  -37.123798 (VIOLATED)
_15762_/RESET_B                         0.750000   37.873802  -37.123802 (VIOLATED)
_15794_/RESET_B                         0.750000   37.873791  -37.123791 (VIOLATED)
_15922_/RESET_B                         0.750000   37.873783  -37.123783 (VIOLATED)
_15986_/RESET_B                         0.750000   37.873798  -37.123798 (VIOLATED)
_16210_/RESET_B                         0.750000   37.873772  -37.123772 (VIOLATED)
_14484_/RESET_B                         0.750000   37.873722  -37.123722 (VIOLATED)
_15410_/RESET_B                         0.750000   37.873741  -37.123741 (VIOLATED)
_15506_/RESET_B                         0.750000   37.873734  -37.123734 (VIOLATED)
_15592_/RESET_B                         0.750000   37.873764  -37.123768 (VIOLATED)
_16050_/RESET_B                         0.750000   37.873711  -37.123714 (VIOLATED)
_15378_/RESET_B                         0.750000   37.873657  -37.123661 (VIOLATED)
_15442_/RESET_B                         0.750000   37.873627  -37.123627 (VIOLATED)
_15474_/RESET_B                         0.750000   37.873657  -37.123661 (VIOLATED)
_15954_/RESET_B                         0.750000   37.873634  -37.123634 (VIOLATED)
_16018_/RESET_B                         0.750000   37.873661  -37.123665 (VIOLATED)
_15752_/RESET_B                         0.750000   37.873535  -37.123535 (VIOLATED)
_15304_/RESET_B                         0.750000   37.873489  -37.123489 (VIOLATED)
_15570_/RESET_B                         0.750000   37.873451  -37.123455 (VIOLATED)
_15602_/RESET_B                         0.750000   37.873459  -37.123463 (VIOLATED)
_16114_/RESET_B                         0.750000   37.873459  -37.123463 (VIOLATED)
_16136_/RESET_B                         0.750000   37.873478  -37.123478 (VIOLATED)
_16168_/RESET_B                         0.750000   37.873505  -37.123508 (VIOLATED)
_15988_/RESET_B                         0.750000   37.873409  -37.123409 (VIOLATED)
_16234_/RESET_B                         0.750000   37.873447  -37.123447 (VIOLATED)
_16244_/RESET_B                         0.750000   37.873451  -37.123455 (VIOLATED)
_14486_/RESET_B                         0.750000   37.873333  -37.123333 (VIOLATED)
_15368_/RESET_B                         0.750000   37.873341  -37.123341 (VIOLATED)
_15444_/RESET_B                         0.750000   37.873341  -37.123341 (VIOLATED)
_16084_/RESET_B                         0.750000   37.873009  -37.123009 (VIOLATED)
_14474_/RESET_B                         0.750000   37.872700  -37.122700 (VIOLATED)
_15464_/RESET_B                         0.750000   37.872726  -37.122726 (VIOLATED)
_15314_/RESET_B                         0.750000   37.872631  -37.122635 (VIOLATED)
_15432_/RESET_B                         0.750000   37.872620  -37.122620 (VIOLATED)
_15784_/RESET_B                         0.750000   37.872616  -37.122616 (VIOLATED)
_16072_/RESET_B                         0.750000   37.872620  -37.122620 (VIOLATED)
_16104_/RESET_B                         0.750000   37.872623  -37.122627 (VIOLATED)
_16178_/RESET_B                         0.750000   37.872631  -37.122635 (VIOLATED)
_16200_/RESET_B                         0.750000   37.872623  -37.122623 (VIOLATED)
_15912_/RESET_B                         0.750000   37.872578  -37.122581 (VIOLATED)
_15624_/RESET_B                         0.750000   37.872314  -37.122318 (VIOLATED)
_15688_/RESET_B                         0.750000   37.872257  -37.122257 (VIOLATED)
_15400_/RESET_B                         0.750000   37.872192  -37.122192 (VIOLATED)
_15528_/RESET_B                         0.750000   37.872173  -37.122173 (VIOLATED)
_15656_/RESET_B                         0.750000   37.872173  -37.122173 (VIOLATED)
_15816_/RESET_B                         0.750000   37.872192  -37.122192 (VIOLATED)
_16008_/RESET_B                         0.750000   37.872192  -37.122192 (VIOLATED)
_15944_/RESET_B                         0.750000   37.871883  -37.121883 (VIOLATED)
_15496_/RESET_B                         0.750000   37.871845  -37.121845 (VIOLATED)
_15976_/RESET_B                         0.750000   37.871769  -37.121769 (VIOLATED)
_14472_/RESET_B                         0.750000   37.871601  -37.121601 (VIOLATED)
_15302_/RESET_B                         0.750000   37.871635  -37.121635 (VIOLATED)
_15398_/RESET_B                         0.750000   37.871613  -37.121613 (VIOLATED)
_15430_/RESET_B                         0.750000   37.871635  -37.121635 (VIOLATED)
_15526_/RESET_B                         0.750000   37.871639  -37.121639 (VIOLATED)
_15718_/RESET_B                         0.750000   37.871639  -37.121639 (VIOLATED)
_15720_/RESET_B                         0.750000   37.871639  -37.121643 (VIOLATED)
_15750_/RESET_B                         0.750000   37.871658  -37.121658 (VIOLATED)
_15782_/RESET_B                         0.750000   37.871658  -37.121658 (VIOLATED)
_15910_/RESET_B                         0.750000   37.871639  -37.121639 (VIOLATED)
_16134_/RESET_B                         0.750000   37.871647  -37.121651 (VIOLATED)
_16198_/RESET_B                         0.750000   37.871658  -37.121658 (VIOLATED)
_15494_/RESET_B                         0.750000   37.871578  -37.121578 (VIOLATED)
_15558_/RESET_B                         0.750000   37.871597  -37.121601 (VIOLATED)
_15590_/RESET_B                         0.750000   37.871574  -37.121574 (VIOLATED)
_15654_/RESET_B                         0.750000   37.871578  -37.121578 (VIOLATED)
_15686_/RESET_B                         0.750000   37.871590  -37.121593 (VIOLATED)
_15814_/RESET_B                         0.750000   37.871624  -37.121624 (VIOLATED)
_15846_/RESET_B                         0.750000   37.871624  -37.121624 (VIOLATED)
_15848_/RESET_B                         0.750000   37.871647  -37.121651 (VIOLATED)
_15880_/RESET_B                         0.750000   37.871643  -37.121647 (VIOLATED)
_15942_/RESET_B                         0.750000   37.871590  -37.121590 (VIOLATED)
_16006_/RESET_B                         0.750000   37.871552  -37.121552 (VIOLATED)
_16232_/RESET_B                         0.750000   37.871555  -37.121555 (VIOLATED)
_16070_/RESET_B                         0.750000   37.871513  -37.121513 (VIOLATED)
_16102_/RESET_B                         0.750000   37.871529  -37.121529 (VIOLATED)
_16166_/RESET_B                         0.750000   37.871517  -37.121517 (VIOLATED)
_15966_/RESET_B                         0.750000   37.871433  -37.121437 (VIOLATED)
_15326_/RESET_B                         0.750000   37.871391  -37.121395 (VIOLATED)
_15508_/RESET_B                         0.750000   37.871372  -37.121372 (VIOLATED)
_15604_/RESET_B                         0.750000   37.871368  -37.121368 (VIOLATED)
_15412_/RESET_B                         0.750000   37.871330  -37.121330 (VIOLATED)
_15668_/RESET_B                         0.750000   37.871361  -37.121361 (VIOLATED)
_15796_/RESET_B                         0.750000   37.871365  -37.121365 (VIOLATED)
_15806_/RESET_B                         0.750000   37.871365  -37.121365 (VIOLATED)
_15732_/RESET_B                         0.750000   37.871323  -37.121323 (VIOLATED)
_16148_/RESET_B                         0.750000   37.871338  -37.121342 (VIOLATED)
_15628_/RESET_B                         0.750000   37.871273  -37.121273 (VIOLATED)
_15788_/RESET_B                         0.750000   37.871273  -37.121273 (VIOLATED)
_16190_/RESET_B                         0.750000   37.871300  -37.121300 (VIOLATED)
_15468_/RESET_B                         0.750000   37.871231  -37.121235 (VIOLATED)
_15532_/RESET_B                         0.750000   37.871269  -37.121269 (VIOLATED)
_15948_/RESET_B                         0.750000   37.871246  -37.121246 (VIOLATED)
_15742_/RESET_B                         0.750000   37.871124  -37.121128 (VIOLATED)
_15486_/RESET_B                         0.750000   37.870682  -37.120682 (VIOLATED)
_15916_/RESET_B                         0.750000   37.870583  -37.120583 (VIOLATED)
_15404_/RESET_B                         0.750000   37.870434  -37.120434 (VIOLATED)
_15436_/RESET_B                         0.750000   37.870449  -37.120449 (VIOLATED)
_16224_/RESET_B                         0.750000   37.870197  -37.120201 (VIOLATED)
_16126_/RESET_B                         0.750000   37.870129  -37.120129 (VIOLATED)
_16108_/RESET_B                         0.750000   37.869915  -37.119915 (VIOLATED)
_15614_/RESET_B                         0.750000   37.869789  -37.119789 (VIOLATED)
_15380_/RESET_B                         0.750000   37.869675  -37.119675 (VIOLATED)
_15540_/RESET_B                         0.750000   37.869682  -37.119686 (VIOLATED)
_15998_/RESET_B                         0.750000   37.869717  -37.119717 (VIOLATED)
_15860_/RESET_B                         0.750000   37.869671  -37.119671 (VIOLATED)
_16116_/RESET_B                         0.750000   37.869682  -37.119686 (VIOLATED)
_16212_/RESET_B                         0.750000   37.869663  -37.119663 (VIOLATED)
_15596_/RESET_B                         0.750000   37.869606  -37.119606 (VIOLATED)
_15724_/RESET_B                         0.750000   37.869614  -37.119614 (VIOLATED)
_15756_/RESET_B                         0.750000   37.869637  -37.119637 (VIOLATED)
_14478_/RESET_B                         0.750000   37.869568  -37.119568 (VIOLATED)
_16076_/RESET_B                         0.750000   37.869553  -37.119553 (VIOLATED)
_15980_/RESET_B                         0.750000   37.869514  -37.119514 (VIOLATED)
_15564_/RESET_B                         0.750000   37.869453  -37.119453 (VIOLATED)
_16012_/RESET_B                         0.750000   37.869457  -37.119457 (VIOLATED)
_16238_/RESET_B                         0.750000   37.869476  -37.119480 (VIOLATED)
_16167_/RESET_B                         0.750000   37.869114  -37.119118 (VIOLATED)
_15335_/RESET_B                         0.750000   37.868889  -37.118889 (VIOLATED)
_15303_/RESET_B                         0.750000   37.868687  -37.118687 (VIOLATED)
_15559_/RESET_B                         0.750000   37.868713  -37.118713 (VIOLATED)
_15847_/RESET_B                         0.750000   37.868683  -37.118683 (VIOLATED)
_15911_/RESET_B                         0.750000   37.868675  -37.118675 (VIOLATED)
_16199_/RESET_B                         0.750000   37.868687  -37.118687 (VIOLATED)
_16233_/RESET_B                         0.750000   37.868568  -37.118568 (VIOLATED)
_15495_/RESET_B                         0.750000   37.868286  -37.118290 (VIOLATED)
_15623_/RESET_B                         0.750000   37.868286  -37.118290 (VIOLATED)
_14473_/RESET_B                         0.750000   37.868130  -37.118134 (VIOLATED)
_15879_/RESET_B                         0.750000   37.867962  -37.117962 (VIOLATED)
_16007_/RESET_B                         0.750000   37.867500  -37.117500 (VIOLATED)
_15815_/RESET_B                         0.750000   37.867359  -37.117359 (VIOLATED)
_16039_/RESET_B                         0.750000   37.867203  -37.117203 (VIOLATED)
_15975_/RESET_B                         0.750000   37.866653  -37.116653 (VIOLATED)
_15348_/RESET_B                         0.750000   37.866070  -37.116070 (VIOLATED)
_15476_/RESET_B                         0.750000   37.866062  -37.116066 (VIOLATED)
_15700_/RESET_B                         0.750000   37.866058  -37.116062 (VIOLATED)
_15892_/RESET_B                         0.750000   37.866074  -37.116074 (VIOLATED)
_16020_/RESET_B                         0.750000   37.866070  -37.116070 (VIOLATED)
_15636_/RESET_B                         0.750000   37.865993  -37.115993 (VIOLATED)
_15956_/RESET_B                         0.750000   37.866024  -37.116024 (VIOLATED)
_16052_/RESET_B                         0.750000   37.866047  -37.116047 (VIOLATED)
_16180_/RESET_B                         0.750000   37.866013  -37.116013 (VIOLATED)
_15764_/RESET_B                         0.750000   37.865952  -37.115955 (VIOLATED)
_15924_/RESET_B                         0.750000   37.865959  -37.115963 (VIOLATED)
_15692_/RESET_B                         0.750000   37.865883  -37.115883 (VIOLATED)
_15820_/RESET_B                         0.750000   37.865887  -37.115887 (VIOLATED)
_16172_/RESET_B                         0.750000   37.865898  -37.115898 (VIOLATED)
_15340_/RESET_B                         0.750000   37.865810  -37.115810 (VIOLATED)
_15852_/RESET_B                         0.750000   37.865826  -37.115826 (VIOLATED)
_15660_/RESET_B                         0.750000   37.865757  -37.115757 (VIOLATED)
_16044_/RESET_B                         0.750000   37.865719  -37.115719 (VIOLATED)
_15372_/RESET_B                         0.750000   37.865623  -37.115623 (VIOLATED)
_15884_/RESET_B                         0.750000   37.865623  -37.115623 (VIOLATED)
_15367_/RESET_B                         0.750000   37.865578  -37.115578 (VIOLATED)
_15527_/RESET_B                         0.750000   37.865585  -37.115585 (VIOLATED)
_15687_/RESET_B                         0.750000   37.865585  -37.115585 (VIOLATED)
_16071_/RESET_B                         0.750000   37.865589  -37.115589 (VIOLATED)
_16140_/RESET_B                         0.750000   37.865623  -37.115623 (VIOLATED)
_15308_/RESET_B                         0.750000   37.865479  -37.115479 (VIOLATED)
_15500_/RESET_B                         0.750000   37.865482  -37.115482 (VIOLATED)
_16204_/RESET_B                         0.750000   37.865486  -37.115490 (VIOLATED)
_15751_/RESET_B                         0.750000   37.865318  -37.115318 (VIOLATED)
_16103_/RESET_B                         0.750000   37.865295  -37.115295 (VIOLATED)
_16135_/RESET_B                         0.750000   37.865231  -37.115234 (VIOLATED)
_15463_/RESET_B                         0.750000   37.865177  -37.115181 (VIOLATED)
_15399_/RESET_B                         0.750000   37.865105  -37.115105 (VIOLATED)
_15591_/RESET_B                         0.750000   37.865070  -37.115074 (VIOLATED)
_15783_/RESET_B                         0.750000   37.865025  -37.115028 (VIOLATED)
_15943_/RESET_B                         0.750000   37.865032  -37.115032 (VIOLATED)
_15655_/RESET_B                         0.750000   37.864979  -37.114979 (VIOLATED)
_15431_/RESET_B                         0.750000   37.864777  -37.114777 (VIOLATED)
_15719_/RESET_B                         0.750000   37.864765  -37.114769 (VIOLATED)
_15318_/RESET_B                         0.750000   37.864140  -37.114140 (VIOLATED)
_15926_/RESET_B                         0.750000   37.864166  -37.114166 (VIOLATED)
_15350_/RESET_B                         0.750000   37.864128  -37.114128 (VIOLATED)
_15414_/RESET_B                         0.750000   37.864162  -37.114162 (VIOLATED)
_15958_/RESET_B                         0.750000   37.864140  -37.114143 (VIOLATED)
_16054_/RESET_B                         0.750000   37.864162  -37.114162 (VIOLATED)
_14488_/RESET_B                         0.750000   37.864086  -37.114090 (VIOLATED)
_15337_/RESET_B                         0.750000   37.864067  -37.114067 (VIOLATED)
_15542_/RESET_B                         0.750000   37.864079  -37.114079 (VIOLATED)
_15638_/RESET_B                         0.750000   37.864101  -37.114101 (VIOLATED)
_15734_/RESET_B                         0.750000   37.864086  -37.114086 (VIOLATED)
_15766_/RESET_B                         0.750000   37.864086  -37.114086 (VIOLATED)
_15798_/RESET_B                         0.750000   37.864113  -37.114113 (VIOLATED)
_15862_/RESET_B                         0.750000   37.864109  -37.114109 (VIOLATED)
_15990_/RESET_B                         0.750000   37.864109  -37.114109 (VIOLATED)
_16086_/RESET_B                         0.750000   37.864113  -37.114113 (VIOLATED)
_16182_/RESET_B                         0.750000   37.864143  -37.114147 (VIOLATED)
_16214_/RESET_B                         0.750000   37.864166  -37.114166 (VIOLATED)
_15785_/RESET_B                         0.750000   37.864037  -37.114037 (VIOLATED)
_16041_/RESET_B                         0.750000   37.864067  -37.114067 (VIOLATED)
_16201_/RESET_B                         0.750000   37.864067  -37.114067 (VIOLATED)
_15881_/RESET_B                         0.750000   37.864006  -37.114006 (VIOLATED)
_16009_/RESET_B                         0.750000   37.863995  -37.113995 (VIOLATED)
_15817_/RESET_B                         0.750000   37.863937  -37.113941 (VIOLATED)
_14475_/RESET_B                         0.750000   37.863880  -37.113880 (VIOLATED)
_15382_/RESET_B                         0.750000   37.863819  -37.113819 (VIOLATED)
_15401_/RESET_B                         0.750000   37.863804  -37.113804 (VIOLATED)
_15478_/RESET_B                         0.750000   37.863819  -37.113819 (VIOLATED)
_15574_/RESET_B                         0.750000   37.863808  -37.113808 (VIOLATED)
_15689_/RESET_B                         0.750000   37.863785  -37.113789 (VIOLATED)
_15830_/RESET_B                         0.750000   37.863811  -37.113811 (VIOLATED)
_15753_/RESET_B                         0.750000   37.863773  -37.113773 (VIOLATED)
_16118_/RESET_B                         0.750000   37.863808  -37.113808 (VIOLATED)
_16248_/RESET_B                         0.750000   37.863804  -37.113804 (VIOLATED)
_15721_/RESET_B                         0.750000   37.863705  -37.113705 (VIOLATED)
_16235_/RESET_B                         0.750000   37.863468  -37.113472 (VIOLATED)
_15561_/RESET_B                         0.750000   37.863426  -37.113426 (VIOLATED)
_15369_/RESET_B                         0.750000   37.863377  -37.113377 (VIOLATED)
_15593_/RESET_B                         0.750000   37.863377  -37.113377 (VIOLATED)
_15657_/RESET_B                         0.750000   37.863377  -37.113377 (VIOLATED)
_16073_/RESET_B                         0.750000   37.863373  -37.113377 (VIOLATED)
_16105_/RESET_B                         0.750000   37.863365  -37.113365 (VIOLATED)
_15388_/RESET_B                         0.750000   37.863129  -37.113129 (VIOLATED)
_15452_/RESET_B                         0.750000   37.863071  -37.113071 (VIOLATED)
_16092_/RESET_B                         0.750000   37.863071  -37.113071 (VIOLATED)
_15305_/RESET_B                         0.750000   37.863010  -37.113014 (VIOLATED)
_15497_/RESET_B                         0.750000   37.862984  -37.112984 (VIOLATED)
_15529_/RESET_B                         0.750000   37.862995  -37.112995 (VIOLATED)
_15625_/RESET_B                         0.750000   37.862991  -37.112991 (VIOLATED)
_15849_/RESET_B                         0.750000   37.863014  -37.113014 (VIOLATED)
_15913_/RESET_B                         0.750000   37.863014  -37.113014 (VIOLATED)
_15945_/RESET_B                         0.750000   37.862999  -37.112999 (VIOLATED)
_15977_/RESET_B                         0.750000   37.862991  -37.112991 (VIOLATED)
_16169_/RESET_B                         0.750000   37.863003  -37.113003 (VIOLATED)
_15433_/RESET_B                         0.750000   37.862934  -37.112934 (VIOLATED)
_15465_/RESET_B                         0.750000   37.862946  -37.112946 (VIOLATED)
_16137_/RESET_B                         0.750000   37.862961  -37.112961 (VIOLATED)
_15501_/RESET_B                         0.750000   37.862900  -37.112904 (VIOLATED)
_15548_/RESET_B                         0.750000   37.862930  -37.112930 (VIOLATED)
_15981_/RESET_B                         0.750000   37.862900  -37.112904 (VIOLATED)
_16222_/RESET_B                         0.750000   37.862938  -37.112938 (VIOLATED)
_16141_/RESET_B                         0.750000   37.862900  -37.112900 (VIOLATED)
_15420_/RESET_B                         0.750000   37.862797  -37.112801 (VIOLATED)
_15469_/RESET_B                         0.750000   37.862827  -37.112827 (VIOLATED)
_15693_/RESET_B                         0.750000   37.862846  -37.112850 (VIOLATED)
_15964_/RESET_B                         0.750000   37.862816  -37.112816 (VIOLATED)
_15533_/RESET_B                         0.750000   37.862766  -37.112766 (VIOLATED)
_15597_/RESET_B                         0.750000   37.862782  -37.112782 (VIOLATED)
_15757_/RESET_B                         0.750000   37.862762  -37.112762 (VIOLATED)
_16060_/RESET_B                         0.750000   37.862797  -37.112801 (VIOLATED)
_15356_/RESET_B                         0.750000   37.862682  -37.112682 (VIOLATED)
_15772_/RESET_B                         0.750000   37.862679  -37.112679 (VIOLATED)
_15804_/RESET_B                         0.750000   37.862640  -37.112644 (VIOLATED)
_15644_/RESET_B                         0.750000   37.862587  -37.112591 (VIOLATED)
_16156_/RESET_B                         0.750000   37.862602  -37.112602 (VIOLATED)
_16188_/RESET_B                         0.750000   37.862560  -37.112560 (VIOLATED)
_15580_/RESET_B                         0.750000   37.862469  -37.112469 (VIOLATED)
_16028_/RESET_B                         0.750000   37.862453  -37.112453 (VIOLATED)
_15740_/RESET_B                         0.750000   37.862381  -37.112385 (VIOLATED)
_14462_/RESET_B                         0.750000   37.862331  -37.112335 (VIOLATED)
_15612_/RESET_B                         0.750000   37.862328  -37.112331 (VIOLATED)
_15676_/RESET_B                         0.750000   37.862331  -37.112335 (VIOLATED)
_15932_/RESET_B                         0.750000   37.862297  -37.112297 (VIOLATED)
_15747_/RESET_B                         0.750000   37.862232  -37.112236 (VIOLATED)
_15811_/RESET_B                         0.750000   37.862103  -37.112103 (VIOLATED)
_15939_/RESET_B                         0.750000   37.862110  -37.112110 (VIOLATED)
_15971_/RESET_B                         0.750000   37.862118  -37.112118 (VIOLATED)
_16035_/RESET_B                         0.750000   37.862118  -37.112118 (VIOLATED)
_14464_/RESET_B                         0.750000   37.861965  -37.111969 (VIOLATED)
_15294_/RESET_B                         0.750000   37.861961  -37.111961 (VIOLATED)
_15646_/RESET_B                         0.750000   37.861996  -37.111996 (VIOLATED)
_15454_/RESET_B                         0.750000   37.861954  -37.111954 (VIOLATED)
_15582_/RESET_B                         0.750000   37.861958  -37.111958 (VIOLATED)
_15710_/RESET_B                         0.750000   37.861965  -37.111969 (VIOLATED)
_15902_/RESET_B                         0.750000   37.861965  -37.111965 (VIOLATED)
_16094_/RESET_B                         0.750000   37.861931  -37.111931 (VIOLATED)
_16030_/RESET_B                         0.750000   37.861858  -37.111858 (VIOLATED)
_15363_/RESET_B                         0.750000   37.861507  -37.111511 (VIOLATED)
_15934_/RESET_B                         0.750000   37.861511  -37.111511 (VIOLATED)
_15678_/RESET_B                         0.750000   37.861328  -37.111328 (VIOLATED)
_15422_/RESET_B                         0.750000   37.861149  -37.111153 (VIOLATED)
_14470_/RESET_B                         0.750000   37.860798  -37.110798 (VIOLATED)
_15652_/RESET_B                         0.750000   37.860806  -37.110806 (VIOLATED)
_15780_/RESET_B                         0.750000   37.860798  -37.110798 (VIOLATED)
_15876_/RESET_B                         0.750000   37.860794  -37.110794 (VIOLATED)
_16003_/RESET_B                         0.750000   37.860783  -37.110786 (VIOLATED)
_16036_/RESET_B                         0.750000   37.860802  -37.110802 (VIOLATED)
_15364_/RESET_B                         0.750000   37.860630  -37.110634 (VIOLATED)
_15292_/RESET_B                         0.750000   37.860584  -37.110584 (VIOLATED)
_15324_/RESET_B                         0.750000   37.860607  -37.110607 (VIOLATED)
_15484_/RESET_B                         0.750000   37.860573  -37.110577 (VIOLATED)
_15708_/RESET_B                         0.750000   37.860600  -37.110600 (VIOLATED)
_15836_/RESET_B                         0.750000   37.860603  -37.110603 (VIOLATED)
_15844_/RESET_B                         0.750000   37.860600  -37.110600 (VIOLATED)
_15516_/RESET_B                         0.750000   37.860558  -37.110558 (VIOLATED)
_15900_/RESET_B                         0.750000   37.860588  -37.110588 (VIOLATED)
_16124_/RESET_B                         0.750000   37.860584  -37.110584 (VIOLATED)
_15868_/RESET_B                         0.750000   37.860535  -37.110535 (VIOLATED)
_15996_/RESET_B                         0.750000   37.860535  -37.110535 (VIOLATED)
_15908_/RESET_B                         0.750000   37.860455  -37.110455 (VIOLATED)
_16132_/RESET_B                         0.750000   37.860466  -37.110470 (VIOLATED)
_16196_/RESET_B                         0.750000   37.860493  -37.110493 (VIOLATED)
_15396_/RESET_B                         0.750000   37.860390  -37.110390 (VIOLATED)
_15483_/RESET_B                         0.750000   37.860390  -37.110390 (VIOLATED)
_15739_/RESET_B                         0.750000   37.860394  -37.110394 (VIOLATED)
_15867_/RESET_B                         0.750000   37.860367  -37.110371 (VIOLATED)
_15931_/RESET_B                         0.750000   37.860386  -37.110386 (VIOLATED)
_15972_/RESET_B                         0.750000   37.860420  -37.110424 (VIOLATED)
_16059_/RESET_B                         0.750000   37.860397  -37.110397 (VIOLATED)
_16123_/RESET_B                         0.750000   37.860371  -37.110374 (VIOLATED)
_16164_/RESET_B                         0.750000   37.860233  -37.110233 (VIOLATED)
_15358_/RESET_B                         0.750000   37.859711  -37.109711 (VIOLATED)
_15390_/RESET_B                         0.750000   37.859715  -37.109715 (VIOLATED)
_15518_/RESET_B                         0.750000   37.859718  -37.109718 (VIOLATED)
_15550_/RESET_B                         0.750000   37.859730  -37.109730 (VIOLATED)
_15774_/RESET_B                         0.750000   37.859726  -37.109726 (VIOLATED)
_15838_/RESET_B                         0.750000   37.859692  -37.109695 (VIOLATED)
_15870_/RESET_B                         0.750000   37.859653  -37.109653 (VIOLATED)
_16062_/RESET_B                         0.750000   37.859673  -37.109673 (VIOLATED)
_16158_/RESET_B                         0.750000   37.859676  -37.109676 (VIOLATED)
_15331_/RESET_B                         0.750000   37.859604  -37.109604 (VIOLATED)
_15683_/RESET_B                         0.750000   37.859604  -37.109604 (VIOLATED)
_16067_/RESET_B                         0.750000   37.859589  -37.109592 (VIOLATED)
_16163_/RESET_B                         0.750000   37.859573  -37.109573 (VIOLATED)
_15523_/RESET_B                         0.750000   37.859459  -37.109459 (VIOLATED)
_15843_/RESET_B                         0.750000   37.859360  -37.109360 (VIOLATED)
_16131_/RESET_B                         0.750000   37.858852  -37.108852 (VIOLATED)
_15299_/RESET_B                         0.750000   37.858707  -37.108711 (VIOLATED)
_15715_/RESET_B                         0.750000   37.858612  -37.108616 (VIOLATED)
_14469_/RESET_B                         0.750000   37.858452  -37.108456 (VIOLATED)
_15427_/RESET_B                         0.750000   37.858391  -37.108391 (VIOLATED)
_15459_/RESET_B                         0.750000   37.857792  -37.107792 (VIOLATED)
_15491_/RESET_B                         0.750000   37.857727  -37.107731 (VIOLATED)
_15779_/RESET_B                         0.750000   37.857731  -37.107735 (VIOLATED)
_15395_/RESET_B                         0.750000   37.856976  -37.106976 (VIOLATED)
_15419_/RESET_B                         0.750000   37.855419  -37.105419 (VIOLATED)
_15515_/RESET_B                         0.750000   37.855415  -37.105415 (VIOLATED)
_15675_/RESET_B                         0.750000   37.855415  -37.105415 (VIOLATED)
_15707_/RESET_B                         0.750000   37.855427  -37.105427 (VIOLATED)
_15835_/RESET_B                         0.750000   37.855408  -37.105408 (VIOLATED)
_15834_/RESET_B                         0.750000   37.854332  -37.104332 (VIOLATED)
_16058_/RESET_B                         0.750000   37.854027  -37.104027 (VIOLATED)
_15642_/RESET_B                         0.750000   37.852757  -37.102757 (VIOLATED)
_16122_/RESET_B                         0.750000   37.851460  -37.101460 (VIOLATED)
_15309_/RESET_B                         0.750000   37.849850  -37.099850 (VIOLATED)
_15341_/RESET_B                         0.750000   37.849846  -37.099846 (VIOLATED)
_15405_/RESET_B                         0.750000   37.849842  -37.099842 (VIOLATED)
_15853_/RESET_B                         0.750000   37.849857  -37.099857 (VIOLATED)
_16045_/RESET_B                         0.750000   37.849857  -37.099857 (VIOLATED)
_16173_/RESET_B                         0.750000   37.849854  -37.099854 (VIOLATED)
_16205_/RESET_B                         0.750000   37.849850  -37.099850 (VIOLATED)
_15821_/RESET_B                         0.750000   37.849800  -37.099800 (VIOLATED)
_14479_/RESET_B                         0.750000   37.849758  -37.099762 (VIOLATED)
_15917_/RESET_B                         0.750000   37.849792  -37.099792 (VIOLATED)
_15949_/RESET_B                         0.750000   37.849792  -37.099792 (VIOLATED)
_16013_/RESET_B                         0.750000   37.849819  -37.099823 (VIOLATED)
_15424_/RESET_B                         0.750000   37.849743  -37.099743 (VIOLATED)
_15520_/RESET_B                         0.750000   37.849754  -37.099754 (VIOLATED)
_15629_/RESET_B                         0.750000   37.849785  -37.099785 (VIOLATED)
_15661_/RESET_B                         0.750000   37.849781  -37.099781 (VIOLATED)
_15565_/RESET_B                         0.750000   37.849735  -37.099735 (VIOLATED)
_15725_/RESET_B                         0.750000   37.849751  -37.099751 (VIOLATED)
_15776_/RESET_B                         0.750000   37.849751  -37.099751 (VIOLATED)
_15789_/RESET_B                         0.750000   37.849773  -37.099773 (VIOLATED)
_15872_/RESET_B                         0.750000   37.849754  -37.099754 (VIOLATED)
_15885_/RESET_B                         0.750000   37.849789  -37.099789 (VIOLATED)
_15968_/RESET_B                         0.750000   37.849751  -37.099751 (VIOLATED)
_16077_/RESET_B                         0.750000   37.849762  -37.099766 (VIOLATED)
_16239_/RESET_B                         0.750000   37.849728  -37.099728 (VIOLATED)
_15373_/RESET_B                         0.750000   37.849674  -37.099674 (VIOLATED)
_15437_/RESET_B                         0.750000   37.849674  -37.099674 (VIOLATED)
_15552_/RESET_B                         0.750000   37.849667  -37.099667 (VIOLATED)
_15616_/RESET_B                         0.750000   37.849693  -37.099693 (VIOLATED)
_15680_/RESET_B                         0.750000   37.849724  -37.099724 (VIOLATED)
_16109_/RESET_B                         0.750000   37.849674  -37.099674 (VIOLATED)
_16096_/RESET_B                         0.750000   37.849602  -37.099602 (VIOLATED)
_16226_/RESET_B                         0.750000   37.849621  -37.099621 (VIOLATED)
_15584_/RESET_B                         0.750000   37.849453  -37.099457 (VIOLATED)
_14466_/RESET_B                         0.750000   37.849407  -37.099407 (VIOLATED)
_15808_/RESET_B                         0.750000   37.849411  -37.099411 (VIOLATED)
_16160_/RESET_B                         0.750000   37.849415  -37.099415 (VIOLATED)
_15648_/RESET_B                         0.750000   37.849342  -37.099342 (VIOLATED)
_15327_/RESET_B                         0.750000   37.849220  -37.099220 (VIOLATED)
_15455_/RESET_B                         0.750000   37.849213  -37.099213 (VIOLATED)
_15487_/RESET_B                         0.750000   37.849190  -37.099190 (VIOLATED)
_15615_/RESET_B                         0.750000   37.849220  -37.099220 (VIOLATED)
_15775_/RESET_B                         0.750000   37.849220  -37.099220 (VIOLATED)
_16127_/RESET_B                         0.750000   37.849190  -37.099190 (VIOLATED)
_16191_/RESET_B                         0.750000   37.849197  -37.099201 (VIOLATED)
_15423_/RESET_B                         0.750000   37.849117  -37.099117 (VIOLATED)
_15556_/RESET_B                         0.750000   37.848988  -37.098991 (VIOLATED)
_15588_/RESET_B                         0.750000   37.848995  -37.098995 (VIOLATED)
_16230_/RESET_B                         0.750000   37.848995  -37.098995 (VIOLATED)
_16100_/RESET_B                         0.750000   37.848923  -37.098923 (VIOLATED)
_15940_/RESET_B                         0.750000   37.848785  -37.098789 (VIOLATED)
_15492_/RESET_B                         0.750000   37.848728  -37.098732 (VIOLATED)
_15812_/RESET_B                         0.750000   37.848701  -37.098701 (VIOLATED)
_16004_/RESET_B                         0.750000   37.848728  -37.098732 (VIOLATED)
_15290_/RESET_B                         0.750000   37.848579  -37.098579 (VIOLATED)
_15748_/RESET_B                         0.750000   37.848568  -37.098568 (VIOLATED)
_15332_/RESET_B                         0.750000   37.848515  -37.098515 (VIOLATED)
_15716_/RESET_B                         0.750000   37.848518  -37.098518 (VIOLATED)
_16068_/RESET_B                         0.750000   37.848446  -37.098446 (VIOLATED)
_15460_/RESET_B                         0.750000   37.848259  -37.098263 (VIOLATED)
_15684_/RESET_B                         0.750000   37.848278  -37.098278 (VIOLATED)
_15300_/RESET_B                         0.750000   37.847950  -37.097954 (VIOLATED)
_15428_/RESET_B                         0.750000   37.847973  -37.097973 (VIOLATED)
_15524_/RESET_B                         0.750000   37.847980  -37.097980 (VIOLATED)
_15620_/RESET_B                         0.750000   37.847977  -37.097977 (VIOLATED)
_15651_/RESET_B                         0.750000   37.847672  -37.097672 (VIOLATED)
_16195_/RESET_B                         0.750000   37.847637  -37.097641 (VIOLATED)
_15587_/RESET_B                         0.750000   37.847301  -37.097301 (VIOLATED)
_15907_/RESET_B                         0.750000   37.847252  -37.097252 (VIOLATED)
_15555_/RESET_B                         0.750000   37.847191  -37.097191 (VIOLATED)
_16229_/RESET_B                         0.750000   37.847153  -37.097153 (VIOLATED)
_16099_/RESET_B                         0.750000   37.847027  -37.097027 (VIOLATED)
_15875_/RESET_B                         0.750000   37.846806  -37.096806 (VIOLATED)
_15619_/RESET_B                         0.750000   37.846741  -37.096741 (VIOLATED)
_15874_/RESET_B                         0.750000   37.846355  -37.096355 (VIOLATED)
_16034_/RESET_B                         0.750000   37.846394  -37.096394 (VIOLATED)
_16066_/RESET_B                         0.750000   37.846394  -37.096394 (VIOLATED)
_15490_/RESET_B                         0.750000   37.846123  -37.096123 (VIOLATED)
_15618_/RESET_B                         0.750000   37.846123  -37.096123 (VIOLATED)
_15866_/RESET_B                         0.750000   37.846008  -37.096008 (VIOLATED)
_15930_/RESET_B                         0.750000   37.846008  -37.096008 (VIOLATED)
_15994_/RESET_B                         0.750000   37.846008  -37.096008 (VIOLATED)
_15706_/RESET_B                         0.750000   37.845951  -37.095951 (VIOLATED)
_15514_/RESET_B                         0.750000   37.845783  -37.095787 (VIOLATED)
_15770_/RESET_B                         0.750000   37.845783  -37.095787 (VIOLATED)
_15738_/RESET_B                         0.750000   37.845661  -37.095661 (VIOLATED)
_15322_/RESET_B                         0.750000   37.845409  -37.095409 (VIOLATED)
_15418_/RESET_B                         0.750000   37.845413  -37.095413 (VIOLATED)
_15482_/RESET_B                         0.750000   37.845413  -37.095413 (VIOLATED)
_15354_/RESET_B                         0.750000   37.845345  -37.095345 (VIOLATED)
_15321_/RESET_B                         0.750000   37.844494  -37.094494 (VIOLATED)
_15449_/RESET_B                         0.750000   37.844524  -37.094524 (VIOLATED)
_15481_/RESET_B                         0.750000   37.844521  -37.094521 (VIOLATED)
_15577_/RESET_B                         0.750000   37.844543  -37.094547 (VIOLATED)
_15609_/RESET_B                         0.750000   37.844536  -37.094540 (VIOLATED)
_15737_/RESET_B                         0.750000   37.844528  -37.094528 (VIOLATED)
_15929_/RESET_B                         0.750000   37.844543  -37.094547 (VIOLATED)
_15673_/RESET_B                         0.750000   37.844486  -37.094490 (VIOLATED)
_15961_/RESET_B                         0.750000   37.844524  -37.094524 (VIOLATED)
_16121_/RESET_B                         0.750000   37.844543  -37.094547 (VIOLATED)
_16089_/RESET_B                         0.750000   37.844494  -37.094494 (VIOLATED)
_16185_/RESET_B                         0.750000   37.844501  -37.094501 (VIOLATED)
_16251_/RESET_B                         0.750000   37.844528  -37.094528 (VIOLATED)
_15307_/RESET_B                         0.750000   37.844448  -37.094448 (VIOLATED)
_15499_/RESET_B                         0.750000   37.844437  -37.094440 (VIOLATED)
_16011_/RESET_B                         0.750000   37.844452  -37.094452 (VIOLATED)
_16171_/RESET_B                         0.750000   37.844440  -37.094440 (VIOLATED)
_15339_/RESET_B                         0.750000   37.844330  -37.094334 (VIOLATED)
_16139_/RESET_B                         0.750000   37.844364  -37.094364 (VIOLATED)
_16154_/RESET_B                         0.750000   37.844383  -37.094387 (VIOLATED)
_15979_/RESET_B                         0.750000   37.844318  -37.094318 (VIOLATED)
_15371_/RESET_B                         0.750000   37.844257  -37.094257 (VIOLATED)
_15467_/RESET_B                         0.750000   37.844265  -37.094265 (VIOLATED)
_15531_/RESET_B                         0.750000   37.844265  -37.094265 (VIOLATED)
_15723_/RESET_B                         0.750000   37.844265  -37.094265 (VIOLATED)
_15435_/RESET_B                         0.750000   37.844219  -37.094219 (VIOLATED)
_15691_/RESET_B                         0.750000   37.844185  -37.094185 (VIOLATED)
_15787_/RESET_B                         0.750000   37.844189  -37.094189 (VIOLATED)
_15819_/RESET_B                         0.750000   37.844189  -37.094189 (VIOLATED)
_15851_/RESET_B                         0.750000   37.844204  -37.094204 (VIOLATED)
_15883_/RESET_B                         0.750000   37.844189  -37.094189 (VIOLATED)
_15947_/RESET_B                         0.750000   37.844215  -37.094215 (VIOLATED)
_16075_/RESET_B                         0.750000   37.844227  -37.094231 (VIOLATED)
_16203_/RESET_B                         0.750000   37.844246  -37.094246 (VIOLATED)
_16010_/RESET_B                         0.750000   37.844002  -37.094002 (VIOLATED)
_15306_/RESET_B                         0.750000   37.843964  -37.093964 (VIOLATED)
_15338_/RESET_B                         0.750000   37.843975  -37.093975 (VIOLATED)
_15434_/RESET_B                         0.750000   37.843964  -37.093964 (VIOLATED)
_15754_/RESET_B                         0.750000   37.843929  -37.093929 (VIOLATED)
_16074_/RESET_B                         0.750000   37.843964  -37.093964 (VIOLATED)
_15786_/RESET_B                         0.750000   37.843719  -37.093719 (VIOLATED)
_15914_/RESET_B                         0.750000   37.843681  -37.093681 (VIOLATED)
_15370_/RESET_B                         0.750000   37.843475  -37.093475 (VIOLATED)
_15402_/RESET_B                         0.750000   37.843464  -37.093464 (VIOLATED)
_15498_/RESET_B                         0.750000   37.843445  -37.093445 (VIOLATED)
_15530_/RESET_B                         0.750000   37.843468  -37.093468 (VIOLATED)
_15722_/RESET_B                         0.750000   37.843449  -37.093449 (VIOLATED)
_15850_/RESET_B                         0.750000   37.843479  -37.093479 (VIOLATED)
_15946_/RESET_B                         0.750000   37.843449  -37.093449 (VIOLATED)
_16138_/RESET_B                         0.750000   37.843449  -37.093452 (VIOLATED)
_16202_/RESET_B                         0.750000   37.843479  -37.093479 (VIOLATED)
_15690_/RESET_B                         0.750000   37.843403  -37.093407 (VIOLATED)
_14477_/RESET_B                         0.750000   37.843235  -37.093235 (VIOLATED)
_14841_/RESET_B                         0.750000   37.843231  -37.093231 (VIOLATED)
_15403_/RESET_B                         0.750000   37.843231  -37.093231 (VIOLATED)
_15755_/RESET_B                         0.750000   37.843243  -37.093246 (VIOLATED)
_15915_/RESET_B                         0.750000   37.843243  -37.093246 (VIOLATED)
_15595_/RESET_B                         0.750000   37.843204  -37.093204 (VIOLATED)
_15627_/RESET_B                         0.750000   37.843239  -37.093239 (VIOLATED)
_15659_/RESET_B                         0.750000   37.843197  -37.093201 (VIOLATED)
_16043_/RESET_B                         0.750000   37.843185  -37.093185 (VIOLATED)
_16107_/RESET_B                         0.750000   37.843189  -37.093193 (VIOLATED)
_15291_/RESET_B                         0.750000   37.843086  -37.093090 (VIOLATED)
_15323_/RESET_B                         0.750000   37.843098  -37.093098 (VIOLATED)
_15563_/RESET_B                         0.750000   37.843121  -37.093121 (VIOLATED)
_16237_/RESET_B                         0.750000   37.843136  -37.093140 (VIOLATED)
_15466_/RESET_B                         0.750000   37.843048  -37.093048 (VIOLATED)
_15643_/RESET_B                         0.750000   37.843082  -37.093082 (VIOLATED)
_15963_/RESET_B                         0.750000   37.843086  -37.093086 (VIOLATED)
_15978_/RESET_B                         0.750000   37.843056  -37.093056 (VIOLATED)
_15995_/RESET_B                         0.750000   37.843086  -37.093090 (VIOLATED)
_16170_/RESET_B                         0.750000   37.843052  -37.093052 (VIOLATED)
_14831_/RESET_B                         0.750000   37.842991  -37.092995 (VIOLATED)
_15355_/RESET_B                         0.750000   37.843014  -37.093014 (VIOLATED)
_15626_/RESET_B                         0.750000   37.842983  -37.092987 (VIOLATED)
_14829_/RESET_B                         0.750000   37.842945  -37.092945 (VIOLATED)
_14832_/RESET_B                         0.750000   37.842976  -37.092976 (VIOLATED)
_14833_/RESET_B                         0.750000   37.842983  -37.092983 (VIOLATED)
_14834_/RESET_B                         0.750000   37.842999  -37.092999 (VIOLATED)
_14835_/RESET_B                         0.750000   37.842991  -37.092995 (VIOLATED)
_14836_/RESET_B                         0.750000   37.842995  -37.092995 (VIOLATED)
_16106_/RESET_B                         0.750000   37.842979  -37.092979 (VIOLATED)
_15562_/RESET_B                         0.750000   37.842937  -37.092941 (VIOLATED)
_15594_/RESET_B                         0.750000   37.842884  -37.092888 (VIOLATED)
_15771_/RESET_B                         0.750000   37.842903  -37.092903 (VIOLATED)
_14830_/RESET_B                         0.750000   37.842827  -37.092827 (VIOLATED)
_15658_/RESET_B                         0.750000   37.842793  -37.092793 (VIOLATED)
_16042_/RESET_B                         0.750000   37.842823  -37.092823 (VIOLATED)
_14476_/RESET_B                         0.750000   37.842697  -37.092697 (VIOLATED)
_15818_/RESET_B                         0.750000   37.842712  -37.092712 (VIOLATED)
_15882_/RESET_B                         0.750000   37.842705  -37.092705 (VIOLATED)
_16236_/RESET_B                         0.750000   37.842701  -37.092701 (VIOLATED)
_16187_/RESET_B                         0.750000   37.842545  -37.092545 (VIOLATED)
_15547_/RESET_B                         0.750000   37.842453  -37.092453 (VIOLATED)
_16091_/RESET_B                         0.750000   37.842484  -37.092484 (VIOLATED)
_15579_/RESET_B                         0.750000   37.842407  -37.092407 (VIOLATED)
_16221_/RESET_B                         0.750000   37.842342  -37.092342 (VIOLATED)
_15899_/RESET_B                         0.750000   37.842278  -37.092278 (VIOLATED)
_16027_/RESET_B                         0.750000   37.842243  -37.092243 (VIOLATED)
_15611_/RESET_B                         0.750000   37.842197  -37.092197 (VIOLATED)
_15451_/RESET_B                         0.750000   37.842136  -37.092136 (VIOLATED)
_15387_/RESET_B                         0.750000   37.842060  -37.092064 (VIOLATED)
_15803_/RESET_B                         0.750000   37.841999  -37.091999 (VIOLATED)
_16155_/RESET_B                         0.750000   37.842003  -37.092007 (VIOLATED)
_14461_/RESET_B                         0.750000   37.841846  -37.091850 (VIOLATED)
_14818_/RESET_B                         0.750000   37.841442  -37.091442 (VIOLATED)
_14819_/RESET_B                         0.750000   37.841431  -37.091431 (VIOLATED)
_14821_/RESET_B                         0.750000   37.841446  -37.091446 (VIOLATED)
_14823_/RESET_B                         0.750000   37.841431  -37.091434 (VIOLATED)
_14824_/RESET_B                         0.750000   37.841419  -37.091419 (VIOLATED)
_14826_/RESET_B                         0.750000   37.841404  -37.091404 (VIOLATED)
_14827_/RESET_B                         0.750000   37.841248  -37.091248 (VIOLATED)
_14817_/RESET_B                         0.750000   37.840912  -37.090912 (VIOLATED)
_14820_/RESET_B                         0.750000   37.840900  -37.090900 (VIOLATED)
_14822_/RESET_B                         0.750000   37.840908  -37.090908 (VIOLATED)
_14825_/RESET_B                         0.750000   37.840912  -37.090912 (VIOLATED)
_16026_/RESET_B                         0.750000   37.840626  -37.090626 (VIOLATED)
_16186_/RESET_B                         0.750000   37.840549  -37.090549 (VIOLATED)
_15962_/RESET_B                         0.750000   37.840332  -37.090332 (VIOLATED)
_15610_/RESET_B                         0.750000   37.840126  -37.090126 (VIOLATED)
_14828_/RESET_B                         0.750000   37.840042  -37.090046 (VIOLATED)
_15450_/RESET_B                         0.750000   37.840057  -37.090057 (VIOLATED)
_15386_/RESET_B                         0.750000   37.839836  -37.089840 (VIOLATED)
_16220_/RESET_B                         0.750000   37.839844  -37.089844 (VIOLATED)
_14460_/RESET_B                         0.750000   37.839428  -37.089428 (VIOLATED)
_15802_/RESET_B                         0.750000   37.839359  -37.089363 (VIOLATED)
_15092_/RESET_B                         0.750000   37.838593  -37.088596 (VIOLATED)
_15089_/RESET_B                         0.750000   37.837757  -37.087757 (VIOLATED)
_15093_/RESET_B                         0.750000   37.834965  -37.084969 (VIOLATED)
_15898_/RESET_B                         0.750000   37.834969  -37.084972 (VIOLATED)
_14854_/RESET_B                         0.750000   37.833591  -37.083591 (VIOLATED)
_14852_/RESET_B                         0.750000   37.832916  -37.082916 (VIOLATED)
_14853_/RESET_B                         0.750000   37.832912  -37.082912 (VIOLATED)
_14850_/RESET_B                         0.750000   37.831234  -37.081234 (VIOLATED)
_14849_/RESET_B                         0.750000   37.830181  -37.080181 (VIOLATED)
_14851_/RESET_B                         0.750000   37.830177  -37.080177 (VIOLATED)
_15097_/RESET_B                         0.750000   37.828945  -37.078945 (VIOLATED)
_15098_/RESET_B                         0.750000   37.827328  -37.077328 (VIOLATED)
_15296_/RESET_B                         0.750000   37.826782  -37.076782 (VIOLATED)
_15328_/RESET_B                         0.750000   37.826771  -37.076771 (VIOLATED)
_15936_/RESET_B                         0.750000   37.826778  -37.076778 (VIOLATED)
_15360_/RESET_B                         0.750000   37.826729  -37.076729 (VIOLATED)
_15392_/RESET_B                         0.750000   37.826744  -37.076748 (VIOLATED)
_15712_/RESET_B                         0.750000   37.826740  -37.076740 (VIOLATED)
_15744_/RESET_B                         0.750000   37.826736  -37.076736 (VIOLATED)
_15840_/RESET_B                         0.750000   37.826771  -37.076771 (VIOLATED)
_15904_/RESET_B                         0.750000   37.826782  -37.076782 (VIOLATED)
_16032_/RESET_B                         0.750000   37.826759  -37.076759 (VIOLATED)
_16192_/RESET_B                         0.750000   37.826752  -37.076752 (VIOLATED)
_16000_/RESET_B                         0.750000   37.826710  -37.076710 (VIOLATED)
_16064_/RESET_B                         0.750000   37.826698  -37.076698 (VIOLATED)
_16128_/RESET_B                         0.750000   37.826721  -37.076721 (VIOLATED)
_15456_/RESET_B                         0.750000   37.826630  -37.076630 (VIOLATED)
_15488_/RESET_B                         0.750000   37.826630  -37.076630 (VIOLATED)
_15649_/RESET_B                         0.750000   37.826614  -37.076614 (VIOLATED)
_15809_/RESET_B                         0.750000   37.826626  -37.076626 (VIOLATED)
_14467_/RESET_B                         0.750000   37.826546  -37.076546 (VIOLATED)
_15297_/RESET_B                         0.750000   37.826557  -37.076557 (VIOLATED)
_15329_/RESET_B                         0.750000   37.826557  -37.076557 (VIOLATED)
_15361_/RESET_B                         0.750000   37.826500  -37.076500 (VIOLATED)
_15393_/RESET_B                         0.750000   37.826534  -37.076538 (VIOLATED)
_15489_/RESET_B                         0.750000   37.826534  -37.076538 (VIOLATED)
_15521_/RESET_B                         0.750000   37.826546  -37.076546 (VIOLATED)
_15617_/RESET_B                         0.750000   37.826523  -37.076523 (VIOLATED)
_15841_/RESET_B                         0.750000   37.826550  -37.076550 (VIOLATED)
_15905_/RESET_B                         0.750000   37.826550  -37.076550 (VIOLATED)
_16033_/RESET_B                         0.750000   37.826553  -37.076553 (VIOLATED)
_16161_/RESET_B                         0.750000   37.826542  -37.076542 (VIOLATED)
_15745_/RESET_B                         0.750000   37.826488  -37.076492 (VIOLATED)
_15777_/RESET_B                         0.750000   37.826469  -37.076469 (VIOLATED)
_15903_/RESET_B                         0.750000   37.826466  -37.076466 (VIOLATED)
_15999_/RESET_B                         0.750000   37.826500  -37.076500 (VIOLATED)
_15519_/RESET_B                         0.750000   37.826416  -37.076416 (VIOLATED)
_15807_/RESET_B                         0.750000   37.826416  -37.076416 (VIOLATED)
_15839_/RESET_B                         0.750000   37.826408  -37.076408 (VIOLATED)
_16065_/RESET_B                         0.750000   37.826427  -37.076427 (VIOLATED)
_16129_/RESET_B                         0.750000   37.826454  -37.076454 (VIOLATED)
_15425_/RESET_B                         0.750000   37.826370  -37.076370 (VIOLATED)
_15457_/RESET_B                         0.750000   37.826351  -37.076351 (VIOLATED)
_15713_/RESET_B                         0.750000   37.826370  -37.076370 (VIOLATED)
_15873_/RESET_B                         0.750000   37.826363  -37.076363 (VIOLATED)
_15937_/RESET_B                         0.750000   37.826336  -37.076336 (VIOLATED)
_15969_/RESET_B                         0.750000   37.826370  -37.076370 (VIOLATED)
_16001_/RESET_B                         0.750000   37.826389  -37.076389 (VIOLATED)
_16193_/RESET_B                         0.750000   37.826370  -37.076370 (VIOLATED)
_15295_/RESET_B                         0.750000   37.826290  -37.076290 (VIOLATED)
_15359_/RESET_B                         0.750000   37.826309  -37.076309 (VIOLATED)
_15391_/RESET_B                         0.750000   37.826302  -37.076302 (VIOLATED)
_15553_/RESET_B                         0.750000   37.826283  -37.076286 (VIOLATED)
_15585_/RESET_B                         0.750000   37.826317  -37.076317 (VIOLATED)
_15681_/RESET_B                         0.750000   37.826324  -37.076328 (VIOLATED)
_15967_/RESET_B                         0.750000   37.826305  -37.076305 (VIOLATED)
_16225_/RESET_B                         0.750000   37.826313  -37.076313 (VIOLATED)
_16227_/RESET_B                         0.750000   37.826317  -37.076317 (VIOLATED)
_14465_/RESET_B                         0.750000   37.826237  -37.076237 (VIOLATED)
_16097_/RESET_B                         0.750000   37.826271  -37.076271 (VIOLATED)
_15679_/RESET_B                         0.750000   37.826206  -37.076206 (VIOLATED)
_15711_/RESET_B                         0.750000   37.826187  -37.076187 (VIOLATED)
_15743_/RESET_B                         0.750000   37.826180  -37.076180 (VIOLATED)
_15871_/RESET_B                         0.750000   37.826202  -37.076202 (VIOLATED)
_16095_/RESET_B                         0.750000   37.826191  -37.076191 (VIOLATED)
_15551_/RESET_B                         0.750000   37.826073  -37.076077 (VIOLATED)
_15935_/RESET_B                         0.750000   37.826107  -37.076107 (VIOLATED)
_15583_/RESET_B                         0.750000   37.826065  -37.076069 (VIOLATED)
_16159_/RESET_B                         0.750000   37.826054  -37.076054 (VIOLATED)
_16005_/RESET_B                         0.750000   37.825859  -37.075859 (VIOLATED)
_15685_/RESET_B                         0.750000   37.825813  -37.075817 (VIOLATED)
_15717_/RESET_B                         0.750000   37.825848  -37.075848 (VIOLATED)
_16101_/RESET_B                         0.750000   37.825684  -37.075684 (VIOLATED)
_15941_/RESET_B                         0.750000   37.825638  -37.075638 (VIOLATED)
_16165_/RESET_B                         0.750000   37.825603  -37.075607 (VIOLATED)
_15557_/RESET_B                         0.750000   37.825523  -37.075523 (VIOLATED)
_14471_/RESET_B                         0.750000   37.825356  -37.075356 (VIOLATED)
_15589_/RESET_B                         0.750000   37.825359  -37.075359 (VIOLATED)
_15749_/RESET_B                         0.750000   37.825352  -37.075352 (VIOLATED)
_16037_/RESET_B                         0.750000   37.825336  -37.075336 (VIOLATED)
_16231_/RESET_B                         0.750000   37.825356  -37.075356 (VIOLATED)
_15869_/RESET_B                         0.750000   37.825119  -37.075119 (VIOLATED)
_15677_/RESET_B                         0.750000   37.825066  -37.075066 (VIOLATED)
_15709_/RESET_B                         0.750000   37.825066  -37.075066 (VIOLATED)
_16125_/RESET_B                         0.750000   37.824928  -37.074932 (VIOLATED)
_16061_/RESET_B                         0.750000   37.824883  -37.074886 (VIOLATED)
_14885_/RESET_B                         0.750000   37.824715  -37.074715 (VIOLATED)
_15933_/RESET_B                         0.750000   37.824680  -37.074680 (VIOLATED)
_16157_/RESET_B                         0.750000   37.824619  -37.074623 (VIOLATED)
_14796_/RESET_B                         0.750000   37.824516  -37.074520 (VIOLATED)
_14804_/RESET_B                         0.750000   37.824520  -37.074524 (VIOLATED)
_14793_/RESET_B                         0.750000   37.824474  -37.074474 (VIOLATED)
_14797_/RESET_B                         0.750000   37.824501  -37.074501 (VIOLATED)
_14805_/RESET_B                         0.750000   37.824505  -37.074505 (VIOLATED)
_14812_/RESET_B                         0.750000   37.824524  -37.074524 (VIOLATED)
_14813_/RESET_B                         0.750000   37.824509  -37.074509 (VIOLATED)
_15997_/RESET_B                         0.750000   37.824497  -37.074497 (VIOLATED)
_14794_/RESET_B                         0.750000   37.824440  -37.074440 (VIOLATED)
_14799_/RESET_B                         0.750000   37.824451  -37.074451 (VIOLATED)
_14801_/RESET_B                         0.750000   37.824471  -37.074474 (VIOLATED)
_14802_/RESET_B                         0.750000   37.824440  -37.074440 (VIOLATED)
_14807_/RESET_B                         0.750000   37.824451  -37.074451 (VIOLATED)
_14809_/RESET_B                         0.750000   37.824463  -37.074463 (VIOLATED)
_14810_/RESET_B                         0.750000   37.824448  -37.074448 (VIOLATED)
_14795_/RESET_B                         0.750000   37.824402  -37.074402 (VIOLATED)
_14798_/RESET_B                         0.750000   37.824356  -37.074356 (VIOLATED)
_14800_/RESET_B                         0.750000   37.824375  -37.074375 (VIOLATED)
_15549_/RESET_B                         0.750000   37.824387  -37.074387 (VIOLATED)
_15581_/RESET_B                         0.750000   37.824387  -37.074387 (VIOLATED)
_16093_/RESET_B                         0.750000   37.824387  -37.074387 (VIOLATED)
_14803_/RESET_B                         0.750000   37.824348  -37.074348 (VIOLATED)
_14806_/RESET_B                         0.750000   37.824352  -37.074352 (VIOLATED)
_14808_/RESET_B                         0.750000   37.824371  -37.074371 (VIOLATED)
_14811_/RESET_B                         0.750000   37.824322  -37.074322 (VIOLATED)
_14814_/RESET_B                         0.750000   37.824352  -37.074352 (VIOLATED)
_14816_/RESET_B                         0.750000   37.824375  -37.074375 (VIOLATED)
_14815_/RESET_B                         0.750000   37.824203  -37.074203 (VIOLATED)
_14858_/RESET_B                         0.750000   37.824108  -37.074112 (VIOLATED)
_14859_/RESET_B                         0.750000   37.824123  -37.074123 (VIOLATED)
_14458_/RESET_B                         0.750000   37.824024  -37.074024 (VIOLATED)
_14857_/RESET_B                         0.750000   37.824032  -37.074032 (VIOLATED)
_15397_/RESET_B                         0.750000   37.824024  -37.074024 (VIOLATED)
_15647_/RESET_B                         0.750000   37.824036  -37.074036 (VIOLATED)
_16031_/RESET_B                         0.750000   37.824036  -37.074036 (VIOLATED)
_16063_/RESET_B                         0.750000   37.824039  -37.074039 (VIOLATED)
_15461_/RESET_B                         0.750000   37.823997  -37.073997 (VIOLATED)
_15525_/RESET_B                         0.750000   37.824024  -37.074024 (VIOLATED)
_15653_/RESET_B                         0.750000   37.824005  -37.074009 (VIOLATED)
_15813_/RESET_B                         0.750000   37.824001  -37.074005 (VIOLATED)
_16069_/RESET_B                         0.750000   37.824024  -37.074024 (VIOLATED)
_15325_/RESET_B                         0.750000   37.823940  -37.073940 (VIOLATED)
_15429_/RESET_B                         0.750000   37.823967  -37.073967 (VIOLATED)
_15613_/RESET_B                         0.750000   37.823940  -37.073940 (VIOLATED)
_15973_/RESET_B                         0.750000   37.823971  -37.073971 (VIOLATED)
_15837_/RESET_B                         0.750000   37.823929  -37.073929 (VIOLATED)
_14459_/RESET_B                         0.750000   37.823868  -37.073868 (VIOLATED)
_15453_/RESET_B                         0.750000   37.823895  -37.073898 (VIOLATED)
_15773_/RESET_B                         0.750000   37.823868  -37.073868 (VIOLATED)
_16029_/RESET_B                         0.750000   37.823868  -37.073868 (VIOLATED)
_15301_/RESET_B                         0.750000   37.823776  -37.073776 (VIOLATED)
_15365_/RESET_B                         0.750000   37.823780  -37.073780 (VIOLATED)
_15485_/RESET_B                         0.750000   37.823811  -37.073811 (VIOLATED)
_16189_/RESET_B                         0.750000   37.823845  -37.073849 (VIOLATED)
_15493_/RESET_B                         0.750000   37.823792  -37.073795 (VIOLATED)
_15621_/RESET_B                         0.750000   37.823761  -37.073761 (VIOLATED)
_15645_/RESET_B                         0.750000   37.823761  -37.073761 (VIOLATED)
_15845_/RESET_B                         0.750000   37.823757  -37.073757 (VIOLATED)
_15877_/RESET_B                         0.750000   37.823776  -37.073776 (VIOLATED)
_15909_/RESET_B                         0.750000   37.823792  -37.073795 (VIOLATED)
_16133_/RESET_B                         0.750000   37.823761  -37.073761 (VIOLATED)
_16197_/RESET_B                         0.750000   37.823792  -37.073792 (VIOLATED)
_15330_/RESET_B                         0.750000   37.823711  -37.073711 (VIOLATED)
_15333_/RESET_B                         0.750000   37.823730  -37.073730 (VIOLATED)
_15781_/RESET_B                         0.750000   37.823715  -37.073715 (VIOLATED)
_14463_/RESET_B                         0.750000   37.823647  -37.073647 (VIOLATED)
_15357_/RESET_B                         0.750000   37.823685  -37.073685 (VIOLATED)
_15421_/RESET_B                         0.750000   37.823685  -37.073689 (VIOLATED)
_15805_/RESET_B                         0.750000   37.823685  -37.073685 (VIOLATED)
_15810_/RESET_B                         0.750000   37.823700  -37.073700 (VIOLATED)
_16194_/RESET_B                         0.750000   37.823681  -37.073681 (VIOLATED)
_15741_/RESET_B                         0.750000   37.823635  -37.073639 (VIOLATED)
_15901_/RESET_B                         0.750000   37.823635  -37.073635 (VIOLATED)
_15293_/RESET_B                         0.750000   37.823555  -37.073555 (VIOLATED)
_15362_/RESET_B                         0.750000   37.823578  -37.073578 (VIOLATED)
_15389_/RESET_B                         0.750000   37.823586  -37.073589 (VIOLATED)
_15517_/RESET_B                         0.750000   37.823589  -37.073593 (VIOLATED)
_15650_/RESET_B                         0.750000   37.823582  -37.073582 (VIOLATED)
_15965_/RESET_B                         0.750000   37.823566  -37.073566 (VIOLATED)
_16223_/RESET_B                         0.750000   37.823578  -37.073578 (VIOLATED)
_15970_/RESET_B                         0.750000   37.823532  -37.073536 (VIOLATED)
_15426_/RESET_B                         0.750000   37.823483  -37.073486 (VIOLATED)
_15906_/RESET_B                         0.750000   37.823421  -37.073421 (VIOLATED)
_15069_/RESET_B                         0.750000   37.823315  -37.073315 (VIOLATED)
_15458_/RESET_B                         0.750000   37.823311  -37.073311 (VIOLATED)
_16098_/RESET_B                         0.750000   37.823250  -37.073250 (VIOLATED)
_16130_/RESET_B                         0.750000   37.823273  -37.073273 (VIOLATED)
_15778_/RESET_B                         0.750000   37.823151  -37.073151 (VIOLATED)
_15938_/RESET_B                         0.750000   37.823151  -37.073151 (VIOLATED)
_15298_/RESET_B                         0.750000   37.823082  -37.073082 (VIOLATED)
_15842_/RESET_B                         0.750000   37.823082  -37.073082 (VIOLATED)
_16228_/RESET_B                         0.750000   37.823078  -37.073078 (VIOLATED)
_15586_/RESET_B                         0.750000   37.823032  -37.073032 (VIOLATED)
_15682_/RESET_B                         0.750000   37.822838  -37.072838 (VIOLATED)
_15554_/RESET_B                         0.750000   37.822792  -37.072792 (VIOLATED)
_14468_/RESET_B                         0.750000   37.822559  -37.072559 (VIOLATED)
_15394_/RESET_B                         0.750000   37.822556  -37.072559 (VIOLATED)
_15522_/RESET_B                         0.750000   37.822559  -37.072559 (VIOLATED)
_15714_/RESET_B                         0.750000   37.822544  -37.072544 (VIOLATED)
_15746_/RESET_B                         0.750000   37.822563  -37.072563 (VIOLATED)
_16002_/RESET_B                         0.750000   37.822418  -37.072418 (VIOLATED)
_16162_/RESET_B                         0.750000   37.822346  -37.072350 (VIOLATED)
_15136_/RESET_B                         0.750000   37.821899  -37.071899 (VIOLATED)
_15546_/RESET_B                         0.750000   37.821102  -37.071106 (VIOLATED)
_15578_/RESET_B                         0.750000   37.821102  -37.071106 (VIOLATED)
_15674_/RESET_B                         0.750000   37.821102  -37.071106 (VIOLATED)
_16090_/RESET_B                         0.750000   37.821102  -37.071106 (VIOLATED)
_15090_/RESET_B                         0.750000   37.820950  -37.070953 (VIOLATED)
_15189_/RESET_B                         0.750000   37.820763  -37.070763 (VIOLATED)
_15194_/RESET_B                         0.750000   37.820789  -37.070789 (VIOLATED)
_15197_/RESET_B                         0.750000   37.820786  -37.070786 (VIOLATED)
_15210_/RESET_B                         0.750000   37.820793  -37.070797 (VIOLATED)
_15211_/RESET_B                         0.750000   37.820778  -37.070778 (VIOLATED)
_15242_/RESET_B                         0.750000   37.820782  -37.070782 (VIOLATED)
_15243_/RESET_B                         0.750000   37.820770  -37.070770 (VIOLATED)
_15245_/RESET_B                         0.750000   37.820782  -37.070782 (VIOLATED)
_15260_/RESET_B                         0.750000   37.820789  -37.070789 (VIOLATED)
_15263_/RESET_B                         0.750000   37.820786  -37.070786 (VIOLATED)
_15276_/RESET_B                         0.750000   37.820789  -37.070793 (VIOLATED)
_15188_/RESET_B                         0.750000   37.820713  -37.070713 (VIOLATED)
_15195_/RESET_B                         0.750000   37.820736  -37.070736 (VIOLATED)
_15204_/RESET_B                         0.750000   37.820755  -37.070755 (VIOLATED)
_15205_/RESET_B                         0.750000   37.820763  -37.070763 (VIOLATED)
_15221_/RESET_B                         0.750000   37.820747  -37.070751 (VIOLATED)
_15226_/RESET_B                         0.750000   37.820778  -37.070778 (VIOLATED)
_15227_/RESET_B                         0.750000   37.820751  -37.070751 (VIOLATED)
_15229_/RESET_B                         0.750000   37.820782  -37.070782 (VIOLATED)
_15209_/RESET_B                         0.750000   37.820705  -37.070705 (VIOLATED)
_15220_/RESET_B                         0.750000   37.820717  -37.070717 (VIOLATED)
_15236_/RESET_B                         0.750000   37.820728  -37.070728 (VIOLATED)
_15237_/RESET_B                         0.750000   37.820751  -37.070751 (VIOLATED)
_15254_/RESET_B                         0.750000   37.820724  -37.070724 (VIOLATED)
_15255_/RESET_B                         0.750000   37.820755  -37.070755 (VIOLATED)
_15261_/RESET_B                         0.750000   37.820736  -37.070736 (VIOLATED)
_15270_/RESET_B                         0.750000   37.820744  -37.070747 (VIOLATED)
_15271_/RESET_B                         0.750000   37.820759  -37.070759 (VIOLATED)
_15277_/RESET_B                         0.750000   37.820774  -37.070774 (VIOLATED)
_15241_/RESET_B                         0.750000   37.820683  -37.070683 (VIOLATED)
_15275_/RESET_B                         0.750000   37.820698  -37.070698 (VIOLATED)
_15086_/RESET_B                         0.750000   37.820606  -37.070606 (VIOLATED)
_15193_/RESET_B                         0.750000   37.820629  -37.070629 (VIOLATED)
_15225_/RESET_B                         0.750000   37.820652  -37.070652 (VIOLATED)
_15259_/RESET_B                         0.750000   37.820621  -37.070621 (VIOLATED)
_14456_/SET_B                           0.750000   37.820450  -37.070450 (VIOLATED)
_15085_/RESET_B                         0.750000   37.820477  -37.070477 (VIOLATED)
_15088_/RESET_B                         0.750000   37.820263  -37.070263 (VIOLATED)
_15087_/RESET_B                         0.750000   37.820126  -37.070129 (VIOLATED)
_15091_/RESET_B                         0.750000   37.820080  -37.070080 (VIOLATED)
_15096_/RESET_B                         0.750000   37.820107  -37.070107 (VIOLATED)
_15099_/RESET_B                         0.750000   37.820076  -37.070076 (VIOLATED)
_15084_/RESET_B                         0.750000   37.820000  -37.070000 (VIOLATED)
_15080_/RESET_B                         0.750000   37.819279  -37.069279 (VIOLATED)
_15094_/RESET_B                         0.750000   37.819313  -37.069313 (VIOLATED)
_15078_/RESET_B                         0.750000   37.819138  -37.069141 (VIOLATED)
_15079_/RESET_B                         0.750000   37.819138  -37.069141 (VIOLATED)
_15145_/RESET_B                         0.750000   37.818939  -37.068939 (VIOLATED)
_14886_/RESET_B                         0.750000   37.818436  -37.068436 (VIOLATED)
_15076_/RESET_B                         0.750000   37.818344  -37.068344 (VIOLATED)
_15077_/RESET_B                         0.750000   37.818272  -37.068272 (VIOLATED)
_15144_/RESET_B                         0.750000   37.818268  -37.068268 (VIOLATED)
_15147_/RESET_B                         0.750000   37.818272  -37.068272 (VIOLATED)
_15133_/RESET_B                         0.750000   37.817966  -37.067966 (VIOLATED)
_15143_/RESET_B                         0.750000   37.817963  -37.067963 (VIOLATED)
_15146_/RESET_B                         0.750000   37.817963  -37.067963 (VIOLATED)
_15075_/RESET_B                         0.750000   37.817238  -37.067238 (VIOLATED)
_15073_/RESET_B                         0.750000   37.817070  -37.067074 (VIOLATED)
_15140_/RESET_B                         0.750000   37.817066  -37.067070 (VIOLATED)
_15142_/RESET_B                         0.750000   37.817066  -37.067070 (VIOLATED)
_15070_/RESET_B                         0.750000   37.816872  -37.066872 (VIOLATED)
_15072_/RESET_B                         0.750000   37.816872  -37.066872 (VIOLATED)
_15139_/RESET_B                         0.750000   37.816868  -37.066868 (VIOLATED)
_15138_/RESET_B                         0.750000   37.816292  -37.066296 (VIOLATED)
_15151_/RESET_B                         0.750000   37.816055  -37.066055 (VIOLATED)
_14948_/RESET_B                         0.750000   37.814487  -37.064491 (VIOLATED)
_14980_/RESET_B                         0.750000   37.810108  -37.060108 (VIOLATED)
_15123_/RESET_B                         0.750000   37.809292  -37.059292 (VIOLATED)
_15124_/RESET_B                         0.750000   37.809258  -37.059261 (VIOLATED)
_15125_/RESET_B                         0.750000   37.809265  -37.059265 (VIOLATED)
_15126_/RESET_B                         0.750000   37.809292  -37.059292 (VIOLATED)
_15127_/RESET_B                         0.750000   37.809261  -37.059265 (VIOLATED)
_15128_/RESET_B                         0.750000   37.809254  -37.059254 (VIOLATED)
_15174_/RESET_B                         0.750000   37.809246  -37.059246 (VIOLATED)
_15175_/RESET_B                         0.750000   37.809246  -37.059246 (VIOLATED)
_14940_/RESET_B                         0.750000   37.809204  -37.059208 (VIOLATED)
_15176_/RESET_B                         0.750000   37.809242  -37.059242 (VIOLATED)
_15177_/RESET_B                         0.750000   37.809238  -37.059238 (VIOLATED)
_14941_/RESET_B                         0.750000   37.809185  -37.059185 (VIOLATED)
_14942_/RESET_B                         0.750000   37.809181  -37.059181 (VIOLATED)
_14943_/RESET_B                         0.750000   37.809158  -37.059162 (VIOLATED)
_15120_/RESET_B                         0.750000   37.809196  -37.059196 (VIOLATED)
_15121_/RESET_B                         0.750000   37.809219  -37.059219 (VIOLATED)
_15122_/RESET_B                         0.750000   37.809235  -37.059235 (VIOLATED)
_15178_/RESET_B                         0.750000   37.809227  -37.059227 (VIOLATED)
_15179_/RESET_B                         0.750000   37.809227  -37.059227 (VIOLATED)
_15180_/RESET_B                         0.750000   37.809231  -37.059231 (VIOLATED)
_14935_/RESET_B                         0.750000   37.809105  -37.059109 (VIOLATED)
_14936_/RESET_B                         0.750000   37.809132  -37.059132 (VIOLATED)
_15167_/RESET_B                         0.750000   37.809135  -37.059135 (VIOLATED)
_15168_/RESET_B                         0.750000   37.809147  -37.059147 (VIOLATED)
_15169_/RESET_B                         0.750000   37.809143  -37.059143 (VIOLATED)
_15170_/RESET_B                         0.750000   37.809151  -37.059155 (VIOLATED)
_15171_/RESET_B                         0.750000   37.809155  -37.059158 (VIOLATED)
_15172_/RESET_B                         0.750000   37.809155  -37.059158 (VIOLATED)
_15173_/RESET_B                         0.750000   37.809155  -37.059158 (VIOLATED)
_14933_/RESET_B                         0.750000   37.809067  -37.059067 (VIOLATED)
_14934_/RESET_B                         0.750000   37.809059  -37.059059 (VIOLATED)
_15118_/RESET_B                         0.750000   37.809078  -37.059078 (VIOLATED)
_15119_/RESET_B                         0.750000   37.809071  -37.059071 (VIOLATED)
_15130_/RESET_B                         0.750000   37.809052  -37.059055 (VIOLATED)
_15131_/RESET_B                         0.750000   37.809086  -37.059086 (VIOLATED)
_15132_/RESET_B                         0.750000   37.809086  -37.059086 (VIOLATED)
_14930_/RESET_B                         0.750000   37.808994  -37.058998 (VIOLATED)
_14931_/RESET_B                         0.750000   37.808983  -37.058983 (VIOLATED)
_14932_/RESET_B                         0.750000   37.808968  -37.058968 (VIOLATED)
_14511_/RESET_B                         0.750000   37.808704  -37.058704 (VIOLATED)
_14967_/RESET_B                         0.750000   37.808735  -37.058739 (VIOLATED)
_14968_/RESET_B                         0.750000   37.808746  -37.058746 (VIOLATED)
_14973_/RESET_B                         0.750000   37.808754  -37.058754 (VIOLATED)
_14974_/RESET_B                         0.750000   37.808754  -37.058754 (VIOLATED)
_14975_/RESET_B                         0.750000   37.808750  -37.058750 (VIOLATED)
_14515_/RESET_B                         0.750000   37.808697  -37.058697 (VIOLATED)
_14543_/RESET_B                         0.750000   37.808716  -37.058716 (VIOLATED)
_15036_/RESET_B                         0.750000   37.808727  -37.058727 (VIOLATED)
_14517_/RESET_B                         0.750000   37.808666  -37.058666 (VIOLATED)
_14547_/RESET_B                         0.750000   37.808685  -37.058685 (VIOLATED)
_14549_/RESET_B                         0.750000   37.808636  -37.058640 (VIOLATED)
_14519_/RESET_B                         0.750000   37.808498  -37.058498 (VIOLATED)
_14551_/RESET_B                         0.750000   37.808533  -37.058537 (VIOLATED)
_14937_/RESET_B                         0.750000   37.808498  -37.058498 (VIOLATED)
_14938_/RESET_B                         0.750000   37.808498  -37.058498 (VIOLATED)
_14939_/RESET_B                         0.750000   37.808498  -37.058498 (VIOLATED)
_14969_/RESET_B                         0.750000   37.808475  -37.058475 (VIOLATED)
_14970_/RESET_B                         0.750000   37.808491  -37.058491 (VIOLATED)
_14971_/RESET_B                         0.750000   37.808491  -37.058491 (VIOLATED)
_14972_/RESET_B                         0.750000   37.808483  -37.058487 (VIOLATED)
_15042_/RESET_B                         0.750000   37.808449  -37.058449 (VIOLATED)
_15043_/RESET_B                         0.750000   37.808449  -37.058449 (VIOLATED)
_15044_/RESET_B                         0.750000   37.808445  -37.058445 (VIOLATED)
_14513_/RESET_B                         0.750000   37.808395  -37.058395 (VIOLATED)
_14545_/RESET_B                         0.750000   37.808395  -37.058395 (VIOLATED)
_15013_/RESET_B                         0.750000   37.808365  -37.058365 (VIOLATED)
_15037_/RESET_B                         0.750000   37.808399  -37.058399 (VIOLATED)
_15038_/RESET_B                         0.750000   37.808430  -37.058434 (VIOLATED)
_15040_/RESET_B                         0.750000   37.808449  -37.058449 (VIOLATED)
_15006_/RESET_B                         0.750000   37.808323  -37.058327 (VIOLATED)
_15007_/RESET_B                         0.750000   37.808353  -37.058353 (VIOLATED)
_15009_/RESET_B                         0.750000   37.808331  -37.058334 (VIOLATED)
_14872_/RESET_B                         0.750000   37.808273  -37.058277 (VIOLATED)
_15005_/RESET_B                         0.750000   37.808277  -37.058281 (VIOLATED)
_15011_/RESET_B                         0.750000   37.808239  -37.058239 (VIOLATED)
_14873_/RESET_B                         0.750000   37.808163  -37.058163 (VIOLATED)
_14917_/RESET_B                         0.750000   37.808155  -37.058155 (VIOLATED)
_14880_/RESET_B                         0.750000   37.808056  -37.058056 (VIOLATED)
_14594_/RESET_B                         0.750000   37.807766  -37.057766 (VIOLATED)
_14665_/RESET_B                         0.750000   37.807732  -37.057732 (VIOLATED)
_14512_/RESET_B                         0.750000   37.807663  -37.057663 (VIOLATED)
_14516_/RESET_B                         0.750000   37.807652  -37.057652 (VIOLATED)
_14544_/RESET_B                         0.750000   37.807663  -37.057663 (VIOLATED)
_14966_/RESET_B                         0.750000   37.807674  -37.057674 (VIOLATED)
_15010_/RESET_B                         0.750000   37.807648  -37.057648 (VIOLATED)
_15035_/RESET_B                         0.750000   37.807671  -37.057671 (VIOLATED)
_14707_/RESET_B                         0.750000   37.807571  -37.057571 (VIOLATED)
_14669_/RESET_B                         0.750000   37.807316  -37.057316 (VIOLATED)
_14598_/RESET_B                         0.750000   37.807224  -37.057224 (VIOLATED)
_14564_/RESET_B                         0.750000   37.807133  -37.057133 (VIOLATED)
_14559_/RESET_B                         0.750000   37.806927  -37.056927 (VIOLATED)
_14562_/RESET_B                         0.750000   37.806923  -37.056923 (VIOLATED)
_14563_/RESET_B                         0.750000   37.806873  -37.056873 (VIOLATED)
_14565_/RESET_B                         0.750000   37.806870  -37.056870 (VIOLATED)
_14593_/RESET_B                         0.750000   37.806904  -37.056904 (VIOLATED)
_14706_/RESET_B                         0.750000   37.806934  -37.056938 (VIOLATED)
_14712_/RESET_B                         0.750000   37.806938  -37.056938 (VIOLATED)
_14878_/RESET_B                         0.750000   37.806938  -37.056938 (VIOLATED)
_14595_/RESET_B                         0.750000   37.806889  -37.056889 (VIOLATED)
_14599_/RESET_B                         0.750000   37.806873  -37.056877 (VIOLATED)
_14664_/RESET_B                         0.750000   37.806904  -37.056904 (VIOLATED)
_14629_/RESET_B                         0.750000   37.806862  -37.056862 (VIOLATED)
_14631_/RESET_B                         0.750000   37.806862  -37.056862 (VIOLATED)
_14632_/RESET_B                         0.750000   37.806881  -37.056885 (VIOLATED)
_14666_/RESET_B                         0.750000   37.806885  -37.056885 (VIOLATED)
_14670_/RESET_B                         0.750000   37.806873  -37.056877 (VIOLATED)
_14714_/RESET_B                         0.750000   37.806858  -37.056858 (VIOLATED)
_14601_/RESET_B                         0.750000   37.806816  -37.056816 (VIOLATED)
_14635_/RESET_B                         0.750000   37.806828  -37.056831 (VIOLATED)
_14638_/RESET_B                         0.750000   37.806854  -37.056854 (VIOLATED)
_14672_/RESET_B                         0.750000   37.806808  -37.056808 (VIOLATED)
_14560_/RESET_B                         0.750000   37.806751  -37.056751 (VIOLATED)
_14567_/RESET_B                         0.750000   37.806763  -37.056763 (VIOLATED)
_14603_/RESET_B                         0.750000   37.806767  -37.056767 (VIOLATED)
_14674_/RESET_B                         0.750000   37.806763  -37.056763 (VIOLATED)
_14561_/RESET_B                         0.750000   37.806614  -37.056614 (VIOLATED)
_14640_/RESET_B                         0.750000   37.806347  -37.056347 (VIOLATED)
_14637_/RESET_B                         0.750000   37.806290  -37.056290 (VIOLATED)
_14708_/RESET_B                         0.750000   37.806065  -37.056065 (VIOLATED)
_14874_/RESET_B                         0.750000   37.806076  -37.056076 (VIOLATED)
_14421_/RESET_B                         0.750000   37.806015  -37.056015 (VIOLATED)
_14709_/RESET_B                         0.750000   37.806038  -37.056038 (VIOLATED)
_14875_/RESET_B                         0.750000   37.806046  -37.056049 (VIOLATED)
_14876_/RESET_B                         0.750000   37.806072  -37.056072 (VIOLATED)
_14877_/RESET_B                         0.750000   37.806068  -37.056068 (VIOLATED)
_14879_/RESET_B                         0.750000   37.806072  -37.056072 (VIOLATED)
_15039_/RESET_B                         0.750000   37.806065  -37.056065 (VIOLATED)
_15041_/RESET_B                         0.750000   37.806068  -37.056068 (VIOLATED)
_14634_/RESET_B                         0.750000   37.805996  -37.055996 (VIOLATED)
_14636_/RESET_B                         0.750000   37.806004  -37.056007 (VIOLATED)
_14904_/RESET_B                         0.750000   37.806015  -37.056015 (VIOLATED)
_14905_/RESET_B                         0.750000   37.806007  -37.056007 (VIOLATED)
_14907_/RESET_B                         0.750000   37.806019  -37.056019 (VIOLATED)
_14909_/RESET_B                         0.750000   37.806019  -37.056019 (VIOLATED)
_14911_/RESET_B                         0.750000   37.806023  -37.056023 (VIOLATED)
_14914_/RESET_B                         0.750000   37.806023  -37.056023 (VIOLATED)
_14514_/RESET_B                         0.750000   37.805923  -37.055923 (VIOLATED)
_14546_/RESET_B                         0.750000   37.805923  -37.055923 (VIOLATED)
_14902_/RESET_B                         0.750000   37.805943  -37.055943 (VIOLATED)
_14903_/RESET_B                         0.750000   37.805965  -37.055965 (VIOLATED)
_14906_/RESET_B                         0.750000   37.805965  -37.055965 (VIOLATED)
_14908_/RESET_B                         0.750000   37.805950  -37.055954 (VIOLATED)
_14910_/RESET_B                         0.750000   37.805946  -37.055950 (VIOLATED)
_14912_/RESET_B                         0.750000   37.805958  -37.055958 (VIOLATED)
_14915_/RESET_B                         0.750000   37.805954  -37.055954 (VIOLATED)
_14596_/RESET_B                         0.750000   37.805889  -37.055889 (VIOLATED)
_14597_/RESET_B                         0.750000   37.805908  -37.055908 (VIOLATED)
_14630_/RESET_B                         0.750000   37.805920  -37.055920 (VIOLATED)
_14633_/RESET_B                         0.750000   37.805954  -37.055954 (VIOLATED)
_15008_/RESET_B                         0.750000   37.805923  -37.055923 (VIOLATED)
_14667_/RESET_B                         0.750000   37.805885  -37.055885 (VIOLATED)
_14668_/RESET_B                         0.750000   37.805908  -37.055908 (VIOLATED)
_14710_/RESET_B                         0.750000   37.805904  -37.055904 (VIOLATED)
_14414_/RESET_B                         0.750000   37.805786  -37.055786 (VIOLATED)
_14415_/RESET_B                         0.750000   37.805767  -37.055767 (VIOLATED)
_14416_/RESET_B                         0.750000   37.805702  -37.055702 (VIOLATED)
_14417_/RESET_B                         0.750000   37.805618  -37.055618 (VIOLATED)
_14420_/RESET_B                         0.750000   37.805634  -37.055637 (VIOLATED)
_14418_/RESET_B                         0.750000   37.805573  -37.055573 (VIOLATED)
_14419_/RESET_B                         0.750000   37.805531  -37.055531 (VIOLATED)
_14413_/RESET_B                         0.750000   37.805431  -37.055435 (VIOLATED)
_14412_/RESET_B                         0.750000   37.805386  -37.055386 (VIOLATED)
_14422_/RESET_B                         0.750000   37.805351  -37.055351 (VIOLATED)
_14411_/RESET_B                         0.750000   37.805222  -37.055225 (VIOLATED)
_14449_/RESET_B                         0.750000   37.805176  -37.055180 (VIOLATED)
_14450_/RESET_B                         0.750000   37.805176  -37.055180 (VIOLATED)
_14786_/RESET_B                         0.750000   37.805172  -37.055176 (VIOLATED)
_14787_/RESET_B                         0.750000   37.805168  -37.055168 (VIOLATED)
_14749_/RESET_B                         0.750000   37.805023  -37.055023 (VIOLATED)
_14452_/RESET_B                         0.750000   37.804955  -37.054955 (VIOLATED)
_14453_/RESET_B                         0.750000   37.804825  -37.054825 (VIOLATED)
_14750_/RESET_B                         0.750000   37.804852  -37.054852 (VIOLATED)
_14454_/RESET_B                         0.750000   37.804531  -37.054531 (VIOLATED)
_14408_/RESET_B                         0.750000   37.803875  -37.053879 (VIOLATED)
_14949_/RESET_B                         0.750000   37.803883  -37.053886 (VIOLATED)
_14410_/RESET_B                         0.750000   37.803818  -37.053818 (VIOLATED)
_14509_/RESET_B                         0.750000   37.803448  -37.053448 (VIOLATED)
_14541_/RESET_B                         0.750000   37.803444  -37.053444 (VIOLATED)
_14557_/RESET_B                         0.750000   37.803459  -37.053459 (VIOLATED)
_14568_/RESET_B                         0.750000   37.803436  -37.053436 (VIOLATED)
_14639_/RESET_B                         0.750000   37.803429  -37.053429 (VIOLATED)
_14641_/RESET_B                         0.750000   37.803421  -37.053421 (VIOLATED)
_14870_/RESET_B                         0.750000   37.803459  -37.053459 (VIOLATED)
_15003_/RESET_B                         0.750000   37.803455  -37.053455 (VIOLATED)
_14662_/RESET_B                         0.750000   37.803379  -37.053379 (VIOLATED)
_14704_/RESET_B                         0.750000   37.803402  -37.053402 (VIOLATED)
_14591_/RESET_B                         0.750000   37.803181  -37.053181 (VIOLATED)
_14627_/RESET_B                         0.750000   37.802860  -37.052860 (VIOLATED)
_14628_/RESET_B                         0.750000   37.802822  -37.052822 (VIOLATED)
_15102_/RESET_B                         0.750000   37.802734  -37.052734 (VIOLATED)
_14409_/RESET_B                         0.750000   37.802460  -37.052460 (VIOLATED)
_14625_/RESET_B                         0.750000   37.802380  -37.052383 (VIOLATED)
_15381_/RESET_B                         0.750000   37.802277  -37.052280 (VIOLATED)
_15829_/RESET_B                         0.750000   37.802269  -37.052269 (VIOLATED)
_15861_/RESET_B                         0.750000   37.802277  -37.052280 (VIOLATED)
_15925_/RESET_B                         0.750000   37.802269  -37.052269 (VIOLATED)
_15957_/RESET_B                         0.750000   37.802269  -37.052273 (VIOLATED)
_16085_/RESET_B                         0.750000   37.802269  -37.052273 (VIOLATED)
_16181_/RESET_B                         0.750000   37.802280  -37.052280 (VIOLATED)
_15317_/RESET_B                         0.750000   37.802208  -37.052208 (VIOLATED)
_15320_/RESET_B                         0.750000   37.802189  -37.052189 (VIOLATED)
_15349_/RESET_B                         0.750000   37.802216  -37.052216 (VIOLATED)
_15445_/RESET_B                         0.750000   37.802204  -37.052204 (VIOLATED)
_15477_/RESET_B                         0.750000   37.802212  -37.052212 (VIOLATED)
_15509_/RESET_B                         0.750000   37.802238  -37.052238 (VIOLATED)
_15512_/RESET_B                         0.750000   37.802197  -37.052197 (VIOLATED)
_15637_/RESET_B                         0.750000   37.802208  -37.052208 (VIOLATED)
_15797_/RESET_B                         0.750000   37.802227  -37.052231 (VIOLATED)
_15893_/RESET_B                         0.750000   37.802254  -37.052254 (VIOLATED)
_16021_/RESET_B                         0.750000   37.802231  -37.052231 (VIOLATED)
_16053_/RESET_B                         0.750000   37.802219  -37.052223 (VIOLATED)
_15352_/RESET_B                         0.750000   37.802151  -37.052151 (VIOLATED)
_15640_/RESET_B                         0.750000   37.802177  -37.052177 (VIOLATED)
_15704_/RESET_B                         0.750000   37.802189  -37.052189 (VIOLATED)
_15765_/RESET_B                         0.750000   37.802212  -37.052212 (VIOLATED)
_15896_/RESET_B                         0.750000   37.802197  -37.052197 (VIOLATED)
_16149_/RESET_B                         0.750000   37.802216  -37.052216 (VIOLATED)
_16213_/RESET_B                         0.750000   37.802250  -37.052250 (VIOLATED)
_15384_/RESET_B                         0.750000   37.802124  -37.052128 (VIOLATED)
_15480_/RESET_B                         0.750000   37.802132  -37.052132 (VIOLATED)
_15960_/RESET_B                         0.750000   37.802155  -37.052155 (VIOLATED)
_16024_/RESET_B                         0.750000   37.802177  -37.052177 (VIOLATED)
_16056_/RESET_B                         0.750000   37.802185  -37.052185 (VIOLATED)
_16088_/RESET_B                         0.750000   37.802155  -37.052155 (VIOLATED)
_16152_/RESET_B                         0.750000   37.802170  -37.052174 (VIOLATED)
_16184_/RESET_B                         0.750000   37.802166  -37.052170 (VIOLATED)
_15768_/RESET_B                         0.750000   37.802113  -37.052113 (VIOLATED)
_15864_/RESET_B                         0.750000   37.802139  -37.052139 (VIOLATED)
_15800_/RESET_B                         0.750000   37.802071  -37.052074 (VIOLATED)
_15416_/RESET_B                         0.750000   37.802006  -37.052006 (VIOLATED)
_15544_/RESET_B                         0.750000   37.802017  -37.052021 (VIOLATED)
_15672_/RESET_B                         0.750000   37.802006  -37.052006 (VIOLATED)
_15705_/RESET_B                         0.750000   37.801937  -37.051937 (VIOLATED)
_14523_/RESET_B                         0.750000   37.801849  -37.051849 (VIOLATED)
_15312_/RESET_B                         0.750000   37.801857  -37.051857 (VIOLATED)
_15344_/RESET_B                         0.750000   37.801865  -37.051868 (VIOLATED)
_15472_/RESET_B                         0.750000   37.801849  -37.051849 (VIOLATED)
_15539_/RESET_B                         0.750000   37.801846  -37.051846 (VIOLATED)
_15632_/RESET_B                         0.750000   37.801865  -37.051868 (VIOLATED)
_15760_/RESET_B                         0.750000   37.801865  -37.051868 (VIOLATED)
_15824_/RESET_B                         0.750000   37.801846  -37.051846 (VIOLATED)
_15856_/RESET_B                         0.750000   37.801865  -37.051868 (VIOLATED)
_16176_/RESET_B                         0.750000   37.801861  -37.051865 (VIOLATED)
_14718_/RESET_B                         0.750000   37.801769  -37.051769 (VIOLATED)
_15017_/RESET_B                         0.750000   37.801769  -37.051769 (VIOLATED)
_15353_/RESET_B                         0.750000   37.801804  -37.051807 (VIOLATED)
_15385_/RESET_B                         0.750000   37.801804  -37.051807 (VIOLATED)
_15408_/RESET_B                         0.750000   37.801823  -37.051823 (VIOLATED)
_15507_/RESET_B                         0.750000   37.801792  -37.051792 (VIOLATED)
_15513_/RESET_B                         0.750000   37.801807  -37.051811 (VIOLATED)
_15641_/RESET_B                         0.750000   37.801796  -37.051796 (VIOLATED)
_15664_/RESET_B                         0.750000   37.801826  -37.051826 (VIOLATED)
_16153_/RESET_B                         0.750000   37.801804  -37.051804 (VIOLATED)
_15315_/RESET_B                         0.750000   37.801739  -37.051739 (VIOLATED)
_15347_/RESET_B                         0.750000   37.801739  -37.051739 (VIOLATED)
_15379_/RESET_B                         0.750000   37.801765  -37.051765 (VIOLATED)
_15443_/RESET_B                         0.750000   37.801746  -37.051746 (VIOLATED)
_15475_/RESET_B                         0.750000   37.801746  -37.051746 (VIOLATED)
_15669_/RESET_B                         0.750000   37.801781  -37.051781 (VIOLATED)
_15541_/RESET_B                         0.750000   37.801723  -37.051723 (VIOLATED)
_15701_/RESET_B                         0.750000   37.801758  -37.051762 (VIOLATED)
_15733_/RESET_B                         0.750000   37.801785  -37.051785 (VIOLATED)
_15573_/RESET_B                         0.750000   37.801701  -37.051704 (VIOLATED)
_15763_/RESET_B                         0.750000   37.801739  -37.051739 (VIOLATED)
_15859_/RESET_B                         0.750000   37.801746  -37.051746 (VIOLATED)
_15891_/RESET_B                         0.750000   37.801712  -37.051712 (VIOLATED)
_16147_/RESET_B                         0.750000   37.801735  -37.051735 (VIOLATED)
_15605_/RESET_B                         0.750000   37.801670  -37.051670 (VIOLATED)
_15989_/RESET_B                         0.750000   37.801682  -37.051682 (VIOLATED)
_16019_/RESET_B                         0.750000   37.801704  -37.051708 (VIOLATED)
_16211_/RESET_B                         0.750000   37.801716  -37.051716 (VIOLATED)
_16247_/RESET_B                         0.750000   37.801704  -37.051708 (VIOLATED)
_14487_/RESET_B                         0.750000   37.801601  -37.051605 (VIOLATED)
_15413_/RESET_B                         0.750000   37.801636  -37.051636 (VIOLATED)
_15923_/RESET_B                         0.750000   37.801636  -37.051636 (VIOLATED)
_16117_/RESET_B                         0.750000   37.801647  -37.051647 (VIOLATED)
_15448_/RESET_B                         0.750000   37.801594  -37.051594 (VIOLATED)
_15576_/RESET_B                         0.750000   37.801598  -37.051598 (VIOLATED)
_15736_/RESET_B                         0.750000   37.801601  -37.051605 (VIOLATED)
_15832_/RESET_B                         0.750000   37.801601  -37.051605 (VIOLATED)
_16120_/RESET_B                         0.750000   37.801590  -37.051590 (VIOLATED)
_16179_/RESET_B                         0.750000   37.801620  -37.051620 (VIOLATED)
_14490_/RESET_B                         0.750000   37.801521  -37.051521 (VIOLATED)
_14555_/RESET_B                         0.750000   37.801544  -37.051548 (VIOLATED)
_15635_/RESET_B                         0.750000   37.801529  -37.051529 (VIOLATED)
_16216_/RESET_B                         0.750000   37.801521  -37.051521 (VIOLATED)
_16250_/RESET_B                         0.750000   37.801521  -37.051521 (VIOLATED)
_15608_/RESET_B                         0.750000   37.801460  -37.051460 (VIOLATED)
_15928_/RESET_B                         0.750000   37.801476  -37.051476 (VIOLATED)
_15992_/RESET_B                         0.750000   37.801456  -37.051456 (VIOLATED)
_14510_/RESET_B                         0.750000   37.801392  -37.051395 (VIOLATED)
_14518_/RESET_B                         0.750000   37.801403  -37.051403 (VIOLATED)
_14542_/RESET_B                         0.750000   37.801392  -37.051395 (VIOLATED)
_14550_/RESET_B                         0.750000   37.801407  -37.051407 (VIOLATED)
_14548_/RESET_B                         0.750000   37.801338  -37.051342 (VIOLATED)
_14705_/RESET_B                         0.750000   37.801357  -37.051357 (VIOLATED)
_14871_/RESET_B                         0.750000   37.801380  -37.051380 (VIOLATED)
_14944_/RESET_B                         0.750000   37.801388  -37.051388 (VIOLATED)
_14945_/RESET_B                         0.750000   37.801388  -37.051388 (VIOLATED)
_14965_/RESET_B                         0.750000   37.801414  -37.051414 (VIOLATED)
_14946_/RESET_B                         0.750000   37.801353  -37.051353 (VIOLATED)
_15018_/RESET_B                         0.750000   37.801392  -37.051392 (VIOLATED)
_15034_/RESET_B                         0.750000   37.801411  -37.051411 (VIOLATED)
_14947_/RESET_B                         0.750000   37.801350  -37.051350 (VIOLATED)
_14976_/RESET_B                         0.750000   37.801384  -37.051384 (VIOLATED)
_14977_/RESET_B                         0.750000   37.801384  -37.051384 (VIOLATED)
_15004_/RESET_B                         0.750000   37.801392  -37.051392 (VIOLATED)
_15012_/RESET_B                         0.750000   37.801395  -37.051399 (VIOLATED)
_15045_/RESET_B                         0.750000   37.801388  -37.051388 (VIOLATED)
_15129_/RESET_B                         0.750000   37.801418  -37.051418 (VIOLATED)
_15046_/RESET_B                         0.750000   37.801357  -37.051357 (VIOLATED)
_15048_/RESET_B                         0.750000   37.801357  -37.051357 (VIOLATED)
_15181_/RESET_B                         0.750000   37.801373  -37.051373 (VIOLATED)
_15182_/RESET_B                         0.750000   37.801376  -37.051376 (VIOLATED)
_15183_/RESET_B                         0.750000   37.801369  -37.051369 (VIOLATED)
_15184_/RESET_B                         0.750000   37.801361  -37.051361 (VIOLATED)
_15417_/RESET_B                         0.750000   37.801373  -37.051373 (VIOLATED)
_15731_/RESET_B                         0.750000   37.801373  -37.051373 (VIOLATED)
_15769_/RESET_B                         0.750000   37.801384  -37.051384 (VIOLATED)
_15827_/RESET_B                         0.750000   37.801346  -37.051350 (VIOLATED)
_15833_/RESET_B                         0.750000   37.801357  -37.051357 (VIOLATED)
_15955_/RESET_B                         0.750000   37.801376  -37.051376 (VIOLATED)
_16025_/RESET_B                         0.750000   37.801353  -37.051353 (VIOLATED)
_16083_/RESET_B                         0.750000   37.801373  -37.051373 (VIOLATED)
_14485_/RESET_B                         0.750000   37.801289  -37.051289 (VIOLATED)
_14558_/RESET_B                         0.750000   37.801311  -37.051311 (VIOLATED)
_14566_/RESET_B                         0.750000   37.801311  -37.051311 (VIOLATED)
_14592_/RESET_B                         0.750000   37.801338  -37.051338 (VIOLATED)
_14600_/RESET_B                         0.750000   37.801331  -37.051331 (VIOLATED)
_14663_/RESET_B                         0.750000   37.801319  -37.051319 (VIOLATED)
_14671_/RESET_B                         0.750000   37.801327  -37.051327 (VIOLATED)
_14711_/RESET_B                         0.750000   37.801338  -37.051342 (VIOLATED)
_14713_/RESET_B                         0.750000   37.801338  -37.051338 (VIOLATED)
_14978_/RESET_B                         0.750000   37.801338  -37.051338 (VIOLATED)
_14979_/RESET_B                         0.750000   37.801338  -37.051342 (VIOLATED)
_15667_/RESET_B                         0.750000   37.801296  -37.051300 (VIOLATED)
_15865_/RESET_B                         0.750000   37.801319  -37.051319 (VIOLATED)
_16051_/RESET_B                         0.750000   37.801296  -37.051300 (VIOLATED)
_14521_/RESET_B                         0.750000   37.801258  -37.051258 (VIOLATED)
_14553_/RESET_B                         0.750000   37.801239  -37.051243 (VIOLATED)
_14716_/RESET_B                         0.750000   37.801235  -37.051239 (VIOLATED)
_15015_/RESET_B                         0.750000   37.801273  -37.051273 (VIOLATED)
_15047_/RESET_B                         0.750000   37.801304  -37.051304 (VIOLATED)
_15411_/RESET_B                         0.750000   37.801296  -37.051300 (VIOLATED)
_14882_/RESET_B                         0.750000   37.801201  -37.051201 (VIOLATED)
_16217_/RESET_B                         0.750000   37.801235  -37.051239 (VIOLATED)
_15699_/RESET_B                         0.750000   37.801132  -37.051136 (VIOLATED)
_15795_/RESET_B                         0.750000   37.801132  -37.051136 (VIOLATED)
_15987_/RESET_B                         0.750000   37.801132  -37.051136 (VIOLATED)
_14522_/RESET_B                         0.750000   37.801086  -37.051090 (VIOLATED)
_14554_/RESET_B                         0.750000   37.801048  -37.051048 (VIOLATED)
_15571_/RESET_B                         0.750000   37.801075  -37.051075 (VIOLATED)
_14884_/RESET_B                         0.750000   37.801025  -37.051025 (VIOLATED)
_15603_/RESET_B                         0.750000   37.801022  -37.051022 (VIOLATED)
_16115_/RESET_B                         0.750000   37.801029  -37.051029 (VIOLATED)
_16245_/RESET_B                         0.750000   37.801029  -37.051033 (VIOLATED)
_14883_/RESET_B                         0.750000   37.800880  -37.050884 (VIOLATED)
_14491_/RESET_B                         0.750000   37.800774  -37.050777 (VIOLATED)
_14837_/RESET_B                         0.750000   37.800762  -37.050762 (VIOLATED)
_14846_/RESET_B                         0.750000   37.800770  -37.050770 (VIOLATED)
_15545_/RESET_B                         0.750000   37.800781  -37.050781 (VIOLATED)
_15801_/RESET_B                         0.750000   37.800781  -37.050781 (VIOLATED)
_15897_/RESET_B                         0.750000   37.800777  -37.050781 (VIOLATED)
_15993_/RESET_B                         0.750000   37.800777  -37.050781 (VIOLATED)
_16057_/RESET_B                         0.750000   37.800781  -37.050781 (VIOLATED)
_14838_/RESET_B                         0.750000   37.800720  -37.050724 (VIOLATED)
_14840_/RESET_B                         0.750000   37.800755  -37.050755 (VIOLATED)
_14843_/RESET_B                         0.750000   37.800770  -37.050770 (VIOLATED)
_14845_/RESET_B                         0.750000   37.800770  -37.050770 (VIOLATED)
_14842_/RESET_B                         0.750000   37.800728  -37.050732 (VIOLATED)
_14844_/RESET_B                         0.750000   37.800701  -37.050701 (VIOLATED)
_14847_/RESET_B                         0.750000   37.800709  -37.050709 (VIOLATED)
_14520_/RESET_B                         0.750000   37.800659  -37.050659 (VIOLATED)
_14552_/RESET_B                         0.750000   37.800625  -37.050625 (VIOLATED)
_14556_/RESET_B                         0.750000   37.800617  -37.050621 (VIOLATED)
_14702_/RESET_B                         0.750000   37.800648  -37.050648 (VIOLATED)
_14588_/RESET_B                         0.750000   37.800579  -37.050579 (VIOLATED)
_14590_/RESET_B                         0.750000   37.800613  -37.050613 (VIOLATED)
_14659_/RESET_B                         0.750000   37.800583  -37.050583 (VIOLATED)
_14661_/RESET_B                         0.750000   37.800613  -37.050617 (VIOLATED)
_14701_/RESET_B                         0.750000   37.800591  -37.050591 (VIOLATED)
_14703_/RESET_B                         0.750000   37.800606  -37.050606 (VIOLATED)
_14867_/RESET_B                         0.750000   37.800598  -37.050598 (VIOLATED)
_14868_/RESET_B                         0.750000   37.800545  -37.050545 (VIOLATED)
_15000_/RESET_B                         0.750000   37.800568  -37.050571 (VIOLATED)
_15001_/RESET_B                         0.750000   37.800552  -37.050552 (VIOLATED)
_14964_/RESET_B                         0.750000   37.800407  -37.050411 (VIOLATED)
_15033_/RESET_B                         0.750000   37.800373  -37.050373 (VIOLATED)
_15117_/RESET_B                         0.750000   37.800373  -37.050373 (VIOLATED)
_14569_/RESET_B                         0.750000   37.800224  -37.050224 (VIOLATED)
_14570_/RESET_B                         0.750000   37.800220  -37.050220 (VIOLATED)
_14602_/RESET_B                         0.750000   37.800182  -37.050182 (VIOLATED)
_14604_/RESET_B                         0.750000   37.800213  -37.050213 (VIOLATED)
_14916_/RESET_B                         0.750000   37.800213  -37.050213 (VIOLATED)
_14963_/RESET_B                         0.750000   37.800220  -37.050220 (VIOLATED)
_14673_/RESET_B                         0.750000   37.800171  -37.050171 (VIOLATED)
_14675_/RESET_B                         0.750000   37.800205  -37.050209 (VIOLATED)
_14717_/RESET_B                         0.750000   37.800201  -37.050201 (VIOLATED)
_14715_/RESET_B                         0.750000   37.800148  -37.050152 (VIOLATED)
_14913_/RESET_B                         0.750000   37.800159  -37.050159 (VIOLATED)
_15014_/RESET_B                         0.750000   37.800186  -37.050186 (VIOLATED)
_15016_/RESET_B                         0.750000   37.800220  -37.050220 (VIOLATED)
_14869_/RESET_B                         0.750000   37.800117  -37.050117 (VIOLATED)
_14881_/RESET_B                         0.750000   37.800148  -37.050148 (VIOLATED)
_14508_/RESET_B                         0.750000   37.800053  -37.050056 (VIOLATED)
_14962_/RESET_B                         0.750000   37.800091  -37.050091 (VIOLATED)
_15002_/RESET_B                         0.750000   37.800091  -37.050091 (VIOLATED)
_14540_/RESET_B                         0.750000   37.800030  -37.050030 (VIOLATED)
_14385_/RESET_B                         0.750000   37.799812  -37.049812 (VIOLATED)
_14440_/RESET_B                         0.750000   37.799789  -37.049793 (VIOLATED)
_14441_/RESET_B                         0.750000   37.799801  -37.049801 (VIOLATED)
_14442_/RESET_B                         0.750000   37.799809  -37.049809 (VIOLATED)
_14751_/RESET_B                         0.750000   37.799812  -37.049812 (VIOLATED)
_15031_/RESET_B                         0.750000   37.799828  -37.049828 (VIOLATED)
_15115_/RESET_B                         0.750000   37.799786  -37.049789 (VIOLATED)
_14390_/RESET_B                         0.750000   37.799706  -37.049706 (VIOLATED)
_14391_/RESET_B                         0.750000   37.799717  -37.049717 (VIOLATED)
_14405_/RESET_B                         0.750000   37.799740  -37.049744 (VIOLATED)
_14406_/RESET_B                         0.750000   37.799767  -37.049767 (VIOLATED)
_14407_/RESET_B                         0.750000   37.799774  -37.049774 (VIOLATED)
_14506_/RESET_B                         0.750000   37.799683  -37.049683 (VIOLATED)
_14538_/RESET_B                         0.750000   37.799683  -37.049683 (VIOLATED)
_14589_/RESET_B                         0.750000   37.799717  -37.049717 (VIOLATED)
_14682_/RESET_B                         0.750000   37.799728  -37.049728 (VIOLATED)
_14758_/RESET_B                         0.750000   37.799728  -37.049728 (VIOLATED)
_14587_/RESET_B                         0.750000   37.799679  -37.049679 (VIOLATED)
_14624_/RESET_B                         0.750000   37.799713  -37.049713 (VIOLATED)
_14658_/RESET_B                         0.750000   37.799702  -37.049702 (VIOLATED)
_14839_/RESET_B                         0.750000   37.799713  -37.049713 (VIOLATED)
_14999_/RESET_B                         0.750000   37.799747  -37.049747 (VIOLATED)
_14700_/RESET_B                         0.750000   37.799656  -37.049656 (VIOLATED)
_14866_/RESET_B                         0.750000   37.799644  -37.049644 (VIOLATED)
_15032_/RESET_B                         0.750000   37.799438  -37.049438 (VIOLATED)
_15116_/RESET_B                         0.750000   37.799458  -37.049458 (VIOLATED)
_15239_/RESET_B                         0.750000   37.799389  -37.049389 (VIOLATED)
_15273_/RESET_B                         0.750000   37.799393  -37.049393 (VIOLATED)
_15279_/RESET_B                         0.750000   37.799397  -37.049397 (VIOLATED)
_15056_/RESET_B                         0.750000   37.799335  -37.049335 (VIOLATED)
_15191_/RESET_B                         0.750000   37.799374  -37.049374 (VIOLATED)
_15207_/RESET_B                         0.750000   37.799393  -37.049393 (VIOLATED)
_15213_/RESET_B                         0.750000   37.799397  -37.049397 (VIOLATED)
_15057_/RESET_B                         0.750000   37.799332  -37.049332 (VIOLATED)
_15196_/RESET_B                         0.750000   37.799343  -37.049343 (VIOLATED)
_15212_/RESET_B                         0.750000   37.799355  -37.049355 (VIOLATED)
_15223_/RESET_B                         0.750000   37.799381  -37.049385 (VIOLATED)
_15244_/RESET_B                         0.750000   37.799347  -37.049347 (VIOLATED)
_15257_/RESET_B                         0.750000   37.799374  -37.049374 (VIOLATED)
_15262_/RESET_B                         0.750000   37.799343  -37.049343 (VIOLATED)
_15278_/RESET_B                         0.750000   37.799355  -37.049355 (VIOLATED)
_14507_/RESET_B                         0.750000   37.799274  -37.049278 (VIOLATED)
_14539_/RESET_B                         0.750000   37.799274  -37.049278 (VIOLATED)
_15192_/RESET_B                         0.750000   37.799297  -37.049297 (VIOLATED)
_15206_/RESET_B                         0.750000   37.799316  -37.049316 (VIOLATED)
_15208_/RESET_B                         0.750000   37.799313  -37.049313 (VIOLATED)
_15228_/RESET_B                         0.750000   37.799347  -37.049347 (VIOLATED)
_15224_/RESET_B                         0.750000   37.799305  -37.049305 (VIOLATED)
_15238_/RESET_B                         0.750000   37.799278  -37.049282 (VIOLATED)
_15240_/RESET_B                         0.750000   37.799313  -37.049313 (VIOLATED)
_15258_/RESET_B                         0.750000   37.799301  -37.049301 (VIOLATED)
_15272_/RESET_B                         0.750000   37.799305  -37.049305 (VIOLATED)
_15274_/RESET_B                         0.750000   37.799313  -37.049313 (VIOLATED)
_15190_/RESET_B                         0.750000   37.799217  -37.049221 (VIOLATED)
_15222_/RESET_B                         0.750000   37.799240  -37.049240 (VIOLATED)
_15256_/RESET_B                         0.750000   37.799217  -37.049221 (VIOLATED)
_14505_/RESET_B                         0.750000   37.799141  -37.049141 (VIOLATED)
_15198_/RESET_B                         0.750000   37.799168  -37.049168 (VIOLATED)
_14900_/RESET_B                         0.750000   37.799107  -37.049107 (VIOLATED)
_15030_/RESET_B                         0.750000   37.799126  -37.049126 (VIOLATED)
_15214_/RESET_B                         0.750000   37.799152  -37.049152 (VIOLATED)
_15230_/RESET_B                         0.750000   37.799164  -37.049164 (VIOLATED)
_15246_/RESET_B                         0.750000   37.799152  -37.049152 (VIOLATED)
_15264_/RESET_B                         0.750000   37.799168  -37.049168 (VIOLATED)
_15280_/RESET_B                         0.750000   37.799156  -37.049156 (VIOLATED)
_15215_/RESET_B                         0.750000   37.799080  -37.049080 (VIOLATED)
_15281_/RESET_B                         0.750000   37.799080  -37.049080 (VIOLATED)
_15114_/RESET_B                         0.750000   37.799011  -37.049011 (VIOLATED)
_15247_/RESET_B                         0.750000   37.799000  -37.049000 (VIOLATED)
_14901_/RESET_B                         0.750000   37.798958  -37.048962 (VIOLATED)
_15231_/RESET_B                         0.750000   37.798950  -37.048950 (VIOLATED)
_14537_/RESET_B                         0.750000   37.798908  -37.048908 (VIOLATED)
_15199_/RESET_B                         0.750000   37.798885  -37.048885 (VIOLATED)
_15200_/RESET_B                         0.750000   37.798882  -37.048882 (VIOLATED)
_15216_/RESET_B                         0.750000   37.798882  -37.048882 (VIOLATED)
_15265_/RESET_B                         0.750000   37.798885  -37.048885 (VIOLATED)
_15266_/RESET_B                         0.750000   37.798878  -37.048878 (VIOLATED)
_15282_/RESET_B                         0.750000   37.798882  -37.048882 (VIOLATED)
_15232_/RESET_B                         0.750000   37.798832  -37.048832 (VIOLATED)
_15248_/RESET_B                         0.750000   37.798817  -37.048817 (VIOLATED)
_15055_/RESET_B                         0.750000   37.798698  -37.048698 (VIOLATED)
_15217_/RESET_B                         0.750000   37.798717  -37.048717 (VIOLATED)
_15283_/RESET_B                         0.750000   37.798676  -37.048676 (VIOLATED)
_15249_/RESET_B                         0.750000   37.798622  -37.048622 (VIOLATED)
_14783_/RESET_B                         0.750000   37.798542  -37.048542 (VIOLATED)
_15233_/RESET_B                         0.750000   37.798569  -37.048569 (VIOLATED)
_15201_/RESET_B                         0.750000   37.798466  -37.048466 (VIOLATED)
_15267_/RESET_B                         0.750000   37.798492  -37.048492 (VIOLATED)
_14782_/RESET_B                         0.750000   37.798386  -37.048386 (VIOLATED)
_15186_/RESET_B                         0.750000   37.798275  -37.048275 (VIOLATED)
_15252_/RESET_B                         0.750000   37.798237  -37.048237 (VIOLATED)
_15068_/RESET_B                         0.750000   37.798180  -37.048180 (VIOLATED)
_15083_/RESET_B                         0.750000   37.798180  -37.048180 (VIOLATED)
_15095_/RESET_B                         0.750000   37.798187  -37.048191 (VIOLATED)
_15100_/RESET_B                         0.750000   37.798187  -37.048191 (VIOLATED)
_15187_/RESET_B                         0.750000   37.798183  -37.048183 (VIOLATED)
_15218_/RESET_B                         0.750000   37.798145  -37.048145 (VIOLATED)
_15219_/RESET_B                         0.750000   37.798176  -37.048176 (VIOLATED)
_15253_/RESET_B                         0.750000   37.798183  -37.048183 (VIOLATED)
_15164_/RESET_B                         0.750000   37.798004  -37.048004 (VIOLATED)
_14898_/RESET_B                         0.750000   37.797920  -37.047920 (VIOLATED)
_14778_/RESET_B                         0.750000   37.797852  -37.047852 (VIOLATED)
_15101_/RESET_B                         0.750000   37.797863  -37.047863 (VIOLATED)
_14961_/RESET_B                         0.750000   37.797813  -37.047813 (VIOLATED)
_15185_/RESET_B                         0.750000   37.797832  -37.047832 (VIOLATED)
_15202_/RESET_B                         0.750000   37.797867  -37.047867 (VIOLATED)
_15203_/RESET_B                         0.750000   37.797852  -37.047852 (VIOLATED)
_15234_/RESET_B                         0.750000   37.797863  -37.047863 (VIOLATED)
_15235_/RESET_B                         0.750000   37.797848  -37.047848 (VIOLATED)
_15250_/RESET_B                         0.750000   37.797829  -37.047832 (VIOLATED)
_15268_/RESET_B                         0.750000   37.797867  -37.047867 (VIOLATED)
_15251_/RESET_B                         0.750000   37.797821  -37.047821 (VIOLATED)
_15269_/RESET_B                         0.750000   37.797852  -37.047852 (VIOLATED)
_15071_/RESET_B                         0.750000   37.797741  -37.047741 (VIOLATED)
_15074_/RESET_B                         0.750000   37.797745  -37.047745 (VIOLATED)
_15081_/RESET_B                         0.750000   37.797733  -37.047733 (VIOLATED)
_15082_/RESET_B                         0.750000   37.797733  -37.047733 (VIOLATED)
_15141_/RESET_B                         0.750000   37.797745  -37.047745 (VIOLATED)
_15148_/RESET_B                         0.750000   37.797733  -37.047733 (VIOLATED)
_15149_/RESET_B                         0.750000   37.797737  -37.047737 (VIOLATED)
_15150_/RESET_B                         0.750000   37.797741  -37.047741 (VIOLATED)
_14779_/RESET_B                         0.750000   37.797665  -37.047665 (VIOLATED)
_14981_/RESET_B                         0.750000   37.797688  -37.047688 (VIOLATED)
_14982_/RESET_B                         0.750000   37.797703  -37.047703 (VIOLATED)
_14983_/RESET_B                         0.750000   37.797699  -37.047699 (VIOLATED)
_14984_/RESET_B                         0.750000   37.797710  -37.047710 (VIOLATED)
_15135_/RESET_B                         0.750000   37.797695  -37.047695 (VIOLATED)
_15137_/RESET_B                         0.750000   37.797726  -37.047729 (VIOLATED)
_15152_/RESET_B                         0.750000   37.797447  -37.047447 (VIOLATED)
_15153_/RESET_B                         0.750000   37.797447  -37.047447 (VIOLATED)
_15154_/RESET_B                         0.750000   37.797451  -37.047451 (VIOLATED)
_14848_/RESET_B                         0.750000   37.797314  -37.047314 (VIOLATED)
_15287_/RESET_B                         0.750000   37.797295  -37.047295 (VIOLATED)
_15165_/RESET_B                         0.750000   37.797241  -37.047241 (VIOLATED)
_15288_/RESET_B                         0.750000   37.797226  -37.047226 (VIOLATED)
_15284_/RESET_B                         0.750000   37.797054  -37.047058 (VIOLATED)
_14683_/RESET_B                         0.750000   37.797016  -37.047016 (VIOLATED)
_14759_/RESET_B                         0.750000   37.797047  -37.047047 (VIOLATED)
_15285_/RESET_B                         0.750000   37.797016  -37.047016 (VIOLATED)
_14446_/RESET_B                         0.750000   37.796799  -37.046799 (VIOLATED)
_14447_/RESET_B                         0.750000   37.796799  -37.046799 (VIOLATED)
_14448_/RESET_B                         0.750000   37.796814  -37.046814 (VIOLATED)
_14784_/RESET_B                         0.750000   37.796822  -37.046822 (VIOLATED)
_14785_/RESET_B                         0.750000   37.796822  -37.046822 (VIOLATED)
_15155_/RESET_B                         0.750000   37.796852  -37.046852 (VIOLATED)
_15286_/RESET_B                         0.750000   37.796852  -37.046852 (VIOLATED)
_14642_/RESET_B                         0.750000   37.796753  -37.046753 (VIOLATED)
_14743_/RESET_B                         0.750000   37.796776  -37.046776 (VIOLATED)
_14744_/RESET_B                         0.750000   37.796783  -37.046783 (VIOLATED)
_14745_/RESET_B                         0.750000   37.796806  -37.046806 (VIOLATED)
_14746_/RESET_B                         0.750000   37.796803  -37.046803 (VIOLATED)
_15289_/RESET_B                         0.750000   37.796787  -37.046787 (VIOLATED)
_14739_/RESET_B                         0.750000   37.796665  -37.046665 (VIOLATED)
_14777_/RESET_B                         0.750000   37.796700  -37.046700 (VIOLATED)
_14780_/RESET_B                         0.750000   37.796730  -37.046730 (VIOLATED)
_14781_/RESET_B                         0.750000   37.796741  -37.046745 (VIOLATED)
_14740_/RESET_B                         0.750000   37.796658  -37.046658 (VIOLATED)
_14741_/RESET_B                         0.750000   37.796669  -37.046669 (VIOLATED)
_14897_/RESET_B                         0.750000   37.796642  -37.046642 (VIOLATED)
_14660_/RESET_B                         0.750000   37.796421  -37.046421 (VIOLATED)
_14676_/RESET_B                         0.750000   37.796349  -37.046349 (VIOLATED)
_14382_/RESET_B                         0.750000   37.796097  -37.046097 (VIOLATED)
_15113_/RESET_B                         0.750000   37.796074  -37.046074 (VIOLATED)
_14504_/RESET_B                         0.750000   37.796005  -37.046005 (VIOLATED)
_14536_/RESET_B                         0.750000   37.796005  -37.046005 (VIOLATED)
_14586_/RESET_B                         0.750000   37.796028  -37.046028 (VIOLATED)
_14657_/RESET_B                         0.750000   37.796028  -37.046028 (VIOLATED)
_14699_/RESET_B                         0.750000   37.796028  -37.046028 (VIOLATED)
_14865_/RESET_B                         0.750000   37.796024  -37.046024 (VIOLATED)
_14927_/RESET_B                         0.750000   37.796009  -37.046009 (VIOLATED)
_14928_/RESET_B                         0.750000   37.796017  -37.046021 (VIOLATED)
_14929_/RESET_B                         0.750000   37.796021  -37.046021 (VIOLATED)
_14960_/RESET_B                         0.750000   37.795986  -37.045986 (VIOLATED)
_14998_/RESET_B                         0.750000   37.796005  -37.046005 (VIOLATED)
_15029_/RESET_B                         0.750000   37.795998  -37.045998 (VIOLATED)
_14899_/RESET_B                         0.750000   37.795681  -37.045681 (VIOLATED)
_14959_/RESET_B                         0.750000   37.795509  -37.045509 (VIOLATED)
_14455_/RESET_B                         0.750000   37.795277  -37.045277 (VIOLATED)
_14423_/RESET_B                         0.750000   37.794930  -37.044933 (VIOLATED)
_14503_/RESET_B                         0.750000   37.794613  -37.044613 (VIOLATED)
_14535_/RESET_B                         0.750000   37.794609  -37.044609 (VIOLATED)
_14864_/RESET_B                         0.750000   37.794613  -37.044617 (VIOLATED)
_14997_/RESET_B                         0.750000   37.794613  -37.044617 (VIOLATED)
_14771_/RESET_B                         0.750000   37.794468  -37.044472 (VIOLATED)
_14950_/RESET_B                         0.750000   37.794491  -37.044491 (VIOLATED)
_14770_/RESET_B                         0.750000   37.794292  -37.044292 (VIOLATED)
_15028_/RESET_B                         0.750000   37.794285  -37.044285 (VIOLATED)
_15163_/RESET_B                         0.750000   37.794132  -37.044132 (VIOLATED)
_14721_/RESET_B                         0.750000   37.793968  -37.043968 (VIOLATED)
_14769_/RESET_B                         0.750000   37.793827  -37.043827 (VIOLATED)
_14424_/RESET_B                         0.750000   37.793404  -37.043404 (VIOLATED)
_14760_/RESET_B                         0.750000   37.793407  -37.043407 (VIOLATED)
_14761_/RESET_B                         0.750000   37.793407  -37.043407 (VIOLATED)
_14768_/RESET_B                         0.750000   37.793331  -37.043331 (VIOLATED)
_14389_/RESET_B                         0.750000   37.793282  -37.043282 (VIOLATED)
_14400_/RESET_B                         0.750000   37.793270  -37.043274 (VIOLATED)
_14401_/RESET_B                         0.750000   37.793270  -37.043274 (VIOLATED)
_14402_/RESET_B                         0.750000   37.793289  -37.043289 (VIOLATED)
_14403_/RESET_B                         0.750000   37.793293  -37.043293 (VIOLATED)
_14404_/RESET_B                         0.750000   37.793297  -37.043297 (VIOLATED)
_14399_/RESET_B                         0.750000   37.793228  -37.043228 (VIOLATED)
_14533_/RESET_B                         0.750000   37.793240  -37.043240 (VIOLATED)
_14571_/RESET_B                         0.750000   37.793266  -37.043266 (VIOLATED)
_14623_/RESET_B                         0.750000   37.793285  -37.043285 (VIOLATED)
_14698_/RESET_B                         0.750000   37.793259  -37.043259 (VIOLATED)
_14583_/RESET_B                         0.750000   37.793201  -37.043201 (VIOLATED)
_14585_/RESET_B                         0.750000   37.793224  -37.043228 (VIOLATED)
_14620_/RESET_B                         0.750000   37.793228  -37.043228 (VIOLATED)
_14622_/RESET_B                         0.750000   37.793228  -37.043228 (VIOLATED)
_14656_/RESET_B                         0.750000   37.793243  -37.043243 (VIOLATED)
_14654_/RESET_B                         0.750000   37.793194  -37.043194 (VIOLATED)
_14696_/RESET_B                         0.750000   37.793198  -37.043198 (VIOLATED)
_14501_/RESET_B                         0.750000   37.793129  -37.043129 (VIOLATED)
_14862_/RESET_B                         0.750000   37.793159  -37.043159 (VIOLATED)
_14995_/RESET_B                         0.750000   37.793163  -37.043163 (VIOLATED)
_14767_/RESET_B                         0.750000   37.793072  -37.043076 (VIOLATED)
_14766_/RESET_B                         0.750000   37.792950  -37.042950 (VIOLATED)
_14896_/RESET_B                         0.750000   37.792625  -37.042625 (VIOLATED)
_14951_/RESET_B                         0.750000   37.792572  -37.042572 (VIOLATED)
_15019_/RESET_B                         0.750000   37.792591  -37.042591 (VIOLATED)
_15020_/RESET_B                         0.750000   37.792587  -37.042587 (VIOLATED)
_15058_/RESET_B                         0.750000   37.792595  -37.042595 (VIOLATED)
_15063_/RESET_B                         0.750000   37.792595  -37.042595 (VIOLATED)
_15103_/RESET_B                         0.750000   37.792583  -37.042583 (VIOLATED)
_14765_/RESET_B                         0.750000   37.792221  -37.042221 (VIOLATED)
_14764_/RESET_B                         0.750000   37.791958  -37.041958 (VIOLATED)
_14500_/RESET_B                         0.750000   37.791897  -37.041897 (VIOLATED)
_14532_/RESET_B                         0.750000   37.791924  -37.041924 (VIOLATED)
_15104_/RESET_B                         0.750000   37.791870  -37.041870 (VIOLATED)
_14894_/RESET_B                         0.750000   37.791794  -37.041794 (VIOLATED)
_14725_/RESET_B                         0.750000   37.791489  -37.041489 (VIOLATED)
_14426_/RESET_B                         0.750000   37.791111  -37.041111 (VIOLATED)
_14427_/RESET_B                         0.750000   37.791103  -37.041107 (VIOLATED)
_14762_/RESET_B                         0.750000   37.791122  -37.041122 (VIOLATED)
_14763_/RESET_B                         0.750000   37.791119  -37.041119 (VIOLATED)
_14582_/RESET_B                         0.750000   37.790779  -37.040779 (VIOLATED)
_14653_/RESET_B                         0.750000   37.790775  -37.040775 (VIOLATED)
_14695_/RESET_B                         0.750000   37.790775  -37.040775 (VIOLATED)
_14861_/RESET_B                         0.750000   37.790768  -37.040768 (VIOLATED)
_14926_/RESET_B                         0.750000   37.790752  -37.040752 (VIOLATED)
_14958_/RESET_B                         0.750000   37.790741  -37.040745 (VIOLATED)
_14994_/RESET_B                         0.750000   37.790771  -37.040771 (VIOLATED)
_15026_/RESET_B                         0.750000   37.790741  -37.040745 (VIOLATED)
_14395_/RESET_B                         0.750000   37.790688  -37.040691 (VIOLATED)
_14577_/RESET_B                         0.750000   37.790272  -37.040276 (VIOLATED)
_14648_/RESET_B                         0.750000   37.790226  -37.040230 (VIOLATED)
_14953_/RESET_B                         0.750000   37.790230  -37.040230 (VIOLATED)
_14690_/RESET_B                         0.750000   37.790100  -37.040100 (VIOLATED)
_14684_/RESET_B                         0.750000   37.789745  -37.039745 (VIOLATED)
_14957_/RESET_B                         0.750000   37.789696  -37.039696 (VIOLATED)
_14920_/RESET_B                         0.750000   37.789513  -37.039513 (VIOLATED)
_14719_/SET_B                           0.750000   37.789467  -37.039467 (VIOLATED)
_14720_/SET_B                           0.750000   37.789467  -37.039467 (VIOLATED)
_14443_/RESET_B                         0.750000   37.789364  -37.039364 (VIOLATED)
_14444_/RESET_B                         0.750000   37.789368  -37.039368 (VIOLATED)
_14445_/RESET_B                         0.750000   37.789375  -37.039375 (VIOLATED)
_14451_/RESET_B                         0.750000   37.789398  -37.039402 (VIOLATED)
_14742_/RESET_B                         0.750000   37.789379  -37.039379 (VIOLATED)
_14747_/RESET_B                         0.750000   37.789398  -37.039402 (VIOLATED)
_14748_/RESET_B                         0.750000   37.789398  -37.039402 (VIOLATED)
_14752_/RESET_B                         0.750000   37.789341  -37.039345 (VIOLATED)
_14776_/RESET_B                         0.750000   37.789371  -37.039371 (VIOLATED)
_14788_/RESET_B                         0.750000   37.789391  -37.039391 (VIOLATED)
_14789_/RESET_B                         0.750000   37.789391  -37.039391 (VIOLATED)
_14790_/RESET_B                         0.750000   37.789375  -37.039375 (VIOLATED)
_14737_/RESET_B                         0.750000   37.789284  -37.039288 (VIOLATED)
_14738_/RESET_B                         0.750000   37.789310  -37.039310 (VIOLATED)
_14437_/RESET_B                         0.750000   37.789173  -37.039173 (VIOLATED)
_14438_/RESET_B                         0.750000   37.789207  -37.039207 (VIOLATED)
_14439_/RESET_B                         0.750000   37.789238  -37.039242 (VIOLATED)
_14735_/RESET_B                         0.750000   37.789207  -37.039207 (VIOLATED)
_14605_/RESET_B                         0.750000   37.789158  -37.039158 (VIOLATED)
_14626_/RESET_B                         0.750000   37.789146  -37.039146 (VIOLATED)
_14736_/RESET_B                         0.750000   37.789162  -37.039162 (VIOLATED)
_14791_/RESET_B                         0.750000   37.789162  -37.039162 (VIOLATED)
_14435_/RESET_B                         0.750000   37.789097  -37.039097 (VIOLATED)
_14436_/RESET_B                         0.750000   37.789127  -37.039127 (VIOLATED)
_14734_/RESET_B                         0.750000   37.789101  -37.039101 (VIOLATED)
_14772_/RESET_B                         0.750000   37.789116  -37.039116 (VIOLATED)
_14773_/RESET_B                         0.750000   37.789131  -37.039135 (VIOLATED)
_14774_/RESET_B                         0.750000   37.789146  -37.039146 (VIOLATED)
_14775_/RESET_B                         0.750000   37.789158  -37.039158 (VIOLATED)
_14434_/RESET_B                         0.750000   37.789043  -37.039043 (VIOLATED)
_14433_/RESET_B                         0.750000   37.788986  -37.038986 (VIOLATED)
_14729_/RESET_B                         0.750000   37.789013  -37.039013 (VIOLATED)
_14730_/RESET_B                         0.750000   37.789028  -37.039032 (VIOLATED)
_14731_/RESET_B                         0.750000   37.789059  -37.039059 (VIOLATED)
_14732_/RESET_B                         0.750000   37.789078  -37.039082 (VIOLATED)
_14733_/RESET_B                         0.750000   37.789101  -37.039101 (VIOLATED)
_14432_/RESET_B                         0.750000   37.788933  -37.038937 (VIOLATED)
_15161_/RESET_B                         0.750000   37.788967  -37.038967 (VIOLATED)
_14756_/RESET_B                         0.750000   37.788872  -37.038876 (VIOLATED)
_14431_/RESET_B                         0.750000   37.788799  -37.038799 (VIOLATED)
_14680_/RESET_B                         0.750000   37.788830  -37.038834 (VIOLATED)
_14727_/RESET_B                         0.750000   37.788826  -37.038830 (VIOLATED)
_14728_/RESET_B                         0.750000   37.788830  -37.038834 (VIOLATED)
_14925_/RESET_B                         0.750000   37.788815  -37.038815 (VIOLATED)
_14429_/RESET_B                         0.750000   37.788635  -37.038635 (VIOLATED)
_14430_/RESET_B                         0.750000   37.788666  -37.038666 (VIOLATED)
_14726_/RESET_B                         0.750000   37.788666  -37.038666 (VIOLATED)
_14392_/RESET_B                         0.750000   37.788540  -37.038540 (VIOLATED)
_14425_/RESET_B                         0.750000   37.788551  -37.038551 (VIOLATED)
_14722_/RESET_B                         0.750000   37.788563  -37.038567 (VIOLATED)
_14723_/RESET_B                         0.750000   37.788563  -37.038563 (VIOLATED)
_14724_/RESET_B                         0.750000   37.788559  -37.038559 (VIOLATED)
_14383_/SET_B                           0.750000   37.788502  -37.038502 (VIOLATED)
_14384_/SET_B                           0.750000   37.788483  -37.038483 (VIOLATED)
_14386_/RESET_B                         0.750000   37.788513  -37.038517 (VIOLATED)
_14387_/RESET_B                         0.750000   37.788513  -37.038517 (VIOLATED)
_14574_/RESET_B                         0.750000   37.788513  -37.038517 (VIOLATED)
_14611_/RESET_B                         0.750000   37.788498  -37.038498 (VIOLATED)
_14645_/RESET_B                         0.750000   37.788528  -37.038528 (VIOLATED)
_14860_/SET_B                           0.750000   37.788532  -37.038532 (VIOLATED)
_14924_/RESET_B                         0.750000   37.788555  -37.038555 (VIOLATED)
_14612_/RESET_B                         0.750000   37.788490  -37.038490 (VIOLATED)
_14613_/RESET_B                         0.750000   37.788498  -37.038498 (VIOLATED)
_14614_/RESET_B                         0.750000   37.788490  -37.038490 (VIOLATED)
_14619_/RESET_B                         0.750000   37.788521  -37.038521 (VIOLATED)
_14646_/RESET_B                         0.750000   37.788498  -37.038498 (VIOLATED)
_14687_/RESET_B                         0.750000   37.788506  -37.038506 (VIOLATED)
_14855_/RESET_B                         0.750000   37.788494  -37.038494 (VIOLATED)
_14895_/RESET_B                         0.750000   37.788517  -37.038521 (VIOLATED)
_16218_/RESET_B                         0.750000   37.788517  -37.038521 (VIOLATED)
_16219_/RESET_B                         0.750000   37.788506  -37.038506 (VIOLATED)
_14388_/RESET_B                         0.750000   37.788445  -37.038445 (VIOLATED)
_14393_/RESET_B                         0.750000   37.788479  -37.038479 (VIOLATED)
_14394_/RESET_B                         0.750000   37.788479  -37.038479 (VIOLATED)
_14573_/RESET_B                         0.750000   37.788445  -37.038445 (VIOLATED)
_14575_/RESET_B                         0.750000   37.788467  -37.038471 (VIOLATED)
_14576_/RESET_B                         0.750000   37.788475  -37.038475 (VIOLATED)
_14647_/RESET_B                         0.750000   37.788460  -37.038460 (VIOLATED)
_14677_/RESET_B                         0.750000   37.788479  -37.038479 (VIOLATED)
_14688_/RESET_B                         0.750000   37.788460  -37.038464 (VIOLATED)
_14689_/RESET_B                         0.750000   37.788471  -37.038471 (VIOLATED)
_14753_/RESET_B                         0.750000   37.788483  -37.038483 (VIOLATED)
_14987_/RESET_B                         0.750000   37.788448  -37.038448 (VIOLATED)
_14988_/RESET_B                         0.750000   37.788418  -37.038418 (VIOLATED)
_14581_/RESET_B                         0.750000   37.788288  -37.038288 (VIOLATED)
_14918_/RESET_B                         0.750000   37.788307  -37.038311 (VIOLATED)
_14919_/RESET_B                         0.750000   37.788307  -37.038311 (VIOLATED)
_15156_/RESET_B                         0.750000   37.788307  -37.038311 (VIOLATED)
_14652_/RESET_B                         0.750000   37.788265  -37.038265 (VIOLATED)
_14679_/RESET_B                         0.750000   37.788296  -37.038296 (VIOLATED)
_14755_/RESET_B                         0.750000   37.788311  -37.038315 (VIOLATED)
_14694_/RESET_B                         0.750000   37.788254  -37.038258 (VIOLATED)
_14921_/RESET_B                         0.750000   37.788277  -37.038277 (VIOLATED)
_15059_/RESET_B                         0.750000   37.788265  -37.038265 (VIOLATED)
_15157_/RESET_B                         0.750000   37.788303  -37.038303 (VIOLATED)
_15158_/RESET_B                         0.750000   37.788300  -37.038300 (VIOLATED)
_15159_/RESET_B                         0.750000   37.788292  -37.038292 (VIOLATED)
_15160_/RESET_B                         0.750000   37.788292  -37.038292 (VIOLATED)
_14572_/RESET_B                         0.750000   37.788158  -37.038158 (VIOLATED)
_14618_/RESET_B                         0.750000   37.788185  -37.038185 (VIOLATED)
_14396_/RESET_B                         0.750000   37.788090  -37.038090 (VIOLATED)
_14397_/RESET_B                         0.750000   37.788094  -37.038094 (VIOLATED)
_14398_/RESET_B                         0.750000   37.788097  -37.038097 (VIOLATED)
_14428_/RESET_B                         0.750000   37.788097  -37.038097 (VIOLATED)
_14606_/RESET_B                         0.750000   37.788082  -37.038082 (VIOLATED)
_14607_/RESET_B                         0.750000   37.788074  -37.038074 (VIOLATED)
_14608_/RESET_B                         0.750000   37.788071  -37.038071 (VIOLATED)
_14621_/RESET_B                         0.750000   37.788052  -37.038055 (VIOLATED)
_14685_/RESET_B                         0.750000   37.788063  -37.038063 (VIOLATED)
_15051_/RESET_B                         0.750000   37.788052  -37.038055 (VIOLATED)
_14584_/RESET_B                         0.750000   37.787949  -37.037952 (VIOLATED)
_14609_/SET_B                           0.750000   37.787937  -37.037937 (VIOLATED)
_14610_/RESET_B                         0.750000   37.787937  -37.037937 (VIOLATED)
_14643_/RESET_B                         0.750000   37.787926  -37.037926 (VIOLATED)
_14644_/RESET_B                         0.750000   37.787930  -37.037930 (VIOLATED)
_14655_/RESET_B                         0.750000   37.787941  -37.037945 (VIOLATED)
_14863_/RESET_B                         0.750000   37.787949  -37.037952 (VIOLATED)
_14678_/RESET_B                         0.750000   37.787910  -37.037910 (VIOLATED)
_14686_/SET_B                           0.750000   37.787937  -37.037937 (VIOLATED)
_14697_/RESET_B                         0.750000   37.787945  -37.037949 (VIOLATED)
_14754_/RESET_B                         0.750000   37.787914  -37.037914 (VIOLATED)
_14579_/RESET_B                         0.750000   37.787781  -37.037781 (VIOLATED)
_14580_/RESET_B                         0.750000   37.787781  -37.037781 (VIOLATED)
_14651_/RESET_B                         0.750000   37.787781  -37.037781 (VIOLATED)
_14534_/RESET_B                         0.750000   37.787682  -37.037682 (VIOLATED)
_14996_/RESET_B                         0.750000   37.787716  -37.037716 (VIOLATED)
_14502_/RESET_B                         0.750000   37.787548  -37.037548 (VIOLATED)
_14989_/RESET_B                         0.750000   37.787575  -37.037575 (VIOLATED)
_14457_/RESET_B                         0.750000   37.787304  -37.037304 (VIOLATED)
_14792_/RESET_B                         0.750000   37.787296  -37.037296 (VIOLATED)
_14856_/RESET_B                         0.750000   37.787304  -37.037304 (VIOLATED)
_14986_/RESET_B                         0.750000   37.787289  -37.037289 (VIOLATED)
_15052_/RESET_B                         0.750000   37.787289  -37.037289 (VIOLATED)
_15053_/RESET_B                         0.750000   37.787281  -37.037281 (VIOLATED)
_15060_/RESET_B                         0.750000   37.787296  -37.037296 (VIOLATED)
_15061_/RESET_B                         0.750000   37.787296  -37.037296 (VIOLATED)
_16252_/RESET_B                         0.750000   37.787300  -37.037300 (VIOLATED)
_14985_/RESET_B                         0.750000   37.787239  -37.037239 (VIOLATED)
_15062_/RESET_B                         0.750000   37.787273  -37.037277 (VIOLATED)
_15067_/RESET_B                         0.750000   37.787228  -37.037228 (VIOLATED)
_15054_/RESET_B                         0.750000   37.787178  -37.037178 (VIOLATED)
_15134_/RESET_B                         0.750000   37.787209  -37.037209 (VIOLATED)
_14493_/RESET_B                         0.750000   37.787140  -37.037140 (VIOLATED)
_14494_/RESET_B                         0.750000   37.787170  -37.037174 (VIOLATED)
_14525_/RESET_B                         0.750000   37.787174  -37.037178 (VIOLATED)
_14526_/RESET_B                         0.750000   37.787159  -37.037159 (VIOLATED)
_15027_/RESET_B                         0.750000   37.786983  -37.036983 (VIOLATED)
_15111_/RESET_B                         0.750000   37.787014  -37.037018 (VIOLATED)
_14495_/RESET_B                         0.750000   37.786896  -37.036896 (VIOLATED)
_14527_/RESET_B                         0.750000   37.786736  -37.036736 (VIOLATED)
_14923_/RESET_B                         0.750000   37.786652  -37.036655 (VIOLATED)
_14496_/RESET_B                         0.750000   37.786434  -37.036434 (VIOLATED)
_15066_/RESET_B                         0.750000   37.786221  -37.036221 (VIOLATED)
_14492_/RESET_B                         0.750000   37.786041  -37.036041 (VIOLATED)
_14681_/RESET_B                         0.750000   37.786003  -37.036003 (VIOLATED)
_14757_/RESET_B                         0.750000   37.786003  -37.036003 (VIOLATED)
_14990_/RESET_B                         0.750000   37.786003  -37.036003 (VIOLATED)
_14524_/RESET_B                         0.750000   37.785965  -37.035965 (VIOLATED)
_14528_/RESET_B                         0.750000   37.785992  -37.035992 (VIOLATED)
_14992_/RESET_B                         0.750000   37.785999  -37.035999 (VIOLATED)
_15064_/RESET_B                         0.750000   37.785915  -37.035915 (VIOLATED)
_14922_/RESET_B                         0.750000   37.785755  -37.035755 (VIOLATED)
_14952_/RESET_B                         0.750000   37.785778  -37.035778 (VIOLATED)
_14954_/RESET_B                         0.750000   37.785767  -37.035770 (VIOLATED)
_15021_/RESET_B                         0.750000   37.785782  -37.035782 (VIOLATED)
_15023_/RESET_B                         0.750000   37.785770  -37.035774 (VIOLATED)
_15050_/RESET_B                         0.750000   37.785786  -37.035786 (VIOLATED)
_15065_/RESET_B                         0.750000   37.785789  -37.035789 (VIOLATED)
_15105_/RESET_B                         0.750000   37.785782  -37.035782 (VIOLATED)
_15049_/RESET_B                         0.750000   37.785706  -37.035706 (VIOLATED)
_14498_/RESET_B                         0.750000   37.785645  -37.035645 (VIOLATED)
_14530_/RESET_B                         0.750000   37.785648  -37.035648 (VIOLATED)
_14891_/RESET_B                         0.750000   37.785580  -37.035580 (VIOLATED)
_14529_/RESET_B                         0.750000   37.785076  -37.035076 (VIOLATED)
_15107_/RESET_B                         0.750000   37.785103  -37.035107 (VIOLATED)
_15166_/RESET_B                         0.750000   37.785103  -37.035107 (VIOLATED)
_15022_/RESET_B                         0.750000   37.784931  -37.034931 (VIOLATED)
_14531_/RESET_B                         0.750000   37.784523  -37.034523 (VIOLATED)
_14578_/RESET_B                         0.750000   37.784267  -37.034271 (VIOLATED)
_14615_/RESET_B                         0.750000   37.784264  -37.034264 (VIOLATED)
_14616_/RESET_B                         0.750000   37.784260  -37.034260 (VIOLATED)
_14617_/RESET_B                         0.750000   37.784260  -37.034260 (VIOLATED)
_14649_/RESET_B                         0.750000   37.784267  -37.034267 (VIOLATED)
_14650_/RESET_B                         0.750000   37.784248  -37.034248 (VIOLATED)
_14691_/RESET_B                         0.750000   37.784267  -37.034271 (VIOLATED)
_14692_/RESET_B                         0.750000   37.784248  -37.034248 (VIOLATED)
_14693_/RESET_B                         0.750000   37.784248  -37.034248 (VIOLATED)
_14497_/RESET_B                         0.750000   37.784206  -37.034206 (VIOLATED)
_14991_/RESET_B                         0.750000   37.784233  -37.034233 (VIOLATED)
_14499_/RESET_B                         0.750000   37.784195  -37.034195 (VIOLATED)
_14993_/RESET_B                         0.750000   37.784214  -37.034214 (VIOLATED)
_15106_/RESET_B                         0.750000   37.784126  -37.034126 (VIOLATED)
_14956_/RESET_B                         0.750000   37.784042  -37.034042 (VIOLATED)
_15109_/RESET_B                         0.750000   37.783424  -37.033424 (VIOLATED)
_15162_/RESET_B                         0.750000   37.783207  -37.033207 (VIOLATED)
_14889_/RESET_B                         0.750000   37.782558  -37.032558 (VIOLATED)
_14887_/RESET_B                         0.750000   37.782486  -37.032486 (VIOLATED)
_15108_/RESET_B                         0.750000   37.781918  -37.031918 (VIOLATED)
_14955_/RESET_B                         0.750000   37.781872  -37.031872 (VIOLATED)
_15024_/RESET_B                         0.750000   37.781872  -37.031872 (VIOLATED)
_15025_/RESET_B                         0.750000   37.781876  -37.031876 (VIOLATED)
_14888_/RESET_B                         0.750000   37.781330  -37.031330 (VIOLATED)
_14892_/RESET_B                         0.750000   37.781132  -37.031132 (VIOLATED)
_14893_/RESET_B                         0.750000   37.781010  -37.031013 (VIOLATED)
_14890_/RESET_B                         0.750000   37.780907  -37.030907 (VIOLATED)
_15110_/RESET_B                         0.750000   37.778534  -37.028538 (VIOLATED)
_15112_/RESET_B                         0.750000   37.768875  -37.018875 (VIOLATED)
rst_ni                                  0.750000   37.764713  -37.014713 (VIOLATED)
_10423_/A1                              0.750000    5.444757   -4.694757 (VIOLATED)
_10447_/B1                              0.750000    5.444756   -4.694756 (VIOLATED)
_10474_/B1                              0.750000    5.444757   -4.694757 (VIOLATED)
_10486_/B1                              0.750000    5.444751   -4.694751 (VIOLATED)
_10489_/A1                              0.750000    5.444754   -4.694754 (VIOLATED)
_10515_/A1                              0.750000    5.444754   -4.694754 (VIOLATED)
_10507_/B1                              0.750000    5.444747   -4.694747 (VIOLATED)
_10527_/B1                              0.750000    5.444740   -4.694740 (VIOLATED)
_10536_/A1                              0.750000    5.444742   -4.694742 (VIOLATED)
_10555_/B1                              0.750000    5.444744   -4.694743 (VIOLATED)
_10576_/B1                              0.750000    5.444742   -4.694742 (VIOLATED)
_10547_/B1                              0.750000    5.444736   -4.694736 (VIOLATED)
_10401_/B1                              0.750000    5.444719   -4.694719 (VIOLATED)
_10403_/B1                              0.750000    5.444721   -4.694721 (VIOLATED)
_10420_/B1                              0.750000    5.444719   -4.694719 (VIOLATED)
_10466_/B1                              0.750000    5.444721   -4.694721 (VIOLATED)
_10567_/B1                              0.750000    5.444723   -4.694723 (VIOLATED)
_09991_/A1                              0.750000    5.444714   -4.694714 (VIOLATED)
_09995_/B1                              0.750000    5.444710   -4.694710 (VIOLATED)
_10304_/B1                              0.750000    5.444708   -4.694708 (VIOLATED)
_10321_/B1                              0.750000    5.444705   -4.694705 (VIOLATED)
_10323_/B1                              0.750000    5.444707   -4.694707 (VIOLATED)
_10350_/B1                              0.750000    5.444708   -4.694708 (VIOLATED)
_10382_/B1                              0.750000    5.444709   -4.694709 (VIOLATED)
_10368_/B1                              0.750000    5.444700   -4.694700 (VIOLATED)
_10342_/B1                              0.750000    5.444688   -4.694688 (VIOLATED)
_10360_/B1                              0.750000    5.444689   -4.694689 (VIOLATED)
_10596_/B1                              0.750000    5.444685   -4.694685 (VIOLATED)
_10074_/A1                              0.750000    5.444652   -4.694652 (VIOLATED)
_10078_/B1                              0.750000    5.444639   -4.694639 (VIOLATED)
_10283_/B1                              0.750000    5.444638   -4.694638 (VIOLATED)
_10285_/B1                              0.750000    5.444639   -4.694639 (VIOLATED)
_10054_/B1                              0.750000    5.444621   -4.694621 (VIOLATED)
_10587_/B1                              0.750000    5.444602   -4.694602 (VIOLATED)
_10036_/B1                              0.750000    5.444594   -4.694594 (VIOLATED)
_10259_/B1                              0.750000    5.444566   -4.694566 (VIOLATED)
_10243_/A1                              0.750000    5.444554   -4.694554 (VIOLATED)
_10223_/B1                              0.750000    5.444532   -4.694532 (VIOLATED)
_10204_/B1                              0.750000    5.444514   -4.694514 (VIOLATED)
_10040_/B1                              0.750000    5.444495   -4.694495 (VIOLATED)
_10058_/B1                              0.750000    5.444496   -4.694496 (VIOLATED)
_10245_/B1                              0.750000    5.444493   -4.694493 (VIOLATED)
_10268_/B1                              0.750000    5.444494   -4.694494 (VIOLATED)
_10166_/B1                              0.750000    5.444485   -4.694485 (VIOLATED)
_10184_/B1                              0.750000    5.444488   -4.694488 (VIOLATED)
_10193_/B1                              0.750000    5.444486   -4.694486 (VIOLATED)
_10206_/B1                              0.750000    5.444489   -4.694489 (VIOLATED)
_10225_/B1                              0.750000    5.444490   -4.694490 (VIOLATED)
_10150_/A1                              0.750000    5.444459   -4.694459 (VIOLATED)
_08872_/A2                              0.750000    5.444449   -4.694449 (VIOLATED)
_09179_/A2                              0.750000    5.444450   -4.694450 (VIOLATED)
_08707_/A2                              0.750000    5.444444   -4.694444 (VIOLATED)
_08762_/A2                              0.750000    5.444447   -4.694447 (VIOLATED)
_08819_/A2                              0.750000    5.444438   -4.694438 (VIOLATED)
_08926_/A2                              0.750000    5.444438   -4.694438 (VIOLATED)
_10138_/B1                              0.750000    5.444442   -4.694442 (VIOLATED)
_09026_/A2                              0.750000    5.444437   -4.694437 (VIOLATED)
_09071_/A2                              0.750000    5.444433   -4.694433 (VIOLATED)
_09226_/A2                              0.750000    5.444423   -4.694423 (VIOLATED)
_10129_/B1                              0.750000    5.444423   -4.694423 (VIOLATED)
_10152_/B1                              0.750000    5.444424   -4.694424 (VIOLATED)
_10168_/B1                              0.750000    5.444424   -4.694424 (VIOLATED)
_10109_/A1                              0.750000    5.444418   -4.694418 (VIOLATED)
_09250_/A2                              0.750000    5.444407   -4.694407 (VIOLATED)
_08969_/A2                              0.750000    5.444396   -4.694396 (VIOLATED)
_09940_/B1                              0.750000    5.444392   -4.694392 (VIOLATED)
_09960_/B1                              0.750000    5.444392   -4.694392 (VIOLATED)
_10022_/A1                              0.750000    5.444396   -4.694396 (VIOLATED)
_09913_/B1                              0.750000    5.444386   -4.694386 (VIOLATED)
_10027_/A1                              0.750000    5.444390   -4.694390 (VIOLATED)
_10120_/B1                              0.750000    5.444389   -4.694389 (VIOLATED)
_08560_/A2                              0.750000    5.444373   -4.694373 (VIOLATED)
_09950_/A1                              0.750000    5.444377   -4.694377 (VIOLATED)
_07771_/A2                              0.750000    5.444359   -4.694359 (VIOLATED)
_07879_/A2                              0.750000    5.444360   -4.694360 (VIOLATED)
_08298_/A2                              0.750000    5.444361   -4.694361 (VIOLATED)
_08405_/A2                              0.750000    5.444361   -4.694361 (VIOLATED)
_08442_/A2                              0.750000    5.444362   -4.694362 (VIOLATED)
_09113_/A2                              0.750000    5.444363   -4.694362 (VIOLATED)
_07981_/A2                              0.750000    5.444356   -4.694355 (VIOLATED)
_08192_/A2                              0.750000    5.444352   -4.694352 (VIOLATED)
_08355_/A2                              0.750000    5.444355   -4.694355 (VIOLATED)
_08513_/A2                              0.750000    5.444352   -4.694352 (VIOLATED)
_08602_/A2                              0.750000    5.444356   -4.694355 (VIOLATED)
_08661_/A2                              0.750000    5.444356   -4.694356 (VIOLATED)
_10093_/C_N                             0.750000    5.444356   -4.694355 (VIOLATED)
_11714_/A1                              0.750000    5.444353   -4.694353 (VIOLATED)
_07931_/A2                              0.750000    5.444344   -4.694344 (VIOLATED)
_08030_/A2                              0.750000    5.444344   -4.694344 (VIOLATED)
_08237_/A2                              0.750000    5.444338   -4.694338 (VIOLATED)
_10091_/B1                              0.750000    5.444333   -4.694333 (VIOLATED)
_10094_/C1                              0.750000    5.444336   -4.694336 (VIOLATED)
_07195_/A                               0.750000    5.444327   -4.694327 (VIOLATED)
_07352_/B1                              0.750000    5.444327   -4.694327 (VIOLATED)
_07587_/A2                              0.750000    5.444330   -4.694330 (VIOLATED)
_07807_/A2                              0.750000    5.444332   -4.694332 (VIOLATED)
_08073_/A2                              0.750000    5.444325   -4.694325 (VIOLATED)
_08140_/A2                              0.750000    5.444330   -4.694330 (VIOLATED)
_07700_/A2                              0.750000    5.444318   -4.694318 (VIOLATED)
_07191_/Y                               0.750000    5.444311   -4.694311 (VIOLATED)
_12675_/S                               0.750000    4.583843   -3.833843 (VIOLATED)
_12676_/S                               0.750000    4.583845   -3.833844 (VIOLATED)
_12677_/S                               0.750000    4.583844   -3.833844 (VIOLATED)
_12673_/S                               0.750000    4.583837   -3.833837 (VIOLATED)
_12674_/S                               0.750000    4.583840   -3.833840 (VIOLATED)
_12672_/S                               0.750000    4.583829   -3.833829 (VIOLATED)
_09850_/B                               0.750000    4.583809   -3.833809 (VIOLATED)
_12327_/S                               0.750000    4.583811   -3.833811 (VIOLATED)
_09362_/S                               0.750000    4.583804   -3.833804 (VIOLATED)
_14381_/S                               0.750000    4.583806   -3.833805 (VIOLATED)
_09354_/A3                              0.750000    4.583792   -3.833792 (VIOLATED)
_12321_/S                               0.750000    4.583773   -3.833773 (VIOLATED)
_12322_/S                               0.750000    4.583772   -3.833772 (VIOLATED)
_12323_/S                               0.750000    4.583775   -3.833775 (VIOLATED)
_12324_/S                               0.750000    4.583775   -3.833774 (VIOLATED)
_12325_/S                               0.750000    4.583775   -3.833774 (VIOLATED)
_12320_/S                               0.750000    4.583763   -3.833763 (VIOLATED)
_12151_/S                               0.750000    4.583708   -3.833708 (VIOLATED)
_11927_/S                               0.750000    4.583699   -3.833699 (VIOLATED)
_12066_/S                               0.750000    4.583694   -3.833694 (VIOLATED)
_12115_/S                               0.750000    4.583682   -3.833682 (VIOLATED)
_12034_/S                               0.750000    4.583674   -3.833674 (VIOLATED)
_12085_/S                               0.750000    4.583673   -3.833673 (VIOLATED)
_12128_/S                               0.750000    4.583674   -3.833674 (VIOLATED)
_12140_/S                               0.750000    4.583674   -3.833674 (VIOLATED)
_12104_/S                               0.750000    4.583661   -3.833661 (VIOLATED)
_12007_/S                               0.750000    4.583651   -3.833651 (VIOLATED)
_11976_/S                               0.750000    4.583629   -3.833629 (VIOLATED)
_12050_/S                               0.750000    4.583616   -3.833616 (VIOLATED)
_12699_/S                               0.750000    4.583602   -3.833602 (VIOLATED)
_12700_/S                               0.750000    4.583603   -3.833603 (VIOLATED)
_12701_/S                               0.750000    4.583605   -3.833605 (VIOLATED)
_12702_/S                               0.750000    4.583604   -3.833604 (VIOLATED)
_12688_/S                               0.750000    4.583598   -3.833598 (VIOLATED)
_12689_/S                               0.750000    4.583595   -3.833595 (VIOLATED)
_12172_/S                               0.750000    4.583585   -3.833585 (VIOLATED)
_12690_/S                               0.750000    4.583587   -3.833586 (VIOLATED)
_12691_/S                               0.750000    4.583583   -3.833583 (VIOLATED)
_12692_/S                               0.750000    4.583580   -3.833580 (VIOLATED)
_12694_/S                               0.750000    4.583575   -3.833575 (VIOLATED)
_12696_/S                               0.750000    4.583575   -3.833575 (VIOLATED)
_12697_/S                               0.750000    4.583576   -3.833576 (VIOLATED)
_12698_/S                               0.750000    4.583579   -3.833579 (VIOLATED)
_12162_/S                               0.750000    4.583570   -3.833570 (VIOLATED)
_12695_/S                               0.750000    4.583568   -3.833568 (VIOLATED)
_12693_/S                               0.750000    4.583561   -3.833561 (VIOLATED)
_12195_/S                               0.750000    4.583556   -3.833556 (VIOLATED)
_12203_/A2                              0.750000    4.583554   -3.833554 (VIOLATED)
_12183_/S                               0.750000    4.583545   -3.833545 (VIOLATED)
_12219_/S                               0.750000    4.583545   -3.833545 (VIOLATED)
_12227_/S                               0.750000    4.583544   -3.833544 (VIOLATED)
_12235_/S                               0.750000    4.583543   -3.833543 (VIOLATED)
_12243_/A2                              0.750000    4.583542   -3.833543 (VIOLATED)
_12258_/C1                              0.750000    4.583543   -3.833543 (VIOLATED)
_12259_/A2                              0.750000    4.583543   -3.833543 (VIOLATED)
_12275_/S                               0.750000    4.583544   -3.833544 (VIOLATED)
_12281_/D1                              0.750000    4.583542   -3.833543 (VIOLATED)
_12678_/S                               0.750000    4.583546   -3.833546 (VIOLATED)
_12679_/S                               0.750000    4.583546   -3.833546 (VIOLATED)
_12681_/S                               0.750000    4.583544   -3.833544 (VIOLATED)
_12212_/S                               0.750000    4.583537   -3.833537 (VIOLATED)
_12267_/A2                              0.750000    4.583538   -3.833538 (VIOLATED)
_12282_/A2                              0.750000    4.583542   -3.833542 (VIOLATED)
_12288_/D1                              0.750000    4.583544   -3.833544 (VIOLATED)
_12289_/A2                              0.750000    4.583544   -3.833544 (VIOLATED)
_12297_/A2                              0.750000    4.583542   -3.833542 (VIOLATED)
_12304_/S                               0.750000    4.583542   -3.833542 (VIOLATED)
_12310_/C1                              0.750000    4.583544   -3.833544 (VIOLATED)
_12311_/B2                              0.750000    4.583544   -3.833544 (VIOLATED)
_12680_/S                               0.750000    4.583540   -3.833540 (VIOLATED)
_12682_/S                               0.750000    4.583535   -3.833535 (VIOLATED)
_12251_/A2                              0.750000    4.583530   -3.833530 (VIOLATED)
_12683_/S                               0.750000    4.583531   -3.833531 (VIOLATED)
_12242_/C1                              0.750000    4.583526   -3.833526 (VIOLATED)
_12296_/D_N                             0.750000    4.583527   -3.833527 (VIOLATED)
_12317_/C_N                             0.750000    4.583525   -3.833525 (VIOLATED)
_12318_/A2                              0.750000    4.583526   -3.833526 (VIOLATED)
_12684_/S                               0.750000    4.583527   -3.833527 (VIOLATED)
_12685_/S                               0.750000    4.583529   -3.833528 (VIOLATED)
_12686_/S                               0.750000    4.583528   -3.833528 (VIOLATED)
_12687_/S                               0.750000    4.583529   -3.833529 (VIOLATED)
_09352_/Y                               0.750000    4.583515   -3.833514 (VIOLATED)
_12202_/C1                              0.750000    4.583515   -3.833514 (VIOLATED)
_09640_/A2                              0.750000    3.991187   -3.241187 (VIOLATED)
_09648_/A2                              0.750000    3.991187   -3.241187 (VIOLATED)
_09655_/A2                              0.750000    3.991185   -3.241185 (VIOLATED)
_09663_/A2                              0.750000    3.991181   -3.241181 (VIOLATED)
_09671_/A2                              0.750000    3.991176   -3.241176 (VIOLATED)
_09679_/A2                              0.750000    3.991174   -3.241174 (VIOLATED)
_09686_/A2                              0.750000    3.991168   -3.241168 (VIOLATED)
_12567_/B1                              0.750000    3.991163   -3.241163 (VIOLATED)
_12572_/A1                              0.750000    3.991163   -3.241163 (VIOLATED)
_12579_/B1                              0.750000    3.991159   -3.241159 (VIOLATED)
_12584_/A1                              0.750000    3.991159   -3.241159 (VIOLATED)
_09632_/A2                              0.750000    3.991155   -3.241154 (VIOLATED)
_12560_/A1                              0.750000    3.991151   -3.241151 (VIOLATED)
_09624_/A2                              0.750000    3.991144   -3.241144 (VIOLATED)
_12555_/B1                              0.750000    3.991147   -3.241147 (VIOLATED)
_09609_/A2                              0.750000    3.991131   -3.241131 (VIOLATED)
_09616_/A2                              0.750000    3.991133   -3.241133 (VIOLATED)
_09585_/B                               0.750000    3.991103   -3.241103 (VIOLATED)
_09593_/A2                              0.750000    3.991102   -3.241102 (VIOLATED)
_09594_/A2                              0.750000    3.991102   -3.241102 (VIOLATED)
_09601_/A2                              0.750000    3.991095   -3.241095 (VIOLATED)
_12548_/A1                              0.750000    3.990918   -3.240918 (VIOLATED)
_12591_/B1                              0.750000    3.990747   -3.240747 (VIOLATED)
_12596_/A1                              0.750000    3.990720   -3.240720 (VIOLATED)
_12604_/A1                              0.750000    3.990660   -3.240660 (VIOLATED)
_09693_/A2                              0.750000    3.990618   -3.240618 (VIOLATED)
_09701_/A2                              0.750000    3.990618   -3.240618 (VIOLATED)
_09708_/A2                              0.750000    3.990613   -3.240613 (VIOLATED)
_09715_/A2                              0.750000    3.990605   -3.240605 (VIOLATED)
_12543_/B1                              0.750000    3.990198   -3.240198 (VIOLATED)
_12539_/B1                              0.750000    3.990176   -3.240176 (VIOLATED)
_09561_/A2                              0.750000    3.989799   -3.239799 (VIOLATED)
_09568_/A2                              0.750000    3.989800   -3.239800 (VIOLATED)
_12531_/B1                              0.750000    3.989796   -3.239796 (VIOLATED)
_12527_/B1                              0.750000    3.989767   -3.239767 (VIOLATED)
_12523_/B1                              0.750000    3.989740   -3.239740 (VIOLATED)
_09553_/B                               0.750000    3.989548   -3.239548 (VIOLATED)
_12519_/B1                              0.750000    3.989535   -3.239535 (VIOLATED)
_09534_/B                               0.750000    3.989484   -3.239484 (VIOLATED)
_09453_/A                               0.750000    3.989388   -3.239388 (VIOLATED)
_09521_/B1                              0.750000    3.989374   -3.239374 (VIOLATED)
_09488_/B1                              0.750000    3.989349   -3.239349 (VIOLATED)
_09416_/Y                               0.750000    3.989341   -3.239341 (VIOLATED)
_09423_/A1                              0.750000    3.989341   -3.239341 (VIOLATED)
_09452_/A                               0.750000    3.989341   -3.239341 (VIOLATED)
_09466_/A                               0.750000    3.989341   -3.239341 (VIOLATED)
_09467_/B                               0.750000    3.989341   -3.239341 (VIOLATED)
_09489_/B                               0.750000    3.989341   -3.239341 (VIOLATED)
_09499_/A2_N                            0.750000    3.989341   -3.239341 (VIOLATED)
_09509_/B                               0.750000    3.989341   -3.239341 (VIOLATED)
_09516_/A2                              0.750000    3.989341   -3.239341 (VIOLATED)
_09517_/A2                              0.750000    3.989341   -3.239341 (VIOLATED)
_09522_/B                               0.750000    3.989341   -3.239341 (VIOLATED)
_09878_/A                               0.750000    3.989341   -3.239341 (VIOLATED)
_09879_/A                               0.750000    3.989341   -3.239341 (VIOLATED)
_09888_/C1                              0.750000    3.989341   -3.239341 (VIOLATED)
_09890_/C1                              0.750000    3.989341   -3.239341 (VIOLATED)
_12401_/A1                              0.750000    3.989341   -3.239341 (VIOLATED)
_12405_/A                               0.750000    3.989341   -3.239341 (VIOLATED)
_12485_/A1                              0.750000    3.989341   -3.239341 (VIOLATED)
_09083_/A                               0.750000    3.343285   -2.593285 (VIOLATED)
_09134_/A                               0.750000    3.343285   -2.593285 (VIOLATED)
_09187_/A                               0.750000    3.343283   -2.593282 (VIOLATED)
_09236_/A                               0.750000    3.343284   -2.593284 (VIOLATED)
_09034_/A                               0.750000    3.343275   -2.593275 (VIOLATED)
_08884_/A                               0.750000    3.343269   -2.593269 (VIOLATED)
_08935_/A                               0.750000    3.343264   -2.593264 (VIOLATED)
_08782_/A                               0.750000    3.343244   -2.593244 (VIOLATED)
_08731_/A                               0.750000    3.343234   -2.593234 (VIOLATED)
_08984_/A                               0.750000    3.343235   -2.593235 (VIOLATED)
_08834_/A                               0.750000    3.343230   -2.593230 (VIOLATED)
_08463_/A                               0.750000    3.343217   -2.593217 (VIOLATED)
_08623_/A                               0.750000    3.343213   -2.593213 (VIOLATED)
_09292_/A                               0.750000    3.343215   -2.593215 (VIOLATED)
_08674_/A                               0.750000    3.343208   -2.593208 (VIOLATED)
_08571_/A                               0.750000    3.343178   -2.593178 (VIOLATED)
_08522_/A                               0.750000    3.343152   -2.593153 (VIOLATED)
_08414_/A                               0.750000    3.343101   -2.593101 (VIOLATED)
_08364_/A                               0.750000    3.343076   -2.593076 (VIOLATED)
_08311_/A                               0.750000    3.343034   -2.593034 (VIOLATED)
_08250_/A                               0.750000    3.342997   -2.592998 (VIOLATED)
_08198_/A                               0.750000    3.342942   -2.592942 (VIOLATED)
_08147_/A                               0.750000    3.342940   -2.592940 (VIOLATED)
_08037_/A                               0.750000    3.342910   -2.592910 (VIOLATED)
_07939_/A                               0.750000    3.342890   -2.592890 (VIOLATED)
_07710_/A0                              0.750000    3.342874   -2.592874 (VIOLATED)
_07989_/A                               0.750000    3.342875   -2.592875 (VIOLATED)
_08092_/A                               0.750000    3.342875   -2.592875 (VIOLATED)
_07651_/Y                               0.750000    3.342869   -2.592869 (VIOLATED)
_07778_/A                               0.750000    3.342869   -2.592869 (VIOLATED)
_07829_/A                               0.750000    3.342869   -2.592869 (VIOLATED)
_07887_/A                               0.750000    3.342869   -2.592869 (VIOLATED)
_08777_/A2                              0.750000    3.013909   -2.263909 (VIOLATED)
_08875_/A2                              0.750000    3.013909   -2.263909 (VIOLATED)
_08709_/A2                              0.750000    3.013905   -2.263905 (VIOLATED)
_09169_/A2                              0.750000    3.013896   -2.263896 (VIOLATED)
_08919_/A2                              0.750000    3.013891   -2.263891 (VIOLATED)
_08445_/A2                              0.750000    3.013865   -2.263865 (VIOLATED)
_09117_/A2                              0.750000    3.013866   -2.263866 (VIOLATED)
_08296_/A2                              0.750000    3.013860   -2.263860 (VIOLATED)
_09014_/A2                              0.750000    3.013851   -2.263850 (VIOLATED)
_08402_/A2                              0.750000    3.013846   -2.263846 (VIOLATED)
_07874_/A2                              0.750000    3.013830   -2.263830 (VIOLATED)
_08345_/A2                              0.750000    3.013806   -2.263807 (VIOLATED)
_08617_/A2                              0.750000    3.013800   -2.263800 (VIOLATED)
_08825_/A2                              0.750000    3.013789   -2.263789 (VIOLATED)
_09064_/A2                              0.750000    3.013788   -2.263788 (VIOLATED)
_09218_/A2                              0.750000    3.013785   -2.263785 (VIOLATED)
_08965_/A2                              0.750000    3.013779   -2.263779 (VIOLATED)
_09245_/A2                              0.750000    3.013773   -2.263773 (VIOLATED)
_07762_/A2                              0.750000    3.013768   -2.263768 (VIOLATED)
_08658_/A2                              0.750000    3.013770   -2.263770 (VIOLATED)
_08182_/A2                              0.750000    3.013766   -2.263766 (VIOLATED)
_08549_/A2                              0.750000    3.013767   -2.263767 (VIOLATED)
_08133_/A2                              0.750000    3.013759   -2.263759 (VIOLATED)
_07920_/A2                              0.750000    3.013756   -2.263756 (VIOLATED)
_07971_/A2                              0.750000    3.013757   -2.263758 (VIOLATED)
_08017_/A2                              0.750000    3.013757   -2.263757 (VIOLATED)
_08229_/A2                              0.750000    3.013752   -2.263752 (VIOLATED)
_07815_/A2                              0.750000    3.013748   -2.263748 (VIOLATED)
_08511_/A2                              0.750000    3.013747   -2.263747 (VIOLATED)
_08077_/A2                              0.750000    3.013741   -2.263742 (VIOLATED)
_07702_/A2                              0.750000    3.013734   -2.263734 (VIOLATED)
_07180_/Y                               0.750000    3.013722   -2.263722 (VIOLATED)
_07182_/B                               0.750000    3.013722   -2.263722 (VIOLATED)
_07183_/A2                              0.750000    3.013722   -2.263722 (VIOLATED)
_07335_/A1                              0.750000    3.013722   -2.263722 (VIOLATED)
_09375_/B                               0.750000    3.013722   -2.263722 (VIOLATED)
_10207_/A1                              0.750000    3.013722   -2.263722 (VIOLATED)
_10423_/B1                              0.750000    3.013157   -2.263157 (VIOLATED)
_10474_/A2                              0.750000    3.013156   -2.263156 (VIOLATED)
_10489_/B1                              0.750000    3.013153   -2.263153 (VIOLATED)
_10515_/B1                              0.750000    3.013153   -2.263153 (VIOLATED)
_10486_/A2                              0.750000    3.013150   -2.263150 (VIOLATED)
_10507_/A2                              0.750000    3.013145   -2.263145 (VIOLATED)
_10536_/B1                              0.750000    3.013140   -2.263140 (VIOLATED)
_10555_/A2                              0.750000    3.013142   -2.263142 (VIOLATED)
_10527_/A2                              0.750000    3.013137   -2.263137 (VIOLATED)
_10576_/A2                              0.750000    3.013139   -2.263139 (VIOLATED)
_10547_/A2                              0.750000    3.013132   -2.263132 (VIOLATED)
_10567_/A2                              0.750000    3.013116   -2.263116 (VIOLATED)
_10403_/A2                              0.750000    3.013110   -2.263110 (VIOLATED)
_10455_/A1                              0.750000    3.013113   -2.263113 (VIOLATED)
_10466_/A2                              0.750000    3.013111   -2.263112 (VIOLATED)
_10401_/A2                              0.750000    3.013107   -2.263107 (VIOLATED)
_10420_/A2                              0.750000    3.013107   -2.263108 (VIOLATED)
_09991_/B1                              0.750000    3.013100   -2.263099 (VIOLATED)
_09995_/A2                              0.750000    3.013093   -2.263093 (VIOLATED)
_10321_/A2                              0.750000    3.013095   -2.263095 (VIOLATED)
_10323_/A2                              0.750000    3.013093   -2.263093 (VIOLATED)
_10350_/A2                              0.750000    3.013093   -2.263093 (VIOLATED)
_10390_/A1                              0.750000    3.013092   -2.263092 (VIOLATED)
_10368_/A2                              0.750000    3.013081   -2.263081 (VIOLATED)
_10312_/A1                              0.750000    3.013078   -2.263078 (VIOLATED)
_10342_/A2                              0.750000    3.013076   -2.263076 (VIOLATED)
_10360_/A2                              0.750000    3.013077   -2.263077 (VIOLATED)
_10596_/A2                              0.750000    3.013068   -2.263068 (VIOLATED)
_10078_/A2                              0.750000    3.013058   -2.263058 (VIOLATED)
_10285_/A2                              0.750000    3.013050   -2.263050 (VIOLATED)
_10074_/B1                              0.750000    3.013047   -2.263047 (VIOLATED)
_10283_/A2                              0.750000    3.013033   -2.263033 (VIOLATED)
_10054_/A2                              0.750000    3.013008   -2.263008 (VIOLATED)
_10587_/A2                              0.750000    3.012983   -2.262983 (VIOLATED)
_10036_/A2                              0.750000    3.012973   -2.262973 (VIOLATED)
_10259_/A2                              0.750000    3.012936   -2.262936 (VIOLATED)
_10243_/B1                              0.750000    3.012923   -2.262922 (VIOLATED)
_10223_/A2                              0.750000    3.012894   -2.262894 (VIOLATED)
_10204_/A2                              0.750000    3.012874   -2.262874 (VIOLATED)
_10040_/A2                              0.750000    3.012852   -2.262852 (VIOLATED)
_10058_/A2                              0.750000    3.012853   -2.262853 (VIOLATED)
_10245_/A2                              0.750000    3.012850   -2.262850 (VIOLATED)
_10268_/A2                              0.750000    3.012851   -2.262851 (VIOLATED)
_10184_/A2                              0.750000    3.012845   -2.262845 (VIOLATED)
_10206_/A2                              0.750000    3.012846   -2.262846 (VIOLATED)
_10225_/A2                              0.750000    3.012847   -2.262847 (VIOLATED)
_10166_/A2                              0.750000    3.012842   -2.262842 (VIOLATED)
_10193_/A2                              0.750000    3.012843   -2.262843 (VIOLATED)
_10150_/B1                              0.750000    3.012815   -2.262815 (VIOLATED)
_10138_/A2                              0.750000    3.012797   -2.262797 (VIOLATED)
_10109_/B1                              0.750000    3.012777   -2.262777 (VIOLATED)
_10110_/B                               0.750000    3.012778   -2.262778 (VIOLATED)
_10129_/A2                              0.750000    3.012778   -2.262778 (VIOLATED)
_10152_/A2                              0.750000    3.012779   -2.262779 (VIOLATED)
_10168_/A2                              0.750000    3.012779   -2.262779 (VIOLATED)
_09940_/A2                              0.750000    3.012758   -2.262758 (VIOLATED)
_09960_/A2                              0.750000    3.012758   -2.262758 (VIOLATED)
_10022_/B1                              0.750000    3.012760   -2.262760 (VIOLATED)
_10027_/B1                              0.750000    3.012757   -2.262757 (VIOLATED)
_09913_/A2                              0.750000    3.012754   -2.262754 (VIOLATED)
_10120_/A2                              0.750000    3.012756   -2.262756 (VIOLATED)
_09950_/B1                              0.750000    3.012748   -2.262748 (VIOLATED)
_07176_/Y                               0.750000    3.012739   -2.262739 (VIOLATED)
_07183_/A1                              0.750000    3.012739   -2.262739 (VIOLATED)
_07272_/A                               0.750000    3.012739   -2.262739 (VIOLATED)
_07298_/A                               0.750000    3.012739   -2.262739 (VIOLATED)
_07352_/A2                              0.750000    3.012739   -2.262739 (VIOLATED)
_09474_/B                               0.750000    3.012739   -2.262739 (VIOLATED)
_10601_/C                               0.750000    3.012739   -2.262739 (VIOLATED)
_14345_/A                               0.750000    3.012739   -2.262739 (VIOLATED)
_08713_/A2                              0.750000    2.582338   -1.832337 (VIOLATED)
_08776_/A2                              0.750000    2.582338   -1.832338 (VIOLATED)
_08863_/A2                              0.750000    2.582338   -1.832338 (VIOLATED)
_09169_/B1                              0.750000    2.582335   -1.832336 (VIOLATED)
_08821_/A2                              0.750000    2.582333   -1.832333 (VIOLATED)
_08923_/A2                              0.750000    2.582330   -1.832330 (VIOLATED)
_09064_/B1                              0.750000    2.582325   -1.832325 (VIOLATED)
_08290_/A2                              0.750000    2.582322   -1.832322 (VIOLATED)
_08977_/A2                              0.750000    2.582319   -1.832318 (VIOLATED)
_08400_/A2                              0.750000    2.582316   -1.832316 (VIOLATED)
_09229_/A2                              0.750000    2.582317   -1.832317 (VIOLATED)
_09124_/A2                              0.750000    2.582312   -1.832312 (VIOLATED)
_08446_/B1                              0.750000    2.582310   -1.832310 (VIOLATED)
_08668_/A2                              0.750000    2.582308   -1.832308 (VIOLATED)
_07759_/A2                              0.750000    2.582301   -1.832301 (VIOLATED)
_09017_/A2                              0.750000    2.582300   -1.832300 (VIOLATED)
_07872_/A2                              0.750000    2.582298   -1.832298 (VIOLATED)
_09256_/A2                              0.750000    2.582289   -1.832289 (VIOLATED)
_08555_/A2                              0.750000    2.582273   -1.832273 (VIOLATED)
_07985_/A2                              0.750000    2.582267   -1.832267 (VIOLATED)
_08032_/A2                              0.750000    2.582267   -1.832266 (VIOLATED)
_07924_/A2                              0.750000    2.582263   -1.832263 (VIOLATED)
_08191_/A2                              0.750000    2.582257   -1.832257 (VIOLATED)
_08230_/B1                              0.750000    2.582258   -1.832258 (VIOLATED)
_07814_/A2                              0.750000    2.582252   -1.832252 (VIOLATED)
_08083_/A2                              0.750000    2.582246   -1.832246 (VIOLATED)
_08502_/A2                              0.750000    2.582244   -1.832244 (VIOLATED)
_08616_/A2                              0.750000    2.582239   -1.832239 (VIOLATED)
_08358_/A2                              0.750000    2.582236   -1.832236 (VIOLATED)
_08134_/A2                              0.750000    2.582223   -1.832223 (VIOLATED)
_07583_/A2                              0.750000    2.582214   -1.832214 (VIOLATED)
_07276_/Y                               0.750000    2.582198   -1.832198 (VIOLATED)
_07279_/A1                              0.750000    2.582198   -1.832198 (VIOLATED)
_08721_/B1                              0.750000    2.579130   -1.829130 (VIOLATED)
_08819_/B1                              0.750000    2.579127   -1.829127 (VIOLATED)
_09025_/B1                              0.750000    2.579124   -1.829124 (VIOLATED)
_09070_/B1                              0.750000    2.579121   -1.829121 (VIOLATED)
_09227_/A2                              0.750000    2.579113   -1.829113 (VIOLATED)
_08761_/B1                              0.750000    2.579097   -1.829097 (VIOLATED)
_08871_/B1                              0.750000    2.579093   -1.829093 (VIOLATED)
_09250_/B1                              0.750000    2.579091   -1.829091 (VIOLATED)
_08914_/A2                              0.750000    2.579083   -1.829083 (VIOLATED)
_08968_/A2                              0.750000    2.579074   -1.829074 (VIOLATED)
_09178_/B1                              0.750000    2.579072   -1.829072 (VIOLATED)
_09112_/B1                              0.750000    2.579069   -1.829069 (VIOLATED)
_08297_/B1                              0.750000    2.579059   -1.829059 (VIOLATED)
_08404_/B1                              0.750000    2.579060   -1.829060 (VIOLATED)
_08441_/B1                              0.750000    2.579061   -1.829061 (VIOLATED)
_07878_/B1                              0.750000    2.579055   -1.829055 (VIOLATED)
_07771_/B1                              0.750000    2.579050   -1.829050 (VIOLATED)
_08559_/B1                              0.750000    2.579042   -1.829042 (VIOLATED)
_08614_/B1                              0.750000    2.579031   -1.829032 (VIOLATED)
_07980_/B1                              0.750000    2.579029   -1.829029 (VIOLATED)
_08660_/A2                              0.750000    2.579031   -1.829031 (VIOLATED)
_08178_/A2                              0.750000    2.579015   -1.829015 (VIOLATED)
_08355_/B1                              0.750000    2.579013   -1.829013 (VIOLATED)
_08512_/B1                              0.750000    2.578995   -1.828995 (VIOLATED)
_07931_/B1                              0.750000    2.578984   -1.828984 (VIOLATED)
_08029_/A2                              0.750000    2.578985   -1.828985 (VIOLATED)
_08225_/A2                              0.750000    2.578968   -1.828968 (VIOLATED)
_07819_/B1                              0.750000    2.578937   -1.828937 (VIOLATED)
_07586_/B1                              0.750000    2.578931   -1.828931 (VIOLATED)
_08139_/B1                              0.750000    2.578929   -1.828929 (VIOLATED)
_08072_/B1                              0.750000    2.578916   -1.828916 (VIOLATED)
_07684_/A2                              0.750000    2.578888   -1.828888 (VIOLATED)
_07554_/Y                               0.750000    2.578835   -1.828835 (VIOLATED)
_08717_/A2                              0.750000    2.575290   -1.825290 (VIOLATED)
_08824_/A2                              0.750000    2.575288   -1.825288 (VIOLATED)
_09066_/A2                              0.750000    2.575283   -1.825283 (VIOLATED)
_08769_/A2                              0.750000    2.575281   -1.825281 (VIOLATED)
_08877_/A2                              0.750000    2.575280   -1.825280 (VIOLATED)
_08930_/A2                              0.750000    2.575273   -1.825273 (VIOLATED)
_09180_/A2                              0.750000    2.575269   -1.825269 (VIOLATED)
_09014_/B1                              0.750000    2.575264   -1.825264 (VIOLATED)
_09127_/A2                              0.750000    2.575263   -1.825263 (VIOLATED)
_08286_/A2                              0.750000    2.575244   -1.825244 (VIOLATED)
_08394_/A2                              0.750000    2.575239   -1.825239 (VIOLATED)
_08607_/A2                              0.750000    2.575219   -1.825220 (VIOLATED)
_07873_/A2                              0.750000    2.575208   -1.825208 (VIOLATED)
_08973_/A2                              0.750000    2.575165   -1.825165 (VIOLATED)
_09219_/A2                              0.750000    2.575166   -1.825166 (VIOLATED)
_09259_/A2                              0.750000    2.575161   -1.825161 (VIOLATED)
_08351_/A2                              0.750000    2.575156   -1.825156 (VIOLATED)
_08566_/A2                              0.750000    2.575150   -1.825150 (VIOLATED)
_08517_/A2                              0.750000    2.575135   -1.825135 (VIOLATED)
_07592_/A2                              0.750000    2.575081   -1.825081 (VIOLATED)
_08446_/A2                              0.750000    2.575072   -1.825072 (VIOLATED)
_08669_/A2                              0.750000    2.575071   -1.825071 (VIOLATED)
_07976_/A2                              0.750000    2.575068   -1.825068 (VIOLATED)
_08027_/B1                              0.750000    2.575062   -1.825062 (VIOLATED)
_07763_/A2                              0.750000    2.575056   -1.825056 (VIOLATED)
_07921_/B1                              0.750000    2.575057   -1.825057 (VIOLATED)
_08184_/A2                              0.750000    2.575054   -1.825054 (VIOLATED)
_08241_/A2                              0.750000    2.575046   -1.825046 (VIOLATED)
_07811_/A2                              0.750000    2.575035   -1.825035 (VIOLATED)
_08080_/B1                              0.750000    2.575029   -1.825029 (VIOLATED)
_08121_/B                               0.750000    2.575025   -1.825025 (VIOLATED)
_07701_/A2                              0.750000    2.575005   -1.825005 (VIOLATED)
_07274_/Y                               0.750000    2.574999   -1.824999 (VIOLATED)
_07275_/B                               0.750000    2.574999   -1.824999 (VIOLATED)
_08875_/B1                              0.750000    2.563160   -1.813160 (VIOLATED)
_09173_/A2                              0.750000    2.563157   -1.813157 (VIOLATED)
_08766_/B1                              0.750000    2.563155   -1.813155 (VIOLATED)
_08719_/A2                              0.750000    2.563152   -1.813152 (VIOLATED)
_09120_/B1                              0.750000    2.563150   -1.813150 (VIOLATED)
_08450_/B1                              0.750000    2.563146   -1.813146 (VIOLATED)
_08921_/B1                              0.750000    2.563137   -1.813137 (VIOLATED)
_08288_/B1                              0.750000    2.563133   -1.813133 (VIOLATED)
_08814_/A2                              0.750000    2.563132   -1.813132 (VIOLATED)
_09075_/B1                              0.750000    2.563130   -1.813130 (VIOLATED)
_09229_/B1                              0.750000    2.563125   -1.813125 (VIOLATED)
_09021_/B1                              0.750000    2.563120   -1.813120 (VIOLATED)
_09255_/B1                              0.750000    2.563121   -1.813121 (VIOLATED)
_08398_/A2                              0.750000    2.563116   -1.813116 (VIOLATED)
_08963_/B1                              0.750000    2.563115   -1.813115 (VIOLATED)
_08551_/B1                              0.750000    2.563086   -1.813086 (VIOLATED)
_08608_/B1                              0.750000    2.563085   -1.813085 (VIOLATED)
_08508_/B1                              0.750000    2.563004   -1.813003 (VIOLATED)
_07766_/A2                              0.750000    2.562996   -1.812996 (VIOLATED)
_07881_/A2                              0.750000    2.562992   -1.812992 (VIOLATED)
_08351_/B1                              0.750000    2.562987   -1.812987 (VIOLATED)
_07970_/B1                              0.750000    2.562948   -1.812948 (VIOLATED)
_08654_/B1                              0.750000    2.562949   -1.812949 (VIOLATED)
_08033_/B1                              0.750000    2.562946   -1.812946 (VIOLATED)
_07927_/B1                              0.750000    2.562943   -1.812943 (VIOLATED)
_08187_/B1                              0.750000    2.562938   -1.812938 (VIOLATED)
_08227_/A2                              0.750000    2.562939   -1.812939 (VIOLATED)
_07593_/A2                              0.750000    2.562932   -1.812932 (VIOLATED)
_07810_/A2                              0.750000    2.562932   -1.812932 (VIOLATED)
_08078_/B1                              0.750000    2.562928   -1.812928 (VIOLATED)
_07573_/Y                               0.750000    2.562923   -1.812924 (VIOLATED)
_07702_/B1                              0.750000    2.562923   -1.812924 (VIOLATED)
_08723_/B1                              0.750000    2.550529   -1.800529 (VIOLATED)
_08766_/A2                              0.750000    2.550530   -1.800530 (VIOLATED)
_08815_/B1                              0.750000    2.550524   -1.800524 (VIOLATED)
_08877_/B1                              0.750000    2.550526   -1.800526 (VIOLATED)
_09171_/A2                              0.750000    2.550524   -1.800523 (VIOLATED)
_09076_/A2                              0.750000    2.550517   -1.800517 (VIOLATED)
_09128_/A2                              0.750000    2.550518   -1.800518 (VIOLATED)
_08919_/B1                              0.750000    2.550511   -1.800511 (VIOLATED)
_09228_/A2                              0.750000    2.550509   -1.800509 (VIOLATED)
_08288_/A2                              0.750000    2.550503   -1.800503 (VIOLATED)
_08971_/A2                              0.750000    2.550495   -1.800495 (VIOLATED)
_09019_/B1                              0.750000    2.550482   -1.800482 (VIOLATED)
_09260_/A2                              0.750000    2.550479   -1.800479 (VIOLATED)
_08396_/A2                              0.750000    2.550472   -1.800472 (VIOLATED)
_08616_/B1                              0.750000    2.550472   -1.800472 (VIOLATED)
_07765_/A2                              0.750000    2.550469   -1.800469 (VIOLATED)
_07882_/A2                              0.750000    2.550462   -1.800462 (VIOLATED)
_08352_/A2                              0.750000    2.550462   -1.800462 (VIOLATED)
_08456_/A2                              0.750000    2.550461   -1.800461 (VIOLATED)
_08549_/B1                              0.750000    2.550460   -1.800460 (VIOLATED)
_08655_/A2                              0.750000    2.550458   -1.800458 (VIOLATED)
_07972_/A2                              0.750000    2.550453   -1.800453 (VIOLATED)
_08026_/A2                              0.750000    2.550448   -1.800448 (VIOLATED)
_07934_/A2                              0.750000    2.550445   -1.800445 (VIOLATED)
_08239_/A2                              0.750000    2.550431   -1.800431 (VIOLATED)
_08189_/A2                              0.750000    2.550424   -1.800424 (VIOLATED)
_08505_/A2                              0.750000    2.550423   -1.800424 (VIOLATED)
_07817_/B1                              0.750000    2.550421   -1.800421 (VIOLATED)
_08087_/A2                              0.750000    2.550410   -1.800410 (VIOLATED)
_08141_/A2                              0.750000    2.550398   -1.800398 (VIOLATED)
_07583_/B1                              0.750000    2.550390   -1.800390 (VIOLATED)
_07541_/Y                               0.750000    2.550364   -1.800364 (VIOLATED)
_07704_/A2                              0.750000    2.550364   -1.800364 (VIOLATED)
_08775_/B1                              0.750000    2.430900   -1.680900 (VIOLATED)
_08717_/B1                              0.750000    2.430898   -1.680898 (VIOLATED)
_08814_/B1                              0.750000    2.430892   -1.680892 (VIOLATED)
_09067_/B1                              0.750000    2.430889   -1.680889 (VIOLATED)
_09216_/B1                              0.750000    2.430873   -1.680873 (VIOLATED)
_08976_/B1                              0.750000    2.430867   -1.680867 (VIOLATED)
_08876_/B1                              0.750000    2.430865   -1.680865 (VIOLATED)
_09177_/B1                              0.750000    2.430864   -1.680864 (VIOLATED)
_08916_/A2                              0.750000    2.430859   -1.680859 (VIOLATED)
_09254_/A2                              0.750000    2.430857   -1.680857 (VIOLATED)
_08408_/B1                              0.750000    2.430846   -1.680846 (VIOLATED)
_09016_/B1                              0.750000    2.430837   -1.680837 (VIOLATED)
_08604_/B1                              0.750000    2.430832   -1.680832 (VIOLATED)
_08558_/A2                              0.750000    2.430817   -1.680817 (VIOLATED)
_08507_/B1                              0.750000    2.430776   -1.680776 (VIOLATED)
_08456_/B1                              0.750000    2.430770   -1.680770 (VIOLATED)
_09116_/A2                              0.750000    2.430771   -1.680771 (VIOLATED)
_08669_/B1                              0.750000    2.430768   -1.680768 (VIOLATED)
_08301_/B1                              0.750000    2.430766   -1.680766 (VIOLATED)
_07773_/B1                              0.750000    2.430763   -1.680763 (VIOLATED)
_07870_/B1                              0.750000    2.430756   -1.680756 (VIOLATED)
_08344_/B1                              0.750000    2.430757   -1.680757 (VIOLATED)
_07979_/B1                              0.750000    2.430755   -1.680755 (VIOLATED)
_07919_/A2                              0.750000    2.430753   -1.680753 (VIOLATED)
_08026_/B1                              0.750000    2.430755   -1.680755 (VIOLATED)
_08188_/B1                              0.750000    2.430750   -1.680750 (VIOLATED)
_08238_/A2                              0.750000    2.430751   -1.680751 (VIOLATED)
_07822_/B1                              0.750000    2.430748   -1.680748 (VIOLATED)
_08120_/A2                              0.750000    2.430746   -1.680746 (VIOLATED)
_08087_/B1                              0.750000    2.430744   -1.680744 (VIOLATED)
_07574_/Y                               0.750000    2.430737   -1.680737 (VIOLATED)
_09179_/B1                              0.750000    2.416109   -1.666109 (VIOLATED)
_08872_/B1                              0.750000    2.416107   -1.666107 (VIOLATED)
_08762_/B1                              0.750000    2.416103   -1.666103 (VIOLATED)
_08707_/B1                              0.750000    2.416096   -1.666096 (VIOLATED)
_08818_/B1                              0.750000    2.416083   -1.666083 (VIOLATED)
_08914_/B1                              0.750000    2.416083   -1.666083 (VIOLATED)
_09026_/B1                              0.750000    2.416081   -1.666081 (VIOLATED)
_09071_/B1                              0.750000    2.416072   -1.666072 (VIOLATED)
_09225_/A2                              0.750000    2.416053   -1.666053 (VIOLATED)
_09249_/B1                              0.750000    2.416016   -1.666016 (VIOLATED)
_08968_/B1                              0.750000    2.415991   -1.665991 (VIOLATED)
_08560_/B1                              0.750000    2.415940   -1.665940 (VIOLATED)
_08298_/B1                              0.750000    2.415911   -1.665911 (VIOLATED)
_08405_/B1                              0.750000    2.415912   -1.665912 (VIOLATED)
_07879_/B1                              0.750000    2.415908   -1.665908 (VIOLATED)
_08442_/B1                              0.750000    2.415903   -1.665903 (VIOLATED)
_09113_/B1                              0.750000    2.415905   -1.665904 (VIOLATED)
_08354_/B1                              0.750000    2.415899   -1.665899 (VIOLATED)
_08602_/B1                              0.750000    2.415900   -1.665900 (VIOLATED)
_08662_/A2                              0.750000    2.415898   -1.665898 (VIOLATED)
_07981_/B1                              0.750000    2.415894   -1.665894 (VIOLATED)
_08513_/B1                              0.750000    2.415894   -1.665894 (VIOLATED)
_07770_/B1                              0.750000    2.415879   -1.665879 (VIOLATED)
_08029_/B1                              0.750000    2.415880   -1.665880 (VIOLATED)
_08178_/B1                              0.750000    2.415877   -1.665877 (VIOLATED)
_07930_/B1                              0.750000    2.415874   -1.665874 (VIOLATED)
_08225_/B1                              0.750000    2.415864   -1.665864 (VIOLATED)
_07587_/B1                              0.750000    2.415847   -1.665847 (VIOLATED)
_07807_/B1                              0.750000    2.415848   -1.665848 (VIOLATED)
_08140_/B1                              0.750000    2.415844   -1.665844 (VIOLATED)
_08073_/B1                              0.750000    2.415836   -1.665836 (VIOLATED)
_07684_/B1                              0.750000    2.415822   -1.665822 (VIOLATED)
_07564_/Y                               0.750000    2.415807   -1.665807 (VIOLATED)
_08777_/B1                              0.750000    2.395010   -1.645010 (VIOLATED)
_08722_/A2                              0.750000    2.395008   -1.645008 (VIOLATED)
_08825_/B1                              0.750000    2.395003   -1.645003 (VIOLATED)
_08920_/A2                              0.750000    2.394987   -1.644987 (VIOLATED)
_08876_/A2                              0.750000    2.394979   -1.644979 (VIOLATED)
_09028_/B1                              0.750000    2.394980   -1.644980 (VIOLATED)
_09175_/B1                              0.750000    2.394977   -1.644976 (VIOLATED)
_09129_/B1                              0.750000    2.394972   -1.644972 (VIOLATED)
_08408_/A2                              0.750000    2.394964   -1.644964 (VIOLATED)
_08300_/B1                              0.750000    2.394955   -1.644955 (VIOLATED)
_07868_/A2                              0.750000    2.394923   -1.644923 (VIOLATED)
_09063_/B1                              0.750000    2.394917   -1.644917 (VIOLATED)
_09230_/A2                              0.750000    2.394916   -1.644916 (VIOLATED)
_08967_/A2                              0.750000    2.394913   -1.644913 (VIOLATED)
_09248_/A2                              0.750000    2.394910   -1.644910 (VIOLATED)
_08556_/A2                              0.750000    2.394890   -1.644890 (VIOLATED)
_08352_/B1                              0.750000    2.394888   -1.644888 (VIOLATED)
_08458_/A2                              0.750000    2.394882   -1.644882 (VIOLATED)
_08668_/B1                              0.750000    2.394881   -1.644881 (VIOLATED)
_08611_/B1                              0.750000    2.394877   -1.644877 (VIOLATED)
_07978_/A2                              0.750000    2.394875   -1.644875 (VIOLATED)
_08028_/A2                              0.750000    2.394874   -1.644874 (VIOLATED)
_07918_/A2                              0.750000    2.394867   -1.644867 (VIOLATED)
_07769_/A2                              0.750000    2.394864   -1.644864 (VIOLATED)
_08193_/B1                              0.750000    2.394862   -1.644862 (VIOLATED)
_08510_/A2                              0.750000    2.394862   -1.644862 (VIOLATED)
_08228_/A2                              0.750000    2.394855   -1.644855 (VIOLATED)
_07812_/B1                              0.750000    2.394835   -1.644835 (VIOLATED)
_07584_/A2                              0.750000    2.394829   -1.644829 (VIOLATED)
_07695_/A2                              0.750000    2.394816   -1.644816 (VIOLATED)
_07546_/Y                               0.750000    2.394789   -1.644789 (VIOLATED)
_11129_/A2                              0.750000    2.348917   -1.598917 (VIOLATED)
_11124_/A2                              0.750000    2.348912   -1.598912 (VIOLATED)
_11114_/A2                              0.750000    2.348908   -1.598908 (VIOLATED)
_11134_/A2                              0.750000    2.348909   -1.598909 (VIOLATED)
_11144_/A2                              0.750000    2.348903   -1.598903 (VIOLATED)
_11154_/A2                              0.750000    2.348898   -1.598898 (VIOLATED)
_11119_/A2                              0.750000    2.348886   -1.598886 (VIOLATED)
_11139_/A2                              0.750000    2.348887   -1.598887 (VIOLATED)
_11149_/A2                              0.750000    2.348875   -1.598875 (VIOLATED)
_11109_/A2                              0.750000    2.348862   -1.598863 (VIOLATED)
_11015_/B                               0.750000    2.348832   -1.598832 (VIOLATED)
_11164_/A2                              0.750000    2.348778   -1.598778 (VIOLATED)
_11169_/A2                              0.750000    2.348750   -1.598750 (VIOLATED)
_11104_/A2                              0.750000    2.348697   -1.598697 (VIOLATED)
_11159_/A2                              0.750000    2.348687   -1.598687 (VIOLATED)
_11099_/A2                              0.750000    2.348607   -1.598606 (VIOLATED)
_11089_/A2                              0.750000    2.348562   -1.598561 (VIOLATED)
_11712_/A2                              0.750000    2.348556   -1.598556 (VIOLATED)
_11175_/A2                              0.750000    2.348544   -1.598544 (VIOLATED)
_11094_/A2                              0.750000    2.348515   -1.598515 (VIOLATED)
_11084_/A2                              0.750000    2.348467   -1.598467 (VIOLATED)
_11710_/A2                              0.750000    2.348379   -1.598379 (VIOLATED)
_11079_/A2                              0.750000    2.348375   -1.598375 (VIOLATED)
_11074_/A2                              0.750000    2.348338   -1.598338 (VIOLATED)
_11064_/A2                              0.750000    2.348297   -1.598297 (VIOLATED)
_11059_/A2                              0.750000    2.348266   -1.598266 (VIOLATED)
_11069_/A2                              0.750000    2.348188   -1.598188 (VIOLATED)
_11018_/B2                              0.750000    2.348170   -1.598170 (VIOLATED)
_11054_/A2                              0.750000    2.348158   -1.598158 (VIOLATED)
_11044_/A2                              0.750000    2.348157   -1.598157 (VIOLATED)
_11012_/Y                               0.750000    2.348146   -1.598146 (VIOLATED)
_11024_/A2                              0.750000    2.348146   -1.598146 (VIOLATED)
_11029_/A2                              0.750000    2.348146   -1.598146 (VIOLATED)
_11033_/A2                              0.750000    2.348146   -1.598146 (VIOLATED)
_11039_/A2                              0.750000    2.348146   -1.598146 (VIOLATED)
_11049_/A2                              0.750000    2.348146   -1.598146 (VIOLATED)
_11232_/B1                              0.750000    2.348146   -1.598146 (VIOLATED)
_11237_/B1                              0.750000    2.348146   -1.598146 (VIOLATED)
_11693_/A2                              0.750000    2.348146   -1.598146 (VIOLATED)
_11696_/B1                              0.750000    2.348146   -1.598146 (VIOLATED)
_11699_/A2                              0.750000    2.348146   -1.598146 (VIOLATED)
_11701_/B1                              0.750000    2.348146   -1.598146 (VIOLATED)
_11706_/A2                              0.750000    2.348146   -1.598146 (VIOLATED)
_11129_/B2                              0.750000    2.245897   -1.495897 (VIOLATED)
_11124_/B2                              0.750000    2.245892   -1.495892 (VIOLATED)
_11114_/B2                              0.750000    2.245889   -1.495889 (VIOLATED)
_11134_/B2                              0.750000    2.245890   -1.495890 (VIOLATED)
_11144_/B2                              0.750000    2.245884   -1.495884 (VIOLATED)
_11154_/B2                              0.750000    2.245879   -1.495879 (VIOLATED)
_11119_/B2                              0.750000    2.245867   -1.495867 (VIOLATED)
_11139_/B2                              0.750000    2.245867   -1.495868 (VIOLATED)
_11149_/B2                              0.750000    2.245855   -1.495855 (VIOLATED)
_11109_/B2                              0.750000    2.245843   -1.495843 (VIOLATED)
_11015_/A                               0.750000    2.245813   -1.495813 (VIOLATED)
_11164_/B2                              0.750000    2.245759   -1.495759 (VIOLATED)
_11169_/B2                              0.750000    2.245732   -1.495732 (VIOLATED)
_11104_/B2                              0.750000    2.245679   -1.495679 (VIOLATED)
_11159_/B2                              0.750000    2.245669   -1.495669 (VIOLATED)
_11099_/B2                              0.750000    2.245590   -1.495590 (VIOLATED)
_11244_/B1                              0.750000    2.245549   -1.495549 (VIOLATED)
_11089_/B2                              0.750000    2.245546   -1.495546 (VIOLATED)
_11245_/B1                              0.750000    2.245539   -1.495539 (VIOLATED)
_11175_/B2                              0.750000    2.245532   -1.495532 (VIOLATED)
_11094_/B2                              0.750000    2.245499   -1.495499 (VIOLATED)
_11084_/B2                              0.750000    2.245450   -1.495450 (VIOLATED)
_11079_/B2                              0.750000    2.245357   -1.495357 (VIOLATED)
_11074_/B2                              0.750000    2.245324   -1.495324 (VIOLATED)
_11064_/B2                              0.750000    2.245286   -1.495286 (VIOLATED)
_11059_/B2                              0.750000    2.245257   -1.495257 (VIOLATED)
_11069_/B2                              0.750000    2.245195   -1.495195 (VIOLATED)
_11014_/B                               0.750000    2.245170   -1.495170 (VIOLATED)
_11240_/A2                              0.750000    2.245170   -1.495170 (VIOLATED)
_11232_/A2                              0.750000    2.245166   -1.495166 (VIOLATED)
_09846_/Y                               0.750000    2.245162   -1.495162 (VIOLATED)
_09849_/C                               0.750000    2.245162   -1.495162 (VIOLATED)
_11024_/B2                              0.750000    2.245162   -1.495162 (VIOLATED)
_11029_/B2                              0.750000    2.245162   -1.495162 (VIOLATED)
_11033_/B2                              0.750000    2.245162   -1.495162 (VIOLATED)
_11039_/B2                              0.750000    2.245162   -1.495162 (VIOLATED)
_11044_/B2                              0.750000    2.245162   -1.495162 (VIOLATED)
_11049_/B2                              0.750000    2.245162   -1.495162 (VIOLATED)
_11054_/B2                              0.750000    2.245162   -1.495162 (VIOLATED)
_11696_/A2                              0.750000    2.245162   -1.495162 (VIOLATED)
_11699_/B2                              0.750000    2.245162   -1.495162 (VIOLATED)
_11702_/A3                              0.750000    2.245162   -1.495162 (VIOLATED)
_12332_/A                               0.750000    2.242574   -1.492574 (VIOLATED)
_09748_/A                               0.750000    2.242572   -1.492572 (VIOLATED)
_09776_/A1                              0.750000    2.242571   -1.492571 (VIOLATED)
_09825_/B2                              0.750000    2.242572   -1.492572 (VIOLATED)
_07714_/A                               0.750000    2.242568   -1.492568 (VIOLATED)
_07717_/A                               0.750000    2.242569   -1.492569 (VIOLATED)
_09723_/A                               0.750000    2.242569   -1.492569 (VIOLATED)
_12369_/B                               0.750000    2.242563   -1.492562 (VIOLATED)
_09721_/A                               0.750000    2.242560   -1.492561 (VIOLATED)
_09726_/B                               0.750000    2.242560   -1.492560 (VIOLATED)
_09727_/A2                              0.750000    2.242560   -1.492560 (VIOLATED)
_09757_/B1                              0.750000    2.242551   -1.492551 (VIOLATED)
_09760_/B                               0.750000    2.242550   -1.492550 (VIOLATED)
_09786_/S                               0.750000    2.242551   -1.492551 (VIOLATED)
_09789_/B2                              0.750000    2.242550   -1.492550 (VIOLATED)
_09833_/S                               0.750000    2.242551   -1.492551 (VIOLATED)
_09782_/A1                              0.750000    2.242548   -1.492548 (VIOLATED)
_09735_/A                               0.750000    2.242540   -1.492540 (VIOLATED)
_09764_/A                               0.750000    2.242537   -1.492538 (VIOLATED)
_09766_/A2                              0.750000    2.242537   -1.492538 (VIOLATED)
_09771_/A1_N                            0.750000    2.242539   -1.492539 (VIOLATED)
_09821_/B1_N                            0.750000    2.242539   -1.492539 (VIOLATED)
_07718_/A                               0.750000    2.242531   -1.492531 (VIOLATED)
_09724_/A                               0.750000    2.242531   -1.492531 (VIOLATED)
_09738_/A                               0.750000    2.242532   -1.492532 (VIOLATED)
_09739_/A                               0.750000    2.242531   -1.492531 (VIOLATED)
_09795_/A1                              0.750000    2.242530   -1.492530 (VIOLATED)
_09819_/A1                              0.750000    2.242530   -1.492530 (VIOLATED)
_09743_/B1_N                            0.750000    2.242528   -1.492528 (VIOLATED)
_07715_/A                               0.750000    2.242525   -1.492525 (VIOLATED)
_11935_/A1                              0.750000    2.242527   -1.492527 (VIOLATED)
_07711_/Y                               0.750000    2.242523   -1.492523 (VIOLATED)
_12483_/B                               0.750000    2.242523   -1.492523 (VIOLATED)
_13159_/S                               0.750000    2.137856   -1.387856 (VIOLATED)
_13162_/S                               0.750000    2.137857   -1.387857 (VIOLATED)
_13161_/S                               0.750000    2.137832   -1.387832 (VIOLATED)
_13163_/S                               0.750000    2.137828   -1.387828 (VIOLATED)
_13160_/S                               0.750000    2.137824   -1.387824 (VIOLATED)
_13164_/S                               0.750000    2.137818   -1.387818 (VIOLATED)
_13158_/S                               0.750000    2.137802   -1.387802 (VIOLATED)
_13157_/S                               0.750000    2.137785   -1.387785 (VIOLATED)
_13156_/S                               0.750000    2.137760   -1.387761 (VIOLATED)
_13166_/S                               0.750000    2.137703   -1.387703 (VIOLATED)
_13155_/S                               0.750000    2.137660   -1.387659 (VIOLATED)
_13154_/S                               0.750000    2.137622   -1.387622 (VIOLATED)
_13167_/S                               0.750000    2.137589   -1.387589 (VIOLATED)
_13168_/S                               0.750000    2.137568   -1.387568 (VIOLATED)
_13165_/S                               0.750000    2.137527   -1.387527 (VIOLATED)
_13153_/S                               0.750000    2.136635   -1.386635 (VIOLATED)
_13151_/S                               0.750000    2.136468   -1.386468 (VIOLATED)
_13152_/S                               0.750000    2.136379   -1.386379 (VIOLATED)
_13150_/S                               0.750000    2.136279   -1.386279 (VIOLATED)
_13149_/S                               0.750000    2.136084   -1.386084 (VIOLATED)
_13147_/S                               0.750000    2.135670   -1.385670 (VIOLATED)
_13145_/S                               0.750000    2.135549   -1.385549 (VIOLATED)
_13004_/S                               0.750000    2.135504   -1.385504 (VIOLATED)
_13042_/S                               0.750000    2.135505   -1.385505 (VIOLATED)
_13144_/S                               0.750000    2.135504   -1.385504 (VIOLATED)
_13055_/S                               0.750000    2.135501   -1.385501 (VIOLATED)
_13018_/A2                              0.750000    2.135496   -1.385496 (VIOLATED)
_12960_/S                               0.750000    2.135494   -1.385494 (VIOLATED)
_12972_/S                               0.750000    2.135494   -1.385495 (VIOLATED)
_13094_/A2                              0.750000    2.135491   -1.385491 (VIOLATED)
_12944_/S                               0.750000    2.135489   -1.385489 (VIOLATED)
_12911_/A2                              0.750000    2.135484   -1.385484 (VIOLATED)
_12981_/A                               0.750000    2.135481   -1.385481 (VIOLATED)
_12982_/B1                              0.750000    2.135481   -1.385481 (VIOLATED)
_12989_/C1                              0.750000    2.135482   -1.385482 (VIOLATED)
_12990_/A                               0.750000    2.135481   -1.385481 (VIOLATED)
_13184_/S                               0.750000    2.135482   -1.385482 (VIOLATED)
_12901_/B1                              0.750000    2.135479   -1.385479 (VIOLATED)
_12904_/C1                              0.750000    2.135479   -1.385479 (VIOLATED)
_12907_/S                               0.750000    2.135477   -1.385477 (VIOLATED)
_12888_/C1                              0.750000    2.135472   -1.385472 (VIOLATED)
_13169_/S                               0.750000    2.135471   -1.385471 (VIOLATED)
_13182_/S                               0.750000    2.135466   -1.385466 (VIOLATED)
_13185_/S                               0.750000    2.135464   -1.385464 (VIOLATED)
_13148_/S                               0.750000    2.135459   -1.385459 (VIOLATED)
_12879_/S                               0.750000    2.135457   -1.385457 (VIOLATED)
_13146_/S                               0.750000    2.135456   -1.385456 (VIOLATED)
_13179_/S                               0.750000    2.135452   -1.385452 (VIOLATED)
_13181_/S                               0.750000    2.135450   -1.385450 (VIOLATED)
_13106_/S                               0.750000    2.135443   -1.385443 (VIOLATED)
_12894_/S                               0.750000    2.135442   -1.385442 (VIOLATED)
_13116_/S                               0.750000    2.135443   -1.385443 (VIOLATED)
_13183_/S                               0.750000    2.135441   -1.385441 (VIOLATED)
_13186_/S                               0.750000    2.135442   -1.385442 (VIOLATED)
_12827_/A2                              0.750000    2.135438   -1.385439 (VIOLATED)
_12856_/A2                              0.750000    2.135439   -1.385439 (VIOLATED)
_13068_/C1                              0.750000    2.135438   -1.385439 (VIOLATED)
_13081_/A2                              0.750000    2.135438   -1.385438 (VIOLATED)
_13175_/A2                              0.750000    2.135438   -1.385438 (VIOLATED)
_12835_/A2                              0.750000    2.135436   -1.385436 (VIOLATED)
_13131_/A                               0.750000    2.135437   -1.385437 (VIOLATED)
_13132_/A                               0.750000    2.135437   -1.385437 (VIOLATED)
_12921_/A                               0.750000    2.135433   -1.385433 (VIOLATED)
_13178_/S                               0.750000    2.135435   -1.385435 (VIOLATED)
_13180_/S                               0.750000    2.135435   -1.385435 (VIOLATED)
_12927_/C1                              0.750000    2.135432   -1.385432 (VIOLATED)
_12848_/A                               0.750000    2.135430   -1.385430 (VIOLATED)
_12874_/B1                              0.750000    2.135430   -1.385430 (VIOLATED)
_13177_/S                               0.750000    2.135430   -1.385430 (VIOLATED)
_12850_/A                               0.750000    2.135428   -1.385428 (VIOLATED)
_13190_/S                               0.750000    2.135429   -1.385429 (VIOLATED)
_13189_/S                               0.750000    2.135421   -1.385421 (VIOLATED)
_13142_/S                               0.750000    2.135418   -1.385418 (VIOLATED)
_13188_/S                               0.750000    2.135416   -1.385416 (VIOLATED)
_13143_/S                               0.750000    2.135410   -1.385410 (VIOLATED)
_13176_/S                               0.750000    2.135404   -1.385404 (VIOLATED)
_13139_/S                               0.750000    2.135368   -1.385368 (VIOLATED)
_13140_/S                               0.750000    2.135367   -1.385367 (VIOLATED)
_13141_/S                               0.750000    2.135368   -1.385368 (VIOLATED)
_13137_/A2                              0.750000    2.135364   -1.385364 (VIOLATED)
_13173_/B1                              0.750000    2.135360   -1.385360 (VIOLATED)
_09880_/B1                              0.750000    2.135347   -1.385347 (VIOLATED)
_09878_/X                               0.750000    2.135341   -1.385341 (VIOLATED)
_10413_/S                               0.750000    2.054006   -1.304006 (VIOLATED)
_10417_/A                               0.750000    2.054006   -1.304006 (VIOLATED)
_10434_/A1                              0.750000    2.054005   -1.304006 (VIOLATED)
_10458_/S                               0.750000    2.054002   -1.304002 (VIOLATED)
_10479_/S                               0.750000    2.053997   -1.303997 (VIOLATED)
_10482_/A1                              0.750000    2.053994   -1.303994 (VIOLATED)
_10502_/A                               0.750000    2.053988   -1.303988 (VIOLATED)
_10520_/A1                              0.750000    2.053987   -1.303987 (VIOLATED)
_10395_/S                               0.750000    2.053974   -1.303974 (VIOLATED)
_10393_/A1                              0.750000    2.053966   -1.303966 (VIOLATED)
_10376_/A                               0.750000    2.053964   -1.303964 (VIOLATED)
_10373_/S                               0.750000    2.053945   -1.303945 (VIOLATED)
_10560_/S                               0.750000    2.053944   -1.303944 (VIOLATED)
_10581_/S                               0.750000    2.053943   -1.303943 (VIOLATED)
_10524_/A                               0.750000    2.053941   -1.303941 (VIOLATED)
_10540_/A1                              0.750000    2.053941   -1.303941 (VIOLATED)
_11776_/S                               0.750000    2.053921   -1.303921 (VIOLATED)
_11778_/S                               0.750000    2.053850   -1.303850 (VIOLATED)
_11780_/S                               0.750000    2.053847   -1.303847 (VIOLATED)
_11769_/A                               0.750000    2.053840   -1.303840 (VIOLATED)
_11770_/A1                              0.750000    2.053840   -1.303840 (VIOLATED)
_11772_/S                               0.750000    2.053840   -1.303840 (VIOLATED)
_11767_/S                               0.750000    2.053824   -1.303824 (VIOLATED)
_11765_/S                               0.750000    2.053822   -1.303822 (VIOLATED)
_11762_/B                               0.750000    2.053807   -1.303807 (VIOLATED)
_11763_/A2                              0.750000    2.053806   -1.303806 (VIOLATED)
_11756_/S                               0.750000    2.053803   -1.303803 (VIOLATED)
_11758_/S                               0.750000    2.053804   -1.303804 (VIOLATED)
_11754_/S                               0.750000    2.053799   -1.303799 (VIOLATED)
_11782_/S                               0.750000    2.053797   -1.303797 (VIOLATED)
_11760_/S                               0.750000    2.053796   -1.303796 (VIOLATED)
_11751_/A                               0.750000    2.053778   -1.303778 (VIOLATED)
_11752_/A1                              0.750000    2.053776   -1.303776 (VIOLATED)
_11784_/S                               0.750000    2.053641   -1.303641 (VIOLATED)
_11749_/A2                              0.750000    2.053553   -1.303553 (VIOLATED)
_11748_/B                               0.750000    2.053544   -1.303544 (VIOLATED)
_11746_/S                               0.750000    2.053494   -1.303494 (VIOLATED)
_11744_/S                               0.750000    2.053433   -1.303434 (VIOLATED)
_11742_/S                               0.750000    2.053369   -1.303369 (VIOLATED)
_10599_/S                               0.750000    2.053351   -1.303351 (VIOLATED)
_11740_/S                               0.750000    2.053291   -1.303291 (VIOLATED)
_11738_/A1                              0.750000    2.053257   -1.303257 (VIOLATED)
_11737_/A                               0.750000    2.053255   -1.303255 (VIOLATED)
_11735_/S                               0.750000    2.053200   -1.303200 (VIOLATED)
_11733_/S                               0.750000    2.053142   -1.303142 (VIOLATED)
_11731_/S                               0.750000    2.053103   -1.303103 (VIOLATED)
_11729_/S                               0.750000    2.053087   -1.303087 (VIOLATED)
_11726_/A                               0.750000    2.053029   -1.303029 (VIOLATED)
_11727_/A1                              0.750000    2.053025   -1.303026 (VIOLATED)
_10315_/S                               0.750000    2.053023   -1.303023 (VIOLATED)
_10354_/S                               0.750000    2.053022   -1.303023 (VIOLATED)
_10334_/S                               0.750000    2.053021   -1.303021 (VIOLATED)
_10295_/S                               0.750000    2.053015   -1.303015 (VIOLATED)
_10293_/S                               0.750000    2.053013   -1.303013 (VIOLATED)
_10277_/S                               0.750000    2.053010   -1.303010 (VIOLATED)
_10275_/S                               0.750000    2.053000   -1.303001 (VIOLATED)
_11724_/S                               0.750000    2.053000   -1.303000 (VIOLATED)
_10273_/S                               0.750000    2.052996   -1.302996 (VIOLATED)
_10253_/S                               0.750000    2.052991   -1.302991 (VIOLATED)
_11715_/S                               0.750000    2.052985   -1.302985 (VIOLATED)
_11717_/S                               0.750000    2.052984   -1.302984 (VIOLATED)
_10234_/S                               0.750000    2.052981   -1.302981 (VIOLATED)
_11719_/B                               0.750000    2.052980   -1.302980 (VIOLATED)
_11720_/A2                              0.750000    2.052980   -1.302980 (VIOLATED)
_10217_/S                               0.750000    2.052975   -1.302975 (VIOLATED)
_10198_/S                               0.750000    2.052968   -1.302968 (VIOLATED)
_11722_/S                               0.750000    2.052967   -1.302967 (VIOLATED)
_10178_/S                               0.750000    2.052947   -1.302947 (VIOLATED)
_10159_/S                               0.750000    2.052942   -1.302942 (VIOLATED)
_10142_/S                               0.750000    2.052934   -1.302934 (VIOLATED)
_10124_/S                               0.750000    2.052924   -1.302924 (VIOLATED)
_10101_/B                               0.750000    2.052914   -1.302914 (VIOLATED)
_10102_/A2                              0.750000    2.052915   -1.302915 (VIOLATED)
_10099_/S                               0.750000    2.052911   -1.302911 (VIOLATED)
_10097_/S                               0.750000    2.052886   -1.302886 (VIOLATED)
_10096_/A2                              0.750000    2.052864   -1.302864 (VIOLATED)
_10095_/B                               0.750000    2.052862   -1.302862 (VIOLATED)
_10094_/X                               0.750000    2.052859   -1.302859 (VIOLATED)
_10998_/S                               0.750000    1.943056   -1.193056 (VIOLATED)
_11006_/S                               0.750000    1.943054   -1.193054 (VIOLATED)
_11004_/S                               0.750000    1.943051   -1.193051 (VIOLATED)
_11000_/S                               0.750000    1.943049   -1.193049 (VIOLATED)
_11007_/S                               0.750000    1.943033   -1.193033 (VIOLATED)
_11005_/S                               0.750000    1.943023   -1.193023 (VIOLATED)
_10999_/S                               0.750000    1.943011   -1.193011 (VIOLATED)
_11003_/S                               0.750000    1.943005   -1.193005 (VIOLATED)
_11001_/S                               0.750000    1.942986   -1.192986 (VIOLATED)
_11002_/S                               0.750000    1.942906   -1.192907 (VIOLATED)
_11376_/A1                              0.750000    1.942814   -1.192814 (VIOLATED)
_11387_/A1                              0.750000    1.942806   -1.192806 (VIOLATED)
_11381_/A1                              0.750000    1.942801   -1.192801 (VIOLATED)
_11398_/A1                              0.750000    1.942801   -1.192801 (VIOLATED)
_11404_/A1                              0.750000    1.942801   -1.192801 (VIOLATED)
_11415_/A1                              0.750000    1.942801   -1.192801 (VIOLATED)
_11421_/A1                              0.750000    1.942800   -1.192800 (VIOLATED)
_11427_/A1                              0.750000    1.942800   -1.192800 (VIOLATED)
_11438_/A1                              0.750000    1.942801   -1.192801 (VIOLATED)
_11393_/A1                              0.750000    1.942799   -1.192799 (VIOLATED)
_11410_/A1                              0.750000    1.942785   -1.192785 (VIOLATED)
_11432_/A1                              0.750000    1.942727   -1.192727 (VIOLATED)
_11443_/A1                              0.750000    1.942718   -1.192718 (VIOLATED)
_11364_/A1                              0.750000    1.942575   -1.192575 (VIOLATED)
_11370_/A1                              0.750000    1.942572   -1.192572 (VIOLATED)
_11449_/A1                              0.750000    1.942487   -1.192487 (VIOLATED)
_11497_/S                               0.750000    1.942466   -1.192466 (VIOLATED)
_11349_/A1                              0.750000    1.942389   -1.192389 (VIOLATED)
_11357_/A1                              0.750000    1.942375   -1.192375 (VIOLATED)
_11342_/A1                              0.750000    1.942327   -1.192327 (VIOLATED)
_11334_/A1                              0.750000    1.942240   -1.192240 (VIOLATED)
_11009_/S                               0.750000    1.942229   -1.192229 (VIOLATED)
_11010_/S                               0.750000    1.942226   -1.192226 (VIOLATED)
_10997_/S                               0.750000    1.942220   -1.192220 (VIOLATED)
_11008_/S                               0.750000    1.942215   -1.192215 (VIOLATED)
_10996_/S                               0.750000    1.942192   -1.192192 (VIOLATED)
_10994_/S                               0.750000    1.942177   -1.192177 (VIOLATED)
_11011_/S                               0.750000    1.942169   -1.192169 (VIOLATED)
_10995_/S                               0.750000    1.942158   -1.192158 (VIOLATED)
_10993_/S                               0.750000    1.942137   -1.192137 (VIOLATED)
_11327_/A1                              0.750000    1.942134   -1.192134 (VIOLATED)
_11312_/A1                              0.750000    1.942127   -1.192127 (VIOLATED)
_11496_/S                               0.750000    1.942099   -1.192099 (VIOLATED)
_10992_/S                               0.750000    1.942095   -1.192095 (VIOLATED)
_11304_/A1                              0.750000    1.942080   -1.192080 (VIOLATED)
_10991_/S                               0.750000    1.942072   -1.192072 (VIOLATED)
_10989_/S                               0.750000    1.942047   -1.192047 (VIOLATED)
_10988_/S                               0.750000    1.942027   -1.192027 (VIOLATED)
_11297_/A1                              0.750000    1.942021   -1.192021 (VIOLATED)
_11319_/A1                              0.750000    1.941997   -1.191997 (VIOLATED)
_10990_/S                               0.750000    1.941966   -1.191966 (VIOLATED)
_11491_/S                               0.750000    1.941956   -1.191956 (VIOLATED)
_10980_/S                               0.750000    1.941951   -1.191951 (VIOLATED)
_11248_/A1                              0.750000    1.941949   -1.191949 (VIOLATED)
_11256_/A1                              0.750000    1.941948   -1.191948 (VIOLATED)
_11263_/A1                              0.750000    1.941949   -1.191949 (VIOLATED)
_11270_/A1                              0.750000    1.941948   -1.191948 (VIOLATED)
_11276_/A1                              0.750000    1.941948   -1.191948 (VIOLATED)
_11283_/A1                              0.750000    1.941948   -1.191948 (VIOLATED)
_11290_/A1                              0.750000    1.941947   -1.191947 (VIOLATED)
_10987_/S                               0.750000    1.941937   -1.191937 (VIOLATED)
_10985_/S                               0.750000    1.941936   -1.191936 (VIOLATED)
_09848_/B                               0.750000    1.941927   -1.191927 (VIOLATED)
_10984_/S                               0.750000    1.941925   -1.191925 (VIOLATED)
_10986_/S                               0.750000    1.941925   -1.191925 (VIOLATED)
_11495_/S                               0.750000    1.941924   -1.191924 (VIOLATED)
_10981_/S                               0.750000    1.941920   -1.191920 (VIOLATED)
_10982_/S                               0.750000    1.941920   -1.191920 (VIOLATED)
_10983_/S                               0.750000    1.941920   -1.191920 (VIOLATED)
_11493_/S                               0.750000    1.941919   -1.191919 (VIOLATED)
_11492_/S                               0.750000    1.941917   -1.191917 (VIOLATED)
_09847_/X                               0.750000    1.941913   -1.191913 (VIOLATED)
_11236_/B                               0.750000    1.941913   -1.191913 (VIOLATED)
_11494_/S                               0.750000    1.941913   -1.191913 (VIOLATED)
_11498_/S                               0.750000    1.941913   -1.191913 (VIOLATED)
_11499_/S                               0.750000    1.941913   -1.191913 (VIOLATED)
_11500_/S                               0.750000    1.941913   -1.191913 (VIOLATED)
_11694_/A2                              0.750000    1.903716   -1.153716 (VIOLATED)
_11026_/B                               0.750000    1.903712   -1.153712 (VIOLATED)
_11019_/B                               0.750000    1.903710   -1.153710 (VIOLATED)
_11034_/A2                              0.750000    1.903702   -1.153702 (VIOLATED)
_11036_/B                               0.750000    1.903697   -1.153697 (VIOLATED)
_11050_/A2                              0.750000    1.903692   -1.153692 (VIOLATED)
_11055_/A2                              0.750000    1.903685   -1.153685 (VIOLATED)
_11045_/A2                              0.750000    1.903679   -1.153679 (VIOLATED)
_11018_/A2                              0.750000    1.903666   -1.153666 (VIOLATED)
_11017_/A                               0.750000    1.903665   -1.153665 (VIOLATED)
_11070_/A2                              0.750000    1.903642   -1.153642 (VIOLATED)
_11060_/A2                              0.750000    1.903577   -1.153577 (VIOLATED)
_11065_/A2                              0.750000    1.903555   -1.153555 (VIOLATED)
_11075_/A2                              0.750000    1.903527   -1.153527 (VIOLATED)
_11080_/A2                              0.750000    1.903506   -1.153506 (VIOLATED)
_11085_/A2                              0.750000    1.903444   -1.153444 (VIOLATED)
_11691_/B1_N                            0.750000    1.903419   -1.153419 (VIOLATED)
_11095_/A2                              0.750000    1.903413   -1.153413 (VIOLATED)
_11172_/B                               0.750000    1.903411   -1.153411 (VIOLATED)
_11090_/A2                              0.750000    1.903377   -1.153377 (VIOLATED)
_11100_/A2                              0.750000    1.903342   -1.153342 (VIOLATED)
_11160_/A2                              0.750000    1.903285   -1.153285 (VIOLATED)
_11105_/A2                              0.750000    1.903283   -1.153283 (VIOLATED)
_11170_/A2                              0.750000    1.903246   -1.153246 (VIOLATED)
_11165_/A2                              0.750000    1.903226   -1.153226 (VIOLATED)
_11115_/A2                              0.750000    1.903214   -1.153214 (VIOLATED)
_11125_/A2                              0.750000    1.903215   -1.153215 (VIOLATED)
_11130_/A2                              0.750000    1.903215   -1.153215 (VIOLATED)
_11135_/A2                              0.750000    1.903214   -1.153214 (VIOLATED)
_11145_/A2                              0.750000    1.903214   -1.153214 (VIOLATED)
_11120_/A2                              0.750000    1.903212   -1.153212 (VIOLATED)
_11140_/A2                              0.750000    1.903212   -1.153212 (VIOLATED)
_11155_/A2                              0.750000    1.903213   -1.153214 (VIOLATED)
_11110_/A2                              0.750000    1.903211   -1.153211 (VIOLATED)
_11150_/A2                              0.750000    1.903211   -1.153211 (VIOLATED)
_11015_/Y                               0.750000    1.903208   -1.153208 (VIOLATED)
_11127_/B1                              0.750000    1.846183   -1.096183 (VIOLATED)
_11137_/B1                              0.750000    1.846180   -1.096180 (VIOLATED)
_11147_/B1                              0.750000    1.846174   -1.096174 (VIOLATED)
_11132_/B1                              0.750000    1.846173   -1.096173 (VIOLATED)
_11142_/B1                              0.750000    1.846173   -1.096173 (VIOLATED)
_11152_/B1                              0.750000    1.846166   -1.096166 (VIOLATED)
_11122_/B1                              0.750000    1.846163   -1.096163 (VIOLATED)
_11117_/B1                              0.750000    1.846151   -1.096151 (VIOLATED)
_11112_/B1                              0.750000    1.846136   -1.096136 (VIOLATED)
_11107_/B1                              0.750000    1.846075   -1.096075 (VIOLATED)
_11102_/B1                              0.750000    1.846047   -1.096047 (VIOLATED)
_11157_/B1                              0.750000    1.845979   -1.095979 (VIOLATED)
_11162_/B1                              0.750000    1.845953   -1.095953 (VIOLATED)
_11173_/B1                              0.750000    1.845934   -1.095934 (VIOLATED)
_11167_/B1                              0.750000    1.845892   -1.095892 (VIOLATED)
_11021_/B                               0.750000    1.845864   -1.095864 (VIOLATED)
_11097_/B1                              0.750000    1.845573   -1.095573 (VIOLATED)
_11087_/B1                              0.750000    1.845467   -1.095467 (VIOLATED)
_11092_/B1                              0.750000    1.845394   -1.095394 (VIOLATED)
_11082_/B1                              0.750000    1.845320   -1.095320 (VIOLATED)
_11077_/B1                              0.750000    1.845168   -1.095168 (VIOLATED)
_11072_/B1                              0.750000    1.845099   -1.095099 (VIOLATED)
_11062_/B1                              0.750000    1.844957   -1.094957 (VIOLATED)
_11067_/B1                              0.750000    1.844843   -1.094844 (VIOLATED)
_11057_/B1                              0.750000    1.844736   -1.094736 (VIOLATED)
_11052_/B1                              0.750000    1.844712   -1.094712 (VIOLATED)
_11042_/B1                              0.750000    1.844683   -1.094683 (VIOLATED)
_11047_/B1                              0.750000    1.844674   -1.094674 (VIOLATED)
_11037_/B1                              0.750000    1.844660   -1.094660 (VIOLATED)
_11031_/B1                              0.750000    1.844640   -1.094640 (VIOLATED)
_11698_/B                               0.750000    1.844631   -1.094631 (VIOLATED)
_11027_/B1                              0.750000    1.844628   -1.094628 (VIOLATED)
_11022_/B1                              0.750000    1.844611   -1.094611 (VIOLATED)
_11020_/Y                               0.750000    1.844602   -1.094602 (VIOLATED)
_10002_/B1                              0.750000    1.808870   -1.058870 (VIOLATED)
_10405_/B1                              0.750000    1.808870   -1.058870 (VIOLATED)
_10362_/B1                              0.750000    1.808865   -1.058865 (VIOLATED)
_10470_/B1                              0.750000    1.808860   -1.058860 (VIOLATED)
_10424_/B1                              0.750000    1.808857   -1.058857 (VIOLATED)
_10508_/B1                              0.750000    1.808845   -1.058845 (VIOLATED)
_10453_/B1                              0.750000    1.808838   -1.058838 (VIOLATED)
_10495_/B1                              0.750000    1.808814   -1.058814 (VIOLATED)
_10346_/A2                              0.750000    1.808798   -1.058798 (VIOLATED)
_10549_/B1                              0.750000    1.808766   -1.058766 (VIOLATED)
_10385_/A2                              0.750000    1.808757   -1.058757 (VIOLATED)
_10568_/B1                              0.750000    1.808718   -1.058718 (VIOLATED)
_10528_/B1                              0.750000    1.808641   -1.058641 (VIOLATED)
_10325_/B1                              0.750000    1.808595   -1.058595 (VIOLATED)
_10307_/A2                              0.750000    1.808582   -1.058582 (VIOLATED)
_10287_/B1                              0.750000    1.808502   -1.058502 (VIOLATED)
_10083_/B1                              0.750000    1.808431   -1.058431 (VIOLATED)
_10588_/A2                              0.750000    1.808414   -1.058414 (VIOLATED)
_10061_/B1                              0.750000    1.808360   -1.058360 (VIOLATED)
_10044_/B1                              0.750000    1.808253   -1.058253 (VIOLATED)
_10264_/B1                              0.750000    1.808174   -1.058175 (VIOLATED)
_10228_/B1                              0.750000    1.808101   -1.058101 (VIOLATED)
_10211_/B1                              0.750000    1.808051   -1.058051 (VIOLATED)
_10115_/B1                              0.750000    1.808019   -1.058019 (VIOLATED)
_10189_/A2                              0.750000    1.808012   -1.058012 (VIOLATED)
_10246_/A2                              0.750000    1.807904   -1.057904 (VIOLATED)
_10153_/A2                              0.750000    1.807876   -1.057876 (VIOLATED)
_11016_/A                               0.750000    1.807868   -1.057868 (VIOLATED)
_10170_/B1                              0.750000    1.807852   -1.057852 (VIOLATED)
_10132_/A2                              0.750000    1.807829   -1.057829 (VIOLATED)
_09902_/A2                              0.750000    1.807737   -1.057737 (VIOLATED)
_10014_/A2                              0.750000    1.807720   -1.057720 (VIOLATED)
_09954_/A2                              0.750000    1.807717   -1.057717 (VIOLATED)
_07348_/Y                               0.750000    1.807683   -1.057683 (VIOLATED)
_10404_/B1                              0.750000    1.786695   -1.036695 (VIOLATED)
_10426_/A2                              0.750000    1.786696   -1.036696 (VIOLATED)
_10001_/B1                              0.750000    1.786693   -1.036693 (VIOLATED)
_10467_/B1                              0.750000    1.786688   -1.036688 (VIOLATED)
_10361_/B1                              0.750000    1.786684   -1.036684 (VIOLATED)
_10508_/A2                              0.750000    1.786660   -1.036660 (VIOLATED)
_10386_/B1                              0.750000    1.786644   -1.036644 (VIOLATED)
_10451_/A2                              0.750000    1.786626   -1.036626 (VIOLATED)
_10494_/B1                              0.750000    1.786620   -1.036620 (VIOLATED)
_10344_/B1                              0.750000    1.786601   -1.036601 (VIOLATED)
_10549_/A2                              0.750000    1.786537   -1.036537 (VIOLATED)
_11501_/A                               0.750000    1.786528   -1.036528 (VIOLATED)
_10573_/A2                              0.750000    1.786457   -1.036457 (VIOLATED)
_10531_/B1                              0.750000    1.786402   -1.036402 (VIOLATED)
_10325_/A2                              0.750000    1.786363   -1.036363 (VIOLATED)
_10309_/A2                              0.750000    1.786330   -1.036330 (VIOLATED)
_10287_/A2                              0.750000    1.786280   -1.036280 (VIOLATED)
_10591_/B1                              0.750000    1.786229   -1.036230 (VIOLATED)
_10083_/A2                              0.750000    1.786210   -1.036210 (VIOLATED)
_10061_/A2                              0.750000    1.786140   -1.036140 (VIOLATED)
_10046_/A2                              0.750000    1.786048   -1.036048 (VIOLATED)
_10264_/A2                              0.750000    1.785958   -1.035958 (VIOLATED)
_10226_/A2                              0.750000    1.785919   -1.035920 (VIOLATED)
_10212_/B1                              0.750000    1.785861   -1.035861 (VIOLATED)
_10190_/A2                              0.750000    1.785814   -1.035814 (VIOLATED)
_10250_/A2                              0.750000    1.785764   -1.035764 (VIOLATED)
_10155_/B1                              0.750000    1.785718   -1.035718 (VIOLATED)
_10170_/A2                              0.750000    1.785718   -1.035718 (VIOLATED)
_10131_/A2                              0.750000    1.785702   -1.035702 (VIOLATED)
_09899_/A2                              0.750000    1.785640   -1.035640 (VIOLATED)
_10113_/B1                              0.750000    1.785633   -1.035633 (VIOLATED)
_10016_/A2                              0.750000    1.785624   -1.035624 (VIOLATED)
_09953_/B1                              0.750000    1.785597   -1.035597 (VIOLATED)
_07347_/Y                               0.750000    1.785576   -1.035576 (VIOLATED)
_10439_/A                               0.750000    1.777453   -1.027453 (VIOLATED)
_10440_/A2                              0.750000    1.777452   -1.027452 (VIOLATED)
_10421_/A                               0.750000    1.777451   -1.027451 (VIOLATED)
_10422_/B                               0.750000    1.777450   -1.027450 (VIOLATED)
_10402_/S                               0.750000    1.777449   -1.027449 (VIOLATED)
_10473_/S                               0.750000    1.777443   -1.027443 (VIOLATED)
_10513_/A                               0.750000    1.777443   -1.027443 (VIOLATED)
_10514_/B                               0.750000    1.777443   -1.027443 (VIOLATED)
_09994_/S                               0.750000    1.777440   -1.027440 (VIOLATED)
_10487_/A                               0.750000    1.777439   -1.027439 (VIOLATED)
_10488_/B                               0.750000    1.777439   -1.027439 (VIOLATED)
_10377_/A                               0.750000    1.777436   -1.027436 (VIOLATED)
_10378_/A2                              0.750000    1.777436   -1.027436 (VIOLATED)
_10446_/A2                              0.750000    1.777436   -1.027436 (VIOLATED)
_10445_/A                               0.750000    1.777433   -1.027433 (VIOLATED)
_10485_/S                               0.750000    1.777431   -1.027431 (VIOLATED)
_10554_/S                               0.750000    1.777429   -1.027429 (VIOLATED)
_10367_/S                               0.750000    1.777426   -1.027426 (VIOLATED)
_10465_/S                               0.750000    1.777425   -1.027425 (VIOLATED)
_10534_/A                               0.750000    1.777425   -1.027425 (VIOLATED)
_10575_/S                               0.750000    1.777426   -1.027426 (VIOLATED)
_10535_/B                               0.750000    1.777424   -1.027424 (VIOLATED)
_10506_/S                               0.750000    1.777420   -1.027420 (VIOLATED)
_10419_/S                               0.750000    1.777369   -1.027369 (VIOLATED)
_10400_/S                               0.750000    1.777363   -1.027363 (VIOLATED)
_10526_/S                               0.750000    1.777344   -1.027344 (VIOLATED)
_10546_/S                               0.750000    1.777334   -1.027334 (VIOLATED)
_09989_/A                               0.750000    1.777324   -1.027324 (VIOLATED)
_09990_/B                               0.750000    1.777323   -1.027323 (VIOLATED)
_10341_/S                               0.750000    1.777309   -1.027309 (VIOLATED)
_10359_/S                               0.750000    1.777310   -1.027310 (VIOLATED)
_10320_/S                               0.750000    1.777303   -1.027303 (VIOLATED)
_10380_/B                               0.750000    1.777299   -1.027299 (VIOLATED)
_10566_/S                               0.750000    1.777277   -1.027277 (VIOLATED)
_10302_/A                               0.750000    1.777260   -1.027260 (VIOLATED)
_10303_/A2                              0.750000    1.777250   -1.027250 (VIOLATED)
_10595_/S                               0.750000    1.777043   -1.027043 (VIOLATED)
_10073_/B                               0.750000    1.776892   -1.026892 (VIOLATED)
_10072_/A                               0.750000    1.776889   -1.026889 (VIOLATED)
_10282_/S                               0.750000    1.776820   -1.026820 (VIOLATED)
_10053_/S                               0.750000    1.776733   -1.026733 (VIOLATED)
_10035_/S                               0.750000    1.776634   -1.026634 (VIOLATED)
_10586_/S                               0.750000    1.776618   -1.026618 (VIOLATED)
_10258_/S                               0.750000    1.776525   -1.026526 (VIOLATED)
_10241_/A                               0.750000    1.776473   -1.026473 (VIOLATED)
_10242_/B                               0.750000    1.776473   -1.026473 (VIOLATED)
_10222_/S                               0.750000    1.776402   -1.026402 (VIOLATED)
_10203_/S                               0.750000    1.776308   -1.026308 (VIOLATED)
_10183_/S                               0.750000    1.776246   -1.026246 (VIOLATED)
_10165_/S                               0.750000    1.776225   -1.026225 (VIOLATED)
_10148_/A                               0.750000    1.776105   -1.026105 (VIOLATED)
_10149_/B                               0.750000    1.776105   -1.026105 (VIOLATED)
_10299_/B                               0.750000    1.776075   -1.026075 (VIOLATED)
_10349_/S                               0.750000    1.776075   -1.026075 (VIOLATED)
_10322_/S                               0.750000    1.776073   -1.026073 (VIOLATED)
_10077_/S                               0.750000    1.776064   -1.026064 (VIOLATED)
_10137_/S                               0.750000    1.776061   -1.026061 (VIOLATED)
_10284_/S                               0.750000    1.776061   -1.026061 (VIOLATED)
_10057_/S                               0.750000    1.776056   -1.026056 (VIOLATED)
_10039_/S                               0.750000    1.776040   -1.026040 (VIOLATED)
_10267_/S                               0.750000    1.776032   -1.026032 (VIOLATED)
_10244_/S                               0.750000    1.776024   -1.026024 (VIOLATED)
_09959_/S                               0.750000    1.776020   -1.026020 (VIOLATED)
_09939_/S                               0.750000    1.776018   -1.026018 (VIOLATED)
_10025_/A                               0.750000    1.776011   -1.026011 (VIOLATED)
_10026_/B                               0.750000    1.776011   -1.026011 (VIOLATED)
_10224_/S                               0.750000    1.776007   -1.026007 (VIOLATED)
_10205_/S                               0.750000    1.775998   -1.025998 (VIOLATED)
_10119_/S                               0.750000    1.775988   -1.025988 (VIOLATED)
_10192_/S                               0.750000    1.775985   -1.025985 (VIOLATED)
_10167_/S                               0.750000    1.775946   -1.025946 (VIOLATED)
_10151_/S                               0.750000    1.775939   -1.025939 (VIOLATED)
_10128_/S                               0.750000    1.775925   -1.025925 (VIOLATED)
_10107_/A                               0.750000    1.775904   -1.025904 (VIOLATED)
_10108_/B                               0.750000    1.775903   -1.025903 (VIOLATED)
_10020_/A                               0.750000    1.775882   -1.025882 (VIOLATED)
_10021_/B                               0.750000    1.775880   -1.025880 (VIOLATED)
_09912_/S                               0.750000    1.775872   -1.025872 (VIOLATED)
_09949_/B                               0.750000    1.775820   -1.025820 (VIOLATED)
_09909_/X                               0.750000    1.775637   -1.025637 (VIOLATED)
_10407_/B1                              0.750000    1.713083   -0.963083 (VIOLATED)
_10364_/B1                              0.750000    1.713082   -0.963082 (VIOLATED)
_10468_/A2                              0.750000    1.713082   -0.963082 (VIOLATED)
_10425_/B1                              0.750000    1.713074   -0.963074 (VIOLATED)
_10451_/B1                              0.750000    1.713055   -0.963055 (VIOLATED)
_10343_/B1                              0.750000    1.713034   -0.963034 (VIOLATED)
_10491_/B1                              0.750000    1.713026   -0.963026 (VIOLATED)
_10385_/B1                              0.750000    1.713025   -0.963025 (VIOLATED)
_09999_/B1                              0.750000    1.712982   -0.962982 (VIOLATED)
_10511_/B1                              0.750000    1.712975   -0.962975 (VIOLATED)
_10550_/B1                              0.750000    1.712973   -0.962973 (VIOLATED)
_10571_/A2                              0.750000    1.712941   -0.962941 (VIOLATED)
_10530_/B1                              0.750000    1.712881   -0.962881 (VIOLATED)
_10307_/B1                              0.750000    1.712851   -0.962851 (VIOLATED)
_10324_/B1                              0.750000    1.712848   -0.962848 (VIOLATED)
_10290_/B1                              0.750000    1.712756   -0.962756 (VIOLATED)
_10079_/B1                              0.750000    1.712734   -0.962734 (VIOLATED)
_10588_/B1                              0.750000    1.712703   -0.962703 (VIOLATED)
_10062_/A2                              0.750000    1.712653   -0.962653 (VIOLATED)
_10043_/B1                              0.750000    1.712565   -0.962565 (VIOLATED)
_10262_/B1                              0.750000    1.712534   -0.962534 (VIOLATED)
_10226_/B1                              0.750000    1.712489   -0.962489 (VIOLATED)
_10210_/A2                              0.750000    1.712438   -0.962438 (VIOLATED)
_10114_/B1                              0.750000    1.712411   -0.962411 (VIOLATED)
_10189_/B1                              0.750000    1.712387   -0.962387 (VIOLATED)
_10246_/B1                              0.750000    1.712300   -0.962300 (VIOLATED)
_10153_/B1                              0.750000    1.712281   -0.962281 (VIOLATED)
_10171_/B1                              0.750000    1.712271   -0.962271 (VIOLATED)
_10131_/B1                              0.750000    1.712251   -0.962251 (VIOLATED)
_09897_/A2                              0.750000    1.712232   -0.962232 (VIOLATED)
_10016_/B1                              0.750000    1.712193   -0.962193 (VIOLATED)
_09951_/B1                              0.750000    1.712180   -0.962180 (VIOLATED)
_09895_/Y                               0.750000    1.712174   -0.962174 (VIOLATED)
_12610_/B1                              0.750000    1.689160   -0.939160 (VIOLATED)
_12612_/B1                              0.750000    1.689159   -0.939159 (VIOLATED)
_12614_/B1                              0.750000    1.689151   -0.939151 (VIOLATED)
_12616_/B1                              0.750000    1.689147   -0.939147 (VIOLATED)
_12620_/B1                              0.750000    1.689142   -0.939142 (VIOLATED)
_12622_/B1                              0.750000    1.689137   -0.939137 (VIOLATED)
_12618_/B1                              0.750000    1.689131   -0.939132 (VIOLATED)
_12628_/B1                              0.750000    1.689103   -0.939103 (VIOLATED)
_12624_/B1                              0.750000    1.689061   -0.939061 (VIOLATED)
_12626_/B1                              0.750000    1.689041   -0.939041 (VIOLATED)
_12630_/B1                              0.750000    1.689017   -0.939017 (VIOLATED)
_12632_/B1                              0.750000    1.689002   -0.939002 (VIOLATED)
_12634_/B1                              0.750000    1.688954   -0.938954 (VIOLATED)
_12638_/B1                              0.750000    1.688935   -0.938935 (VIOLATED)
_12670_/B1                              0.750000    1.688925   -0.938925 (VIOLATED)
_12636_/B1                              0.750000    1.688910   -0.938910 (VIOLATED)
_12640_/B1                              0.750000    1.688879   -0.938879 (VIOLATED)
_12665_/S                               0.750000    1.688840   -0.938840 (VIOLATED)
_12642_/B1                              0.750000    1.688836   -0.938836 (VIOLATED)
_12668_/B1                              0.750000    1.688818   -0.938818 (VIOLATED)
_12652_/B1                              0.750000    1.688807   -0.938806 (VIOLATED)
_12646_/B1                              0.750000    1.688805   -0.938806 (VIOLATED)
_12651_/B1                              0.750000    1.688806   -0.938806 (VIOLATED)
_12655_/S                               0.750000    1.688806   -0.938806 (VIOLATED)
_12658_/B1                              0.750000    1.688805   -0.938805 (VIOLATED)
_12648_/B1                              0.750000    1.688804   -0.938804 (VIOLATED)
_12662_/B1                              0.750000    1.688804   -0.938804 (VIOLATED)
_12666_/B1                              0.750000    1.688805   -0.938805 (VIOLATED)
_12656_/B1                              0.750000    1.688803   -0.938803 (VIOLATED)
_12644_/B1                              0.750000    1.688800   -0.938800 (VIOLATED)
_12660_/B1                              0.750000    1.688801   -0.938801 (VIOLATED)
_12609_/Y                               0.750000    1.688796   -0.938796 (VIOLATED)
_11023_/A2                              0.750000    1.673501   -0.923501 (VIOLATED)
_11028_/A2                              0.750000    1.673499   -0.923499 (VIOLATED)
_11032_/A2                              0.750000    1.673496   -0.923496 (VIOLATED)
_11038_/A2                              0.750000    1.673491   -0.923491 (VIOLATED)
_11048_/A2                              0.750000    1.673487   -0.923487 (VIOLATED)
_11043_/A2                              0.750000    1.673484   -0.923484 (VIOLATED)
_11053_/A2                              0.750000    1.673477   -0.923477 (VIOLATED)
_11058_/A2                              0.750000    1.673469   -0.923469 (VIOLATED)
_11068_/A2                              0.750000    1.673432   -0.923432 (VIOLATED)
_11063_/A2                              0.750000    1.673395   -0.923395 (VIOLATED)
_11073_/A2                              0.750000    1.673352   -0.923352 (VIOLATED)
_11078_/A2                              0.750000    1.673333   -0.923333 (VIOLATED)
_11083_/A2                              0.750000    1.673291   -0.923291 (VIOLATED)
_11093_/A2                              0.750000    1.673271   -0.923271 (VIOLATED)
_11088_/A2                              0.750000    1.673252   -0.923252 (VIOLATED)
_11098_/A2                              0.750000    1.673228   -0.923228 (VIOLATED)
_11128_/A2                              0.750000    1.673195   -0.923196 (VIOLATED)
_11133_/A2                              0.750000    1.673194   -0.923194 (VIOLATED)
_11138_/A2                              0.750000    1.673195   -0.923195 (VIOLATED)
_11143_/A2                              0.750000    1.673194   -0.923194 (VIOLATED)
_11148_/A2                              0.750000    1.673195   -0.923195 (VIOLATED)
_11153_/A2                              0.750000    1.673194   -0.923194 (VIOLATED)
_11118_/A2                              0.750000    1.673192   -0.923192 (VIOLATED)
_11123_/A2                              0.750000    1.673193   -0.923193 (VIOLATED)
_11113_/A2                              0.750000    1.673191   -0.923191 (VIOLATED)
_11108_/A2                              0.750000    1.673185   -0.923186 (VIOLATED)
_11103_/A2                              0.750000    1.673183   -0.923183 (VIOLATED)
_11168_/A2                              0.750000    1.673180   -0.923180 (VIOLATED)
_11158_/A2                              0.750000    1.673179   -0.923179 (VIOLATED)
_11163_/A2                              0.750000    1.673180   -0.923180 (VIOLATED)
_11174_/A2                              0.750000    1.673180   -0.923180 (VIOLATED)
_11021_/Y                               0.750000    1.673176   -0.923176 (VIOLATED)
_10746_/A1                              0.750000    1.668024   -0.918024 (VIOLATED)
_10747_/B                               0.750000    1.668023   -0.918023 (VIOLATED)
_10751_/A                               0.750000    1.668024   -0.918024 (VIOLATED)
_11682_/A1                              0.750000    1.668022   -0.918022 (VIOLATED)
_11679_/A2                              0.750000    1.668018   -0.918018 (VIOLATED)
_10742_/B                               0.750000    1.668017   -0.918017 (VIOLATED)
_11676_/B                               0.750000    1.668016   -0.918016 (VIOLATED)
_11672_/A                               0.750000    1.668011   -0.918011 (VIOLATED)
_10725_/B                               0.750000    1.668009   -0.918009 (VIOLATED)
_10726_/A1                              0.750000    1.668010   -0.918010 (VIOLATED)
_11663_/A1                              0.750000    1.668008   -0.918008 (VIOLATED)
_10721_/B                               0.750000    1.668006   -0.918006 (VIOLATED)
_11664_/A2                              0.750000    1.668007   -0.918007 (VIOLATED)
_10737_/B                               0.750000    1.668005   -0.918005 (VIOLATED)
_11659_/A                               0.750000    1.668006   -0.918006 (VIOLATED)
_11668_/A                               0.750000    1.668002   -0.918002 (VIOLATED)
_10711_/A2                              0.750000    1.667999   -0.917999 (VIOLATED)
_10716_/A1                              0.750000    1.667999   -0.917999 (VIOLATED)
_10736_/A1                              0.750000    1.668000   -0.918000 (VIOLATED)
_10715_/B                               0.750000    1.667998   -0.917998 (VIOLATED)
_10731_/B                               0.750000    1.667998   -0.917998 (VIOLATED)
_11656_/A1                              0.750000    1.667996   -0.917996 (VIOLATED)
_11652_/A2                              0.750000    1.667994   -0.917994 (VIOLATED)
_11651_/A                               0.750000    1.667992   -0.917992 (VIOLATED)
_11647_/A                               0.750000    1.667983   -0.917983 (VIOLATED)
_11648_/A2                              0.750000    1.667982   -0.917982 (VIOLATED)
_10696_/A2                              0.750000    1.667902   -0.917902 (VIOLATED)
_11689_/A2                              0.750000    1.667902   -0.917902 (VIOLATED)
_11643_/A2                              0.750000    1.667899   -0.917899 (VIOLATED)
_11642_/A                               0.750000    1.667871   -0.917871 (VIOLATED)
_11634_/A2                              0.750000    1.667853   -0.917853 (VIOLATED)
_11637_/A                               0.750000    1.667844   -0.917844 (VIOLATED)
_11638_/A2                              0.750000    1.667844   -0.917844 (VIOLATED)
_10752_/B                               0.750000    1.667738   -0.917738 (VIOLATED)
_10690_/B                               0.750000    1.667735   -0.917735 (VIOLATED)
_10691_/A1                              0.750000    1.667735   -0.917735 (VIOLATED)
_10686_/A1                              0.750000    1.667733   -0.917733 (VIOLATED)
_10685_/B                               0.750000    1.667730   -0.917730 (VIOLATED)
_11629_/A                               0.750000    1.667726   -0.917726 (VIOLATED)
_11624_/A2                              0.750000    1.667723   -0.917723 (VIOLATED)
_10756_/B                               0.750000    1.667720   -0.917720 (VIOLATED)
_10757_/A1                              0.750000    1.667719   -0.917719 (VIOLATED)
_11618_/A                               0.750000    1.667718   -0.917718 (VIOLATED)
_11619_/A2                              0.750000    1.667718   -0.917718 (VIOLATED)
_10672_/B                               0.750000    1.667705   -0.917705 (VIOLATED)
_10673_/A1                              0.750000    1.667706   -0.917706 (VIOLATED)
_11613_/A                               0.750000    1.667702   -0.917702 (VIOLATED)
_11609_/A2                              0.750000    1.667692   -0.917692 (VIOLATED)
_11605_/A2                              0.750000    1.667681   -0.917681 (VIOLATED)
_10659_/B                               0.750000    1.667670   -0.917671 (VIOLATED)
_10660_/A1                              0.750000    1.667671   -0.917671 (VIOLATED)
_11599_/A1                              0.750000    1.667670   -0.917670 (VIOLATED)
_11594_/A                               0.750000    1.667658   -0.917658 (VIOLATED)
_11595_/A2                              0.750000    1.667657   -0.917657 (VIOLATED)
_11589_/A                               0.750000    1.667647   -0.917647 (VIOLATED)
_10651_/B                               0.750000    1.667628   -0.917628 (VIOLATED)
_10646_/A1                              0.750000    1.667618   -0.917618 (VIOLATED)
_10652_/A1                              0.750000    1.667618   -0.917618 (VIOLATED)
_10647_/B                               0.750000    1.667614   -0.917614 (VIOLATED)
_11545_/A1                              0.750000    1.667613   -0.917613 (VIOLATED)
_10606_/B                               0.750000    1.667598   -0.917598 (VIOLATED)
_11579_/A                               0.750000    1.667597   -0.917597 (VIOLATED)
_11580_/A2                              0.750000    1.667597   -0.917597 (VIOLATED)
_10642_/A2                              0.750000    1.667596   -0.917596 (VIOLATED)
_10607_/A2                              0.750000    1.667589   -0.917589 (VIOLATED)
_11574_/A                               0.750000    1.667588   -0.917588 (VIOLATED)
_10631_/B                               0.750000    1.667568   -0.917569 (VIOLATED)
_10632_/A1                              0.750000    1.667569   -0.917569 (VIOLATED)
_10636_/B                               0.750000    1.667569   -0.917569 (VIOLATED)
_10637_/A1                              0.750000    1.667569   -0.917569 (VIOLATED)
_11569_/A                               0.750000    1.667566   -0.917566 (VIOLATED)
_11549_/A                               0.750000    1.667555   -0.917555 (VIOLATED)
_10627_/B                               0.750000    1.667552   -0.917552 (VIOLATED)
_11565_/A2                              0.750000    1.667547   -0.917547 (VIOLATED)
_11555_/A2                              0.750000    1.667524   -0.917524 (VIOLATED)
_11559_/A                               0.750000    1.667513   -0.917513 (VIOLATED)
_11560_/A2                              0.750000    1.667498   -0.917499 (VIOLATED)
_10612_/B                               0.750000    1.667485   -0.917485 (VIOLATED)
_10601_/X                               0.750000    1.667467   -0.917467 (VIOLATED)
_10603_/B                               0.750000    1.667467   -0.917467 (VIOLATED)
_10604_/A2                              0.750000    1.667467   -0.917467 (VIOLATED)
_10605_/A2                              0.750000    1.667467   -0.917467 (VIOLATED)
_14168_/S                               0.750000    1.652035   -0.902035 (VIOLATED)
_14170_/S                               0.750000    1.652019   -0.902019 (VIOLATED)
_14172_/S                               0.750000    1.651991   -0.901991 (VIOLATED)
_14177_/S                               0.750000    1.651975   -0.901975 (VIOLATED)
_14160_/S                               0.750000    1.651969   -0.901969 (VIOLATED)
_14162_/S                               0.750000    1.651952   -0.901952 (VIOLATED)
_14169_/S                               0.750000    1.651951   -0.901951 (VIOLATED)
_14171_/S                               0.750000    1.651947   -0.901947 (VIOLATED)
_14176_/S                               0.750000    1.651912   -0.901912 (VIOLATED)
_14163_/S                               0.750000    1.651885   -0.901885 (VIOLATED)
_14175_/S                               0.750000    1.651866   -0.901866 (VIOLATED)
_14178_/S                               0.750000    1.651866   -0.901866 (VIOLATED)
_14167_/S                               0.750000    1.651846   -0.901846 (VIOLATED)
_14174_/S                               0.750000    1.651845   -0.901846 (VIOLATED)
_14150_/S                               0.750000    1.651816   -0.901816 (VIOLATED)
_14166_/S                               0.750000    1.651811   -0.901811 (VIOLATED)
_14152_/S                               0.750000    1.651791   -0.901791 (VIOLATED)
_14154_/S                               0.750000    1.651769   -0.901769 (VIOLATED)
_14158_/S                               0.750000    1.651762   -0.901762 (VIOLATED)
_14155_/S                               0.750000    1.651759   -0.901759 (VIOLATED)
_14161_/S                               0.750000    1.651738   -0.901738 (VIOLATED)
_14157_/S                               0.750000    1.651694   -0.901694 (VIOLATED)
_14153_/S                               0.750000    1.651668   -0.901668 (VIOLATED)
_14151_/S                               0.750000    1.651580   -0.901580 (VIOLATED)
_14173_/S                               0.750000    1.651521   -0.901521 (VIOLATED)
_14179_/S                               0.750000    1.651517   -0.901517 (VIOLATED)
_14165_/S                               0.750000    1.651506   -0.901506 (VIOLATED)
_14164_/S                               0.750000    1.651481   -0.901481 (VIOLATED)
_14156_/S                               0.750000    1.651470   -0.901470 (VIOLATED)
_14149_/S                               0.750000    1.651458   -0.901458 (VIOLATED)
_14148_/S                               0.750000    1.651430   -0.901430 (VIOLATED)
_14147_/X                               0.750000    1.651324   -0.901324 (VIOLATED)
_14159_/S                               0.750000    1.651324   -0.901324 (VIOLATED)
_09647_/A1                              0.750000    1.631887   -0.881887 (VIOLATED)
_09654_/A1                              0.750000    1.631886   -0.881886 (VIOLATED)
_09662_/A1                              0.750000    1.631886   -0.881886 (VIOLATED)
_09639_/A1                              0.750000    1.631884   -0.881884 (VIOLATED)
_09678_/A1                              0.750000    1.631884   -0.881884 (VIOLATED)
_09670_/A1                              0.750000    1.631878   -0.881878 (VIOLATED)
_09623_/A1                              0.750000    1.631873   -0.881873 (VIOLATED)
_09631_/A1                              0.750000    1.631864   -0.881864 (VIOLATED)
_09685_/B2                              0.750000    1.631859   -0.881859 (VIOLATED)
_09615_/A1                              0.750000    1.631849   -0.881849 (VIOLATED)
_09700_/A1                              0.750000    1.631774   -0.881774 (VIOLATED)
_09706_/B1                              0.750000    1.631743   -0.881743 (VIOLATED)
_09608_/A1                              0.750000    1.631737   -0.881737 (VIOLATED)
_09692_/B2                              0.750000    1.631703   -0.881703 (VIOLATED)
_09600_/A1                              0.750000    1.631686   -0.881686 (VIOLATED)
_09584_/A1                              0.750000    1.631662   -0.881662 (VIOLATED)
_09592_/A1                              0.750000    1.631622   -0.881622 (VIOLATED)
_09714_/A1                              0.750000    1.631617   -0.881617 (VIOLATED)
_09568_/B1                              0.750000    1.631559   -0.881559 (VIOLATED)
_09567_/A1                              0.750000    1.631555   -0.881555 (VIOLATED)
_09560_/A1                              0.750000    1.631532   -0.881532 (VIOLATED)
_09515_/A                               0.750000    1.631515   -0.881515 (VIOLATED)
_09516_/B1                              0.750000    1.631515   -0.881515 (VIOLATED)
_12485_/B2                              0.750000    1.631512   -0.881512 (VIOLATED)
_09452_/Y                               0.750000    1.631495   -0.881495 (VIOLATED)
_10836_/A1                              0.750000    1.625736   -0.875736 (VIOLATED)
_10909_/A1                              0.750000    1.625736   -0.875736 (VIOLATED)
_10819_/A1                              0.750000    1.625735   -0.875735 (VIOLATED)
_10874_/A1                              0.750000    1.625735   -0.875735 (VIOLATED)
_10915_/C1                              0.750000    1.625736   -0.875736 (VIOLATED)
_10795_/A1                              0.750000    1.625732   -0.875732 (VIOLATED)
_10802_/C1                              0.750000    1.625731   -0.875731 (VIOLATED)
_10810_/C1                              0.750000    1.625731   -0.875731 (VIOLATED)
_10883_/A1                              0.750000    1.625731   -0.875731 (VIOLATED)
_10865_/A1                              0.750000    1.625730   -0.875730 (VIOLATED)
_10778_/C1                              0.750000    1.625729   -0.875729 (VIOLATED)
_10826_/C1                              0.750000    1.625729   -0.875729 (VIOLATED)
_10786_/C1                              0.750000    1.625726   -0.875726 (VIOLATED)
_10901_/A1                              0.750000    1.625727   -0.875727 (VIOLATED)
_10856_/A1                              0.750000    1.625721   -0.875721 (VIOLATED)
_10892_/A1                              0.750000    1.625722   -0.875722 (VIOLATED)
_10847_/A1                              0.750000    1.625711   -0.875711 (VIOLATED)
_10762_/B                               0.750000    1.625691   -0.875691 (VIOLATED)
_13548_/A2                              0.750000    1.625691   -0.875691 (VIOLATED)
_13549_/A2                              0.750000    1.625691   -0.875691 (VIOLATED)
_10761_/Y                               0.750000    1.625666   -0.875666 (VIOLATED)
_11440_/B1                              0.750000    1.565029   -0.815029 (VIOLATED)
_11448_/A1                              0.750000    1.565029   -0.815029 (VIOLATED)
_11429_/B1                              0.750000    1.565028   -0.815028 (VIOLATED)
_11436_/C                               0.750000    1.565027   -0.815027 (VIOLATED)
_11407_/B1                              0.750000    1.565024   -0.815024 (VIOLATED)
_11412_/B1                              0.750000    1.565024   -0.815024 (VIOLATED)
_11419_/C                               0.750000    1.565024   -0.815024 (VIOLATED)
_11424_/B1                              0.750000    1.565024   -0.815024 (VIOLATED)
_11402_/C                               0.750000    1.565022   -0.815022 (VIOLATED)
_11395_/B1                              0.750000    1.565020   -0.815020 (VIOLATED)
_11390_/B1                              0.750000    1.565017   -0.815017 (VIOLATED)
_11385_/C                               0.750000    1.565007   -0.815008 (VIOLATED)
_11378_/B1                              0.750000    1.565005   -0.815005 (VIOLATED)
_11373_/B1                              0.750000    1.564938   -0.814938 (VIOLATED)
_11367_/B1                              0.750000    1.564932   -0.814932 (VIOLATED)
_11360_/B1                              0.750000    1.564925   -0.814925 (VIOLATED)
_11356_/A1                              0.750000    1.564831   -0.814831 (VIOLATED)
_11345_/B1                              0.750000    1.564828   -0.814828 (VIOLATED)
_11341_/A1                              0.750000    1.564794   -0.814794 (VIOLATED)
_11330_/B1                              0.750000    1.564775   -0.814775 (VIOLATED)
_11251_/Y                               0.750000    1.564656   -0.814656 (VIOLATED)
_11255_/A1                              0.750000    1.564656   -0.814656 (VIOLATED)
_11262_/A1                              0.750000    1.564656   -0.814656 (VIOLATED)
_11267_/C                               0.750000    1.564656   -0.814656 (VIOLATED)
_11272_/B1                              0.750000    1.564656   -0.814656 (VIOLATED)
_11280_/C                               0.750000    1.564656   -0.814656 (VIOLATED)
_11287_/B                               0.750000    1.564656   -0.814656 (VIOLATED)
_11294_/B                               0.750000    1.564656   -0.814656 (VIOLATED)
_11300_/B1                              0.750000    1.564656   -0.814656 (VIOLATED)
_11311_/A1                              0.750000    1.564656   -0.814656 (VIOLATED)
_11318_/A1                              0.750000    1.564656   -0.814656 (VIOLATED)
_11326_/A1                              0.750000    1.564656   -0.814656 (VIOLATED)
_12284_/A2                              0.750000    1.534296   -0.784296 (VIOLATED)
_12306_/A2                              0.750000    1.534296   -0.784296 (VIOLATED)
_12280_/A2                              0.750000    1.534294   -0.784294 (VIOLATED)
_12303_/A2                              0.750000    1.534293   -0.784293 (VIOLATED)
_12256_/B1                              0.750000    1.534287   -0.784287 (VIOLATED)
_12274_/A2                              0.750000    1.534287   -0.784287 (VIOLATED)
_12234_/B1                              0.750000    1.534286   -0.784286 (VIOLATED)
_12294_/A2                              0.750000    1.534286   -0.784286 (VIOLATED)
_12265_/B1                              0.750000    1.534284   -0.784284 (VIOLATED)
_12248_/A2                              0.750000    1.534273   -0.784273 (VIOLATED)
_12241_/A2                              0.750000    1.534261   -0.784261 (VIOLATED)
_12316_/A2                              0.750000    1.534260   -0.784260 (VIOLATED)
_12217_/B1                              0.750000    1.534258   -0.784259 (VIOLATED)
_12225_/A2                              0.750000    1.534253   -0.784253 (VIOLATED)
_12207_/B2                              0.750000    1.534245   -0.784245 (VIOLATED)
_12182_/A2                              0.750000    1.534241   -0.784241 (VIOLATED)
_12201_/A2                              0.750000    1.534235   -0.784235 (VIOLATED)
_12193_/B1                              0.750000    1.534218   -0.784218 (VIOLATED)
_12170_/B1                              0.750000    1.534201   -0.784201 (VIOLATED)
_12159_/A2                              0.750000    1.534186   -0.784186 (VIOLATED)
_12150_/A2                              0.750000    1.534162   -0.784162 (VIOLATED)
_12138_/B1                              0.750000    1.534161   -0.784161 (VIOLATED)
_12103_/A2                              0.750000    1.534127   -0.784127 (VIOLATED)
_12048_/B1                              0.750000    1.534120   -0.784120 (VIOLATED)
_12083_/A2                              0.750000    1.534118   -0.784118 (VIOLATED)
_12065_/A2                              0.750000    1.534114   -0.784114 (VIOLATED)
_11917_/Y                               0.750000    1.534110   -0.784110 (VIOLATED)
_11918_/A                               0.750000    1.534110   -0.784110 (VIOLATED)
_11920_/B1                              0.750000    1.534110   -0.784110 (VIOLATED)
_11981_/B2                              0.750000    1.534110   -0.784110 (VIOLATED)
_12012_/B1                              0.750000    1.534110   -0.784110 (VIOLATED)
_12114_/A2                              0.750000    1.534110   -0.784110 (VIOLATED)
_12126_/B2                              0.750000    1.534110   -0.784110 (VIOLATED)
_13502_/S                               0.750000    1.526837   -0.776837 (VIOLATED)
_13501_/S                               0.750000    1.526824   -0.776824 (VIOLATED)
_13512_/S                               0.750000    1.526820   -0.776820 (VIOLATED)
_13511_/S                               0.750000    1.526817   -0.776817 (VIOLATED)
_13503_/S                               0.750000    1.526810   -0.776810 (VIOLATED)
_13508_/S                               0.750000    1.526787   -0.776787 (VIOLATED)
_13505_/S                               0.750000    1.526784   -0.776784 (VIOLATED)
_13504_/S                               0.750000    1.526747   -0.776747 (VIOLATED)
_13510_/S                               0.750000    1.526737   -0.776737 (VIOLATED)
_13493_/S                               0.750000    1.526731   -0.776731 (VIOLATED)
_13509_/S                               0.750000    1.526723   -0.776723 (VIOLATED)
_13507_/S                               0.750000    1.526716   -0.776716 (VIOLATED)
_13495_/S                               0.750000    1.526693   -0.776693 (VIOLATED)
_13496_/S                               0.750000    1.526666   -0.776666 (VIOLATED)
_13499_/S                               0.750000    1.526628   -0.776628 (VIOLATED)
_13483_/S                               0.750000    1.526607   -0.776607 (VIOLATED)
_13485_/S                               0.750000    1.526526   -0.776526 (VIOLATED)
_13497_/S                               0.750000    1.526379   -0.776379 (VIOLATED)
_13494_/S                               0.750000    1.526375   -0.776375 (VIOLATED)
_13492_/S                               0.750000    1.526163   -0.776163 (VIOLATED)
_13491_/S                               0.750000    1.526156   -0.776156 (VIOLATED)
_13490_/S                               0.750000    1.526117   -0.776117 (VIOLATED)
_13500_/S                               0.750000    1.526014   -0.776015 (VIOLATED)
_13487_/S                               0.750000    1.526011   -0.776012 (VIOLATED)
_13488_/S                               0.750000    1.526008   -0.776007 (VIOLATED)
_13486_/S                               0.750000    1.525997   -0.775997 (VIOLATED)
_13506_/S                               0.750000    1.525994   -0.775994 (VIOLATED)
_13498_/S                               0.750000    1.525991   -0.775991 (VIOLATED)
_13484_/S                               0.750000    1.525982   -0.775982 (VIOLATED)
_13482_/S                               0.750000    1.525976   -0.775976 (VIOLATED)
_13489_/S                               0.750000    1.525974   -0.775974 (VIOLATED)
_13481_/S                               0.750000    1.525970   -0.775971 (VIOLATED)
_13480_/X                               0.750000    1.525968   -0.775968 (VIOLATED)
_13606_/S                               0.750000    1.525122   -0.775122 (VIOLATED)
_13608_/S                               0.750000    1.525105   -0.775106 (VIOLATED)
_13614_/S                               0.750000    1.525088   -0.775088 (VIOLATED)
_13605_/S                               0.750000    1.525080   -0.775080 (VIOLATED)
_13607_/S                               0.750000    1.525075   -0.775075 (VIOLATED)
_13613_/S                               0.750000    1.525043   -0.775043 (VIOLATED)
_13609_/S                               0.750000    1.525040   -0.775040 (VIOLATED)
_13597_/S                               0.750000    1.524907   -0.774907 (VIOLATED)
_13611_/S                               0.750000    1.524840   -0.774840 (VIOLATED)
_13599_/S                               0.750000    1.524830   -0.774830 (VIOLATED)
_13612_/S                               0.750000    1.524803   -0.774803 (VIOLATED)
_13615_/S                               0.750000    1.524800   -0.774800 (VIOLATED)
_13616_/S                               0.750000    1.524787   -0.774787 (VIOLATED)
_13610_/S                               0.750000    1.524780   -0.774780 (VIOLATED)
_13589_/S                               0.750000    1.524753   -0.774753 (VIOLATED)
_13602_/S                               0.750000    1.524689   -0.774689 (VIOLATED)
_13598_/S                               0.750000    1.524628   -0.774628 (VIOLATED)
_13603_/S                               0.750000    1.524608   -0.774608 (VIOLATED)
_13601_/S                               0.750000    1.524561   -0.774561 (VIOLATED)
_13586_/S                               0.750000    1.524417   -0.774417 (VIOLATED)
_13600_/S                               0.750000    1.524308   -0.774308 (VIOLATED)
_13604_/S                               0.750000    1.524306   -0.774306 (VIOLATED)
_13592_/S                               0.750000    1.524294   -0.774294 (VIOLATED)
_13591_/S                               0.750000    1.524286   -0.774286 (VIOLATED)
_13587_/S                               0.750000    1.524280   -0.774280 (VIOLATED)
_13590_/S                               0.750000    1.524279   -0.774279 (VIOLATED)
_13595_/S                               0.750000    1.524248   -0.774248 (VIOLATED)
_13596_/S                               0.750000    1.524224   -0.774224 (VIOLATED)
_13594_/S                               0.750000    1.524219   -0.774219 (VIOLATED)
_13588_/S                               0.750000    1.524166   -0.774166 (VIOLATED)
_13593_/S                               0.750000    1.524099   -0.774099 (VIOLATED)
_13585_/S                               0.750000    1.524028   -0.774028 (VIOLATED)
_13584_/X                               0.750000    1.523986   -0.773986 (VIOLATED)
_13318_/S                               0.750000    1.517232   -0.767232 (VIOLATED)
_13350_/S                               0.750000    1.517231   -0.767232 (VIOLATED)
_13328_/S                               0.750000    1.517228   -0.767228 (VIOLATED)
_13360_/S                               0.750000    1.517226   -0.767226 (VIOLATED)
_13334_/S                               0.750000    1.517219   -0.767219 (VIOLATED)
_13366_/S                               0.750000    1.517213   -0.767213 (VIOLATED)
_13316_/S                               0.750000    1.517201   -0.767201 (VIOLATED)
_13354_/S                               0.750000    1.517202   -0.767202 (VIOLATED)
_13326_/S                               0.750000    1.517200   -0.767201 (VIOLATED)
_13348_/S                               0.750000    1.517199   -0.767199 (VIOLATED)
_13330_/S                               0.750000    1.517197   -0.767197 (VIOLATED)
_13358_/S                               0.750000    1.517197   -0.767197 (VIOLATED)
_13322_/S                               0.750000    1.517194   -0.767194 (VIOLATED)
_13362_/S                               0.750000    1.517191   -0.767191 (VIOLATED)
_13356_/S                               0.750000    1.517187   -0.767187 (VIOLATED)
_13364_/S                               0.750000    1.517185   -0.767185 (VIOLATED)
_13332_/S                               0.750000    1.517179   -0.767179 (VIOLATED)
_13324_/S                               0.750000    1.517174   -0.767174 (VIOLATED)
_13352_/S                               0.750000    1.517167   -0.767167 (VIOLATED)
_13336_/S                               0.750000    1.517162   -0.767162 (VIOLATED)
_13320_/S                               0.750000    1.517152   -0.767152 (VIOLATED)
_13368_/S                               0.750000    1.517129   -0.767129 (VIOLATED)
_13370_/S                               0.750000    1.517106   -0.767106 (VIOLATED)
_13338_/S                               0.750000    1.517086   -0.767086 (VIOLATED)
_13340_/S                               0.750000    1.517069   -0.767069 (VIOLATED)
_13372_/S                               0.750000    1.517054   -0.767054 (VIOLATED)
_13374_/S                               0.750000    1.517010   -0.767010 (VIOLATED)
_13342_/S                               0.750000    1.516979   -0.766979 (VIOLATED)
_13314_/S                               0.750000    1.516956   -0.766956 (VIOLATED)
_13312_/S                               0.750000    1.516947   -0.766947 (VIOLATED)
_13344_/S                               0.750000    1.516930   -0.766930 (VIOLATED)
_13346_/S                               0.750000    1.516925   -0.766925 (VIOLATED)
_13309_/S                               0.750000    1.516914   -0.766914 (VIOLATED)
_13307_/X                               0.750000    1.516909   -0.766909 (VIOLATED)
_13261_/S                               0.750000    1.481385   -0.731385 (VIOLATED)
_13281_/S                               0.750000    1.481385   -0.731385 (VIOLATED)
_13266_/S                               0.750000    1.481382   -0.731382 (VIOLATED)
_13279_/S                               0.750000    1.481381   -0.731381 (VIOLATED)
_13291_/S                               0.750000    1.481381   -0.731381 (VIOLATED)
_13260_/S                               0.750000    1.481379   -0.731379 (VIOLATED)
_13269_/S                               0.750000    1.481378   -0.731378 (VIOLATED)
_13297_/S                               0.750000    1.481377   -0.731377 (VIOLATED)
_13293_/S                               0.750000    1.481372   -0.731373 (VIOLATED)
_13265_/S                               0.750000    1.481371   -0.731371 (VIOLATED)
_13267_/S                               0.750000    1.481367   -0.731367 (VIOLATED)
_13289_/S                               0.750000    1.481367   -0.731367 (VIOLATED)
_13287_/S                               0.750000    1.481353   -0.731353 (VIOLATED)
_13264_/S                               0.750000    1.481342   -0.731342 (VIOLATED)
_13263_/S                               0.750000    1.481329   -0.731329 (VIOLATED)
_13285_/S                               0.750000    1.481330   -0.731330 (VIOLATED)
_13295_/S                               0.750000    1.481326   -0.731326 (VIOLATED)
_13268_/S                               0.750000    1.481324   -0.731324 (VIOLATED)
_13283_/S                               0.750000    1.481309   -0.731309 (VIOLATED)
_13262_/S                               0.750000    1.481294   -0.731294 (VIOLATED)
_13299_/S                               0.750000    1.481271   -0.731271 (VIOLATED)
_13270_/S                               0.750000    1.481264   -0.731264 (VIOLATED)
_13301_/S                               0.750000    1.481242   -0.731242 (VIOLATED)
_13271_/S                               0.750000    1.481228   -0.731228 (VIOLATED)
_13272_/S                               0.750000    1.481205   -0.731205 (VIOLATED)
_13303_/S                               0.750000    1.481201   -0.731201 (VIOLATED)
_13305_/S                               0.750000    1.481170   -0.731170 (VIOLATED)
_13273_/S                               0.750000    1.481159   -0.731159 (VIOLATED)
_13259_/S                               0.750000    1.481129   -0.731129 (VIOLATED)
_13258_/S                               0.750000    1.481117   -0.731117 (VIOLATED)
_13275_/S                               0.750000    1.481110   -0.731110 (VIOLATED)
_13277_/S                               0.750000    1.481109   -0.731109 (VIOLATED)
_13310_/S                               0.750000    1.481104   -0.731104 (VIOLATED)
_13257_/X                               0.750000    1.481099   -0.731099 (VIOLATED)
_12573_/S                               0.750000    1.456144   -0.706144 (VIOLATED)
_12569_/A2                              0.750000    1.456143   -0.706143 (VIOLATED)
_12568_/B1                              0.750000    1.456141   -0.706141 (VIOLATED)
_12577_/A2                              0.750000    1.456138   -0.706138 (VIOLATED)
_12576_/B1                              0.750000    1.456135   -0.706135 (VIOLATED)
_12564_/B1                              0.750000    1.456130   -0.706130 (VIOLATED)
_12565_/A2                              0.750000    1.456125   -0.706125 (VIOLATED)
_12581_/A2                              0.750000    1.456111   -0.706111 (VIOLATED)
_12585_/S                               0.750000    1.456111   -0.706111 (VIOLATED)
_12580_/B1                              0.750000    1.456109   -0.706109 (VIOLATED)
_12588_/B1                              0.750000    1.456087   -0.706087 (VIOLATED)
_12589_/A2                              0.750000    1.456085   -0.706085 (VIOLATED)
_12561_/S                               0.750000    1.456062   -0.706062 (VIOLATED)
_12557_/A2                              0.750000    1.456023   -0.706023 (VIOLATED)
_12556_/B1                              0.750000    1.456015   -0.706015 (VIOLATED)
_12553_/A2                              0.750000    1.455789   -0.705789 (VIOLATED)
_12552_/B1                              0.750000    1.455770   -0.705770 (VIOLATED)
_12549_/S                               0.750000    1.455699   -0.705699 (VIOLATED)
_12597_/S                               0.750000    1.455310   -0.705311 (VIOLATED)
_12592_/B1                              0.750000    1.455287   -0.705287 (VIOLATED)
_12593_/A2                              0.750000    1.455263   -0.705263 (VIOLATED)
_12600_/B1                              0.750000    1.455144   -0.705144 (VIOLATED)
_12605_/S                               0.750000    1.455125   -0.705125 (VIOLATED)
_12601_/A2                              0.750000    1.455084   -0.705084 (VIOLATED)
_12545_/A2                              0.750000    1.454130   -0.704130 (VIOLATED)
_12544_/B1                              0.750000    1.454086   -0.704086 (VIOLATED)
_12540_/B1                              0.750000    1.454010   -0.704010 (VIOLATED)
_12541_/A2                              0.750000    1.454009   -0.704009 (VIOLATED)
_12536_/C1                              0.750000    1.453935   -0.703935 (VIOLATED)
_12537_/A2                              0.750000    1.453915   -0.703915 (VIOLATED)
_12533_/A2                              0.750000    1.453051   -0.703051 (VIOLATED)
_12532_/B1                              0.750000    1.452985   -0.702985 (VIOLATED)
_12529_/A2                              0.750000    1.452875   -0.702875 (VIOLATED)
_12528_/B1                              0.750000    1.452857   -0.702857 (VIOLATED)
_12525_/A2                              0.750000    1.452779   -0.702779 (VIOLATED)
_12524_/B1                              0.750000    1.452767   -0.702768 (VIOLATED)
_12521_/A2                              0.750000    1.452164   -0.702164 (VIOLATED)
_12520_/B1                              0.750000    1.452141   -0.702141 (VIOLATED)
_12516_/C1                              0.750000    1.452077   -0.702077 (VIOLATED)
_12517_/A2                              0.750000    1.452062   -0.702062 (VIOLATED)
_12513_/A2                              0.750000    1.451559   -0.701559 (VIOLATED)
_12512_/B1                              0.750000    1.451523   -0.701523 (VIOLATED)
_12509_/S                               0.750000    1.451366   -0.701366 (VIOLATED)
_12505_/B1                              0.750000    1.451267   -0.701267 (VIOLATED)
_12506_/A2                              0.750000    1.451259   -0.701259 (VIOLATED)
_12498_/A2                              0.750000    1.451223   -0.701223 (VIOLATED)
_12497_/B1                              0.750000    1.451220   -0.701220 (VIOLATED)
_12502_/B2                              0.750000    1.451210   -0.701211 (VIOLATED)
_12501_/B1                              0.750000    1.451209   -0.701209 (VIOLATED)
_12494_/B2                              0.750000    1.451165   -0.701165 (VIOLATED)
_12493_/B1                              0.750000    1.451163   -0.701163 (VIOLATED)
_12489_/B1                              0.750000    1.451149   -0.701149 (VIOLATED)
_12490_/B2                              0.750000    1.451146   -0.701146 (VIOLATED)
_12486_/S                               0.750000    1.451114   -0.701114 (VIOLATED)
_12481_/X                               0.750000    1.451112   -0.701112 (VIOLATED)
_13707_/S                               0.750000    1.447180   -0.697180 (VIOLATED)
_13706_/S                               0.750000    1.447179   -0.697179 (VIOLATED)
_13709_/S                               0.750000    1.447170   -0.697170 (VIOLATED)
_13715_/S                               0.750000    1.447144   -0.697144 (VIOLATED)
_13714_/S                               0.750000    1.447125   -0.697125 (VIOLATED)
_13717_/S                               0.750000    1.447096   -0.697096 (VIOLATED)
_13716_/S                               0.750000    1.447092   -0.697092 (VIOLATED)
_13710_/S                               0.750000    1.447084   -0.697084 (VIOLATED)
_13708_/S                               0.750000    1.447081   -0.697081 (VIOLATED)
_13713_/S                               0.750000    1.447078   -0.697078 (VIOLATED)
_13701_/S                               0.750000    1.447066   -0.697066 (VIOLATED)
_13700_/S                               0.750000    1.447049   -0.697049 (VIOLATED)
_13698_/S                               0.750000    1.447046   -0.697046 (VIOLATED)
_13705_/S                               0.750000    1.447046   -0.697046 (VIOLATED)
_13712_/S                               0.750000    1.447043   -0.697043 (VIOLATED)
_13690_/S                               0.750000    1.447032   -0.697032 (VIOLATED)
_13688_/S                               0.750000    1.447001   -0.697001 (VIOLATED)
_13711_/S                               0.750000    1.446966   -0.696966 (VIOLATED)
_13703_/S                               0.750000    1.446956   -0.696956 (VIOLATED)
_13704_/S                               0.750000    1.446934   -0.696934 (VIOLATED)
_13702_/S                               0.750000    1.446930   -0.696930 (VIOLATED)
_13696_/S                               0.750000    1.446911   -0.696911 (VIOLATED)
_13687_/S                               0.750000    1.446904   -0.696904 (VIOLATED)
_13692_/S                               0.750000    1.446904   -0.696904 (VIOLATED)
_13699_/S                               0.750000    1.446859   -0.696859 (VIOLATED)
_13693_/S                               0.750000    1.446769   -0.696770 (VIOLATED)
_13691_/S                               0.750000    1.446743   -0.696743 (VIOLATED)
_13695_/S                               0.750000    1.446712   -0.696712 (VIOLATED)
_13697_/S                               0.750000    1.446682   -0.696682 (VIOLATED)
_13689_/S                               0.750000    1.446634   -0.696634 (VIOLATED)
_13694_/S                               0.750000    1.446583   -0.696583 (VIOLATED)
_13685_/X                               0.750000    1.446565   -0.696565 (VIOLATED)
_13686_/S                               0.750000    1.446565   -0.696565 (VIOLATED)
_11381_/B2                              0.750000    1.440906   -0.690906 (VIOLATED)
_11398_/B2                              0.750000    1.440906   -0.690906 (VIOLATED)
_11404_/B2                              0.750000    1.440906   -0.690906 (VIOLATED)
_11415_/B2                              0.750000    1.440906   -0.690906 (VIOLATED)
_11421_/B2                              0.750000    1.440905   -0.690905 (VIOLATED)
_11438_/B2                              0.750000    1.440906   -0.690906 (VIOLATED)
_11376_/B2                              0.750000    1.440904   -0.690904 (VIOLATED)
_11387_/B2                              0.750000    1.440904   -0.690904 (VIOLATED)
_11393_/B2                              0.750000    1.440904   -0.690904 (VIOLATED)
_11427_/B2                              0.750000    1.440904   -0.690904 (VIOLATED)
_11410_/B2                              0.750000    1.440901   -0.690901 (VIOLATED)
_11432_/B2                              0.750000    1.440887   -0.690887 (VIOLATED)
_11443_/B2                              0.750000    1.440884   -0.690884 (VIOLATED)
_11364_/B2                              0.750000    1.440844   -0.690844 (VIOLATED)
_11370_/B2                              0.750000    1.440843   -0.690843 (VIOLATED)
_11449_/B2                              0.750000    1.440815   -0.690815 (VIOLATED)
_11349_/B2                              0.750000    1.440782   -0.690782 (VIOLATED)
_11357_/B2                              0.750000    1.440777   -0.690777 (VIOLATED)
_11342_/B2                              0.750000    1.440760   -0.690760 (VIOLATED)
_11708_/A2                              0.750000    1.440755   -0.690755 (VIOLATED)
_11334_/B2                              0.750000    1.440725   -0.690725 (VIOLATED)
_11327_/B2                              0.750000    1.440680   -0.690680 (VIOLATED)
_11312_/B2                              0.750000    1.440677   -0.690677 (VIOLATED)
_11304_/B2                              0.750000    1.440658   -0.690658 (VIOLATED)
_11297_/B2                              0.750000    1.440635   -0.690635 (VIOLATED)
_11319_/B2                              0.750000    1.440626   -0.690626 (VIOLATED)
_11248_/B2                              0.750000    1.440611   -0.690611 (VIOLATED)
_11693_/B2                              0.750000    1.440612   -0.690612 (VIOLATED)
_11256_/B2                              0.750000    1.440611   -0.690611 (VIOLATED)
_11263_/B2                              0.750000    1.440611   -0.690611 (VIOLATED)
_11270_/B2                              0.750000    1.440611   -0.690611 (VIOLATED)
_11276_/B2                              0.750000    1.440611   -0.690611 (VIOLATED)
_11283_/B2                              0.750000    1.440611   -0.690611 (VIOLATED)
_11290_/B2                              0.750000    1.440610   -0.690610 (VIOLATED)
_09848_/Y                               0.750000    1.440608   -0.690608 (VIOLATED)
_12983_/A2                              0.750000    1.427423   -0.677423 (VIOLATED)
_12991_/A2                              0.750000    1.427423   -0.677423 (VIOLATED)
_13030_/B1                              0.750000    1.427423   -0.677423 (VIOLATED)
_13031_/A2                              0.750000    1.427423   -0.677423 (VIOLATED)
_12905_/A2                              0.750000    1.427422   -0.677422 (VIOLATED)
_12908_/A1                              0.750000    1.427422   -0.677422 (VIOLATED)
_13069_/A2                              0.750000    1.427422   -0.677422 (VIOLATED)
_12910_/A                               0.750000    1.427421   -0.677421 (VIOLATED)
_12855_/A                               0.750000    1.427420   -0.677420 (VIOLATED)
_12864_/A                               0.750000    1.427418   -0.677418 (VIOLATED)
_13017_/A                               0.750000    1.427418   -0.677418 (VIOLATED)
_13093_/C1                              0.750000    1.427418   -0.677418 (VIOLATED)
_12865_/A2                              0.750000    1.427417   -0.677417 (VIOLATED)
_13080_/B1                              0.750000    1.427417   -0.677417 (VIOLATED)
_12875_/A2                              0.750000    1.427416   -0.677416 (VIOLATED)
_13124_/C1                              0.750000    1.427417   -0.677417 (VIOLATED)
_13133_/A2                              0.750000    1.427416   -0.677416 (VIOLATED)
_12823_/A                               0.750000    1.427415   -0.677415 (VIOLATED)
_12851_/A2                              0.750000    1.427415   -0.677415 (VIOLATED)
_12824_/A2                              0.750000    1.427415   -0.677415 (VIOLATED)
_12866_/A                               0.750000    1.427415   -0.677415 (VIOLATED)
_12826_/A                               0.750000    1.427414   -0.677414 (VIOLATED)
_12933_/B1                              0.750000    1.427414   -0.677414 (VIOLATED)
_12834_/C1                              0.750000    1.427414   -0.677414 (VIOLATED)
_12934_/A2                              0.750000    1.427414   -0.677414 (VIOLATED)
_09879_/Y                               0.750000    1.427412   -0.677412 (VIOLATED)
_12889_/A2                              0.750000    1.427412   -0.677412 (VIOLATED)
_12912_/A                               0.750000    1.427413   -0.677413 (VIOLATED)
_12922_/A2                              0.750000    1.427413   -0.677413 (VIOLATED)
_12928_/A2                              0.750000    1.427412   -0.677412 (VIOLATED)
_13125_/A2                              0.750000    1.427412   -0.677412 (VIOLATED)
_13136_/B1                              0.750000    1.427412   -0.677412 (VIOLATED)
_13138_/S                               0.750000    1.427412   -0.677412 (VIOLATED)
_13174_/A2                              0.750000    1.427412   -0.677412 (VIOLATED)
_13187_/A2                              0.750000    1.427412   -0.677412 (VIOLATED)
_14136_/S                               0.750000    1.426082   -0.676082 (VIOLATED)
_14135_/S                               0.750000    1.426077   -0.676077 (VIOLATED)
_14137_/S                               0.750000    1.426053   -0.676053 (VIOLATED)
_14138_/S                               0.750000    1.426045   -0.676045 (VIOLATED)
_14144_/S                               0.750000    1.426032   -0.676032 (VIOLATED)
_14143_/S                               0.750000    1.426022   -0.676022 (VIOLATED)
_14139_/S                               0.750000    1.426002   -0.676002 (VIOLATED)
_14127_/S                               0.750000    1.425885   -0.675885 (VIOLATED)
_14142_/S                               0.750000    1.425882   -0.675882 (VIOLATED)
_14145_/S                               0.750000    1.425880   -0.675880 (VIOLATED)
_14146_/S                               0.750000    1.425857   -0.675857 (VIOLATED)
_14140_/S                               0.750000    1.425852   -0.675852 (VIOLATED)
_14132_/S                               0.750000    1.425808   -0.675808 (VIOLATED)
_14117_/S                               0.750000    1.425765   -0.675765 (VIOLATED)
_14131_/S                               0.750000    1.425751   -0.675751 (VIOLATED)
_14141_/S                               0.750000    1.425724   -0.675724 (VIOLATED)
_14125_/S                               0.750000    1.425713   -0.675713 (VIOLATED)
_14129_/S                               0.750000    1.425710   -0.675710 (VIOLATED)
_14119_/S                               0.750000    1.425691   -0.675691 (VIOLATED)
_14130_/S                               0.750000    1.425683   -0.675683 (VIOLATED)
_14128_/S                               0.750000    1.425677   -0.675677 (VIOLATED)
_14134_/S                               0.750000    1.425675   -0.675675 (VIOLATED)
_14133_/S                               0.750000    1.425675   -0.675675 (VIOLATED)
_14116_/S                               0.750000    1.425668   -0.675668 (VIOLATED)
_14121_/S                               0.750000    1.425657   -0.675657 (VIOLATED)
_14120_/S                               0.750000    1.425636   -0.675636 (VIOLATED)
_14122_/S                               0.750000    1.425617   -0.675617 (VIOLATED)
_14124_/S                               0.750000    1.425594   -0.675594 (VIOLATED)
_14126_/S                               0.750000    1.425593   -0.675593 (VIOLATED)
_14115_/S                               0.750000    1.425516   -0.675516 (VIOLATED)
_14118_/S                               0.750000    1.425501   -0.675501 (VIOLATED)
_14123_/S                               0.750000    1.425469   -0.675469 (VIOLATED)
_14114_/X                               0.750000    1.425463   -0.675463 (VIOLATED)
_10947_/S                               0.750000    1.421998   -0.671998 (VIOLATED)
_10939_/S                               0.750000    1.421995   -0.671995 (VIOLATED)
_10935_/S                               0.750000    1.421984   -0.671984 (VIOLATED)
_10971_/S                               0.750000    1.421948   -0.671948 (VIOLATED)
_10951_/S                               0.750000    1.421927   -0.671927 (VIOLATED)
_10959_/S                               0.750000    1.421895   -0.671895 (VIOLATED)
_10902_/S                               0.750000    1.421789   -0.671789 (VIOLATED)
_10967_/S                               0.750000    1.421778   -0.671778 (VIOLATED)
_10910_/S                               0.750000    1.421771   -0.671771 (VIOLATED)
_10884_/S                               0.750000    1.421749   -0.671749 (VIOLATED)
_10943_/S                               0.750000    1.421724   -0.671724 (VIOLATED)
_10812_/S                               0.750000    1.421719   -0.671719 (VIOLATED)
_10963_/S                               0.750000    1.421713   -0.671713 (VIOLATED)
_10975_/S                               0.750000    1.421694   -0.671694 (VIOLATED)
_10925_/S                               0.750000    1.421628   -0.671628 (VIOLATED)
_10796_/S                               0.750000    1.421596   -0.671596 (VIOLATED)
_10866_/S                               0.750000    1.421561   -0.671561 (VIOLATED)
_10893_/S                               0.750000    1.421535   -0.671535 (VIOLATED)
_10857_/S                               0.750000    1.421375   -0.671375 (VIOLATED)
_10929_/S                               0.750000    1.421263   -0.671263 (VIOLATED)
_10828_/S                               0.750000    1.421259   -0.671259 (VIOLATED)
_10837_/S                               0.750000    1.421255   -0.671255 (VIOLATED)
_10820_/S                               0.750000    1.421242   -0.671242 (VIOLATED)
_10875_/S                               0.750000    1.421229   -0.671229 (VIOLATED)
_10955_/S                               0.750000    1.421224   -0.671224 (VIOLATED)
_10804_/S                               0.750000    1.421222   -0.671222 (VIOLATED)
_10979_/S                               0.750000    1.421222   -0.671222 (VIOLATED)
_10921_/S                               0.750000    1.421219   -0.671219 (VIOLATED)
_10917_/S                               0.750000    1.421204   -0.671204 (VIOLATED)
_10788_/S                               0.750000    1.421193   -0.671193 (VIOLATED)
_10848_/S                               0.750000    1.421189   -0.671189 (VIOLATED)
_10780_/S                               0.750000    1.421186   -0.671186 (VIOLATED)
_10764_/X                               0.750000    1.421183   -0.671183 (VIOLATED)
_14036_/S                               0.750000    1.420205   -0.670205 (VIOLATED)
_14043_/S                               0.750000    1.420200   -0.670200 (VIOLATED)
_14038_/S                               0.750000    1.420181   -0.670181 (VIOLATED)
_14040_/S                               0.750000    1.420159   -0.670159 (VIOLATED)
_14030_/S                               0.750000    1.420107   -0.670107 (VIOLATED)
_14046_/S                               0.750000    1.420104   -0.670104 (VIOLATED)
_14047_/S                               0.750000    1.420103   -0.670103 (VIOLATED)
_14042_/S                               0.750000    1.420094   -0.670094 (VIOLATED)
_14039_/S                               0.750000    1.420056   -0.670056 (VIOLATED)
_14037_/S                               0.750000    1.420055   -0.670055 (VIOLATED)
_14045_/S                               0.750000    1.420034   -0.670034 (VIOLATED)
_14034_/S                               0.750000    1.420027   -0.670027 (VIOLATED)
_14028_/S                               0.750000    1.419986   -0.669987 (VIOLATED)
_14029_/S                               0.750000    1.419979   -0.669979 (VIOLATED)
_14041_/S                               0.750000    1.419932   -0.669932 (VIOLATED)
_14020_/S                               0.750000    1.419925   -0.669925 (VIOLATED)
_14044_/S                               0.750000    1.419925   -0.669925 (VIOLATED)
_14033_/S                               0.750000    1.419921   -0.669921 (VIOLATED)
_14031_/S                               0.750000    1.419918   -0.669918 (VIOLATED)
_14032_/S                               0.750000    1.419906   -0.669906 (VIOLATED)
_14035_/S                               0.750000    1.419900   -0.669900 (VIOLATED)
_14022_/S                               0.750000    1.419891   -0.669891 (VIOLATED)
_14018_/S                               0.750000    1.419875   -0.669875 (VIOLATED)
_14026_/S                               0.750000    1.419868   -0.669868 (VIOLATED)
_14023_/S                               0.750000    1.419866   -0.669866 (VIOLATED)
_14021_/S                               0.750000    1.419840   -0.669840 (VIOLATED)
_14027_/S                               0.750000    1.419820   -0.669820 (VIOLATED)
_14017_/S                               0.750000    1.419762   -0.669762 (VIOLATED)
_14019_/S                               0.750000    1.419726   -0.669726 (VIOLATED)
_14025_/S                               0.750000    1.419712   -0.669712 (VIOLATED)
_14024_/S                               0.750000    1.419704   -0.669704 (VIOLATED)
_14015_/X                               0.750000    1.419692   -0.669692 (VIOLATED)
_14016_/S                               0.750000    1.419692   -0.669692 (VIOLATED)
_11248_/C1                              0.750000    1.418901   -0.668901 (VIOLATED)
_11263_/C1                              0.750000    1.418900   -0.668900 (VIOLATED)
_11256_/C1                              0.750000    1.418900   -0.668900 (VIOLATED)
_11270_/C1                              0.750000    1.418899   -0.668899 (VIOLATED)
_11276_/C1                              0.750000    1.418899   -0.668899 (VIOLATED)
_11283_/C1                              0.750000    1.418898   -0.668899 (VIOLATED)
_11290_/C1                              0.750000    1.418898   -0.668898 (VIOLATED)
_11319_/C1                              0.750000    1.418890   -0.668890 (VIOLATED)
_11297_/C1                              0.750000    1.418887   -0.668887 (VIOLATED)
_11304_/C1                              0.750000    1.418879   -0.668879 (VIOLATED)
_11312_/C1                              0.750000    1.418873   -0.668873 (VIOLATED)
_11327_/C1                              0.750000    1.418872   -0.668872 (VIOLATED)
_11334_/C1                              0.750000    1.418862   -0.668862 (VIOLATED)
_11342_/C1                              0.750000    1.418855   -0.668855 (VIOLATED)
_11376_/C1                              0.750000    1.418855   -0.668855 (VIOLATED)
_11381_/C1                              0.750000    1.418855   -0.668855 (VIOLATED)
_11387_/C1                              0.750000    1.418855   -0.668855 (VIOLATED)
_11393_/C1                              0.750000    1.418855   -0.668855 (VIOLATED)
_11398_/C1                              0.750000    1.418855   -0.668855 (VIOLATED)
_11404_/C1                              0.750000    1.418855   -0.668855 (VIOLATED)
_11415_/C1                              0.750000    1.418855   -0.668855 (VIOLATED)
_11410_/C1                              0.750000    1.418854   -0.668855 (VIOLATED)
_11421_/C1                              0.750000    1.418855   -0.668855 (VIOLATED)
_11427_/C1                              0.750000    1.418855   -0.668855 (VIOLATED)
_11438_/C1                              0.750000    1.418855   -0.668855 (VIOLATED)
_11432_/C1                              0.750000    1.418853   -0.668853 (VIOLATED)
_11349_/C1                              0.750000    1.418852   -0.668852 (VIOLATED)
_11357_/C1                              0.750000    1.418853   -0.668853 (VIOLATED)
_11443_/C1                              0.750000    1.418853   -0.668853 (VIOLATED)
_11244_/Y                               0.750000    1.418849   -0.668849 (VIOLATED)
_11364_/C1                              0.750000    1.418849   -0.668849 (VIOLATED)
_11370_/C1                              0.750000    1.418849   -0.668849 (VIOLATED)
_11449_/C1                              0.750000    1.418849   -0.668849 (VIOLATED)
_13904_/S                               0.750000    1.414540   -0.664540 (VIOLATED)
_13914_/S                               0.750000    1.414525   -0.664525 (VIOLATED)
_13906_/S                               0.750000    1.414521   -0.664521 (VIOLATED)
_13911_/S                               0.750000    1.414519   -0.664519 (VIOLATED)
_13908_/S                               0.750000    1.414512   -0.664512 (VIOLATED)
_13910_/S                               0.750000    1.414465   -0.664465 (VIOLATED)
_13898_/S                               0.750000    1.414423   -0.664423 (VIOLATED)
_13902_/S                               0.750000    1.414394   -0.664394 (VIOLATED)
_13905_/S                               0.750000    1.414360   -0.664360 (VIOLATED)
_13907_/S                               0.750000    1.414349   -0.664349 (VIOLATED)
_13913_/S                               0.750000    1.414333   -0.664333 (VIOLATED)
_13912_/S                               0.750000    1.414324   -0.664324 (VIOLATED)
_13899_/S                               0.750000    1.414295   -0.664295 (VIOLATED)
_13909_/S                               0.750000    1.414280   -0.664280 (VIOLATED)
_13915_/S                               0.750000    1.414279   -0.664279 (VIOLATED)
_13901_/S                               0.750000    1.414258   -0.664258 (VIOLATED)
_13900_/S                               0.750000    1.414238   -0.664238 (VIOLATED)
_13903_/S                               0.750000    1.414228   -0.664228 (VIOLATED)
_13885_/S                               0.750000    1.414215   -0.664215 (VIOLATED)
_13890_/S                               0.750000    1.414212   -0.664212 (VIOLATED)
_13897_/S                               0.750000    1.414198   -0.664198 (VIOLATED)
_13891_/S                               0.750000    1.414179   -0.664179 (VIOLATED)
_13889_/S                               0.750000    1.414142   -0.664142 (VIOLATED)
_13896_/S                               0.750000    1.414134   -0.664134 (VIOLATED)
_13886_/S                               0.750000    1.414128   -0.664128 (VIOLATED)
_13888_/S                               0.750000    1.414118   -0.664118 (VIOLATED)
_13894_/S                               0.750000    1.414104   -0.664104 (VIOLATED)
_13893_/S                               0.750000    1.414043   -0.664043 (VIOLATED)
_13895_/S                               0.750000    1.414028   -0.664028 (VIOLATED)
_13887_/S                               0.750000    1.414025   -0.664025 (VIOLATED)
_13884_/S                               0.750000    1.413997   -0.663997 (VIOLATED)
_13892_/S                               0.750000    1.413959   -0.663959 (VIOLATED)
_13883_/X                               0.750000    1.413949   -0.663949 (VIOLATED)
_13871_/S                               0.750000    1.411740   -0.661740 (VIOLATED)
_13873_/S                               0.750000    1.411736   -0.661736 (VIOLATED)
_13878_/S                               0.750000    1.411722   -0.661722 (VIOLATED)
_13881_/S                               0.750000    1.411687   -0.661687 (VIOLATED)
_13876_/S                               0.750000    1.411685   -0.661685 (VIOLATED)
_13882_/S                               0.750000    1.411607   -0.661607 (VIOLATED)
_13877_/S                               0.750000    1.411525   -0.661525 (VIOLATED)
_13869_/S                               0.750000    1.411492   -0.661492 (VIOLATED)
_13868_/S                               0.750000    1.411426   -0.661426 (VIOLATED)
_13875_/S                               0.750000    1.411423   -0.661423 (VIOLATED)
_13872_/S                               0.750000    1.411418   -0.661418 (VIOLATED)
_13867_/S                               0.750000    1.411415   -0.661415 (VIOLATED)
_13865_/S                               0.750000    1.411409   -0.661409 (VIOLATED)
_13874_/S                               0.750000    1.411405   -0.661406 (VIOLATED)
_13880_/S                               0.750000    1.411380   -0.661380 (VIOLATED)
_13855_/S                               0.750000    1.411376   -0.661376 (VIOLATED)
_13879_/S                               0.750000    1.411354   -0.661354 (VIOLATED)
_13864_/S                               0.750000    1.411351   -0.661351 (VIOLATED)
_13863_/S                               0.750000    1.411329   -0.661329 (VIOLATED)
_13866_/S                               0.750000    1.411320   -0.661320 (VIOLATED)
_13870_/S                               0.750000    1.411275   -0.661275 (VIOLATED)
_13853_/S                               0.750000    1.411228   -0.661228 (VIOLATED)
_13852_/S                               0.750000    1.411220   -0.661220 (VIOLATED)
_13860_/S                               0.750000    1.411178   -0.661178 (VIOLATED)
_13861_/S                               0.750000    1.411153   -0.661153 (VIOLATED)
_13857_/S                               0.750000    1.411126   -0.661126 (VIOLATED)
_13858_/S                               0.750000    1.411122   -0.661122 (VIOLATED)
_13856_/S                               0.750000    1.411113   -0.661113 (VIOLATED)
_13862_/S                               0.750000    1.411100   -0.661100 (VIOLATED)
_13854_/S                               0.750000    1.411082   -0.661082 (VIOLATED)
_13851_/S                               0.750000    1.411070   -0.661070 (VIOLATED)
_13850_/X                               0.750000    1.411057   -0.661057 (VIOLATED)
_13859_/S                               0.750000    1.411057   -0.661057 (VIOLATED)
_13537_/S                               0.750000    1.407958   -0.657958 (VIOLATED)
_13536_/S                               0.750000    1.407954   -0.657954 (VIOLATED)
_13538_/S                               0.750000    1.407944   -0.657944 (VIOLATED)
_13541_/S                               0.750000    1.407909   -0.657909 (VIOLATED)
_13543_/S                               0.750000    1.407909   -0.657909 (VIOLATED)
_13546_/S                               0.750000    1.407829   -0.657829 (VIOLATED)
_13547_/S                               0.750000    1.407732   -0.657733 (VIOLATED)
_13540_/S                               0.750000    1.407688   -0.657688 (VIOLATED)
_13542_/S                               0.750000    1.407687   -0.657687 (VIOLATED)
_13530_/S                               0.750000    1.407686   -0.657686 (VIOLATED)
_13534_/S                               0.750000    1.407653   -0.657653 (VIOLATED)
_13533_/S                               0.750000    1.407650   -0.657650 (VIOLATED)
_13539_/S                               0.750000    1.407627   -0.657627 (VIOLATED)
_13545_/S                               0.750000    1.407621   -0.657621 (VIOLATED)
_13544_/S                               0.750000    1.407610   -0.657610 (VIOLATED)
_13532_/S                               0.750000    1.407602   -0.657602 (VIOLATED)
_13531_/S                               0.750000    1.407574   -0.657574 (VIOLATED)
_13535_/S                               0.750000    1.407550   -0.657550 (VIOLATED)
_13522_/S                               0.750000    1.407532   -0.657532 (VIOLATED)
_13528_/S                               0.750000    1.407507   -0.657507 (VIOLATED)
_13518_/S                               0.750000    1.407498   -0.657498 (VIOLATED)
_13521_/S                               0.750000    1.407488   -0.657488 (VIOLATED)
_13520_/S                               0.750000    1.407479   -0.657479 (VIOLATED)
_13526_/S                               0.750000    1.407463   -0.657463 (VIOLATED)
_13525_/S                               0.750000    1.407431   -0.657431 (VIOLATED)
_13529_/S                               0.750000    1.407431   -0.657431 (VIOLATED)
_13527_/S                               0.750000    1.407428   -0.657428 (VIOLATED)
_13517_/S                               0.750000    1.407426   -0.657426 (VIOLATED)
_13523_/S                               0.750000    1.407405   -0.657405 (VIOLATED)
_13519_/S                               0.750000    1.407388   -0.657388 (VIOLATED)
_13524_/S                               0.750000    1.407360   -0.657360 (VIOLATED)
_13516_/S                               0.750000    1.407354   -0.657354 (VIOLATED)
_13515_/X                               0.750000    1.407349   -0.657349 (VIOLATED)
_13971_/S                               0.750000    1.403145   -0.653145 (VIOLATED)
_13972_/S                               0.750000    1.403144   -0.653144 (VIOLATED)
_13977_/S                               0.750000    1.403143   -0.653143 (VIOLATED)
_13970_/S                               0.750000    1.403132   -0.653132 (VIOLATED)
_13980_/S                               0.750000    1.403127   -0.653127 (VIOLATED)
_13975_/S                               0.750000    1.403118   -0.653118 (VIOLATED)
_13973_/S                               0.750000    1.403104   -0.653104 (VIOLATED)
_13979_/S                               0.750000    1.403102   -0.653102 (VIOLATED)
_13974_/S                               0.750000    1.403096   -0.653096 (VIOLATED)
_13978_/S                               0.750000    1.403081   -0.653081 (VIOLATED)
_13981_/S                               0.750000    1.403074   -0.653074 (VIOLATED)
_13965_/S                               0.750000    1.403066   -0.653066 (VIOLATED)
_13969_/S                               0.750000    1.403048   -0.653048 (VIOLATED)
_13962_/S                               0.750000    1.403040   -0.653040 (VIOLATED)
_13976_/S                               0.750000    1.403029   -0.653029 (VIOLATED)
_13968_/S                               0.750000    1.403025   -0.653025 (VIOLATED)
_13967_/S                               0.750000    1.403004   -0.653004 (VIOLATED)
_13956_/S                               0.750000    1.403001   -0.653001 (VIOLATED)
_13952_/S                               0.750000    1.402993   -0.652993 (VIOLATED)
_13957_/S                               0.750000    1.402969   -0.652969 (VIOLATED)
_13964_/S                               0.750000    1.402965   -0.652965 (VIOLATED)
_13966_/S                               0.750000    1.402954   -0.652954 (VIOLATED)
_13963_/S                               0.750000    1.402953   -0.652953 (VIOLATED)
_13955_/S                               0.750000    1.402922   -0.652922 (VIOLATED)
_14300_/S                               0.750000    1.402866   -0.652867 (VIOLATED)
_14302_/S                               0.750000    1.402862   -0.652862 (VIOLATED)
_14307_/S                               0.750000    1.402856   -0.652856 (VIOLATED)
_13961_/S                               0.750000    1.402843   -0.652843 (VIOLATED)
_14301_/S                               0.750000    1.402838   -0.652838 (VIOLATED)
_13951_/S                               0.750000    1.402836   -0.652836 (VIOLATED)
_13954_/S                               0.750000    1.402834   -0.652834 (VIOLATED)
_14310_/S                               0.750000    1.402835   -0.652835 (VIOLATED)
_13960_/S                               0.750000    1.402834   -0.652834 (VIOLATED)
_13959_/S                               0.750000    1.402830   -0.652830 (VIOLATED)
_14303_/S                               0.750000    1.402823   -0.652823 (VIOLATED)
_14309_/S                               0.750000    1.402815   -0.652815 (VIOLATED)
_13950_/S                               0.750000    1.402814   -0.652814 (VIOLATED)
_13953_/S                               0.750000    1.402813   -0.652813 (VIOLATED)
_14308_/S                               0.750000    1.402781   -0.652781 (VIOLATED)
_13958_/S                               0.750000    1.402777   -0.652777 (VIOLATED)
_13949_/X                               0.750000    1.402770   -0.652770 (VIOLATED)
_14306_/S                               0.750000    1.402767   -0.652767 (VIOLATED)
_14298_/S                               0.750000    1.402743   -0.652743 (VIOLATED)
_14295_/S                               0.750000    1.402737   -0.652737 (VIOLATED)
_14311_/S                               0.750000    1.402717   -0.652717 (VIOLATED)
_14299_/S                               0.750000    1.402714   -0.652714 (VIOLATED)
_14297_/S                               0.750000    1.402710   -0.652710 (VIOLATED)
_14305_/S                               0.750000    1.402700   -0.652700 (VIOLATED)
_14286_/S                               0.750000    1.402616   -0.652616 (VIOLATED)
_14304_/S                               0.750000    1.402605   -0.652605 (VIOLATED)
_14294_/S                               0.750000    1.402605   -0.652605 (VIOLATED)
_14296_/S                               0.750000    1.402599   -0.652599 (VIOLATED)
_14292_/S                               0.750000    1.402585   -0.652585 (VIOLATED)
_14282_/S                               0.750000    1.402573   -0.652573 (VIOLATED)
_14287_/S                               0.750000    1.402570   -0.652570 (VIOLATED)
_14293_/S                               0.750000    1.402556   -0.652556 (VIOLATED)
_14284_/S                               0.750000    1.402541   -0.652541 (VIOLATED)
_14289_/S                               0.750000    1.402524   -0.652524 (VIOLATED)
_14290_/S                               0.750000    1.402520   -0.652520 (VIOLATED)
_14285_/S                               0.750000    1.402506   -0.652507 (VIOLATED)
_14291_/S                               0.750000    1.402482   -0.652482 (VIOLATED)
_14281_/S                               0.750000    1.402469   -0.652469 (VIOLATED)
_14283_/S                               0.750000    1.402438   -0.652438 (VIOLATED)
_14280_/S                               0.750000    1.402411   -0.652411 (VIOLATED)
_14288_/S                               0.750000    1.402400   -0.652400 (VIOLATED)
_14279_/X                               0.750000    1.402396   -0.652396 (VIOLATED)
_14268_/S                               0.750000    1.395386   -0.645386 (VIOLATED)
_14267_/S                               0.750000    1.395380   -0.645380 (VIOLATED)
_14269_/S                               0.750000    1.395361   -0.645361 (VIOLATED)
_14274_/S                               0.750000    1.395331   -0.645331 (VIOLATED)
_14277_/S                               0.750000    1.395294   -0.645294 (VIOLATED)
_14272_/S                               0.750000    1.395258   -0.645258 (VIOLATED)
_14278_/S                               0.750000    1.395231   -0.645231 (VIOLATED)
_14264_/S                               0.750000    1.395035   -0.645035 (VIOLATED)
_14273_/S                               0.750000    1.395026   -0.645026 (VIOLATED)
_14265_/S                               0.750000    1.394943   -0.644943 (VIOLATED)
_14261_/S                               0.750000    1.394879   -0.644879 (VIOLATED)
_14251_/S                               0.750000    1.394871   -0.644871 (VIOLATED)
_14260_/S                               0.750000    1.394850   -0.644850 (VIOLATED)
_14263_/S                               0.750000    1.394840   -0.644840 (VIOLATED)
_14271_/S                               0.750000    1.394835   -0.644835 (VIOLATED)
_14270_/S                               0.750000    1.394832   -0.644832 (VIOLATED)
_14276_/S                               0.750000    1.394827   -0.644827 (VIOLATED)
_14275_/S                               0.750000    1.394805   -0.644805 (VIOLATED)
_14259_/S                               0.750000    1.394775   -0.644775 (VIOLATED)
_14252_/S                               0.750000    1.394717   -0.644717 (VIOLATED)
_14248_/S                               0.750000    1.394713   -0.644713 (VIOLATED)
_14249_/S                               0.750000    1.394709   -0.644710 (VIOLATED)
_14257_/S                               0.750000    1.394690   -0.644690 (VIOLATED)
_14262_/S                               0.750000    1.394672   -0.644672 (VIOLATED)
_14266_/S                               0.750000    1.394670   -0.644670 (VIOLATED)
_14253_/S                               0.750000    1.394660   -0.644660 (VIOLATED)
_14256_/S                               0.750000    1.394654   -0.644654 (VIOLATED)
_14254_/S                               0.750000    1.394642   -0.644642 (VIOLATED)
_14258_/S                               0.750000    1.394620   -0.644620 (VIOLATED)
_14247_/S                               0.750000    1.394610   -0.644610 (VIOLATED)
_14250_/S                               0.750000    1.394575   -0.644575 (VIOLATED)
_14255_/S                               0.750000    1.394554   -0.644554 (VIOLATED)
_14246_/X                               0.750000    1.394542   -0.644542 (VIOLATED)
_14070_/S                               0.750000    1.394213   -0.644213 (VIOLATED)
_14069_/S                               0.750000    1.394195   -0.644195 (VIOLATED)
_14071_/S                               0.750000    1.394183   -0.644183 (VIOLATED)
_14076_/S                               0.750000    1.394172   -0.644172 (VIOLATED)
_14074_/S                               0.750000    1.394164   -0.644165 (VIOLATED)
_14079_/S                               0.750000    1.394164   -0.644164 (VIOLATED)
_14073_/S                               0.750000    1.394128   -0.644128 (VIOLATED)
_14075_/S                               0.750000    1.394122   -0.644122 (VIOLATED)
_14080_/S                               0.750000    1.394093   -0.644093 (VIOLATED)
_14067_/S                               0.750000    1.394052   -0.644052 (VIOLATED)
_14063_/S                               0.750000    1.394046   -0.644046 (VIOLATED)
_14066_/S                               0.750000    1.394029   -0.644029 (VIOLATED)
_14061_/S                               0.750000    1.393985   -0.643985 (VIOLATED)
_14051_/S                               0.750000    1.393977   -0.643977 (VIOLATED)
_14053_/S                               0.750000    1.393959   -0.643959 (VIOLATED)
_14065_/S                               0.750000    1.393939   -0.643939 (VIOLATED)
_14062_/S                               0.750000    1.393906   -0.643906 (VIOLATED)
_14072_/S                               0.750000    1.393878   -0.643878 (VIOLATED)
_14058_/S                               0.750000    1.393876   -0.643876 (VIOLATED)
_14078_/S                               0.750000    1.393872   -0.643872 (VIOLATED)
_14050_/S                               0.750000    1.393867   -0.643867 (VIOLATED)
_14077_/S                               0.750000    1.393858   -0.643858 (VIOLATED)
_14064_/S                               0.750000    1.393833   -0.643833 (VIOLATED)
_14068_/S                               0.750000    1.393809   -0.643809 (VIOLATED)
_14055_/S                               0.750000    1.393789   -0.643789 (VIOLATED)
_14059_/S                               0.750000    1.393724   -0.643724 (VIOLATED)
_14049_/S                               0.750000    1.393707   -0.643707 (VIOLATED)
_14056_/S                               0.750000    1.393679   -0.643679 (VIOLATED)
_14054_/S                               0.750000    1.393677   -0.643677 (VIOLATED)
_14060_/S                               0.750000    1.393667   -0.643667 (VIOLATED)
_14052_/S                               0.750000    1.393643   -0.643643 (VIOLATED)
_14057_/S                               0.750000    1.393629   -0.643629 (VIOLATED)
_14048_/X                               0.750000    1.393622   -0.643622 (VIOLATED)
_14334_/S                               0.750000    1.388379   -0.638379 (VIOLATED)
_14333_/S                               0.750000    1.388376   -0.638376 (VIOLATED)
_14335_/S                               0.750000    1.388362   -0.638362 (VIOLATED)
_14340_/S                               0.750000    1.388335   -0.638335 (VIOLATED)
_14343_/S                               0.750000    1.388250   -0.638250 (VIOLATED)
_14337_/S                               0.750000    1.388223   -0.638223 (VIOLATED)
_14327_/S                               0.750000    1.388219   -0.638219 (VIOLATED)
_14339_/S                               0.750000    1.388196   -0.638196 (VIOLATED)
_14338_/S                               0.750000    1.388183   -0.638183 (VIOLATED)
_14344_/S                               0.750000    1.388171   -0.638171 (VIOLATED)
_14330_/S                               0.750000    1.388085   -0.638085 (VIOLATED)
_14317_/S                               0.750000    1.388011   -0.638011 (VIOLATED)
_14326_/S                               0.750000    1.388006   -0.638006 (VIOLATED)
_14331_/S                               0.750000    1.387986   -0.637986 (VIOLATED)
_14336_/S                               0.750000    1.387983   -0.637983 (VIOLATED)
_14342_/S                               0.750000    1.387976   -0.637976 (VIOLATED)
_14341_/S                               0.750000    1.387970   -0.637970 (VIOLATED)
_14329_/S                               0.750000    1.387963   -0.637963 (VIOLATED)
_14328_/S                               0.750000    1.387949   -0.637949 (VIOLATED)
_14332_/S                               0.750000    1.387912   -0.637912 (VIOLATED)
_14319_/S                               0.750000    1.387866   -0.637866 (VIOLATED)
_14318_/S                               0.750000    1.387819   -0.637819 (VIOLATED)
_14320_/S                               0.750000    1.387797   -0.637797 (VIOLATED)
_14325_/S                               0.750000    1.387777   -0.637778 (VIOLATED)
_14324_/S                               0.750000    1.387770   -0.637770 (VIOLATED)
_14315_/S                               0.750000    1.387770   -0.637770 (VIOLATED)
_14323_/S                               0.750000    1.387757   -0.637757 (VIOLATED)
_14314_/S                               0.750000    1.387738   -0.637738 (VIOLATED)
_14316_/S                               0.750000    1.387681   -0.637681 (VIOLATED)
_14322_/S                               0.750000    1.387675   -0.637675 (VIOLATED)
_14321_/S                               0.750000    1.387649   -0.637649 (VIOLATED)
_14312_/X                               0.750000    1.387619   -0.637620 (VIOLATED)
_14313_/S                               0.750000    1.387619   -0.637620 (VIOLATED)
_13939_/S                               0.750000    1.386396   -0.636396 (VIOLATED)
_13944_/S                               0.750000    1.386393   -0.636393 (VIOLATED)
_13947_/S                               0.750000    1.386378   -0.636378 (VIOLATED)
_13938_/S                               0.750000    1.386377   -0.636377 (VIOLATED)
_13940_/S                               0.750000    1.386371   -0.636371 (VIOLATED)
_13942_/S                               0.750000    1.386365   -0.636365 (VIOLATED)
_13937_/S                               0.750000    1.386364   -0.636364 (VIOLATED)
_13948_/S                               0.750000    1.386340   -0.636340 (VIOLATED)
_13946_/S                               0.750000    1.386334   -0.636334 (VIOLATED)
_13941_/S                               0.750000    1.386323   -0.636323 (VIOLATED)
_13943_/S                               0.750000    1.386297   -0.636297 (VIOLATED)
_13929_/S                               0.750000    1.386279   -0.636279 (VIOLATED)
_13935_/S                               0.750000    1.386279   -0.636279 (VIOLATED)
_13931_/S                               0.750000    1.386248   -0.636248 (VIOLATED)
_13934_/S                               0.750000    1.386216   -0.636216 (VIOLATED)
_13921_/S                               0.750000    1.386206   -0.636206 (VIOLATED)
_13945_/S                               0.750000    1.386140   -0.636140 (VIOLATED)
_13932_/S                               0.750000    1.386138   -0.636138 (VIOLATED)
_13936_/S                               0.750000    1.386123   -0.636123 (VIOLATED)
_13930_/S                               0.750000    1.386117   -0.636117 (VIOLATED)
_13919_/S                               0.750000    1.386097   -0.636097 (VIOLATED)
_13923_/S                               0.750000    1.386097   -0.636097 (VIOLATED)
_13933_/S                               0.750000    1.386091   -0.636091 (VIOLATED)
_13924_/S                               0.750000    1.386075   -0.636075 (VIOLATED)
_13922_/S                               0.750000    1.386073   -0.636073 (VIOLATED)
_13926_/S                               0.750000    1.386052   -0.636052 (VIOLATED)
_13927_/S                               0.750000    1.386046   -0.636046 (VIOLATED)
_13928_/S                               0.750000    1.386039   -0.636039 (VIOLATED)
_13920_/S                               0.750000    1.386015   -0.636015 (VIOLATED)
_13918_/S                               0.750000    1.386013   -0.636013 (VIOLATED)
_13925_/S                               0.750000    1.385983   -0.635984 (VIOLATED)
_13917_/S                               0.750000    1.385947   -0.635947 (VIOLATED)
_13916_/X                               0.750000    1.385905   -0.635905 (VIOLATED)
_13806_/S                               0.750000    1.383225   -0.633225 (VIOLATED)
_13805_/S                               0.750000    1.383215   -0.633215 (VIOLATED)
_13807_/S                               0.750000    1.383209   -0.633209 (VIOLATED)
_13812_/S                               0.750000    1.383173   -0.633173 (VIOLATED)
_13811_/S                               0.750000    1.383116   -0.633116 (VIOLATED)
_13799_/S                               0.750000    1.383070   -0.633070 (VIOLATED)
_13815_/S                               0.750000    1.383050   -0.633050 (VIOLATED)
_13816_/S                               0.750000    1.383045   -0.633045 (VIOLATED)
_13803_/S                               0.750000    1.383042   -0.633043 (VIOLATED)
_13810_/S                               0.750000    1.383024   -0.633024 (VIOLATED)
_13808_/S                               0.750000    1.382963   -0.632963 (VIOLATED)
_13814_/S                               0.750000    1.382958   -0.632958 (VIOLATED)
_13813_/S                               0.750000    1.382947   -0.632947 (VIOLATED)
_13802_/S                               0.750000    1.382938   -0.632938 (VIOLATED)
_13800_/S                               0.750000    1.382929   -0.632929 (VIOLATED)
_13809_/S                               0.750000    1.382921   -0.632921 (VIOLATED)
_13797_/S                               0.750000    1.382897   -0.632897 (VIOLATED)
_13787_/S                               0.750000    1.382836   -0.632836 (VIOLATED)
_13798_/S                               0.750000    1.382812   -0.632812 (VIOLATED)
_13789_/S                               0.750000    1.382808   -0.632808 (VIOLATED)
_13801_/S                               0.750000    1.382805   -0.632805 (VIOLATED)
_13794_/S                               0.750000    1.382779   -0.632779 (VIOLATED)
_13795_/S                               0.750000    1.382748   -0.632748 (VIOLATED)
_13804_/S                               0.750000    1.382723   -0.632723 (VIOLATED)
_13791_/S                               0.750000    1.382720   -0.632720 (VIOLATED)
_13786_/S                               0.750000    1.382704   -0.632704 (VIOLATED)
_13792_/S                               0.750000    1.382701   -0.632701 (VIOLATED)
_13790_/S                               0.750000    1.382696   -0.632696 (VIOLATED)
_13796_/S                               0.750000    1.382686   -0.632686 (VIOLATED)
_13788_/S                               0.750000    1.382668   -0.632668 (VIOLATED)
_13793_/S                               0.750000    1.382631   -0.632631 (VIOLATED)
_13784_/X                               0.750000    1.382628   -0.632628 (VIOLATED)
_13785_/S                               0.750000    1.382628   -0.632628 (VIOLATED)
_14102_/S                               0.750000    1.378724   -0.628724 (VIOLATED)
_14104_/S                               0.750000    1.378715   -0.628715 (VIOLATED)
_14106_/S                               0.750000    1.378696   -0.628696 (VIOLATED)
_14108_/S                               0.750000    1.378661   -0.628661 (VIOLATED)
_14109_/S                               0.750000    1.378655   -0.628655 (VIOLATED)
_14112_/S                               0.750000    1.378639   -0.628639 (VIOLATED)
_14107_/S                               0.750000    1.378633   -0.628633 (VIOLATED)
_14113_/S                               0.750000    1.378618   -0.628618 (VIOLATED)
_14096_/S                               0.750000    1.378585   -0.628585 (VIOLATED)
_14099_/S                               0.750000    1.378583   -0.628583 (VIOLATED)
_14098_/S                               0.750000    1.378548   -0.628548 (VIOLATED)
_14100_/S                               0.750000    1.378495   -0.628495 (VIOLATED)
_14103_/S                               0.750000    1.378479   -0.628479 (VIOLATED)
_14105_/S                               0.750000    1.378475   -0.628475 (VIOLATED)
_14110_/S                               0.750000    1.378453   -0.628453 (VIOLATED)
_14111_/S                               0.750000    1.378433   -0.628434 (VIOLATED)
_14094_/S                               0.750000    1.378385   -0.628385 (VIOLATED)
_14086_/S                               0.750000    1.378309   -0.628309 (VIOLATED)
_14083_/S                               0.750000    1.378296   -0.628296 (VIOLATED)
_14084_/S                               0.750000    1.378273   -0.628273 (VIOLATED)
_14095_/S                               0.750000    1.378271   -0.628271 (VIOLATED)
_14097_/S                               0.750000    1.378239   -0.628239 (VIOLATED)
_14101_/S                               0.750000    1.378234   -0.628234 (VIOLATED)
_14088_/S                               0.750000    1.378219   -0.628219 (VIOLATED)
_14089_/S                               0.750000    1.378170   -0.628170 (VIOLATED)
_14092_/S                               0.750000    1.378161   -0.628161 (VIOLATED)
_14087_/S                               0.750000    1.378152   -0.628152 (VIOLATED)
_14091_/S                               0.750000    1.378144   -0.628144 (VIOLATED)
_14093_/S                               0.750000    1.378067   -0.628067 (VIOLATED)
_14085_/S                               0.750000    1.377903   -0.627903 (VIOLATED)
_14090_/S                               0.750000    1.377887   -0.627888 (VIOLATED)
_14082_/S                               0.750000    1.377829   -0.627829 (VIOLATED)
_14081_/X                               0.750000    1.377828   -0.627828 (VIOLATED)
_14201_/S                               0.750000    1.377715   -0.627715 (VIOLATED)
_14202_/S                               0.750000    1.377710   -0.627710 (VIOLATED)
_14204_/S                               0.750000    1.377670   -0.627670 (VIOLATED)
_14210_/S                               0.750000    1.377644   -0.627644 (VIOLATED)
_14205_/S                               0.750000    1.377619   -0.627619 (VIOLATED)
_14203_/S                               0.750000    1.377590   -0.627590 (VIOLATED)
_14207_/S                               0.750000    1.377548   -0.627548 (VIOLATED)
_14195_/S                               0.750000    1.377519   -0.627519 (VIOLATED)
_14208_/S                               0.750000    1.377449   -0.627449 (VIOLATED)
_14211_/S                               0.750000    1.377438   -0.627438 (VIOLATED)
_14003_/S                               0.750000    1.377417   -0.627417 (VIOLATED)
_14005_/S                               0.750000    1.377414   -0.627414 (VIOLATED)
_14206_/S                               0.750000    1.377413   -0.627413 (VIOLATED)
_14013_/S                               0.750000    1.377399   -0.627399 (VIOLATED)
_14010_/S                               0.750000    1.377396   -0.627396 (VIOLATED)
_14212_/S                               0.750000    1.377373   -0.627373 (VIOLATED)
_14199_/S                               0.750000    1.377355   -0.627355 (VIOLATED)
_14009_/S                               0.750000    1.377327   -0.627327 (VIOLATED)
_14198_/S                               0.750000    1.377307   -0.627307 (VIOLATED)
_14007_/S                               0.750000    1.377281   -0.627281 (VIOLATED)
_13995_/S                               0.750000    1.377266   -0.627266 (VIOLATED)
_13997_/S                               0.750000    1.377241   -0.627241 (VIOLATED)
_14197_/S                               0.750000    1.377241   -0.627241 (VIOLATED)
_14001_/S                               0.750000    1.377123   -0.627123 (VIOLATED)
_14008_/S                               0.750000    1.377116   -0.627116 (VIOLATED)
_14014_/S                               0.750000    1.377103   -0.627103 (VIOLATED)
_14209_/S                               0.750000    1.377092   -0.627092 (VIOLATED)
_14200_/S                               0.750000    1.377078   -0.627078 (VIOLATED)
_14196_/S                               0.750000    1.377075   -0.627075 (VIOLATED)
_14000_/S                               0.750000    1.377073   -0.627073 (VIOLATED)
_14183_/S                               0.750000    1.377045   -0.627045 (VIOLATED)
_14193_/S                               0.750000    1.377046   -0.627046 (VIOLATED)
_13999_/S                               0.750000    1.377036   -0.627036 (VIOLATED)
_14182_/S                               0.750000    1.377017   -0.627017 (VIOLATED)
_13996_/S                               0.750000    1.377015   -0.627015 (VIOLATED)
_14194_/S                               0.750000    1.376987   -0.626987 (VIOLATED)
_14185_/S                               0.750000    1.376970   -0.626970 (VIOLATED)
_14190_/S                               0.750000    1.376932   -0.626932 (VIOLATED)
_14004_/S                               0.750000    1.376929   -0.626929 (VIOLATED)
_14006_/S                               0.750000    1.376924   -0.626924 (VIOLATED)
_14012_/S                               0.750000    1.376914   -0.626914 (VIOLATED)
_14011_/S                               0.750000    1.376897   -0.626897 (VIOLATED)
_14189_/S                               0.750000    1.376881   -0.626881 (VIOLATED)
_13985_/S                               0.750000    1.376880   -0.626880 (VIOLATED)
_13993_/S                               0.750000    1.376876   -0.626876 (VIOLATED)
_13573_/S                               0.750000    1.376867   -0.626867 (VIOLATED)
_13987_/S                               0.750000    1.376867   -0.626867 (VIOLATED)
_13572_/S                               0.750000    1.376866   -0.626866 (VIOLATED)
_13998_/S                               0.750000    1.376866   -0.626866 (VIOLATED)
_13984_/S                               0.750000    1.376853   -0.626853 (VIOLATED)
_14181_/S                               0.750000    1.376853   -0.626853 (VIOLATED)
_13577_/S                               0.750000    1.376850   -0.626850 (VIOLATED)
_13582_/S                               0.750000    1.376847   -0.626847 (VIOLATED)
_13574_/S                               0.750000    1.376843   -0.626843 (VIOLATED)
_13579_/S                               0.750000    1.376833   -0.626833 (VIOLATED)
_14002_/S                               0.750000    1.376810   -0.626810 (VIOLATED)
_13989_/S                               0.750000    1.376793   -0.626793 (VIOLATED)
_14188_/S                               0.750000    1.376729   -0.626729 (VIOLATED)
_14187_/S                               0.750000    1.376727   -0.626727 (VIOLATED)
_13578_/S                               0.750000    1.376725   -0.626725 (VIOLATED)
_14186_/S                               0.750000    1.376721   -0.626721 (VIOLATED)
_14192_/S                               0.750000    1.376718   -0.626718 (VIOLATED)
_14191_/S                               0.750000    1.376715   -0.626715 (VIOLATED)
_13990_/S                               0.750000    1.376709   -0.626709 (VIOLATED)
_13991_/S                               0.750000    1.376708   -0.626708 (VIOLATED)
_13992_/S                               0.750000    1.376708   -0.626708 (VIOLATED)
_14184_/S                               0.750000    1.376699   -0.626699 (VIOLATED)
_13983_/S                               0.750000    1.376696   -0.626696 (VIOLATED)
_14180_/X                               0.750000    1.376691   -0.626692 (VIOLATED)
_13988_/S                               0.750000    1.376680   -0.626680 (VIOLATED)
_13994_/S                               0.750000    1.376669   -0.626669 (VIOLATED)
_13575_/S                               0.750000    1.376641   -0.626641 (VIOLATED)
_13986_/S                               0.750000    1.376636   -0.626636 (VIOLATED)
_13581_/S                               0.750000    1.376634   -0.626635 (VIOLATED)
_13570_/S                               0.750000    1.376625   -0.626625 (VIOLATED)
_13576_/S                               0.750000    1.376621   -0.626621 (VIOLATED)
_13564_/S                               0.750000    1.376611   -0.626611 (VIOLATED)
_13982_/X                               0.750000    1.376595   -0.626595 (VIOLATED)
_13583_/S                               0.750000    1.376594   -0.626594 (VIOLATED)
_13569_/S                               0.750000    1.376592   -0.626592 (VIOLATED)
_13566_/S                               0.750000    1.376583   -0.626583 (VIOLATED)
_13580_/S                               0.750000    1.376583   -0.626583 (VIOLATED)
_13567_/S                               0.750000    1.376578   -0.626578 (VIOLATED)
_13571_/S                               0.750000    1.376577   -0.626577 (VIOLATED)
_13554_/S                               0.750000    1.376563   -0.626563 (VIOLATED)
_13556_/S                               0.750000    1.376544   -0.626544 (VIOLATED)
_13565_/S                               0.750000    1.376476   -0.626476 (VIOLATED)
_13559_/S                               0.750000    1.376426   -0.626426 (VIOLATED)
_13558_/S                               0.750000    1.376421   -0.626421 (VIOLATED)
_13557_/S                               0.750000    1.376418   -0.626418 (VIOLATED)
_13562_/S                               0.750000    1.376417   -0.626417 (VIOLATED)
_13563_/S                               0.750000    1.376400   -0.626401 (VIOLATED)
_13555_/S                               0.750000    1.376377   -0.626377 (VIOLATED)
_13561_/S                               0.750000    1.376364   -0.626364 (VIOLATED)
_13568_/S                               0.750000    1.376343   -0.626343 (VIOLATED)
_13553_/S                               0.750000    1.376337   -0.626337 (VIOLATED)
_13552_/S                               0.750000    1.376329   -0.626329 (VIOLATED)
_13560_/S                               0.750000    1.376301   -0.626301 (VIOLATED)
_13551_/X                               0.750000    1.376291   -0.626291 (VIOLATED)
_11854_/S                               0.750000    1.374269   -0.624269 (VIOLATED)
_11855_/S                               0.750000    1.374269   -0.624269 (VIOLATED)
_11857_/S                               0.750000    1.374268   -0.624268 (VIOLATED)
_11858_/S                               0.750000    1.374269   -0.624269 (VIOLATED)
_11861_/S                               0.750000    1.374267   -0.624267 (VIOLATED)
_11862_/S                               0.750000    1.374267   -0.624267 (VIOLATED)
_11864_/S                               0.750000    1.374266   -0.624266 (VIOLATED)
_11865_/S                               0.750000    1.374266   -0.624266 (VIOLATED)
_12155_/S                               0.750000    1.374266   -0.624266 (VIOLATED)
_12100_/A1                              0.750000    1.374266   -0.624266 (VIOLATED)
_12110_/A                               0.750000    1.374266   -0.624266 (VIOLATED)
_12196_/A                               0.750000    1.374266   -0.624266 (VIOLATED)
_12197_/A1                              0.750000    1.374266   -0.624266 (VIOLATED)
_12206_/A                               0.750000    1.374266   -0.624266 (VIOLATED)
_12253_/S                               0.750000    1.374266   -0.624266 (VIOLATED)
_11842_/S                               0.750000    1.374265   -0.624265 (VIOLATED)
_11919_/B2                              0.750000    1.374265   -0.624265 (VIOLATED)
_12313_/A1                              0.750000    1.374265   -0.624265 (VIOLATED)
_11841_/S                               0.750000    1.374264   -0.624264 (VIOLATED)
_11844_/S                               0.750000    1.374263   -0.624263 (VIOLATED)
_11845_/S                               0.750000    1.374264   -0.624264 (VIOLATED)
_12137_/A1                              0.750000    1.374263   -0.624263 (VIOLATED)
_12299_/B2                              0.750000    1.374264   -0.624264 (VIOLATED)
_11821_/Y                               0.750000    1.374261   -0.624261 (VIOLATED)
_11848_/S                               0.750000    1.374261   -0.624261 (VIOLATED)
_11849_/S                               0.750000    1.374261   -0.624261 (VIOLATED)
_11851_/S                               0.750000    1.374261   -0.624261 (VIOLATED)
_11852_/S                               0.750000    1.374261   -0.624261 (VIOLATED)
_12061_/A1                              0.750000    1.374261   -0.624261 (VIOLATED)
_12079_/A1                              0.750000    1.374261   -0.624261 (VIOLATED)
_12247_/A1_N                            0.750000    1.374261   -0.624261 (VIOLATED)
_12269_/A                               0.750000    1.374261   -0.624261 (VIOLATED)
_12305_/A1                              0.750000    1.374261   -0.624261 (VIOLATED)
_13740_/S                               0.750000    1.373919   -0.623919 (VIOLATED)
_13742_/S                               0.750000    1.373912   -0.623912 (VIOLATED)
_13748_/S                               0.750000    1.373893   -0.623893 (VIOLATED)
_13747_/S                               0.750000    1.373860   -0.623860 (VIOLATED)
_13739_/S                               0.750000    1.373830   -0.623830 (VIOLATED)
_13741_/S                               0.750000    1.373824   -0.623824 (VIOLATED)
_13734_/S                               0.750000    1.373820   -0.623820 (VIOLATED)
_13731_/S                               0.750000    1.373816   -0.623816 (VIOLATED)
_13743_/S                               0.750000    1.373815   -0.623815 (VIOLATED)
_13746_/S                               0.750000    1.373811   -0.623811 (VIOLATED)
_13745_/S                               0.750000    1.373802   -0.623802 (VIOLATED)
_13749_/S                               0.750000    1.373801   -0.623801 (VIOLATED)
_13737_/S                               0.750000    1.373794   -0.623794 (VIOLATED)
_13733_/S                               0.750000    1.373789   -0.623789 (VIOLATED)
_13738_/S                               0.750000    1.373758   -0.623758 (VIOLATED)
_13750_/S                               0.750000    1.373758   -0.623758 (VIOLATED)
_13744_/S                               0.750000    1.373729   -0.623729 (VIOLATED)
_13723_/S                               0.750000    1.373705   -0.623705 (VIOLATED)
_13725_/S                               0.750000    1.373704   -0.623704 (VIOLATED)
_13732_/S                               0.750000    1.373687   -0.623687 (VIOLATED)
_13726_/S                               0.750000    1.373672   -0.623672 (VIOLATED)
_13724_/S                               0.750000    1.373647   -0.623647 (VIOLATED)
_13721_/S                               0.750000    1.373637   -0.623637 (VIOLATED)
_13736_/S                               0.750000    1.373634   -0.623634 (VIOLATED)
_13729_/S                               0.750000    1.373583   -0.623583 (VIOLATED)
_13730_/S                               0.750000    1.373571   -0.623571 (VIOLATED)
_13735_/S                               0.750000    1.373544   -0.623544 (VIOLATED)
_13722_/S                               0.750000    1.373520   -0.623520 (VIOLATED)
_13720_/S                               0.750000    1.373460   -0.623460 (VIOLATED)
_13728_/S                               0.750000    1.373414   -0.623414 (VIOLATED)
_13719_/S                               0.750000    1.373402   -0.623402 (VIOLATED)
_13727_/S                               0.750000    1.373398   -0.623398 (VIOLATED)
_13718_/X                               0.750000    1.373340   -0.623340 (VIOLATED)
_13773_/S                               0.750000    1.368692   -0.618692 (VIOLATED)
_13775_/S                               0.750000    1.368686   -0.618686 (VIOLATED)
_13781_/S                               0.750000    1.368669   -0.618669 (VIOLATED)
_13780_/S                               0.750000    1.368649   -0.618649 (VIOLATED)
_13767_/S                               0.750000    1.368596   -0.618596 (VIOLATED)
_13771_/S                               0.750000    1.368574   -0.618574 (VIOLATED)
_13772_/S                               0.750000    1.368551   -0.618552 (VIOLATED)
_13774_/S                               0.750000    1.368548   -0.618548 (VIOLATED)
_13754_/S                               0.750000    1.368544   -0.618544 (VIOLATED)
_13779_/S                               0.750000    1.368541   -0.618541 (VIOLATED)
_13776_/S                               0.750000    1.368512   -0.618512 (VIOLATED)
_13778_/S                               0.750000    1.368506   -0.618506 (VIOLATED)
_13764_/S                               0.750000    1.368504   -0.618504 (VIOLATED)
_13766_/S                               0.750000    1.368498   -0.618498 (VIOLATED)
_13782_/S                               0.750000    1.368495   -0.618495 (VIOLATED)
_13758_/S                               0.750000    1.368489   -0.618489 (VIOLATED)
_13777_/S                               0.750000    1.368488   -0.618488 (VIOLATED)
_13783_/S                               0.750000    1.368471   -0.618471 (VIOLATED)
_13756_/S                               0.750000    1.368466   -0.618466 (VIOLATED)
_13759_/S                               0.750000    1.368460   -0.618460 (VIOLATED)
_13769_/S                               0.750000    1.368455   -0.618455 (VIOLATED)
_13770_/S                               0.750000    1.368455   -0.618455 (VIOLATED)
_13762_/S                               0.750000    1.368444   -0.618444 (VIOLATED)
_13757_/S                               0.750000    1.368439   -0.618439 (VIOLATED)
_13768_/S                               0.750000    1.368405   -0.618405 (VIOLATED)
_13765_/S                               0.750000    1.368390   -0.618390 (VIOLATED)
_13763_/S                               0.750000    1.368388   -0.618388 (VIOLATED)
_13753_/S                               0.750000    1.368362   -0.618362 (VIOLATED)
_13761_/S                               0.750000    1.368322   -0.618322 (VIOLATED)
_13755_/S                               0.750000    1.368316   -0.618316 (VIOLATED)
_13752_/S                               0.750000    1.368279   -0.618279 (VIOLATED)
_13760_/S                               0.750000    1.368276   -0.618276 (VIOLATED)
_13751_/X                               0.750000    1.368246   -0.618246 (VIOLATED)
_13399_/S                               0.750000    1.365341   -0.615341 (VIOLATED)
_13398_/S                               0.750000    1.365333   -0.615333 (VIOLATED)
_13400_/S                               0.750000    1.365319   -0.615319 (VIOLATED)
_13405_/S                               0.750000    1.365293   -0.615293 (VIOLATED)
_13408_/S                               0.750000    1.365280   -0.615280 (VIOLATED)
_13403_/S                               0.750000    1.365232   -0.615232 (VIOLATED)
_13409_/S                               0.750000    1.365122   -0.615122 (VIOLATED)
_13395_/S                               0.750000    1.365094   -0.615094 (VIOLATED)
_13401_/S                               0.750000    1.365090   -0.615090 (VIOLATED)
_13407_/S                               0.750000    1.365088   -0.615088 (VIOLATED)
_13406_/S                               0.750000    1.365074   -0.615074 (VIOLATED)
_13393_/S                               0.750000    1.365056   -0.615056 (VIOLATED)
_13397_/S                               0.750000    1.365035   -0.615035 (VIOLATED)
_13384_/S                               0.750000    1.365009   -0.615009 (VIOLATED)
_13394_/S                               0.750000    1.365005   -0.615005 (VIOLATED)
_13404_/S                               0.750000    1.365003   -0.615003 (VIOLATED)
_13402_/S                               0.750000    1.364998   -0.614998 (VIOLATED)
_13396_/S                               0.750000    1.364993   -0.614993 (VIOLATED)
_13392_/S                               0.750000    1.364991   -0.614991 (VIOLATED)
_13385_/S                               0.750000    1.364980   -0.614980 (VIOLATED)
_13390_/S                               0.750000    1.364972   -0.614972 (VIOLATED)
_13391_/S                               0.750000    1.364967   -0.614967 (VIOLATED)
_13382_/S                               0.750000    1.364957   -0.614957 (VIOLATED)
_13380_/S                               0.750000    1.364941   -0.614941 (VIOLATED)
_13379_/S                               0.750000    1.364921   -0.614921 (VIOLATED)
_13383_/S                               0.750000    1.364912   -0.614912 (VIOLATED)
_13388_/S                               0.750000    1.364898   -0.614898 (VIOLATED)
_13389_/S                               0.750000    1.364896   -0.614896 (VIOLATED)
_13387_/S                               0.750000    1.364867   -0.614867 (VIOLATED)
_13381_/S                               0.750000    1.364845   -0.614845 (VIOLATED)
_13378_/S                               0.750000    1.364833   -0.614833 (VIOLATED)
_13386_/S                               0.750000    1.364828   -0.614829 (VIOLATED)
_13377_/X                               0.750000    1.364820   -0.614821 (VIOLATED)
_13675_/S                               0.750000    1.357008   -0.607008 (VIOLATED)
_13680_/S                               0.750000    1.357008   -0.607008 (VIOLATED)
_13673_/S                               0.750000    1.357000   -0.607000 (VIOLATED)
_13679_/S                               0.750000    1.356995   -0.606995 (VIOLATED)
_13677_/S                               0.750000    1.356973   -0.606973 (VIOLATED)
_13674_/S                               0.750000    1.356898   -0.606898 (VIOLATED)
_13667_/S                               0.750000    1.356892   -0.606892 (VIOLATED)
_13676_/S                               0.750000    1.356888   -0.606888 (VIOLATED)
_13682_/S                               0.750000    1.356881   -0.606881 (VIOLATED)
_13665_/S                               0.750000    1.356848   -0.606848 (VIOLATED)
_13681_/S                               0.750000    1.356830   -0.606830 (VIOLATED)
_13668_/S                               0.750000    1.356774   -0.606775 (VIOLATED)
_13657_/S                               0.750000    1.356755   -0.606755 (VIOLATED)
_13655_/S                               0.750000    1.356696   -0.606696 (VIOLATED)
_13678_/S                               0.750000    1.356562   -0.606562 (VIOLATED)
_13683_/S                               0.750000    1.356555   -0.606555 (VIOLATED)
_13672_/S                               0.750000    1.356541   -0.606541 (VIOLATED)
_13659_/S                               0.750000    1.356538   -0.606538 (VIOLATED)
_13684_/S                               0.750000    1.356537   -0.606538 (VIOLATED)
_13654_/S                               0.750000    1.356482   -0.606482 (VIOLATED)
_13670_/S                               0.750000    1.356481   -0.606481 (VIOLATED)
_13669_/S                               0.750000    1.356475   -0.606475 (VIOLATED)
_13663_/S                               0.750000    1.356466   -0.606466 (VIOLATED)
_13671_/S                               0.750000    1.356452   -0.606452 (VIOLATED)
_13666_/S                               0.750000    1.356422   -0.606422 (VIOLATED)
_13662_/S                               0.750000    1.356186   -0.606186 (VIOLATED)
_13660_/S                               0.750000    1.356019   -0.606019 (VIOLATED)
_13658_/S                               0.750000    1.356018   -0.606018 (VIOLATED)
_13664_/S                               0.750000    1.356015   -0.606016 (VIOLATED)
_13656_/S                               0.750000    1.356009   -0.606009 (VIOLATED)
_13661_/S                               0.750000    1.356004   -0.606004 (VIOLATED)
_13652_/X                               0.750000    1.355988   -0.605988 (VIOLATED)
_13653_/S                               0.750000    1.355988   -0.605988 (VIOLATED)
_13435_/S                               0.750000    1.351065   -0.601065 (VIOLATED)
_13437_/S                               0.750000    1.351055   -0.601055 (VIOLATED)
_13442_/S                               0.750000    1.351042   -0.601042 (VIOLATED)
_13436_/S                               0.750000    1.351021   -0.601021 (VIOLATED)
_13438_/S                               0.750000    1.351018   -0.601018 (VIOLATED)
_13445_/S                               0.750000    1.351014   -0.601014 (VIOLATED)
_13444_/S                               0.750000    1.350996   -0.600996 (VIOLATED)
_13446_/S                               0.750000    1.350986   -0.600986 (VIOLATED)
_13440_/S                               0.750000    1.350976   -0.600976 (VIOLATED)
_13443_/S                               0.750000    1.350968   -0.600968 (VIOLATED)
_13430_/S                               0.750000    1.350949   -0.600949 (VIOLATED)
_13434_/S                               0.750000    1.350893   -0.600893 (VIOLATED)
_13441_/S                               0.750000    1.350844   -0.600844 (VIOLATED)
_13421_/S                               0.750000    1.350839   -0.600839 (VIOLATED)
_13433_/S                               0.750000    1.350827   -0.600827 (VIOLATED)
_13432_/S                               0.750000    1.350823   -0.600823 (VIOLATED)
_13422_/S                               0.750000    1.350812   -0.600812 (VIOLATED)
_13439_/S                               0.750000    1.350760   -0.600760 (VIOLATED)
_13427_/S                               0.750000    1.350758   -0.600758 (VIOLATED)
_13420_/S                               0.750000    1.350755   -0.600755 (VIOLATED)
_13429_/S                               0.750000    1.350750   -0.600750 (VIOLATED)
_13417_/S                               0.750000    1.350748   -0.600748 (VIOLATED)
_13431_/S                               0.750000    1.350748   -0.600748 (VIOLATED)
_13419_/S                               0.750000    1.350722   -0.600722 (VIOLATED)
_13428_/S                               0.750000    1.350693   -0.600693 (VIOLATED)
_13425_/S                               0.750000    1.350675   -0.600675 (VIOLATED)
_13426_/S                               0.750000    1.350670   -0.600670 (VIOLATED)
_13424_/S                               0.750000    1.350651   -0.600651 (VIOLATED)
_13416_/S                               0.750000    1.350640   -0.600640 (VIOLATED)
_13418_/S                               0.750000    1.350637   -0.600637 (VIOLATED)
_13423_/S                               0.750000    1.350577   -0.600577 (VIOLATED)
_13415_/S                               0.750000    1.350495   -0.600495 (VIOLATED)
_13414_/X                               0.750000    1.350477   -0.600477 (VIOLATED)
_13641_/S                               0.750000    1.346117   -0.596117 (VIOLATED)
_13643_/S                               0.750000    1.346105   -0.596106 (VIOLATED)
_13640_/S                               0.750000    1.346099   -0.596099 (VIOLATED)
_13644_/S                               0.750000    1.346081   -0.596081 (VIOLATED)
_13642_/S                               0.750000    1.346066   -0.596066 (VIOLATED)
_13647_/S                               0.750000    1.346053   -0.596053 (VIOLATED)
_13646_/S                               0.750000    1.345999   -0.595999 (VIOLATED)
_13638_/S                               0.750000    1.345956   -0.595956 (VIOLATED)
_13650_/S                               0.750000    1.345941   -0.595941 (VIOLATED)
_13645_/S                               0.750000    1.345938   -0.595938 (VIOLATED)
_13651_/S                               0.750000    1.345924   -0.595924 (VIOLATED)
_13637_/S                               0.750000    1.345898   -0.595898 (VIOLATED)
_13649_/S                               0.750000    1.345782   -0.595782 (VIOLATED)
_13648_/S                               0.750000    1.345777   -0.595777 (VIOLATED)
_13635_/S                               0.750000    1.345764   -0.595764 (VIOLATED)
_13639_/S                               0.750000    1.345744   -0.595744 (VIOLATED)
_13632_/S                               0.750000    1.345739   -0.595739 (VIOLATED)
_13636_/S                               0.750000    1.345731   -0.595731 (VIOLATED)
_13622_/S                               0.750000    1.345706   -0.595706 (VIOLATED)
_13626_/S                               0.750000    1.345685   -0.595685 (VIOLATED)
_13627_/S                               0.750000    1.345681   -0.595681 (VIOLATED)
_13625_/S                               0.750000    1.345671   -0.595671 (VIOLATED)
_13631_/S                               0.750000    1.345649   -0.595649 (VIOLATED)
_13634_/S                               0.750000    1.345636   -0.595636 (VIOLATED)
_13624_/S                               0.750000    1.345631   -0.595631 (VIOLATED)
_13630_/S                               0.750000    1.345622   -0.595622 (VIOLATED)
_13633_/S                               0.750000    1.345621   -0.595621 (VIOLATED)
_13629_/S                               0.750000    1.345616   -0.595616 (VIOLATED)
_13621_/S                               0.750000    1.345604   -0.595604 (VIOLATED)
_13623_/S                               0.750000    1.345565   -0.595565 (VIOLATED)
_13620_/S                               0.750000    1.345560   -0.595560 (VIOLATED)
_13628_/S                               0.750000    1.345544   -0.595544 (VIOLATED)
_13619_/X                               0.750000    1.345542   -0.595542 (VIOLATED)
_09787_/A                               0.750000    1.339734   -0.589734 (VIOLATED)
_09834_/A                               0.750000    1.339734   -0.589734 (VIOLATED)
_09754_/A                               0.750000    1.339733   -0.589733 (VIOLATED)
_09779_/A1                              0.750000    1.339733   -0.589733 (VIOLATED)
_09828_/A1                              0.750000    1.339733   -0.589733 (VIOLATED)
_09821_/A1                              0.750000    1.339716   -0.589716 (VIOLATED)
_09822_/B2                              0.750000    1.339716   -0.589716 (VIOLATED)
_09738_/B                               0.750000    1.339703   -0.589703 (VIOLATED)
_09739_/B                               0.750000    1.339702   -0.589702 (VIOLATED)
_09724_/B                               0.750000    1.339701   -0.589701 (VIOLATED)
_13468_/S                               0.750000    1.339698   -0.589698 (VIOLATED)
_09743_/A1                              0.750000    1.339696   -0.589696 (VIOLATED)
_09744_/A                               0.750000    1.339697   -0.589697 (VIOLATED)
_13470_/S                               0.750000    1.339696   -0.589696 (VIOLATED)
_09749_/A1                              0.750000    1.339688   -0.589688 (VIOLATED)
_12331_/A1                              0.750000    1.339688   -0.589688 (VIOLATED)
_09723_/B                               0.750000    1.339687   -0.589687 (VIOLATED)
_13475_/S                               0.750000    1.339687   -0.589687 (VIOLATED)
_09729_/A1                              0.750000    1.339685   -0.589685 (VIOLATED)
_11920_/B2                              0.750000    1.339684   -0.589684 (VIOLATED)
_07712_/X                               0.750000    1.339682   -0.589682 (VIOLATED)
_09736_/A1                              0.750000    1.339682   -0.589682 (VIOLATED)
_09816_/B2                              0.750000    1.339682   -0.589682 (VIOLATED)
_13478_/S                               0.750000    1.339656   -0.589656 (VIOLATED)
_13479_/S                               0.750000    1.339642   -0.589642 (VIOLATED)
_13473_/S                               0.750000    1.339639   -0.589639 (VIOLATED)
_13474_/S                               0.750000    1.339524   -0.589524 (VIOLATED)
_13472_/S                               0.750000    1.339500   -0.589500 (VIOLATED)
_13460_/S                               0.750000    1.339498   -0.589498 (VIOLATED)
_13465_/S                               0.750000    1.339498   -0.589498 (VIOLATED)
_13462_/S                               0.750000    1.339493   -0.589493 (VIOLATED)
_13466_/S                               0.750000    1.339455   -0.589455 (VIOLATED)
_13469_/S                               0.750000    1.339450   -0.589450 (VIOLATED)
_13471_/S                               0.750000    1.339439   -0.589439 (VIOLATED)
_13477_/S                               0.750000    1.339433   -0.589433 (VIOLATED)
_13476_/S                               0.750000    1.339392   -0.589392 (VIOLATED)
_13464_/S                               0.750000    1.339384   -0.589384 (VIOLATED)
_13463_/S                               0.750000    1.339361   -0.589361 (VIOLATED)
_13450_/S                               0.750000    1.339328   -0.589328 (VIOLATED)
_13467_/S                               0.750000    1.339296   -0.589296 (VIOLATED)
_13449_/S                               0.750000    1.339259   -0.589259 (VIOLATED)
_13458_/S                               0.750000    1.339239   -0.589239 (VIOLATED)
_13452_/S                               0.750000    1.339236   -0.589236 (VIOLATED)
_13461_/S                               0.750000    1.339234   -0.589234 (VIOLATED)
_13457_/S                               0.750000    1.339228   -0.589228 (VIOLATED)
_13454_/S                               0.750000    1.339203   -0.589203 (VIOLATED)
_13455_/S                               0.750000    1.339201   -0.589201 (VIOLATED)
_13453_/S                               0.750000    1.339195   -0.589195 (VIOLATED)
_13459_/S                               0.750000    1.339189   -0.589189 (VIOLATED)
_13451_/S                               0.750000    1.339175   -0.589175 (VIOLATED)
_13456_/S                               0.750000    1.339146   -0.589146 (VIOLATED)
_13448_/S                               0.750000    1.339133   -0.589133 (VIOLATED)
_13447_/X                               0.750000    1.339122   -0.589122 (VIOLATED)
_11860_/S                               0.750000    1.333130   -0.583130 (VIOLATED)
_11896_/S                               0.750000    1.333130   -0.583130 (VIOLATED)
_11942_/S                               0.750000    1.333130   -0.583130 (VIOLATED)
_11968_/S                               0.750000    1.333130   -0.583130 (VIOLATED)
_12017_/S                               0.750000    1.333130   -0.583130 (VIOLATED)
_11867_/S                               0.750000    1.333129   -0.583129 (VIOLATED)
_11987_/S                               0.750000    1.333129   -0.583129 (VIOLATED)
_12023_/S                               0.750000    1.333130   -0.583130 (VIOLATED)
_11889_/S                               0.750000    1.333128   -0.583128 (VIOLATED)
_11995_/A                               0.750000    1.333129   -0.583129 (VIOLATED)
_11945_/S                               0.750000    1.333127   -0.583127 (VIOLATED)
_12013_/S                               0.750000    1.333127   -0.583127 (VIOLATED)
_11965_/S                               0.750000    1.333126   -0.583126 (VIOLATED)
_11994_/A1                              0.750000    1.333126   -0.583126 (VIOLATED)
_11847_/S                               0.750000    1.333125   -0.583125 (VIOLATED)
_11949_/S                               0.750000    1.333125   -0.583125 (VIOLATED)
_11983_/S                               0.750000    1.333125   -0.583125 (VIOLATED)
_12014_/S                               0.750000    1.333125   -0.583125 (VIOLATED)
_12022_/S                               0.750000    1.333125   -0.583125 (VIOLATED)
_11881_/S                               0.750000    1.333123   -0.583123 (VIOLATED)
_11960_/S                               0.750000    1.333120   -0.583120 (VIOLATED)
_11991_/A1                              0.750000    1.333121   -0.583121 (VIOLATED)
_11836_/B                               0.750000    1.333120   -0.583120 (VIOLATED)
_11837_/A3                              0.750000    1.333119   -0.583119 (VIOLATED)
_11874_/S                               0.750000    1.333120   -0.583120 (VIOLATED)
_12020_/S                               0.750000    1.333119   -0.583119 (VIOLATED)
_11835_/Y                               0.750000    1.333117   -0.583117 (VIOLATED)
_11900_/S                               0.750000    1.333117   -0.583117 (VIOLATED)
_11955_/C1                              0.750000    1.333117   -0.583117 (VIOLATED)
_14234_/S                               0.750000    1.311879   -0.561879 (VIOLATED)
_14236_/S                               0.750000    1.311872   -0.561872 (VIOLATED)
_14238_/S                               0.750000    1.311865   -0.561865 (VIOLATED)
_14244_/S                               0.750000    1.311856   -0.561856 (VIOLATED)
_14241_/S                               0.750000    1.311855   -0.561855 (VIOLATED)
_14245_/S                               0.750000    1.311853   -0.561853 (VIOLATED)
_14240_/S                               0.750000    1.311834   -0.561834 (VIOLATED)
_14218_/S                               0.750000    1.311736   -0.561736 (VIOLATED)
_14226_/S                               0.750000    1.311730   -0.561730 (VIOLATED)
_14228_/S                               0.750000    1.311722   -0.561722 (VIOLATED)
_14232_/S                               0.750000    1.311707   -0.561707 (VIOLATED)
_14227_/S                               0.750000    1.311615   -0.561615 (VIOLATED)
_14235_/S                               0.750000    1.311564   -0.561564 (VIOLATED)
_14237_/S                               0.750000    1.311559   -0.561559 (VIOLATED)
_14239_/S                               0.750000    1.311548   -0.561548 (VIOLATED)
_14243_/S                               0.750000    1.311546   -0.561546 (VIOLATED)
_14231_/S                               0.750000    1.311538   -0.561538 (VIOLATED)
_14242_/S                               0.750000    1.311526   -0.561526 (VIOLATED)
_14230_/S                               0.750000    1.311520   -0.561520 (VIOLATED)
_14229_/S                               0.750000    1.311496   -0.561496 (VIOLATED)
_14216_/S                               0.750000    1.311495   -0.561495 (VIOLATED)
_14233_/S                               0.750000    1.311454   -0.561454 (VIOLATED)
_14220_/S                               0.750000    1.311442   -0.561442 (VIOLATED)
_14215_/S                               0.750000    1.311432   -0.561432 (VIOLATED)
_14224_/S                               0.750000    1.311392   -0.561392 (VIOLATED)
_14219_/S                               0.750000    1.311329   -0.561329 (VIOLATED)
_14221_/S                               0.750000    1.311329   -0.561329 (VIOLATED)
_14225_/S                               0.750000    1.311314   -0.561314 (VIOLATED)
_14217_/S                               0.750000    1.311275   -0.561275 (VIOLATED)
_14222_/S                               0.750000    1.311265   -0.561265 (VIOLATED)
_14223_/S                               0.750000    1.311258   -0.561258 (VIOLATED)
_14213_/X                               0.750000    1.311250   -0.561250 (VIOLATED)
_14214_/S                               0.750000    1.311250   -0.561250 (VIOLATED)
_13838_/S                               0.750000    1.303975   -0.553975 (VIOLATED)
_13842_/S                               0.750000    1.303972   -0.553972 (VIOLATED)
_13840_/S                               0.750000    1.303964   -0.553964 (VIOLATED)
_13845_/S                               0.750000    1.303928   -0.553928 (VIOLATED)
_13848_/S                               0.750000    1.303896   -0.553896 (VIOLATED)
_13843_/S                               0.750000    1.303873   -0.553873 (VIOLATED)
_13849_/S                               0.750000    1.303791   -0.553791 (VIOLATED)
_13839_/S                               0.750000    1.303784   -0.553784 (VIOLATED)
_13841_/S                               0.750000    1.303780   -0.553780 (VIOLATED)
_13847_/S                               0.750000    1.303760   -0.553760 (VIOLATED)
_13835_/S                               0.750000    1.303739   -0.553739 (VIOLATED)
_13832_/S                               0.750000    1.303735   -0.553735 (VIOLATED)
_13844_/S                               0.750000    1.303734   -0.553734 (VIOLATED)
_13836_/S                               0.750000    1.303726   -0.553726 (VIOLATED)
_13846_/S                               0.750000    1.303723   -0.553723 (VIOLATED)
_13830_/S                               0.750000    1.303710   -0.553710 (VIOLATED)
_13833_/S                               0.750000    1.303684   -0.553684 (VIOLATED)
_13824_/S                               0.750000    1.303615   -0.553615 (VIOLATED)
_13837_/S                               0.750000    1.303609   -0.553609 (VIOLATED)
_13820_/S                               0.750000    1.303583   -0.553583 (VIOLATED)
_13834_/S                               0.750000    1.303550   -0.553550 (VIOLATED)
_13822_/S                               0.750000    1.303522   -0.553522 (VIOLATED)
_13828_/S                               0.750000    1.303474   -0.553474 (VIOLATED)
_13819_/S                               0.750000    1.303472   -0.553472 (VIOLATED)
_13831_/S                               0.750000    1.303457   -0.553457 (VIOLATED)
_13827_/S                               0.750000    1.303413   -0.553413 (VIOLATED)
_13825_/S                               0.750000    1.303378   -0.553378 (VIOLATED)
_13823_/S                               0.750000    1.303376   -0.553376 (VIOLATED)
_13829_/S                               0.750000    1.303372   -0.553372 (VIOLATED)
_13821_/S                               0.750000    1.303350   -0.553350 (VIOLATED)
_13818_/S                               0.750000    1.303343   -0.553343 (VIOLATED)
_13826_/S                               0.750000    1.303310   -0.553310 (VIOLATED)
_13817_/X                               0.750000    1.303306   -0.553306 (VIOLATED)
_08779_/B1                              0.750000    1.298558   -0.548558 (VIOLATED)
_08726_/B1                              0.750000    1.298549   -0.548549 (VIOLATED)
_08830_/B1                              0.750000    1.298534   -0.548534 (VIOLATED)
_08881_/B1                              0.750000    1.298529   -0.548529 (VIOLATED)
_09184_/B1                              0.750000    1.298528   -0.548528 (VIOLATED)
_08932_/B1                              0.750000    1.298512   -0.548512 (VIOLATED)
_09080_/B1                              0.750000    1.298511   -0.548511 (VIOLATED)
_09233_/A2                              0.750000    1.298484   -0.548484 (VIOLATED)
_09031_/B1                              0.750000    1.298479   -0.548479 (VIOLATED)
_09264_/A2                              0.750000    1.298415   -0.548415 (VIOLATED)
_08981_/A2                              0.750000    1.298352   -0.548352 (VIOLATED)
_08568_/B1                              0.750000    1.298238   -0.548238 (VIOLATED)
_09131_/B1                              0.750000    1.298167   -0.548167 (VIOLATED)
_08460_/B1                              0.750000    1.298159   -0.548159 (VIOLATED)
_07775_/B1                              0.750000    1.298151   -0.548151 (VIOLATED)
_08671_/A2                              0.750000    1.298145   -0.548145 (VIOLATED)
_08519_/A2                              0.750000    1.298141   -0.548141 (VIOLATED)
_08303_/B1                              0.750000    1.298128   -0.548128 (VIOLATED)
_08411_/B1                              0.750000    1.298120   -0.548120 (VIOLATED)
_07987_/B1                              0.750000    1.298119   -0.548119 (VIOLATED)
_08620_/A2                              0.750000    1.298107   -0.548107 (VIOLATED)
_08035_/B1                              0.750000    1.298090   -0.548090 (VIOLATED)
_08361_/B1                              0.750000    1.298088   -0.548088 (VIOLATED)
_07860_/B                               0.750000    1.298079   -0.548079 (VIOLATED)
_07936_/B1                              0.750000    1.298069   -0.548069 (VIOLATED)
_08144_/A2_N                            0.750000    1.298033   -0.548033 (VIOLATED)
_08244_/A2                              0.750000    1.298033   -0.548034 (VIOLATED)
_07825_/B1                              0.750000    1.298006   -0.548006 (VIOLATED)
_07533_/B                               0.750000    1.297984   -0.547984 (VIOLATED)
_08090_/B1                              0.750000    1.297963   -0.547963 (VIOLATED)
_07707_/A2                              0.750000    1.297922   -0.547922 (VIOLATED)
_07532_/Y                               0.750000    1.297905   -0.547905 (VIOLATED)
_14369_/S                               0.750000    1.280349   -0.530349 (VIOLATED)
_14371_/S                               0.750000    1.280342   -0.530342 (VIOLATED)
_14375_/S                               0.750000    1.280342   -0.530342 (VIOLATED)
_14376_/S                               0.750000    1.280336   -0.530336 (VIOLATED)
_14379_/S                               0.750000    1.280308   -0.530308 (VIOLATED)
_14380_/S                               0.750000    1.280259   -0.530259 (VIOLATED)
_14374_/S                               0.750000    1.280224   -0.530224 (VIOLATED)
_08745_/A2                              0.750000    1.280211   -0.530211 (VIOLATED)
_08698_/A2                              0.750000    1.280208   -0.530208 (VIOLATED)
_08791_/A2                              0.750000    1.280198   -0.530198 (VIOLATED)
_14373_/S                               0.750000    1.280185   -0.530185 (VIOLATED)
_09207_/B1                              0.750000    1.280183   -0.530183 (VIOLATED)
_09041_/B1                              0.750000    1.280180   -0.530180 (VIOLATED)
_14363_/S                               0.750000    1.280177   -0.530177 (VIOLATED)
_14361_/S                               0.750000    1.280167   -0.530167 (VIOLATED)
_14353_/S                               0.750000    1.280158   -0.530158 (VIOLATED)
_14366_/S                               0.750000    1.280148   -0.530148 (VIOLATED)
_08894_/A2                              0.750000    1.280138   -0.530138 (VIOLATED)
_14367_/S                               0.750000    1.280126   -0.530126 (VIOLATED)
_14362_/S                               0.750000    1.280124   -0.530124 (VIOLATED)
_09004_/B1                              0.750000    1.280115   -0.530115 (VIOLATED)
_08945_/B1                              0.750000    1.280072   -0.530072 (VIOLATED)
_09272_/B1                              0.750000    1.280069   -0.530069 (VIOLATED)
_14370_/S                               0.750000    1.280068   -0.530068 (VIOLATED)
_14365_/S                               0.750000    1.280065   -0.530065 (VIOLATED)
_14372_/S                               0.750000    1.280064   -0.530064 (VIOLATED)
_14378_/S                               0.750000    1.280059   -0.530059 (VIOLATED)
_08531_/B1                              0.750000    1.280055   -0.530055 (VIOLATED)
_14377_/S                               0.750000    1.280034   -0.530034 (VIOLATED)
_14364_/S                               0.750000    1.280013   -0.530013 (VIOLATED)
_08590_/A2                              0.750000    1.280008   -0.530008 (VIOLATED)
_14351_/S                               0.750000    1.280007   -0.530007 (VIOLATED)
_08843_/A2                              0.750000    1.280002   -0.530002 (VIOLATED)
_09152_/B1                              0.750000    1.279999   -0.529999 (VIOLATED)
_09094_/B1                              0.750000    1.279990   -0.529990 (VIOLATED)
_14368_/S                               0.750000    1.279980   -0.529980 (VIOLATED)
_08268_/A2                              0.750000    1.279973   -0.529973 (VIOLATED)
_14350_/S                               0.750000    1.279969   -0.529969 (VIOLATED)
_14355_/S                               0.750000    1.279959   -0.529959 (VIOLATED)
_08420_/A2                              0.750000    1.279958   -0.529958 (VIOLATED)
_08635_/B1                              0.750000    1.279957   -0.529957 (VIOLATED)
_14359_/S                               0.750000    1.279950   -0.529950 (VIOLATED)
_08373_/B1                              0.750000    1.279948   -0.529948 (VIOLATED)
_07843_/B1                              0.750000    1.279943   -0.529943 (VIOLATED)
_08009_/B1                              0.750000    1.279937   -0.529937 (VIOLATED)
_07746_/B1                              0.750000    1.279936   -0.529936 (VIOLATED)
_07956_/B1                              0.750000    1.279935   -0.529935 (VIOLATED)
_08329_/B1                              0.750000    1.279933   -0.529933 (VIOLATED)
_07897_/B1                              0.750000    1.279930   -0.529930 (VIOLATED)
_08491_/A2                              0.750000    1.279918   -0.529918 (VIOLATED)
_08161_/A2                              0.750000    1.279905   -0.529905 (VIOLATED)
_14354_/S                               0.750000    1.279886   -0.529886 (VIOLATED)
_14356_/S                               0.750000    1.279886   -0.529886 (VIOLATED)
_08100_/B1                              0.750000    1.279865   -0.529865 (VIOLATED)
_07519_/B1                              0.750000    1.279863   -0.529863 (VIOLATED)
_14360_/S                               0.750000    1.279847   -0.529847 (VIOLATED)
_07791_/B1                              0.750000    1.279841   -0.529841 (VIOLATED)
_08205_/B1                              0.750000    1.279841   -0.529841 (VIOLATED)
_08053_/A2                              0.750000    1.279840   -0.529840 (VIOLATED)
_07663_/B1                              0.750000    1.279837   -0.529837 (VIOLATED)
_07495_/X                               0.750000    1.279835   -0.529835 (VIOLATED)
_14352_/S                               0.750000    1.279829   -0.529829 (VIOLATED)
_14358_/S                               0.750000    1.279826   -0.529826 (VIOLATED)
_14349_/S                               0.750000    1.279818   -0.529818 (VIOLATED)
_14357_/S                               0.750000    1.279818   -0.529818 (VIOLATED)
_14348_/X                               0.750000    1.279815   -0.529815 (VIOLATED)
_08859_/A2                              0.750000    1.266601   -0.516601 (VIOLATED)
_08756_/A2                              0.750000    1.266598   -0.516598 (VIOLATED)
_08704_/A2                              0.750000    1.266589   -0.516589 (VIOLATED)
_08808_/B1                              0.750000    1.266575   -0.516575 (VIOLATED)
_09059_/B1                              0.750000    1.266554   -0.516554 (VIOLATED)
_09212_/B1                              0.750000    1.266522   -0.516522 (VIOLATED)
_09010_/B1                              0.750000    1.266487   -0.516487 (VIOLATED)
_09285_/A2                              0.750000    1.266445   -0.516445 (VIOLATED)
_08959_/B1                              0.750000    1.266442   -0.516442 (VIOLATED)
_09162_/S                               0.750000    1.266423   -0.516423 (VIOLATED)
_08546_/B1                              0.750000    1.266361   -0.516361 (VIOLATED)
_09108_/A2                              0.750000    1.266305   -0.516305 (VIOLATED)
_08911_/A2                              0.750000    1.266304   -0.516304 (VIOLATED)
_08438_/B1                              0.750000    1.266300   -0.516300 (VIOLATED)
_08389_/B1                              0.750000    1.266294   -0.516294 (VIOLATED)
_08281_/B1                              0.750000    1.266292   -0.516292 (VIOLATED)
_08496_/A2                              0.750000    1.266275   -0.516275 (VIOLATED)
_07857_/B1                              0.750000    1.266267   -0.516267 (VIOLATED)
_07751_/B1                              0.750000    1.266263   -0.516263 (VIOLATED)
_08173_/B1                              0.750000    1.266219   -0.516219 (VIOLATED)
_08629_/B                               0.750000    1.266189   -0.516189 (VIOLATED)
_07965_/B1                              0.750000    1.266187   -0.516187 (VIOLATED)
_08014_/B1                              0.750000    1.266185   -0.516185 (VIOLATED)
_07912_/B1                              0.750000    1.266180   -0.516180 (VIOLATED)
_08221_/B1                              0.750000    1.266171   -0.516171 (VIOLATED)
_08597_/B1                              0.750000    1.266153   -0.516153 (VIOLATED)
_08336_/B1                              0.750000    1.266149   -0.516149 (VIOLATED)
_07526_/B1                              0.750000    1.266139   -0.516139 (VIOLATED)
_07803_/B1                              0.750000    1.266134   -0.516134 (VIOLATED)
_08117_/B1                              0.750000    1.266133   -0.516133 (VIOLATED)
_08064_/B1                              0.750000    1.266094   -0.516094 (VIOLATED)
_07678_/B1                              0.750000    1.266072   -0.516072 (VIOLATED)
_07461_/Y                               0.750000    1.266055   -0.516055 (VIOLATED)
_08751_/A2                              0.750000    1.245556   -0.495556 (VIOLATED)
_08855_/A2                              0.750000    1.245552   -0.495552 (VIOLATED)
_09160_/B1                              0.750000    1.245548   -0.495548 (VIOLATED)
_08898_/B1                              0.750000    1.245526   -0.495526 (VIOLATED)
_09002_/A2                              0.750000    1.245522   -0.495522 (VIOLATED)
_09099_/A2                              0.750000    1.245521   -0.495521 (VIOLATED)
_08431_/A2                              0.750000    1.245520   -0.495520 (VIOLATED)
_08263_/A2                              0.750000    1.245513   -0.495513 (VIOLATED)
_07839_/A2                              0.750000    1.245504   -0.495504 (VIOLATED)
_08382_/A2                              0.750000    1.245504   -0.495504 (VIOLATED)
_12339_/B1                              0.750000    1.245500   -0.495500 (VIOLATED)
_12337_/B1                              0.750000    1.245499   -0.495500 (VIOLATED)
_08693_/A2                              0.750000    1.245499   -0.495499 (VIOLATED)
_12338_/B1                              0.750000    1.245498   -0.495498 (VIOLATED)
_08793_/A2                              0.750000    1.245497   -0.495497 (VIOLATED)
_12340_/B1                              0.750000    1.245493   -0.495493 (VIOLATED)
_09050_/B1                              0.750000    1.245492   -0.495492 (VIOLATED)
_09195_/A2                              0.750000    1.245488   -0.495488 (VIOLATED)
_08323_/A2                              0.750000    1.245487   -0.495487 (VIOLATED)
_12341_/B1                              0.750000    1.245486   -0.495486 (VIOLATED)
_08005_/A2                              0.750000    1.245481   -0.495481 (VIOLATED)
_07895_/A2                              0.750000    1.245478   -0.495478 (VIOLATED)
_12342_/B1                              0.750000    1.245478   -0.495478 (VIOLATED)
_08203_/A2                              0.750000    1.245475   -0.495475 (VIOLATED)
_08944_/A2                              0.750000    1.245475   -0.495475 (VIOLATED)
_08634_/B1                              0.750000    1.245472   -0.495472 (VIOLATED)
_12362_/B1                              0.750000    1.245472   -0.495472 (VIOLATED)
_07962_/A2                              0.750000    1.245469   -0.495469 (VIOLATED)
_12344_/B1                              0.750000    1.245468   -0.495468 (VIOLATED)
_07737_/A2                              0.750000    1.245465   -0.495465 (VIOLATED)
_07788_/A2                              0.750000    1.245462   -0.495462 (VIOLATED)
_12343_/B1                              0.750000    1.245459   -0.495459 (VIOLATED)
_08046_/B1                              0.750000    1.245455   -0.495455 (VIOLATED)
_09269_/A2                              0.750000    1.245454   -0.495454 (VIOLATED)
_08162_/B1                              0.750000    1.245451   -0.495451 (VIOLATED)
_08583_/B1                              0.750000    1.245450   -0.495450 (VIOLATED)
_12345_/B1                              0.750000    1.245449   -0.495449 (VIOLATED)
_12359_/A2                              0.750000    1.245445   -0.495445 (VIOLATED)
_08540_/A2                              0.750000    1.245442   -0.495442 (VIOLATED)
_12361_/B1                              0.750000    1.245434   -0.495434 (VIOLATED)
_12346_/B1                              0.750000    1.245432   -0.495432 (VIOLATED)
_12350_/B1                              0.750000    1.245431   -0.495431 (VIOLATED)
_12351_/B1                              0.750000    1.245431   -0.495431 (VIOLATED)
_12352_/B1                              0.750000    1.245431   -0.495431 (VIOLATED)
_12353_/B1                              0.750000    1.245431   -0.495431 (VIOLATED)
_12355_/B1                              0.750000    1.245431   -0.495431 (VIOLATED)
_12354_/B1                              0.750000    1.245430   -0.495430 (VIOLATED)
_12348_/B1                              0.750000    1.245429   -0.495429 (VIOLATED)
_12349_/B1                              0.750000    1.245428   -0.495428 (VIOLATED)
_08488_/A2                              0.750000    1.245427   -0.495427 (VIOLATED)
_12357_/A2                              0.750000    1.245427   -0.495427 (VIOLATED)
_12360_/B1                              0.750000    1.245427   -0.495427 (VIOLATED)
_08106_/B1                              0.750000    1.245424   -0.495424 (VIOLATED)
_12335_/Y                               0.750000    1.245423   -0.495423 (VIOLATED)
_12347_/B1                              0.750000    1.245423   -0.495423 (VIOLATED)
_07517_/A2                              0.750000    1.245402   -0.495402 (VIOLATED)
_07672_/A2                              0.750000    1.245401   -0.495401 (VIOLATED)
_07482_/X                               0.750000    1.245398   -0.495398 (VIOLATED)
_08688_/A2                              0.750000    1.243592   -0.493592 (VIOLATED)
_08802_/B1                              0.750000    1.243589   -0.493589 (VIOLATED)
_08752_/B1                              0.750000    1.243583   -0.493583 (VIOLATED)
_08846_/B1                              0.750000    1.243581   -0.493581 (VIOLATED)
_09048_/B1                              0.750000    1.243579   -0.493579 (VIOLATED)
_09195_/B1                              0.750000    1.243573   -0.493573 (VIOLATED)
_09147_/A2                              0.750000    1.243570   -0.493571 (VIOLATED)
_08377_/B1                              0.750000    1.243553   -0.493553 (VIOLATED)
_09099_/B1                              0.750000    1.243552   -0.493552 (VIOLATED)
_08592_/A2                              0.750000    1.243550   -0.493550 (VIOLATED)
_08997_/A2                              0.750000    1.243540   -0.493540 (VIOLATED)
_08429_/A2                              0.750000    1.243535   -0.493535 (VIOLATED)
_08946_/B1                              0.750000    1.243522   -0.493522 (VIOLATED)
_09275_/A2                              0.750000    1.243519   -0.493519 (VIOLATED)
_08905_/B1                              0.750000    1.243507   -0.493507 (VIOLATED)
_08643_/A2                              0.750000    1.243507   -0.493507 (VIOLATED)
_07961_/A2                              0.750000    1.243503   -0.493503 (VIOLATED)
_08275_/B1                              0.750000    1.243502   -0.493502 (VIOLATED)
_08528_/A2                              0.750000    1.243493   -0.493493 (VIOLATED)
_07745_/A2                              0.750000    1.243482   -0.493481 (VIOLATED)
_08480_/A2                              0.750000    1.243431   -0.493431 (VIOLATED)
_08158_/A2                              0.750000    1.243427   -0.493427 (VIOLATED)
_07851_/B1                              0.750000    1.243410   -0.493410 (VIOLATED)
_08320_/B1                              0.750000    1.243409   -0.493409 (VIOLATED)
_07908_/B1                              0.750000    1.243390   -0.493390 (VIOLATED)
_08007_/B1                              0.750000    1.243390   -0.493390 (VIOLATED)
_08109_/B1                              0.750000    1.243389   -0.493389 (VIOLATED)
_08213_/B1                              0.750000    1.243387   -0.493387 (VIOLATED)
_07520_/A2                              0.750000    1.243385   -0.493385 (VIOLATED)
_07786_/B1                              0.750000    1.243382   -0.493382 (VIOLATED)
_08057_/B1                              0.750000    1.243377   -0.493377 (VIOLATED)
_07498_/X                               0.750000    1.243373   -0.493373 (VIOLATED)
_07670_/B1                              0.750000    1.243373   -0.493373 (VIOLATED)
_08845_/B1                              0.750000    1.243088   -0.493088 (VIOLATED)
_08741_/A2                              0.750000    1.243083   -0.493083 (VIOLATED)
_08697_/B1                              0.750000    1.243080   -0.493080 (VIOLATED)
_09154_/B1                              0.750000    1.243070   -0.493070 (VIOLATED)
_08803_/A2                              0.750000    1.243068   -0.493068 (VIOLATED)
_08907_/B1                              0.750000    1.243068   -0.493068 (VIOLATED)
_09101_/B1                              0.750000    1.243061   -0.493061 (VIOLATED)
_08421_/A2                              0.750000    1.243058   -0.493058 (VIOLATED)
_09045_/A2                              0.750000    1.243050   -0.493050 (VIOLATED)
_08273_/B1                              0.750000    1.243049   -0.493049 (VIOLATED)
_09001_/B1                              0.750000    1.243049   -0.493049 (VIOLATED)
_08385_/B1                              0.750000    1.243039   -0.493039 (VIOLATED)
_09203_/A2                              0.750000    1.243030   -0.493030 (VIOLATED)
_07850_/A2                              0.750000    1.243018   -0.493018 (VIOLATED)
_08945_/A2                              0.750000    1.243011   -0.493011 (VIOLATED)
_09274_/A2                              0.750000    1.242994   -0.492994 (VIOLATED)
_07963_/A2                              0.750000    1.242986   -0.492986 (VIOLATED)
_08637_/A2                              0.750000    1.242986   -0.492986 (VIOLATED)
_07746_/A2                              0.750000    1.242981   -0.492981 (VIOLATED)
_08163_/A2                              0.750000    1.242964   -0.492964 (VIOLATED)
_08536_/B1                              0.750000    1.242960   -0.492960 (VIOLATED)
_08586_/B1                              0.750000    1.242947   -0.492947 (VIOLATED)
_08319_/B1                              0.750000    1.242941   -0.492941 (VIOLATED)
_08002_/A2                              0.750000    1.242910   -0.492910 (VIOLATED)
_07900_/A2                              0.750000    1.242908   -0.492907 (VIOLATED)
_08482_/A2                              0.750000    1.242907   -0.492907 (VIOLATED)
_08212_/A2                              0.750000    1.242904   -0.492904 (VIOLATED)
_08109_/A2                              0.750000    1.242903   -0.492903 (VIOLATED)
_07791_/A2                              0.750000    1.242901   -0.492901 (VIOLATED)
_08048_/A2                              0.750000    1.242894   -0.492894 (VIOLATED)
_07667_/A2                              0.750000    1.242888   -0.492888 (VIOLATED)
_07513_/B1                              0.750000    1.242886   -0.492886 (VIOLATED)
_07489_/X                               0.750000    1.242884   -0.492884 (VIOLATED)
_08753_/A2                              0.750000    1.239319   -0.489319 (VIOLATED)
_08853_/B1                              0.750000    1.239314   -0.489314 (VIOLATED)
_09158_/B1                              0.750000    1.239303   -0.489303 (VIOLATED)
_08686_/B1                              0.750000    1.239299   -0.489299 (VIOLATED)
_08798_/B1                              0.750000    1.239297   -0.489297 (VIOLATED)
_09093_/A2                              0.750000    1.239288   -0.489288 (VIOLATED)
_08906_/B1                              0.750000    1.239280   -0.489280 (VIOLATED)
_09002_/B1                              0.750000    1.239267   -0.489267 (VIOLATED)
_08377_/A2                              0.750000    1.239247   -0.489247 (VIOLATED)
_08278_/B1                              0.750000    1.239240   -0.489240 (VIOLATED)
_07851_/A2                              0.750000    1.239174   -0.489174 (VIOLATED)
_08436_/B1                              0.750000    1.239135   -0.489135 (VIOLATED)
_08633_/B1                              0.750000    1.239133   -0.489133 (VIOLATED)
_08009_/A2                              0.750000    1.239129   -0.489129 (VIOLATED)
_08321_/B1                              0.750000    1.239129   -0.489129 (VIOLATED)
_07953_/A2                              0.750000    1.239125   -0.489125 (VIOLATED)
_07748_/B1                              0.750000    1.239123   -0.489123 (VIOLATED)
_07896_/B1                              0.750000    1.239120   -0.489120 (VIOLATED)
_08209_/B1                              0.750000    1.239106   -0.489106 (VIOLATED)
_09041_/A2                              0.750000    1.239100   -0.489100 (VIOLATED)
_09206_/B1                              0.750000    1.239099   -0.489099 (VIOLATED)
_08171_/A2                              0.750000    1.239095   -0.489095 (VIOLATED)
_09282_/A2                              0.750000    1.239088   -0.489088 (VIOLATED)
_08956_/A2                              0.750000    1.239084   -0.489084 (VIOLATED)
_08543_/B1                              0.750000    1.239066   -0.489066 (VIOLATED)
_08582_/A2                              0.750000    1.239039   -0.489039 (VIOLATED)
_08484_/B1                              0.750000    1.239023   -0.489023 (VIOLATED)
_08105_/B1                              0.750000    1.239009   -0.489009 (VIOLATED)
_07523_/B1                              0.750000    1.238999   -0.488999 (VIOLATED)
_07799_/A2                              0.750000    1.238981   -0.488981 (VIOLATED)
_08057_/A2                              0.750000    1.238980   -0.488980 (VIOLATED)
_07665_/A2                              0.750000    1.238979   -0.488980 (VIOLATED)
_07488_/X                               0.750000    1.238973   -0.488973 (VIOLATED)
_08694_/A2                              0.750000    1.226722   -0.476722 (VIOLATED)
_08796_/B1                              0.750000    1.226710   -0.476710 (VIOLATED)
_09149_/A2                              0.750000    1.226692   -0.476692 (VIOLATED)
_08907_/A2                              0.750000    1.226689   -0.476689 (VIOLATED)
_08264_/A2                              0.750000    1.226679   -0.476679 (VIOLATED)
_08374_/A2                              0.750000    1.226663   -0.476663 (VIOLATED)
_09048_/A2                              0.750000    1.226632   -0.476632 (VIOLATED)
_09199_/B1                              0.750000    1.226630   -0.476630 (VIOLATED)
_08995_/A2                              0.750000    1.226617   -0.476617 (VIOLATED)
_08948_/A2                              0.750000    1.226603   -0.476603 (VIOLATED)
_09270_/A2                              0.750000    1.226597   -0.476597 (VIOLATED)
_08746_/B1                              0.750000    1.226594   -0.476594 (VIOLATED)
_08850_/A2                              0.750000    1.226589   -0.476589 (VIOLATED)
_08588_/B1                              0.750000    1.226585   -0.476585 (VIOLATED)
_09096_/A2                              0.750000    1.226570   -0.476570 (VIOLATED)
_08537_/A2                              0.750000    1.226566   -0.476566 (VIOLATED)
_08427_/B1                              0.750000    1.226551   -0.476551 (VIOLATED)
_08634_/A2                              0.750000    1.226524   -0.476523 (VIOLATED)
_07734_/A2                              0.750000    1.226485   -0.476485 (VIOLATED)
_08166_/B1                              0.750000    1.226466   -0.476466 (VIOLATED)
_08493_/B1                              0.750000    1.226458   -0.476458 (VIOLATED)
_07848_/A2                              0.750000    1.226456   -0.476456 (VIOLATED)
_08334_/A2                              0.750000    1.226421   -0.476421 (VIOLATED)
_08103_/A2                              0.750000    1.226418   -0.476418 (VIOLATED)
_07524_/A2                              0.750000    1.226377   -0.476377 (VIOLATED)
_07955_/A2                              0.750000    1.226331   -0.476331 (VIOLATED)
_08010_/A2                              0.750000    1.226331   -0.476331 (VIOLATED)
_07903_/A2                              0.750000    1.226327   -0.476327 (VIOLATED)
_08204_/A2                              0.750000    1.226323   -0.476323 (VIOLATED)
_07796_/A2                              0.750000    1.226318   -0.476318 (VIOLATED)
_08055_/A2                              0.750000    1.226314   -0.476314 (VIOLATED)
_07477_/X                               0.750000    1.226306   -0.476306 (VIOLATED)
_08748_/B1                              0.750000    1.225845   -0.475845 (VIOLATED)
_08696_/A2                              0.750000    1.225843   -0.475843 (VIOLATED)
_08794_/A2                              0.750000    1.225829   -0.475829 (VIOLATED)
_09057_/B1                              0.750000    1.225814   -0.475814 (VIOLATED)
_09201_/A2                              0.750000    1.225789   -0.475789 (VIOLATED)
_08951_/A2                              0.750000    1.225783   -0.475783 (VIOLATED)
_08856_/A2                              0.750000    1.225777   -0.475777 (VIOLATED)
_09151_/A2                              0.750000    1.225772   -0.475772 (VIOLATED)
_08908_/A2                              0.750000    1.225761   -0.475761 (VIOLATED)
_08264_/B1                              0.750000    1.225743   -0.475743 (VIOLATED)
_09005_/B1                              0.750000    1.225743   -0.475743 (VIOLATED)
_09277_/A2                              0.750000    1.225738   -0.475738 (VIOLATED)
_08385_/A2                              0.750000    1.225719   -0.475719 (VIOLATED)
_07739_/A2                              0.750000    1.225680   -0.475680 (VIOLATED)
_08542_/A2                              0.750000    1.225677   -0.475677 (VIOLATED)
_07844_/A2                              0.750000    1.225673   -0.475673 (VIOLATED)
_09102_/A2                              0.750000    1.225668   -0.475668 (VIOLATED)
_08428_/B1                              0.750000    1.225665   -0.475665 (VIOLATED)
_08642_/A2                              0.750000    1.225656   -0.475656 (VIOLATED)
_07952_/B1                              0.750000    1.225633   -0.475633 (VIOLATED)
_07998_/A2                              0.750000    1.225622   -0.475622 (VIOLATED)
_07908_/A2                              0.750000    1.225615   -0.475615 (VIOLATED)
_08169_/B1                              0.750000    1.225605   -0.475605 (VIOLATED)
_08485_/B1                              0.750000    1.225602   -0.475602 (VIOLATED)
_08218_/A2                              0.750000    1.225580   -0.475580 (VIOLATED)
_07800_/A2                              0.750000    1.225549   -0.475549 (VIOLATED)
_08594_/A2                              0.750000    1.225517   -0.475517 (VIOLATED)
_08329_/A2                              0.750000    1.225511   -0.475511 (VIOLATED)
_07510_/A2                              0.750000    1.225505   -0.475505 (VIOLATED)
_08114_/B1                              0.750000    1.225496   -0.475496 (VIOLATED)
_08050_/A2                              0.750000    1.225492   -0.475492 (VIOLATED)
_07666_/A2                              0.750000    1.225453   -0.475453 (VIOLATED)
_07483_/X                               0.750000    1.225434   -0.475434 (VIOLATED)
_08764_/A2                              0.750000    1.223321   -0.473321 (VIOLATED)
_08718_/A2                              0.750000    1.223312   -0.473312 (VIOLATED)
_08866_/A2                              0.750000    1.223297   -0.473297 (VIOLATED)
_09175_/A2                              0.750000    1.223292   -0.473292 (VIOLATED)
_08452_/A2                              0.750000    1.223279   -0.473280 (VIOLATED)
_08929_/A2                              0.750000    1.223277   -0.473277 (VIOLATED)
_09118_/A2                              0.750000    1.223276   -0.473277 (VIOLATED)
_08292_/A2                              0.750000    1.223242   -0.473242 (VIOLATED)
_09023_/A2                              0.750000    1.223189   -0.473189 (VIOLATED)
_08813_/A2                              0.750000    1.223188   -0.473188 (VIOLATED)
_09065_/A2                              0.750000    1.223184   -0.473184 (VIOLATED)
_08401_/A2                              0.750000    1.223180   -0.473180 (VIOLATED)
_09231_/A2                              0.750000    1.223170   -0.473170 (VIOLATED)
_08978_/A2                              0.750000    1.223149   -0.473149 (VIOLATED)
_09253_/A2                              0.750000    1.223129   -0.473129 (VIOLATED)
_07867_/A2                              0.750000    1.223122   -0.473122 (VIOLATED)
_08604_/A2                              0.750000    1.223068   -0.473068 (VIOLATED)
_08550_/A2                              0.750000    1.223052   -0.473052 (VIOLATED)
_08350_/A2                              0.750000    1.223009   -0.473009 (VIOLATED)
_08511_/B1                              0.750000    1.222952   -0.472952 (VIOLATED)
_08132_/A2                              0.750000    1.222930   -0.472930 (VIOLATED)
_07585_/A2                              0.750000    1.222883   -0.472883 (VIOLATED)
_08658_/B1                              0.750000    1.222865   -0.472865 (VIOLATED)
_07968_/A2                              0.750000    1.222862   -0.472862 (VIOLATED)
_08025_/A2                              0.750000    1.222857   -0.472857 (VIOLATED)
_07758_/A2                              0.750000    1.222850   -0.472850 (VIOLATED)
_07921_/A2                              0.750000    1.222851   -0.472851 (VIOLATED)
_08194_/A2                              0.750000    1.222845   -0.472845 (VIOLATED)
_08230_/A2                              0.750000    1.222834   -0.472834 (VIOLATED)
_07809_/A2                              0.750000    1.222814   -0.472814 (VIOLATED)
_08080_/A2                              0.750000    1.222798   -0.472798 (VIOLATED)
_07703_/A2                              0.750000    1.222767   -0.472767 (VIOLATED)
_07288_/B                               0.750000    1.222744   -0.472744 (VIOLATED)
_07200_/X                               0.750000    1.222739   -0.472739 (VIOLATED)
_08855_/B1                              0.750000    1.221687   -0.471687 (VIOLATED)
_08745_/B1                              0.750000    1.221686   -0.471686 (VIOLATED)
_09150_/A2                              0.750000    1.221685   -0.471685 (VIOLATED)
_07902_/B1                              0.750000    1.221683   -0.471683 (VIOLATED)
_08692_/B1                              0.750000    1.221683   -0.471683 (VIOLATED)
_09090_/B1                              0.750000    1.221682   -0.471682 (VIOLATED)
_07997_/B1                              0.750000    1.221681   -0.471681 (VIOLATED)
_07961_/B1                              0.750000    1.221678   -0.471678 (VIOLATED)
_08800_/B1                              0.750000    1.221673   -0.471673 (VIOLATED)
_08435_/B1                              0.750000    1.221670   -0.471670 (VIOLATED)
_08637_/B1                              0.750000    1.221669   -0.471669 (VIOLATED)
_08893_/A2                              0.750000    1.221664   -0.471664 (VIOLATED)
_08268_/B1                              0.750000    1.221660   -0.471660 (VIOLATED)
_09045_/B1                              0.750000    1.221653   -0.471653 (VIOLATED)
_07744_/B1                              0.750000    1.221643   -0.471644 (VIOLATED)
_09007_/B1                              0.750000    1.221642   -0.471643 (VIOLATED)
_08375_/B1                              0.750000    1.221628   -0.471628 (VIOLATED)
_08579_/A2                              0.750000    1.221618   -0.471618 (VIOLATED)
_08163_/B1                              0.750000    1.221610   -0.471610 (VIOLATED)
_09209_/A2                              0.750000    1.221606   -0.471606 (VIOLATED)
_09278_/A2                              0.750000    1.221604   -0.471604 (VIOLATED)
_08943_/B1                              0.750000    1.221602   -0.471602 (VIOLATED)
_07841_/B1                              0.750000    1.221599   -0.471599 (VIOLATED)
_08535_/B1                              0.750000    1.221590   -0.471590 (VIOLATED)
_08211_/B1                              0.750000    1.221572   -0.471572 (VIOLATED)
_07799_/B1                              0.750000    1.221570   -0.471570 (VIOLATED)
_08099_/A2                              0.750000    1.221569   -0.471569 (VIOLATED)
_08054_/B1                              0.750000    1.221568   -0.471568 (VIOLATED)
_08478_/B1                              0.750000    1.221566   -0.471566 (VIOLATED)
_08328_/B1                              0.750000    1.221565   -0.471565 (VIOLATED)
_07671_/A2                              0.750000    1.221564   -0.471564 (VIOLATED)
_07501_/X                               0.750000    1.221558   -0.471558 (VIOLATED)
_07511_/A2                              0.750000    1.221558   -0.471558 (VIOLATED)
_11673_/B                               0.750000    1.221446   -0.471446 (VIOLATED)
_11677_/A1                              0.750000    1.221446   -0.471446 (VIOLATED)
_11660_/B2                              0.750000    1.221445   -0.471445 (VIOLATED)
_11669_/B2                              0.750000    1.221445   -0.471445 (VIOLATED)
_11652_/B1                              0.750000    1.221444   -0.471444 (VIOLATED)
_11648_/B1                              0.750000    1.221443   -0.471443 (VIOLATED)
_11634_/B1                              0.750000    1.221432   -0.471432 (VIOLATED)
_11638_/B1                              0.750000    1.221432   -0.471432 (VIOLATED)
_11643_/B1                              0.750000    1.221431   -0.471431 (VIOLATED)
_11688_/B1                              0.750000    1.221420   -0.471420 (VIOLATED)
_11624_/B1                              0.750000    1.221409   -0.471409 (VIOLATED)
_11619_/B1                              0.750000    1.221402   -0.471402 (VIOLATED)
_11609_/B1                              0.750000    1.221381   -0.471381 (VIOLATED)
_11605_/B1                              0.750000    1.221373   -0.471373 (VIOLATED)
_11595_/B1                              0.750000    1.221360   -0.471360 (VIOLATED)
_11580_/B1                              0.750000    1.221337   -0.471337 (VIOLATED)
_11565_/B1                              0.750000    1.221324   -0.471324 (VIOLATED)
_11550_/B                               0.750000    1.221317   -0.471317 (VIOLATED)
_11555_/B1                              0.750000    1.221317   -0.471317 (VIOLATED)
_11560_/B1                              0.750000    1.221316   -0.471316 (VIOLATED)
_11541_/Y                               0.750000    1.221313   -0.471313 (VIOLATED)
_08750_/A2                              0.750000    1.220563   -0.470563 (VIOLATED)
_08854_/A2                              0.750000    1.220559   -0.470558 (VIOLATED)
_09157_/A2                              0.750000    1.220549   -0.470549 (VIOLATED)
_09097_/A2                              0.750000    1.220548   -0.470548 (VIOLATED)
_08692_/A2                              0.750000    1.220541   -0.470541 (VIOLATED)
_08804_/A2                              0.750000    1.220540   -0.470540 (VIOLATED)
_08904_/A2                              0.750000    1.220533   -0.470533 (VIOLATED)
_09055_/A2                              0.750000    1.220532   -0.470532 (VIOLATED)
_09006_/A2                              0.750000    1.220515   -0.470515 (VIOLATED)
_08376_/A2                              0.750000    1.220502   -0.470502 (VIOLATED)
_07996_/A2                              0.750000    1.220477   -0.470477 (VIOLATED)
_07894_/A2                              0.750000    1.220476   -0.470476 (VIOLATED)
_08591_/A2                              0.750000    1.220473   -0.470473 (VIOLATED)
_08208_/A2                              0.750000    1.220472   -0.470472 (VIOLATED)
_07793_/A2                              0.750000    1.220466   -0.470467 (VIOLATED)
_09199_/A2                              0.750000    1.220461   -0.470461 (VIOLATED)
_07959_/A2                              0.750000    1.220460   -0.470460 (VIOLATED)
_08631_/A2                              0.750000    1.220460   -0.470460 (VIOLATED)
_09279_/A2                              0.750000    1.220458   -0.470458 (VIOLATED)
_08433_/A2                              0.750000    1.220457   -0.470457 (VIOLATED)
_08942_/A2                              0.750000    1.220456   -0.470456 (VIOLATED)
_08278_/A2                              0.750000    1.220455   -0.470455 (VIOLATED)
_07736_/A2                              0.750000    1.220451   -0.470451 (VIOLATED)
_08169_/A2                              0.750000    1.220451   -0.470451 (VIOLATED)
_08110_/A2                              0.750000    1.220438   -0.470438 (VIOLATED)
_07849_/A2                              0.750000    1.220434   -0.470434 (VIOLATED)
_08529_/A2                              0.750000    1.220434   -0.470434 (VIOLATED)
_08318_/A2                              0.750000    1.220407   -0.470407 (VIOLATED)
_08054_/A2                              0.750000    1.220391   -0.470391 (VIOLATED)
_07661_/A2                              0.750000    1.220390   -0.470390 (VIOLATED)
_07515_/A2                              0.750000    1.220385   -0.470385 (VIOLATED)
_08490_/A2                              0.750000    1.220383   -0.470383 (VIOLATED)
_07463_/X                               0.750000    1.220376   -0.470376 (VIOLATED)
_08742_/B1                              0.750000    1.220258   -0.470258 (VIOLATED)
_08699_/B1                              0.750000    1.220255   -0.470255 (VIOLATED)
_08801_/A2                              0.750000    1.220246   -0.470246 (VIOLATED)
_09055_/B1                              0.750000    1.220236   -0.470236 (VIOLATED)
_09208_/B1                              0.750000    1.220211   -0.470211 (VIOLATED)
_08949_/B1                              0.750000    1.220196   -0.470196 (VIOLATED)
_08849_/A2                              0.750000    1.220182   -0.470182 (VIOLATED)
_09148_/A2                              0.750000    1.220178   -0.470178 (VIOLATED)
_09095_/B1                              0.750000    1.220171   -0.470171 (VIOLATED)
_09269_/B1                              0.750000    1.220161   -0.470161 (VIOLATED)
_08432_/B1                              0.750000    1.220153   -0.470153 (VIOLATED)
_07947_/A2                              0.750000    1.220141   -0.470141 (VIOLATED)
_08636_/B1                              0.750000    1.220140   -0.470140 (VIOLATED)
_08903_/B1                              0.750000    1.220138   -0.470138 (VIOLATED)
_08279_/A2                              0.750000    1.220136   -0.470136 (VIOLATED)
_08378_/A2                              0.750000    1.220128   -0.470128 (VIOLATED)
_08530_/B1                              0.750000    1.220127   -0.470127 (VIOLATED)
_07738_/B1                              0.750000    1.220124   -0.470125 (VIOLATED)
_08996_/B1                              0.750000    1.220121   -0.470121 (VIOLATED)
_07844_/B1                              0.750000    1.220107   -0.470108 (VIOLATED)
_08589_/A2                              0.750000    1.220103   -0.470103 (VIOLATED)
_08171_/B1                              0.750000    1.220085   -0.470085 (VIOLATED)
_08492_/B1                              0.750000    1.220080   -0.470080 (VIOLATED)
_08328_/A2                              0.750000    1.220074   -0.470074 (VIOLATED)
_07999_/A2                              0.750000    1.220061   -0.470061 (VIOLATED)
_07903_/B1                              0.750000    1.220060   -0.470060 (VIOLATED)
_08217_/A2                              0.750000    1.220057   -0.470057 (VIOLATED)
_07798_/B1                              0.750000    1.220051   -0.470051 (VIOLATED)
_08102_/B1                              0.750000    1.220051   -0.470051 (VIOLATED)
_08059_/A2                              0.750000    1.220048   -0.470048 (VIOLATED)
_09062_/B1                              0.750000    1.220045   -0.470045 (VIOLATED)
_07524_/B1                              0.750000    1.220043   -0.470043 (VIOLATED)
_08829_/A2                              0.750000    1.220041   -0.470041 (VIOLATED)
_07665_/B1                              0.750000    1.220040   -0.470040 (VIOLATED)
_08964_/A2                              0.750000    1.220037   -0.470037 (VIOLATED)
_09219_/B1                              0.750000    1.220031   -0.470032 (VIOLATED)
_08920_/B1                              0.750000    1.220029   -0.470029 (VIOLATED)
_07496_/X                               0.750000    1.220028   -0.470028 (VIOLATED)
_09260_/B1                              0.750000    1.220025   -0.470025 (VIOLATED)
_08551_/A2                              0.750000    1.220024   -0.470024 (VIOLATED)
_09015_/B1                              0.750000    1.220011   -0.470011 (VIOLATED)
_08396_/B1                              0.750000    1.220010   -0.470010 (VIOLATED)
_08713_/B1                              0.750000    1.220000   -0.470000 (VIOLATED)
_08770_/B1                              0.750000    1.219997   -0.469997 (VIOLATED)
_08873_/B1                              0.750000    1.219991   -0.469991 (VIOLATED)
_09177_/A2                              0.750000    1.219979   -0.469979 (VIOLATED)
_09125_/B1                              0.750000    1.219963   -0.469963 (VIOLATED)
_08608_/A2                              0.750000    1.219961   -0.469961 (VIOLATED)
_08455_/B1                              0.750000    1.219936   -0.469936 (VIOLATED)
_08503_/A2                              0.750000    1.219929   -0.469929 (VIOLATED)
_08344_/A2                              0.750000    1.219912   -0.469912 (VIOLATED)
_08654_/A2                              0.750000    1.219908   -0.469908 (VIOLATED)
_08286_/B1                              0.750000    1.219891   -0.469891 (VIOLATED)
_07758_/B1                              0.750000    1.219885   -0.469885 (VIOLATED)
_07874_/B1                              0.750000    1.219868   -0.469868 (VIOLATED)
_08184_/B1                              0.750000    1.219851   -0.469851 (VIOLATED)
_08130_/A2                              0.750000    1.219843   -0.469843 (VIOLATED)
_07977_/B1                              0.750000    1.219832   -0.469832 (VIOLATED)
_08018_/B1                              0.750000    1.219831   -0.469832 (VIOLATED)
_07922_/A2                              0.750000    1.219830   -0.469830 (VIOLATED)
_08228_/B1                              0.750000    1.219829   -0.469829 (VIOLATED)
_07571_/X                               0.750000    1.219825   -0.469825 (VIOLATED)
_07701_/B1                              0.750000    1.219825   -0.469825 (VIOLATED)
_07813_/B1                              0.750000    1.219825   -0.469825 (VIOLATED)
_08085_/B1                              0.750000    1.219825   -0.469825 (VIOLATED)
_08740_/A2                              0.750000    1.217111   -0.467111 (VIOLATED)
_08690_/A2                              0.750000    1.217108   -0.467108 (VIOLATED)
_08797_/A2                              0.750000    1.217099   -0.467099 (VIOLATED)
_09044_/A2                              0.750000    1.217084   -0.467084 (VIOLATED)
_08906_/A2                              0.750000    1.217051   -0.467051 (VIOLATED)
_09007_/A2                              0.750000    1.217049   -0.467049 (VIOLATED)
_08266_/A2                              0.750000    1.217016   -0.467016 (VIOLATED)
_08371_/B1                              0.750000    1.217011   -0.467011 (VIOLATED)
_08585_/B1                              0.750000    1.216981   -0.466981 (VIOLATED)
_09204_/A2                              0.750000    1.216954   -0.466954 (VIOLATED)
_09276_/A2                              0.750000    1.216952   -0.466952 (VIOLATED)
_08947_/A2                              0.750000    1.216950   -0.466950 (VIOLATED)
_08536_/A2                              0.750000    1.216934   -0.466934 (VIOLATED)
_08842_/B1                              0.750000    1.216921   -0.466921 (VIOLATED)
_09144_/A2                              0.750000    1.216918   -0.466918 (VIOLATED)
_09091_/A2                              0.750000    1.216913   -0.466913 (VIOLATED)
_08330_/A2                              0.750000    1.216910   -0.466910 (VIOLATED)
_08433_/B1                              0.750000    1.216897   -0.466898 (VIOLATED)
_08484_/A2                              0.750000    1.216895   -0.466895 (VIOLATED)
_08640_/A2                              0.750000    1.216878   -0.466878 (VIOLATED)
_07748_/A2                              0.750000    1.216869   -0.466869 (VIOLATED)
_08166_/A2                              0.750000    1.216846   -0.466846 (VIOLATED)
_07854_/A2                              0.750000    1.216841   -0.466841 (VIOLATED)
_07954_/B1                              0.750000    1.216841   -0.466841 (VIOLATED)
_08004_/B1                              0.750000    1.216840   -0.466840 (VIOLATED)
_07910_/A2                              0.750000    1.216837   -0.466837 (VIOLATED)
_08209_/A2                              0.750000    1.216835   -0.466835 (VIOLATED)
_07522_/A2                              0.750000    1.216833   -0.466833 (VIOLATED)
_07790_/A2                              0.750000    1.216827   -0.466827 (VIOLATED)
_08114_/A2                              0.750000    1.216823   -0.466822 (VIOLATED)
_08062_/B1                              0.750000    1.216820   -0.466820 (VIOLATED)
_07670_/A2                              0.750000    1.216813   -0.466813 (VIOLATED)
_07475_/X                               0.750000    1.216811   -0.466811 (VIOLATED)
_08687_/A2                              0.750000    1.216230   -0.466230 (VIOLATED)
_08798_/A2                              0.750000    1.216225   -0.466225 (VIOLATED)
_09053_/B1                              0.750000    1.216216   -0.466216 (VIOLATED)
_08952_/A2                              0.750000    1.216206   -0.466206 (VIOLATED)
_09198_/B1                              0.750000    1.216202   -0.466203 (VIOLATED)
_08743_/A2                              0.750000    1.216193   -0.466193 (VIOLATED)
_08845_/A2                              0.750000    1.216190   -0.466191 (VIOLATED)
_09144_/B1                              0.750000    1.216180   -0.466180 (VIOLATED)
_08743_/B1                              0.750000    1.216178   -0.466178 (VIOLATED)
_08850_/B1                              0.750000    1.216172   -0.466172 (VIOLATED)
_08995_/B1                              0.750000    1.216169   -0.466169 (VIOLATED)
_09159_/A2                              0.750000    1.216166   -0.466166 (VIOLATED)
_09268_/B1                              0.750000    1.216162   -0.466162 (VIOLATED)
_09101_/A2                              0.750000    1.216162   -0.466162 (VIOLATED)
_08428_/A2                              0.750000    1.216150   -0.466150 (VIOLATED)
_08701_/A2                              0.750000    1.216142   -0.466142 (VIOLATED)
_09102_/B1                              0.750000    1.216141   -0.466141 (VIOLATED)
_08790_/B1                              0.750000    1.216137   -0.466137 (VIOLATED)
_09049_/A2                              0.750000    1.216133   -0.466133 (VIOLATED)
_08431_/B1                              0.750000    1.216126   -0.466126 (VIOLATED)
_08273_/A2                              0.750000    1.216122   -0.466122 (VIOLATED)
_08584_/A2                              0.750000    1.216118   -0.466118 (VIOLATED)
_09210_/B1                              0.750000    1.216118   -0.466118 (VIOLATED)
_07951_/B1                              0.750000    1.216110   -0.466110 (VIOLATED)
_08951_/B1                              0.750000    1.216105   -0.466105 (VIOLATED)
_08631_/B1                              0.750000    1.216103   -0.466103 (VIOLATED)
_08904_/B1                              0.750000    1.216096   -0.466096 (VIOLATED)
_08898_/A2                              0.750000    1.216093   -0.466093 (VIOLATED)
_07734_/B1                              0.750000    1.216089   -0.466089 (VIOLATED)
_08263_/B1                              0.750000    1.216087   -0.466087 (VIOLATED)
_08387_/A2                              0.750000    1.216087   -0.466087 (VIOLATED)
_09273_/A2                              0.750000    1.216083   -0.466083 (VIOLATED)
_08636_/A2                              0.750000    1.216076   -0.466076 (VIOLATED)
_07950_/A2                              0.750000    1.216074   -0.466074 (VIOLATED)
_07840_/B1                              0.750000    1.216066   -0.466066 (VIOLATED)
_08001_/A2                              0.750000    1.216066   -0.466066 (VIOLATED)
_08327_/A2                              0.750000    1.216064   -0.466064 (VIOLATED)
_08532_/A2                              0.750000    1.216061   -0.466061 (VIOLATED)
_07899_/B1                              0.750000    1.216059   -0.466059 (VIOLATED)
_08156_/A2                              0.750000    1.216057   -0.466057 (VIOLATED)
_08386_/A2                              0.750000    1.216056   -0.466056 (VIOLATED)
_08490_/B1                              0.750000    1.216056   -0.466057 (VIOLATED)
_08996_/A2                              0.750000    1.216056   -0.466056 (VIOLATED)
_07747_/B1                              0.750000    1.216054   -0.466054 (VIOLATED)
_08213_/A2                              0.750000    1.216053   -0.466053 (VIOLATED)
_08581_/B1                              0.750000    1.216047   -0.466047 (VIOLATED)
_08529_/B1                              0.750000    1.216042   -0.466042 (VIOLATED)
_07797_/B1                              0.750000    1.216037   -0.466037 (VIOLATED)
_08046_/A2                              0.750000    1.216025   -0.466025 (VIOLATED)
_08103_/B1                              0.750000    1.216025   -0.466025 (VIOLATED)
_07518_/A2                              0.750000    1.216022   -0.466022 (VIOLATED)
_07675_/B1                              0.750000    1.216008   -0.466008 (VIOLATED)
_07481_/X                               0.750000    1.215995   -0.465995 (VIOLATED)
_08164_/A2                              0.750000    1.215994   -0.465994 (VIOLATED)
_08483_/A2                              0.750000    1.215995   -0.465995 (VIOLATED)
_08010_/B1                              0.750000    1.215993   -0.465993 (VIOLATED)
_07895_/B1                              0.750000    1.215990   -0.465990 (VIOLATED)
_08324_/B1                              0.750000    1.215987   -0.465987 (VIOLATED)
_07852_/B1                              0.750000    1.215986   -0.465986 (VIOLATED)
_08219_/B1                              0.750000    1.215985   -0.465985 (VIOLATED)
_07786_/A2                              0.750000    1.215977   -0.465977 (VIOLATED)
_08051_/A2                              0.750000    1.215969   -0.465969 (VIOLATED)
_08111_/B1                              0.750000    1.215955   -0.465955 (VIOLATED)
_07515_/B1                              0.750000    1.215938   -0.465938 (VIOLATED)
_07490_/X                               0.750000    1.215928   -0.465928 (VIOLATED)
_07673_/A2                              0.750000    1.215928   -0.465928 (VIOLATED)
_08738_/B1                              0.750000    1.215425   -0.465425 (VIOLATED)
_08852_/A2                              0.750000    1.215422   -0.465422 (VIOLATED)
_08700_/A2                              0.750000    1.215420   -0.465420 (VIOLATED)
_08901_/B1                              0.750000    1.215419   -0.465419 (VIOLATED)
_08795_/A2                              0.750000    1.215394   -0.465394 (VIOLATED)
_09043_/B1                              0.750000    1.215378   -0.465378 (VIOLATED)
_08999_/B1                              0.750000    1.215325   -0.465325 (VIOLATED)
_11409_/B2                              0.750000    1.215320   -0.465320 (VIOLATED)
_07204_/C                               0.750000    1.215319   -0.465319 (VIOLATED)
_08933_/A1                              0.750000    1.215297   -0.465297 (VIOLATED)
_09149_/B1                              0.750000    1.215245   -0.465245 (VIOLATED)
_09094_/A2                              0.750000    1.215243   -0.465243 (VIOLATED)
_08267_/A2                              0.750000    1.215233   -0.465233 (VIOLATED)
_08374_/B1                              0.750000    1.215224   -0.465224 (VIOLATED)
_08580_/A2                              0.750000    1.215210   -0.465210 (VIOLATED)
_07839_/B1                              0.750000    1.215178   -0.465178 (VIOLATED)
_09208_/A2                              0.750000    1.215117   -0.465117 (VIOLATED)
_08332_/B1                              0.750000    1.215112   -0.465112 (VIOLATED)
_09273_/B1                              0.750000    1.215112   -0.465112 (VIOLATED)
_08942_/B1                              0.750000    1.215110   -0.465110 (VIOLATED)
_08540_/B1                              0.750000    1.215092   -0.465092 (VIOLATED)
_08492_/A2                              0.750000    1.215050   -0.465050 (VIOLATED)
_07514_/A2                              0.750000    1.215028   -0.465028 (VIOLATED)
_08752_/A2                              0.750000    1.214966   -0.464966 (VIOLATED)
_08695_/A2                              0.750000    1.214962   -0.464962 (VIOLATED)
_08790_/A2                              0.750000    1.214954   -0.464954 (VIOLATED)
_08432_/A2                              0.750000    1.214951   -0.464951 (VIOLATED)
_08635_/A2                              0.750000    1.214949   -0.464949 (VIOLATED)
_09056_/A2                              0.750000    1.214947   -0.464947 (VIOLATED)
_07962_/B1                              0.750000    1.214942   -0.464943 (VIOLATED)
_08900_/A2                              0.750000    1.214933   -0.464933 (VIOLATED)
_08375_/A2                              0.750000    1.214931   -0.464931 (VIOLATED)
_09198_/A2                              0.750000    1.214931   -0.464932 (VIOLATED)
_08011_/A2                              0.750000    1.214929   -0.464929 (VIOLATED)
_07733_/A2                              0.750000    1.214926   -0.464927 (VIOLATED)
_08170_/B1                              0.750000    1.214924   -0.464924 (VIOLATED)
_07900_/B1                              0.750000    1.214922   -0.464922 (VIOLATED)
_08593_/A2                              0.750000    1.214922   -0.464922 (VIOLATED)
_08854_/B1                              0.750000    1.214920   -0.464920 (VIOLATED)
_09146_/A2                              0.750000    1.214918   -0.464918 (VIOLATED)
_09105_/A2                              0.750000    1.214910   -0.464910 (VIOLATED)
_08212_/B1                              0.750000    1.214909   -0.464909 (VIOLATED)
_08994_/A2                              0.750000    1.214909   -0.464909 (VIOLATED)
_08436_/A2                              0.750000    1.214898   -0.464898 (VIOLATED)
_07798_/A2                              0.750000    1.214894   -0.464894 (VIOLATED)
_08102_/A2                              0.750000    1.214891   -0.464891 (VIOLATED)
_07952_/A2                              0.750000    1.214890   -0.464890 (VIOLATED)
_08638_/A2                              0.750000    1.214890   -0.464890 (VIOLATED)
_09271_/A2                              0.750000    1.214886   -0.464886 (VIOLATED)
_08058_/B1                              0.750000    1.214882   -0.464882 (VIOLATED)
_07663_/A2                              0.750000    1.214880   -0.464880 (VIOLATED)
_08949_/A2                              0.750000    1.214881   -0.464881 (VIOLATED)
_07492_/X                               0.750000    1.214878   -0.464878 (VIOLATED)
_08274_/A2                              0.750000    1.214868   -0.464868 (VIOLATED)
_07742_/A2                              0.750000    1.214866   -0.464866 (VIOLATED)
_08533_/A2                              0.750000    1.214854   -0.464853 (VIOLATED)
_08004_/A2                              0.750000    1.214852   -0.464852 (VIOLATED)
_07899_/A2                              0.750000    1.214850   -0.464850 (VIOLATED)
_08219_/A2                              0.750000    1.214847   -0.464847 (VIOLATED)
_07852_/A2                              0.750000    1.214842   -0.464842 (VIOLATED)
_08162_/A2                              0.750000    1.214841   -0.464841 (VIOLATED)
_07797_/A2                              0.750000    1.214840   -0.464840 (VIOLATED)
_08110_/B1                              0.750000    1.214841   -0.464841 (VIOLATED)
_08060_/A2                              0.750000    1.214832   -0.464832 (VIOLATED)
_07669_/A2                              0.750000    1.214823   -0.464823 (VIOLATED)
_08321_/A2                              0.750000    1.214821   -0.464821 (VIOLATED)
_08485_/A2                              0.750000    1.214819   -0.464819 (VIOLATED)
_07513_/A2                              0.750000    1.214812   -0.464812 (VIOLATED)
_07465_/X                               0.750000    1.214809   -0.464809 (VIOLATED)
_07138_/A                               0.750000    1.214268   -0.464268 (VIOLATED)
_07175_/C                               0.750000    1.214268   -0.464268 (VIOLATED)
_07176_/A                               0.750000    1.214268   -0.464268 (VIOLATED)
_07180_/A                               0.750000    1.214268   -0.464268 (VIOLATED)
_07189_/A                               0.750000    1.214268   -0.464268 (VIOLATED)
_07191_/A                               0.750000    1.214268   -0.464268 (VIOLATED)
_07201_/B                               0.750000    1.214268   -0.464268 (VIOLATED)
_07203_/A                               0.750000    1.214268   -0.464268 (VIOLATED)
_07270_/A1                              0.750000    1.214268   -0.464268 (VIOLATED)
_07274_/A                               0.750000    1.214268   -0.464268 (VIOLATED)
_07296_/A                               0.750000    1.214268   -0.464268 (VIOLATED)
_07312_/A                               0.750000    1.214268   -0.464268 (VIOLATED)
_07313_/A1                              0.750000    1.214268   -0.464268 (VIOLATED)
_07323_/C1                              0.750000    1.214268   -0.464268 (VIOLATED)
_07330_/A1                              0.750000    1.214268   -0.464268 (VIOLATED)
_07387_/A                               0.750000    1.214268   -0.464268 (VIOLATED)
_07538_/A                               0.750000    1.214268   -0.464268 (VIOLATED)
_07539_/A                               0.750000    1.214268   -0.464268 (VIOLATED)
_07542_/A                               0.750000    1.214268   -0.464268 (VIOLATED)
_07544_/A                               0.750000    1.214268   -0.464268 (VIOLATED)
_07545_/A                               0.750000    1.214268   -0.464268 (VIOLATED)
_07547_/A                               0.750000    1.214268   -0.464268 (VIOLATED)
_07548_/A                               0.750000    1.214268   -0.464268 (VIOLATED)
_07549_/A                               0.750000    1.214268   -0.464268 (VIOLATED)
_07550_/A                               0.750000    1.214268   -0.464268 (VIOLATED)
_07552_/A                               0.750000    1.214268   -0.464268 (VIOLATED)
_07553_/A                               0.750000    1.214268   -0.464268 (VIOLATED)
_07555_/A                               0.750000    1.214268   -0.464268 (VIOLATED)
_07556_/A                               0.750000    1.214268   -0.464268 (VIOLATED)
_07558_/A                               0.750000    1.214268   -0.464268 (VIOLATED)
_07559_/A                               0.750000    1.214268   -0.464268 (VIOLATED)
_07560_/A                               0.750000    1.214268   -0.464268 (VIOLATED)
_07561_/A                               0.750000    1.214268   -0.464268 (VIOLATED)
_07573_/A                               0.750000    1.214268   -0.464268 (VIOLATED)
_07575_/A                               0.750000    1.214268   -0.464268 (VIOLATED)
_07578_/A                               0.750000    1.214268   -0.464268 (VIOLATED)
_07580_/A                               0.750000    1.214268   -0.464268 (VIOLATED)
_07581_/A                               0.750000    1.214268   -0.464268 (VIOLATED)
_07685_/A                               0.750000    1.214268   -0.464268 (VIOLATED)
_07687_/A                               0.750000    1.214268   -0.464268 (VIOLATED)
_07688_/A                               0.750000    1.214268   -0.464268 (VIOLATED)
_07689_/A                               0.750000    1.214268   -0.464268 (VIOLATED)
_07690_/A                               0.750000    1.214268   -0.464268 (VIOLATED)
_07691_/A                               0.750000    1.214268   -0.464268 (VIOLATED)
_07805_/A                               0.750000    1.214268   -0.464268 (VIOLATED)
_07808_/A                               0.750000    1.214268   -0.464268 (VIOLATED)
_07859_/B2                              0.750000    1.214268   -0.464268 (VIOLATED)
_07861_/A                               0.750000    1.214268   -0.464268 (VIOLATED)
_07864_/A                               0.750000    1.214268   -0.464268 (VIOLATED)
_07866_/A                               0.750000    1.214268   -0.464268 (VIOLATED)
_07917_/A                               0.750000    1.214268   -0.464268 (VIOLATED)
_08068_/A                               0.750000    1.214268   -0.464268 (VIOLATED)
_08069_/A                               0.750000    1.214268   -0.464268 (VIOLATED)
_08071_/A                               0.750000    1.214268   -0.464268 (VIOLATED)
_08123_/A                               0.750000    1.214268   -0.464268 (VIOLATED)
_08124_/A                               0.750000    1.214268   -0.464268 (VIOLATED)
_08126_/A                               0.750000    1.214268   -0.464268 (VIOLATED)
_08128_/A                               0.750000    1.214268   -0.464268 (VIOLATED)
_08341_/A                               0.750000    1.214268   -0.464268 (VIOLATED)
_08392_/A                               0.750000    1.214268   -0.464268 (VIOLATED)
_08500_/A                               0.750000    1.214268   -0.464268 (VIOLATED)
_08601_/A                               0.750000    1.214268   -0.464268 (VIOLATED)
_13055_/A0                              0.750000    1.214268   -0.464268 (VIOLATED)
_15093_/Q                               0.750000    1.214268   -0.464268 (VIOLATED)
_08744_/A2                              0.750000    1.213777   -0.463777 (VIOLATED)
_08699_/A2                              0.750000    1.213774   -0.463774 (VIOLATED)
_08796_/A2                              0.750000    1.213769   -0.463769 (VIOLATED)
_09053_/A2                              0.750000    1.213760   -0.463760 (VIOLATED)
_09092_/A2                              0.750000    1.213747   -0.463747 (VIOLATED)
_08842_/A2                              0.750000    1.213746   -0.463746 (VIOLATED)
_09207_/A2                              0.750000    1.213742   -0.463742 (VIOLATED)
_09153_/A2                              0.750000    1.213741   -0.463741 (VIOLATED)
_08905_/A2                              0.750000    1.213732   -0.463732 (VIOLATED)
_08950_/A2                              0.750000    1.213723   -0.463723 (VIOLATED)
_08383_/A2                              0.750000    1.213718   -0.463718 (VIOLATED)
_09004_/A2                              0.750000    1.213710   -0.463710 (VIOLATED)
_09272_/A2                              0.750000    1.213700   -0.463700 (VIOLATED)
_07997_/A2                              0.750000    1.213695   -0.463695 (VIOLATED)
_07954_/A2                              0.750000    1.213693   -0.463693 (VIOLATED)
_07897_/A2                              0.750000    1.213688   -0.463689 (VIOLATED)
_08206_/A2                              0.750000    1.213684   -0.463684 (VIOLATED)
_08586_/A2                              0.750000    1.213677   -0.463677 (VIOLATED)
_08167_/A2                              0.750000    1.213675   -0.463675 (VIOLATED)
_08534_/B1                              0.750000    1.213668   -0.463668 (VIOLATED)
_08645_/B1                              0.750000    1.213666   -0.463666 (VIOLATED)
_08424_/A2                              0.750000    1.213664   -0.463664 (VIOLATED)
_08271_/A2                              0.750000    1.213662   -0.463662 (VIOLATED)
_07740_/A2                              0.750000    1.213656   -0.463656 (VIOLATED)
_07853_/A2                              0.750000    1.213654   -0.463654 (VIOLATED)
_08101_/A2                              0.750000    1.213652   -0.463652 (VIOLATED)
_08319_/A2                              0.750000    1.213641   -0.463641 (VIOLATED)
_08486_/A2                              0.750000    1.213639   -0.463639 (VIOLATED)
_07789_/A2                              0.750000    1.213635   -0.463635 (VIOLATED)
_08047_/A2                              0.750000    1.213634   -0.463634 (VIOLATED)
_07676_/A2                              0.750000    1.213632   -0.463632 (VIOLATED)
_07471_/B1                              0.750000    1.213626   -0.463626 (VIOLATED)
_07470_/X                               0.750000    1.213622   -0.463622 (VIOLATED)
_08744_/B1                              0.750000    1.210401   -0.460401 (VIOLATED)
_08841_/B1                              0.750000    1.210397   -0.460396 (VIOLATED)
_09150_/B1                              0.750000    1.210381   -0.460381 (VIOLATED)
_09104_/B1                              0.750000    1.210364   -0.460365 (VIOLATED)
_08693_/B1                              0.750000    1.210342   -0.460342 (VIOLATED)
_08425_/B1                              0.750000    1.210341   -0.460341 (VIOLATED)
_08803_/B1                              0.750000    1.210340   -0.460340 (VIOLATED)
_09042_/B1                              0.750000    1.210333   -0.460333 (VIOLATED)
_09201_/B1                              0.750000    1.210318   -0.460318 (VIOLATED)
_08641_/A2                              0.750000    1.210315   -0.460315 (VIOLATED)
_08994_/B1                              0.750000    1.210303   -0.460303 (VIOLATED)
_08279_/B1                              0.750000    1.210297   -0.460297 (VIOLATED)
_09278_/B1                              0.750000    1.210292   -0.460292 (VIOLATED)
_07742_/B1                              0.750000    1.210283   -0.460283 (VIOLATED)
_08941_/B1                              0.750000    1.210283   -0.460283 (VIOLATED)
_08902_/A2                              0.750000    1.210271   -0.460271 (VIOLATED)
_08372_/B1                              0.750000    1.210263   -0.460263 (VIOLATED)
_07845_/B1                              0.750000    1.210252   -0.460252 (VIOLATED)
_08592_/B1                              0.750000    1.210251   -0.460251 (VIOLATED)
_08539_/A2                              0.750000    1.210250   -0.460250 (VIOLATED)
_08330_/B1                              0.750000    1.210220   -0.460220 (VIOLATED)
_08480_/B1                              0.750000    1.210200   -0.460200 (VIOLATED)
_08108_/A2                              0.750000    1.210189   -0.460189 (VIOLATED)
_07518_/B1                              0.750000    1.210175   -0.460175 (VIOLATED)
_07955_/B1                              0.750000    1.210160   -0.460160 (VIOLATED)
_08012_/B1                              0.750000    1.210159   -0.460159 (VIOLATED)
_07901_/A2                              0.750000    1.210155   -0.460155 (VIOLATED)
_08155_/A2                              0.750000    1.210152   -0.460152 (VIOLATED)
_08216_/B1                              0.750000    1.210149   -0.460149 (VIOLATED)
_07801_/A2                              0.750000    1.210144   -0.460144 (VIOLATED)
_08049_/A2                              0.750000    1.210135   -0.460135 (VIOLATED)
_07669_/B1                              0.750000    1.210129   -0.460129 (VIOLATED)
_07503_/X                               0.750000    1.210126   -0.460126 (VIOLATED)
_08746_/A2                              0.750000    1.209733   -0.459733 (VIOLATED)
_08841_/A2                              0.750000    1.209731   -0.459731 (VIOLATED)
_09146_/B1                              0.750000    1.209724   -0.459724 (VIOLATED)
_08427_/A2                              0.750000    1.209710   -0.459710 (VIOLATED)
_09103_/A2                              0.750000    1.209707   -0.459707 (VIOLATED)
_08265_/A2                              0.750000    1.209682   -0.459683 (VIOLATED)
_08695_/B1                              0.750000    1.209682   -0.459683 (VIOLATED)
_08799_/A2                              0.750000    1.209681   -0.459681 (VIOLATED)
_09003_/A2                              0.750000    1.209678   -0.459678 (VIOLATED)
_09042_/A2                              0.750000    1.209675   -0.459675 (VIOLATED)
_08896_/A2                              0.750000    1.209674   -0.459674 (VIOLATED)
_09196_/A2                              0.750000    1.209668   -0.459668 (VIOLATED)
_08000_/A2                              0.750000    1.209662   -0.459662 (VIOLATED)
_07898_/A2                              0.750000    1.209660   -0.459660 (VIOLATED)
_08214_/B1                              0.750000    1.209658   -0.459658 (VIOLATED)
_08371_/A2                              0.750000    1.209655   -0.459655 (VIOLATED)
_07794_/B1                              0.750000    1.209652   -0.459652 (VIOLATED)
_08955_/A2                              0.750000    1.209650   -0.459650 (VIOLATED)
_08061_/A2                              0.750000    1.209637   -0.459637 (VIOLATED)
_07949_/A2                              0.750000    1.209636   -0.459636 (VIOLATED)
_08630_/A2                              0.750000    1.209635   -0.459635 (VIOLATED)
_09267_/A2                              0.750000    1.209631   -0.459631 (VIOLATED)
_08112_/A2                              0.750000    1.209630   -0.459630 (VIOLATED)
_07735_/A2                              0.750000    1.209629   -0.459629 (VIOLATED)
_08588_/A2                              0.750000    1.209626   -0.459626 (VIOLATED)
_08165_/A2                              0.750000    1.209625   -0.459625 (VIOLATED)
_07675_/A2                              0.750000    1.209624   -0.459624 (VIOLATED)
_07853_/B1                              0.750000    1.209618   -0.459618 (VIOLATED)
_08530_/A2                              0.750000    1.209613   -0.459613 (VIOLATED)
_07519_/A2                              0.750000    1.209607   -0.459607 (VIOLATED)
_08324_/A2                              0.750000    1.209607   -0.459607 (VIOLATED)
_08493_/A2                              0.750000    1.209595   -0.459595 (VIOLATED)
_07473_/X                               0.750000    1.209591   -0.459591 (VIOLATED)
_08774_/A2                              0.750000    1.207200   -0.457200 (VIOLATED)
_08719_/B1                              0.750000    1.207193   -0.457194 (VIOLATED)
_08817_/B1                              0.750000    1.207191   -0.457191 (VIOLATED)
_08874_/A2                              0.750000    1.207190   -0.457190 (VIOLATED)
_09068_/B1                              0.750000    1.207179   -0.457179 (VIOLATED)
_09180_/B1                              0.750000    1.207172   -0.457172 (VIOLATED)
_09217_/B1                              0.750000    1.207159   -0.457159 (VIOLATED)
_09119_/B1                              0.750000    1.207145   -0.457145 (VIOLATED)
_09018_/B1                              0.750000    1.207120   -0.457120 (VIOLATED)
_08449_/B1                              0.750000    1.207113   -0.457113 (VIOLATED)
_08929_/B1                              0.750000    1.207096   -0.457095 (VIOLATED)
_08395_/A2                              0.750000    1.207076   -0.457076 (VIOLATED)
_08291_/B1                              0.750000    1.207075   -0.457075 (VIOLATED)
_08606_/B1                              0.750000    1.207052   -0.457053 (VIOLATED)
_08975_/B1                              0.750000    1.207030   -0.457030 (VIOLATED)
_09254_/B1                              0.750000    1.207030   -0.457030 (VIOLATED)
_08666_/B1                              0.750000    1.207017   -0.457017 (VIOLATED)
_08563_/B1                              0.750000    1.207002   -0.457002 (VIOLATED)
_07762_/B1                              0.750000    1.206970   -0.456970 (VIOLATED)
_07869_/B1                              0.750000    1.206909   -0.456909 (VIOLATED)
_08515_/A2                              0.750000    1.206897   -0.456897 (VIOLATED)
_08120_/B1                              0.750000    1.206881   -0.456881 (VIOLATED)
_08346_/A2                              0.750000    1.206842   -0.456842 (VIOLATED)
_07589_/A2                              0.750000    1.206699   -0.456699 (VIOLATED)
_07976_/B1                              0.750000    1.206557   -0.456557 (VIOLATED)
_08022_/B1                              0.750000    1.206554   -0.456554 (VIOLATED)
_07922_/B1                              0.750000    1.206553   -0.456553 (VIOLATED)
_08238_/B1                              0.750000    1.206548   -0.456548 (VIOLATED)
_08176_/B1                              0.750000    1.206547   -0.456547 (VIOLATED)
_07820_/B1                              0.750000    1.206542   -0.456542 (VIOLATED)
_07697_/B1                              0.750000    1.206538   -0.456538 (VIOLATED)
_08076_/B1                              0.750000    1.206532   -0.456532 (VIOLATED)
_07578_/X                               0.750000    1.206524   -0.456524 (VIOLATED)
_08847_/B1                              0.750000    1.206273   -0.456273 (VIOLATED)
_08753_/B1                              0.750000    1.206269   -0.456269 (VIOLATED)
_08698_/B1                              0.750000    1.206261   -0.456261 (VIOLATED)
_08792_/A2                              0.750000    1.206239   -0.456239 (VIOLATED)
_09044_/B1                              0.750000    1.206214   -0.456214 (VIOLATED)
_09204_/B1                              0.750000    1.206182   -0.456182 (VIOLATED)
_08953_/B1                              0.750000    1.206153   -0.456153 (VIOLATED)
_09267_/B1                              0.750000    1.206110   -0.456110 (VIOLATED)
_08902_/B1                              0.750000    1.206073   -0.456073 (VIOLATED)
_08993_/B1                              0.750000    1.206069   -0.456069 (VIOLATED)
_08538_/A2                              0.750000    1.206059   -0.456059 (VIOLATED)
_08376_/B1                              0.750000    1.206056   -0.456056 (VIOLATED)
_08426_/A2                              0.750000    1.206043   -0.456043 (VIOLATED)
_09096_/B1                              0.750000    1.206039   -0.456039 (VIOLATED)
_09155_/A2                              0.750000    1.206039   -0.456039 (VIOLATED)
_08582_/B1                              0.750000    1.206026   -0.456026 (VIOLATED)
_08276_/A2                              0.750000    1.206021   -0.456021 (VIOLATED)
_08486_/B1                              0.750000    1.206005   -0.456005 (VIOLATED)
_07739_/B1                              0.750000    1.206003   -0.456003 (VIOLATED)
_07847_/A2                              0.750000    1.205984   -0.455984 (VIOLATED)
_08318_/B1                              0.750000    1.205941   -0.455941 (VIOLATED)
_08101_/B1                              0.750000    1.205934   -0.455934 (VIOLATED)
_08638_/B1                              0.750000    1.205911   -0.455911 (VIOLATED)
_07947_/B1                              0.750000    1.205908   -0.455908 (VIOLATED)
_07517_/B1                              0.750000    1.205905   -0.455905 (VIOLATED)
_07998_/B1                              0.750000    1.205901   -0.455901 (VIOLATED)
_07910_/B1                              0.750000    1.205896   -0.455896 (VIOLATED)
_08158_/B1                              0.750000    1.205889   -0.455889 (VIOLATED)
_08218_/B1                              0.750000    1.205888   -0.455888 (VIOLATED)
_07788_/B1                              0.750000    1.205875   -0.455875 (VIOLATED)
_08059_/B1                              0.750000    1.205869   -0.455869 (VIOLATED)
_07504_/X                               0.750000    1.205851   -0.455851 (VIOLATED)
_07673_/B1                              0.750000    1.205851   -0.455851 (VIOLATED)
_08848_/B1                              0.750000    1.204237   -0.454237 (VIOLATED)
_08739_/B1                              0.750000    1.204234   -0.454234 (VIOLATED)
_08701_/B1                              0.750000    1.204228   -0.454228 (VIOLATED)
_09054_/B1                              0.750000    1.204223   -0.454223 (VIOLATED)
_08792_/B1                              0.750000    1.204220   -0.454220 (VIOLATED)
_08893_/B1                              0.750000    1.204188   -0.454188 (VIOLATED)
_09155_/B1                              0.750000    1.204171   -0.454171 (VIOLATED)
_08383_/B1                              0.750000    1.204136   -0.454136 (VIOLATED)
_09202_/B1                              0.750000    1.204120   -0.454120 (VIOLATED)
_09281_/B1                              0.750000    1.204118   -0.454118 (VIOLATED)
_08997_/B1                              0.750000    1.204113   -0.454113 (VIOLATED)
_08594_/B1                              0.750000    1.204077   -0.454077 (VIOLATED)
_08429_/B1                              0.750000    1.204074   -0.454074 (VIOLATED)
_09091_/B1                              0.750000    1.204074   -0.454074 (VIOLATED)
_08630_/B1                              0.750000    1.204072   -0.454072 (VIOLATED)
_07949_/B1                              0.750000    1.204071   -0.454071 (VIOLATED)
_07745_/B1                              0.750000    1.204066   -0.454066 (VIOLATED)
_08161_/B1                              0.750000    1.204066   -0.454066 (VIOLATED)
_08002_/B1                              0.750000    1.204065   -0.454065 (VIOLATED)
_08270_/B1                              0.750000    1.204065   -0.454065 (VIOLATED)
_08771_/C1                              0.750000    1.204062   -0.454062 (VIOLATED)
_07909_/B1                              0.750000    1.204057   -0.454057 (VIOLATED)
_07842_/B1                              0.750000    1.204056   -0.454056 (VIOLATED)
_08868_/A                               0.750000    1.204056   -0.454056 (VIOLATED)
_08203_/B1                              0.750000    1.204048   -0.454048 (VIOLATED)
_09172_/A                               0.750000    1.204042   -0.454042 (VIOLATED)
_07801_/B1                              0.750000    1.204029   -0.454029 (VIOLATED)
_08104_/B1                              0.750000    1.204021   -0.454022 (VIOLATED)
_08924_/A                               0.750000    1.204019   -0.454019 (VIOLATED)
_08714_/A                               0.750000    1.204014   -0.454014 (VIOLATED)
_08047_/B1                              0.750000    1.204014   -0.454014 (VIOLATED)
_08326_/B1                              0.750000    1.204013   -0.454013 (VIOLATED)
_08828_/A                               0.750000    1.204011   -0.454011 (VIOLATED)
_09069_/A                               0.750000    1.204000   -0.454001 (VIOLATED)
_07662_/B1                              0.750000    1.203995   -0.453995 (VIOLATED)
_08289_/A                               0.750000    1.203988   -0.453988 (VIOLATED)
_08956_/B1                              0.750000    1.203980   -0.453980 (VIOLATED)
_09221_/A                               0.750000    1.203980   -0.453980 (VIOLATED)
_08528_/B1                              0.750000    1.203978   -0.453978 (VIOLATED)
_08481_/B1                              0.750000    1.203971   -0.453971 (VIOLATED)
_08403_/B1                              0.750000    1.203968   -0.453968 (VIOLATED)
_07510_/B1                              0.750000    1.203964   -0.453964 (VIOLATED)
_08979_/A                               0.750000    1.203962   -0.453962 (VIOLATED)
_07508_/X                               0.750000    1.203957   -0.453957 (VIOLATED)
_09261_/A                               0.750000    1.203936   -0.453936 (VIOLATED)
_07876_/A                               0.750000    1.203926   -0.453926 (VIOLATED)
_08347_/A                               0.750000    1.203895   -0.453895 (VIOLATED)
_08557_/A                               0.750000    1.203884   -0.453884 (VIOLATED)
_09022_/A                               0.750000    1.203876   -0.453876 (VIOLATED)
_08619_/A                               0.750000    1.203866   -0.453866 (VIOLATED)
_09123_/A                               0.750000    1.203857   -0.453857 (VIOLATED)
_08453_/A                               0.750000    1.203855   -0.453855 (VIOLATED)
_08659_/A                               0.750000    1.203843   -0.453843 (VIOLATED)
_07974_/D1                              0.750000    1.203831   -0.453831 (VIOLATED)
_08502_/B1                              0.750000    1.203829   -0.453829 (VIOLATED)
_07767_/D1                              0.750000    1.203816   -0.453816 (VIOLATED)
_08023_/A                               0.750000    1.203810   -0.453810 (VIOLATED)
_08196_/B1                              0.750000    1.203807   -0.453807 (VIOLATED)
_08130_/C1                              0.750000    1.203805   -0.453805 (VIOLATED)
_08190_/D1                              0.750000    1.203804   -0.453804 (VIOLATED)
_07928_/C1                              0.750000    1.203792   -0.453792 (VIOLATED)
_08235_/A                               0.750000    1.203772   -0.453772 (VIOLATED)
_07818_/D1                              0.750000    1.203747   -0.453747 (VIOLATED)
_07594_/A                               0.750000    1.203732   -0.453732 (VIOLATED)
_08084_/A                               0.750000    1.203708   -0.453708 (VIOLATED)
_07705_/A                               0.750000    1.203661   -0.453661 (VIOLATED)
_07531_/X                               0.750000    1.203617   -0.453617 (VIOLATED)
_09758_/A1                              0.750000    1.201946   -0.451946 (VIOLATED)
_09789_/A1                              0.750000    1.201945   -0.451945 (VIOLATED)
_09810_/A1                              0.750000    1.201946   -0.451946 (VIOLATED)
_09762_/A1                              0.750000    1.201945   -0.451945 (VIOLATED)
_09836_/A1                              0.750000    1.201945   -0.451945 (VIOLATED)
_09827_/A1                              0.750000    1.201940   -0.451940 (VIOLATED)
_09831_/A1                              0.750000    1.201940   -0.451940 (VIOLATED)
_09755_/A1                              0.750000    1.201939   -0.451939 (VIOLATED)
_09778_/A1                              0.750000    1.201940   -0.451940 (VIOLATED)
_09769_/A1                              0.750000    1.201858   -0.451858 (VIOLATED)
_09795_/B2                              0.750000    1.201858   -0.451858 (VIOLATED)
_09742_/A1                              0.750000    1.201854   -0.451854 (VIOLATED)
_08765_/B1                              0.750000    1.201814   -0.451814 (VIOLATED)
_08711_/A2                              0.750000    1.201813   -0.451812 (VIOLATED)
_08812_/B1                              0.750000    1.201805   -0.451805 (VIOLATED)
_09074_/B1                              0.750000    1.201794   -0.451794 (VIOLATED)
_09791_/A1                              0.750000    1.201779   -0.451779 (VIOLATED)
_09734_/A                               0.750000    1.201774   -0.451774 (VIOLATED)
_09817_/A2                              0.750000    1.201773   -0.451773 (VIOLATED)
_09226_/B1                              0.750000    1.201770   -0.451770 (VIOLATED)
_08399_/B1                              0.750000    1.201751   -0.451751 (VIOLATED)
_08921_/A2                              0.750000    1.201751   -0.451751 (VIOLATED)
_07719_/A2                              0.750000    1.201743   -0.451743 (VIOLATED)
_09801_/A1                              0.750000    1.201743   -0.451743 (VIOLATED)
_09731_/A1                              0.750000    1.201741   -0.451741 (VIOLATED)
_09733_/A2                              0.750000    1.201741   -0.451741 (VIOLATED)
_09016_/A2                              0.750000    1.201740   -0.451740 (VIOLATED)
_08864_/B1                              0.750000    1.201737   -0.451737 (VIOLATED)
_07717_/Y                               0.750000    1.201734   -0.451734 (VIOLATED)
_09167_/B1                              0.750000    1.201734   -0.451734 (VIOLATED)
_09747_/A                               0.750000    1.201734   -0.451734 (VIOLATED)
_09826_/A1                              0.750000    1.201734   -0.451734 (VIOLATED)
_09128_/B1                              0.750000    1.201729   -0.451729 (VIOLATED)
_08970_/B1                              0.750000    1.201719   -0.451719 (VIOLATED)
_09258_/A2                              0.750000    1.201716   -0.451716 (VIOLATED)
_08444_/B1                              0.750000    1.201714   -0.451714 (VIOLATED)
_08664_/B1                              0.750000    1.201696   -0.451696 (VIOLATED)
_08295_/B1                              0.750000    1.201684   -0.451684 (VIOLATED)
_07773_/A2                              0.750000    1.201675   -0.451675 (VIOLATED)
_08552_/B1                              0.750000    1.201675   -0.451675 (VIOLATED)
_07984_/B1                              0.750000    1.201662   -0.451662 (VIOLATED)
_08022_/A2                              0.750000    1.201661   -0.451661 (VIOLATED)
_07924_/B1                              0.750000    1.201656   -0.451656 (VIOLATED)
_08232_/B1                              0.750000    1.201652   -0.451652 (VIOLATED)
_08186_/B1                              0.750000    1.201643   -0.451643 (VIOLATED)
_07868_/B1                              0.750000    1.201639   -0.451639 (VIOLATED)
_08343_/B1                              0.750000    1.201638   -0.451638 (VIOLATED)
_08609_/B1                              0.750000    1.201633   -0.451633 (VIOLATED)
_08509_/B1                              0.750000    1.201628   -0.451628 (VIOLATED)
_08138_/A2                              0.750000    1.201599   -0.451599 (VIOLATED)
_07818_/A2                              0.750000    1.201578   -0.451578 (VIOLATED)
_08083_/B1                              0.750000    1.201578   -0.451578 (VIOLATED)
_07697_/A2                              0.750000    1.201576   -0.451576 (VIOLATED)
_07569_/X                               0.750000    1.201571   -0.451571 (VIOLATED)
_08846_/A2                              0.750000    1.201319   -0.451319 (VIOLATED)
_09160_/A2                              0.750000    1.201315   -0.451315 (VIOLATED)
_09090_/A2                              0.750000    1.201307   -0.451307 (VIOLATED)
_08275_/A2                              0.750000    1.201285   -0.451285 (VIOLATED)
_07960_/A2                              0.750000    1.201278   -0.451278 (VIOLATED)
_08645_/A2                              0.750000    1.201275   -0.451275 (VIOLATED)
_08422_/A2                              0.750000    1.201267   -0.451267 (VIOLATED)
_08748_/A2                              0.750000    1.201239   -0.451239 (VIOLATED)
_08697_/A2                              0.750000    1.201238   -0.451238 (VIOLATED)
_08007_/A2                              0.750000    1.201235   -0.451235 (VIOLATED)
_08804_/B1                              0.750000    1.201234   -0.451234 (VIOLATED)
_07741_/A2                              0.750000    1.201233   -0.451233 (VIOLATED)
_07896_/A2                              0.750000    1.201228   -0.451228 (VIOLATED)
_09050_/A2                              0.750000    1.201220   -0.451220 (VIOLATED)
_08168_/A2                              0.750000    1.201210   -0.451210 (VIOLATED)
_09194_/A2                              0.750000    1.201206   -0.451206 (VIOLATED)
_08953_/A2                              0.750000    1.201198   -0.451198 (VIOLATED)
_07840_/A2                              0.750000    1.201193   -0.451193 (VIOLATED)
_08380_/A2                              0.750000    1.201186   -0.451186 (VIOLATED)
_08900_/B1                              0.750000    1.201186   -0.451186 (VIOLATED)
_09001_/A2                              0.750000    1.201182   -0.451183 (VIOLATED)
_09268_/A2                              0.750000    1.201172   -0.451172 (VIOLATED)
_08211_/A2                              0.750000    1.201170   -0.451170 (VIOLATED)
_07794_/A2                              0.750000    1.201170   -0.451170 (VIOLATED)
_08052_/A2                              0.750000    1.201165   -0.451165 (VIOLATED)
_08111_/A2                              0.750000    1.201155   -0.451155 (VIOLATED)
_08585_/A2                              0.750000    1.201143   -0.451143 (VIOLATED)
_08534_/A2                              0.750000    1.201132   -0.451132 (VIOLATED)
_08332_/A2                              0.750000    1.201130   -0.451130 (VIOLATED)
_08481_/A2                              0.750000    1.201108   -0.451108 (VIOLATED)
_07658_/A2                              0.750000    1.201106   -0.451106 (VIOLATED)
_07509_/A2                              0.750000    1.201104   -0.451104 (VIOLATED)
_07466_/X                               0.750000    1.201099   -0.451099 (VIOLATED)
_11868_/S                               0.750000    1.200553   -0.450554 (VIOLATED)
_11897_/S                               0.750000    1.200553   -0.450553 (VIOLATED)
_12015_/S                               0.750000    1.200554   -0.450554 (VIOLATED)
_12018_/S                               0.750000    1.200554   -0.450554 (VIOLATED)
_12024_/S                               0.750000    1.200553   -0.450554 (VIOLATED)
_12039_/S                               0.750000    1.200553   -0.450553 (VIOLATED)
_11882_/S                               0.750000    1.200552   -0.450552 (VIOLATED)
_12021_/S                               0.750000    1.200552   -0.450552 (VIOLATED)
_12093_/S                               0.750000    1.200552   -0.450552 (VIOLATED)
_11833_/B                               0.750000    1.200551   -0.450551 (VIOLATED)
_11901_/S                               0.750000    1.200550   -0.450550 (VIOLATED)
_11988_/S                               0.750000    1.200550   -0.450550 (VIOLATED)
_11984_/S                               0.750000    1.200550   -0.450550 (VIOLATED)
_11997_/S                               0.750000    1.200550   -0.450550 (VIOLATED)
_12073_/A1                              0.750000    1.200550   -0.450550 (VIOLATED)
_12075_/S                               0.750000    1.200550   -0.450550 (VIOLATED)
_11946_/S                               0.750000    1.200549   -0.450549 (VIOLATED)
_11953_/S                               0.750000    1.200549   -0.450549 (VIOLATED)
_11969_/A                               0.750000    1.200549   -0.450549 (VIOLATED)
_12056_/S                               0.750000    1.200549   -0.450549 (VIOLATED)
_11992_/S                               0.750000    1.200548   -0.450548 (VIOLATED)
_11937_/A1                              0.750000    1.200548   -0.450548 (VIOLATED)
_11832_/B                               0.750000    1.200547   -0.450547 (VIOLATED)
_11962_/S                               0.750000    1.200547   -0.450547 (VIOLATED)
_12001_/A1                              0.750000    1.200547   -0.450547 (VIOLATED)
_12058_/S                               0.750000    1.200547   -0.450547 (VIOLATED)
_11831_/X                               0.750000    1.200541   -0.450541 (VIOLATED)
_08761_/A2                              0.750000    1.197427   -0.447427 (VIOLATED)
_08721_/A2                              0.750000    1.197420   -0.447420 (VIOLATED)
_08818_/A2                              0.750000    1.197404   -0.447404 (VIOLATED)
_09025_/A2                              0.750000    1.197391   -0.447391 (VIOLATED)
_09070_/A2                              0.750000    1.197382   -0.447382 (VIOLATED)
_09220_/A2                              0.750000    1.197344   -0.447344 (VIOLATED)
_08871_/A2                              0.750000    1.197342   -0.447342 (VIOLATED)
_09178_/A2                              0.750000    1.197336   -0.447336 (VIOLATED)
_09112_/A2                              0.750000    1.197319   -0.447319 (VIOLATED)
_09249_/A2                              0.750000    1.197300   -0.447300 (VIOLATED)
_08441_/A2                              0.750000    1.197290   -0.447290 (VIOLATED)
_08666_/A2                              0.750000    1.197272   -0.447272 (VIOLATED)
_07878_/A2                              0.750000    1.197254   -0.447254 (VIOLATED)
_08969_/B1                              0.750000    1.197253   -0.447253 (VIOLATED)
_07770_/A2                              0.750000    1.197239   -0.447239 (VIOLATED)
_07980_/A2                              0.750000    1.197184   -0.447184 (VIOLATED)
_08559_/A2                              0.750000    1.197171   -0.447171 (VIOLATED)
_08192_/B1                              0.750000    1.197162   -0.447162 (VIOLATED)
_08926_/B1                              0.750000    1.197139   -0.447139 (VIOLATED)
_08297_/A2                              0.750000    1.197133   -0.447133 (VIOLATED)
_08404_/A2                              0.750000    1.197127   -0.447127 (VIOLATED)
_08614_/A2                              0.750000    1.197093   -0.447093 (VIOLATED)
_08030_/B1                              0.750000    1.197071   -0.447071 (VIOLATED)
_07930_/A2                              0.750000    1.197068   -0.447069 (VIOLATED)
_08354_/A2                              0.750000    1.197066   -0.447066 (VIOLATED)
_08512_/A2                              0.750000    1.197053   -0.447053 (VIOLATED)
_08237_/B1                              0.750000    1.197020   -0.447020 (VIOLATED)
_07819_/A2                              0.750000    1.196951   -0.446951 (VIOLATED)
_08139_/A2                              0.750000    1.196930   -0.446930 (VIOLATED)
_07586_/A2                              0.750000    1.196922   -0.446922 (VIOLATED)
_08072_/A2                              0.750000    1.196900   -0.446900 (VIOLATED)
_07700_/B1                              0.750000    1.196824   -0.446824 (VIOLATED)
_07542_/X                               0.750000    1.196709   -0.446709 (VIOLATED)
_08901_/A2                              0.750000    1.191815   -0.441815 (VIOLATED)
_08800_/A2                              0.750000    1.191810   -0.441810 (VIOLATED)
_08694_/B1                              0.750000    1.191808   -0.441808 (VIOLATED)
_09054_/A2                              0.750000    1.191791   -0.441791 (VIOLATED)
_09197_/A2                              0.750000    1.191769   -0.441769 (VIOLATED)
_08954_/A2                              0.750000    1.191752   -0.441752 (VIOLATED)
_08747_/A2                              0.750000    1.191724   -0.441724 (VIOLATED)
_08853_/A2                              0.750000    1.191720   -0.441720 (VIOLATED)
_09281_/A2                              0.750000    1.191713   -0.441713 (VIOLATED)
_09158_/A2                              0.750000    1.191712   -0.441712 (VIOLATED)
_09104_/A2                              0.750000    1.191691   -0.441691 (VIOLATED)
_08425_/A2                              0.750000    1.191671   -0.441671 (VIOLATED)
_08999_/A2                              0.750000    1.191662   -0.441662 (VIOLATED)
_08269_/A2                              0.750000    1.191662   -0.441662 (VIOLATED)
_08379_/A2                              0.750000    1.191662   -0.441662 (VIOLATED)
_08541_/A2                              0.750000    1.191661   -0.441661 (VIOLATED)
_08593_/B1                              0.750000    1.191655   -0.441655 (VIOLATED)
_08644_/A2                              0.750000    1.191644   -0.441644 (VIOLATED)
_07747_/A2                              0.750000    1.191641   -0.441641 (VIOLATED)
_07842_/A2                              0.750000    1.191599   -0.441599 (VIOLATED)
_08489_/A2                              0.750000    1.191553   -0.441553 (VIOLATED)
_08333_/A2                              0.750000    1.191548   -0.441548 (VIOLATED)
_07951_/A2                              0.750000    1.191532   -0.441532 (VIOLATED)
_08008_/A2                              0.750000    1.191529   -0.441529 (VIOLATED)
_07907_/A2                              0.750000    1.191526   -0.441527 (VIOLATED)
_08207_/A2                              0.750000    1.191522   -0.441522 (VIOLATED)
_08159_/A2                              0.750000    1.191520   -0.441520 (VIOLATED)
_07793_/B1                              0.750000    1.191513   -0.441513 (VIOLATED)
_07523_/A2                              0.750000    1.191502   -0.441502 (VIOLATED)
_08060_/B1                              0.750000    1.191497   -0.441497 (VIOLATED)
_07674_/B1                              0.750000    1.191485   -0.441485 (VIOLATED)
_08106_/A2                              0.750000    1.191479   -0.441479 (VIOLATED)
_07479_/X                               0.750000    1.191475   -0.441475 (VIOLATED)
_08963_/A2                              0.750000    1.189894   -0.439894 (VIOLATED)
_09215_/A2                              0.750000    1.189889   -0.439889 (VIOLATED)
_09074_/A2                              0.750000    1.189874   -0.439874 (VIOLATED)
_08815_/A2                              0.750000    1.189862   -0.439862 (VIOLATED)
_08723_/A2                              0.750000    1.189843   -0.439843 (VIOLATED)
_09247_/A2                              0.750000    1.189810   -0.439810 (VIOLATED)
_08564_/A2                              0.750000    1.189809   -0.439809 (VIOLATED)
_08605_/A2                              0.750000    1.189798   -0.439798 (VIOLATED)
_08768_/A2                              0.750000    1.189790   -0.439790 (VIOLATED)
_09028_/A2                              0.750000    1.189788   -0.439788 (VIOLATED)
_08865_/A2                              0.750000    1.189786   -0.439786 (VIOLATED)
_09166_/A2                              0.750000    1.189775   -0.439775 (VIOLATED)
_08928_/A2                              0.750000    1.189770   -0.439770 (VIOLATED)
_09129_/A2                              0.750000    1.189764   -0.439764 (VIOLATED)
_08403_/A2                              0.750000    1.189755   -0.439755 (VIOLATED)
_08300_/A2                              0.750000    1.189689   -0.439689 (VIOLATED)
_09953_/A3                              0.750000    1.189642   -0.439642 (VIOLATED)
_10013_/A3                              0.750000    1.189642   -0.439642 (VIOLATED)
_07267_/B                               0.750000    1.189641   -0.439641 (VIOLATED)
_08506_/A2                              0.750000    1.189623   -0.439623 (VIOLATED)
_08350_/B1                              0.750000    1.189618   -0.439618 (VIOLATED)
_07694_/A2                              0.750000    1.189617   -0.439617 (VIOLATED)
_08448_/A2                              0.750000    1.189598   -0.439598 (VIOLATED)
_08656_/A2                              0.750000    1.189597   -0.439597 (VIOLATED)
_08137_/A2                              0.750000    1.189595   -0.439595 (VIOLATED)
_07760_/A2                              0.750000    1.189592   -0.439592 (VIOLATED)
_07812_/A2                              0.750000    1.189576   -0.439576 (VIOLATED)
_08240_/A2                              0.750000    1.189561   -0.439561 (VIOLATED)
_08027_/A2                              0.750000    1.189556   -0.439556 (VIOLATED)
_07266_/X                               0.750000    1.189554   -0.439554 (VIOLATED)
_08843_/B1                              0.750000    1.189335   -0.439335 (VIOLATED)
_08749_/B1                              0.750000    1.189329   -0.439329 (VIOLATED)
_08688_/B1                              0.750000    1.189318   -0.439318 (VIOLATED)
_08799_/B1                              0.750000    1.189304   -0.439303 (VIOLATED)
_09047_/B1                              0.750000    1.189274   -0.439274 (VIOLATED)
_09202_/A2                              0.750000    1.189227   -0.439227 (VIOLATED)
_08948_/B1                              0.750000    1.189204   -0.439204 (VIOLATED)
_09275_/B1                              0.750000    1.189188   -0.439188 (VIOLATED)
_08895_/B1                              0.750000    1.189151   -0.439151 (VIOLATED)
_08380_/B1                              0.750000    1.189148   -0.439148 (VIOLATED)
_08992_/B1                              0.750000    1.189133   -0.439133 (VIOLATED)
_08542_/B1                              0.750000    1.189088   -0.439088 (VIOLATED)
_08270_/A2                              0.750000    1.189060   -0.439060 (VIOLATED)
_07847_/B1                              0.750000    1.189052   -0.439052 (VIOLATED)
_08323_/B1                              0.750000    1.189040   -0.439040 (VIOLATED)
_08587_/B1                              0.750000    1.189014   -0.439014 (VIOLATED)
_08488_/B1                              0.750000    1.188977   -0.438977 (VIOLATED)
_09145_/B1                              0.750000    1.188959   -0.438960 (VIOLATED)
_09092_/B1                              0.750000    1.188958   -0.438958 (VIOLATED)
_08434_/B1                              0.750000    1.188949   -0.438949 (VIOLATED)
_08643_/B1                              0.750000    1.188931   -0.438931 (VIOLATED)
_07957_/B1                              0.750000    1.188911   -0.438911 (VIOLATED)
_08001_/B1                              0.750000    1.188900   -0.438900 (VIOLATED)
_07905_/B1                              0.750000    1.188889   -0.438889 (VIOLATED)
_07733_/B1                              0.750000    1.188885   -0.438885 (VIOLATED)
_08157_/B1                              0.750000    1.188882   -0.438882 (VIOLATED)
_08210_/A2                              0.750000    1.188872   -0.438872 (VIOLATED)
_07796_/B1                              0.750000    1.188838   -0.438838 (VIOLATED)
_07520_/B1                              0.750000    1.188834   -0.438834 (VIOLATED)
_08099_/B1                              0.750000    1.188819   -0.438819 (VIOLATED)
_07507_/X                               0.750000    1.188804   -0.438804 (VIOLATED)
_07662_/A2                              0.750000    1.188804   -0.438804 (VIOLATED)
_08055_/B1                              0.750000    1.188804   -0.438804 (VIOLATED)
_09757_/A1                              0.750000    1.187079   -0.437079 (VIOLATED)
_09758_/B2                              0.750000    1.187079   -0.437079 (VIOLATED)
_09784_/S                               0.750000    1.187079   -0.437079 (VIOLATED)
_09785_/S                               0.750000    1.187079   -0.437079 (VIOLATED)
_09788_/A                               0.750000    1.187078   -0.437077 (VIOLATED)
_09813_/A1                              0.750000    1.187078   -0.437078 (VIOLATED)
_07718_/B                               0.750000    1.187057   -0.437057 (VIOLATED)
_07714_/B                               0.750000    1.187049   -0.437049 (VIOLATED)
_07717_/B                               0.750000    1.187049   -0.437049 (VIOLATED)
_09775_/A                               0.750000    1.187049   -0.437049 (VIOLATED)
_09721_/B                               0.750000    1.187047   -0.437048 (VIOLATED)
_07715_/B                               0.750000    1.187046   -0.437046 (VIOLATED)
_12367_/B                               0.750000    1.187046   -0.437046 (VIOLATED)
_07713_/Y                               0.750000    1.187044   -0.437044 (VIOLATED)
_09766_/B1                              0.750000    1.187044   -0.437044 (VIOLATED)
_09767_/A1                              0.750000    1.187044   -0.437044 (VIOLATED)
_11906_/A                               0.750000    1.187044   -0.437044 (VIOLATED)
_10407_/A2                              0.750000    1.186599   -0.436600 (VIOLATED)
_10364_/A2                              0.750000    1.186598   -0.436598 (VIOLATED)
_10469_/A2                              0.750000    1.186595   -0.436595 (VIOLATED)
_10424_/A2                              0.750000    1.186592   -0.436592 (VIOLATED)
_10386_/A2                              0.750000    1.186580   -0.436580 (VIOLATED)
_10449_/A2                              0.750000    1.186568   -0.436568 (VIOLATED)
_10510_/B1                              0.750000    1.186550   -0.436550 (VIOLATED)
_10343_/A2                              0.750000    1.186528   -0.436528 (VIOLATED)
_10491_/A2                              0.750000    1.186528   -0.436528 (VIOLATED)
_10548_/B1                              0.750000    1.186526   -0.436526 (VIOLATED)
_09999_/A2                              0.750000    1.186513   -0.436514 (VIOLATED)
_10570_/B1                              0.750000    1.186478   -0.436478 (VIOLATED)
_10327_/A2                              0.750000    1.186474   -0.436474 (VIOLATED)
_10528_/A2                              0.750000    1.186436   -0.436436 (VIOLATED)
_10308_/B1                              0.750000    1.186385   -0.436385 (VIOLATED)
_10263_/B1                              0.750000    1.186142   -0.436142 (VIOLATED)
_08691_/B1                              0.750000    1.186129   -0.436129 (VIOLATED)
_08805_/B1                              0.750000    1.186127   -0.436127 (VIOLATED)
_09049_/B1                              0.750000    1.186120   -0.436120 (VIOLATED)
_09200_/B1                              0.750000    1.186101   -0.436101 (VIOLATED)
_08955_/B1                              0.750000    1.186094   -0.436094 (VIOLATED)
_10114_/A2                              0.750000    1.186080   -0.436080 (VIOLATED)
_09279_/B1                              0.750000    1.186078   -0.436078 (VIOLATED)
_10188_/B1                              0.750000    1.186067   -0.436067 (VIOLATED)
_08992_/A2                              0.750000    1.186032   -0.436032 (VIOLATED)
_08265_/B1                              0.750000    1.186026   -0.436026 (VIOLATED)
_08908_/B1                              0.750000    1.186025   -0.436025 (VIOLATED)
_08372_/A2                              0.750000    1.186020   -0.436020 (VIOLATED)
_08537_/B1                              0.750000    1.186017   -0.436017 (VIOLATED)
_08750_/B1                              0.750000    1.186007   -0.436008 (VIOLATED)
_08849_/B1                              0.750000    1.186003   -0.436003 (VIOLATED)
_09159_/B1                              0.750000    1.185999   -0.435999 (VIOLATED)
_07302_/Y                               0.750000    1.185992   -0.435992 (VIOLATED)
_07304_/C                               0.750000    1.185992   -0.435992 (VIOLATED)
_08589_/B1                              0.750000    1.185988   -0.435988 (VIOLATED)
_09103_/B1                              0.750000    1.185980   -0.435980 (VIOLATED)
_08423_/B1                              0.750000    1.185958   -0.435958 (VIOLATED)
_08639_/B1                              0.750000    1.185948   -0.435948 (VIOLATED)
_07744_/A2                              0.750000    1.185937   -0.435937 (VIOLATED)
_08483_/B1                              0.750000    1.185925   -0.435925 (VIOLATED)
_07854_/B1                              0.750000    1.185905   -0.435905 (VIOLATED)
_08333_/B1                              0.750000    1.185888   -0.435888 (VIOLATED)
_07950_/B1                              0.750000    1.185886   -0.435886 (VIOLATED)
_08012_/A2                              0.750000    1.185884   -0.435884 (VIOLATED)
_07894_/B1                              0.750000    1.185881   -0.435882 (VIOLATED)
_08207_/B1                              0.750000    1.185878   -0.435878 (VIOLATED)
_08164_/B1                              0.750000    1.185876   -0.435877 (VIOLATED)
_08107_/A2                              0.750000    1.185871   -0.435871 (VIOLATED)
_07514_/B1                              0.750000    1.185870   -0.435870 (VIOLATED)
_07785_/A2                              0.750000    1.185870   -0.435870 (VIOLATED)
_08053_/B1                              0.750000    1.185865   -0.435865 (VIOLATED)
_07666_/B1                              0.750000    1.185856   -0.435856 (VIOLATED)
_07499_/X                               0.750000    1.185853   -0.435853 (VIOLATED)
_08847_/A2                              0.750000    1.183828   -0.433828 (VIOLATED)
_08747_/B1                              0.750000    1.183827   -0.433827 (VIOLATED)
_08696_/B1                              0.750000    1.183818   -0.433818 (VIOLATED)
_08794_/B1                              0.750000    1.183801   -0.433801 (VIOLATED)
_09047_/A2                              0.750000    1.183783   -0.433783 (VIOLATED)
_09006_/B1                              0.750000    1.183783   -0.433783 (VIOLATED)
_09200_/A2                              0.750000    1.183755   -0.433755 (VIOLATED)
_08944_/B1                              0.750000    1.183738   -0.433738 (VIOLATED)
_09276_/B1                              0.750000    1.183714   -0.433714 (VIOLATED)
_09145_/A2                              0.750000    1.183693   -0.433693 (VIOLATED)
_09105_/B1                              0.750000    1.183690   -0.433690 (VIOLATED)
_08435_/A2                              0.750000    1.183684   -0.433684 (VIOLATED)
_08633_/A2                              0.750000    1.183671   -0.433671 (VIOLATED)
_07738_/A2                              0.750000    1.183656   -0.433656 (VIOLATED)
_08533_/B1                              0.750000    1.183651   -0.433651 (VIOLATED)
_07956_/A2                              0.750000    1.183650   -0.433650 (VIOLATED)
_08005_/B1                              0.750000    1.183649   -0.433649 (VIOLATED)
_07902_/A2                              0.750000    1.183646   -0.433646 (VIOLATED)
_08269_/B1                              0.750000    1.183635   -0.433635 (VIOLATED)
_08897_/A2                              0.750000    1.183635   -0.433635 (VIOLATED)
_08581_/A2                              0.750000    1.183633   -0.433633 (VIOLATED)
_08381_/B1                              0.750000    1.183629   -0.433629 (VIOLATED)
_07846_/A2                              0.750000    1.183617   -0.433617 (VIOLATED)
_08159_/B1                              0.750000    1.183613   -0.433613 (VIOLATED)
_08320_/A2                              0.750000    1.183603   -0.433603 (VIOLATED)
_08479_/A2                              0.750000    1.183599   -0.433599 (VIOLATED)
_08113_/A2                              0.750000    1.183582   -0.433582 (VIOLATED)
_07512_/B1                              0.750000    1.183565   -0.433565 (VIOLATED)
_07800_/B1                              0.750000    1.183564   -0.433564 (VIOLATED)
_08216_/A2                              0.750000    1.183564   -0.433564 (VIOLATED)
_08061_/B1                              0.750000    1.183562   -0.433562 (VIOLATED)
_07658_/B1                              0.750000    1.183561   -0.433561 (VIOLATED)
_07486_/X                               0.750000    1.183558   -0.433558 (VIOLATED)
_12236_/A                               0.750000    1.182497   -0.432497 (VIOLATED)
_12265_/A1                              0.750000    1.182495   -0.432495 (VIOLATED)
_12234_/A1                              0.750000    1.182494   -0.432494 (VIOLATED)
_12312_/A                               0.750000    1.182485   -0.432485 (VIOLATED)
_12218_/A1                              0.750000    1.182484   -0.432484 (VIOLATED)
_12211_/A1                              0.750000    1.182483   -0.432483 (VIOLATED)
_12181_/B1                              0.750000    1.182473   -0.432473 (VIOLATED)
_12193_/A1                              0.750000    1.182463   -0.432463 (VIOLATED)
_12149_/A1                              0.750000    1.182429   -0.432429 (VIOLATED)
_12138_/A1                              0.750000    1.182428   -0.432428 (VIOLATED)
_12048_/A1                              0.750000    1.182389   -0.432389 (VIOLATED)
_12113_/B2                              0.750000    1.182386   -0.432386 (VIOLATED)
_12064_/A1                              0.750000    1.182378   -0.432378 (VIOLATED)
_12032_/A                               0.750000    1.182371   -0.432371 (VIOLATED)
_11923_/B1                              0.750000    1.182354   -0.432354 (VIOLATED)
_11926_/A1_N                            0.750000    1.182352   -0.432352 (VIOLATED)
_07679_/A2                              0.750000    1.182329   -0.432329 (VIOLATED)
_07262_/Y                               0.750000    1.182324   -0.432324 (VIOLATED)
_07363_/A1                              0.750000    1.182324   -0.432324 (VIOLATED)
_07731_/A2                              0.750000    1.182324   -0.432324 (VIOLATED)
_07783_/A2                              0.750000    1.182324   -0.432324 (VIOLATED)
_07837_/A2                              0.750000    1.182324   -0.432324 (VIOLATED)
_09854_/B                               0.750000    1.182324   -0.432324 (VIOLATED)
_08751_/B1                              0.750000    1.180138   -0.430138 (VIOLATED)
_08689_/A2                              0.750000    1.180130   -0.430130 (VIOLATED)
_08852_/B1                              0.750000    1.180115   -0.430115 (VIOLATED)
_08895_/A2                              0.750000    1.180099   -0.430099 (VIOLATED)
_08795_/B1                              0.750000    1.180092   -0.430092 (VIOLATED)
_08998_/B1                              0.750000    1.180052   -0.430052 (VIOLATED)
_08584_/B1                              0.750000    1.179989   -0.429989 (VIOLATED)
_09046_/A2                              0.750000    1.179973   -0.429973 (VIOLATED)
_09194_/B1                              0.750000    1.179970   -0.429970 (VIOLATED)
_09282_/B1                              0.750000    1.179958   -0.429958 (VIOLATED)
_08954_/B1                              0.750000    1.179952   -0.429952 (VIOLATED)
_08538_/B1                              0.750000    1.179919   -0.429920 (VIOLATED)
_09157_/B1                              0.750000    1.179908   -0.429908 (VIOLATED)
_09098_/B1                              0.750000    1.179904   -0.429904 (VIOLATED)
_08327_/B1                              0.750000    1.179901   -0.429901 (VIOLATED)
_08422_/B1                              0.750000    1.179890   -0.429890 (VIOLATED)
_08479_/B1                              0.750000    1.179885   -0.429885 (VIOLATED)
_08644_/B1                              0.750000    1.179873   -0.429873 (VIOLATED)
_08274_/B1                              0.750000    1.179871   -0.429871 (VIOLATED)
_08387_/B1                              0.750000    1.179871   -0.429871 (VIOLATED)
_07848_/B1                              0.750000    1.179859   -0.429859 (VIOLATED)
_07948_/B1                              0.750000    1.179859   -0.429859 (VIOLATED)
_07749_/B1                              0.750000    1.179854   -0.429854 (VIOLATED)
_08011_/B1                              0.750000    1.179836   -0.429836 (VIOLATED)
_07905_/A2                              0.750000    1.179828   -0.429828 (VIOLATED)
_08156_/B1                              0.750000    1.179825   -0.429825 (VIOLATED)
_07511_/B1                              0.750000    1.179806   -0.429806 (VIOLATED)
_08208_/B1                              0.750000    1.179788   -0.429788 (VIOLATED)
_07792_/B1                              0.750000    1.179740   -0.429740 (VIOLATED)
_08050_/B1                              0.750000    1.179723   -0.429723 (VIOLATED)
_08112_/B1                              0.750000    1.179721   -0.429722 (VIOLATED)
_07661_/B1                              0.750000    1.179699   -0.429699 (VIOLATED)
_07506_/X                               0.750000    1.179697   -0.429697 (VIOLATED)
_09148_/B1                              0.750000    1.177812   -0.427812 (VIOLATED)
_09098_/A2                              0.750000    1.177809   -0.427809 (VIOLATED)
_08420_/B1                              0.750000    1.177799   -0.427799 (VIOLATED)
_08003_/B1                              0.750000    1.177789   -0.427789 (VIOLATED)
_08749_/A2                              0.750000    1.177790   -0.427790 (VIOLATED)
_08642_/B1                              0.750000    1.177789   -0.427789 (VIOLATED)
_08844_/A2                              0.750000    1.177789   -0.427789 (VIOLATED)
_07960_/B1                              0.750000    1.177785   -0.427785 (VIOLATED)
_08687_/B1                              0.750000    1.177784   -0.427784 (VIOLATED)
_08894_/B1                              0.750000    1.177772   -0.427772 (VIOLATED)
_08791_/B1                              0.750000    1.177766   -0.427766 (VIOLATED)
_09052_/B1                              0.750000    1.177762   -0.427762 (VIOLATED)
_07737_/B1                              0.750000    1.177760   -0.427761 (VIOLATED)
_08998_/A2                              0.750000    1.177740   -0.427740 (VIOLATED)
_08271_/B1                              0.750000    1.177739   -0.427739 (VIOLATED)
_07904_/A2                              0.750000    1.177725   -0.427725 (VIOLATED)
_08206_/B1                              0.750000    1.177724   -0.427724 (VIOLATED)
_08579_/B1                              0.750000    1.177720   -0.427720 (VIOLATED)
_08168_/B1                              0.750000    1.177715   -0.427715 (VIOLATED)
_07790_/B1                              0.750000    1.177713   -0.427713 (VIOLATED)
_08378_/B1                              0.750000    1.177708   -0.427708 (VIOLATED)
_08113_/B1                              0.750000    1.177705   -0.427705 (VIOLATED)
_09209_/B1                              0.750000    1.177705   -0.427705 (VIOLATED)
_07845_/A2                              0.750000    1.177705   -0.427705 (VIOLATED)
_08941_/A2                              0.750000    1.177704   -0.427704 (VIOLATED)
_09274_/B1                              0.750000    1.177699   -0.427699 (VIOLATED)
_08541_/B1                              0.750000    1.177697   -0.427697 (VIOLATED)
_08334_/B1                              0.750000    1.177676   -0.427676 (VIOLATED)
_08048_/B1                              0.750000    1.177656   -0.427656 (VIOLATED)
_07671_/B1                              0.750000    1.177655   -0.427655 (VIOLATED)
_07522_/B1                              0.750000    1.177651   -0.427651 (VIOLATED)
_08491_/B1                              0.750000    1.177647   -0.427647 (VIOLATED)
_07502_/X                               0.750000    1.177642   -0.427642 (VIOLATED)
_08742_/A2                              0.750000    1.172259   -0.422259 (VIOLATED)
_08856_/B1                              0.750000    1.172254   -0.422254 (VIOLATED)
_09154_/A2                              0.750000    1.172245   -0.422245 (VIOLATED)
_08691_/A2                              0.750000    1.172241   -0.422241 (VIOLATED)
_08797_/B1                              0.750000    1.172237   -0.422237 (VIOLATED)
_09043_/A2                              0.750000    1.172234   -0.422234 (VIOLATED)
_09097_/B1                              0.750000    1.172230   -0.422230 (VIOLATED)
_09206_/A2                              0.750000    1.172222   -0.422222 (VIOLATED)
_08950_/B1                              0.750000    1.172202   -0.422202 (VIOLATED)
_08423_/A2                              0.750000    1.172199   -0.422199 (VIOLATED)
_09277_/B1                              0.750000    1.172178   -0.422178 (VIOLATED)
_08639_/A2                              0.750000    1.172173   -0.422173 (VIOLATED)
_08993_/A2                              0.750000    1.172169   -0.422169 (VIOLATED)
_08899_/A2                              0.750000    1.172168   -0.422168 (VIOLATED)
_08381_/A2                              0.750000    1.172159   -0.422159 (VIOLATED)
_07959_/B1                              0.750000    1.172150   -0.422150 (VIOLATED)
_08266_/B1                              0.750000    1.172147   -0.422147 (VIOLATED)
_08535_/A2                              0.750000    1.172130   -0.422130 (VIOLATED)
_07741_/B1                              0.750000    1.172121   -0.422121 (VIOLATED)
_08326_/A2                              0.750000    1.172116   -0.422116 (VIOLATED)
_08587_/A2                              0.750000    1.172113   -0.422113 (VIOLATED)
_07841_/A2                              0.750000    1.172111   -0.422111 (VIOLATED)
_07996_/B1                              0.750000    1.172105   -0.422105 (VIOLATED)
_08478_/A2                              0.750000    1.172094   -0.422094 (VIOLATED)
_07898_/B1                              0.750000    1.172083   -0.422083 (VIOLATED)
_08167_/B1                              0.750000    1.172076   -0.422076 (VIOLATED)
_08205_/A2                              0.750000    1.172065   -0.422065 (VIOLATED)
_08104_/A2                              0.750000    1.172050   -0.422050 (VIOLATED)
_07512_/A2                              0.750000    1.172049   -0.422049 (VIOLATED)
_07787_/B1                              0.750000    1.172038   -0.422038 (VIOLATED)
_08058_/A2                              0.750000    1.172016   -0.422016 (VIOLATED)
_07485_/X                               0.750000    1.172007   -0.422007 (VIOLATED)
_08844_/D1                              0.750000    1.171336   -0.421336 (VIOLATED)
_08741_/D1                              0.750000    1.171327   -0.421328 (VIOLATED)
_08689_/D1                              0.750000    1.171313   -0.421313 (VIOLATED)
_08801_/C1                              0.750000    1.171293   -0.421293 (VIOLATED)
_09046_/C1                              0.750000    1.171253   -0.421253 (VIOLATED)
_09197_/C1                              0.750000    1.171224   -0.421224 (VIOLATED)
_08952_/C1                              0.750000    1.171162   -0.421162 (VIOLATED)
_08870_/B1                              0.750000    1.171105   -0.421105 (VIOLATED)
_08760_/B1                              0.750000    1.171102   -0.421102 (VIOLATED)
_08712_/A2                              0.750000    1.171092   -0.421092 (VIOLATED)
_09270_/D1                              0.750000    1.171062   -0.421062 (VIOLATED)
_08827_/A2                              0.750000    1.171061   -0.421061 (VIOLATED)
_08896_/D1                              0.750000    1.171043   -0.421043 (VIOLATED)
_09003_/C1                              0.750000    1.171040   -0.421040 (VIOLATED)
_08922_/B1                              0.750000    1.171023   -0.421023 (VIOLATED)
_08267_/D1                              0.750000    1.171020   -0.421020 (VIOLATED)
_09168_/B1                              0.750000    1.171020   -0.421020 (VIOLATED)
_08539_/C1                              0.750000    1.171013   -0.421013 (VIOLATED)
_08379_/D1                              0.750000    1.171008   -0.421008 (VIOLATED)
_08285_/A2                              0.750000    1.170996   -0.420996 (VIOLATED)
_08397_/B1                              0.750000    1.170977   -0.420977 (VIOLATED)
_08590_/C1                              0.750000    1.170945   -0.420945 (VIOLATED)
_08603_/B1                              0.750000    1.170884   -0.420884 (VIOLATED)
_09072_/A2                              0.750000    1.170877   -0.420877 (VIOLATED)
_09222_/A2                              0.750000    1.170875   -0.420875 (VIOLATED)
_09017_/B1                              0.750000    1.170867   -0.420867 (VIOLATED)
_08972_/B1                              0.750000    1.170857   -0.420857 (VIOLATED)
_08487_/C1                              0.750000    1.170851   -0.420851 (VIOLATED)
_09246_/B1                              0.750000    1.170852   -0.420852 (VIOLATED)
_08565_/A2                              0.750000    1.170805   -0.420805 (VIOLATED)
_09093_/D1                              0.750000    1.170764   -0.420764 (VIOLATED)
_08424_/C1                              0.750000    1.170750   -0.420750 (VIOLATED)
_08641_/C1                              0.750000    1.170737   -0.420737 (VIOLATED)
_07735_/C1                              0.750000    1.170703   -0.420703 (VIOLATED)
_08506_/B1                              0.750000    1.170702   -0.420702 (VIOLATED)
_09126_/B1                              0.750000    1.170698   -0.420698 (VIOLATED)
_08451_/B1                              0.750000    1.170696   -0.420696 (VIOLATED)
_08663_/B1                              0.750000    1.170692   -0.420692 (VIOLATED)
_07983_/A2                              0.750000    1.170690   -0.420690 (VIOLATED)
_08018_/A2                              0.750000    1.170690   -0.420690 (VIOLATED)
_07926_/B1                              0.750000    1.170686   -0.420686 (VIOLATED)
_07760_/B1                              0.750000    1.170684   -0.420684 (VIOLATED)
_08241_/B1                              0.750000    1.170681   -0.420681 (VIOLATED)
_08165_/C1                              0.750000    1.170679   -0.420679 (VIOLATED)
_07822_/A2                              0.750000    1.170677   -0.420677 (VIOLATED)
_07849_/C1                              0.750000    1.170677   -0.420677 (VIOLATED)
_07875_/A2                              0.750000    1.170677   -0.420677 (VIOLATED)
_08182_/B1                              0.750000    1.170673   -0.420673 (VIOLATED)
_08081_/A2                              0.750000    1.170668   -0.420668 (VIOLATED)
_08353_/B1                              0.750000    1.170665   -0.420665 (VIOLATED)
_08131_/A2                              0.750000    1.170664   -0.420664 (VIOLATED)
_07560_/X                               0.750000    1.170654   -0.420654 (VIOLATED)
_08325_/C1                              0.750000    1.170642   -0.420642 (VIOLATED)
_08108_/C1                              0.750000    1.170619   -0.420619 (VIOLATED)
_07516_/D1                              0.750000    1.170532   -0.420532 (VIOLATED)
_08740_/B1                              0.750000    1.170402   -0.420402 (VIOLATED)
_08700_/B1                              0.750000    1.170401   -0.420401 (VIOLATED)
_08851_/B1                              0.750000    1.170395   -0.420395 (VIOLATED)
_08897_/B1                              0.750000    1.170378   -0.420378 (VIOLATED)
_08426_/B1                              0.750000    1.170372   -0.420372 (VIOLATED)
_09151_/B1                              0.750000    1.170371   -0.420371 (VIOLATED)
_09100_/B1                              0.750000    1.170369   -0.420369 (VIOLATED)
_08276_/B1                              0.750000    1.170357   -0.420357 (VIOLATED)
_07953_/D1                              0.750000    1.170354   -0.420354 (VIOLATED)
_07963_/B1                              0.750000    1.170352   -0.420352 (VIOLATED)
_08000_/D1                              0.750000    1.170352   -0.420352 (VIOLATED)
_08632_/B1                              0.750000    1.170351   -0.420351 (VIOLATED)
_07901_/D1                              0.750000    1.170349   -0.420349 (VIOLATED)
_08210_/D1                              0.750000    1.170346   -0.420346 (VIOLATED)
_07749_/A2                              0.750000    1.170343   -0.420343 (VIOLATED)
_07789_/C1                              0.750000    1.170336   -0.420336 (VIOLATED)
_07668_/A                               0.750000    1.170332   -0.420332 (VIOLATED)
_08049_/D1                              0.750000    1.170327   -0.420327 (VIOLATED)
_09000_/B1                              0.750000    1.170307   -0.420307 (VIOLATED)
_07460_/X                               0.750000    1.170306   -0.420306 (VIOLATED)
_08793_/B1                              0.750000    1.170305   -0.420305 (VIOLATED)
_09056_/B1                              0.750000    1.170304   -0.420304 (VIOLATED)
_07846_/B1                              0.750000    1.170300   -0.420300 (VIOLATED)
_08382_/B1                              0.750000    1.170300   -0.420300 (VIOLATED)
_09196_/B1                              0.750000    1.170299   -0.420299 (VIOLATED)
_08947_/B1                              0.750000    1.170292   -0.420292 (VIOLATED)
_09280_/B1                              0.750000    1.170283   -0.420283 (VIOLATED)
_07999_/B1                              0.750000    1.170281   -0.420281 (VIOLATED)
_07904_/B1                              0.750000    1.170280   -0.420280 (VIOLATED)
_08155_/B1                              0.750000    1.170277   -0.420277 (VIOLATED)
_08217_/B1                              0.750000    1.170275   -0.420275 (VIOLATED)
_07785_/B1                              0.750000    1.170269   -0.420269 (VIOLATED)
_08052_/B1                              0.750000    1.170262   -0.420262 (VIOLATED)
_08591_/B1                              0.750000    1.170258   -0.420258 (VIOLATED)
_08532_/B1                              0.750000    1.170254   -0.420254 (VIOLATED)
_08322_/B1                              0.750000    1.170249   -0.420250 (VIOLATED)
_08107_/B1                              0.750000    1.170242   -0.420242 (VIOLATED)
_07509_/B1                              0.750000    1.170235   -0.420235 (VIOLATED)
_07667_/B1                              0.750000    1.170235   -0.420235 (VIOLATED)
_08489_/B1                              0.750000    1.170235   -0.420235 (VIOLATED)
_07505_/X                               0.750000    1.170231   -0.420231 (VIOLATED)
_08712_/B1                              0.750000    1.159633   -0.409633 (VIOLATED)
_08774_/B1                              0.750000    1.159631   -0.409631 (VIOLATED)
_08874_/B1                              0.750000    1.159622   -0.409622 (VIOLATED)
_09166_/B1                              0.750000    1.159612   -0.409612 (VIOLATED)
_09127_/B1                              0.750000    1.159605   -0.409605 (VIOLATED)
_09220_/B1                              0.750000    1.159602   -0.409602 (VIOLATED)
_09076_/B1                              0.750000    1.159600   -0.409600 (VIOLATED)
_08827_/B1                              0.750000    1.159599   -0.409599 (VIOLATED)
_08927_/B1                              0.750000    1.159599   -0.409599 (VIOLATED)
_09027_/B1                              0.750000    1.159593   -0.409593 (VIOLATED)
_08452_/B1                              0.750000    1.159590   -0.409590 (VIOLATED)
_08615_/B1                              0.750000    1.159579   -0.409579 (VIOLATED)
_08973_/B1                              0.750000    1.159578   -0.409578 (VIOLATED)
_07973_/A2                              0.750000    1.159577   -0.409577 (VIOLATED)
_09259_/B1                              0.750000    1.159577   -0.409577 (VIOLATED)
_08657_/B1                              0.750000    1.159576   -0.409577 (VIOLATED)
_08395_/B1                              0.750000    1.159576   -0.409576 (VIOLATED)
_08565_/B1                              0.750000    1.159572   -0.409572 (VIOLATED)
_08515_/B1                              0.750000    1.159563   -0.409563 (VIOLATED)
_07766_/B1                              0.750000    1.159559   -0.409559 (VIOLATED)
_08287_/B1                              0.750000    1.159558   -0.409558 (VIOLATED)
_08359_/B1                              0.750000    1.159550   -0.409550 (VIOLATED)
_07881_/B1                              0.750000    1.159544   -0.409544 (VIOLATED)
_08031_/B1                              0.750000    1.159543   -0.409543 (VIOLATED)
_07934_/B1                              0.750000    1.159542   -0.409543 (VIOLATED)
_08226_/B1                              0.750000    1.159540   -0.409540 (VIOLATED)
_08183_/B1                              0.750000    1.159535   -0.409535 (VIOLATED)
_08086_/B1                              0.750000    1.159535   -0.409535 (VIOLATED)
_07580_/X                               0.750000    1.159533   -0.409533 (VIOLATED)
_07699_/B1                              0.750000    1.159533   -0.409533 (VIOLATED)
_08134_/B1                              0.750000    1.159533   -0.409533 (VIOLATED)
_08739_/A2                              0.750000    1.153481   -0.403481 (VIOLATED)
_08690_/B1                              0.750000    1.153476   -0.403476 (VIOLATED)
_08802_/A2                              0.750000    1.153466   -0.403466 (VIOLATED)
_09000_/A2                              0.750000    1.153457   -0.403457 (VIOLATED)
_09052_/A2                              0.750000    1.153455   -0.403455 (VIOLATED)
_09203_/B1                              0.750000    1.153423   -0.403423 (VIOLATED)
_09271_/B1                              0.750000    1.153362   -0.403362 (VIOLATED)
_08943_/A2                              0.750000    1.153340   -0.403340 (VIOLATED)
_08531_/A2                              0.750000    1.153281   -0.403281 (VIOLATED)
_08899_/B1                              0.750000    1.153267   -0.403267 (VIOLATED)
_08386_/B1                              0.750000    1.153260   -0.403260 (VIOLATED)
_07850_/B1                              0.750000    1.153247   -0.403247 (VIOLATED)
_08851_/A2                              0.750000    1.153245   -0.403245 (VIOLATED)
_09153_/B1                              0.750000    1.153242   -0.403242 (VIOLATED)
_08325_/A2                              0.750000    1.153227   -0.403227 (VIOLATED)
_08580_/B1                              0.750000    1.153227   -0.403227 (VIOLATED)
_09100_/A2                              0.750000    1.153226   -0.403226 (VIOLATED)
_08421_/B1                              0.750000    1.153216   -0.403216 (VIOLATED)
_08482_/B1                              0.750000    1.153188   -0.403188 (VIOLATED)
_08640_/B1                              0.750000    1.153186   -0.403187 (VIOLATED)
_07948_/A2                              0.750000    1.153166   -0.403166 (VIOLATED)
_08277_/B1                              0.750000    1.153159   -0.403159 (VIOLATED)
_07740_/B1                              0.750000    1.153156   -0.403156 (VIOLATED)
_08157_/A2                              0.750000    1.153142   -0.403142 (VIOLATED)
_08008_/B1                              0.750000    1.153101   -0.403101 (VIOLATED)
_07907_/B1                              0.750000    1.153100   -0.403100 (VIOLATED)
_07516_/A2                              0.750000    1.153087   -0.403087 (VIOLATED)
_08204_/B1                              0.750000    1.153076   -0.403076 (VIOLATED)
_07792_/A2                              0.750000    1.153053   -0.403053 (VIOLATED)
_08100_/A2                              0.750000    1.153046   -0.403046 (VIOLATED)
_08051_/B1                              0.750000    1.153035   -0.403035 (VIOLATED)
_07493_/X                               0.750000    1.153023   -0.403023 (VIOLATED)
_07660_/B                               0.750000    1.153023   -0.403023 (VIOLATED)
_08816_/B1                              0.750000    1.146265   -0.396265 (VIOLATED)
_08716_/A2                              0.750000    1.146262   -0.396262 (VIOLATED)
_08776_/B1                              0.750000    1.146257   -0.396257 (VIOLATED)
_08867_/B1                              0.750000    1.146237   -0.396237 (VIOLATED)
_09171_/B1                              0.750000    1.146213   -0.396213 (VIOLATED)
_09125_/A2                              0.750000    1.146186   -0.396187 (VIOLATED)
_09013_/B1                              0.750000    1.146180   -0.396180 (VIOLATED)
_08407_/B1                              0.750000    1.146178   -0.396178 (VIOLATED)
_08928_/B1                              0.750000    1.146168   -0.396168 (VIOLATED)
_08966_/B1                              0.750000    1.146134   -0.396134 (VIOLATED)
_09079_/A2                              0.750000    1.146131   -0.396131 (VIOLATED)
_08293_/B1                              0.750000    1.146129   -0.396129 (VIOLATED)
_09225_/B1                              0.750000    1.146125   -0.396125 (VIOLATED)
_09256_/B1                              0.750000    1.146091   -0.396091 (VIOLATED)
_08552_/A2                              0.750000    1.146086   -0.396086 (VIOLATED)
_08610_/B1                              0.750000    1.146082   -0.396082 (VIOLATED)
_08501_/A2                              0.750000    1.146080   -0.396080 (VIOLATED)
_07763_/B1                              0.750000    1.146033   -0.396033 (VIOLATED)
_08349_/B1                              0.750000    1.146022   -0.396022 (VIOLATED)
_07869_/A2                              0.750000    1.145985   -0.395985 (VIOLATED)
_08136_/A2                              0.750000    1.145983   -0.395983 (VIOLATED)
_08190_/A2                              0.750000    1.145955   -0.395955 (VIOLATED)
_08457_/B1                              0.750000    1.145945   -0.395945 (VIOLATED)
_08661_/B1                              0.750000    1.145945   -0.395945 (VIOLATED)
_07985_/B1                              0.750000    1.145943   -0.395943 (VIOLATED)
_08021_/B1                              0.750000    1.145942   -0.395942 (VIOLATED)
_07695_/B1                              0.750000    1.145941   -0.395941 (VIOLATED)
_08082_/B1                              0.750000    1.145941   -0.395941 (VIOLATED)
_07565_/X                               0.750000    1.145939   -0.395939 (VIOLATED)
_07815_/B1                              0.750000    1.145939   -0.395939 (VIOLATED)
_07925_/B1                              0.750000    1.145939   -0.395939 (VIOLATED)
_08722_/B1                              0.750000    1.144852   -0.394852 (VIOLATED)
_08821_/B1                              0.750000    1.144848   -0.394848 (VIOLATED)
_09073_/A2                              0.750000    1.144842   -0.394842 (VIOLATED)
_08970_/A2                              0.750000    1.144835   -0.394835 (VIOLATED)
_09223_/A2                              0.750000    1.144828   -0.394828 (VIOLATED)
_09018_/A2                              0.750000    1.144778   -0.394778 (VIOLATED)
_08686_/A2                              0.750000    1.144767   -0.394767 (VIOLATED)
_08805_/A2                              0.750000    1.144765   -0.394765 (VIOLATED)
_09005_/A2                              0.750000    1.144757   -0.394757 (VIOLATED)
_09057_/A2                              0.750000    1.144754   -0.394754 (VIOLATED)
_09210_/A2                              0.750000    1.144739   -0.394739 (VIOLATED)
_09247_/B1                              0.750000    1.144739   -0.394739 (VIOLATED)
_08556_/B1                              0.750000    1.144737   -0.394737 (VIOLATED)
_08922_/A2                              0.750000    1.144730   -0.394730 (VIOLATED)
_08407_/A2                              0.750000    1.144725   -0.394725 (VIOLATED)
_08738_/A2                              0.750000    1.144713   -0.394713 (VIOLATED)
_08848_/A2                              0.750000    1.144713   -0.394713 (VIOLATED)
_08605_/B1                              0.750000    1.144708   -0.394708 (VIOLATED)
_09280_/A2                              0.750000    1.144704   -0.394704 (VIOLATED)
_09152_/A2                              0.750000    1.144699   -0.394699 (VIOLATED)
_09095_/A2                              0.750000    1.144694   -0.394694 (VIOLATED)
_08946_/A2                              0.750000    1.144691   -0.394691 (VIOLATED)
_08903_/A2                              0.750000    1.144677   -0.394677 (VIOLATED)
_08277_/A2                              0.750000    1.144654   -0.394654 (VIOLATED)
_08373_/A2                              0.750000    1.144631   -0.394631 (VIOLATED)
_08507_/A2                              0.750000    1.144632   -0.394632 (VIOLATED)
_08543_/A2                              0.750000    1.144631   -0.394631 (VIOLATED)
_08487_/A2                              0.750000    1.144571   -0.394571 (VIOLATED)
_08434_/A2                              0.750000    1.144564   -0.394564 (VIOLATED)
_07843_/A2                              0.750000    1.144563   -0.394563 (VIOLATED)
_08583_/A2                              0.750000    1.144561   -0.394561 (VIOLATED)
_08632_/A2                              0.750000    1.144560   -0.394560 (VIOLATED)
_08348_/A2                              0.750000    1.144555   -0.394555 (VIOLATED)
_07957_/A2                              0.750000    1.144546   -0.394546 (VIOLATED)
_08003_/A2                              0.750000    1.144539   -0.394539 (VIOLATED)
_08322_/A2                              0.750000    1.144534   -0.394534 (VIOLATED)
_07909_/A2                              0.750000    1.144529   -0.394529 (VIOLATED)
_07736_/B1                              0.750000    1.144523   -0.394523 (VIOLATED)
_08170_/A2                              0.750000    1.144521   -0.394521 (VIOLATED)
_08214_/A2                              0.750000    1.144507   -0.394507 (VIOLATED)
_08284_/B1                              0.750000    1.144485   -0.394485 (VIOLATED)
_07764_/B1                              0.750000    1.144482   -0.394483 (VIOLATED)
_08760_/A2                              0.750000    1.144476   -0.394476 (VIOLATED)
_07471_/A2                              0.750000    1.144475   -0.394475 (VIOLATED)
_07787_/A2                              0.750000    1.144475   -0.394475 (VIOLATED)
_08864_/A2                              0.750000    1.144474   -0.394474 (VIOLATED)
_09170_/A2                              0.750000    1.144471   -0.394471 (VIOLATED)
_07863_/B1                              0.750000    1.144468   -0.394468 (VIOLATED)
_09120_/A2                              0.750000    1.144461   -0.394461 (VIOLATED)
_08062_/A2                              0.750000    1.144452   -0.394452 (VIOLATED)
_08443_/B1                              0.750000    1.144448   -0.394448 (VIOLATED)
_08664_/A2                              0.750000    1.144439   -0.394439 (VIOLATED)
_08129_/B1                              0.750000    1.144437   -0.394437 (VIOLATED)
_07674_/A2                              0.750000    1.144433   -0.394433 (VIOLATED)
_08188_/A2                              0.750000    1.144432   -0.394432 (VIOLATED)
_08105_/A2                              0.750000    1.144430   -0.394430 (VIOLATED)
_07971_/B1                              0.750000    1.144422   -0.394422 (VIOLATED)
_08020_/B1                              0.750000    1.144418   -0.394418 (VIOLATED)
_07468_/X                               0.750000    1.144415   -0.394415 (VIOLATED)
_07693_/A2                              0.750000    1.144413   -0.394413 (VIOLATED)
_07925_/A2                              0.750000    1.144413   -0.394413 (VIOLATED)
_08078_/A2                              0.750000    1.144413   -0.394413 (VIOLATED)
_07813_/A2                              0.750000    1.144411   -0.394411 (VIOLATED)
_07555_/X                               0.750000    1.144410   -0.394410 (VIOLATED)
_08236_/B1                              0.750000    1.144410   -0.394410 (VIOLATED)
_07933_/A2                              0.750000    1.136776   -0.386776 (VIOLATED)
_08024_/A2                              0.750000    1.136775   -0.386775 (VIOLATED)
_07984_/A2                              0.750000    1.136772   -0.386772 (VIOLATED)
_08656_/B1                              0.750000    1.136763   -0.386763 (VIOLATED)
_08451_/A2                              0.750000    1.136746   -0.386746 (VIOLATED)
_08233_/A2                              0.750000    1.136739   -0.386739 (VIOLATED)
_08194_/B1                              0.750000    1.136737   -0.386737 (VIOLATED)
_08765_/A2                              0.750000    1.136734   -0.386735 (VIOLATED)
_07768_/B1                              0.750000    1.136733   -0.386733 (VIOLATED)
_08724_/A2                              0.750000    1.136733   -0.386733 (VIOLATED)
_08291_/A2                              0.750000    1.136731   -0.386731 (VIOLATED)
_08867_/A2                              0.750000    1.136729   -0.386729 (VIOLATED)
_08826_/A2                              0.750000    1.136728   -0.386728 (VIOLATED)
_09119_/A2                              0.750000    1.136727   -0.386727 (VIOLATED)
_09168_/A2                              0.750000    1.136726   -0.386726 (VIOLATED)
_08915_/B1                              0.750000    1.136719   -0.386719 (VIOLATED)
_07816_/A2                              0.750000    1.136719   -0.386719 (VIOLATED)
_08076_/A2                              0.750000    1.136717   -0.386717 (VIOLATED)
_09230_/B1                              0.750000    1.136717   -0.386717 (VIOLATED)
_09075_/A2                              0.750000    1.136717   -0.386717 (VIOLATED)
_07698_/B1                              0.750000    1.136715   -0.386715 (VIOLATED)
_09027_/A2                              0.750000    1.136713   -0.386713 (VIOLATED)
_09215_/B1                              0.750000    1.136710   -0.386710 (VIOLATED)
_08977_/B1                              0.750000    1.136709   -0.386709 (VIOLATED)
_07882_/B1                              0.750000    1.136705   -0.386705 (VIOLATED)
_09258_/B1                              0.750000    1.136703   -0.386703 (VIOLATED)
_08394_/B1                              0.750000    1.136701   -0.386701 (VIOLATED)
_08353_/A2                              0.750000    1.136699   -0.386699 (VIOLATED)
_08975_/A2                              0.750000    1.136699   -0.386699 (VIOLATED)
_09252_/B1                              0.750000    1.136699   -0.386699 (VIOLATED)
_08820_/B1                              0.750000    1.136699   -0.386699 (VIOLATED)
_08562_/B1                              0.750000    1.136697   -0.386697 (VIOLATED)
_09066_/B1                              0.750000    1.136696   -0.386696 (VIOLATED)
_08504_/A2                              0.750000    1.136693   -0.386693 (VIOLATED)
_07549_/X                               0.750000    1.136690   -0.386690 (VIOLATED)
_08553_/B1                              0.750000    1.136686   -0.386686 (VIOLATED)
_09030_/A2                              0.750000    1.136682   -0.386682 (VIOLATED)
_08773_/B1                              0.750000    1.136675   -0.386675 (VIOLATED)
_08617_/B1                              0.750000    1.136672   -0.386672 (VIOLATED)
_08878_/B1                              0.750000    1.136672   -0.386672 (VIOLATED)
_09174_/B1                              0.750000    1.136663   -0.386663 (VIOLATED)
_09116_/B1                              0.750000    1.136651   -0.386651 (VIOLATED)
_08718_/B1                              0.750000    1.136638   -0.386638 (VIOLATED)
_08458_/B1                              0.750000    1.136638   -0.386638 (VIOLATED)
_08918_/B1                              0.750000    1.136636   -0.386636 (VIOLATED)
_07973_/B1                              0.750000    1.136631   -0.386631 (VIOLATED)
_08398_/B1                              0.750000    1.136627   -0.386627 (VIOLATED)
_08667_/B1                              0.750000    1.136624   -0.386624 (VIOLATED)
_08296_/B1                              0.750000    1.136623   -0.386623 (VIOLATED)
_07769_/B1                              0.750000    1.136599   -0.386599 (VIOLATED)
_08028_/B1                              0.750000    1.136591   -0.386591 (VIOLATED)
_07919_/B1                              0.750000    1.136590   -0.386590 (VIOLATED)
_08227_/B1                              0.750000    1.136589   -0.386589 (VIOLATED)
_08075_/B1                              0.750000    1.136587   -0.386587 (VIOLATED)
_07810_/B1                              0.750000    1.136586   -0.386586 (VIOLATED)
_08503_/B1                              0.750000    1.136582   -0.386582 (VIOLATED)
_07582_/X                               0.750000    1.136580   -0.386580 (VIOLATED)
_07590_/A2                              0.750000    1.136580   -0.386580 (VIOLATED)
_08137_/B1                              0.750000    1.136580   -0.386580 (VIOLATED)
_09900_/A2                              0.750000    1.129877   -0.379877 (VIOLATED)
_07334_/C                               0.750000    1.129876   -0.379876 (VIOLATED)
_07283_/B                               0.750000    1.129875   -0.379875 (VIOLATED)
_07320_/A                               0.750000    1.129874   -0.379874 (VIOLATED)
_07185_/Y                               0.750000    1.129868   -0.379868 (VIOLATED)
_07190_/A                               0.750000    1.129868   -0.379868 (VIOLATED)
_09996_/B                               0.750000    1.129868   -0.379868 (VIOLATED)
_10081_/B                               0.750000    1.129868   -0.379868 (VIOLATED)
_10589_/B                               0.750000    1.129868   -0.379868 (VIOLATED)
_08767_/B1                              0.750000    1.125957   -0.375957 (VIOLATED)
_08710_/B1                              0.750000    1.125955   -0.375955 (VIOLATED)
_09062_/A2                              0.750000    1.125951   -0.375951 (VIOLATED)
_08816_/A2                              0.750000    1.125949   -0.375949 (VIOLATED)
_08930_/B1                              0.750000    1.125926   -0.375926 (VIOLATED)
_09020_/A2                              0.750000    1.125909   -0.375909 (VIOLATED)
_09223_/B1                              0.750000    1.125906   -0.375906 (VIOLATED)
_08972_/A2                              0.750000    1.125905   -0.375905 (VIOLATED)
_09255_/A2                              0.750000    1.125902   -0.375902 (VIOLATED)
_08863_/B1                              0.750000    1.125895   -0.375895 (VIOLATED)
_09176_/B1                              0.750000    1.125894   -0.375894 (VIOLATED)
_09115_/B1                              0.750000    1.125889   -0.375889 (VIOLATED)
_08555_/B1                              0.750000    1.125888   -0.375888 (VIOLATED)
_08448_/B1                              0.750000    1.125877   -0.375877 (VIOLATED)
_08400_/B1                              0.750000    1.125875   -0.375875 (VIOLATED)
_08609_/A2                              0.750000    1.125871   -0.375871 (VIOLATED)
_08663_/A2                              0.750000    1.125870   -0.375870 (VIOLATED)
_08294_/A2                              0.750000    1.125862   -0.375862 (VIOLATED)
_08510_/B1                              0.750000    1.125860   -0.375860 (VIOLATED)
_08357_/B1                              0.750000    1.125857   -0.375857 (VIOLATED)
_07757_/A2                              0.750000    1.125853   -0.375853 (VIOLATED)
_08019_/A2                              0.750000    1.125853   -0.375853 (VIOLATED)
_07978_/B1                              0.750000    1.125852   -0.375852 (VIOLATED)
_07918_/B1                              0.750000    1.125849   -0.375849 (VIOLATED)
_07877_/A2                              0.750000    1.125847   -0.375847 (VIOLATED)
_08186_/A2                              0.750000    1.125837   -0.375837 (VIOLATED)
_08085_/A2                              0.750000    1.125831   -0.375831 (VIOLATED)
_08229_/B1                              0.750000    1.125832   -0.375832 (VIOLATED)
_07821_/B1                              0.750000    1.125831   -0.375831 (VIOLATED)
_07558_/X                               0.750000    1.125824   -0.375824 (VIOLATED)
_09222_/B1                              0.750000    1.122854   -0.372854 (VIOLATED)
_09072_/B1                              0.750000    1.122853   -0.372853 (VIOLATED)
_08716_/B1                              0.750000    1.122849   -0.372849 (VIOLATED)
_08812_/A2                              0.750000    1.122846   -0.372846 (VIOLATED)
_09023_/B1                              0.750000    1.122832   -0.372832 (VIOLATED)
_08925_/A2                              0.750000    1.122815   -0.372815 (VIOLATED)
_08770_/A2                              0.750000    1.122805   -0.372805 (VIOLATED)
_08869_/A2                              0.750000    1.122804   -0.372804 (VIOLATED)
_09181_/B1                              0.750000    1.122798   -0.372798 (VIOLATED)
_08409_/A2                              0.750000    1.122795   -0.372795 (VIOLATED)
_08967_/B1                              0.750000    1.122795   -0.372795 (VIOLATED)
_09262_/A2                              0.750000    1.122792   -0.372792 (VIOLATED)
_09121_/B1                              0.750000    1.122789   -0.372789 (VIOLATED)
_08564_/B1                              0.750000    1.122788   -0.372788 (VIOLATED)
_08501_/B1                              0.750000    1.122779   -0.372779 (VIOLATED)
_08454_/A2                              0.750000    1.122778   -0.372778 (VIOLATED)
_08612_/B1                              0.750000    1.122774   -0.372774 (VIOLATED)
_08025_/B1                              0.750000    1.122771   -0.372771 (VIOLATED)
_07979_/A2                              0.750000    1.122770   -0.372770 (VIOLATED)
_08662_/B1                              0.750000    1.122761   -0.372761 (VIOLATED)
_07872_/B1                              0.750000    1.122758   -0.372758 (VIOLATED)
_08343_/A2                              0.750000    1.122756   -0.372756 (VIOLATED)
_08294_/B1                              0.750000    1.122755   -0.372755 (VIOLATED)
_07757_/B1                              0.750000    1.122749   -0.372749 (VIOLATED)
_07927_/A2                              0.750000    1.122736   -0.372736 (VIOLATED)
_08233_/B1                              0.750000    1.122736   -0.372736 (VIOLATED)
_07811_/B1                              0.750000    1.122735   -0.372735 (VIOLATED)
_08086_/A2                              0.750000    1.122735   -0.372735 (VIOLATED)
_07567_/X                               0.750000    1.122733   -0.372733 (VIOLATED)
_08135_/B1                              0.750000    1.122733   -0.372733 (VIOLATED)
_08189_/B1                              0.750000    1.122733   -0.372733 (VIOLATED)
_12025_/S                               0.750000    1.109590   -0.359590 (VIOLATED)
_12028_/A1                              0.750000    1.109589   -0.359589 (VIOLATED)
_12038_/S                               0.750000    1.109590   -0.359590 (VIOLATED)
_12091_/S                               0.750000    1.109589   -0.359589 (VIOLATED)
_11839_/A1                              0.750000    1.109588   -0.359588 (VIOLATED)
_11898_/S                               0.750000    1.109588   -0.359588 (VIOLATED)
_12092_/A                               0.750000    1.109588   -0.359588 (VIOLATED)
_12094_/A1                              0.750000    1.109589   -0.359589 (VIOLATED)
_12186_/A1                              0.750000    1.109588   -0.359588 (VIOLATED)
_11899_/A                               0.750000    1.109588   -0.359588 (VIOLATED)
_11954_/S                               0.750000    1.109586   -0.359586 (VIOLATED)
_11971_/S                               0.750000    1.109586   -0.359586 (VIOLATED)
_12068_/A1                              0.750000    1.109586   -0.359586 (VIOLATED)
_11829_/B                               0.750000    1.109585   -0.359585 (VIOLATED)
_11938_/A1                              0.750000    1.109585   -0.359585 (VIOLATED)
_12077_/A1                              0.750000    1.109585   -0.359585 (VIOLATED)
_11999_/A1                              0.750000    1.109584   -0.359584 (VIOLATED)
_12052_/A1                              0.750000    1.109584   -0.359584 (VIOLATED)
_12003_/A1                              0.750000    1.109582   -0.359582 (VIOLATED)
_12059_/S                               0.750000    1.109581   -0.359581 (VIOLATED)
_12057_/S                               0.750000    1.109580   -0.359580 (VIOLATED)
_11828_/Y                               0.750000    1.109575   -0.359575 (VIOLATED)
_12026_/S                               0.750000    1.100815   -0.350815 (VIOLATED)
_12154_/A1                              0.750000    1.100815   -0.350815 (VIOLATED)
_12175_/A                               0.750000    1.100815   -0.350815 (VIOLATED)
_12176_/A1                              0.750000    1.100815   -0.350815 (VIOLATED)
_12205_/A1                              0.750000    1.100815   -0.350815 (VIOLATED)
_12042_/S                               0.750000    1.100815   -0.350815 (VIOLATED)
_12044_/A1                              0.750000    1.100814   -0.350814 (VIOLATED)
_12143_/A1                              0.750000    1.100815   -0.350815 (VIOLATED)
_12165_/A1                              0.750000    1.100813   -0.350813 (VIOLATED)
_12184_/A1                              0.750000    1.100813   -0.350813 (VIOLATED)
_12107_/A1                              0.750000    1.100812   -0.350812 (VIOLATED)
_12095_/S                               0.750000    1.100811   -0.350811 (VIOLATED)
_11903_/A1                              0.750000    1.100810   -0.350810 (VIOLATED)
_12000_/S                               0.750000    1.100808   -0.350808 (VIOLATED)
_11939_/A1                              0.750000    1.100808   -0.350808 (VIOLATED)
_12074_/C1                              0.750000    1.100808   -0.350808 (VIOLATED)
_12078_/A1                              0.750000    1.100808   -0.350808 (VIOLATED)
_12118_/A1                              0.750000    1.100808   -0.350808 (VIOLATED)
_12004_/A1                              0.750000    1.100807   -0.350807 (VIOLATED)
_12132_/C1                              0.750000    1.100808   -0.350808 (VIOLATED)
_12134_/A1                              0.750000    1.100807   -0.350807 (VIOLATED)
_11819_/Y                               0.750000    1.100805   -0.350805 (VIOLATED)
_11973_/S                               0.750000    1.100805   -0.350805 (VIOLATED)
_12060_/S                               0.750000    1.100805   -0.350805 (VIOLATED)
_12121_/C1                              0.750000    1.100805   -0.350805 (VIOLATED)
_09231_/B1                              0.750000    1.100257   -0.350257 (VIOLATED)
_09068_/A2                              0.750000    1.100253   -0.350253 (VIOLATED)
_08823_/B1                              0.750000    1.100240   -0.350240 (VIOLATED)
_08715_/A2                              0.750000    1.100236   -0.350236 (VIOLATED)
_08927_/A2                              0.750000    1.100214   -0.350214 (VIOLATED)
_08767_/A2                              0.750000    1.100196   -0.350196 (VIOLATED)
_08873_/A2                              0.750000    1.100194   -0.350194 (VIOLATED)
_09176_/A2                              0.750000    1.100183   -0.350183 (VIOLATED)
_09122_/A2                              0.750000    1.100161   -0.350161 (VIOLATED)
_08450_/A2                              0.750000    1.100157   -0.350157 (VIOLATED)
_08293_/A2                              0.750000    1.100142   -0.350142 (VIOLATED)
_08971_/B1                              0.750000    1.100069   -0.350069 (VIOLATED)
_08550_/B1                              0.750000    1.100060   -0.350060 (VIOLATED)
_09251_/B1                              0.750000    1.100057   -0.350057 (VIOLATED)
_09021_/A2                              0.750000    1.100054   -0.350054 (VIOLATED)
_08393_/B1                              0.750000    1.100054   -0.350054 (VIOLATED)
_08607_/B1                              0.750000    1.100050   -0.350050 (VIOLATED)
_07772_/A2                              0.750000    1.100035   -0.350035 (VIOLATED)
_07968_/B1                              0.750000    1.100032   -0.350032 (VIOLATED)
_08655_/B1                              0.750000    1.100031   -0.350031 (VIOLATED)
_08508_/A2                              0.750000    1.100019   -0.350019 (VIOLATED)
_08349_/A2                              0.750000    1.100001   -0.350001 (VIOLATED)
_08135_/A2                              0.750000    1.099978   -0.349978 (VIOLATED)
_08187_/A2                              0.750000    1.099975   -0.349975 (VIOLATED)
_08033_/A2                              0.750000    1.099974   -0.349974 (VIOLATED)
_07923_/B1                              0.750000    1.099973   -0.349973 (VIOLATED)
_08236_/A2                              0.750000    1.099971   -0.349971 (VIOLATED)
_08077_/B1                              0.750000    1.099970   -0.349971 (VIOLATED)
_07547_/X                               0.750000    1.099964   -0.349964 (VIOLATED)
_08820_/A2                              0.750000    1.094965   -0.344965 (VIOLATED)
_08964_/B1                              0.750000    1.094965   -0.344965 (VIOLATED)
_09228_/B1                              0.750000    1.094965   -0.344965 (VIOLATED)
_09253_/B1                              0.750000    1.094964   -0.344964 (VIOLATED)
_09077_/B1                              0.750000    1.094962   -0.344962 (VIOLATED)
_08566_/B1                              0.750000    1.094946   -0.344946 (VIOLATED)
_08504_/B1                              0.750000    1.094946   -0.344946 (VIOLATED)
_09024_/B1                              0.750000    1.094943   -0.344943 (VIOLATED)
_08606_/A2                              0.750000    1.094924   -0.344924 (VIOLATED)
_08711_/B1                              0.750000    1.094897   -0.344897 (VIOLATED)
_08771_/A2                              0.750000    1.094894   -0.344894 (VIOLATED)
_08869_/B1                              0.750000    1.094888   -0.344888 (VIOLATED)
_09173_/B1                              0.750000    1.094873   -0.344873 (VIOLATED)
_09122_/B1                              0.750000    1.094854   -0.344854 (VIOLATED)
_08445_/B1                              0.750000    1.094853   -0.344853 (VIOLATED)
_08409_/B1                              0.750000    1.094843   -0.344843 (VIOLATED)
_07873_/B1                              0.750000    1.094839   -0.344839 (VIOLATED)
_08916_/B1                              0.750000    1.094838   -0.344838 (VIOLATED)
_08285_/B1                              0.750000    1.094835   -0.344835 (VIOLATED)
_08345_/B1                              0.750000    1.094824   -0.344824 (VIOLATED)
_07772_/B1                              0.750000    1.094783   -0.344783 (VIOLATED)
_08131_/B1                              0.750000    1.094774   -0.344774 (VIOLATED)
_08653_/B1                              0.750000    1.094761   -0.344761 (VIOLATED)
_07974_/A2                              0.750000    1.094760   -0.344760 (VIOLATED)
_08017_/B1                              0.750000    1.094758   -0.344758 (VIOLATED)
_07933_/B1                              0.750000    1.094757   -0.344757 (VIOLATED)
_08181_/B1                              0.750000    1.094754   -0.344754 (VIOLATED)
_08239_/B1                              0.750000    1.094754   -0.344754 (VIOLATED)
_07576_/X                               0.750000    1.094751   -0.344751 (VIOLATED)
_08769_/B1                              0.750000    1.091903   -0.341903 (VIOLATED)
_08865_/B1                              0.750000    1.091900   -0.341900 (VIOLATED)
_08824_/B1                              0.750000    1.091895   -0.341895 (VIOLATED)
_08708_/B1                              0.750000    1.091894   -0.341894 (VIOLATED)
_09174_/A2                              0.750000    1.091892   -0.341892 (VIOLATED)
_08917_/B1                              0.750000    1.091884   -0.341884 (VIOLATED)
_09115_/A2                              0.750000    1.091880   -0.341880 (VIOLATED)
_09217_/A2                              0.750000    1.091867   -0.341867 (VIOLATED)
_09065_/B1                              0.750000    1.091865   -0.341865 (VIOLATED)
_09024_/A2                              0.750000    1.091856   -0.341856 (VIOLATED)
_08965_/B1                              0.750000    1.091852   -0.341852 (VIOLATED)
_08292_/B1                              0.750000    1.091850   -0.341850 (VIOLATED)
_09245_/B1                              0.750000    1.091849   -0.341849 (VIOLATED)
_08563_/A2                              0.750000    1.091840   -0.341840 (VIOLATED)
_08393_/A2                              0.750000    1.091837   -0.341837 (VIOLATED)
_08505_/B1                              0.750000    1.091832   -0.341832 (VIOLATED)
_08611_/A2                              0.750000    1.091820   -0.341820 (VIOLATED)
_08455_/A2                              0.750000    1.091793   -0.341793 (VIOLATED)
_07975_/B1                              0.750000    1.091790   -0.341790 (VIOLATED)
_08657_/A2                              0.750000    1.091789   -0.341789 (VIOLATED)
_08358_/B1                              0.750000    1.091781   -0.341781 (VIOLATED)
_07768_/A2                              0.750000    1.091775   -0.341775 (VIOLATED)
_08183_/A2                              0.750000    1.091749   -0.341749 (VIOLATED)
_08021_/A2                              0.750000    1.091734   -0.341734 (VIOLATED)
_08141_/B1                              0.750000    1.091734   -0.341734 (VIOLATED)
_07928_/A2                              0.750000    1.091733   -0.341733 (VIOLATED)
_08231_/A2                              0.750000    1.091733   -0.341733 (VIOLATED)
_07698_/A2                              0.750000    1.091732   -0.341732 (VIOLATED)
_07820_/A2                              0.750000    1.091731   -0.341731 (VIOLATED)
_07544_/X                               0.750000    1.091729   -0.341729 (VIOLATED)
_12987_/S                               0.750000    1.090424   -0.340424 (VIOLATED)
_12771_/S1                              0.750000    1.090424   -0.340424 (VIOLATED)
_13046_/A1                              0.750000    1.090418   -0.340418 (VIOLATED)
_13045_/A_N                             0.750000    1.090417   -0.340417 (VIOLATED)
_12809_/S1                              0.750000    1.090416   -0.340416 (VIOLATED)
_12791_/S1                              0.750000    1.090404   -0.340404 (VIOLATED)
_13083_/S                               0.750000    1.090404   -0.340404 (VIOLATED)
crash_dump_o[97]                        0.750000    1.090400   -0.340400 (VIOLATED)
_12806_/S1                              0.750000    1.090393   -0.340393 (VIOLATED)
_13060_/A_N                             0.750000    1.090393   -0.340393 (VIOLATED)
_13061_/A1                              0.750000    1.090389   -0.340389 (VIOLATED)
_12974_/S                               0.750000    1.090387   -0.340387 (VIOLATED)
_12782_/S1                              0.750000    1.090386   -0.340386 (VIOLATED)
_13033_/S                               0.750000    1.090381   -0.340381 (VIOLATED)
_12804_/S1                              0.750000    1.090376   -0.340376 (VIOLATED)
_12767_/S1                              0.750000    1.090375   -0.340375 (VIOLATED)
_13006_/S                               0.750000    1.090375   -0.340375 (VIOLATED)
_12788_/S1                              0.750000    1.090363   -0.340363 (VIOLATED)
_13072_/S                               0.750000    1.090362   -0.340362 (VIOLATED)
_13020_/S                               0.750000    1.090357   -0.340357 (VIOLATED)
_12764_/S1                              0.750000    1.090351   -0.340351 (VIOLATED)
_12773_/S1                              0.750000    1.090332   -0.340332 (VIOLATED)
_12994_/S                               0.750000    1.090332   -0.340332 (VIOLATED)
_12778_/A                               0.750000    1.090292   -0.340292 (VIOLATED)
_12780_/A1                              0.750000    1.090280   -0.340280 (VIOLATED)
_12779_/A1                              0.750000    1.090271   -0.340271 (VIOLATED)
_13097_/S                               0.750000    1.090266   -0.340266 (VIOLATED)
_12750_/S1                              0.750000    1.090203   -0.340203 (VIOLATED)
_13108_/S                               0.750000    1.090192   -0.340192 (VIOLATED)
_12754_/S1                              0.750000    1.090152   -0.340152 (VIOLATED)
_13118_/S                               0.750000    1.090146   -0.340146 (VIOLATED)
_09872_/A                               0.750000    1.090085   -0.340085 (VIOLATED)
_09883_/B1                              0.750000    1.090085   -0.340085 (VIOLATED)
_11022_/A1                              0.750000    1.090085   -0.340085 (VIOLATED)
_12486_/A0                              0.750000    1.090085   -0.340085 (VIOLATED)
_12740_/S                               0.750000    1.090085   -0.340085 (VIOLATED)
_12742_/A_N                             0.750000    1.090085   -0.340085 (VIOLATED)
_12743_/A1                              0.750000    1.090085   -0.340085 (VIOLATED)
_12744_/A1                              0.750000    1.090085   -0.340085 (VIOLATED)
_12748_/S1                              0.750000    1.090085   -0.340085 (VIOLATED)
_12949_/S                               0.750000    1.090085   -0.340085 (VIOLATED)
_12967_/S                               0.750000    1.090085   -0.340085 (VIOLATED)
_13127_/S                               0.750000    1.090085   -0.340085 (VIOLATED)
_13136_/A1                              0.750000    1.090085   -0.340085 (VIOLATED)
_13138_/A0                              0.750000    1.090085   -0.340085 (VIOLATED)
_13171_/A1                              0.750000    1.090085   -0.340085 (VIOLATED)
_13173_/A1                              0.750000    1.090085   -0.340085 (VIOLATED)
_14949_/Q                               0.750000    1.090085   -0.340085 (VIOLATED)
_08781_/B1                              0.750000    1.090001   -0.340001 (VIOLATED)
_09806_/B                               0.750000    1.089977   -0.339977 (VIOLATED)
_09781_/B                               0.750000    1.089974   -0.339974 (VIOLATED)
_09830_/A1_N                            0.750000    1.089974   -0.339974 (VIOLATED)
_09754_/B                               0.750000    1.089973   -0.339973 (VIOLATED)
_08779_/Y                               0.750000    1.089908   -0.339908 (VIOLATED)
_08960_/A2                              0.750000    1.087027   -0.337027 (VIOLATED)
_09011_/A2                              0.750000    1.087027   -0.337027 (VIOLATED)
_09060_/A2                              0.750000    1.087027   -0.337027 (VIOLATED)
_09061_/A2                              0.750000    1.087027   -0.337027 (VIOLATED)
_08860_/A2                              0.750000    1.087026   -0.337027 (VIOLATED)
_08912_/A2                              0.750000    1.087027   -0.337027 (VIOLATED)
_08961_/A2                              0.750000    1.087025   -0.337025 (VIOLATED)
_08861_/A2                              0.750000    1.087021   -0.337021 (VIOLATED)
_08913_/A2                              0.750000    1.087021   -0.337021 (VIOLATED)
_09012_/A2                              0.750000    1.087021   -0.337022 (VIOLATED)
_07457_/A                               0.750000    1.087020   -0.337020 (VIOLATED)
_09110_/A2                              0.750000    1.087014   -0.337014 (VIOLATED)
_09109_/A2                              0.750000    1.087013   -0.337013 (VIOLATED)
_09214_/A2                              0.750000    1.087008   -0.337009 (VIOLATED)
_09213_/A2                              0.750000    1.087002   -0.337002 (VIOLATED)
_09287_/A2                              0.750000    1.086992   -0.336992 (VIOLATED)
_09286_/A2                              0.750000    1.086991   -0.336991 (VIOLATED)
_09164_/A2                              0.750000    1.086982   -0.336982 (VIOLATED)
_08757_/A2                              0.750000    1.086973   -0.336973 (VIOLATED)
_08705_/A2                              0.750000    1.086972   -0.336972 (VIOLATED)
_08758_/A2                              0.750000    1.086973   -0.336973 (VIOLATED)
_08809_/A2                              0.750000    1.086973   -0.336973 (VIOLATED)
_08810_/A2                              0.750000    1.086972   -0.336972 (VIOLATED)
_08706_/A2                              0.750000    1.086971   -0.336971 (VIOLATED)
_09163_/A2                              0.750000    1.086950   -0.336950 (VIOLATED)
_08650_/A2                              0.750000    1.086847   -0.336847 (VIOLATED)
_08649_/A2                              0.750000    1.086829   -0.336829 (VIOLATED)
_08599_/A2                              0.750000    1.086542   -0.336542 (VIOLATED)
_08598_/A2                              0.750000    1.086541   -0.336541 (VIOLATED)
_08548_/A2                              0.750000    1.086511   -0.336511 (VIOLATED)
_08547_/A2                              0.750000    1.086493   -0.336493 (VIOLATED)
_08498_/A2                              0.750000    1.086473   -0.336473 (VIOLATED)
_08497_/A2                              0.750000    1.086462   -0.336462 (VIOLATED)
_08390_/A2                              0.750000    1.086075   -0.336075 (VIOLATED)
_08439_/A2                              0.750000    1.086072   -0.336072 (VIOLATED)
_08391_/A2                              0.750000    1.086064   -0.336064 (VIOLATED)
_08440_/A2                              0.750000    1.086064   -0.336064 (VIOLATED)
_08338_/A2                              0.750000    1.085924   -0.335924 (VIOLATED)
_08337_/A2                              0.750000    1.085922   -0.335922 (VIOLATED)
_08283_/A2                              0.750000    1.085851   -0.335851 (VIOLATED)
_08282_/A2                              0.750000    1.085839   -0.335839 (VIOLATED)
_08222_/A2                              0.750000    1.085588   -0.335588 (VIOLATED)
_08223_/A2                              0.750000    1.085571   -0.335571 (VIOLATED)
_08119_/A2                              0.750000    1.085406   -0.335406 (VIOLATED)
_08118_/A2                              0.750000    1.085402   -0.335402 (VIOLATED)
_08175_/A2                              0.750000    1.085346   -0.335346 (VIOLATED)
_08174_/A2                              0.750000    1.085328   -0.335328 (VIOLATED)
_07967_/A2                              0.750000    1.085214   -0.335214 (VIOLATED)
_08066_/A2                              0.750000    1.085202   -0.335202 (VIOLATED)
_08016_/A2                              0.750000    1.085199   -0.335200 (VIOLATED)
_07914_/A2                              0.750000    1.085175   -0.335175 (VIOLATED)
_07913_/A2                              0.750000    1.085150   -0.335150 (VIOLATED)
_07966_/A2                              0.750000    1.085150   -0.335150 (VIOLATED)
_08015_/A2                              0.750000    1.085150   -0.335150 (VIOLATED)
_08065_/A2                              0.750000    1.085150   -0.335150 (VIOLATED)
_07454_/B                               0.750000    1.085149   -0.335149 (VIOLATED)
_07732_/A2                              0.750000    1.085149   -0.335149 (VIOLATED)
_07784_/A2                              0.750000    1.085149   -0.335149 (VIOLATED)
_07838_/A2                              0.750000    1.085149   -0.335149 (VIOLATED)
_07443_/X                               0.750000    1.085148   -0.335147 (VIOLATED)
_09063_/A2                              0.750000    1.079298   -0.329298 (VIOLATED)
_08813_/B1                              0.750000    1.079293   -0.329293 (VIOLATED)
_08764_/B1                              0.750000    1.079289   -0.329289 (VIOLATED)
_08708_/A2                              0.750000    1.079284   -0.329284 (VIOLATED)
_08980_/A2                              0.750000    1.079276   -0.329276 (VIOLATED)
_09216_/A2                              0.750000    1.079274   -0.329274 (VIOLATED)
_09252_/A2                              0.750000    1.079266   -0.329266 (VIOLATED)
_08917_/A2                              0.750000    1.079240   -0.329240 (VIOLATED)
_09015_/A2                              0.750000    1.079234   -0.329234 (VIOLATED)
_08603_/A2                              0.750000    1.079211   -0.329211 (VIOLATED)
_08878_/A2                              0.750000    1.079210   -0.329210 (VIOLATED)
_09167_/A2                              0.750000    1.079202   -0.329202 (VIOLATED)
_08562_/A2                              0.750000    1.079193   -0.329193 (VIOLATED)
_09117_/B1                              0.750000    1.079188   -0.329188 (VIOLATED)
_08514_/A2                              0.750000    1.079184   -0.329184 (VIOLATED)
_08667_/A2                              0.750000    1.079183   -0.329183 (VIOLATED)
_08449_/A2                              0.750000    1.079178   -0.329178 (VIOLATED)
_08397_/A2                              0.750000    1.079165   -0.329165 (VIOLATED)
_08295_/A2                              0.750000    1.079155   -0.329155 (VIOLATED)
_08357_/A2                              0.750000    1.079136   -0.329136 (VIOLATED)
_07867_/B1                              0.750000    1.079068   -0.329068 (VIOLATED)
_07977_/A2                              0.750000    1.078884   -0.328884 (VIOLATED)
_08031_/A2                              0.750000    1.078884   -0.328884 (VIOLATED)
_08075_/A2                              0.750000    1.078883   -0.328883 (VIOLATED)
_08176_/A2                              0.750000    1.078883   -0.328883 (VIOLATED)
_07926_/A2                              0.750000    1.078882   -0.328882 (VIOLATED)
_07809_/B1                              0.750000    1.078882   -0.328882 (VIOLATED)
_08226_/A2                              0.750000    1.078882   -0.328881 (VIOLATED)
_07536_/X                               0.750000    1.078880   -0.328880 (VIOLATED)
_12019_/S                               0.750000    1.068345   -0.318345 (VIOLATED)
_12141_/S                               0.750000    1.068345   -0.318345 (VIOLATED)
_12152_/S                               0.750000    1.068345   -0.318345 (VIOLATED)
_12041_/A1                              0.750000    1.068345   -0.318345 (VIOLATED)
_12040_/A                               0.750000    1.068345   -0.318345 (VIOLATED)
_12043_/A1                              0.750000    1.068345   -0.318345 (VIOLATED)
_12096_/A1                              0.750000    1.068343   -0.318343 (VIOLATED)
_12185_/A                               0.750000    1.068343   -0.318343 (VIOLATED)
_12108_/S                               0.750000    1.068343   -0.318343 (VIOLATED)
_11902_/A1                              0.750000    1.068341   -0.318341 (VIOLATED)
_11989_/S                               0.750000    1.068338   -0.318338 (VIOLATED)
_11998_/A                               0.750000    1.068338   -0.318338 (VIOLATED)
_12073_/B1                              0.750000    1.068338   -0.318338 (VIOLATED)
_12074_/A1                              0.750000    1.068338   -0.318338 (VIOLATED)
_12131_/A                               0.750000    1.068338   -0.318338 (VIOLATED)
_12132_/A1                              0.750000    1.068338   -0.318338 (VIOLATED)
_12174_/S                               0.750000    1.068338   -0.318338 (VIOLATED)
_12076_/A                               0.750000    1.068338   -0.318338 (VIOLATED)
_12120_/A                               0.750000    1.068337   -0.318337 (VIOLATED)
_12121_/A1                              0.750000    1.068337   -0.318337 (VIOLATED)
_12163_/S                               0.750000    1.068335   -0.318335 (VIOLATED)
_11827_/Y                               0.750000    1.068328   -0.318328 (VIOLATED)
_08768_/B1                              0.750000    1.066890   -0.316890 (VIOLATED)
_08880_/A2                              0.750000    1.066887   -0.316887 (VIOLATED)
_09170_/B1                              0.750000    1.066880   -0.316880 (VIOLATED)
_08724_/B1                              0.750000    1.066861   -0.316861 (VIOLATED)
_08817_/A2                              0.750000    1.066859   -0.316860 (VIOLATED)
_09073_/B1                              0.750000    1.066854   -0.316854 (VIOLATED)
_09118_/B1                              0.750000    1.066852   -0.316852 (VIOLATED)
_09224_/B1                              0.750000    1.066841   -0.316841 (VIOLATED)
_08444_/A2                              0.750000    1.066838   -0.316838 (VIOLATED)
_08978_/B1                              0.750000    1.066832   -0.316832 (VIOLATED)
_09248_/B1                              0.750000    1.066821   -0.316821 (VIOLATED)
_08923_/B1                              0.750000    1.066816   -0.316816 (VIOLATED)
_08402_/B1                              0.750000    1.066815   -0.316815 (VIOLATED)
_08660_/B1                              0.750000    1.066813   -0.316813 (VIOLATED)
_08287_/A2                              0.750000    1.066810   -0.316810 (VIOLATED)
_07759_/B1                              0.750000    1.066795   -0.316795 (VIOLATED)
_09020_/B1                              0.750000    1.066788   -0.316788 (VIOLATED)
_08553_/A2                              0.750000    1.066768   -0.316768 (VIOLATED)
_08612_/A2                              0.750000    1.066743   -0.316743 (VIOLATED)
_07870_/A2                              0.750000    1.066732   -0.316732 (VIOLATED)
_08509_/A2                              0.750000    1.066726   -0.316726 (VIOLATED)
_07983_/B1                              0.750000    1.066689   -0.316689 (VIOLATED)
_08019_/B1                              0.750000    1.066688   -0.316688 (VIOLATED)
_07920_/B1                              0.750000    1.066685   -0.316685 (VIOLATED)
_08231_/B1                              0.750000    1.066682   -0.316682 (VIOLATED)
_07814_/B1                              0.750000    1.066676   -0.316676 (VIOLATED)
_08082_/A2                              0.750000    1.066672   -0.316672 (VIOLATED)
_07693_/B1                              0.750000    1.066669   -0.316669 (VIOLATED)
_07562_/X                               0.750000    1.066666   -0.316666 (VIOLATED)
_08710_/A2                              0.750000    1.047706   -0.297707 (VIOLATED)
_08773_/A2                              0.750000    1.047705   -0.297705 (VIOLATED)
_08866_/B1                              0.750000    1.047694   -0.297694 (VIOLATED)
_09067_/A2                              0.750000    1.047686   -0.297686 (VIOLATED)
_08826_/B1                              0.750000    1.047685   -0.297685 (VIOLATED)
_08918_/A2                              0.750000    1.047684   -0.297684 (VIOLATED)
_09183_/A2                              0.750000    1.047683   -0.297683 (VIOLATED)
_09013_/A2                              0.750000    1.047679   -0.297679 (VIOLATED)
_08399_/A2                              0.750000    1.047666   -0.297666 (VIOLATED)
_09121_/A2                              0.750000    1.047660   -0.297660 (VIOLATED)
_09224_/A2                              0.750000    1.047641   -0.297641 (VIOLATED)
_08966_/A2                              0.750000    1.047638   -0.297638 (VIOLATED)
_08443_/A2                              0.750000    1.047632   -0.297632 (VIOLATED)
_09246_/A2                              0.750000    1.047630   -0.297630 (VIOLATED)
_08554_/B1                              0.750000    1.047615   -0.297615 (VIOLATED)
_08284_/A2                              0.750000    1.047614   -0.297614 (VIOLATED)
_08514_/B1                              0.750000    1.047607   -0.297607 (VIOLATED)
_08665_/A2                              0.750000    1.047603   -0.297603 (VIOLATED)
_08610_/A2                              0.750000    1.047593   -0.297593 (VIOLATED)
_07767_/A2                              0.750000    1.047586   -0.297586 (VIOLATED)
_07863_/A2                              0.750000    1.047549   -0.297549 (VIOLATED)
_08129_/A2                              0.750000    1.047539   -0.297539 (VIOLATED)
_08181_/A2                              0.750000    1.047529   -0.297529 (VIOLATED)
_07970_/A2                              0.750000    1.047527   -0.297527 (VIOLATED)
_08020_/A2                              0.750000    1.047527   -0.297527 (VIOLATED)
_07552_/X                               0.750000    1.047525   -0.297525 (VIOLATED)
_07821_/A2                              0.750000    1.047525   -0.297525 (VIOLATED)
_08232_/A2                              0.750000    1.047525   -0.297525 (VIOLATED)
_12588_/A1                              0.750000    1.039133   -0.289133 (VIOLATED)
_12576_/A1                              0.750000    1.039130   -0.289130 (VIOLATED)
_12564_/A1                              0.750000    1.039128   -0.289129 (VIOLATED)
_09643_/B                               0.750000    1.039086   -0.289086 (VIOLATED)
_09650_/B                               0.750000    1.039084   -0.289084 (VIOLATED)
_09658_/B                               0.750000    1.039083   -0.289084 (VIOLATED)
_09674_/B                               0.750000    1.039083   -0.289083 (VIOLATED)
_09666_/B                               0.750000    1.039029   -0.289029 (VIOLATED)
_09627_/B                               0.750000    1.038950   -0.288950 (VIOLATED)
_12552_/A1                              0.750000    1.038893   -0.288893 (VIOLATED)
_09619_/B                               0.750000    1.038868   -0.288868 (VIOLATED)
_09635_/B                               0.750000    1.038824   -0.288824 (VIOLATED)
_09611_/B                               0.750000    1.038741   -0.288741 (VIOLATED)
_12600_/A1                              0.750000    1.038565   -0.288565 (VIOLATED)
_09525_/A                               0.750000    1.038445   -0.288445 (VIOLATED)
_09696_/B                               0.750000    1.038299   -0.288299 (VIOLATED)
_09580_/B                               0.750000    1.038169   -0.288169 (VIOLATED)
_09588_/B                               0.750000    1.038130   -0.288130 (VIOLATED)
_09703_/B                               0.750000    1.038117   -0.288117 (VIOLATED)
_09604_/B                               0.750000    1.038055   -0.288055 (VIOLATED)
_09596_/B                               0.750000    1.037978   -0.287978 (VIOLATED)
_12536_/A1                              0.750000    1.037739   -0.287739 (VIOLATED)
_09710_/B                               0.750000    1.037310   -0.287310 (VIOLATED)
_09571_/B                               0.750000    1.037193   -0.287193 (VIOLATED)
_09577_/A2                              0.750000    1.037064   -0.287064 (VIOLATED)
_09564_/B                               0.750000    1.037043   -0.287044 (VIOLATED)
_09556_/B                               0.750000    1.036741   -0.286741 (VIOLATED)
_09537_/B                               0.750000    1.036535   -0.286535 (VIOLATED)
_09526_/B                               0.750000    1.036424   -0.286424 (VIOLATED)
_09546_/B                               0.750000    1.036329   -0.286329 (VIOLATED)
_09543_/A2                              0.750000    1.036297   -0.286297 (VIOLATED)
_12516_/A1                              0.750000    1.036262   -0.286262 (VIOLATED)
_12512_/A1                              0.750000    1.035812   -0.285812 (VIOLATED)
_12508_/A1                              0.750000    1.035663   -0.285663 (VIOLATED)
_12505_/A1                              0.750000    1.035564   -0.285564 (VIOLATED)
_12497_/A1                              0.750000    1.035512   -0.285512 (VIOLATED)
_12501_/A1                              0.750000    1.035503   -0.285503 (VIOLATED)
_12493_/A1                              0.750000    1.035446   -0.285446 (VIOLATED)
_12489_/A1                              0.750000    1.035423   -0.285423 (VIOLATED)
_09436_/A2                              0.750000    1.035392   -0.285392 (VIOLATED)
_09438_/A2                              0.750000    1.035392   -0.285392 (VIOLATED)
_09439_/A2                              0.750000    1.035391   -0.285391 (VIOLATED)
_09886_/A                               0.750000    1.035390   -0.285390 (VIOLATED)
_12481_/B1                              0.750000    1.035385   -0.285385 (VIOLATED)
_09417_/X                               0.750000    1.035309   -0.285309 (VIOLATED)
_08976_/A2                              0.750000    1.029500   -0.279500 (VIOLATED)
_09218_/B1                              0.750000    1.029495   -0.279495 (VIOLATED)
_09077_/A2                              0.750000    1.029484   -0.279484 (VIOLATED)
_08823_/A2                              0.750000    1.029457   -0.279457 (VIOLATED)
_08709_/B1                              0.750000    1.029452   -0.279452 (VIOLATED)
_09251_/A2                              0.750000    1.029433   -0.279433 (VIOLATED)
_09019_/A2                              0.750000    1.029431   -0.279431 (VIOLATED)
_08554_/A2                              0.750000    1.029426   -0.279426 (VIOLATED)
_08615_/A2                              0.750000    1.029414   -0.279414 (VIOLATED)
_08915_/A2                              0.750000    1.029384   -0.279384 (VIOLATED)
_08775_/A2                              0.750000    1.029308   -0.279308 (VIOLATED)
_08870_/A2                              0.750000    1.029305   -0.279305 (VIOLATED)
_09181_/A2                              0.750000    1.029294   -0.279294 (VIOLATED)
_08301_/A2                              0.750000    1.029281   -0.279281 (VIOLATED)
_09126_/A2                              0.750000    1.029281   -0.279281 (VIOLATED)
_08457_/A2                              0.750000    1.029255   -0.279255 (VIOLATED)
_08653_/A2                              0.750000    1.029236   -0.279236 (VIOLATED)
_07975_/A2                              0.750000    1.029219   -0.279219 (VIOLATED)
_07764_/A2                              0.750000    1.029217   -0.279217 (VIOLATED)
_08032_/B1                              0.750000    1.029190   -0.279190 (VIOLATED)
_07923_/A2                              0.750000    1.029178   -0.279178 (VIOLATED)
_08193_/A2                              0.750000    1.029164   -0.279164 (VIOLATED)
_08240_/B1                              0.750000    1.029161   -0.279161 (VIOLATED)
_08359_/A2                              0.750000    1.029151   -0.279151 (VIOLATED)
_07699_/A2                              0.750000    1.029149   -0.279149 (VIOLATED)
_08088_/A2                              0.750000    1.029148   -0.279148 (VIOLATED)
_07538_/X                               0.750000    1.029147   -0.279147 (VIOLATED)
_07817_/A2                              0.750000    1.029147   -0.279147 (VIOLATED)
_12652_/A1                              0.750000    1.023414   -0.273414 (VIOLATED)
_12650_/A                               0.750000    1.023407   -0.273408 (VIOLATED)
_12654_/S                               0.750000    1.023407   -0.273407 (VIOLATED)
_12646_/A1                              0.750000    1.023397   -0.273397 (VIOLATED)
_12658_/A1                              0.750000    1.023387   -0.273387 (VIOLATED)
_12662_/A1                              0.750000    1.023371   -0.273371 (VIOLATED)
_12648_/A1                              0.750000    1.023367   -0.273367 (VIOLATED)
_12656_/A1                              0.750000    1.023347   -0.273347 (VIOLATED)
_12660_/A1                              0.750000    1.023315   -0.273315 (VIOLATED)
_12644_/A1                              0.750000    1.023293   -0.273293 (VIOLATED)
_12666_/A1                              0.750000    1.023152   -0.273152 (VIOLATED)
_12609_/A                               0.750000    1.023136   -0.273136 (VIOLATED)
_12668_/A1                              0.750000    1.023055   -0.273055 (VIOLATED)
_12642_/A1                              0.750000    1.022960   -0.272960 (VIOLATED)
_12664_/S                               0.750000    1.022939   -0.272939 (VIOLATED)
_12640_/A1                              0.750000    1.022745   -0.272745 (VIOLATED)
_12636_/A1                              0.750000    1.022618   -0.272618 (VIOLATED)
_12670_/A1                              0.750000    1.022566   -0.272566 (VIOLATED)
_12638_/A1                              0.750000    1.022515   -0.272515 (VIOLATED)
_12634_/A1                              0.750000    1.022431   -0.272431 (VIOLATED)
_12632_/A1                              0.750000    1.022239   -0.272239 (VIOLATED)
_12630_/A1                              0.750000    1.022173   -0.272173 (VIOLATED)
_12626_/A1                              0.750000    1.022085   -0.272085 (VIOLATED)
_12624_/A1                              0.750000    1.022002   -0.272003 (VIOLATED)
_12705_/S                               0.750000    1.021877   -0.271877 (VIOLATED)
_12628_/A1                              0.750000    1.021834   -0.271834 (VIOLATED)
_12618_/A1                              0.750000    1.021751   -0.271751 (VIOLATED)
_12622_/A1                              0.750000    1.021732   -0.271732 (VIOLATED)
_11461_/S                               0.750000    1.021718   -0.271718 (VIOLATED)
_11460_/S                               0.750000    1.021713   -0.271713 (VIOLATED)
_12703_/S                               0.750000    1.021711   -0.271711 (VIOLATED)
_12620_/A1                              0.750000    1.021707   -0.271707 (VIOLATED)
_11459_/S                               0.750000    1.021699   -0.271699 (VIOLATED)
_12616_/A1                              0.750000    1.021691   -0.271691 (VIOLATED)
_12704_/S                               0.750000    1.021677   -0.271677 (VIOLATED)
_12614_/A1                              0.750000    1.021673   -0.271673 (VIOLATED)
_11462_/S                               0.750000    1.021667   -0.271667 (VIOLATED)
_09841_/A                               0.750000    1.021661   -0.271661 (VIOLATED)
_09966_/A2                              0.750000    1.021661   -0.271661 (VIOLATED)
_09968_/A2                              0.750000    1.021661   -0.271661 (VIOLATED)
_11463_/S                               0.750000    1.021661   -0.271661 (VIOLATED)
_09842_/B                               0.750000    1.021660   -0.271660 (VIOLATED)
_09844_/B                               0.750000    1.021660   -0.271660 (VIOLATED)
_09845_/B                               0.750000    1.021660   -0.271660 (VIOLATED)
_11464_/S                               0.750000    1.021660   -0.271660 (VIOLATED)
_12610_/A1                              0.750000    1.021660   -0.271660 (VIOLATED)
_12612_/A1                              0.750000    1.021660   -0.271660 (VIOLATED)
_09840_/X                               0.750000    1.021656   -0.271656 (VIOLATED)
_11465_/S                               0.750000    1.021653   -0.271653 (VIOLATED)
_11469_/S                               0.750000    1.021639   -0.271639 (VIOLATED)
_11466_/S                               0.750000    1.021582   -0.271582 (VIOLATED)
_11467_/S                               0.750000    1.021513   -0.271513 (VIOLATED)
_11468_/S                               0.750000    1.021444   -0.271444 (VIOLATED)
_11470_/S                               0.750000    1.021404   -0.271404 (VIOLATED)
_11471_/S                               0.750000    1.021263   -0.271263 (VIOLATED)
_11472_/S                               0.750000    1.021191   -0.271191 (VIOLATED)
_11473_/S                               0.750000    1.021020   -0.271020 (VIOLATED)
_11476_/S                               0.750000    1.020945   -0.270945 (VIOLATED)
_11475_/S                               0.750000    1.020925   -0.270925 (VIOLATED)
_11487_/S                               0.750000    1.020832   -0.270832 (VIOLATED)
_11489_/S                               0.750000    1.020786   -0.270786 (VIOLATED)
_11488_/S                               0.750000    1.020650   -0.270650 (VIOLATED)
_11477_/S                               0.750000    1.020643   -0.270643 (VIOLATED)
_11485_/S                               0.750000    1.020643   -0.270643 (VIOLATED)
_11483_/S                               0.750000    1.020641   -0.270642 (VIOLATED)
_11479_/S                               0.750000    1.020640   -0.270640 (VIOLATED)
_11486_/S                               0.750000    1.020636   -0.270636 (VIOLATED)
_11474_/S                               0.750000    1.020620   -0.270620 (VIOLATED)
_11490_/S                               0.750000    1.020620   -0.270620 (VIOLATED)
_11484_/S                               0.750000    1.020608   -0.270608 (VIOLATED)
_11480_/S                               0.750000    1.020604   -0.270604 (VIOLATED)
_11478_/S                               0.750000    1.020594   -0.270594 (VIOLATED)
_11482_/S                               0.750000    1.020589   -0.270589 (VIOLATED)
_11458_/X                               0.750000    1.020587   -0.270587 (VIOLATED)
_11481_/S                               0.750000    1.020587   -0.270587 (VIOLATED)
_11856_/S                               0.750000    1.016116   -0.266117 (VIOLATED)
_11895_/S                               0.750000    1.016116   -0.266117 (VIOLATED)
_11940_/S                               0.750000    1.016116   -0.266117 (VIOLATED)
_11859_/S                               0.750000    1.016115   -0.266115 (VIOLATED)
_11892_/S                               0.750000    1.016115   -0.266115 (VIOLATED)
_11863_/S                               0.750000    1.016111   -0.266111 (VIOLATED)
_11888_/S                               0.750000    1.016111   -0.266111 (VIOLATED)
_11885_/S                               0.750000    1.016107   -0.266107 (VIOLATED)
_11866_/S                               0.750000    1.016106   -0.266106 (VIOLATED)
_11947_/S                               0.750000    1.016102   -0.266102 (VIOLATED)
_11880_/S                               0.750000    1.016100   -0.266100 (VIOLATED)
_11843_/S                               0.750000    1.016099   -0.266099 (VIOLATED)
_07709_/A                               0.750000    1.016095   -0.266095 (VIOLATED)
_11850_/S                               0.750000    1.016094   -0.266094 (VIOLATED)
_11846_/S                               0.750000    1.016093   -0.266093 (VIOLATED)
_11877_/S                               0.750000    1.016084   -0.266084 (VIOLATED)
_11873_/S                               0.750000    1.016076   -0.266076 (VIOLATED)
_07710_/S                               0.750000    1.016050   -0.266050 (VIOLATED)
_11815_/B                               0.750000    1.016043   -0.266043 (VIOLATED)
_11817_/A2                              0.750000    1.016043   -0.266043 (VIOLATED)
_11913_/A2                              0.750000    1.016035   -0.266035 (VIOLATED)
_07712_/B                               0.750000    1.016021   -0.266021 (VIOLATED)
_07713_/B                               0.750000    1.016021   -0.266021 (VIOLATED)
_07708_/X                               0.750000    1.016019   -0.266019 (VIOLATED)
_11197_/S                               0.750000    1.010810   -0.260810 (VIOLATED)
_11199_/S                               0.750000    1.010806   -0.260806 (VIOLATED)
_11198_/S                               0.750000    1.010805   -0.260805 (VIOLATED)
_11200_/S                               0.750000    1.010787   -0.260787 (VIOLATED)
_11201_/S                               0.750000    1.010775   -0.260775 (VIOLATED)
_11202_/S                               0.750000    1.010773   -0.260773 (VIOLATED)
_11203_/S                               0.750000    1.010773   -0.260773 (VIOLATED)
_11207_/S                               0.750000    1.010759   -0.260759 (VIOLATED)
_11204_/S                               0.750000    1.010709   -0.260709 (VIOLATED)
_11205_/S                               0.750000    1.010645   -0.260645 (VIOLATED)
_11206_/S                               0.750000    1.010606   -0.260606 (VIOLATED)
_11208_/S                               0.750000    1.010590   -0.260590 (VIOLATED)
_11209_/S                               0.750000    1.010441   -0.260441 (VIOLATED)
_11210_/S                               0.750000    1.010357   -0.260357 (VIOLATED)
_11212_/S                               0.750000    1.010319   -0.260320 (VIOLATED)
_11211_/S                               0.750000    1.010231   -0.260231 (VIOLATED)
_11214_/S                               0.750000    1.010173   -0.260173 (VIOLATED)
_11213_/S                               0.750000    1.010149   -0.260149 (VIOLATED)
_11225_/S                               0.750000    1.010054   -0.260054 (VIOLATED)
_11227_/S                               0.750000    1.009992   -0.259992 (VIOLATED)
_11215_/S                               0.750000    1.009910   -0.259910 (VIOLATED)
_11223_/S                               0.750000    1.009910   -0.259910 (VIOLATED)
_11221_/S                               0.750000    1.009907   -0.259908 (VIOLATED)
_11226_/S                               0.750000    1.009899   -0.259899 (VIOLATED)
_11224_/S                               0.750000    1.009890   -0.259890 (VIOLATED)
_11228_/S                               0.750000    1.009886   -0.259886 (VIOLATED)
_11217_/S                               0.750000    1.009870   -0.259870 (VIOLATED)
_11222_/S                               0.750000    1.009869   -0.259869 (VIOLATED)
_11218_/S                               0.750000    1.009866   -0.259866 (VIOLATED)
_11216_/S                               0.750000    1.009860   -0.259860 (VIOLATED)
_11196_/Y                               0.750000    1.009858   -0.259858 (VIOLATED)
_11219_/S                               0.750000    1.009858   -0.259858 (VIOLATED)
_11220_/S                               0.750000    1.009858   -0.259858 (VIOLATED)
_11131_/S                               0.750000    1.004927   -0.254927 (VIOLATED)
_11126_/S                               0.750000    1.004913   -0.254913 (VIOLATED)
_11116_/S                               0.750000    1.004902   -0.254902 (VIOLATED)
_11136_/S                               0.750000    1.004899   -0.254899 (VIOLATED)
_11146_/S                               0.750000    1.004888   -0.254888 (VIOLATED)
_11156_/S                               0.750000    1.004873   -0.254873 (VIOLATED)
_11121_/S                               0.750000    1.004831   -0.254831 (VIOLATED)
_11141_/S                               0.750000    1.004828   -0.254828 (VIOLATED)
_11151_/S                               0.750000    1.004796   -0.254796 (VIOLATED)
_11111_/S                               0.750000    1.004761   -0.254761 (VIOLATED)
_11166_/S                               0.750000    1.004568   -0.254568 (VIOLATED)
_11171_/S                               0.750000    1.004490   -0.254490 (VIOLATED)
_11106_/S                               0.750000    1.004367   -0.254367 (VIOLATED)
_11161_/S                               0.750000    1.004347   -0.254347 (VIOLATED)
_11101_/S                               0.750000    1.004169   -0.254169 (VIOLATED)
_11091_/S                               0.750000    1.004085   -0.254085 (VIOLATED)
_11176_/S                               0.750000    1.004034   -0.254034 (VIOLATED)
_11096_/S                               0.750000    1.003992   -0.253992 (VIOLATED)
_11086_/S                               0.750000    1.003897   -0.253897 (VIOLATED)
_11081_/S                               0.750000    1.003753   -0.253753 (VIOLATED)
_11076_/S                               0.750000    1.003695   -0.253696 (VIOLATED)
_11066_/S                               0.750000    1.003638   -0.253638 (VIOLATED)
_11061_/S                               0.750000    1.003594   -0.253594 (VIOLATED)
_11071_/S                               0.750000    1.003510   -0.253510 (VIOLATED)
_11025_/S                               0.750000    1.003505   -0.253505 (VIOLATED)
_11030_/S                               0.750000    1.003505   -0.253505 (VIOLATED)
_11035_/S                               0.750000    1.003505   -0.253505 (VIOLATED)
_11041_/S                               0.750000    1.003504   -0.253504 (VIOLATED)
_11017_/Y                               0.750000    1.003503   -0.253503 (VIOLATED)
_11046_/S                               0.750000    1.003503   -0.253503 (VIOLATED)
_11051_/S                               0.750000    1.003503   -0.253503 (VIOLATED)
_11056_/S                               0.750000    1.003503   -0.253503 (VIOLATED)
_11502_/S                               0.750000    1.001596   -0.251596 (VIOLATED)
_11503_/S                               0.750000    1.001591   -0.251591 (VIOLATED)
_11504_/S                               0.750000    1.001583   -0.251584 (VIOLATED)
_11505_/S                               0.750000    1.001563   -0.251563 (VIOLATED)
_11507_/S                               0.750000    1.001551   -0.251551 (VIOLATED)
_11508_/S                               0.750000    1.001551   -0.251551 (VIOLATED)
_11506_/S                               0.750000    1.001548   -0.251548 (VIOLATED)
_11512_/S                               0.750000    1.001532   -0.251532 (VIOLATED)
_11509_/S                               0.750000    1.001488   -0.251488 (VIOLATED)
_11510_/S                               0.750000    1.001440   -0.251440 (VIOLATED)
_11511_/S                               0.750000    1.001386   -0.251386 (VIOLATED)
_11513_/S                               0.750000    1.001347   -0.251347 (VIOLATED)
_11514_/S                               0.750000    1.001263   -0.251263 (VIOLATED)
_11515_/S                               0.750000    1.001189   -0.251189 (VIOLATED)
_11517_/S                               0.750000    1.001137   -0.251137 (VIOLATED)
_11516_/S                               0.750000    1.001078   -0.251078 (VIOLATED)
_11518_/S                               0.750000    1.001048   -0.251048 (VIOLATED)
_11533_/S                               0.750000    1.001025   -0.251025 (VIOLATED)
_11519_/S                               0.750000    1.001020   -0.251020 (VIOLATED)
_11530_/S                               0.750000    1.000992   -0.250992 (VIOLATED)
_11525_/S                               0.750000    1.000964   -0.250964 (VIOLATED)
_11524_/S                               0.750000    1.000963   -0.250963 (VIOLATED)
_11523_/S                               0.750000    1.000961   -0.250961 (VIOLATED)
_11527_/S                               0.750000    1.000959   -0.250959 (VIOLATED)
_11521_/S                               0.750000    1.000958   -0.250958 (VIOLATED)
_11532_/S                               0.750000    1.000957   -0.250957 (VIOLATED)
_11529_/S                               0.750000    1.000952   -0.250952 (VIOLATED)
_11522_/S                               0.750000    1.000951   -0.250951 (VIOLATED)
_11526_/S                               0.750000    1.000948   -0.250948 (VIOLATED)
_11528_/S                               0.750000    1.000946   -0.250946 (VIOLATED)
_11520_/S                               0.750000    1.000942   -0.250942 (VIOLATED)
_11531_/S                               0.750000    1.000932   -0.250932 (VIOLATED)
_11501_/X                               0.750000    1.000927   -0.250927 (VIOLATED)
_12391_/S                               0.750000    1.000450   -0.250450 (VIOLATED)
_12393_/S                               0.750000    1.000448   -0.250448 (VIOLATED)
_12395_/S                               0.750000    1.000447   -0.250447 (VIOLATED)
_12398_/S                               0.750000    1.000445   -0.250445 (VIOLATED)
_12387_/S                               0.750000    1.000440   -0.250440 (VIOLATED)
_12390_/S                               0.750000    1.000440   -0.250440 (VIOLATED)
_12389_/S                               0.750000    1.000439   -0.250439 (VIOLATED)
_12388_/S                               0.750000    1.000437   -0.250437 (VIOLATED)
_12394_/S                               0.750000    1.000431   -0.250431 (VIOLATED)
_12392_/S                               0.750000    1.000427   -0.250427 (VIOLATED)
_12386_/S                               0.750000    1.000425   -0.250425 (VIOLATED)
_12396_/S                               0.750000    1.000422   -0.250422 (VIOLATED)
_12399_/S                               0.750000    1.000418   -0.250418 (VIOLATED)
_12397_/S                               0.750000    1.000312   -0.250312 (VIOLATED)
_12400_/S                               0.750000    1.000299   -0.250299 (VIOLATED)
_12385_/S                               0.750000    1.000167   -0.250167 (VIOLATED)
_12383_/S                               0.750000    0.999837   -0.249837 (VIOLATED)
_12384_/S                               0.750000    0.999511   -0.249511 (VIOLATED)
_12382_/S                               0.750000    0.999507   -0.249507 (VIOLATED)
_12381_/S                               0.750000    0.999503   -0.249503 (VIOLATED)
_12380_/S                               0.750000    0.999482   -0.249482 (VIOLATED)
_12378_/S                               0.750000    0.999477   -0.249477 (VIOLATED)
_12379_/S                               0.750000    0.999474   -0.249474 (VIOLATED)
_12375_/S                               0.750000    0.999424   -0.249424 (VIOLATED)
_12373_/S                               0.750000    0.999400   -0.249400 (VIOLATED)
_12371_/S                               0.750000    0.999399   -0.249399 (VIOLATED)
_12372_/S                               0.750000    0.999386   -0.249386 (VIOLATED)
_12376_/S                               0.750000    0.999384   -0.249384 (VIOLATED)
_12377_/S                               0.750000    0.999383   -0.249383 (VIOLATED)
_12374_/S                               0.750000    0.999382   -0.249382 (VIOLATED)
_12366_/X                               0.750000    0.999308   -0.249308 (VIOLATED)
_12368_/S                               0.750000    0.999308   -0.249308 (VIOLATED)
_12370_/S                               0.750000    0.999308   -0.249308 (VIOLATED)
_09649_/S                               0.750000    0.994979   -0.244979 (VIOLATED)
_09642_/S                               0.750000    0.994976   -0.244976 (VIOLATED)
_09657_/S                               0.750000    0.994971   -0.244971 (VIOLATED)
_09665_/S                               0.750000    0.994968   -0.244968 (VIOLATED)
_09681_/S                               0.750000    0.994949   -0.244949 (VIOLATED)
_09673_/S                               0.750000    0.994947   -0.244947 (VIOLATED)
_09688_/S                               0.750000    0.994941   -0.244941 (VIOLATED)
_09634_/S                               0.750000    0.994906   -0.244906 (VIOLATED)
_09610_/S                               0.750000    0.994871   -0.244871 (VIOLATED)
_09618_/S                               0.750000    0.994870   -0.244870 (VIOLATED)
_09626_/S                               0.750000    0.994868   -0.244868 (VIOLATED)
_09603_/S                               0.750000    0.994810   -0.244810 (VIOLATED)
_09595_/S                               0.750000    0.994807   -0.244807 (VIOLATED)
_09587_/S                               0.750000    0.994785   -0.244785 (VIOLATED)
_09644_/A2                              0.750000    0.994258   -0.244259 (VIOLATED)
_09636_/A2                              0.750000    0.994255   -0.244255 (VIOLATED)
_09669_/B1                              0.750000    0.994255   -0.244256 (VIOLATED)
_09651_/A2                              0.750000    0.994253   -0.244253 (VIOLATED)
_13212_/S                               0.750000    0.994244   -0.244244 (VIOLATED)
_09620_/A2                              0.750000    0.994241   -0.244242 (VIOLATED)
_13211_/S                               0.750000    0.994240   -0.244240 (VIOLATED)
_13213_/S                               0.750000    0.994235   -0.244235 (VIOLATED)
_09630_/B1                              0.750000    0.994232   -0.244232 (VIOLATED)
_13214_/S                               0.750000    0.994232   -0.244232 (VIOLATED)
_09683_/A2                              0.750000    0.994214   -0.244214 (VIOLATED)
_13216_/S                               0.750000    0.994211   -0.244211 (VIOLATED)
_13215_/S                               0.750000    0.994210   -0.244210 (VIOLATED)
_13217_/S                               0.750000    0.994202   -0.244202 (VIOLATED)
_09659_/A2                              0.750000    0.994196   -0.244196 (VIOLATED)
_13210_/S                               0.750000    0.994165   -0.244165 (VIOLATED)
_09675_/A2                              0.750000    0.994160   -0.244160 (VIOLATED)
_09612_/A2                              0.750000    0.994137   -0.244137 (VIOLATED)
_13208_/S                               0.750000    0.994130   -0.244130 (VIOLATED)
_13209_/S                               0.750000    0.994125   -0.244126 (VIOLATED)
_13207_/S                               0.750000    0.994116   -0.244116 (VIOLATED)
_13205_/S                               0.750000    0.994063   -0.244063 (VIOLATED)
_13206_/S                               0.750000    0.994054   -0.244054 (VIOLATED)
_13204_/S                               0.750000    0.994039   -0.244039 (VIOLATED)
_09697_/A2                              0.750000    0.994012   -0.244012 (VIOLATED)
_09704_/A2                              0.750000    0.993931   -0.243931 (VIOLATED)
_09605_/A2                              0.750000    0.993864   -0.243864 (VIOLATED)
_09691_/B1                              0.750000    0.993796   -0.243796 (VIOLATED)
_09702_/S                               0.750000    0.993793   -0.243793 (VIOLATED)
_09599_/B1                              0.750000    0.993720   -0.243720 (VIOLATED)
_09581_/A2                              0.750000    0.993602   -0.243602 (VIOLATED)
_09711_/A2                              0.750000    0.993525   -0.243525 (VIOLATED)
_09589_/A2                              0.750000    0.993503   -0.243503 (VIOLATED)
_09573_/A2                              0.750000    0.993399   -0.243399 (VIOLATED)
_11708_/A1                              0.750000    0.993323   -0.243323 (VIOLATED)
_09565_/A2                              0.750000    0.993226   -0.243226 (VIOLATED)
_12785_/A                               0.750000    0.993190   -0.243190 (VIOLATED)
_12845_/A                               0.750000    0.993190   -0.243190 (VIOLATED)
_12815_/A2                              0.750000    0.993189   -0.243189 (VIOLATED)
_12799_/A                               0.750000    0.993189   -0.243189 (VIOLATED)
_12913_/B                               0.750000    0.993189   -0.243189 (VIOLATED)
_12916_/B1                              0.750000    0.993189   -0.243189 (VIOLATED)
_12920_/A1                              0.750000    0.993189   -0.243189 (VIOLATED)
_12923_/A2                              0.750000    0.993189   -0.243189 (VIOLATED)
_12929_/A2                              0.750000    0.993189   -0.243189 (VIOLATED)
_13121_/A1                              0.750000    0.993188   -0.243188 (VIOLATED)
_13129_/A1                              0.750000    0.993187   -0.243187 (VIOLATED)
_12828_/A                               0.750000    0.993186   -0.243186 (VIOLATED)
_12995_/S                               0.750000    0.993186   -0.243186 (VIOLATED)
_13009_/A1                              0.750000    0.993186   -0.243186 (VIOLATED)
_13058_/A                               0.750000    0.993186   -0.243186 (VIOLATED)
_12780_/Y                               0.750000    0.993185   -0.243185 (VIOLATED)
_12963_/A                               0.750000    0.993185   -0.243185 (VIOLATED)
_13003_/A1                              0.750000    0.993185   -0.243185 (VIOLATED)
_13057_/B1                              0.750000    0.993185   -0.243185 (VIOLATED)
_13065_/A2                              0.750000    0.993185   -0.243185 (VIOLATED)
_13067_/A1                              0.750000    0.993185   -0.243185 (VIOLATED)
_13100_/A2                              0.750000    0.993185   -0.243185 (VIOLATED)
_09559_/B1                              0.750000    0.993113   -0.243113 (VIOLATED)
_09539_/A2                              0.750000    0.993016   -0.243016 (VIOLATED)
_13219_/S                               0.750000    0.993005   -0.243005 (VIOLATED)
_09530_/A2                              0.750000    0.992943   -0.242943 (VIOLATED)
_13218_/S                               0.750000    0.992874   -0.242874 (VIOLATED)
_13220_/S                               0.750000    0.992816   -0.242816 (VIOLATED)
_09549_/A2                              0.750000    0.992786   -0.242786 (VIOLATED)
_13221_/S                               0.750000    0.992729   -0.242729 (VIOLATED)
_11014_/A                               0.750000    0.992710   -0.242710 (VIOLATED)
_11242_/A2                              0.750000    0.992709   -0.242709 (VIOLATED)
_11239_/B1                              0.750000    0.992690   -0.242690 (VIOLATED)
_11535_/B                               0.750000    0.992664   -0.242664 (VIOLATED)
_11539_/A2                              0.750000    0.992662   -0.242662 (VIOLATED)
_11534_/B                               0.750000    0.992654   -0.242654 (VIOLATED)
_09464_/A2                              0.750000    0.992600   -0.242600 (VIOLATED)
_09414_/A                               0.750000    0.992592   -0.242592 (VIOLATED)
_09507_/B                               0.750000    0.992591   -0.242591 (VIOLATED)
_09520_/A2                              0.750000    0.992591   -0.242591 (VIOLATED)
_09513_/A2                              0.750000    0.992590   -0.242590 (VIOLATED)
_09496_/A2                              0.750000    0.992589   -0.242589 (VIOLATED)
_09487_/A2                              0.750000    0.992587   -0.242587 (VIOLATED)
_12739_/B1                              0.750000    0.992585   -0.242586 (VIOLATED)
_09411_/X                               0.750000    0.992572   -0.242572 (VIOLATED)
_12484_/A2                              0.750000    0.992572   -0.242572 (VIOLATED)
_09695_/S                               0.750000    0.992336   -0.242336 (VIOLATED)
_09709_/S                               0.750000    0.992237   -0.242237 (VIOLATED)
_09717_/S                               0.750000    0.992169   -0.242169 (VIOLATED)
_13201_/S                               0.750000    0.991001   -0.241001 (VIOLATED)
_13202_/S                               0.750000    0.990926   -0.240926 (VIOLATED)
_09562_/A                               0.750000    0.990708   -0.240708 (VIOLATED)
_09563_/A1                              0.750000    0.990695   -0.240695 (VIOLATED)
_09570_/S                               0.750000    0.990657   -0.240657 (VIOLATED)
_13200_/S                               0.750000    0.990629   -0.240629 (VIOLATED)
_09555_/S                               0.750000    0.990385   -0.240385 (VIOLATED)
_13198_/S                               0.750000    0.990126   -0.240126 (VIOLATED)
_09424_/A                               0.750000    0.990121   -0.240121 (VIOLATED)
_09436_/B1                              0.750000    0.990121   -0.240121 (VIOLATED)
_09469_/S                               0.750000    0.990121   -0.240121 (VIOLATED)
_09491_/S                               0.750000    0.990121   -0.240121 (VIOLATED)
_09500_/A                               0.750000    0.990121   -0.240121 (VIOLATED)
_09501_/A1                              0.750000    0.990121   -0.240121 (VIOLATED)
_09511_/S                               0.750000    0.990121   -0.240121 (VIOLATED)
_09518_/S                               0.750000    0.990121   -0.240121 (VIOLATED)
_09524_/S                               0.750000    0.990121   -0.240121 (VIOLATED)
_09536_/S                               0.750000    0.990121   -0.240121 (VIOLATED)
_09544_/A                               0.750000    0.990121   -0.240121 (VIOLATED)
_09545_/A1                              0.750000    0.990121   -0.240121 (VIOLATED)
_09579_/S                               0.750000    0.990121   -0.240121 (VIOLATED)
_12401_/C1                              0.750000    0.990121   -0.240121 (VIOLATED)
_15289_/Q                               0.750000    0.990121   -0.240121 (VIOLATED)
_13199_/S                               0.750000    0.989546   -0.239546 (VIOLATED)
_13203_/S                               0.750000    0.989496   -0.239496 (VIOLATED)
_13197_/S                               0.750000    0.989465   -0.239465 (VIOLATED)
_13196_/S                               0.750000    0.989462   -0.239462 (VIOLATED)
_13195_/S                               0.750000    0.989450   -0.239450 (VIOLATED)
_13194_/S                               0.750000    0.989448   -0.239448 (VIOLATED)
_13193_/S                               0.750000    0.989429   -0.239429 (VIOLATED)
_13192_/S                               0.750000    0.989425   -0.239425 (VIOLATED)
_13191_/X                               0.750000    0.989422   -0.239422 (VIOLATED)
_10954_/A2                              0.750000    0.974260   -0.224260 (VIOLATED)
_10974_/A2                              0.750000    0.974256   -0.224256 (VIOLATED)
_10962_/A2                              0.750000    0.974253   -0.224253 (VIOLATED)
_10942_/A2                              0.750000    0.974245   -0.224246 (VIOLATED)
_10958_/A2                              0.750000    0.974228   -0.224228 (VIOLATED)
_10950_/A2                              0.750000    0.974226   -0.224226 (VIOLATED)
_10978_/A2                              0.750000    0.974219   -0.224219 (VIOLATED)
_10920_/A2                              0.750000    0.974216   -0.224216 (VIOLATED)
_10916_/A2                              0.750000    0.974210   -0.224210 (VIOLATED)
_10924_/A2                              0.750000    0.974198   -0.224198 (VIOLATED)
_10934_/A2                              0.750000    0.974141   -0.224141 (VIOLATED)
_10938_/A2                              0.750000    0.974140   -0.224140 (VIOLATED)
_10946_/A2                              0.750000    0.974138   -0.224138 (VIOLATED)
_10970_/A2                              0.750000    0.974129   -0.224129 (VIOLATED)
_10966_/A2                              0.750000    0.974119   -0.224119 (VIOLATED)
_10811_/A2                              0.750000    0.974117   -0.224117 (VIOLATED)
_10928_/A2                              0.750000    0.974084   -0.224085 (VIOLATED)
_10827_/A2                              0.750000    0.974071   -0.224071 (VIOLATED)
_10787_/A2                              0.750000    0.974052   -0.224052 (VIOLATED)
_10909_/B1                              0.750000    0.974049   -0.224049 (VIOLATED)
_10836_/B1                              0.750000    0.974049   -0.224049 (VIOLATED)
_10762_/A                               0.750000    0.974048   -0.224048 (VIOLATED)
_13549_/A1                              0.750000    0.974049   -0.224049 (VIOLATED)
_13548_/A1                              0.750000    0.974048   -0.224048 (VIOLATED)
_10779_/A2                              0.750000    0.974047   -0.224047 (VIOLATED)
_10819_/B1                              0.750000    0.974046   -0.224046 (VIOLATED)
_10795_/B1                              0.750000    0.974043   -0.224043 (VIOLATED)
_07458_/X                               0.750000    0.974042   -0.224042 (VIOLATED)
_10803_/A2                              0.750000    0.974042   -0.224042 (VIOLATED)
_12770_/S                               0.750000    0.962865   -0.212865 (VIOLATED)
_12771_/S0                              0.750000    0.962865   -0.212865 (VIOLATED)
_12808_/S                               0.750000    0.962857   -0.212857 (VIOLATED)
_12809_/S0                              0.750000    0.962857   -0.212857 (VIOLATED)
_12790_/S                               0.750000    0.962844   -0.212844 (VIOLATED)
_12791_/S0                              0.750000    0.962844   -0.212844 (VIOLATED)
_12805_/S                               0.750000    0.962833   -0.212833 (VIOLATED)
_12806_/S0                              0.750000    0.962832   -0.212832 (VIOLATED)
_12781_/S                               0.750000    0.962832   -0.212832 (VIOLATED)
_12782_/S0                              0.750000    0.962832   -0.212832 (VIOLATED)
_12803_/S                               0.750000    0.962822   -0.212822 (VIOLATED)
_12804_/S0                              0.750000    0.962821   -0.212821 (VIOLATED)
_12763_/S                               0.750000    0.962804   -0.212804 (VIOLATED)
_12764_/S0                              0.750000    0.962800   -0.212800 (VIOLATED)
_12766_/S                               0.750000    0.962775   -0.212775 (VIOLATED)
_12767_/S0                              0.750000    0.962775   -0.212775 (VIOLATED)
_12787_/S                               0.750000    0.962768   -0.212768 (VIOLATED)
_12788_/S0                              0.750000    0.962768   -0.212768 (VIOLATED)
_12772_/S                               0.750000    0.962728   -0.212728 (VIOLATED)
_12773_/S0                              0.750000    0.962726   -0.212727 (VIOLATED)
_12777_/S                               0.750000    0.962682   -0.212682 (VIOLATED)
_12776_/A1                              0.750000    0.962681   -0.212681 (VIOLATED)
_12775_/B                               0.750000    0.962678   -0.212678 (VIOLATED)
_12750_/S0                              0.750000    0.962630   -0.212630 (VIOLATED)
_12749_/S                               0.750000    0.962629   -0.212629 (VIOLATED)
_09868_/S                               0.750000    0.962625   -0.212625 (VIOLATED)
_09869_/S                               0.750000    0.962625   -0.212625 (VIOLATED)
_09870_/S                               0.750000    0.962625   -0.212625 (VIOLATED)
_09874_/A1                              0.750000    0.962625   -0.212625 (VIOLATED)
_09876_/A                               0.750000    0.962625   -0.212625 (VIOLATED)
_09881_/S                               0.750000    0.962625   -0.212625 (VIOLATED)
_09882_/S                               0.750000    0.962625   -0.212625 (VIOLATED)
_12747_/S                               0.750000    0.962625   -0.212625 (VIOLATED)
_12748_/S0                              0.750000    0.962625   -0.212625 (VIOLATED)
_12753_/S                               0.750000    0.962625   -0.212625 (VIOLATED)
_12754_/S0                              0.750000    0.962625   -0.212625 (VIOLATED)
_13135_/B1                              0.750000    0.962625   -0.212625 (VIOLATED)
_13256_/A                               0.750000    0.962625   -0.212625 (VIOLATED)
_13306_/D_N                             0.750000    0.962625   -0.212625 (VIOLATED)
_15152_/Q                               0.750000    0.962625   -0.212625 (VIOLATED)
_08883_/A1                              0.750000    0.961628   -0.211628 (VIOLATED)
_08983_/A1                              0.750000    0.961628   -0.211628 (VIOLATED)
_09082_/A1                              0.750000    0.961627   -0.211627 (VIOLATED)
_09235_/A1                              0.750000    0.961627   -0.211627 (VIOLATED)
_08934_/A1                              0.750000    0.961626   -0.211626 (VIOLATED)
_09186_/A1                              0.750000    0.961624   -0.211624 (VIOLATED)
_08730_/A1                              0.750000    0.961620   -0.211621 (VIOLATED)
_08570_/A1                              0.750000    0.961614   -0.211614 (VIOLATED)
_08413_/B1                              0.750000    0.961605   -0.211605 (VIOLATED)
_08462_/A1                              0.750000    0.961601   -0.211601 (VIOLATED)
_08363_/A1_N                            0.750000    0.961594   -0.211594 (VIOLATED)
_07885_/A1                              0.750000    0.961570   -0.211570 (VIOLATED)
_08146_/B2                              0.750000    0.961565   -0.211565 (VIOLATED)
_08197_/B2                              0.750000    0.961563   -0.211563 (VIOLATED)
_07597_/B1                              0.750000    0.961555   -0.211555 (VIOLATED)
_07937_/B1                              0.750000    0.961536   -0.211536 (VIOLATED)
_08249_/A1                              0.750000    0.961529   -0.211529 (VIOLATED)
_07530_/Y                               0.750000    0.961528   -0.211528 (VIOLATED)
_07827_/A1                              0.750000    0.961528   -0.211528 (VIOLATED)
_07178_/Y                               0.750000    0.937696   -0.187696 (VIOLATED)
_07181_/B                               0.750000    0.937696   -0.187696 (VIOLATED)
_07283_/A                               0.750000    0.937696   -0.187696 (VIOLATED)
_07313_/B1                              0.750000    0.937696   -0.187696 (VIOLATED)
_07327_/A                               0.750000    0.937696   -0.187696 (VIOLATED)
_07534_/C                               0.750000    0.937696   -0.187696 (VIOLATED)
_08068_/C                               0.750000    0.937696   -0.187696 (VIOLATED)
_08128_/C                               0.750000    0.937696   -0.187696 (VIOLATED)
_08673_/A2                              0.750000    0.928641   -0.178641 (VIOLATED)
_09800_/B                               0.750000    0.928554   -0.178554 (VIOLATED)
_09774_/B                               0.750000    0.928505   -0.178505 (VIOLATED)
_09824_/A                               0.750000    0.928503   -0.178503 (VIOLATED)
_09749_/A2                              0.750000    0.928497   -0.178497 (VIOLATED)
_08671_/Y                               0.750000    0.928344   -0.178344 (VIOLATED)
_09133_/B1                              0.750000    0.925899   -0.175899 (VIOLATED)
_09804_/A2                              0.750000    0.925886   -0.175886 (VIOLATED)
_09751_/A                               0.750000    0.925885   -0.175885 (VIOLATED)
_09779_/A2                              0.750000    0.925885   -0.175885 (VIOLATED)
_09829_/A2                              0.750000    0.925884   -0.175884 (VIOLATED)
_09131_/Y                               0.750000    0.925874   -0.175874 (VIOLATED)
_12030_/A1                              0.750000    0.918471   -0.168471 (VIOLATED)
_12142_/S                               0.750000    0.918471   -0.168471 (VIOLATED)
_12153_/S                               0.750000    0.918471   -0.168471 (VIOLATED)
_12098_/A1                              0.750000    0.918470   -0.168470 (VIOLATED)
_12109_/S                               0.750000    0.918470   -0.168470 (VIOLATED)
_12186_/B1                              0.750000    0.918470   -0.168470 (VIOLATED)
_12187_/A1                              0.750000    0.918470   -0.168470 (VIOLATED)
_11840_/A1                              0.750000    0.918470   -0.168470 (VIOLATED)
_11902_/B1                              0.750000    0.918469   -0.168469 (VIOLATED)
_12069_/A1                              0.750000    0.918469   -0.168469 (VIOLATED)
_12173_/A1                              0.750000    0.918468   -0.168469 (VIOLATED)
_11825_/A                               0.750000    0.918468   -0.168468 (VIOLATED)
_11826_/A                               0.750000    0.918468   -0.168468 (VIOLATED)
_12053_/A1                              0.750000    0.918467   -0.168467 (VIOLATED)
_12133_/A1                              0.750000    0.918467   -0.168467 (VIOLATED)
_12164_/S                               0.750000    0.918466   -0.168466 (VIOLATED)
_11820_/Y                               0.750000    0.918465   -0.168465 (VIOLATED)
_12122_/A1                              0.750000    0.918465   -0.168465 (VIOLATED)
_11771_/S                               0.750000    0.915641   -0.165641 (VIOLATED)
_11773_/S                               0.750000    0.915640   -0.165641 (VIOLATED)
_11768_/S                               0.750000    0.915627   -0.165627 (VIOLATED)
_11766_/S                               0.750000    0.915625   -0.165625 (VIOLATED)
_11759_/S                               0.750000    0.915615   -0.165615 (VIOLATED)
_11757_/S                               0.750000    0.915614   -0.165615 (VIOLATED)
_11764_/S                               0.750000    0.915612   -0.165612 (VIOLATED)
_11755_/S                               0.750000    0.915610   -0.165610 (VIOLATED)
_11774_/B1_N                            0.750000    0.915605   -0.165605 (VIOLATED)
_11775_/A2                              0.750000    0.915605   -0.165605 (VIOLATED)
_11761_/S                               0.750000    0.915603   -0.165603 (VIOLATED)
_11777_/S                               0.750000    0.915602   -0.165602 (VIOLATED)
_11779_/S                               0.750000    0.915591   -0.165591 (VIOLATED)
_11781_/S                               0.750000    0.915591   -0.165591 (VIOLATED)
_11753_/S                               0.750000    0.915586   -0.165586 (VIOLATED)
_11783_/S                               0.750000    0.915580   -0.165580 (VIOLATED)
_11785_/S                               0.750000    0.915508   -0.165508 (VIOLATED)
_11750_/S                               0.750000    0.915461   -0.165461 (VIOLATED)
_11747_/S                               0.750000    0.915424   -0.165424 (VIOLATED)
_11745_/S                               0.750000    0.915391   -0.165391 (VIOLATED)
_11743_/S                               0.750000    0.915358   -0.165358 (VIOLATED)
_11741_/S                               0.750000    0.915314   -0.165314 (VIOLATED)
_11739_/S                               0.750000    0.915301   -0.165301 (VIOLATED)
_11736_/S                               0.750000    0.915269   -0.165269 (VIOLATED)
_11734_/S                               0.750000    0.915234   -0.165234 (VIOLATED)
_11732_/S                               0.750000    0.915218   -0.165219 (VIOLATED)
_11730_/S                               0.750000    0.915211   -0.165211 (VIOLATED)
_11716_/S                               0.750000    0.915200   -0.165200 (VIOLATED)
_11718_/S                               0.750000    0.915199   -0.165199 (VIOLATED)
_11721_/S                               0.750000    0.915172   -0.165172 (VIOLATED)
_11728_/S                               0.750000    0.915150   -0.165150 (VIOLATED)
_11725_/S                               0.750000    0.915149   -0.165149 (VIOLATED)
_11723_/S                               0.750000    0.915148   -0.165148 (VIOLATED)
_11714_/X                               0.750000    0.915120   -0.165120 (VIOLATED)
_09825_/A2                              0.750000    0.911198   -0.161198 (VIOLATED)
_09802_/A2                              0.750000    0.911194   -0.161194 (VIOLATED)
_09815_/B                               0.750000    0.911186   -0.161186 (VIOLATED)
_09791_/B1                              0.750000    0.911185   -0.161185 (VIOLATED)
_09738_/Y                               0.750000    0.910938   -0.160938 (VIOLATED)
_09740_/B1                              0.750000    0.910938   -0.160938 (VIOLATED)
_09752_/B2                              0.750000    0.910938   -0.160938 (VIOLATED)
_09762_/B2                              0.750000    0.910938   -0.160938 (VIOLATED)
_09769_/B2                              0.750000    0.910938   -0.160938 (VIOLATED)
_09782_/B2                              0.750000    0.910938   -0.160938 (VIOLATED)
_09803_/B                               0.750000    0.910938   -0.160938 (VIOLATED)
_09811_/A2                              0.750000    0.910938   -0.160938 (VIOLATED)
_09819_/B1                              0.750000    0.910938   -0.160938 (VIOLATED)
_09830_/B1                              0.750000    0.910938   -0.160938 (VIOLATED)
_09835_/B1                              0.750000    0.910938   -0.160938 (VIOLATED)
_09644_/B1                              0.750000    0.905714   -0.155714 (VIOLATED)
_09636_/B1                              0.750000    0.905710   -0.155710 (VIOLATED)
_09651_/B1                              0.750000    0.905709   -0.155709 (VIOLATED)
_09620_/B1                              0.750000    0.905701   -0.155701 (VIOLATED)
_09668_/A2                              0.750000    0.905688   -0.155688 (VIOLATED)
_09629_/A2                              0.750000    0.905680   -0.155680 (VIOLATED)
_09683_/B1                              0.750000    0.905679   -0.155679 (VIOLATED)
_09659_/B1                              0.750000    0.905661   -0.155661 (VIOLATED)
_09675_/B1                              0.750000    0.905625   -0.155625 (VIOLATED)
_09612_/B1                              0.750000    0.905602   -0.155602 (VIOLATED)
_09697_/B1                              0.750000    0.905476   -0.155476 (VIOLATED)
_09704_/B1                              0.750000    0.905399   -0.155399 (VIOLATED)
_09605_/B1                              0.750000    0.905332   -0.155332 (VIOLATED)
_09690_/A2                              0.750000    0.905268   -0.155268 (VIOLATED)
_09598_/A2                              0.750000    0.905186   -0.155186 (VIOLATED)
_09581_/B1                              0.750000    0.905065   -0.155065 (VIOLATED)
_09711_/B1                              0.750000    0.904988   -0.154988 (VIOLATED)
_09589_/B1                              0.750000    0.904966   -0.154966 (VIOLATED)
_09573_/B1                              0.750000    0.904864   -0.154864 (VIOLATED)
_09565_/B1                              0.750000    0.904723   -0.154723 (VIOLATED)
_09558_/A2                              0.750000    0.904645   -0.154645 (VIOLATED)
_09539_/B1                              0.750000    0.904547   -0.154547 (VIOLATED)
_09530_/B1                              0.750000    0.904477   -0.154477 (VIOLATED)
_09549_/B1                              0.750000    0.904328   -0.154328 (VIOLATED)
_09520_/B1                              0.750000    0.904219   -0.154219 (VIOLATED)
_09513_/B1                              0.750000    0.904201   -0.154201 (VIOLATED)
_09496_/B1                              0.750000    0.904185   -0.154185 (VIOLATED)
_09506_/A2                              0.750000    0.904182   -0.154182 (VIOLATED)
_09487_/B1                              0.750000    0.904162   -0.154162 (VIOLATED)
_11534_/C                               0.750000    0.904139   -0.154139 (VIOLATED)
_11536_/A2                              0.750000    0.904139   -0.154139 (VIOLATED)
_11538_/A2                              0.750000    0.904139   -0.154139 (VIOLATED)
_09464_/B1                              0.750000    0.904137   -0.154137 (VIOLATED)
_13170_/B1_N                            0.750000    0.904137   -0.154137 (VIOLATED)
_09414_/B                               0.750000    0.904137   -0.154137 (VIOLATED)
_09451_/B_N                             0.750000    0.904129   -0.154129 (VIOLATED)
_09413_/X                               0.750000    0.904123   -0.154123 (VIOLATED)
_12484_/B1                              0.750000    0.904123   -0.154123 (VIOLATED)
_10516_/A1                              0.750000    0.895603   -0.145603 (VIOLATED)
_10378_/C1                              0.750000    0.895599   -0.145599 (VIOLATED)
_10496_/B2                              0.750000    0.895599   -0.145599 (VIOLATED)
_10430_/A1                              0.750000    0.895590   -0.145590 (VIOLATED)
_10475_/A1                              0.750000    0.895589   -0.145589 (VIOLATED)
_10440_/C1                              0.750000    0.895585   -0.145585 (VIOLATED)
_10537_/B2                              0.750000    0.895575   -0.145575 (VIOLATED)
_10448_/B1                              0.750000    0.895572   -0.145572 (VIOLATED)
_10556_/A1                              0.750000    0.895569   -0.145569 (VIOLATED)
_10409_/B2                              0.750000    0.895559   -0.145559 (VIOLATED)
_10577_/A1                              0.750000    0.895552   -0.145552 (VIOLATED)
_10004_/B2                              0.750000    0.895537   -0.145537 (VIOLATED)
_10300_/C1                              0.750000    0.895497   -0.145497 (VIOLATED)
_10389_/B1                              0.750000    0.895488   -0.145488 (VIOLATED)
_10351_/A1                              0.750000    0.895475   -0.145475 (VIOLATED)
_10369_/A                               0.750000    0.895467   -0.145467 (VIOLATED)
_10331_/B2                              0.750000    0.895453   -0.145453 (VIOLATED)
_10305_/B1                              0.750000    0.895376   -0.145376 (VIOLATED)
_10085_/B2                              0.750000    0.895296   -0.145296 (VIOLATED)
_10593_/A1                              0.750000    0.895287   -0.145287 (VIOLATED)
_10291_/B2                              0.750000    0.895251   -0.145251 (VIOLATED)
_10047_/B2                              0.750000    0.895113   -0.145113 (VIOLATED)
_10251_/B2                              0.750000    0.894982   -0.144982 (VIOLATED)
_10065_/A1                              0.750000    0.894961   -0.144961 (VIOLATED)
_10269_/A1                              0.750000    0.894932   -0.144932 (VIOLATED)
_10231_/B2                              0.750000    0.894858   -0.144858 (VIOLATED)
_10214_/B2                              0.750000    0.894857   -0.144857 (VIOLATED)
_10195_/A1                              0.750000    0.894785   -0.144785 (VIOLATED)
_10157_/B2                              0.750000    0.894730   -0.144730 (VIOLATED)
_10175_/B2                              0.750000    0.894683   -0.144683 (VIOLATED)
_10130_/A                               0.750000    0.894651   -0.144651 (VIOLATED)
_10116_/A1                              0.750000    0.894637   -0.144637 (VIOLATED)
_10023_/A1                              0.750000    0.894580   -0.144580 (VIOLATED)
_09914_/A1                              0.750000    0.894569   -0.144569 (VIOLATED)
_09957_/A1                              0.750000    0.894560   -0.144560 (VIOLATED)
_09908_/X                               0.750000    0.894534   -0.144534 (VIOLATED)
_12986_/S                               0.750000    0.893196   -0.143196 (VIOLATED)
_13280_/S                               0.750000    0.893196   -0.143196 (VIOLATED)
_13044_/S                               0.750000    0.893191   -0.143191 (VIOLATED)
_13290_/S                               0.750000    0.893189   -0.143189 (VIOLATED)
_12973_/S                               0.750000    0.893182   -0.143182 (VIOLATED)
_13278_/S                               0.750000    0.893181   -0.143181 (VIOLATED)
_13082_/S                               0.750000    0.893179   -0.143179 (VIOLATED)
_13296_/S                               0.750000    0.893175   -0.143175 (VIOLATED)
_13059_/S                               0.750000    0.893173   -0.143173 (VIOLATED)
_13292_/S                               0.750000    0.893165   -0.143165 (VIOLATED)
_13284_/S                               0.750000    0.893144   -0.143144 (VIOLATED)
_13005_/S                               0.750000    0.893143   -0.143143 (VIOLATED)
_13294_/S                               0.750000    0.893130   -0.143130 (VIOLATED)
_13032_/S                               0.750000    0.893117   -0.143117 (VIOLATED)
_13071_/S                               0.750000    0.893115   -0.143115 (VIOLATED)
_13288_/S                               0.750000    0.893115   -0.143115 (VIOLATED)
_13286_/S                               0.750000    0.893111   -0.143111 (VIOLATED)
_13019_/S                               0.750000    0.893107   -0.143107 (VIOLATED)
_13282_/S                               0.750000    0.893085   -0.143085 (VIOLATED)
_12993_/S                               0.750000    0.893062   -0.143062 (VIOLATED)
_13095_/S                               0.750000    0.893043   -0.143043 (VIOLATED)
_13298_/S                               0.750000    0.893034   -0.143034 (VIOLATED)
_13300_/S                               0.750000    0.893003   -0.143004 (VIOLATED)
_07146_/A                               0.750000    0.893000   -0.143000 (VIOLATED)
_09418_/A2                              0.750000    0.893000   -0.143000 (VIOLATED)
_09874_/B1                              0.750000    0.893000   -0.143000 (VIOLATED)
_09885_/A1                              0.750000    0.893000   -0.143000 (VIOLATED)
_12948_/S                               0.750000    0.893000   -0.143000 (VIOLATED)
_12966_/S                               0.750000    0.893000   -0.143000 (VIOLATED)
_13107_/S                               0.750000    0.893000   -0.143000 (VIOLATED)
_13117_/S                               0.750000    0.893000   -0.143000 (VIOLATED)
_13126_/S                               0.750000    0.893000   -0.143000 (VIOLATED)
_13134_/S                               0.750000    0.893000   -0.143000 (VIOLATED)
_13135_/A1                              0.750000    0.893000   -0.143000 (VIOLATED)
_13274_/S                               0.750000    0.893000   -0.143000 (VIOLATED)
_13276_/S                               0.750000    0.893000   -0.143000 (VIOLATED)
_13302_/S                               0.750000    0.893000   -0.143000 (VIOLATED)
_13304_/S                               0.750000    0.893000   -0.143000 (VIOLATED)
_13306_/A                               0.750000    0.893000   -0.143000 (VIOLATED)
_15153_/Q                               0.750000    0.893000   -0.143000 (VIOLATED)
_09743_/A2                              0.750000    0.886996   -0.136996 (VIOLATED)
_09798_/A2                              0.750000    0.886992   -0.136992 (VIOLATED)
_09771_/B1                              0.750000    0.886991   -0.136991 (VIOLATED)
_09823_/A2                              0.750000    0.886991   -0.136991 (VIOLATED)
_09031_/Y                               0.750000    0.886978   -0.136978 (VIOLATED)
_09033_/A2_N                            0.750000    0.886978   -0.136978 (VIOLATED)
_07969_/A                               0.750000    0.878805   -0.128805 (VIOLATED)
_07266_/A                               0.750000    0.878804   -0.128804 (VIOLATED)
_07916_/A                               0.750000    0.878801   -0.128801 (VIOLATED)
_07567_/A                               0.750000    0.878797   -0.128797 (VIOLATED)
_07582_/A                               0.750000    0.878797   -0.128797 (VIOLATED)
_08177_/A                               0.750000    0.878797   -0.128797 (VIOLATED)
_08179_/A                               0.750000    0.878796   -0.128796 (VIOLATED)
_08180_/A                               0.750000    0.878792   -0.128792 (VIOLATED)
_08224_/A                               0.750000    0.878789   -0.128789 (VIOLATED)
_07565_/A                               0.750000    0.878783   -0.128783 (VIOLATED)
_07536_/A                               0.750000    0.878780   -0.128780 (VIOLATED)
_07576_/A                               0.750000    0.878779   -0.128779 (VIOLATED)
_07806_/A                               0.750000    0.878751   -0.128751 (VIOLATED)
_07571_/A                               0.750000    0.878740   -0.128740 (VIOLATED)
_07756_/A                               0.750000    0.878718   -0.128718 (VIOLATED)
_07862_/A                               0.750000    0.878717   -0.128717 (VIOLATED)
_07865_/A                               0.750000    0.878713   -0.128713 (VIOLATED)
_08070_/A                               0.750000    0.878712   -0.128712 (VIOLATED)
_08067_/A                               0.750000    0.878710   -0.128710 (VIOLATED)
_08342_/A                               0.750000    0.878707   -0.128707 (VIOLATED)
_08340_/A                               0.750000    0.878705   -0.128705 (VIOLATED)
_08122_/A                               0.750000    0.878689   -0.128689 (VIOLATED)
_08127_/A                               0.750000    0.878681   -0.128681 (VIOLATED)
_07537_/A                               0.750000    0.878665   -0.128665 (VIOLATED)
_07568_/A                               0.750000    0.878665   -0.128665 (VIOLATED)
_07540_/A                               0.750000    0.878665   -0.128665 (VIOLATED)
_07577_/A                               0.750000    0.878664   -0.128665 (VIOLATED)
_07563_/A                               0.750000    0.878663   -0.128663 (VIOLATED)
_08125_/A                               0.750000    0.878663   -0.128663 (VIOLATED)
_07562_/A                               0.750000    0.878659   -0.128660 (VIOLATED)
_07572_/A                               0.750000    0.878659   -0.128659 (VIOLATED)
_07570_/A                               0.750000    0.878659   -0.128659 (VIOLATED)
_07566_/A                               0.750000    0.878657   -0.128657 (VIOLATED)
_07534_/A                               0.750000    0.878654   -0.128654 (VIOLATED)
_07569_/A                               0.750000    0.878653   -0.128653 (VIOLATED)
_07682_/A                               0.750000    0.878651   -0.128651 (VIOLATED)
_07683_/A                               0.750000    0.878639   -0.128639 (VIOLATED)
_07686_/A                               0.750000    0.878630   -0.128630 (VIOLATED)
_07574_/A                               0.750000    0.878630   -0.128630 (VIOLATED)
_07692_/A                               0.750000    0.878610   -0.128610 (VIOLATED)
_07200_/A                               0.750000    0.878559   -0.128559 (VIOLATED)
_07541_/A                               0.750000    0.878553   -0.128553 (VIOLATED)
_07177_/A                               0.750000    0.878514   -0.128514 (VIOLATED)
_07564_/A                               0.750000    0.878507   -0.128507 (VIOLATED)
_07546_/A                               0.750000    0.878497   -0.128497 (VIOLATED)
_07276_/A                               0.750000    0.878496   -0.128496 (VIOLATED)
_07322_/B1                              0.750000    0.878422   -0.128422 (VIOLATED)
_10092_/A1                              0.750000    0.878422   -0.128422 (VIOLATED)
_07181_/A                               0.750000    0.878421   -0.128421 (VIOLATED)
_07307_/A                               0.750000    0.878421   -0.128421 (VIOLATED)
_07138_/Y                               0.750000    0.878396   -0.128396 (VIOLATED)
_07290_/A                               0.750000    0.878396   -0.128396 (VIOLATED)
_07334_/A_N                             0.750000    0.878396   -0.128396 (VIOLATED)
_10712_/A2                              0.750000    0.861210   -0.111210 (VIOLATED)
_10717_/B1                              0.750000    0.861210   -0.111210 (VIOLATED)
_10716_/B1                              0.750000    0.861210   -0.111210 (VIOLATED)
_10723_/S                               0.750000    0.861203   -0.111203 (VIOLATED)
_10727_/S                               0.750000    0.861199   -0.111199 (VIOLATED)
_10733_/S                               0.750000    0.861193   -0.111193 (VIOLATED)
_10736_/B1                              0.750000    0.861173   -0.111173 (VIOLATED)
_10738_/A2                              0.750000    0.861172   -0.111172 (VIOLATED)
_10707_/S                               0.750000    0.861144   -0.111144 (VIOLATED)
_10702_/S                               0.750000    0.861115   -0.111115 (VIOLATED)
_10697_/A2                              0.750000    0.861099   -0.111099 (VIOLATED)
_10743_/A2                              0.750000    0.861089   -0.111089 (VIOLATED)
_10746_/B1                              0.750000    0.861088   -0.111088 (VIOLATED)
_10748_/B2                              0.750000    0.861088   -0.111088 (VIOLATED)
_10754_/A2                              0.750000    0.861085   -0.111085 (VIOLATED)
_10753_/A                               0.750000    0.861082   -0.111082 (VIOLATED)
_10692_/B1                              0.750000    0.861057   -0.111057 (VIOLATED)
_10691_/B1                              0.750000    0.861054   -0.111054 (VIOLATED)
_10687_/B1                              0.750000    0.861035   -0.111035 (VIOLATED)
_10686_/B1                              0.750000    0.861033   -0.111033 (VIOLATED)
_10682_/S                               0.750000    0.861009   -0.111009 (VIOLATED)
_10679_/S                               0.750000    0.860938   -0.110938 (VIOLATED)
_10674_/B1                              0.750000    0.860910   -0.110910 (VIOLATED)
_10673_/B1                              0.750000    0.860904   -0.110904 (VIOLATED)
_10669_/S                               0.750000    0.860878   -0.110878 (VIOLATED)
_10666_/S                               0.750000    0.860836   -0.110836 (VIOLATED)
_10660_/B1                              0.750000    0.860813   -0.110813 (VIOLATED)
_10661_/B1                              0.750000    0.860812   -0.110813 (VIOLATED)
_10656_/S                               0.750000    0.860778   -0.110778 (VIOLATED)
_10653_/B1                              0.750000    0.860738   -0.110738 (VIOLATED)
_10652_/B1                              0.750000    0.860732   -0.110732 (VIOLATED)
_10648_/B2                              0.750000    0.860718   -0.110718 (VIOLATED)
_10646_/B1                              0.750000    0.860716   -0.110716 (VIOLATED)
_10643_/A2                              0.750000    0.860676   -0.110676 (VIOLATED)
_10638_/B1                              0.750000    0.860637   -0.110637 (VIOLATED)
_10637_/B1                              0.750000    0.860633   -0.110633 (VIOLATED)
_10633_/B1                              0.750000    0.860627   -0.110627 (VIOLATED)
_10632_/B1                              0.750000    0.860624   -0.110624 (VIOLATED)
_10628_/A2                              0.750000    0.860588   -0.110588 (VIOLATED)
_10623_/S                               0.750000    0.860567   -0.110568 (VIOLATED)
_10618_/S                               0.750000    0.860560   -0.110561 (VIOLATED)
_10757_/C1                              0.750000    0.860560   -0.110560 (VIOLATED)
_10758_/A2                              0.750000    0.860560   -0.110560 (VIOLATED)
_10608_/S                               0.750000    0.860557   -0.110557 (VIOLATED)
_10613_/A2                              0.750000    0.860552   -0.110552 (VIOLATED)
_10605_/X                               0.750000    0.860546   -0.110546 (VIOLATED)
_09759_/A1                              0.750000    0.859017   -0.109017 (VIOLATED)
_09809_/A                               0.750000    0.859017   -0.109017 (VIOLATED)
_09814_/S                               0.750000    0.859016   -0.109017 (VIOLATED)
_09790_/A1                              0.750000    0.859016   -0.109016 (VIOLATED)
_09763_/S                               0.750000    0.859015   -0.109015 (VIOLATED)
_09805_/S                               0.750000    0.859012   -0.109012 (VIOLATED)
_09832_/A1                              0.750000    0.859010   -0.109010 (VIOLATED)
_09828_/C1                              0.750000    0.859010   -0.109010 (VIOLATED)
_09756_/S                               0.750000    0.859009   -0.109009 (VIOLATED)
_09779_/C1                              0.750000    0.859009   -0.109009 (VIOLATED)
_09783_/A1                              0.750000    0.859006   -0.109006 (VIOLATED)
_09772_/C1                              0.750000    0.858970   -0.108970 (VIOLATED)
_09797_/A                               0.750000    0.858968   -0.108968 (VIOLATED)
_09749_/C1                              0.750000    0.858961   -0.108961 (VIOLATED)
_09750_/B1                              0.750000    0.858961   -0.108961 (VIOLATED)
_09777_/A1                              0.750000    0.858961   -0.108961 (VIOLATED)
_09722_/A2                              0.750000    0.858956   -0.108956 (VIOLATED)
_09800_/A                               0.750000    0.858954   -0.108954 (VIOLATED)
_09736_/C1                              0.750000    0.858946   -0.108946 (VIOLATED)
_09737_/B1                              0.750000    0.858946   -0.108946 (VIOLATED)
_09767_/B2                              0.750000    0.858946   -0.108946 (VIOLATED)
_09820_/S                               0.750000    0.858946   -0.108946 (VIOLATED)
_09793_/A1                              0.750000    0.858946   -0.108946 (VIOLATED)
_09796_/S                               0.750000    0.858946   -0.108946 (VIOLATED)
_09741_/B                               0.750000    0.858946   -0.108946 (VIOLATED)
_09792_/B1                              0.750000    0.858946   -0.108946 (VIOLATED)
_07715_/Y                               0.750000    0.858940   -0.108940 (VIOLATED)
_09321_/A                               0.750000    0.858940   -0.108940 (VIOLATED)
_10414_/S                               0.750000    0.846838   -0.096838 (VIOLATED)
_10435_/S                               0.750000    0.846838   -0.096838 (VIOLATED)
_10459_/S                               0.750000    0.846835   -0.096835 (VIOLATED)
_10480_/S                               0.750000    0.846828   -0.096828 (VIOLATED)
_10482_/B1                              0.750000    0.846825   -0.096825 (VIOLATED)
_10499_/A2                              0.750000    0.846825   -0.096825 (VIOLATED)
_10521_/S                               0.750000    0.846818   -0.096818 (VIOLATED)
_10396_/S                               0.750000    0.846801   -0.096801 (VIOLATED)
_10394_/S                               0.750000    0.846792   -0.096792 (VIOLATED)
_10374_/S                               0.750000    0.846763   -0.096763 (VIOLATED)
_10561_/S                               0.750000    0.846737   -0.096737 (VIOLATED)
_10541_/S                               0.750000    0.846724   -0.096724 (VIOLATED)
_10582_/S                               0.750000    0.846697   -0.096697 (VIOLATED)
_10316_/S                               0.750000    0.846578   -0.096578 (VIOLATED)
_10355_/S                               0.750000    0.846573   -0.096573 (VIOLATED)
_10335_/S                               0.750000    0.846518   -0.096518 (VIOLATED)
_10296_/S                               0.750000    0.846429   -0.096429 (VIOLATED)
_10294_/S                               0.750000    0.846408   -0.096408 (VIOLATED)
_10278_/S                               0.750000    0.846367   -0.096367 (VIOLATED)
_10276_/S                               0.750000    0.846285   -0.096285 (VIOLATED)
_10274_/S                               0.750000    0.846258   -0.096258 (VIOLATED)
_10254_/S                               0.750000    0.846218   -0.096218 (VIOLATED)
_10235_/S                               0.750000    0.846162   -0.096162 (VIOLATED)
_10218_/S                               0.750000    0.846133   -0.096133 (VIOLATED)
_10199_/S                               0.750000    0.846094   -0.096094 (VIOLATED)
_10179_/S                               0.750000    0.846007   -0.096007 (VIOLATED)
_10160_/S                               0.750000    0.845989   -0.095989 (VIOLATED)
_10143_/S                               0.750000    0.845959   -0.095959 (VIOLATED)
_10125_/S                               0.750000    0.845934   -0.095934 (VIOLATED)
_10103_/S                               0.750000    0.845913   -0.095913 (VIOLATED)
_10100_/S                               0.750000    0.845907   -0.095907 (VIOLATED)
_10600_/S                               0.750000    0.845893   -0.095893 (VIOLATED)
_10098_/S                               0.750000    0.845892   -0.095892 (VIOLATED)
_10096_/X                               0.750000    0.845885   -0.095885 (VIOLATED)
_11127_/A2                              0.750000    0.845771   -0.095771 (VIOLATED)
_11137_/A2                              0.750000    0.845764   -0.095764 (VIOLATED)
_11147_/A2                              0.750000    0.845750   -0.095750 (VIOLATED)
_11142_/A2                              0.750000    0.845748   -0.095748 (VIOLATED)
_11132_/A2                              0.750000    0.845747   -0.095747 (VIOLATED)
_11152_/A2                              0.750000    0.845731   -0.095731 (VIOLATED)
_11122_/A2                              0.750000    0.845726   -0.095726 (VIOLATED)
_11117_/A2                              0.750000    0.845698   -0.095698 (VIOLATED)
_11112_/A2                              0.750000    0.845666   -0.095666 (VIOLATED)
_11107_/A2                              0.750000    0.845528   -0.095528 (VIOLATED)
_11102_/A2                              0.750000    0.845465   -0.095465 (VIOLATED)
_11157_/A2                              0.750000    0.845312   -0.095312 (VIOLATED)
_11162_/A2                              0.750000    0.845254   -0.095254 (VIOLATED)
_11173_/A2                              0.750000    0.845213   -0.095213 (VIOLATED)
_11167_/A2                              0.750000    0.845117   -0.095117 (VIOLATED)
_11021_/A                               0.750000    0.845061   -0.095061 (VIOLATED)
_13317_/S                               0.750000    0.844649   -0.094649 (VIOLATED)
_13349_/S                               0.750000    0.844649   -0.094649 (VIOLATED)
_13327_/S                               0.750000    0.844645   -0.094645 (VIOLATED)
_13359_/S                               0.750000    0.844641   -0.094641 (VIOLATED)
_13333_/S                               0.750000    0.844631   -0.094631 (VIOLATED)
_13365_/S                               0.750000    0.844622   -0.094622 (VIOLATED)
_13315_/S                               0.750000    0.844606   -0.094606 (VIOLATED)
_13353_/S                               0.750000    0.844606   -0.094606 (VIOLATED)
_13325_/S                               0.750000    0.844606   -0.094606 (VIOLATED)
_13347_/S                               0.750000    0.844603   -0.094603 (VIOLATED)
_13357_/S                               0.750000    0.844601   -0.094601 (VIOLATED)
_13329_/S                               0.750000    0.844601   -0.094601 (VIOLATED)
_13321_/S                               0.750000    0.844595   -0.094595 (VIOLATED)
_13361_/S                               0.750000    0.844589   -0.094589 (VIOLATED)
_13355_/S                               0.750000    0.844586   -0.094586 (VIOLATED)
_13363_/S                               0.750000    0.844582   -0.094582 (VIOLATED)
_13331_/S                               0.750000    0.844574   -0.094574 (VIOLATED)
_13323_/S                               0.750000    0.844568   -0.094568 (VIOLATED)
_13351_/S                               0.750000    0.844558   -0.094559 (VIOLATED)
_13335_/S                               0.750000    0.844553   -0.094553 (VIOLATED)
_13319_/S                               0.750000    0.844538   -0.094538 (VIOLATED)
_13367_/S                               0.750000    0.844505   -0.094505 (VIOLATED)
_13369_/S                               0.750000    0.844476   -0.094476 (VIOLATED)
_13337_/S                               0.750000    0.844453   -0.094453 (VIOLATED)
_13339_/S                               0.750000    0.844432   -0.094432 (VIOLATED)
_13371_/S                               0.750000    0.844415   -0.094415 (VIOLATED)
_11097_/A2                              0.750000    0.844409   -0.094409 (VIOLATED)
_09418_/B1                              0.750000    0.844408   -0.094408 (VIOLATED)
_09885_/B1                              0.750000    0.844408   -0.094408 (VIOLATED)
_13222_/B                               0.750000    0.844408   -0.094408 (VIOLATED)
_13308_/S                               0.750000    0.844408   -0.094408 (VIOLATED)
_13311_/S                               0.750000    0.844408   -0.094408 (VIOLATED)
_13313_/S                               0.750000    0.844408   -0.094408 (VIOLATED)
_13341_/S                               0.750000    0.844408   -0.094408 (VIOLATED)
_13343_/S                               0.750000    0.844408   -0.094408 (VIOLATED)
_13345_/S                               0.750000    0.844408   -0.094408 (VIOLATED)
_13373_/S                               0.750000    0.844408   -0.094408 (VIOLATED)
_15154_/Q                               0.750000    0.844408   -0.094408 (VIOLATED)
_11087_/A2                              0.750000    0.844175   -0.094175 (VIOLATED)
_11092_/A2                              0.750000    0.844013   -0.094013 (VIOLATED)
_11082_/A2                              0.750000    0.843851   -0.093851 (VIOLATED)
_11077_/A2                              0.750000    0.843521   -0.093521 (VIOLATED)
_11072_/A2                              0.750000    0.843371   -0.093371 (VIOLATED)
_11062_/A2                              0.750000    0.843067   -0.093067 (VIOLATED)
_10412_/A2                              0.750000    0.843041   -0.093041 (VIOLATED)
_10478_/A2                              0.750000    0.843041   -0.093041 (VIOLATED)
_10539_/A2                              0.750000    0.843041   -0.093041 (VIOLATED)
_09972_/B                               0.750000    0.843034   -0.093034 (VIOLATED)
_10338_/B                               0.750000    0.843015   -0.093015 (VIOLATED)
_10372_/A2                              0.750000    0.843013   -0.093013 (VIOLATED)
_10314_/A2                              0.750000    0.843011   -0.093011 (VIOLATED)
_10583_/B                               0.750000    0.843009   -0.093009 (VIOLATED)
_10067_/A2                              0.750000    0.842971   -0.092971 (VIOLATED)
_10145_/B                               0.750000    0.842892   -0.092892 (VIOLATED)
_09893_/Y                               0.750000    0.842855   -0.092856 (VIOLATED)
_11067_/A2                              0.750000    0.842828   -0.092828 (VIOLATED)
data_wdata_o[16]                        0.750000    0.842743   -0.092743 (VIOLATED)
_11057_/A2                              0.750000    0.842605   -0.092605 (VIOLATED)
_11052_/A2                              0.750000    0.842557   -0.092557 (VIOLATED)
_09793_/Y                               0.750000    0.842499   -0.092499 (VIOLATED)
_11042_/A2                              0.750000    0.842498   -0.092498 (VIOLATED)
_11047_/A2                              0.750000    0.842482   -0.092482 (VIOLATED)
_11037_/A2                              0.750000    0.842454   -0.092454 (VIOLATED)
_11031_/A2                              0.750000    0.842416   -0.092416 (VIOLATED)
_11027_/A2                              0.750000    0.842395   -0.092395 (VIOLATED)
_11022_/A2                              0.750000    0.842380   -0.092380 (VIOLATED)
_09843_/X                               0.750000    0.842356   -0.092356 (VIOLATED)
_13227_/S                               0.750000    0.838490   -0.088490 (VIOLATED)
_13243_/S                               0.750000    0.838491   -0.088491 (VIOLATED)
_13232_/S                               0.750000    0.838485   -0.088485 (VIOLATED)
_13248_/S                               0.750000    0.838480   -0.088480 (VIOLATED)
_13235_/S                               0.750000    0.838468   -0.088468 (VIOLATED)
_13251_/S                               0.750000    0.838455   -0.088455 (VIOLATED)
_13226_/S                               0.750000    0.838437   -0.088437 (VIOLATED)
_13242_/S                               0.750000    0.838437   -0.088437 (VIOLATED)
_13231_/S                               0.750000    0.838437   -0.088437 (VIOLATED)
_13245_/S                               0.750000    0.838433   -0.088433 (VIOLATED)
_13247_/S                               0.750000    0.838429   -0.088429 (VIOLATED)
_13233_/S                               0.750000    0.838425   -0.088425 (VIOLATED)
_13229_/S                               0.750000    0.838419   -0.088419 (VIOLATED)
_13249_/S                               0.750000    0.838411   -0.088411 (VIOLATED)
_13246_/S                               0.750000    0.838408   -0.088408 (VIOLATED)
_13250_/S                               0.750000    0.838403   -0.088403 (VIOLATED)
_13234_/S                               0.750000    0.838393   -0.088393 (VIOLATED)
_13230_/S                               0.750000    0.838384   -0.088384 (VIOLATED)
_13244_/S                               0.750000    0.838373   -0.088373 (VIOLATED)
_13236_/S                               0.750000    0.838368   -0.088368 (VIOLATED)
_13228_/S                               0.750000    0.838344   -0.088344 (VIOLATED)
_13252_/S                               0.750000    0.838299   -0.088299 (VIOLATED)
_13253_/S                               0.750000    0.838257   -0.088257 (VIOLATED)
_13237_/S                               0.750000    0.838225   -0.088225 (VIOLATED)
_13238_/S                               0.750000    0.838197   -0.088197 (VIOLATED)
_13254_/S                               0.750000    0.838170   -0.088170 (VIOLATED)
_13255_/S                               0.750000    0.838091   -0.088091 (VIOLATED)
_13239_/S                               0.750000    0.838027   -0.088027 (VIOLATED)
_13225_/S                               0.750000    0.837994   -0.087994 (VIOLATED)
_13224_/S                               0.750000    0.837984   -0.087984 (VIOLATED)
_13240_/S                               0.750000    0.837957   -0.087957 (VIOLATED)
_13241_/S                               0.750000    0.837949   -0.087949 (VIOLATED)
_13223_/S                               0.750000    0.837932   -0.087932 (VIOLATED)
_13222_/X                               0.750000    0.837925   -0.087925 (VIOLATED)
_07804_/A1                              0.750000    0.824938   -0.074938 (VIOLATED)
_07914_/B1                              0.750000    0.824937   -0.074937 (VIOLATED)
_08016_/B1                              0.750000    0.824934   -0.074934 (VIOLATED)
_08066_/B1                              0.750000    0.824934   -0.074934 (VIOLATED)
_07967_/B1                              0.750000    0.824932   -0.074932 (VIOLATED)
_08175_/B1                              0.750000    0.824910   -0.074910 (VIOLATED)
_08119_/B1                              0.750000    0.824901   -0.074901 (VIOLATED)
_08223_/B1                              0.750000    0.824877   -0.074877 (VIOLATED)
_08283_/B1                              0.750000    0.824841   -0.074841 (VIOLATED)
_08338_/B1                              0.750000    0.824832   -0.074832 (VIOLATED)
_08440_/B1                              0.750000    0.824813   -0.074813 (VIOLATED)
_08391_/B1                              0.750000    0.824813   -0.074813 (VIOLATED)
_07680_/B1                              0.750000    0.824789   -0.074789 (VIOLATED)
_07527_/B1                              0.750000    0.824787   -0.074787 (VIOLATED)
_07752_/A1                              0.750000    0.824787   -0.074787 (VIOLATED)
_07858_/A1                              0.750000    0.824785   -0.074785 (VIOLATED)
_08648_/B1                              0.750000    0.824775   -0.074775 (VIOLATED)
_08498_/B1                              0.750000    0.824765   -0.074765 (VIOLATED)
_08548_/B1                              0.750000    0.824762   -0.074762 (VIOLATED)
_08599_/B1                              0.750000    0.824745   -0.074745 (VIOLATED)
_09287_/B1                              0.750000    0.824732   -0.074732 (VIOLATED)
_09164_/B1                              0.750000    0.824731   -0.074731 (VIOLATED)
_09110_/B1                              0.750000    0.824731   -0.074731 (VIOLATED)
_07457_/Y                               0.750000    0.824729   -0.074729 (VIOLATED)
_08706_/B1                              0.750000    0.824729   -0.074729 (VIOLATED)
_08758_/B1                              0.750000    0.824729   -0.074729 (VIOLATED)
_08810_/B1                              0.750000    0.824729   -0.074729 (VIOLATED)
_08861_/B1                              0.750000    0.824729   -0.074729 (VIOLATED)
_08913_/B1                              0.750000    0.824729   -0.074729 (VIOLATED)
_08961_/B1                              0.750000    0.824729   -0.074729 (VIOLATED)
_09012_/B1                              0.750000    0.824729   -0.074729 (VIOLATED)
_09061_/B1                              0.750000    0.824729   -0.074729 (VIOLATED)
_09214_/B1                              0.750000    0.824729   -0.074729 (VIOLATED)
_10427_/A2                              0.750000    0.823863   -0.073863 (VIOLATED)
_09997_/A2                              0.750000    0.823861   -0.073861 (VIOLATED)
_10470_/A2                              0.750000    0.823855   -0.073855 (VIOLATED)
_10387_/A2                              0.750000    0.823847   -0.073847 (VIOLATED)
_10452_/A2                              0.750000    0.823837   -0.073837 (VIOLATED)
_10490_/A2                              0.750000    0.823831   -0.073831 (VIOLATED)
_10345_/A2                              0.750000    0.823821   -0.073821 (VIOLATED)
_10570_/A2                              0.750000    0.823763   -0.073763 (VIOLATED)
_10529_/A2                              0.750000    0.823742   -0.073742 (VIOLATED)
_10308_/A2                              0.750000    0.823707   -0.073707 (VIOLATED)
_10329_/A2                              0.750000    0.823701   -0.073701 (VIOLATED)
_10286_/A2                              0.750000    0.823671   -0.073671 (VIOLATED)
_10134_/A2                              0.750000    0.823645   -0.073645 (VIOLATED)
_10155_/A2                              0.750000    0.823645   -0.073645 (VIOLATED)
_10173_/A2                              0.750000    0.823644   -0.073644 (VIOLATED)
_10249_/A2                              0.750000    0.823639   -0.073639 (VIOLATED)
_10188_/A2                              0.750000    0.823632   -0.073632 (VIOLATED)
_10212_/A2                              0.750000    0.823625   -0.073625 (VIOLATED)
_10229_/A2                              0.750000    0.823616   -0.073616 (VIOLATED)
_10060_/A2                              0.750000    0.823613   -0.073613 (VIOLATED)
_10261_/A2                              0.750000    0.823608   -0.073609 (VIOLATED)
_10041_/A2                              0.750000    0.823588   -0.073588 (VIOLATED)
_07207_/B_N                             0.750000    0.823573   -0.073573 (VIOLATED)
_07366_/C_N                             0.750000    0.823573   -0.073573 (VIOLATED)
_09410_/A2                              0.750000    0.823572   -0.073572 (VIOLATED)
_09413_/B                               0.750000    0.823572   -0.073572 (VIOLATED)
_10011_/A2                              0.750000    0.823568   -0.073568 (VIOLATED)
_09955_/A2                              0.750000    0.823563   -0.073563 (VIOLATED)
_10112_/A2                              0.750000    0.823563   -0.073563 (VIOLATED)
_07190_/X                               0.750000    0.823539   -0.073539 (VIOLATED)
_13124_/A1                              0.750000    0.817752   -0.067752 (VIOLATED)
_13130_/A1                              0.750000    0.817752   -0.067752 (VIOLATED)
_13114_/A1                              0.750000    0.817752   -0.067752 (VIOLATED)
_12745_/Y                               0.750000    0.817751   -0.067751 (VIOLATED)
_12853_/A                               0.750000    0.817751   -0.067751 (VIOLATED)
_12873_/B2                              0.750000    0.817751   -0.067751 (VIOLATED)
_12887_/B2                              0.750000    0.817751   -0.067751 (VIOLATED)
_12899_/C1                              0.750000    0.817751   -0.067751 (VIOLATED)
_12906_/A1                              0.750000    0.817751   -0.067751 (VIOLATED)
_12920_/B2                              0.750000    0.817751   -0.067751 (VIOLATED)
_12938_/A1                              0.750000    0.817751   -0.067751 (VIOLATED)
_12946_/A1                              0.750000    0.817751   -0.067751 (VIOLATED)
_12954_/B1                              0.750000    0.817751   -0.067751 (VIOLATED)
_12964_/B1                              0.750000    0.817751   -0.067751 (VIOLATED)
_12976_/A1                              0.750000    0.817751   -0.067751 (VIOLATED)
_12985_/B1                              0.750000    0.817751   -0.067751 (VIOLATED)
_12997_/A                               0.750000    0.817751   -0.067751 (VIOLATED)
_13002_/A1                              0.750000    0.817751   -0.067751 (VIOLATED)
_13014_/A1                              0.750000    0.817751   -0.067751 (VIOLATED)
_13027_/B2                              0.750000    0.817751   -0.067751 (VIOLATED)
_13049_/B1                              0.750000    0.817751   -0.067751 (VIOLATED)
_13063_/B1                              0.750000    0.817751   -0.067751 (VIOLATED)
_13075_/B1                              0.750000    0.817751   -0.067751 (VIOLATED)
_13089_/C1                              0.750000    0.817751   -0.067751 (VIOLATED)
_07777_/B1                              0.750000    0.805784   -0.055784 (VIOLATED)
_09746_/A2                              0.750000    0.805784   -0.055784 (VIOLATED)
_09799_/A1                              0.750000    0.805778   -0.055778 (VIOLATED)
_09822_/A2                              0.750000    0.805777   -0.055777 (VIOLATED)
_07776_/A                               0.750000    0.805777   -0.055777 (VIOLATED)
_07775_/Y                               0.750000    0.805772   -0.055772 (VIOLATED)
_11661_/A2                              0.750000    0.795462   -0.045462 (VIOLATED)
_11663_/B1                              0.750000    0.795461   -0.045461 (VIOLATED)
_11665_/A1                              0.750000    0.795461   -0.045461 (VIOLATED)
_11653_/A2                              0.750000    0.795456   -0.045456 (VIOLATED)
_11657_/B2                              0.750000    0.795455   -0.045455 (VIOLATED)
_11656_/B1                              0.750000    0.795454   -0.045454 (VIOLATED)
_11649_/B1                              0.750000    0.795445   -0.045445 (VIOLATED)
_11670_/A2                              0.750000    0.795439   -0.045439 (VIOLATED)
_11674_/B1                              0.750000    0.795439   -0.045439 (VIOLATED)
_11678_/A2                              0.750000    0.795435   -0.045435 (VIOLATED)
_11680_/A1                              0.750000    0.795432   -0.045432 (VIOLATED)
_11682_/B1                              0.750000    0.795429   -0.045429 (VIOLATED)
_11687_/B1                              0.750000    0.795415   -0.045416 (VIOLATED)
_11639_/A2                              0.750000    0.795415   -0.045415 (VIOLATED)
_11635_/A2                              0.750000    0.795414   -0.045414 (VIOLATED)
_11686_/B2                              0.750000    0.795412   -0.045412 (VIOLATED)
_11644_/B1                              0.750000    0.795406   -0.045406 (VIOLATED)
_11689_/C1                              0.750000    0.795386   -0.045386 (VIOLATED)
_11630_/B                               0.750000    0.795384   -0.045384 (VIOLATED)
_11631_/A2                              0.750000    0.795383   -0.045383 (VIOLATED)
_11625_/A2                              0.750000    0.795370   -0.045370 (VIOLATED)
_11620_/A2                              0.750000    0.795343   -0.045343 (VIOLATED)
_11614_/B                               0.750000    0.795286   -0.045286 (VIOLATED)
_11615_/A2                              0.750000    0.795286   -0.045286 (VIOLATED)
_11610_/A2                              0.750000    0.795255   -0.045255 (VIOLATED)
_11606_/A2                              0.750000    0.795225   -0.045225 (VIOLATED)
_11600_/A2                              0.750000    0.795194   -0.045194 (VIOLATED)
_11599_/B1                              0.750000    0.795192   -0.045192 (VIOLATED)
_11596_/A2                              0.750000    0.795166   -0.045166 (VIOLATED)
_11591_/A2                              0.750000    0.795130   -0.045130 (VIOLATED)
_11590_/B                               0.750000    0.795116   -0.045116 (VIOLATED)
_11586_/A2                              0.750000    0.795100   -0.045100 (VIOLATED)
_11585_/B                               0.750000    0.795091   -0.045091 (VIOLATED)
_11581_/B1                              0.750000    0.795050   -0.045050 (VIOLATED)
_11576_/A2                              0.750000    0.795025   -0.045025 (VIOLATED)
_11575_/B                               0.750000    0.795022   -0.045022 (VIOLATED)
_11570_/B                               0.750000    0.794993   -0.044993 (VIOLATED)
_11571_/A2                              0.750000    0.794991   -0.044991 (VIOLATED)
_11566_/A2                              0.750000    0.794967   -0.044967 (VIOLATED)
_11561_/B1                              0.750000    0.794934   -0.044934 (VIOLATED)
_11546_/S                               0.750000    0.794934   -0.044934 (VIOLATED)
_11551_/B1                              0.750000    0.794933   -0.044933 (VIOLATED)
_11556_/A2                              0.750000    0.794932   -0.044932 (VIOLATED)
_11542_/X                               0.750000    0.794920   -0.044920 (VIOLATED)
_12179_/A1                              0.750000    0.793790   -0.043790 (VIOLATED)
_12205_/C1                              0.750000    0.793790   -0.043790 (VIOLATED)
_12224_/S                               0.750000    0.793790   -0.043790 (VIOLATED)
_12291_/A1                              0.750000    0.793790   -0.043790 (VIOLATED)
_12031_/B2                              0.750000    0.793790   -0.043790 (VIOLATED)
_12145_/B2                              0.750000    0.793789   -0.043789 (VIOLATED)
_12228_/A                               0.750000    0.793789   -0.043789 (VIOLATED)
_12229_/A1                              0.750000    0.793789   -0.043789 (VIOLATED)
_12283_/S                               0.750000    0.793788   -0.043788 (VIOLATED)
_12047_/B2                              0.750000    0.793788   -0.043788 (VIOLATED)
_12188_/A                               0.750000    0.793786   -0.043786 (VIOLATED)
_12191_/A1                              0.750000    0.793786   -0.043786 (VIOLATED)
_12216_/S                               0.750000    0.793786   -0.043786 (VIOLATED)
_12169_/B2                              0.750000    0.793785   -0.043785 (VIOLATED)
_12264_/A1                              0.750000    0.793782   -0.043782 (VIOLATED)
_12111_/A1                              0.750000    0.793781   -0.043781 (VIOLATED)
_11893_/S                               0.750000    0.793772   -0.043772 (VIOLATED)
_11894_/S                               0.750000    0.793772   -0.043772 (VIOLATED)
_11890_/S                               0.750000    0.793771   -0.043771 (VIOLATED)
_11891_/S                               0.750000    0.793770   -0.043771 (VIOLATED)
_12005_/B2                              0.750000    0.793769   -0.043769 (VIOLATED)
_11886_/S                               0.750000    0.793769   -0.043769 (VIOLATED)
_12237_/S                               0.750000    0.793769   -0.043769 (VIOLATED)
_11887_/S                               0.750000    0.793768   -0.043768 (VIOLATED)
_12136_/A1                              0.750000    0.793768   -0.043768 (VIOLATED)
_11883_/S                               0.750000    0.793768   -0.043768 (VIOLATED)
_12276_/B2                              0.750000    0.793767   -0.043767 (VIOLATED)
_11884_/S                               0.750000    0.793767   -0.043767 (VIOLATED)
_12054_/A                               0.750000    0.793766   -0.043766 (VIOLATED)
_11878_/S                               0.750000    0.793765   -0.043765 (VIOLATED)
_12270_/A1                              0.750000    0.793764   -0.043764 (VIOLATED)
_11879_/S                               0.750000    0.793764   -0.043764 (VIOLATED)
_11974_/S                               0.750000    0.793764   -0.043764 (VIOLATED)
_11875_/S                               0.750000    0.793763   -0.043763 (VIOLATED)
_11876_/S                               0.750000    0.793761   -0.043761 (VIOLATED)
_11871_/S                               0.750000    0.793761   -0.043761 (VIOLATED)
_12119_/A                               0.750000    0.793760   -0.043760 (VIOLATED)
_11822_/X                               0.750000    0.793759   -0.043759 (VIOLATED)
_11823_/S                               0.750000    0.793759   -0.043759 (VIOLATED)
_11869_/S                               0.750000    0.793759   -0.043759 (VIOLATED)
_11872_/S                               0.750000    0.793759   -0.043759 (VIOLATED)
_12308_/A2                              0.750000    0.790921   -0.040921 (VIOLATED)
_12286_/A2                              0.750000    0.790921   -0.040921 (VIOLATED)
_12307_/A2                              0.750000    0.790921   -0.040921 (VIOLATED)
_12285_/A2                              0.750000    0.790921   -0.040921 (VIOLATED)
_12278_/A2                              0.750000    0.790918   -0.040918 (VIOLATED)
_12277_/A2                              0.750000    0.790916   -0.040916 (VIOLATED)
_12301_/A2                              0.750000    0.790911   -0.040911 (VIOLATED)
_12261_/A2                              0.750000    0.790905   -0.040905 (VIOLATED)
_12262_/A2                              0.750000    0.790904   -0.040904 (VIOLATED)
_12239_/A2                              0.750000    0.790895   -0.040895 (VIOLATED)
_12231_/A2                              0.750000    0.790884   -0.040884 (VIOLATED)
_12230_/A2                              0.750000    0.790882   -0.040883 (VIOLATED)
_12293_/A2                              0.750000    0.790878   -0.040878 (VIOLATED)
_12246_/A2                              0.750000    0.790876   -0.040876 (VIOLATED)
_12222_/A2                              0.750000    0.790847   -0.040847 (VIOLATED)
_12209_/A2                              0.750000    0.790836   -0.040836 (VIOLATED)
_12208_/A2                              0.750000    0.790834   -0.040834 (VIOLATED)
_12199_/A2                              0.750000    0.790813   -0.040813 (VIOLATED)
_12178_/A2                              0.750000    0.790792   -0.040792 (VIOLATED)
_12177_/A2                              0.750000    0.790786   -0.040786 (VIOLATED)
_12167_/A2                              0.750000    0.790769   -0.040769 (VIOLATED)
_12157_/A2                              0.750000    0.790722   -0.040722 (VIOLATED)
_12156_/A2                              0.750000    0.790718   -0.040718 (VIOLATED)
_12147_/B1                              0.750000    0.790676   -0.040676 (VIOLATED)
_12135_/A0                              0.750000    0.790641   -0.040641 (VIOLATED)
_12124_/A1                              0.750000    0.790637   -0.040637 (VIOLATED)
_12101_/A0                              0.750000    0.790613   -0.040613 (VIOLATED)
_12112_/A1                              0.750000    0.790585   -0.040585 (VIOLATED)
_12082_/A0                              0.750000    0.790583   -0.040583 (VIOLATED)
_12190_/A2                              0.750000    0.790578   -0.040578 (VIOLATED)
_12189_/A2                              0.750000    0.790578   -0.040578 (VIOLATED)
_12045_/A1                              0.750000    0.790575   -0.040575 (VIOLATED)
_11979_/A2                              0.750000    0.790573   -0.040573 (VIOLATED)
_12011_/B2                              0.750000    0.790573   -0.040573 (VIOLATED)
_11978_/A2                              0.750000    0.790573   -0.040573 (VIOLATED)
_11905_/Y                               0.750000    0.790571   -0.040571 (VIOLATED)
_11907_/B1                              0.750000    0.790571   -0.040571 (VIOLATED)
_10404_/A2                              0.750000    0.790264   -0.040264 (VIOLATED)
_10001_/A2                              0.750000    0.790259   -0.040259 (VIOLATED)
_10428_/A2                              0.750000    0.790254   -0.040254 (VIOLATED)
_10467_/A2                              0.750000    0.790247   -0.040247 (VIOLATED)
_10361_/A2                              0.750000    0.790241   -0.040241 (VIOLATED)
_10384_/A2                              0.750000    0.790188   -0.040188 (VIOLATED)
_10450_/A2                              0.750000    0.790165   -0.040165 (VIOLATED)
_10344_/A2                              0.750000    0.790133   -0.040133 (VIOLATED)
_10494_/A2                              0.750000    0.790130   -0.040130 (VIOLATED)
_10510_/A2                              0.750000    0.790057   -0.040057 (VIOLATED)
_10548_/A2                              0.750000    0.789973   -0.039973 (VIOLATED)
_10326_/B1                              0.750000    0.789913   -0.039914 (VIOLATED)
_10569_/A2                              0.750000    0.789878   -0.039878 (VIOLATED)
_10531_/A2                              0.750000    0.789701   -0.039701 (VIOLATED)
_10306_/B1                              0.750000    0.789637   -0.039637 (VIOLATED)
_10288_/A2                              0.750000    0.789448   -0.039448 (VIOLATED)
_10079_/A2                              0.750000    0.789340   -0.039340 (VIOLATED)
_10592_/A2                              0.750000    0.789249   -0.039249 (VIOLATED)
_10059_/A2                              0.750000    0.789158   -0.039158 (VIOLATED)
_10044_/A2                              0.750000    0.788959   -0.038959 (VIOLATED)
_10263_/A2                              0.750000    0.788814   -0.038814 (VIOLATED)
_10228_/A2                              0.750000    0.788670   -0.038670 (VIOLATED)
_10211_/A2                              0.750000    0.788576   -0.038576 (VIOLATED)
_10248_/A2                              0.750000    0.788401   -0.038401 (VIOLATED)
_09955_/B1                              0.750000    0.788165   -0.038165 (VIOLATED)
_12334_/A                               0.750000    0.788138   -0.038138 (VIOLATED)
_07305_/A                               0.750000    0.788102   -0.038102 (VIOLATED)
_07288_/X                               0.750000    0.788043   -0.038043 (VIOLATED)
_12252_/C                               0.750000    0.779796   -0.029796 (VIOLATED)
_12263_/A1                              0.750000    0.779796   -0.029796 (VIOLATED)
_12213_/C                               0.750000    0.779795   -0.029795 (VIOLATED)
_11931_/B1                              0.750000    0.779791   -0.029791 (VIOLATED)
_11907_/Y                               0.750000    0.779790   -0.029790 (VIOLATED)
_11908_/A                               0.750000    0.779790   -0.029790 (VIOLATED)
_11913_/A3                              0.750000    0.779790   -0.029790 (VIOLATED)
_11916_/A                               0.750000    0.779790   -0.029790 (VIOLATED)
_10408_/A2                              0.750000    0.778177   -0.028177 (VIOLATED)
_10365_/A2                              0.750000    0.778176   -0.028176 (VIOLATED)
_10509_/A2                              0.750000    0.778170   -0.028170 (VIOLATED)
_10551_/A2                              0.750000    0.778145   -0.028145 (VIOLATED)
_12667_/A1                              0.750000    0.778141   -0.028141 (VIOLATED)
_12669_/A1                              0.750000    0.778140   -0.028140 (VIOLATED)
_12671_/A1                              0.750000    0.778043   -0.028043 (VIOLATED)
_12608_/A                               0.750000    0.777909   -0.027909 (VIOLATED)
_07349_/Y                               0.750000    0.777907   -0.027907 (VIOLATED)
_09643_/C                               0.750000    0.777410   -0.027410 (VIOLATED)
_09650_/C                               0.750000    0.777409   -0.027409 (VIOLATED)
_09658_/C                               0.750000    0.777408   -0.027408 (VIOLATED)
_09674_/C                               0.750000    0.777407   -0.027407 (VIOLATED)
_09666_/C                               0.750000    0.777395   -0.027395 (VIOLATED)
_09627_/C                               0.750000    0.777374   -0.027374 (VIOLATED)
_09619_/C                               0.750000    0.777347   -0.027347 (VIOLATED)
_09635_/C                               0.750000    0.777334   -0.027334 (VIOLATED)
_09611_/C                               0.750000    0.777306   -0.027307 (VIOLATED)
_09525_/B                               0.750000    0.777205   -0.027205 (VIOLATED)
_09696_/C                               0.750000    0.777150   -0.027150 (VIOLATED)
_09580_/C                               0.750000    0.777103   -0.027103 (VIOLATED)
_09588_/C                               0.750000    0.777088   -0.027088 (VIOLATED)
_09703_/C                               0.750000    0.777083   -0.027083 (VIOLATED)
_09604_/C                               0.750000    0.777059   -0.027059 (VIOLATED)
_09596_/C                               0.750000    0.777028   -0.027028 (VIOLATED)
_09710_/C                               0.750000    0.776767   -0.026767 (VIOLATED)
_09571_/C                               0.750000    0.776722   -0.026722 (VIOLATED)
_09564_/C                               0.750000    0.776665   -0.026665 (VIOLATED)
_09556_/C                               0.750000    0.776555   -0.026555 (VIOLATED)
_09537_/C                               0.750000    0.776483   -0.026483 (VIOLATED)
_09526_/C                               0.750000    0.776448   -0.026448 (VIOLATED)
_09546_/C                               0.750000    0.776413   -0.026413 (VIOLATED)
_09453_/B                               0.750000    0.776311   -0.026312 (VIOLATED)
_09520_/C1                              0.750000    0.776301   -0.026301 (VIOLATED)
_09488_/C1                              0.750000    0.776275   -0.026275 (VIOLATED)
_09452_/B                               0.750000    0.776272   -0.026272 (VIOLATED)
_09466_/B                               0.750000    0.776271   -0.026271 (VIOLATED)
_09451_/X                               0.750000    0.776269   -0.026269 (VIOLATED)
_11249_/A2                              0.750000    0.770351   -0.020351 (VIOLATED)
_11264_/A2                              0.750000    0.770351   -0.020351 (VIOLATED)
_11257_/A2                              0.750000    0.770348   -0.020348 (VIOLATED)
_11271_/A2                              0.750000    0.770348   -0.020348 (VIOLATED)
_11277_/A2                              0.750000    0.770320   -0.020320 (VIOLATED)
_11284_/A2                              0.750000    0.770317   -0.020317 (VIOLATED)
_11291_/A2                              0.750000    0.770317   -0.020317 (VIOLATED)
_11320_/A2                              0.750000    0.770290   -0.020290 (VIOLATED)
_11298_/A2                              0.750000    0.770280   -0.020280 (VIOLATED)
_11305_/A2                              0.750000    0.770253   -0.020253 (VIOLATED)
_11382_/A2                              0.750000    0.770253   -0.020253 (VIOLATED)
_11399_/A2                              0.750000    0.770253   -0.020253 (VIOLATED)
_11416_/A2                              0.750000    0.770252   -0.020252 (VIOLATED)
_11405_/A2                              0.750000    0.770252   -0.020252 (VIOLATED)
_11394_/A2                              0.750000    0.770245   -0.020245 (VIOLATED)
_11428_/A2                              0.750000    0.770242   -0.020242 (VIOLATED)
_11377_/A2                              0.750000    0.770242   -0.020242 (VIOLATED)
_11388_/A2                              0.750000    0.770242   -0.020242 (VIOLATED)
_11328_/A2                              0.750000    0.770239   -0.020239 (VIOLATED)
_11313_/A2                              0.750000    0.770239   -0.020239 (VIOLATED)
_11411_/A2                              0.750000    0.770238   -0.020238 (VIOLATED)
_11439_/A2                              0.750000    0.770223   -0.020223 (VIOLATED)
_11422_/A2                              0.750000    0.770220   -0.020220 (VIOLATED)
_11335_/A2                              0.750000    0.770205   -0.020205 (VIOLATED)
_11444_/A2                              0.750000    0.770192   -0.020192 (VIOLATED)
_11433_/A2                              0.750000    0.770190   -0.020190 (VIOLATED)
_11343_/A2                              0.750000    0.770184   -0.020184 (VIOLATED)
_11365_/A2                              0.750000    0.770175   -0.020175 (VIOLATED)
_11371_/A2                              0.750000    0.770174   -0.020174 (VIOLATED)
_11350_/A2                              0.750000    0.770171   -0.020171 (VIOLATED)
_11245_/X                               0.750000    0.770164   -0.020164 (VIOLATED)
_11358_/A2                              0.750000    0.770164   -0.020164 (VIOLATED)
_11450_/A2                              0.750000    0.770164   -0.020164 (VIOLATED)
_12667_/A2                              0.750000    0.768734   -0.018734 (VIOLATED)
_11501_/B                               0.750000    0.768734   -0.018734 (VIOLATED)
_12669_/A2                              0.750000    0.768727   -0.018727 (VIOLATED)
_09970_/B                               0.750000    0.768646   -0.018647 (VIOLATED)
_12671_/A2                              0.750000    0.768635   -0.018635 (VIOLATED)
_12607_/B                               0.750000    0.768630   -0.018630 (VIOLATED)
_11196_/A                               0.750000    0.768629   -0.018629 (VIOLATED)
_11245_/A1                              0.750000    0.768628   -0.018628 (VIOLATED)
_11458_/B                               0.750000    0.768624   -0.018624 (VIOLATED)
_11244_/A1                              0.750000    0.768558   -0.018558 (VIOLATED)
_11691_/A1                              0.750000    0.768529   -0.018529 (VIOLATED)
_12334_/B                               0.750000    0.768333   -0.018333 (VIOLATED)
_12608_/B                               0.750000    0.768222   -0.018222 (VIOLATED)
_10094_/B1                              0.750000    0.768206   -0.018206 (VIOLATED)
_11714_/A2                              0.750000    0.768205   -0.018205 (VIOLATED)
_10601_/B                               0.750000    0.768204   -0.018204 (VIOLATED)
_11177_/B                               0.750000    0.768182   -0.018182 (VIOLATED)
_09971_/B                               0.750000    0.768177   -0.018177 (VIOLATED)
_11016_/B                               0.750000    0.768173   -0.018173 (VIOLATED)
_11456_/A                               0.750000    0.768170   -0.018170 (VIOLATED)
_11451_/A                               0.750000    0.768170   -0.018170 (VIOLATED)
_14345_/C                               0.750000    0.768156   -0.018156 (VIOLATED)
_09964_/B                               0.750000    0.768152   -0.018152 (VIOLATED)
_09855_/X                               0.750000    0.768113   -0.018113 (VIOLATED)
data_wdata_o[17]                        0.750000    0.764133   -0.014133 (VIOLATED)
_09796_/X                               0.750000    0.763508   -0.013508 (VIOLATED)
_10054_/Y                               0.750000    0.762891   -0.012891 (VIOLATED)
_10064_/B                               0.750000    0.762891   -0.012891 (VIOLATED)
data_wdata_o[28]                        0.750000    0.761977   -0.011977 (VIOLATED)
_09829_/Y                               0.750000    0.761905   -0.011905 (VIOLATED)
_08833_/B1                              0.750000    0.761638   -0.011638 (VIOLATED)
_08831_/A                               0.750000    0.761626   -0.011627 (VIOLATED)
_09809_/B                               0.750000    0.761626   -0.011626 (VIOLATED)
_08830_/Y                               0.750000    0.761612   -0.011612 (VIOLATED)
_10426_/B1                              0.750000    0.761167   -0.011167 (VIOLATED)
_09997_/B1                              0.750000    0.761160   -0.011160 (VIOLATED)
_10383_/B1                              0.750000    0.761148   -0.011148 (VIOLATED)
_10468_/B1                              0.750000    0.761120   -0.011120 (VIOLATED)
_10450_/B1                              0.750000    0.761119   -0.011119 (VIOLATED)
_10492_/A2                              0.750000    0.761060   -0.011060 (VIOLATED)
_10347_/B1                              0.750000    0.761054   -0.011054 (VIOLATED)
_10571_/B1                              0.750000    0.760819   -0.010819 (VIOLATED)
_10532_/A2                              0.750000    0.760724   -0.010724 (VIOLATED)
_10309_/B1                              0.750000    0.760594   -0.010594 (VIOLATED)
_10328_/B1                              0.750000    0.760587   -0.010587 (VIOLATED)
_10286_/B1                              0.750000    0.760509   -0.010509 (VIOLATED)
_10590_/B1                              0.750000    0.760378   -0.010378 (VIOLATED)
_10082_/B1                              0.750000    0.760329   -0.010329 (VIOLATED)
_10060_/B1                              0.750000    0.760243   -0.010243 (VIOLATED)
_10041_/B1                              0.750000    0.760119   -0.010119 (VIOLATED)
_10260_/B1                              0.750000    0.759893   -0.009893 (VIOLATED)
_10227_/B1                              0.750000    0.759865   -0.009865 (VIOLATED)
_10209_/B1                              0.750000    0.759785   -0.009785 (VIOLATED)
_10190_/B1                              0.750000    0.759683   -0.009684 (VIOLATED)
_10247_/B1                              0.750000    0.759593   -0.009593 (VIOLATED)
_10154_/B1                              0.750000    0.759524   -0.009524 (VIOLATED)
_10172_/B1                              0.750000    0.759514   -0.009514 (VIOLATED)
_10132_/B1                              0.750000    0.759451   -0.009451 (VIOLATED)
_10111_/B1                              0.750000    0.759381   -0.009381 (VIOLATED)
_09902_/B1                              0.750000    0.759331   -0.009331 (VIOLATED)
_09952_/B1                              0.750000    0.759323   -0.009323 (VIOLATED)
_10013_/B1                              0.750000    0.759301   -0.009301 (VIOLATED)
_09901_/X                               0.750000    0.759299   -0.009299 (VIOLATED)
data_wdata_o[2]                         0.750000    0.758495   -0.008495 (VIOLATED)
_09746_/Y                               0.750000    0.758414   -0.008414 (VIOLATED)
_11386_/B2                              0.750000    0.756567   -0.006567 (VIOLATED)
_07206_/A_N                             0.750000    0.756566   -0.006566 (VIOLATED)
_09904_/A                               0.750000    0.756565   -0.006565 (VIOLATED)
_09905_/A                               0.750000    0.756552   -0.006552 (VIOLATED)
_09906_/A_N                             0.750000    0.756551   -0.006551 (VIOLATED)
_07171_/B                               0.750000    0.756545   -0.006545 (VIOLATED)
_07172_/B                               0.750000    0.756545   -0.006545 (VIOLATED)
_07173_/B                               0.750000    0.756545   -0.006545 (VIOLATED)
_07174_/B                               0.750000    0.756545   -0.006545 (VIOLATED)
_07178_/D_N                             0.750000    0.756545   -0.006545 (VIOLATED)
_07179_/D_N                             0.750000    0.756545   -0.006545 (VIOLATED)
_07185_/A                               0.750000    0.756545   -0.006545 (VIOLATED)
_07186_/A                               0.750000    0.756545   -0.006545 (VIOLATED)
_07198_/D                               0.750000    0.756545   -0.006545 (VIOLATED)
_07265_/A_N                             0.750000    0.756545   -0.006545 (VIOLATED)
_07273_/B                               0.750000    0.756545   -0.006545 (VIOLATED)
_07278_/A_N                             0.750000    0.756545   -0.006545 (VIOLATED)
_07280_/B                               0.750000    0.756545   -0.006545 (VIOLATED)
_07281_/B                               0.750000    0.756545   -0.006545 (VIOLATED)
_07291_/A1                              0.750000    0.756545   -0.006545 (VIOLATED)
_07308_/B                               0.750000    0.756545   -0.006545 (VIOLATED)
_07309_/B                               0.750000    0.756545   -0.006545 (VIOLATED)
_07314_/B_N                             0.750000    0.756545   -0.006545 (VIOLATED)
_07323_/A1                              0.750000    0.756545   -0.006545 (VIOLATED)
_07325_/B                               0.750000    0.756545   -0.006545 (VIOLATED)
_07336_/B                               0.750000    0.756545   -0.006545 (VIOLATED)
_07384_/A                               0.750000    0.756545   -0.006545 (VIOLATED)
_07535_/D                               0.750000    0.756545   -0.006545 (VIOLATED)
_07543_/D                               0.750000    0.756545   -0.006545 (VIOLATED)
_07551_/B                               0.750000    0.756545   -0.006545 (VIOLATED)
_07557_/A_N                             0.750000    0.756545   -0.006545 (VIOLATED)
_07579_/C                               0.750000    0.756545   -0.006545 (VIOLATED)
_07681_/A1                              0.750000    0.756545   -0.006545 (VIOLATED)
_08247_/A                               0.750000    0.756545   -0.006545 (VIOLATED)
_08729_/A1                              0.750000    0.756545   -0.006545 (VIOLATED)
_10169_/A                               0.750000    0.756545   -0.006545 (VIOLATED)
_13004_/A0                              0.750000    0.756545   -0.006545 (VIOLATED)
_15089_/Q                               0.750000    0.756545   -0.006545 (VIOLATED)
data_wdata_o[12]                        0.750000    0.756242   -0.006242 (VIOLATED)
_09780_/Y                               0.750000    0.756174   -0.006174 (VIOLATED)
_09646_/A1                              0.750000    0.755499   -0.005499 (VIOLATED)
_09661_/A1                              0.750000    0.755496   -0.005496 (VIOLATED)
_09653_/A1                              0.750000    0.755496   -0.005496 (VIOLATED)
_09677_/A1                              0.750000    0.755491   -0.005491 (VIOLATED)
_09638_/A1                              0.750000    0.755489   -0.005489 (VIOLATED)
_09669_/A1                              0.750000    0.755469   -0.005469 (VIOLATED)
_09622_/A1                              0.750000    0.755454   -0.005454 (VIOLATED)
_09630_/A1                              0.750000    0.755420   -0.005420 (VIOLATED)
_09684_/A1                              0.750000    0.755401   -0.005401 (VIOLATED)
_09614_/A1                              0.750000    0.755370   -0.005370 (VIOLATED)
_09699_/A1                              0.750000    0.755115   -0.005115 (VIOLATED)
_09705_/A1                              0.750000    0.754991   -0.004992 (VIOLATED)
_09607_/A1                              0.750000    0.754961   -0.004961 (VIOLATED)
_09691_/A1                              0.750000    0.754836   -0.004836 (VIOLATED)
_09599_/A1                              0.750000    0.754747   -0.004747 (VIOLATED)
_09583_/A1                              0.750000    0.754660   -0.004660 (VIOLATED)
_12294_/B2                              0.750000    0.754524   -0.004524 (VIOLATED)
_12284_/B2                              0.750000    0.754524   -0.004524 (VIOLATED)
_12280_/B2                              0.750000    0.754520   -0.004520 (VIOLATED)
_12257_/A1                              0.750000    0.754511   -0.004511 (VIOLATED)
_09713_/A1                              0.750000    0.754497   -0.004497 (VIOLATED)
_12248_/B2                              0.750000    0.754492   -0.004492 (VIOLATED)
_12225_/B2                              0.750000    0.754489   -0.004489 (VIOLATED)
_12207_/A1                              0.750000    0.754488   -0.004488 (VIOLATED)
_12218_/B2                              0.750000    0.754487   -0.004487 (VIOLATED)
_12179_/C1                              0.750000    0.754485   -0.004485 (VIOLATED)
_12031_/C1                              0.750000    0.754483   -0.004483 (VIOLATED)
_09591_/A1                              0.750000    0.754482   -0.004482 (VIOLATED)
_12145_/C1                              0.750000    0.754481   -0.004481 (VIOLATED)
_12197_/C1                              0.750000    0.754478   -0.004478 (VIOLATED)
_12047_/C1                              0.750000    0.754478   -0.004478 (VIOLATED)
_12191_/C1                              0.750000    0.754477   -0.004477 (VIOLATED)
_12169_/C1                              0.750000    0.754470   -0.004470 (VIOLATED)
_12111_/C1                              0.750000    0.754457   -0.004457 (VIOLATED)
_12264_/C1                              0.750000    0.754448   -0.004448 (VIOLATED)
_12100_/C1                              0.750000    0.754447   -0.004447 (VIOLATED)
_12313_/C1                              0.750000    0.754444   -0.004444 (VIOLATED)
_11919_/C1                              0.750000    0.754439   -0.004439 (VIOLATED)
_10002_/A2                              0.750000    0.754436   -0.004436 (VIOLATED)
_10428_/B1                              0.750000    0.754436   -0.004436 (VIOLATED)
_12607_/A                               0.750000    0.754429   -0.004429 (VIOLATED)
_12299_/C1                              0.750000    0.754418   -0.004418 (VIOLATED)
_10471_/B1                              0.750000    0.754415   -0.004415 (VIOLATED)
_12160_/A1                              0.750000    0.754412   -0.004412 (VIOLATED)
_12005_/C1                              0.750000    0.754411   -0.004411 (VIOLATED)
_12270_/C1                              0.750000    0.754410   -0.004410 (VIOLATED)
_12079_/C1                              0.750000    0.754409   -0.004409 (VIOLATED)
_12305_/C1                              0.750000    0.754405   -0.004405 (VIOLATED)
_10388_/A2                              0.750000    0.754402   -0.004402 (VIOLATED)
_12061_/C1                              0.750000    0.754391   -0.004391 (VIOLATED)
_10453_/A2                              0.750000    0.754373   -0.004373 (VIOLATED)
_11975_/A1                              0.750000    0.754354   -0.004354 (VIOLATED)
_12126_/A1                              0.750000    0.754351   -0.004351 (VIOLATED)
_10493_/A2                              0.750000    0.754341   -0.004341 (VIOLATED)
_10347_/A2                              0.750000    0.754327   -0.004327 (VIOLATED)
_07653_/B1                              0.750000    0.754320   -0.004320 (VIOLATED)
_07652_/C                               0.750000    0.754320   -0.004320 (VIOLATED)
_07651_/A                               0.750000    0.754319   -0.004319 (VIOLATED)
_07755_/C1                              0.750000    0.754313   -0.004313 (VIOLATED)
_07680_/A2                              0.750000    0.754313   -0.004313 (VIOLATED)
_07601_/A                               0.750000    0.754313   -0.004313 (VIOLATED)
_07600_/A                               0.750000    0.754313   -0.004313 (VIOLATED)
_08307_/B                               0.750000    0.754313   -0.004313 (VIOLATED)
_07607_/A                               0.750000    0.754313   -0.004313 (VIOLATED)
_07529_/C1                              0.750000    0.754313   -0.004313 (VIOLATED)
_07456_/A2                              0.750000    0.754310   -0.004310 (VIOLATED)
_07634_/X                               0.750000    0.754310   -0.004310 (VIOLATED)
_07443_/C                               0.750000    0.754309   -0.004309 (VIOLATED)
_07730_/B                               0.750000    0.754307   -0.004307 (VIOLATED)
_07836_/B                               0.750000    0.754307   -0.004307 (VIOLATED)
_07441_/Y                               0.750000    0.754306   -0.004306 (VIOLATED)
_07782_/B                               0.750000    0.754306   -0.004306 (VIOLATED)
_09575_/A1                              0.750000    0.754294   -0.004294 (VIOLATED)
_10427_/B1                              0.750000    0.754255   -0.004255 (VIOLATED)
_09998_/A2                              0.750000    0.754251   -0.004251 (VIOLATED)
_10469_/B1                              0.750000    0.754235   -0.004235 (VIOLATED)
_10384_/B1                              0.750000    0.754218   -0.004218 (VIOLATED)
_09566_/A1                              0.750000    0.754204   -0.004204 (VIOLATED)
_10449_/B1                              0.750000    0.754198   -0.004198 (VIOLATED)
_10490_/B1                              0.750000    0.754180   -0.004180 (VIOLATED)
_10346_/B1                              0.750000    0.754159   -0.004159 (VIOLATED)
_10327_/B1                              0.750000    0.754149   -0.004149 (VIOLATED)
_11386_/A2                              0.750000    0.754143   -0.004143 (VIOLATED)
_11380_/A2                              0.750000    0.754142   -0.004142 (VIOLATED)
_11392_/A2                              0.750000    0.754141   -0.004141 (VIOLATED)
_11414_/A2                              0.750000    0.754140   -0.004140 (VIOLATED)
_11397_/A2                              0.750000    0.754140   -0.004140 (VIOLATED)
_11403_/A2                              0.750000    0.754139   -0.004139 (VIOLATED)
_11420_/A2                              0.750000    0.754137   -0.004137 (VIOLATED)
_11426_/A2                              0.750000    0.754136   -0.004136 (VIOLATED)
_11409_/A2                              0.750000    0.754134   -0.004134 (VIOLATED)
_11437_/A2                              0.750000    0.754125   -0.004125 (VIOLATED)
_11447_/A2                              0.750000    0.754116   -0.004116 (VIOLATED)
_11431_/A2                              0.750000    0.754115   -0.004115 (VIOLATED)
_10574_/A2                              0.750000    0.754115   -0.004115 (VIOLATED)
_11442_/A2                              0.750000    0.754111   -0.004111 (VIOLATED)
_09559_/A1                              0.750000    0.754063   -0.004063 (VIOLATED)
_10533_/A2                              0.750000    0.754046   -0.004046 (VIOLATED)
_11375_/A2                              0.750000    0.754040   -0.004040 (VIOLATED)
_10569_/B1                              0.750000    0.754019   -0.004019 (VIOLATED)
_11369_/A2                              0.750000    0.754017   -0.004017 (VIOLATED)
_11363_/A2                              0.750000    0.754011   -0.004011 (VIOLATED)
_10529_/B1                              0.750000    0.753939   -0.003939 (VIOLATED)
_10310_/A2                              0.750000    0.753934   -0.003934 (VIOLATED)
_09541_/A1                              0.750000    0.753906   -0.003906 (VIOLATED)
_11347_/B2                              0.750000    0.753875   -0.003875 (VIOLATED)
_11355_/A2                              0.750000    0.753872   -0.003872 (VIOLATED)
_10310_/B1                              0.750000    0.753836   -0.003836 (VIOLATED)
_11340_/A2                              0.750000    0.753823   -0.003823 (VIOLATED)
_10328_/A2                              0.750000    0.753813   -0.003813 (VIOLATED)
_10290_/A2                              0.750000    0.753813   -0.003813 (VIOLATED)
_11332_/B2                              0.750000    0.753796   -0.003796 (VIOLATED)
_10289_/A2                              0.750000    0.753741   -0.003741 (VIOLATED)
_10591_/A2                              0.750000    0.753740   -0.003740 (VIOLATED)
_10080_/B1                              0.750000    0.753692   -0.003692 (VIOLATED)
_10590_/A2                              0.750000    0.753646   -0.003646 (VIOLATED)
_10082_/A2                              0.750000    0.753627   -0.003627 (VIOLATED)
_11692_/A                               0.750000    0.753593   -0.003593 (VIOLATED)
_10063_/B1                              0.750000    0.753593   -0.003593 (VIOLATED)
_09368_/B                               0.750000    0.753590   -0.003590 (VIOLATED)
_11251_/A                               0.750000    0.753589   -0.003589 (VIOLATED)
_09373_/C                               0.750000    0.753588   -0.003588 (VIOLATED)
_07413_/X                               0.750000    0.753585   -0.003585 (VIOLATED)
_07414_/D                               0.750000    0.753585   -0.003585 (VIOLATED)
_11247_/A2                              0.750000    0.753585   -0.003585 (VIOLATED)
_11254_/A2                              0.750000    0.753585   -0.003585 (VIOLATED)
_11261_/A2                              0.750000    0.753585   -0.003585 (VIOLATED)
_11269_/A2                              0.750000    0.753585   -0.003585 (VIOLATED)
_11275_/A2                              0.750000    0.753585   -0.003585 (VIOLATED)
_11282_/A2                              0.750000    0.753585   -0.003585 (VIOLATED)
_11289_/A2                              0.750000    0.753585   -0.003585 (VIOLATED)
_11296_/A2                              0.750000    0.753585   -0.003585 (VIOLATED)
_11303_/A2                              0.750000    0.753585   -0.003585 (VIOLATED)
_11310_/A2                              0.750000    0.753585   -0.003585 (VIOLATED)
_11317_/A2                              0.750000    0.753585   -0.003585 (VIOLATED)
_11325_/A2                              0.750000    0.753585   -0.003585 (VIOLATED)
_10059_/B1                              0.750000    0.753560   -0.003560 (VIOLATED)
_09514_/A1                              0.750000    0.753527   -0.003527 (VIOLATED)
_09497_/A1                              0.750000    0.753472   -0.003472 (VIOLATED)
_09465_/A1                              0.750000    0.753444   -0.003444 (VIOLATED)
_10045_/B1                              0.750000    0.753443   -0.003443 (VIOLATED)
_07407_/X                               0.750000    0.753439   -0.003439 (VIOLATED)
_12718_/A                               0.750000    0.753439   -0.003439 (VIOLATED)
_10042_/A2                              0.750000    0.753425   -0.003425 (VIOLATED)
_10262_/A2                              0.750000    0.753365   -0.003365 (VIOLATED)
_10230_/A2                              0.750000    0.753282   -0.003282 (VIOLATED)
_10260_/A2                              0.750000    0.753220   -0.003220 (VIOLATED)
_10227_/A2                              0.750000    0.753195   -0.003195 (VIOLATED)
_10208_/B1                              0.750000    0.753180   -0.003180 (VIOLATED)
_10209_/A2                              0.750000    0.753125   -0.003125 (VIOLATED)
_10191_/A2                              0.750000    0.753045   -0.003045 (VIOLATED)
_10248_/B1                              0.750000    0.753041   -0.003041 (VIOLATED)
_10247_/A2                              0.750000    0.752958   -0.002958 (VIOLATED)
_10156_/A2                              0.750000    0.752957   -0.002957 (VIOLATED)
_10135_/A2                              0.750000    0.752909   -0.002909 (VIOLATED)
_10154_/A2                              0.750000    0.752898   -0.002898 (VIOLATED)
_10174_/A2                              0.750000    0.752890   -0.002891 (VIOLATED)
_10172_/A2                              0.750000    0.752890   -0.002890 (VIOLATED)
_10187_/B1                              0.750000    0.752889   -0.002889 (VIOLATED)
_10113_/A2                              0.750000    0.752859   -0.002859 (VIOLATED)
_10133_/B1                              0.750000    0.752848   -0.002848 (VIOLATED)
_10011_/B1                              0.750000    0.752821   -0.002821 (VIOLATED)
_09903_/B1                              0.750000    0.752805   -0.002805 (VIOLATED)
_09899_/B1                              0.750000    0.752775   -0.002775 (VIOLATED)
_10112_/B1                              0.750000    0.752761   -0.002761 (VIOLATED)
_07336_/X                               0.750000    0.752759   -0.002759 (VIOLATED)
_07337_/D                               0.750000    0.752759   -0.002759 (VIOLATED)
_10014_/B1                              0.750000    0.752752   -0.002752 (VIOLATED)
_09954_/B1                              0.750000    0.752738   -0.002738 (VIOLATED)
_09898_/X                               0.750000    0.752726   -0.002726 (VIOLATED)

max fanout

Pin                                   Limit Fanout  Slack
---------------------------------------------------------
rst_ni                                   10   1871  -1861 (VIOLATED)
core_clock_gate_i.u_icg/GCLK             10   1870  -1860 (VIOLATED)
_07191_/Y                                10     99    -89 (VIOLATED)
_09352_/Y                                10     82    -72 (VIOLATED)
_09878_/X                                10     82    -72 (VIOLATED)
_10601_/X                                10     81    -71 (VIOLATED)
_09909_/X                                10     79    -69 (VIOLATED)
_10094_/X                                10     77    -67 (VIOLATED)
_09847_/X                                10     76    -66 (VIOLATED)
_07176_/Y                                10     69    -59 (VIOLATED)
_15093_/Q                                10     66    -56 (VIOLATED)
_07443_/X                                10     59    -49 (VIOLATED)
_09416_/Y                                10     59    -49 (VIOLATED)
_12481_/X                                10     54    -44 (VIOLATED)
_07138_/Y                                10     52    -42 (VIOLATED)
_14949_/Q                                10     46    -36 (VIOLATED)
_10605_/X                                10     45    -35 (VIOLATED)
_09417_/X                                10     44    -34 (VIOLATED)
_11542_/X                                10     43    -33 (VIOLATED)
_11012_/Y                                10     42    -32 (VIOLATED)
_09840_/X                                10     41    -31 (VIOLATED)
_09846_/Y                                10     41    -31 (VIOLATED)
_15088_/Q                                10     41    -31 (VIOLATED)
_09411_/X                                10     40    -30 (VIOLATED)
_11822_/X                                10     40    -30 (VIOLATED)
_15152_/Q                                10     39    -29 (VIOLATED)
_15153_/Q                                10     39    -29 (VIOLATED)
_07413_/X                                10     37    -27 (VIOLATED)
_09413_/X                                10     37    -27 (VIOLATED)
_15089_/Q                                10     37    -27 (VIOLATED)
_07180_/Y                                10     36    -26 (VIOLATED)
_11905_/Y                                10     36    -26 (VIOLATED)
_15154_/Q                                10     36    -26 (VIOLATED)
_15289_/Q                                10     36    -26 (VIOLATED)
_09908_/X                                10     35    -25 (VIOLATED)
_11015_/Y                                10     35    -25 (VIOLATED)
_09848_/Y                                10     34    -24 (VIOLATED)
_09879_/Y                                10     34    -24 (VIOLATED)
_10768_/X                                10     34    -24 (VIOLATED)
_07200_/X                                10     33    -23 (VIOLATED)
_07274_/Y                                10     33    -23 (VIOLATED)
_07347_/Y                                10     33    -23 (VIOLATED)
_07348_/Y                                10     33    -23 (VIOLATED)
_07453_/X                                10     33    -23 (VIOLATED)
_07531_/X                                10     33    -23 (VIOLATED)
_10096_/X                                10     33    -23 (VIOLATED)
_11020_/Y                                10     33    -23 (VIOLATED)
_11714_/X                                10     33    -23 (VIOLATED)
_13222_/X                                10     33    -23 (VIOLATED)
_13257_/X                                10     33    -23 (VIOLATED)
_13307_/X                                10     33    -23 (VIOLATED)
_07276_/Y                                10     32    -22 (VIOLATED)
_07457_/Y                                10     32    -22 (VIOLATED)
_07461_/Y                                10     32    -22 (VIOLATED)
_07463_/X                                10     32    -22 (VIOLATED)
_07465_/X                                10     32    -22 (VIOLATED)
_07466_/X                                10     32    -22 (VIOLATED)
_07468_/X                                10     32    -22 (VIOLATED)
_07470_/X                                10     32    -22 (VIOLATED)
_07473_/X                                10     32    -22 (VIOLATED)
_07475_/X                                10     32    -22 (VIOLATED)
_07479_/X                                10     32    -22 (VIOLATED)
_07481_/X                                10     32    -22 (VIOLATED)
_07482_/X                                10     32    -22 (VIOLATED)
_07483_/X                                10     32    -22 (VIOLATED)
_07486_/X                                10     32    -22 (VIOLATED)
_07488_/X                                10     32    -22 (VIOLATED)
_07489_/X                                10     32    -22 (VIOLATED)
_07490_/X                                10     32    -22 (VIOLATED)
_07492_/X                                10     32    -22 (VIOLATED)
_07493_/X                                10     32    -22 (VIOLATED)
_07495_/X                                10     32    -22 (VIOLATED)
_07496_/X                                10     32    -22 (VIOLATED)
_07498_/X                                10     32    -22 (VIOLATED)
_07499_/X                                10     32    -22 (VIOLATED)
_07501_/X                                10     32    -22 (VIOLATED)
_07502_/X                                10     32    -22 (VIOLATED)
_07503_/X                                10     32    -22 (VIOLATED)
_07504_/X                                10     32    -22 (VIOLATED)
_07505_/X                                10     32    -22 (VIOLATED)
_07506_/X                                10     32    -22 (VIOLATED)
_07507_/X                                10     32    -22 (VIOLATED)
_07508_/X                                10     32    -22 (VIOLATED)
_07541_/Y                                10     32    -22 (VIOLATED)
_07542_/X                                10     32    -22 (VIOLATED)
_07554_/Y                                10     32    -22 (VIOLATED)
_07564_/Y                                10     32    -22 (VIOLATED)
_07578_/X                                10     32    -22 (VIOLATED)
_07634_/X                                10     32    -22 (VIOLATED)
_07711_/Y                                10     32    -22 (VIOLATED)
_09843_/X                                10     32    -22 (VIOLATED)
_09895_/Y                                10     32    -22 (VIOLATED)
_10764_/X                                10     32    -22 (VIOLATED)
_10766_/X                                10     32    -22 (VIOLATED)
_10767_/X                                10     32    -22 (VIOLATED)
_11196_/Y                                10     32    -22 (VIOLATED)
_11244_/Y                                10     32    -22 (VIOLATED)
_11245_/X                                10     32    -22 (VIOLATED)
_11458_/X                                10     32    -22 (VIOLATED)
_11501_/X                                10     32    -22 (VIOLATED)
_11821_/Y                                10     32    -22 (VIOLATED)
_11917_/Y                                10     32    -22 (VIOLATED)
_12366_/X                                10     32    -22 (VIOLATED)
_13377_/X                                10     32    -22 (VIOLATED)
_13414_/X                                10     32    -22 (VIOLATED)
_13447_/X                                10     32    -22 (VIOLATED)
_13480_/X                                10     32    -22 (VIOLATED)
_13515_/X                                10     32    -22 (VIOLATED)
_13551_/X                                10     32    -22 (VIOLATED)
_13584_/X                                10     32    -22 (VIOLATED)
_13619_/X                                10     32    -22 (VIOLATED)
_13652_/X                                10     32    -22 (VIOLATED)
_13685_/X                                10     32    -22 (VIOLATED)
_13718_/X                                10     32    -22 (VIOLATED)
_13751_/X                                10     32    -22 (VIOLATED)
_13784_/X                                10     32    -22 (VIOLATED)
_13817_/X                                10     32    -22 (VIOLATED)
_13850_/X                                10     32    -22 (VIOLATED)
_13883_/X                                10     32    -22 (VIOLATED)
_13916_/X                                10     32    -22 (VIOLATED)
_13949_/X                                10     32    -22 (VIOLATED)
_13982_/X                                10     32    -22 (VIOLATED)
_14015_/X                                10     32    -22 (VIOLATED)
_14048_/X                                10     32    -22 (VIOLATED)
_14081_/X                                10     32    -22 (VIOLATED)
_14114_/X                                10     32    -22 (VIOLATED)
_14147_/X                                10     32    -22 (VIOLATED)
_14180_/X                                10     32    -22 (VIOLATED)
_14213_/X                                10     32    -22 (VIOLATED)
_14246_/X                                10     32    -22 (VIOLATED)
_14279_/X                                10     32    -22 (VIOLATED)
_14312_/X                                10     32    -22 (VIOLATED)
_14348_/X                                10     32    -22 (VIOLATED)
_15090_/Q                                10     32    -22 (VIOLATED)
_07460_/X                                10     31    -21 (VIOLATED)
_07477_/X                                10     31    -21 (VIOLATED)
_07485_/X                                10     31    -21 (VIOLATED)
_07532_/Y                                10     31    -21 (VIOLATED)
_07555_/X                                10     31    -21 (VIOLATED)
_07569_/X                                10     31    -21 (VIOLATED)
_07571_/X                                10     31    -21 (VIOLATED)
_07573_/Y                                10     31    -21 (VIOLATED)
_07651_/Y                                10     31    -21 (VIOLATED)
_10779_/X                                10     31    -21 (VIOLATED)
_10787_/X                                10     31    -21 (VIOLATED)
_10795_/X                                10     31    -21 (VIOLATED)
_10803_/X                                10     31    -21 (VIOLATED)
_10811_/X                                10     31    -21 (VIOLATED)
_10819_/X                                10     31    -21 (VIOLATED)
_10827_/X                                10     31    -21 (VIOLATED)
_10836_/X                                10     31    -21 (VIOLATED)
_10847_/X                                10     31    -21 (VIOLATED)
_10856_/X                                10     31    -21 (VIOLATED)
_10865_/X                                10     31    -21 (VIOLATED)
_10874_/X                                10     31    -21 (VIOLATED)
_10883_/X                                10     31    -21 (VIOLATED)
_10892_/X                                10     31    -21 (VIOLATED)
_10901_/X                                10     31    -21 (VIOLATED)
_10909_/X                                10     31    -21 (VIOLATED)
_10916_/X                                10     31    -21 (VIOLATED)
_10920_/X                                10     31    -21 (VIOLATED)
_10924_/X                                10     31    -21 (VIOLATED)
_10928_/X                                10     31    -21 (VIOLATED)
_10934_/X                                10     31    -21 (VIOLATED)
_10938_/X                                10     31    -21 (VIOLATED)
_10942_/X                                10     31    -21 (VIOLATED)
_10946_/X                                10     31    -21 (VIOLATED)
_10950_/X                                10     31    -21 (VIOLATED)
_10954_/X                                10     31    -21 (VIOLATED)
_10958_/X                                10     31    -21 (VIOLATED)
_10962_/X                                10     31    -21 (VIOLATED)
_10966_/X                                10     31    -21 (VIOLATED)
_10970_/X                                10     31    -21 (VIOLATED)
_10974_/X                                10     31    -21 (VIOLATED)
_10978_/X                                10     31    -21 (VIOLATED)
_11017_/Y                                10     31    -21 (VIOLATED)
_11021_/Y                                10     31    -21 (VIOLATED)
_11251_/Y                                10     31    -21 (VIOLATED)
_12609_/Y                                10     31    -21 (VIOLATED)
_07546_/Y                                10     30    -20 (VIOLATED)
_07560_/X                                10     30    -20 (VIOLATED)
_07565_/X                                10     30    -20 (VIOLATED)
_07567_/X                                10     30    -20 (VIOLATED)
_07574_/Y                                10     30    -20 (VIOLATED)
_07580_/X                                10     30    -20 (VIOLATED)
_13191_/X                                10     30    -20 (VIOLATED)
_07190_/X                                10     29    -19 (VIOLATED)
_07266_/X                                10     29    -19 (VIOLATED)
_07336_/X                                10     29    -19 (VIOLATED)
_07544_/X                                10     29    -19 (VIOLATED)
_07549_/X                                10     29    -19 (VIOLATED)
_07558_/X                                10     29    -19 (VIOLATED)
_15091_/Q                                10     29    -19 (VIOLATED)
_15092_/Q                                10     29    -19 (VIOLATED)
_07458_/X                                10     28    -18 (VIOLATED)
_07536_/X                                10     28    -18 (VIOLATED)
_07547_/X                                10     28    -18 (VIOLATED)
_07562_/X                                10     28    -18 (VIOLATED)
_07576_/X                                10     28    -18 (VIOLATED)
_07582_/X                                10     28    -18 (VIOLATED)
_09451_/X                                10     28    -18 (VIOLATED)
_09898_/X                                10     28    -18 (VIOLATED)
_09901_/X                                10     28    -18 (VIOLATED)
_11835_/Y                                10     28    -18 (VIOLATED)
_07288_/X                                10     27    -17 (VIOLATED)
_07538_/X                                10     27    -17 (VIOLATED)
_07552_/X                                10     27    -17 (VIOLATED)
_07715_/Y                                10     27    -17 (VIOLATED)
_07407_/X                                10     26    -16 (VIOLATED)
_11831_/X                                10     26    -16 (VIOLATED)
_12334_/X                                10     26    -16 (VIOLATED)
_07354_/X                                10     25    -15 (VIOLATED)
_10602_/X                                10     25    -15 (VIOLATED)
_09452_/Y                                10     24    -14 (VIOLATED)
_11790_/X                                10     24    -14 (VIOLATED)
_11819_/Y                                10     24    -14 (VIOLATED)
_12335_/Y                                10     24    -14 (VIOLATED)
_12817_/Y                                10     24    -14 (VIOLATED)
_07708_/X                                10     23    -13 (VIOLATED)
_09855_/X                                10     23    -13 (VIOLATED)
_12608_/X                                10     23    -13 (VIOLATED)
_12745_/Y                                10     23    -13 (VIOLATED)
_14859_/Q                                10     23    -13 (VIOLATED)
_07262_/Y                                10     22    -12 (VIOLATED)
_09894_/Y                                10     22    -12 (VIOLATED)
_15087_/Q                                10     22    -12 (VIOLATED)
_07529_/X                                10     21    -11 (VIOLATED)
_07717_/Y                                10     21    -11 (VIOLATED)
_09996_/X                                10     21    -11 (VIOLATED)
_11827_/Y                                10     21    -11 (VIOLATED)
_11828_/Y                                10     21    -11 (VIOLATED)
_12780_/Y                                10     21    -11 (VIOLATED)
_14858_/Q                                10     21    -11 (VIOLATED)
_15084_/Q                                10     21    -11 (VIOLATED)
_15085_/Q                                10     21    -11 (VIOLATED)
_15086_/Q                                10     21    -11 (VIOLATED)
_07275_/X                                10     20    -10 (VIOLATED)
_09941_/Y                                10     20    -10 (VIOLATED)
_10761_/Y                                10     20    -10 (VIOLATED)
_11541_/Y                                10     20    -10 (VIOLATED)
_11904_/X                                10     20    -10 (VIOLATED)
_15133_/Q                                10     20    -10 (VIOLATED)
_07302_/Y                                10     19     -9 (VIOLATED)
_07712_/X                                10     19     -9 (VIOLATED)
_15083_/Q                                10     19     -9 (VIOLATED)
_15100_/Q                                10     19     -9 (VIOLATED)
_07263_/Y                                10     18     -8 (VIOLATED)
_07530_/Y                                10     18     -8 (VIOLATED)
_07709_/Y                                10     18     -8 (VIOLATED)
_09473_/X                                10     18     -8 (VIOLATED)
_09529_/X                                10     18     -8 (VIOLATED)
_10771_/X                                10     18     -8 (VIOLATED)
_10773_/X                                10     18     -8 (VIOLATED)
_11177_/X                                10     18     -8 (VIOLATED)
_10770_/Y                                10     17     -7 (VIOLATED)
_11820_/Y                                10     17     -7 (VIOLATED)
_12750_/X                                10     17     -7 (VIOLATED)
_14853_/Q                                10     17     -7 (VIOLATED)
_15081_/Q                                10     17     -7 (VIOLATED)
_07713_/Y                                10     16     -6 (VIOLATED)
_10915_/X                                10     16     -6 (VIOLATED)
_11362_/X                                10     16     -6 (VIOLATED)
_12754_/X                                10     16     -6 (VIOLATED)
_12797_/Y                                10     16     -6 (VIOLATED)
_14850_/Q                                10     16     -6 (VIOLATED)
_14851_/Q                                10     16     -6 (VIOLATED)
_14852_/Q                                10     16     -6 (VIOLATED)
_15067_/Q                                10     16     -6 (VIOLATED)
_10763_/X                                10     15     -5 (VIOLATED)
_12816_/Y                                10     15     -5 (VIOLATED)
_12829_/X                                10     15     -5 (VIOLATED)
_15097_/Q                                10     15     -5 (VIOLATED)
_07319_/X                                10     14     -4 (VIOLATED)
_09738_/Y                                10     14     -4 (VIOLATED)
_12771_/X                                10     14     -4 (VIOLATED)
_14792_/Q                                10     14     -4 (VIOLATED)
_15082_/Q                                10     14     -4 (VIOLATED)
_15096_/Q                                10     14     -4 (VIOLATED)
_15098_/Q                                10     14     -4 (VIOLATED)
_07408_/Y                                10     13     -3 (VIOLATED)
_07714_/X                                10     13     -3 (VIOLATED)
_07718_/X                                10     13     -3 (VIOLATED)
_10006_/X                                10     13     -3 (VIOLATED)
_10030_/X                                10     13     -3 (VIOLATED)
_10048_/X                                10     13     -3 (VIOLATED)
_10123_/X                                10     13     -3 (VIOLATED)
_10197_/X                                10     13     -3 (VIOLATED)
_10580_/X                                10     13     -3 (VIOLATED)
_11921_/X                                10     13     -3 (VIOLATED)
_12740_/X                                10     13     -3 (VIOLATED)
_12748_/X                                10     13     -3 (VIOLATED)
_12758_/X                                10     13     -3 (VIOLATED)
_12773_/X                                10     13     -3 (VIOLATED)
_12782_/X                                10     13     -3 (VIOLATED)
_12788_/X                                10     13     -3 (VIOLATED)
_12840_/X                                10     13     -3 (VIOLATED)
_14458_/Q                                10     13     -3 (VIOLATED)
_15074_/Q                                10     13     -3 (VIOLATED)
_15099_/Q                                10     13     -3 (VIOLATED)
_07166_/X                                10     12     -2 (VIOLATED)
_07170_/Y                                10     12     -2 (VIOLATED)
_07265_/X                                10     12     -2 (VIOLATED)
_07278_/X                                10     12     -2 (VIOLATED)
_07332_/X                                10     12     -2 (VIOLATED)
_07441_/Y                                10     12     -2 (VIOLATED)
_08307_/X                                10     12     -2 (VIOLATED)
_10067_/Y                                10     12     -2 (VIOLATED)
_10086_/X                                10     12     -2 (VIOLATED)
_10272_/X                                10     12     -2 (VIOLATED)
_10314_/Y                                10     12     -2 (VIOLATED)
_10333_/X                                10     12     -2 (VIOLATED)
_10353_/X                                10     12     -2 (VIOLATED)
_10372_/Y                                10     12     -2 (VIOLATED)
_10392_/X                                10     12     -2 (VIOLATED)
_10412_/Y                                10     12     -2 (VIOLATED)
_10478_/Y                                10     12     -2 (VIOLATED)
_10559_/X                                10     12     -2 (VIOLATED)
_11909_/X                                10     12     -2 (VIOLATED)
_12767_/X                                10     12     -2 (VIOLATED)
_12791_/X                                10     12     -2 (VIOLATED)
_12849_/Y                                10     12     -2 (VIOLATED)
_13548_/X                                10     12     -2 (VIOLATED)
_14459_/Q                                10     12     -2 (VIOLATED)
_15095_/Q                                10     12     -2 (VIOLATED)
_07194_/Y                                10     11        (VIOLATED)
_07375_/X                                10     11        (VIOLATED)
_08306_/X                                10     11        (VIOLATED)
_09963_/X                                10     11        (VIOLATED)
_10252_/X                                10     11        (VIOLATED)
_10433_/X                                10     11        (VIOLATED)
_10457_/X                                10     11        (VIOLATED)
_10519_/X                                10     11        (VIOLATED)
_10539_/Y                                10     11        (VIOLATED)
_10598_/X                                10     11        (VIOLATED)
_11925_/X                                10     11        (VIOLATED)
_12764_/X                                10     11        (VIOLATED)
_15075_/Q                                10     11        (VIOLATED)
_15094_/Q                                10     11        (VIOLATED)
_15134_/Q                                10     11        (VIOLATED)

max capacitance

Pin                                        Limit         Cap       Slack
------------------------------------------------------------------------
rst_ni                                  0.200000    8.492050   -8.292050 (VIOLATED)
core_clock_gate_i.u_icg/GCLK            0.152903    5.219182   -5.066278 (VIOLATED)
_07191_/Y                               0.141917    0.531762   -0.389845 (VIOLATED)
_09352_/Y                               0.141917    0.447333   -0.305415 (VIOLATED)
_09878_/X                               0.200000    0.427854   -0.227854 (VIOLATED)
_09416_/Y                               0.128184    0.348185   -0.220001 (VIOLATED)
_09847_/X                               0.200000    0.389019   -0.189019 (VIOLATED)
_07651_/Y                               0.141917    0.325342   -0.183425 (VIOLATED)
_10094_/X                               0.200000    0.370814   -0.170814 (VIOLATED)
_09909_/X                               0.200000    0.368810   -0.168810 (VIOLATED)
_07180_/Y                               0.141917    0.293419   -0.151502 (VIOLATED)
_07176_/Y                               0.141917    0.293190   -0.151273 (VIOLATED)
_10601_/X                               0.200000    0.345699   -0.145699 (VIOLATED)
_13480_/X                               0.200000    0.315860   -0.115860 (VIOLATED)
_07276_/Y                               0.141917    0.251031   -0.109114 (VIOLATED)
_07274_/Y                               0.141917    0.250182   -0.108265 (VIOLATED)
_07554_/Y                               0.141917    0.250113   -0.108196 (VIOLATED)
_07573_/Y                               0.141917    0.248910   -0.106993 (VIOLATED)
_07541_/Y                               0.141917    0.247827   -0.105910 (VIOLATED)
_14147_/X                               0.200000    0.299370   -0.099370 (VIOLATED)
_14015_/X                               0.200000    0.294911   -0.094911 (VIOLATED)
_14114_/X                               0.200000    0.294483   -0.094483 (VIOLATED)
_07574_/Y                               0.141917    0.236027   -0.094110 (VIOLATED)
_10764_/X                               0.200000    0.293965   -0.093965 (VIOLATED)
_13850_/X                               0.200000    0.293265   -0.093265 (VIOLATED)
_13515_/X                               0.200000    0.292524   -0.092524 (VIOLATED)
_07564_/Y                               0.141917    0.234366   -0.092449 (VIOLATED)
_13883_/X                               0.200000    0.291864   -0.091864 (VIOLATED)
_07546_/Y                               0.141917    0.232458   -0.090541 (VIOLATED)
_13949_/X                               0.200000    0.290190   -0.090190 (VIOLATED)
_14279_/X                               0.200000    0.289736   -0.089736 (VIOLATED)
_14246_/X                               0.200000    0.288046   -0.088046 (VIOLATED)
_14048_/X                               0.200000    0.287859   -0.087859 (VIOLATED)
_13916_/X                               0.200000    0.287801   -0.087801 (VIOLATED)
_14312_/X                               0.200000    0.287105   -0.087105 (VIOLATED)
_14081_/X                               0.200000    0.286229   -0.086229 (VIOLATED)
_13784_/X                               0.200000    0.285396   -0.085396 (VIOLATED)
_13551_/X                               0.200000    0.285175   -0.085175 (VIOLATED)
_11012_/Y                               0.141917    0.226905   -0.084988 (VIOLATED)
_13751_/X                               0.200000    0.284373   -0.084373 (VIOLATED)
_14180_/X                               0.200000    0.284263   -0.084263 (VIOLATED)
_13982_/X                               0.200000    0.284258   -0.084258 (VIOLATED)
_13718_/X                               0.200000    0.284076   -0.084076 (VIOLATED)
_13377_/X                               0.200000    0.283481   -0.083481 (VIOLATED)
_13652_/X                               0.200000    0.281539   -0.081539 (VIOLATED)
_13414_/X                               0.200000    0.280579   -0.080579 (VIOLATED)
_13619_/X                               0.200000    0.279621   -0.079621 (VIOLATED)
_13447_/X                               0.200000    0.278281   -0.078281 (VIOLATED)
_13584_/X                               0.200000    0.277192   -0.077192 (VIOLATED)
_09846_/Y                               0.141917    0.217107   -0.075190 (VIOLATED)
_15093_/Q                               0.200000    0.273357   -0.073357 (VIOLATED)
_14213_/X                               0.200000    0.271261   -0.071261 (VIOLATED)
_13817_/X                               0.200000    0.268865   -0.068865 (VIOLATED)
_07711_/Y                               0.121775    0.190165   -0.068390 (VIOLATED)
_12481_/X                               0.200000    0.264795   -0.064795 (VIOLATED)
_14348_/X                               0.200000    0.264710   -0.064710 (VIOLATED)
_13685_/X                               0.200000    0.261927   -0.061926 (VIOLATED)
_07532_/Y                               0.200000    0.261526   -0.061526 (VIOLATED)
_07495_/X                               0.200000    0.258935   -0.058935 (VIOLATED)
_07482_/X                               0.200000    0.258193   -0.058193 (VIOLATED)
_07489_/X                               0.200000    0.257632   -0.057632 (VIOLATED)
_07496_/X                               0.200000    0.252873   -0.052873 (VIOLATED)
_07475_/X                               0.200000    0.252165   -0.052165 (VIOLATED)
_07498_/X                               0.200000    0.251389   -0.051389 (VIOLATED)
_07503_/X                               0.200000    0.250770   -0.050770 (VIOLATED)
_07488_/X                               0.200000    0.250391   -0.050391 (VIOLATED)
_07504_/X                               0.200000    0.249787   -0.049787 (VIOLATED)
_07508_/X                               0.200000    0.249490   -0.049490 (VIOLATED)
_07466_/X                               0.200000    0.248907   -0.048907 (VIOLATED)
_07542_/X                               0.200000    0.248232   -0.048232 (VIOLATED)
_07477_/X                               0.200000    0.247961   -0.047961 (VIOLATED)
_07483_/X                               0.200000    0.247488   -0.047488 (VIOLATED)
_07501_/X                               0.200000    0.247170   -0.047170 (VIOLATED)
_07200_/X                               0.200000    0.247159   -0.047159 (VIOLATED)
_07463_/X                               0.200000    0.246876   -0.046876 (VIOLATED)
_07571_/X                               0.200000    0.246582   -0.046582 (VIOLATED)
_07507_/X                               0.200000    0.246182   -0.046182 (VIOLATED)
_07481_/X                               0.200000    0.245950   -0.045950 (VIOLATED)
_07465_/X                               0.200000    0.245787   -0.045787 (VIOLATED)
_07490_/X                               0.200000    0.245738   -0.045738 (VIOLATED)
_07499_/X                               0.200000    0.245734   -0.045734 (VIOLATED)
_07492_/X                               0.200000    0.245627   -0.045627 (VIOLATED)
_07470_/X                               0.200000    0.245545   -0.045545 (VIOLATED)
_07486_/X                               0.200000    0.245261   -0.045261 (VIOLATED)
_07473_/X                               0.200000    0.244732   -0.044732 (VIOLATED)
_14949_/Q                               0.200000    0.244355   -0.044355 (VIOLATED)
_07506_/X                               0.200000    0.244324   -0.044324 (VIOLATED)
_07502_/X                               0.200000    0.244030   -0.044030 (VIOLATED)
_07578_/X                               0.200000    0.243823   -0.043823 (VIOLATED)
_07460_/X                               0.200000    0.243166   -0.043166 (VIOLATED)
_07569_/X                               0.200000    0.242829   -0.042829 (VIOLATED)
_07505_/X                               0.200000    0.242537   -0.042537 (VIOLATED)
_11015_/Y                               0.141917    0.184186   -0.042269 (VIOLATED)
_07461_/Y                               0.200000    0.241843   -0.041843 (VIOLATED)
_07479_/X                               0.200000    0.240902   -0.040902 (VIOLATED)
_07266_/X                               0.200000    0.240298   -0.040298 (VIOLATED)
_07531_/X                               0.200000    0.240294   -0.040294 (VIOLATED)
_07493_/X                               0.200000    0.238837   -0.038837 (VIOLATED)
_07485_/X                               0.200000    0.236682   -0.036682 (VIOLATED)
_07560_/X                               0.200000    0.236487   -0.036487 (VIOLATED)
_11020_/Y                               0.141917    0.178017   -0.036100 (VIOLATED)
_07580_/X                               0.200000    0.234385   -0.034385 (VIOLATED)
_07348_/Y                               0.141917    0.174340   -0.032423 (VIOLATED)
_07565_/X                               0.200000    0.231423   -0.031423 (VIOLATED)
_07468_/X                               0.200000    0.231273   -0.031273 (VIOLATED)
_07555_/X                               0.200000    0.231088   -0.031088 (VIOLATED)
_07347_/Y                               0.141917    0.172193   -0.030276 (VIOLATED)
_07582_/X                               0.200000    0.229664   -0.029664 (VIOLATED)
_07549_/X                               0.200000    0.229626   -0.029626 (VIOLATED)
_07558_/X                               0.200000    0.227459   -0.027459 (VIOLATED)
_07567_/X                               0.200000    0.226749   -0.026749 (VIOLATED)
_07443_/X                               0.200000    0.223467   -0.023467 (VIOLATED)
_09895_/Y                               0.141917    0.164927   -0.023010 (VIOLATED)
_15289_/Q                               0.200000    0.222259   -0.022259 (VIOLATED)
_07547_/X                               0.200000    0.222062   -0.022062 (VIOLATED)
_12609_/Y                               0.141917    0.163149   -0.021232 (VIOLATED)
_07576_/X                               0.200000    0.221193   -0.021193 (VIOLATED)
_07544_/X                               0.200000    0.220453   -0.020453 (VIOLATED)
_11021_/Y                               0.141917    0.161629   -0.019712 (VIOLATED)
_12366_/X                               0.200000    0.217786   -0.017786 (VIOLATED)
_07536_/X                               0.200000    0.217560   -0.017560 (VIOLATED)
_07562_/X                               0.200000    0.215297   -0.015297 (VIOLATED)
_15152_/Q                               0.200000    0.214800   -0.014800 (VIOLATED)
_09452_/Y                               0.141917    0.156707   -0.014790 (VIOLATED)
_09417_/X                               0.200000    0.212593   -0.012593 (VIOLATED)
_07552_/X                               0.200000    0.211315   -0.011315 (VIOLATED)
_10761_/Y                               0.092478    0.103630   -0.011152 (VIOLATED)
_11251_/Y                               0.141917    0.150694   -0.008777 (VIOLATED)
_07538_/X                               0.200000    0.207745   -0.007745 (VIOLATED)
_11458_/X                               0.200000    0.206720   -0.006720 (VIOLATED)
_11917_/Y                               0.141917    0.147638   -0.005721 (VIOLATED)
_09840_/X                               0.200000    0.205636   -0.005636 (VIOLATED)
_09411_/X                               0.200000    0.205279   -0.005279 (VIOLATED)
_11196_/Y                               0.200000    0.202279   -0.002279 (VIOLATED)
_11501_/X                               0.200000    0.202219   -0.002219 (VIOLATED)
_13307_/X                               0.173045    0.175118   -0.002073 (VIOLATED)



===========================================================================
report_parasitic_annotation -report_unannotated
============================================================================
Found 512 unannotated drivers.
 boot_addr_i[0]
 boot_addr_i[1]
 boot_addr_i[2]
 boot_addr_i[3]
 boot_addr_i[4]
 boot_addr_i[5]
 boot_addr_i[6]
 boot_addr_i[7]
 data_rdata_intg_i[0]
 data_rdata_intg_i[1]
 data_rdata_intg_i[2]
 data_rdata_intg_i[3]
 data_rdata_intg_i[4]
 data_rdata_intg_i[5]
 data_rdata_intg_i[6]
 data_tag_i
 fetch_enable_i[1]
 fetch_enable_i[2]
 fetch_enable_i[3]
 instr_rdata_intg_i[0]
 instr_rdata_intg_i[1]
 instr_rdata_intg_i[2]
 instr_rdata_intg_i[3]
 instr_rdata_intg_i[4]
 instr_rdata_intg_i[5]
 instr_rdata_intg_i[6]
 ram_cfg_icache_data_i[0]
 ram_cfg_icache_data_i[10]
 ram_cfg_icache_data_i[11]
 ram_cfg_icache_data_i[12]
 ram_cfg_icache_data_i[13]
 ram_cfg_icache_data_i[14]
 ram_cfg_icache_data_i[15]
 ram_cfg_icache_data_i[16]
 ram_cfg_icache_data_i[17]
 ram_cfg_icache_data_i[18]
 ram_cfg_icache_data_i[19]
 ram_cfg_icache_data_i[1]
 ram_cfg_icache_data_i[20]
 ram_cfg_icache_data_i[21]
 ram_cfg_icache_data_i[22]
 ram_cfg_icache_data_i[23]
 ram_cfg_icache_data_i[2]
 ram_cfg_icache_data_i[3]
 ram_cfg_icache_data_i[4]
 ram_cfg_icache_data_i[5]
 ram_cfg_icache_data_i[6]
 ram_cfg_icache_data_i[7]
 ram_cfg_icache_data_i[8]
 ram_cfg_icache_data_i[9]
 ram_cfg_icache_tag_i[0]
 ram_cfg_icache_tag_i[10]
 ram_cfg_icache_tag_i[11]
 ram_cfg_icache_tag_i[12]
 ram_cfg_icache_tag_i[13]
 ram_cfg_icache_tag_i[14]
 ram_cfg_icache_tag_i[15]
 ram_cfg_icache_tag_i[16]
 ram_cfg_icache_tag_i[17]
 ram_cfg_icache_tag_i[18]
 ram_cfg_icache_tag_i[19]
 ram_cfg_icache_tag_i[1]
 ram_cfg_icache_tag_i[20]
 ram_cfg_icache_tag_i[21]
 ram_cfg_icache_tag_i[22]
 ram_cfg_icache_tag_i[23]
 ram_cfg_icache_tag_i[2]
 ram_cfg_icache_tag_i[3]
 ram_cfg_icache_tag_i[4]
 ram_cfg_icache_tag_i[5]
 ram_cfg_icache_tag_i[6]
 ram_cfg_icache_tag_i[7]
 ram_cfg_icache_tag_i[8]
 ram_cfg_icache_tag_i[9]
 scan_rst_ni
 scramble_key_i[0]
 scramble_key_i[100]
 scramble_key_i[101]
 scramble_key_i[102]
 scramble_key_i[103]
 scramble_key_i[104]
 scramble_key_i[105]
 scramble_key_i[106]
 scramble_key_i[107]
 scramble_key_i[108]
 scramble_key_i[109]
 scramble_key_i[10]
 scramble_key_i[110]
 scramble_key_i[111]
 scramble_key_i[112]
 scramble_key_i[113]
 scramble_key_i[114]
 scramble_key_i[115]
 scramble_key_i[116]
 scramble_key_i[117]
 scramble_key_i[118]
 scramble_key_i[119]
 scramble_key_i[11]
 scramble_key_i[120]
 scramble_key_i[121]
 scramble_key_i[122]
 scramble_key_i[123]
 scramble_key_i[124]
 scramble_key_i[125]
 scramble_key_i[126]
 scramble_key_i[127]
 scramble_key_i[12]
 scramble_key_i[13]
 scramble_key_i[14]
 scramble_key_i[15]
 scramble_key_i[16]
 scramble_key_i[17]
 scramble_key_i[18]
 scramble_key_i[19]
 scramble_key_i[1]
 scramble_key_i[20]
 scramble_key_i[21]
 scramble_key_i[22]
 scramble_key_i[23]
 scramble_key_i[24]
 scramble_key_i[25]
 scramble_key_i[26]
 scramble_key_i[27]
 scramble_key_i[28]
 scramble_key_i[29]
 scramble_key_i[2]
 scramble_key_i[30]
 scramble_key_i[31]
 scramble_key_i[32]
 scramble_key_i[33]
 scramble_key_i[34]
 scramble_key_i[35]
 scramble_key_i[36]
 scramble_key_i[37]
 scramble_key_i[38]
 scramble_key_i[39]
 scramble_key_i[3]
 scramble_key_i[40]
 scramble_key_i[41]
 scramble_key_i[42]
 scramble_key_i[43]
 scramble_key_i[44]
 scramble_key_i[45]
 scramble_key_i[46]
 scramble_key_i[47]
 scramble_key_i[48]
 scramble_key_i[49]
 scramble_key_i[4]
 scramble_key_i[50]
 scramble_key_i[51]
 scramble_key_i[52]
 scramble_key_i[53]
 scramble_key_i[54]
 scramble_key_i[55]
 scramble_key_i[56]
 scramble_key_i[57]
 scramble_key_i[58]
 scramble_key_i[59]
 scramble_key_i[5]
 scramble_key_i[60]
 scramble_key_i[61]
 scramble_key_i[62]
 scramble_key_i[63]
 scramble_key_i[64]
 scramble_key_i[65]
 scramble_key_i[66]
 scramble_key_i[67]
 scramble_key_i[68]
 scramble_key_i[69]
 scramble_key_i[6]
 scramble_key_i[70]
 scramble_key_i[71]
 scramble_key_i[72]
 scramble_key_i[73]
 scramble_key_i[74]
 scramble_key_i[75]
 scramble_key_i[76]
 scramble_key_i[77]
 scramble_key_i[78]
 scramble_key_i[79]
 scramble_key_i[7]
 scramble_key_i[80]
 scramble_key_i[81]
 scramble_key_i[82]
 scramble_key_i[83]
 scramble_key_i[84]
 scramble_key_i[85]
 scramble_key_i[86]
 scramble_key_i[87]
 scramble_key_i[88]
 scramble_key_i[89]
 scramble_key_i[8]
 scramble_key_i[90]
 scramble_key_i[91]
 scramble_key_i[92]
 scramble_key_i[93]
 scramble_key_i[94]
 scramble_key_i[95]
 scramble_key_i[96]
 scramble_key_i[97]
 scramble_key_i[98]
 scramble_key_i[99]
 scramble_key_i[9]
 scramble_key_valid_i
 scramble_nonce_i[0]
 scramble_nonce_i[10]
 scramble_nonce_i[11]
 scramble_nonce_i[12]
 scramble_nonce_i[13]
 scramble_nonce_i[14]
 scramble_nonce_i[15]
 scramble_nonce_i[16]
 scramble_nonce_i[17]
 scramble_nonce_i[18]
 scramble_nonce_i[19]
 scramble_nonce_i[1]
 scramble_nonce_i[20]
 scramble_nonce_i[21]
 scramble_nonce_i[22]
 scramble_nonce_i[23]
 scramble_nonce_i[24]
 scramble_nonce_i[25]
 scramble_nonce_i[26]
 scramble_nonce_i[27]
 scramble_nonce_i[28]
 scramble_nonce_i[29]
 scramble_nonce_i[2]
 scramble_nonce_i[30]
 scramble_nonce_i[31]
 scramble_nonce_i[32]
 scramble_nonce_i[33]
 scramble_nonce_i[34]
 scramble_nonce_i[35]
 scramble_nonce_i[36]
 scramble_nonce_i[37]
 scramble_nonce_i[38]
 scramble_nonce_i[39]
 scramble_nonce_i[3]
 scramble_nonce_i[40]
 scramble_nonce_i[41]
 scramble_nonce_i[42]
 scramble_nonce_i[43]
 scramble_nonce_i[44]
 scramble_nonce_i[45]
 scramble_nonce_i[46]
 scramble_nonce_i[47]
 scramble_nonce_i[48]
 scramble_nonce_i[49]
 scramble_nonce_i[4]
 scramble_nonce_i[50]
 scramble_nonce_i[51]
 scramble_nonce_i[52]
 scramble_nonce_i[53]
 scramble_nonce_i[54]
 scramble_nonce_i[55]
 scramble_nonce_i[56]
 scramble_nonce_i[57]
 scramble_nonce_i[58]
 scramble_nonce_i[59]
 scramble_nonce_i[5]
 scramble_nonce_i[60]
 scramble_nonce_i[61]
 scramble_nonce_i[62]
 scramble_nonce_i[63]
 scramble_nonce_i[6]
 scramble_nonce_i[7]
 scramble_nonce_i[8]
 scramble_nonce_i[9]
 trvk_heap_base_addr_i[0]
 trvk_heap_base_addr_i[10]
 trvk_heap_base_addr_i[11]
 trvk_heap_base_addr_i[12]
 trvk_heap_base_addr_i[13]
 trvk_heap_base_addr_i[14]
 trvk_heap_base_addr_i[15]
 trvk_heap_base_addr_i[16]
 trvk_heap_base_addr_i[17]
 trvk_heap_base_addr_i[18]
 trvk_heap_base_addr_i[19]
 trvk_heap_base_addr_i[1]
 trvk_heap_base_addr_i[20]
 trvk_heap_base_addr_i[21]
 trvk_heap_base_addr_i[22]
 trvk_heap_base_addr_i[23]
 trvk_heap_base_addr_i[24]
 trvk_heap_base_addr_i[25]
 trvk_heap_base_addr_i[26]
 trvk_heap_base_addr_i[27]
 trvk_heap_base_addr_i[28]
 trvk_heap_base_addr_i[29]
 trvk_heap_base_addr_i[2]
 trvk_heap_base_addr_i[30]
 trvk_heap_base_addr_i[31]
 trvk_heap_base_addr_i[3]
 trvk_heap_base_addr_i[4]
 trvk_heap_base_addr_i[5]
 trvk_heap_base_addr_i[6]
 trvk_heap_base_addr_i[7]
 trvk_heap_base_addr_i[8]
 trvk_heap_base_addr_i[9]
 trvk_revbm_err_i
 trvk_revbm_gnt_i
 trvk_revbm_rdata_i[0]
 trvk_revbm_rdata_i[10]
 trvk_revbm_rdata_i[11]
 trvk_revbm_rdata_i[12]
 trvk_revbm_rdata_i[13]
 trvk_revbm_rdata_i[14]
 trvk_revbm_rdata_i[15]
 trvk_revbm_rdata_i[16]
 trvk_revbm_rdata_i[17]
 trvk_revbm_rdata_i[18]
 trvk_revbm_rdata_i[19]
 trvk_revbm_rdata_i[1]
 trvk_revbm_rdata_i[20]
 trvk_revbm_rdata_i[21]
 trvk_revbm_rdata_i[22]
 trvk_revbm_rdata_i[23]
 trvk_revbm_rdata_i[24]
 trvk_revbm_rdata_i[25]
 trvk_revbm_rdata_i[26]
 trvk_revbm_rdata_i[27]
 trvk_revbm_rdata_i[28]
 trvk_revbm_rdata_i[29]
 trvk_revbm_rdata_i[2]
 trvk_revbm_rdata_i[30]
 trvk_revbm_rdata_i[31]
 trvk_revbm_rdata_i[3]
 trvk_revbm_rdata_i[4]
 trvk_revbm_rdata_i[5]
 trvk_revbm_rdata_i[6]
 trvk_revbm_rdata_i[7]
 trvk_revbm_rdata_i[8]
 trvk_revbm_rdata_i[9]
 trvk_revbm_rdata_intg_i[0]
 trvk_revbm_rdata_intg_i[1]
 trvk_revbm_rdata_intg_i[2]
 trvk_revbm_rdata_intg_i[3]
 trvk_revbm_rdata_intg_i[4]
 trvk_revbm_rdata_intg_i[5]
 trvk_revbm_rdata_intg_i[6]
 trvk_revbm_rvalid_i
 _16253_/LO
 _16254_/LO
 _16255_/HI
 _16256_/HI
 _16257_/HI
 _16258_/HI
 _16259_/HI
 _16260_/HI
 _16261_/HI
 _16262_/HI
 _16263_/HI
 _16264_/HI
 _16265_/HI
 _16266_/HI
 _16267_/HI
 _16268_/HI
 _16269_/HI
 _16270_/HI
 _16271_/HI
 _16272_/HI
 _16273_/HI
 _16274_/HI
 _16275_/HI
 _16276_/HI
 _16277_/HI
 _16278_/HI
 _16279_/HI
 _16280_/HI
 _16281_/HI
 _16282_/HI
 _16283_/HI
 _16284_/HI
 _16285_/HI
 _16286_/HI
 _16287_/HI
 _16288_/HI
 _16289_/HI
 _16290_/HI
 _16291_/HI
 _16292_/HI
 _16293_/HI
 _16294_/HI
 _16295_/HI
 _16296_/HI
 _16297_/HI
 _16298_/HI
 _16299_/HI
 _16300_/HI
 _16301_/HI
 _16302_/HI
 _16303_/HI
 _16304_/HI
 _16305_/HI
 _16306_/HI
 _16307_/HI
 _16308_/HI
 _16309_/HI
 _16310_/HI
 _16311_/HI
 _16312_/HI
 _16313_/HI
 _16314_/HI
 _16315_/HI
 _16316_/HI
 _16317_/HI
 _16318_/HI
 _16319_/HI
 _16320_/HI
 _16321_/HI
 _16322_/HI
 _16323_/HI
 _16324_/HI
 _16325_/HI
 _16326_/HI
 _16327_/HI
 _16328_/HI
 _16329_/HI
 _16330_/HI
 _16331_/HI
 _16332_/HI
 _16333_/HI
 _16334_/HI
 _16335_/HI
 _16336_/HI
 _16337_/HI
 _16338_/HI
 _16339_/HI
 _16340_/HI
 _16341_/HI
 _16342_/HI
 _16343_/HI
 _16344_/HI
 _16345_/HI
 _16346_/HI
 _16347_/HI
 _16348_/HI
 _16349_/HI
 _16350_/HI
 _16351_/HI
 _16352_/HI
 _16353_/HI
 _16354_/HI
 _16355_/HI
 _16356_/HI
 _16357_/HI
 _16358_/HI
 _16359_/HI
 _16360_/HI
 _16361_/HI
 _16362_/HI
 _16363_/HI
 _16364_/HI
 _16365_/HI
 _16366_/HI
 _16367_/HI
 _16368_/HI
 _16369_/HI
 _16370_/HI
 _16371_/HI
 _16372_/HI
 _16373_/HI
 _16374_/HI
 _16375_/HI
 _16376_/HI
 _16377_/HI
 _16378_/HI
 _16379_/HI
 _16380_/HI
 _16381_/HI
 _16382_/HI
 _16383_/HI
 _16384_/HI
 _16385_/HI
 _16386_/HI
 _16387_/HI
 _16388_/HI
 _16389_/HI
 _16390_/HI
 _16391_/HI
 _16392_/HI
 _16393_/HI
 _16394_/HI
 _16395_/HI
 _16396_/HI
 _16397_/HI
 _16398_/HI
 _16399_/HI
 _16400_/HI
 _16401_/HI
 _16402_/HI
 _16403_/HI
 _16404_/HI
 _16405_/HI
 _16406_/HI
 _16407_/HI
 _16408_/HI
 _16409_/HI
 _16410_/HI
 _16411_/HI
 _16412_/HI
 _16413_/HI
 _16414_/HI
 _16415_/HI
 _16416_/HI
 _16417_/HI
 _16418_/HI
 _16419_/HI
 _16420_/HI
 _16421_/HI
 _16422_/HI
Found 0 partially unannotated drivers.

===========================================================================
max slew violation count 10363
Writing metric design__max_slew_violation__count__corner:nom_tt_025C_1v80: 10363
max fanout violation count 339
Writing metric design__max_fanout_violation__count__corner:nom_tt_025C_1v80: 339
max cap violation count 136
Writing metric design__max_cap_violation__count__corner:nom_tt_025C_1v80: 136
============================================================================

===========================================================================
check_setup -verbose -unconstrained_endpoints -multiple_clock -no_clock -no_input_delay -loops -generated_clocks
===========================================================================
Warning: There are 170 unconstrained endpoints.
  alert_major_bus_o
  alert_major_internal_o
  alert_minor_o
  crash_dump_o[128]
  crash_dump_o[96]
  data_addr_o[0]
  data_addr_o[1]
  data_addr_shadow_o[0]
  data_addr_shadow_o[10]
  data_addr_shadow_o[11]
  data_addr_shadow_o[12]
  data_addr_shadow_o[13]
  data_addr_shadow_o[14]
  data_addr_shadow_o[15]
  data_addr_shadow_o[16]
  data_addr_shadow_o[17]
  data_addr_shadow_o[18]
  data_addr_shadow_o[19]
  data_addr_shadow_o[1]
  data_addr_shadow_o[20]
  data_addr_shadow_o[21]
  data_addr_shadow_o[22]
  data_addr_shadow_o[23]
  data_addr_shadow_o[24]
  data_addr_shadow_o[25]
  data_addr_shadow_o[26]
  data_addr_shadow_o[27]
  data_addr_shadow_o[28]
  data_addr_shadow_o[29]
  data_addr_shadow_o[2]
  data_addr_shadow_o[30]
  data_addr_shadow_o[31]
  data_addr_shadow_o[3]
  data_addr_shadow_o[4]
  data_addr_shadow_o[5]
  data_addr_shadow_o[6]
  data_addr_shadow_o[7]
  data_addr_shadow_o[8]
  data_addr_shadow_o[9]
  data_be_shadow_o[0]
  data_be_shadow_o[1]
  data_be_shadow_o[2]
  data_be_shadow_o[3]
  data_req_shadow_o
  data_tag_o
  data_wdata_intg_o[0]
  data_wdata_intg_o[1]
  data_wdata_intg_o[2]
  data_wdata_intg_o[3]
  data_wdata_intg_o[4]
  data_wdata_intg_o[5]
  data_wdata_intg_o[6]
  data_wdata_intg_shadow_o[0]
  data_wdata_intg_shadow_o[1]
  data_wdata_intg_shadow_o[2]
  data_wdata_intg_shadow_o[3]
  data_wdata_intg_shadow_o[4]
  data_wdata_intg_shadow_o[5]
  data_wdata_intg_shadow_o[6]
  data_wdata_shadow_o[0]
  data_wdata_shadow_o[10]
  data_wdata_shadow_o[11]
  data_wdata_shadow_o[12]
  data_wdata_shadow_o[13]
  data_wdata_shadow_o[14]
  data_wdata_shadow_o[15]
  data_wdata_shadow_o[16]
  data_wdata_shadow_o[17]
  data_wdata_shadow_o[18]
  data_wdata_shadow_o[19]
  data_wdata_shadow_o[1]
  data_wdata_shadow_o[20]
  data_wdata_shadow_o[21]
  data_wdata_shadow_o[22]
  data_wdata_shadow_o[23]
  data_wdata_shadow_o[24]
  data_wdata_shadow_o[25]
  data_wdata_shadow_o[26]
  data_wdata_shadow_o[27]
  data_wdata_shadow_o[28]
  data_wdata_shadow_o[29]
  data_wdata_shadow_o[2]
  data_wdata_shadow_o[30]
  data_wdata_shadow_o[31]
  data_wdata_shadow_o[3]
  data_wdata_shadow_o[4]
  data_wdata_shadow_o[5]
  data_wdata_shadow_o[6]
  data_wdata_shadow_o[7]
  data_wdata_shadow_o[8]
  data_wdata_shadow_o[9]
  data_we_shadow_o
  instr_addr_o[0]
  instr_addr_o[1]
  instr_addr_shadow_o[0]
  instr_addr_shadow_o[10]
  instr_addr_shadow_o[11]
  instr_addr_shadow_o[12]
  instr_addr_shadow_o[13]
  instr_addr_shadow_o[14]
  instr_addr_shadow_o[15]
  instr_addr_shadow_o[16]
  instr_addr_shadow_o[17]
  instr_addr_shadow_o[18]
  instr_addr_shadow_o[19]
  instr_addr_shadow_o[1]
  instr_addr_shadow_o[20]
  instr_addr_shadow_o[21]
  instr_addr_shadow_o[22]
  instr_addr_shadow_o[23]
  instr_addr_shadow_o[24]
  instr_addr_shadow_o[25]
  instr_addr_shadow_o[26]
  instr_addr_shadow_o[27]
  instr_addr_shadow_o[28]
  instr_addr_shadow_o[29]
  instr_addr_shadow_o[2]
  instr_addr_shadow_o[30]
  instr_addr_shadow_o[31]
  instr_addr_shadow_o[3]
  instr_addr_shadow_o[4]
  instr_addr_shadow_o[5]
  instr_addr_shadow_o[6]
  instr_addr_shadow_o[7]
  instr_addr_shadow_o[8]
  instr_addr_shadow_o[9]
  instr_req_shadow_o
  lockstep_cmp_en_o[0]
  lockstep_cmp_en_o[1]
  lockstep_cmp_en_o[2]
  lockstep_cmp_en_o[3]
  ram_cfg_icache_data_o[0]
  ram_cfg_icache_data_o[1]
  ram_cfg_icache_tag_o[0]
  ram_cfg_icache_tag_o[1]
  scramble_req_o
  trvk_revbm_addr_o[0]
  trvk_revbm_addr_o[10]
  trvk_revbm_addr_o[11]
  trvk_revbm_addr_o[12]
  trvk_revbm_addr_o[13]
  trvk_revbm_addr_o[14]
  trvk_revbm_addr_o[15]
  trvk_revbm_addr_o[16]
  trvk_revbm_addr_o[17]
  trvk_revbm_addr_o[18]
  trvk_revbm_addr_o[19]
  trvk_revbm_addr_o[1]
  trvk_revbm_addr_o[20]
  trvk_revbm_addr_o[21]
  trvk_revbm_addr_o[22]
  trvk_revbm_addr_o[23]
  trvk_revbm_addr_o[24]
  trvk_revbm_addr_o[25]
  trvk_revbm_addr_o[26]
  trvk_revbm_addr_o[27]
  trvk_revbm_addr_o[28]
  trvk_revbm_addr_o[29]
  trvk_revbm_addr_o[2]
  trvk_revbm_addr_o[30]
  trvk_revbm_addr_o[31]
  trvk_revbm_addr_o[3]
  trvk_revbm_addr_o[4]
  trvk_revbm_addr_o[5]
  trvk_revbm_addr_o[6]
  trvk_revbm_addr_o[7]
  trvk_revbm_addr_o[8]
  trvk_revbm_addr_o[9]
  trvk_revbm_req_o
  _14984_/D
