
===========================================================================
Violator List
============================================================================
[hold in-reg] data_rdata_i[25] -> _14810_/D : -37.695980
[hold in-reg] data_rdata_i[28] -> _14813_/D : -37.693748
[hold in-reg] data_rdata_i[24] -> _14809_/D : -37.692539
[hold in-reg] data_rdata_i[27] -> _14812_/D : -37.691986
[hold in-reg] data_rdata_i[30] -> _14815_/D : -37.690224
[hold in-reg] data_rdata_i[9] -> _14794_/D : -37.689819
[hold in-reg] data_rdata_i[12] -> _14797_/D : -37.689480
[hold in-reg] data_rdata_i[26] -> _14811_/D : -37.689480
[hold in-reg] data_rdata_i[20] -> _14805_/D : -37.688507
[hold in-reg] data_rdata_i[29] -> _14814_/D : -37.688381
[hold in-reg] data_rdata_i[17] -> _14802_/D : -37.688194
[hold in-reg] data_rdata_i[8] -> _14793_/D : -37.688126
[hold in-reg] data_rdata_i[14] -> _14799_/D : -37.688046
[hold in-reg] data_rdata_i[11] -> _14796_/D : -37.687878
[hold in-reg] data_rdata_i[10] -> _14795_/D : -37.687321
[hold in-reg] data_rdata_i[19] -> _14804_/D : -37.687107
[hold in-reg] data_rdata_i[16] -> _14801_/D : -37.686600
[hold in-reg] data_rdata_i[31] -> _14816_/D : -37.686146
[hold in-reg] data_rdata_i[18] -> _14803_/D : -37.685368
[hold in-reg] data_rdata_i[22] -> _14807_/D : -37.685307
[hold in-reg] data_rdata_i[21] -> _14806_/D : -37.684471
[hold in-reg] data_rdata_i[13] -> _14798_/D : -37.683914
[hold in-reg] data_rdata_i[23] -> _14808_/D : -37.683907
[hold in-reg] data_rdata_i[15] -> _14800_/D : -37.680550
[hold in-reg] instr_rdata_i[25] -> _15211_/D : -37.677696
[hold in-reg] instr_rdata_i[9] -> _15195_/D : -37.676704
[hold in-reg] instr_rdata_i[11] -> _15197_/D : -37.675377
[hold in-reg] instr_rdata_i[27] -> _15213_/D : -37.669720
[hold in-reg] instr_rdata_i[8] -> _15194_/D : -37.668388
[hold in-reg] instr_rdata_i[3] -> _15189_/D : -37.665867
[hold in-reg] instr_rdata_i[24] -> _15210_/D : -37.665817
[hold in-reg] instr_rdata_i[19] -> _15205_/D : -37.660191
[hold in-reg] instr_rdata_i[2] -> _15188_/D : -37.656269
[hold in-reg] instr_rdata_i[18] -> _15204_/D : -37.653801
[hold in-reg] instr_rdata_i[7] -> _15193_/D : -37.650826
[hold in-reg] instr_rdata_i[23] -> _15209_/D : -37.648769
[hold in-reg] data_err_i -> _14980_/D : -37.581406
[hold in-reg] debug_req_i -> _15065_/D : -37.548225
[hold in-reg] instr_rvalid_i -> _15288_/D : -37.543648
[hold in-reg] instr_rvalid_i -> _15285_/D : -37.541256
[hold in-reg] boot_addr_i[27] -> _14880_/D : -37.519363
[hold in-reg] boot_addr_i[28] -> _14881_/D : -37.513786
[hold in-reg] debug_req_i -> _15064_/D : -37.513741
[hold in-reg] debug_req_i -> _15063_/D : -37.480511
[hold in-reg] boot_addr_i[20] -> _14873_/D : -37.470039
[hold in-reg] boot_addr_i[30] -> _14883_/D : -37.466908
[hold in-reg] instr_rdata_i[4] -> _15190_/D : -37.466850
[hold in-reg] boot_addr_i[13] -> _14961_/D : -37.465057
[hold in-reg] instr_rdata_i[5] -> _15191_/D : -37.463451
[hold in-reg] instr_rdata_i[20] -> _15206_/D : -37.462223
[hold in-reg] boot_addr_i[28] -> _14976_/D : -37.461685
[hold in-reg] instr_rdata_i[10] -> _15196_/D : -37.461662
[hold in-reg] instr_rdata_i[6] -> _15192_/D : -37.461430
[hold in-reg] instr_rdata_i[12] -> _15198_/D : -37.461323
[hold in-reg] instr_rdata_i[28] -> _15214_/D : -37.459667
[hold in-reg] instr_rdata_i[21] -> _15207_/D : -37.459377
[hold in-reg] instr_rdata_i[14] -> _15200_/D : -37.459328
[hold in-reg] instr_rdata_i[13] -> _15199_/D : -37.457859
[hold in-reg] instr_rdata_i[29] -> _15215_/D : -37.457443
[hold in-reg] instr_rdata_i[22] -> _15208_/D : -37.456646
[hold in-reg] boot_addr_i[16] -> _14869_/D : -37.456039
[hold in-reg] boot_addr_i[29] -> _14882_/D : -37.455772
[hold in-reg] instr_rdata_i[26] -> _15212_/D : -37.454517
[hold in-reg] boot_addr_i[10] -> _14958_/D : -37.451763
[hold in-reg] instr_rdata_i[30] -> _15216_/D : -37.449055
[hold in-reg] instr_rdata_i[31] -> _15217_/D : -37.447350
[hold in-reg] instr_rdata_i[16] -> _15202_/D : -37.446831
[hold in-reg] instr_rdata_i[17] -> _15203_/D : -37.446461
[hold in-reg] instr_gnt_i -> _15289_/D : -37.445663
[hold in-reg] boot_addr_i[26] -> _14879_/D : -37.441708
[hold in-reg] boot_addr_i[27] -> _14975_/D : -37.441704
[hold in-reg] boot_addr_i[17] -> _14870_/D : -37.441376
[hold in-reg] boot_addr_i[18] -> _14871_/D : -37.439327
[hold in-reg] boot_addr_i[24] -> _14877_/D : -37.439224
[hold in-reg] instr_err_i -> _15185_/D : -37.438065
[hold in-reg] instr_rdata_i[1] -> _15187_/D : -37.437630
[hold in-reg] boot_addr_i[23] -> _14876_/D : -37.437576
[hold in-reg] boot_addr_i[25] -> _14878_/D : -37.436573
[hold in-reg] instr_rdata_i[0] -> _15186_/D : -37.434692
[hold in-reg] boot_addr_i[22] -> _14875_/D : -37.434170
[hold in-reg] boot_addr_i[14] -> _14930_/D : -37.433102
[hold in-reg] boot_addr_i[14] -> _14867_/D : -37.429218
[hold in-reg] instr_rdata_i[15] -> _15201_/D : -37.427898
[hold in-reg] boot_addr_i[31] -> _14884_/D : -37.422939
[hold in-reg] boot_addr_i[19] -> _14872_/D : -37.416405
[hold in-reg] instr_rdata_i[9] -> _15261_/D : -37.410648
[hold in-reg] boot_addr_i[8] -> _14925_/D : -37.409641
[hold in-reg] instr_rdata_i[25] -> _15277_/D : -37.409012
[hold in-reg] boot_addr_i[21] -> _14874_/D : -37.407902
[hold in-reg] instr_rdata_i[11] -> _15263_/D : -37.406834
[hold in-reg] boot_addr_i[11] -> _14864_/D : -37.406040
[hold in-reg] instr_rdata_i[25] -> _15243_/D : -37.405830
[hold in-reg] instr_rdata_i[27] -> _15279_/D : -37.401436
[hold in-reg] instr_rdata_i[8] -> _15260_/D : -37.400211
[hold in-reg] boot_addr_i[15] -> _14868_/D : -37.398697
[hold in-reg] boot_addr_i[8] -> _14956_/D : -37.398144
[hold in-reg] instr_rdata_i[27] -> _15245_/D : -37.397602
[hold in-reg] instr_rdata_i[24] -> _15276_/D : -37.397583
[hold in-reg] boot_addr_i[26] -> _14942_/D : -37.396889
[hold in-reg] instr_rdata_i[24] -> _15242_/D : -37.396233
[hold in-reg] boot_addr_i[24] -> _14940_/D : -37.396084
[hold in-reg] instr_rdata_i[3] -> _15255_/D : -37.395885
[hold in-reg] instr_rdata_i[19] -> _15271_/D : -37.392811
[hold in-reg] data_gnt_i -> _14859_/D : -37.392601
[hold in-reg] boot_addr_i[13] -> _14866_/D : -37.390800
[hold in-reg] instr_rdata_i[19] -> _15237_/D : -37.390686
[hold in-reg] boot_addr_i[18] -> _14934_/D : -37.390560
[hold in-reg] instr_rdata_i[2] -> _15254_/D : -37.386799
[hold in-reg] instr_rdata_i[18] -> _15270_/D : -37.385269
[hold in-reg] instr_rdata_i[7] -> _15259_/D : -37.384232
[hold in-reg] boot_addr_i[12] -> _14928_/D : -37.383656
[hold in-reg] instr_rdata_i[11] -> _15229_/D : -37.383511
[hold in-reg] instr_rdata_i[18] -> _15236_/D : -37.383400
[hold in-reg] instr_rdata_i[23] -> _15275_/D : -37.381817
[hold in-reg] instr_rdata_i[23] -> _15241_/D : -37.380787
[hold in-reg] instr_rdata_i[3] -> _15221_/D : -37.374115
[hold in-reg] instr_rdata_i[2] -> _15220_/D : -37.367775
[hold in-reg] instr_rvalid_i -> _15287_/D : -37.366825
[hold in-reg] instr_rvalid_i -> _15284_/D : -37.365944
[hold in-reg] instr_rdata_i[9] -> _15227_/D : -37.361210
[hold in-reg] instr_rdata_i[7] -> _15225_/D : -37.358536
[hold in-reg] debug_req_i -> _15066_/D : -37.357780
[hold in-reg] boot_addr_i[19] -> _14967_/D : -37.355415
[hold in-reg] instr_rdata_i[8] -> _15226_/D : -37.352268
[hold in-reg] boot_addr_i[25] -> _14973_/D : -37.344021
[hold in-reg] boot_addr_i[18] -> _14966_/D : -37.342625
[hold in-reg] boot_addr_i[12] -> _14865_/D : -37.342278
[hold in-reg] boot_addr_i[24] -> _14972_/D : -37.342140
[hold in-reg] boot_addr_i[22] -> _14970_/D : -37.340069
[hold in-reg] boot_addr_i[10] -> _14927_/D : -37.317402
[hold in-reg] boot_addr_i[21] -> _14969_/D : -37.310169
[hold in-reg] boot_addr_i[8] -> _14924_/D : -37.303383
[hold in-reg] data_rvalid_i -> _14948_/D : -37.299778
[hold in-reg] boot_addr_i[29] -> _14945_/D : -37.298935
[hold in-reg] data_rvalid_i -> _15061_/D : -37.294064
[hold in-reg] instr_rvalid_i -> _15154_/D : -37.292992
[hold in-reg] boot_addr_i[8] -> _14861_/D : -37.287861
[hold in-reg] boot_addr_i[9] -> _14862_/D : -37.285484
[hold in-reg] data_gnt_i -> _14858_/D : -37.282879
[hold in-reg] data_gnt_i -> _14857_/D : -37.281708
[hold in-reg] data_gnt_i -> _14458_/D : -37.281185
[hold in-reg] data_gnt_i -> _14459_/D : -37.281052
[hold in-reg] boot_addr_i[12] -> _14960_/D : -37.276428
[hold in-reg] boot_addr_i[10] -> _14863_/D : -37.273384
[hold in-reg] boot_addr_i[8] -> _14926_/D : -37.267925
[hold in-reg] boot_addr_i[16] -> _14964_/D : -37.258488
[hold in-reg] boot_addr_i[30] -> _14978_/D : -37.250946
[hold in-reg] boot_addr_i[11] -> _14959_/D : -37.243256
[hold in-reg] irq_nm_i -> _15059_/D : -37.242855
[hold in-reg] boot_addr_i[21] -> _14937_/D : -37.239914
[hold in-reg] boot_addr_i[28] -> _14944_/D : -37.235504
[hold in-reg] boot_addr_i[13] -> _14929_/D : -37.234882
[hold in-reg] boot_addr_i[9] -> _14957_/D : -37.230026
[hold in-reg] boot_addr_i[30] -> _14946_/D : -37.227325
[hold in-reg] data_rvalid_i -> _14983_/D : -37.214817
[hold in-reg] mcounteren_writable_i[1] -> _14386_/D : -37.209492
[hold in-reg] mcounteren_writable_i[1] -> _14387_/D : -37.209110
[hold in-reg] boot_addr_i[15] -> _14963_/D : -37.208504
[hold in-reg] boot_addr_i[22] -> _14938_/D : -37.207474
[hold in-reg] boot_addr_i[27] -> _14943_/D : -37.199539
[hold in-reg] instr_rdata_i[4] -> _15256_/D : -37.198929
[hold in-reg] boot_addr_i[17] -> _14933_/D : -37.197193
[hold in-reg] instr_rdata_i[5] -> _15257_/D : -37.196163
[hold in-reg] instr_rdata_i[20] -> _15272_/D : -37.194942
[hold in-reg] instr_rdata_i[12] -> _15264_/D : -37.194271
[hold in-reg] instr_rdata_i[6] -> _15258_/D : -37.193516
[hold in-reg] instr_rdata_i[28] -> _15280_/D : -37.192551
[hold in-reg] instr_rdata_i[20] -> _15238_/D : -37.192501
[hold in-reg] instr_rdata_i[28] -> _15246_/D : -37.191643
[hold in-reg] instr_rdata_i[14] -> _15266_/D : -37.191116
[hold in-reg] instr_rdata_i[22] -> _15274_/D : -37.190636
[hold in-reg] instr_rdata_i[21] -> _15273_/D : -37.190041
[hold in-reg] instr_rdata_i[29] -> _15281_/D : -37.190052
[hold in-reg] instr_rdata_i[10] -> _15262_/D : -37.189655
[hold in-reg] instr_rdata_i[13] -> _15265_/D : -37.188831
[hold in-reg] instr_rdata_i[21] -> _15239_/D : -37.188671
[hold in-reg] instr_rdata_i[22] -> _15240_/D : -37.188404
[hold in-reg] instr_rdata_i[26] -> _15278_/D : -37.185768
[hold in-reg] instr_rdata_i[29] -> _15247_/D : -37.185307
[hold in-reg] data_rdata_i[4] -> _15966_/D : -37.182808
[hold in-reg] data_rdata_i[4] -> _15326_/D : -37.182468
[hold in-reg] data_rdata_i[4] -> _16190_/D : -37.182480
[hold in-reg] data_rdata_i[4] -> _15806_/D : -37.182396
[hold in-reg] instr_rdata_i[26] -> _15244_/D : -37.182140
[hold in-reg] data_rdata_i[4] -> _15742_/D : -37.181667
[hold in-reg] instr_rdata_i[30] -> _15282_/D : -37.180477
[hold in-reg] instr_rdata_i[16] -> _15268_/D : -37.179504
[hold in-reg] instr_rdata_i[17] -> _15269_/D : -37.178814
[hold in-reg] instr_rdata_i[31] -> _15283_/D : -37.178848
[hold in-reg] instr_rdata_i[16] -> _15234_/D : -37.178688
[hold in-reg] data_rdata_i[4] -> _16224_/D : -37.177723
[hold in-reg] instr_rdata_i[31] -> _15249_/D : -37.177551
[hold in-reg] instr_rdata_i[17] -> _15235_/D : -37.177216
[hold in-reg] data_rdata_i[4] -> _15614_/D : -37.176506
[hold in-reg] instr_rdata_i[4] -> _15222_/D : -37.175850
[hold in-reg] boot_addr_i[14] -> _14931_/D : -37.175365
[hold in-reg] instr_rdata_i[30] -> _15248_/D : -37.172859
[hold in-reg] data_gnt_i -> _14981_/D : -37.171738
[hold in-reg] instr_rdata_i[5] -> _15223_/D : -37.170948
[hold in-reg] data_rdata_i[4] -> _15486_/D : -37.170864
[hold in-reg] instr_rdata_i[1] -> _15253_/D : -37.170444
[hold in-reg] instr_rdata_i[10] -> _15228_/D : -37.169411
[hold in-reg] data_rdata_i[4] -> _16126_/D : -37.169235
[hold in-reg] instr_rdata_i[6] -> _15224_/D : -37.168930
[hold in-reg] instr_err_i -> _15250_/D : -37.168556
[hold in-reg] data_rdata_i[4] -> _15998_/D : -37.166809
[hold in-reg] instr_rdata_i[0] -> _15252_/D : -37.166710
[hold in-reg] instr_rdata_i[14] -> _15232_/D : -37.165230
[hold in-reg] instr_rvalid_i -> _15152_/D : -37.164711
[hold in-reg] boot_addr_i[20] -> _14936_/D : -37.164299
[hold in-reg] instr_rdata_i[13] -> _15231_/D : -37.163456
[hold in-reg] instr_rdata_i[15] -> _15267_/D : -37.160053
[hold in-reg] instr_rvalid_i -> _15153_/D : -37.155701
[hold in-reg] data_gnt_i -> _14856_/D : -37.152081
[hold in-reg] boot_addr_i[30] -> _14947_/D : -37.145802
[hold in-reg] instr_rdata_i[12] -> _15230_/D : -37.145638
[hold in-reg] instr_rdata_i[1] -> _15219_/D : -37.142200
[hold in-reg] fetch_enable_i[0] -> _14919_/D : -37.141941
[hold in-reg] instr_rdata_i[0] -> _15218_/D : -37.140694
[hold in-reg] data_rdata_i[4] -> _16094_/D : -37.135406
[hold in-reg] data_rdata_i[4] -> _15646_/D : -37.135357
[hold in-reg] data_rdata_i[4] -> _15454_/D : -37.134754
[hold in-reg] data_rdata_i[4] -> _15294_/D : -37.134533
[hold in-reg] data_rdata_i[4] -> _14464_/D : -37.134396
[hold in-reg] data_rdata_i[4] -> _15902_/D : -37.134151
[hold in-reg] data_rdata_i[4] -> _15422_/D : -37.131485
[hold in-reg] instr_rdata_i[15] -> _15233_/D : -37.130234
[hold in-reg] cheriot_enable_i[2] -> _14917_/D : -37.128098
[hold in-reg] data_rdata_i[4] -> _15710_/D : -37.125980
[hold in-reg] data_rdata_i[4] -> _15390_/D : -37.125637
[hold in-reg] data_rdata_i[4] -> _15518_/D : -37.125637
[hold in-reg] data_rdata_i[4] -> _16030_/D : -37.125607
[hold in-reg] data_rdata_i[4] -> _15582_/D : -37.125568
[hold in-reg] data_rdata_i[4] -> _15358_/D : -37.125530
[hold in-reg] data_rdata_i[4] -> _15838_/D : -37.125412
[hold in-reg] data_rdata_i[4] -> _15550_/D : -37.125145
[hold in-reg] data_rdata_i[4] -> _15934_/D : -37.123940
[hold in-reg] data_rdata_i[4] -> _15678_/D : -37.123665
[hold in-reg] data_rdata_i[1] -> _15739_/D : -37.123081
[hold in-reg] boot_addr_i[23] -> _14939_/D : -37.120514
[hold in-reg] instr_err_i -> _15251_/D : -37.119511
[hold in-reg] data_rdata_i[4] -> _15774_/D : -37.116711
[hold in-reg] data_rdata_i[4] -> _16158_/D : -37.116394
[hold in-reg] data_rdata_i[4] -> _16062_/D : -37.116169
[hold in-reg] data_rdata_i[4] -> _15870_/D : -37.115288
[hold in-reg] data_rdata_i[1] -> _15867_/D : -37.114090
[hold in-reg] data_rdata_i[1] -> _16123_/D : -37.114021
[hold in-reg] data_rdata_i[1] -> _16059_/D : -37.113785
[hold in-reg] data_rdata_i[1] -> _15483_/D : -37.113281
[hold in-reg] data_rdata_i[1] -> _15931_/D : -37.113144
[hold in-reg] fetch_enable_i[0] -> _14918_/D : -37.112225
[hold in-reg] fetch_enable_i[0] -> _14920_/D : -37.111019
[hold in-reg] instr_rdata_i[28] -> _15097_/D : -37.108265
[hold in-reg] data_rvalid_i -> _15060_/D : -37.103210
[hold in-reg] data_rdata_i[0] -> _15834_/D : -37.100826
[hold in-reg] debug_req_i -> _15058_/D : -37.098244
[hold in-reg] data_rdata_i[1] -> _15419_/D : -37.098167
[hold in-reg] data_rdata_i[1] -> _15835_/D : -37.097961
[hold in-reg] data_rdata_i[1] -> _15515_/D : -37.097771
[hold in-reg] boot_addr_i[24] -> _14941_/D : -37.095978
[hold in-reg] data_rdata_i[0] -> _15642_/D : -37.093685
[hold in-reg] irq_nm_i -> _15057_/D : -37.090897
[hold in-reg] data_rdata_i[0] -> _16058_/D : -37.090530
[hold in-reg] data_rdata_i[1] -> _15675_/D : -37.089672
[hold in-reg] data_rdata_i[1] -> _15707_/D : -37.089470
[hold in-reg] data_gnt_i -> _14982_/D : -37.081661
[hold in-reg] data_rdata_i[0] -> _16122_/D : -37.079159
[hold in-reg] data_rdata_i[0] -> _15290_/D : -37.073803
[hold in-reg] data_rdata_i[2] -> _15452_/D : -37.069626
[hold in-reg] data_rdata_i[2] -> _15388_/D : -37.069561
[hold in-reg] data_rdata_i[2] -> _16092_/D : -37.069584
[hold in-reg] data_rdata_i[2] -> _16222_/D : -37.069359
[hold in-reg] data_rdata_i[2] -> _15548_/D : -37.069206
[hold in-reg] data_rdata_i[2] -> _15964_/D : -37.069016
[hold in-reg] data_rdata_i[2] -> _15420_/D : -37.068230
[hold in-reg] data_rdata_i[2] -> _14462_/D : -37.068134
[hold in-reg] data_rdata_i[2] -> _15612_/D : -37.068153
[hold in-reg] data_rdata_i[2] -> _15740_/D : -37.068127
[hold in-reg] data_rdata_i[2] -> _15356_/D : -37.067501
[hold in-reg] data_rdata_i[2] -> _15804_/D : -37.067196
[hold in-reg] data_rdata_i[2] -> _16188_/D : -37.067139
[hold in-reg] data_rdata_i[2] -> _15324_/D : -37.067062
[hold in-reg] data_rdata_i[2] -> _15836_/D : -37.067085
[hold in-reg] data_rdata_i[2] -> _15644_/D : -37.066826
[hold in-reg] data_rdata_i[2] -> _16028_/D : -37.059525
[hold in-reg] data_rdata_i[2] -> _16060_/D : -37.059231
[hold in-reg] data_rdata_i[2] -> _16156_/D : -37.059105
[hold in-reg] data_rdata_i[2] -> _15932_/D : -37.058800
[hold in-reg] data_rdata_i[2] -> _15676_/D : -37.058582
[hold in-reg] data_rdata_i[2] -> _15580_/D : -37.058376
[hold in-reg] data_rdata_i[2] -> _15772_/D : -37.058369
[hold in-reg] data_rdata_i[2] -> _15708_/D : -37.057789
[hold in-reg] data_rdata_i[0] -> _15514_/D : -37.055981
[hold in-reg] data_rdata_i[0] -> _15418_/D : -37.054905
[hold in-reg] data_rdata_i[0] -> _15354_/D : -37.054722
[hold in-reg] data_rdata_i[0] -> _15738_/D : -37.054493
[hold in-reg] data_rdata_i[0] -> _15322_/D : -37.054256
[hold in-reg] boot_addr_i[29] -> _14977_/D : -37.053356
[hold in-reg] data_rdata_i[0] -> _15770_/D : -37.046612
[hold in-reg] data_rdata_i[0] -> _15706_/D : -37.045532
[hold in-reg] data_rdata_i[0] -> _15482_/D : -37.045242
[hold in-reg] data_rdata_i[0] -> _15866_/D : -37.045048
[hold in-reg] data_rdata_i[0] -> _15930_/D : -37.045055
[hold in-reg] data_rdata_i[0] -> _15994_/D : -37.044659
[hold in-reg] data_rdata_i[0] -> _16154_/D : -37.042412
[hold in-reg] data_rdata_i[1] -> _15323_/D : -37.042301
[hold in-reg] data_rdata_i[1] -> _15355_/D : -37.041943
[hold in-reg] data_rdata_i[1] -> _15643_/D : -37.041725
[hold in-reg] data_rdata_i[1] -> _15291_/D : -37.041538
[hold in-reg] data_rdata_i[1] -> _15963_/D : -37.041447
[hold in-reg] instr_rdata_i[28] -> _15148_/D : -37.041142
[hold in-reg] debug_req_i -> _15055_/D : -37.041065
[hold in-reg] boot_addr_i[16] -> _14932_/D : -37.039391
[hold in-reg] data_rdata_i[1] -> _16187_/D : -37.039265
[hold in-reg] data_rdata_i[1] -> _15547_/D : -37.037468
[hold in-reg] data_rdata_i[1] -> _16091_/D : -37.037384
[hold in-reg] data_rdata_i[1] -> _16221_/D : -37.037270
[hold in-reg] data_rdata_i[1] -> _15899_/D : -37.037052
[hold in-reg] data_rdata_i[1] -> _15451_/D : -37.036751
[hold in-reg] data_rdata_i[1] -> _15611_/D : -37.036755
[hold in-reg] data_rdata_i[1] -> _15387_/D : -37.036423
[hold in-reg] data_rdata_i[1] -> _15803_/D : -37.035389
[hold in-reg] data_rdata_i[0] -> _15962_/D : -37.034798
[hold in-reg] data_rdata_i[1] -> _14461_/D : -37.034512
[hold in-reg] data_rdata_i[0] -> _16186_/D : -37.033764
[hold in-reg] data_rdata_i[0] -> _15610_/D : -37.033546
[hold in-reg] boot_addr_i[26] -> _14974_/D : -37.033237
[hold in-reg] data_rdata_i[1] -> _15995_/D : -37.032372
[hold in-reg] data_rdata_i[1] -> _15771_/D : -37.032097
[hold in-reg] data_rdata_i[0] -> _15386_/D : -37.031700
[hold in-reg] data_rdata_i[0] -> _15450_/D : -37.031471
[hold in-reg] data_rdata_i[0] -> _16220_/D : -37.029572
[hold in-reg] data_rdata_i[0] -> _14460_/D : -37.028950
[hold in-reg] data_rdata_i[0] -> _15802_/D : -37.028851
[hold in-reg] data_rdata_i[1] -> _15579_/D : -37.028301
[hold in-reg] boot_addr_i[20] -> _14968_/D : -37.027882
[hold in-reg] data_rdata_i[1] -> _16027_/D : -37.027771
[hold in-reg] data_rdata_i[0] -> _16026_/D : -37.027267
[hold in-reg] data_rdata_i[1] -> _16155_/D : -37.026150
[hold in-reg] instr_err_i -> _15101_/D : -37.024601
[hold in-reg] boot_addr_i[23] -> _14971_/D : -37.023262
[hold in-reg] boot_addr_i[31] -> _14979_/D : -37.021400
[hold in-reg] data_rdata_i[3] -> _15613_/D : -37.017509
[hold in-reg] data_rdata_i[3] -> _15325_/D : -37.017399
[hold in-reg] data_rdata_i[3] -> _15453_/D : -37.017269
[hold in-reg] data_rdata_i[3] -> _15837_/D : -37.017242
[hold in-reg] data_rdata_i[3] -> _16189_/D : -37.017166
[hold in-reg] data_rdata_i[3] -> _15645_/D : -37.016472
[hold in-reg] boot_addr_i[17] -> _14965_/D : -37.011871
[hold in-reg] instr_rdata_i[9] -> _15145_/D : -37.011761
[hold in-reg] data_rdata_i[3] -> _15293_/D : -37.009251
[hold in-reg] data_rdata_i[3] -> _16223_/D : -37.009186
[hold in-reg] data_rdata_i[3] -> _15389_/D : -37.008831
[hold in-reg] data_rdata_i[3] -> _15485_/D : -37.008778
[hold in-reg] data_rdata_i[3] -> _15965_/D : -37.008781
[hold in-reg] data_rdata_i[3] -> _15517_/D : -37.008640
[hold in-reg] data_rdata_i[3] -> _15357_/D : -37.008484
[hold in-reg] data_rdata_i[3] -> _15805_/D : -37.008480
[hold in-reg] data_rdata_i[3] -> _15741_/D : -37.008400
[hold in-reg] data_rdata_i[3] -> _15901_/D : -37.008423
[hold in-reg] data_rdata_i[3] -> _14463_/D : -37.008205
[hold in-reg] data_rdata_i[3] -> _15421_/D : -37.008194
[hold in-reg] data_rdata_i[3] -> _15549_/D : -37.008129
[hold in-reg] data_rdata_i[3] -> _16093_/D : -37.008144
[hold in-reg] data_rdata_i[3] -> _16029_/D : -37.007854
[hold in-reg] data_rdata_i[3] -> _15773_/D : -37.006889
[hold in-reg] data_rdata_i[6] -> _15616_/D : -37.006153
[hold in-reg] data_rdata_i[6] -> _15808_/D : -37.005947
[hold in-reg] data_rdata_i[6] -> _14466_/D : -37.005665
[hold in-reg] data_rdata_i[6] -> _15552_/D : -37.005566
[hold in-reg] data_rdata_i[6] -> _16226_/D : -37.005589
[hold in-reg] data_rdata_i[6] -> _16096_/D : -37.005508
[hold in-reg] data_rdata_i[6] -> _15648_/D : -37.005260
[hold in-reg] data_rdata_i[6] -> _15968_/D : -37.004917
[hold in-reg] data_rdata_i[6] -> _15424_/D : -37.004665
[hold in-reg] data_rdata_i[6] -> _15520_/D : -37.004139
[hold in-reg] data_rdata_i[0] -> _15898_/D : -37.004082
[hold in-reg] data_rdata_i[3] -> _15869_/D : -37.002274
[hold in-reg] data_rdata_i[3] -> _15677_/D : -37.001823
[hold in-reg] data_rdata_i[3] -> _15709_/D : -37.001545
[hold in-reg] data_rdata_i[3] -> _16125_/D : -37.001301
[hold in-reg] data_rdata_i[3] -> _16061_/D : -37.001228
[hold in-reg] data_rdata_i[3] -> _15933_/D : -36.999626
[hold in-reg] data_rdata_i[3] -> _15581_/D : -36.999256
[hold in-reg] data_rdata_i[3] -> _15997_/D : -36.999290
[hold in-reg] data_rdata_i[3] -> _16157_/D : -36.999046
[hold in-reg] data_rdata_i[6] -> _15584_/D : -36.996994
[hold in-reg] data_rdata_i[6] -> _15456_/D : -36.996822
[hold in-reg] data_rdata_i[6] -> _16160_/D : -36.996696
[hold in-reg] data_rdata_i[6] -> _15680_/D : -36.996098
[hold in-reg] data_rdata_i[6] -> _15392_/D : -36.995861
[hold in-reg] data_rdata_i[6] -> _15776_/D : -36.995792
[hold in-reg] data_rdata_i[6] -> _15872_/D : -36.995632
[hold in-reg] data_rdata_i[6] -> _16192_/D : -36.995640
[hold in-reg] data_rdata_i[6] -> _15328_/D : -36.995251
[hold in-reg] data_rdata_i[6] -> _15360_/D : -36.995113
[hold in-reg] data_rdata_i[6] -> _15296_/D : -36.995007
[hold in-reg] data_rdata_i[6] -> _15840_/D : -36.994949
[hold in-reg] data_rdata_i[6] -> _15744_/D : -36.994720
[hold in-reg] data_rdata_i[6] -> _15904_/D : -36.994499
[hold in-reg] data_rdata_i[6] -> _15488_/D : -36.987694
[hold in-reg] data_rdata_i[6] -> _16000_/D : -36.986176
[hold in-reg] data_rdata_i[6] -> _16032_/D : -36.986176
[hold in-reg] data_rdata_i[6] -> _16064_/D : -36.986210
[hold in-reg] data_rdata_i[6] -> _15712_/D : -36.985783
[hold in-reg] data_rdata_i[6] -> _15936_/D : -36.985443
[hold in-reg] data_rdata_i[6] -> _16128_/D : -36.985363
[hold in-reg] fetch_enable_i[0] -> _14921_/D : -36.983265
[hold in-reg] boot_addr_i[19] -> _14935_/D : -36.981480
[hold in-reg] instr_rdata_i[7] -> _15143_/D : -36.981205
[hold in-reg] fetch_enable_i[0] -> _14922_/D : -36.976185
[hold in-reg] data_rvalid_i -> _15334_/D : -36.969753
[hold in-reg] data_rvalid_i -> _15622_/D : -36.969704
[hold in-reg] instr_rdata_i[8] -> _15144_/D : -36.969589
[hold in-reg] data_rvalid_i -> _15974_/D : -36.969391
[hold in-reg] data_rvalid_i -> _15366_/D : -36.968887
[hold in-reg] data_rvalid_i -> _15462_/D : -36.968304
[hold in-reg] instr_rdata_i[6] -> _15142_/D : -36.967754
[hold in-reg] instr_rdata_i[17] -> _15133_/D : -36.961494
[hold in-reg] data_rvalid_i -> _16038_/D : -36.960831
[hold in-reg] data_rvalid_i -> _15878_/D : -36.959995
[hold in-reg] data_rvalid_i -> _15336_/D : -36.959232
[hold in-reg] data_rvalid_i -> _15560_/D : -36.959038
[hold in-reg] data_rvalid_i -> _16234_/D : -36.956581
[hold in-reg] data_rvalid_i -> _15912_/D : -36.956398
[hold in-reg] data_rvalid_i -> _15752_/D : -36.956341
[hold in-reg] data_rvalid_i -> _16232_/D : -36.956295
[hold in-reg] data_rvalid_i -> _15304_/D : -36.956177
[hold in-reg] data_rvalid_i -> _15368_/D : -36.956066
[hold in-reg] data_rvalid_i -> _16102_/D : -36.956017
[hold in-reg] data_rvalid_i -> _15398_/D : -36.955700
[hold in-reg] data_rvalid_i -> _16200_/D : -36.955544
[hold in-reg] data_rvalid_i -> _15432_/D : -36.955494
[hold in-reg] data_rvalid_i -> _15624_/D : -36.955410
[hold in-reg] instr_rdata_i[11] -> _15147_/D : -36.955315
[hold in-reg] data_rvalid_i -> _15558_/D : -36.955151
[hold in-reg] data_rvalid_i -> _14472_/D : -36.955109
[hold in-reg] data_rvalid_i -> _15654_/D : -36.954887
[hold in-reg] data_rvalid_i -> _15814_/D : -36.954872
[hold in-reg] data_rvalid_i -> _15846_/D : -36.954773
[hold in-reg] data_rdata_i[5] -> _15455_/D : -36.954590
[hold in-reg] data_rvalid_i -> _15303_/D : -36.954506
[hold in-reg] data_rvalid_i -> _16199_/D : -36.954521
[hold in-reg] data_rvalid_i -> _15302_/D : -36.954426
[hold in-reg] data_rvalid_i -> _15847_/D : -36.954411
[hold in-reg] data_rdata_i[5] -> _16191_/D : -36.954407
[hold in-reg] data_rvalid_i -> _15430_/D : -36.954281
[hold in-reg] data_rvalid_i -> _15526_/D : -36.954227
[hold in-reg] data_rvalid_i -> _15911_/D : -36.954201
[hold in-reg] data_rvalid_i -> _15750_/D : -36.954155
[hold in-reg] data_rvalid_i -> _15976_/D : -36.954105
[hold in-reg] data_rvalid_i -> _16198_/D : -36.954128
[hold in-reg] data_rvalid_i -> _15910_/D : -36.954082
[hold in-reg] data_rvalid_i -> _15335_/D : -36.953907
[hold in-reg] data_rvalid_i -> _15559_/D : -36.953842
[hold in-reg] instr_err_i -> _15135_/D : -36.953678
[hold in-reg] data_rdata_i[5] -> _15615_/D : -36.953579
[hold in-reg] data_rvalid_i -> _16233_/D : -36.953510
[hold in-reg] data_rdata_i[5] -> _15327_/D : -36.953327
[hold in-reg] data_rdata_i[5] -> _15423_/D : -36.953304
[hold in-reg] data_rvalid_i -> _15464_/D : -36.953251
[hold in-reg] data_rvalid_i -> _14474_/D : -36.953213
[hold in-reg] data_rvalid_i -> _16104_/D : -36.953011
[hold in-reg] data_rvalid_i -> _15848_/D : -36.952534
[hold in-reg] data_rvalid_i -> _15623_/D : -36.951809
[hold in-reg] data_rvalid_i -> _15400_/D : -36.951721
[hold in-reg] data_rvalid_i -> _15816_/D : -36.951725
[hold in-reg] data_rvalid_i -> _15656_/D : -36.951614
[hold in-reg] data_rvalid_i -> _15528_/D : -36.951550
[hold in-reg] data_rvalid_i -> _14473_/D : -36.950798
[hold in-reg] data_rvalid_i -> _16040_/D : -36.950233
[hold in-reg] instr_rdata_i[4] -> _15140_/D : -36.949982
[hold in-reg] data_rdata_i[0] -> _16090_/D : -36.949963
[hold in-reg] data_rdata_i[0] -> _15546_/D : -36.949581
[hold in-reg] data_rvalid_i -> _15592_/D : -36.948612
[hold in-reg] data_rvalid_i -> _15815_/D : -36.948082
[hold in-reg] data_rvalid_i -> _15784_/D : -36.948009
[hold in-reg] data_rvalid_i -> _16136_/D : -36.947338
[hold in-reg] data_rvalid_i -> _15590_/D : -36.947094
[hold in-reg] data_rvalid_i -> _16168_/D : -36.946934
[hold in-reg] data_rvalid_i -> _15688_/D : -36.946487
[hold in-reg] data_rdata_i[5] -> _14465_/D : -36.946438
[hold in-reg] data_rvalid_i -> _16070_/D : -36.946388
[hold in-reg] data_rvalid_i -> _16072_/D : -36.946407
[hold in-reg] data_rvalid_i -> _15942_/D : -36.946178
[hold in-reg] data_rvalid_i -> _16166_/D : -36.946114
[hold in-reg] data_rvalid_i -> _15686_/D : -36.946022
[hold in-reg] data_rvalid_i -> _16006_/D : -36.946041
[hold in-reg] data_rvalid_i -> _15494_/D : -36.945961
[hold in-reg] data_rdata_i[5] -> _15839_/D : -36.945820
[hold in-reg] data_rdata_i[5] -> _15903_/D : -36.945839
[hold in-reg] data_rvalid_i -> _16167_/D : -36.945675
[hold in-reg] data_rdata_i[5] -> _15807_/D : -36.945633
[hold in-reg] data_rdata_i[5] -> _15519_/D : -36.945560
[hold in-reg] data_rdata_i[5] -> _15551_/D : -36.945423
[hold in-reg] data_rdata_i[5] -> _16095_/D : -36.945366
[hold in-reg] data_rvalid_i -> _16134_/D : -36.945381
[hold in-reg] data_rdata_i[5] -> _15391_/D : -36.945316
[hold in-reg] data_rdata_i[5] -> _15647_/D : -36.945339
[hold in-reg] data_rdata_i[5] -> _15295_/D : -36.945190
[hold in-reg] data_rdata_i[5] -> _15743_/D : -36.945198
[hold in-reg] data_rvalid_i -> _15782_/D : -36.945198
[hold in-reg] data_rvalid_i -> _15975_/D : -36.945179
[hold in-reg] data_rdata_i[5] -> _15967_/D : -36.945122
[hold in-reg] data_rvalid_i -> _15496_/D : -36.945080
[hold in-reg] data_rdata_i[5] -> _16225_/D : -36.945038
[hold in-reg] data_rvalid_i -> _15718_/D : -36.944942
[hold in-reg] data_rdata_i[5] -> _15359_/D : -36.944706
[hold in-reg] data_rdata_i[5] -> _16127_/D : -36.944664
[hold in-reg] data_rdata_i[5] -> _15487_/D : -36.944439
[hold in-reg] data_rvalid_i -> _15720_/D : -36.944374
[hold in-reg] data_rdata_i[5] -> _15775_/D : -36.944279
[hold in-reg] data_rvalid_i -> _15880_/D : -36.944061
[hold in-reg] data_rvalid_i -> _16008_/D : -36.942795
[hold in-reg] data_rvalid_i -> _15495_/D : -36.942566
[hold in-reg] data_rdata_i[0] -> _15674_/D : -36.942585
[hold in-reg] data_rvalid_i -> _15879_/D : -36.942554
[hold in-reg] data_rvalid_i -> _15944_/D : -36.941631
[hold in-reg] data_rdata_i[0] -> _15578_/D : -36.940369
[hold in-reg] data_rvalid_i -> _15367_/D : -36.939514
[hold in-reg] instr_rdata_i[28] -> _15089_/D : -36.939098
[hold in-reg] data_rvalid_i -> _16007_/D : -36.938904
[hold in-reg] data_rvalid_i -> _15527_/D : -36.938599
[hold in-reg] data_rvalid_i -> _14792_/D : -36.938217
[hold in-reg] data_rvalid_i -> _16039_/D : -36.937550
[hold in-reg] data_rdata_i[5] -> _15935_/D : -36.937134
[hold in-reg] data_rvalid_i -> _15463_/D : -36.936962
[hold in-reg] data_rdata_i[5] -> _15999_/D : -36.936924
[hold in-reg] data_rdata_i[5] -> _16063_/D : -36.936802
[hold in-reg] data_rvalid_i -> _16103_/D : -36.936806
[hold in-reg] data_rdata_i[5] -> _15871_/D : -36.936680
[hold in-reg] data_rvalid_i -> _15399_/D : -36.936569
[hold in-reg] data_rdata_i[5] -> _15679_/D : -36.936413
[hold in-reg] data_rvalid_i -> _15751_/D : -36.936337
[hold in-reg] data_rdata_i[5] -> _16031_/D : -36.936302
[hold in-reg] data_rdata_i[5] -> _16159_/D : -36.936325
[hold in-reg] data_rdata_i[5] -> _15583_/D : -36.936142
[hold in-reg] data_rdata_i[5] -> _15711_/D : -36.936142
[hold in-reg] instr_rdata_i[10] -> _15146_/D : -36.936096
[hold in-reg] data_rvalid_i -> _15655_/D : -36.936043
[hold in-reg] data_rvalid_i -> _15431_/D : -36.934708
[hold in-reg] data_rvalid_i -> _16071_/D : -36.929760
[hold in-reg] data_rvalid_i -> _15687_/D : -36.929478
[hold in-reg] data_rvalid_i -> _15747_/D : -36.929066
[hold in-reg] data_rvalid_i -> _15811_/D : -36.928448
[hold in-reg] data_rvalid_i -> _15971_/D : -36.928432
[hold in-reg] data_rvalid_i -> _15364_/D : -36.928230
[hold in-reg] instr_rdata_i[3] -> _15139_/D : -36.927979
[hold in-reg] data_rvalid_i -> _16135_/D : -36.927757
[hold in-reg] data_rvalid_i -> _15844_/D : -36.927681
[hold in-reg] data_rvalid_i -> _15652_/D : -36.927605
[hold in-reg] data_rvalid_i -> _14470_/D : -36.927204
[hold in-reg] data_rvalid_i -> _15943_/D : -36.927177
[hold in-reg] data_rvalid_i -> _15783_/D : -36.927128
[hold in-reg] data_rvalid_i -> _15591_/D : -36.926941
[hold in-reg] data_rvalid_i -> _15719_/D : -36.925827
[hold in-reg] data_rvalid_i -> _15363_/D : -36.925682
[hold in-reg] data_rdata_i[7] -> _15649_/D : -36.922882
[hold in-reg] data_rdata_i[7] -> _15809_/D : -36.922909
[hold in-reg] data_rdata_i[7] -> _15553_/D : -36.922302
[hold in-reg] data_rdata_i[7] -> _16097_/D : -36.921906
[hold in-reg] data_rdata_i[7] -> _16227_/D : -36.921898
[hold in-reg] data_rdata_i[7] -> _15969_/D : -36.921574
[hold in-reg] data_rdata_i[7] -> _16193_/D : -36.921577
[hold in-reg] data_rdata_i[7] -> _15393_/D : -36.921520
[hold in-reg] data_rdata_i[7] -> _15457_/D : -36.921509
[hold in-reg] data_rdata_i[7] -> _15521_/D : -36.921288
[hold in-reg] data_rdata_i[7] -> _15617_/D : -36.921299
[hold in-reg] data_rdata_i[7] -> _15745_/D : -36.921299
[hold in-reg] data_rdata_i[7] -> _15905_/D : -36.921268
[hold in-reg] data_rdata_i[7] -> _14467_/D : -36.921196
[hold in-reg] data_rdata_i[7] -> _15361_/D : -36.921219
[hold in-reg] data_rdata_i[7] -> _15425_/D : -36.921219
[hold in-reg] data_rdata_i[7] -> _15841_/D : -36.921185
[hold in-reg] data_rdata_i[7] -> _15329_/D : -36.920902
[hold in-reg] data_rdata_i[7] -> _15297_/D : -36.920696
[hold in-reg] data_rvalid_i -> _15939_/D : -36.919720
[hold in-reg] data_rvalid_i -> _16035_/D : -36.919567
[hold in-reg] data_rvalid_i -> _15052_/D : -36.919205
[hold in-reg] data_rvalid_i -> _15876_/D : -36.918476
[hold in-reg] data_rvalid_i -> _15780_/D : -36.918056
[hold in-reg] data_rvalid_i -> _16036_/D : -36.917645
[hold in-reg] data_rvalid_i -> _16164_/D : -36.916847
[hold in-reg] instr_rdata_i[10] -> _15079_/D : -36.915886
[hold in-reg] data_rdata_i[2] -> _15516_/D : -36.915821
[hold in-reg] data_rdata_i[2] -> _15292_/D : -36.915211
[hold in-reg] data_rdata_i[2] -> _15900_/D : -36.914928
[hold in-reg] data_rvalid_i -> _15331_/D : -36.914524
[hold in-reg] data_rvalid_i -> _15523_/D : -36.914448
[hold in-reg] instr_rdata_i[5] -> _15141_/D : -36.914211
[hold in-reg] data_rvalid_i -> _15843_/D : -36.914143
[hold in-reg] data_rvalid_i -> _16003_/D : -36.913620
[hold in-reg] data_rdata_i[7] -> _15873_/D : -36.913177
[hold in-reg] data_rdata_i[7] -> _15681_/D : -36.912895
[hold in-reg] data_rdata_i[7] -> _15937_/D : -36.912880
[hold in-reg] data_rdata_i[7] -> _15713_/D : -36.912769
[hold in-reg] instr_rdata_i[2] -> _15138_/D : -36.912704
[hold in-reg] data_rdata_i[7] -> _16001_/D : -36.912659
[hold in-reg] data_rdata_i[7] -> _15585_/D : -36.912613
[hold in-reg] data_rvalid_i -> _15299_/D : -36.912453
[hold in-reg] data_rdata_i[7] -> _15777_/D : -36.912426
[hold in-reg] data_rdata_i[7] -> _15489_/D : -36.912220
[hold in-reg] data_rdata_i[7] -> _16065_/D : -36.912197
[hold in-reg] data_rdata_i[7] -> _16129_/D : -36.912136
[hold in-reg] data_rdata_i[7] -> _16033_/D : -36.912067
[hold in-reg] data_rdata_i[7] -> _16161_/D : -36.912003
[hold in-reg] data_rvalid_i -> _14469_/D : -36.910633
[hold in-reg] data_rvalid_i -> _15427_/D : -36.909821
[hold in-reg] data_rvalid_i -> _15459_/D : -36.907242
[hold in-reg] data_rdata_i[2] -> _15996_/D : -36.906776
[hold in-reg] data_rdata_i[2] -> _15484_/D : -36.906631
[hold in-reg] data_rdata_i[2] -> _15868_/D : -36.906563
[hold in-reg] data_rdata_i[2] -> _16124_/D : -36.906021
[hold in-reg] data_rvalid_i -> _15683_/D : -36.905952
[hold in-reg] data_rvalid_i -> _16163_/D : -36.905529
[hold in-reg] data_rvalid_i -> _16067_/D : -36.905266
[hold in-reg] data_rvalid_i -> _15395_/D : -36.903042
[hold in-reg] data_rvalid_i -> _15715_/D : -36.902981
[hold in-reg] data_rvalid_i -> _16131_/D : -36.902805
[hold in-reg] instr_rdata_i[31] -> _15151_/D : -36.900814
[hold in-reg] data_rvalid_i -> _15779_/D : -36.897911
[hold in-reg] data_rvalid_i -> _15491_/D : -36.897820
[hold in-reg] data_rvalid_i -> _14475_/D : -36.877548
[hold in-reg] data_rvalid_i -> _16235_/D : -36.877407
[hold in-reg] data_rvalid_i -> _15401_/D : -36.877335
[hold in-reg] data_rvalid_i -> _15753_/D : -36.877331
[hold in-reg] data_rvalid_i -> _15561_/D : -36.877140
[hold in-reg] data_rvalid_i -> _15337_/D : -36.877045
[hold in-reg] data_rvalid_i -> _16201_/D : -36.877079
[hold in-reg] data_rvalid_i -> _15369_/D : -36.876976
[hold in-reg] data_rvalid_i -> _15657_/D : -36.876858
[hold in-reg] data_rvalid_i -> _16105_/D : -36.876881
[hold in-reg] data_rvalid_i -> _15817_/D : -36.875381
[hold in-reg] instr_rdata_i[28] -> _15081_/D : -36.873734
[hold in-reg] data_rvalid_i -> _15625_/D : -36.873276
[hold in-reg] data_rvalid_i -> _15433_/D : -36.873074
[hold in-reg] data_rvalid_i -> _15913_/D : -36.872856
[hold in-reg] data_rvalid_i -> _15977_/D : -36.872871
[hold in-reg] data_rvalid_i -> _15305_/D : -36.872791
[hold in-reg] data_rvalid_i -> _15849_/D : -36.872791
[hold in-reg] data_rvalid_i -> _15529_/D : -36.872345
[hold in-reg] data_rvalid_i -> _15465_/D : -36.871429
[hold in-reg] data_rvalid_i -> _15618_/D : -36.870472
[hold in-reg] data_rvalid_i -> _15721_/D : -36.868713
[hold in-reg] data_rvalid_i -> _15881_/D : -36.868504
[hold in-reg] data_rvalid_i -> _15689_/D : -36.868454
[hold in-reg] data_rvalid_i -> _16041_/D : -36.868069
[hold in-reg] data_rvalid_i -> _15785_/D : -36.867867
[hold in-reg] data_rvalid_i -> _15593_/D : -36.867805
[hold in-reg] data_rvalid_i -> _16073_/D : -36.867798
[hold in-reg] data_rvalid_i -> _16009_/D : -36.866768
[hold in-reg] data_rvalid_i -> _15497_/D : -36.863922
[hold in-reg] data_rvalid_i -> _16169_/D : -36.863907
[hold in-reg] data_rvalid_i -> _16137_/D : -36.863697
[hold in-reg] data_rvalid_i -> _15945_/D : -36.863598
[hold in-reg] boot_addr_i[14] -> _14962_/D : -36.862144
[hold in-reg] data_rvalid_i -> _15490_/D : -36.861259
[hold in-reg] data_rvalid_i -> _16034_/D : -36.860664
[hold in-reg] data_rvalid_i -> _16066_/D : -36.860096
[hold in-reg] data_rvalid_i -> _15874_/D : -36.860012
[hold in-reg] instr_rdata_i[22] -> _15091_/D : -36.856510
[hold in-reg] instr_rdata_i[19] -> _15088_/D : -36.851021
[hold in-reg] instr_rdata_i[28] -> _15099_/D : -36.844917
[hold in-reg] instr_rdata_i[17] -> _15087_/D : -36.844536
[hold in-reg] data_rvalid_i -> _15619_/D : -36.843155
[hold in-reg] data_rvalid_i -> _16099_/D : -36.843113
[hold in-reg] data_rvalid_i -> _16229_/D : -36.843113
[hold in-reg] data_rvalid_i -> _15907_/D : -36.842693
[hold in-reg] data_rvalid_i -> _15555_/D : -36.842552
[hold in-reg] data_rvalid_i -> _15875_/D : -36.834167
[hold in-reg] data_rvalid_i -> _15587_/D : -36.833569
[hold in-reg] instr_rdata_i[9] -> _15086_/D : -36.825352
[hold in-reg] instr_rdata_i[28] -> _15094_/D : -36.824448
[hold in-reg] instr_rdata_i[17] -> _15073_/D : -36.824379
[hold in-reg] debug_req_i -> _15056_/D : -36.816635
[hold in-reg] data_rdata_i[20] -> _15854_/D : -36.816288
[hold in-reg] data_rdata_i[20] -> _14480_/D : -36.815861
[hold in-reg] data_rdata_i[20] -> _15310_/D : -36.815865
[hold in-reg] data_rdata_i[20] -> _15374_/D : -36.815636
[hold in-reg] data_rdata_i[20] -> _15406_/D : -36.815659
[hold in-reg] data_rdata_i[20] -> _16240_/D : -36.815670
[hold in-reg] data_rdata_i[20] -> _15534_/D : -36.815582
[hold in-reg] data_rdata_i[20] -> _16110_/D : -36.815613
[hold in-reg] data_rdata_i[20] -> _15566_/D : -36.815563
[hold in-reg] data_rdata_i[20] -> _15662_/D : -36.815514
[hold in-reg] data_rdata_i[20] -> _15758_/D : -36.815502
[hold in-reg] data_rdata_i[20] -> _15822_/D : -36.815437
[hold in-reg] data_rdata_i[20] -> _16206_/D : -36.815311
[hold in-reg] data_rdata_i[20] -> _15918_/D : -36.814873
[hold in-reg] data_rdata_i[20] -> _15982_/D : -36.814796
[hold in-reg] data_rdata_i[20] -> _15438_/D : -36.814747
[hold in-reg] data_rdata_i[20] -> _15470_/D : -36.814552
[hold in-reg] data_rdata_i[20] -> _15342_/D : -36.814503
[hold in-reg] data_rdata_i[20] -> _15630_/D : -36.814384
[hold in-reg] instr_rdata_i[0] -> _14950_/D : -36.810493
[hold in-reg] irq_external_i -> _14953_/D : -36.809937
[hold in-reg] instr_rdata_i[0] -> _14949_/D : -36.807922
[hold in-reg] data_rdata_i[20] -> _15598_/D : -36.807087
[hold in-reg] data_rdata_i[20] -> _15726_/D : -36.806942
[hold in-reg] data_rdata_i[20] -> _15502_/D : -36.806900
[hold in-reg] data_rdata_i[20] -> _15886_/D : -36.806717
[hold in-reg] data_rdata_i[20] -> _15790_/D : -36.806572
[hold in-reg] data_rdata_i[20] -> _15694_/D : -36.806416
[hold in-reg] data_rdata_i[20] -> _15950_/D : -36.806419
[hold in-reg] data_rdata_i[20] -> _16174_/D : -36.805977
[hold in-reg] data_rdata_i[20] -> _16014_/D : -36.805927
[hold in-reg] data_rdata_i[20] -> _16046_/D : -36.805889
[hold in-reg] data_rdata_i[20] -> _16078_/D : -36.805866
[hold in-reg] data_rdata_i[20] -> _16142_/D : -36.805557
[hold in-reg] data_rvalid_i -> _15973_/D : -36.800442
[hold in-reg] data_rvalid_i -> _15429_/D : -36.800228
[hold in-reg] data_rvalid_i -> _15653_/D : -36.799004
[hold in-reg] data_rvalid_i -> _15397_/D : -36.798855
[hold in-reg] data_rvalid_i -> _15461_/D : -36.798813
[hold in-reg] data_rvalid_i -> _15813_/D : -36.798573
[hold in-reg] data_rvalid_i -> _15525_/D : -36.798401
[hold in-reg] data_rvalid_i -> _16101_/D : -36.797512
[hold in-reg] data_rvalid_i -> _15557_/D : -36.795895
[hold in-reg] instr_rdata_i[9] -> _15078_/D : -36.795391
[hold in-reg] data_rvalid_i -> _14471_/D : -36.795105
[hold in-reg] data_rvalid_i -> _16231_/D : -36.794613
[hold in-reg] data_rvalid_i -> _15749_/D : -36.794373
[hold in-reg] data_rvalid_i -> _15330_/D : -36.794140
[hold in-reg] data_rvalid_i -> _15810_/D : -36.793800
[hold in-reg] data_rvalid_i -> _16194_/D : -36.793270
[hold in-reg] instr_rdata_i[6] -> _15068_/D : -36.792019
[hold in-reg] data_rvalid_i -> _15650_/D : -36.790924
[hold in-reg] data_rvalid_i -> _15362_/D : -36.790817
[hold in-reg] data_rvalid_i -> _15333_/D : -36.790733
[hold in-reg] data_rvalid_i -> _15909_/D : -36.790527
[hold in-reg] data_rvalid_i -> _16197_/D : -36.790283
[hold in-reg] data_rvalid_i -> _15845_/D : -36.790245
[hold in-reg] data_rvalid_i -> _15301_/D : -36.790154
[hold in-reg] data_rvalid_i -> _15365_/D : -36.789986
[hold in-reg] data_rvalid_i -> _15621_/D : -36.790012
[hold in-reg] data_rvalid_i -> _15970_/D : -36.789635
[hold in-reg] data_rvalid_i -> _16069_/D : -36.789360
[hold in-reg] data_rvalid_i -> _16005_/D : -36.788349
[hold in-reg] data_rvalid_i -> _15426_/D : -36.788200
[hold in-reg] data_rvalid_i -> _15717_/D : -36.788151
[hold in-reg] data_rvalid_i -> _16100_/D : -36.788040
[hold in-reg] data_rvalid_i -> _15685_/D : -36.787769
[hold in-reg] data_rvalid_i -> _15556_/D : -36.787537
[hold in-reg] data_rvalid_i -> _16230_/D : -36.787388
[hold in-reg] data_rvalid_i -> _16165_/D : -36.787327
[hold in-reg] data_rvalid_i -> _15906_/D : -36.787216
[hold in-reg] data_rvalid_i -> _15941_/D : -36.787182
[hold in-reg] data_rvalid_i -> _15812_/D : -36.786831
[hold in-reg] data_rvalid_i -> _15748_/D : -36.786350
[hold in-reg] data_rvalid_i -> _15332_/D : -36.786125
[hold in-reg] data_rvalid_i -> _15458_/D : -36.785816
[hold in-reg] data_rvalid_i -> _16098_/D : -36.785740
[hold in-reg] data_rvalid_i -> _15589_/D : -36.785641
[hold in-reg] data_rvalid_i -> _15460_/D : -36.785259
[hold in-reg] data_rvalid_i -> _16037_/D : -36.785286
[hold in-reg] data_rvalid_i -> _15620_/D : -36.784630
[hold in-reg] data_rvalid_i -> _15428_/D : -36.784580
[hold in-reg] data_rvalid_i -> _15300_/D : -36.784328
[hold in-reg] data_rvalid_i -> _15524_/D : -36.784321
[hold in-reg] data_rvalid_i -> _15396_/D : -36.784004
[hold in-reg] data_rvalid_i -> _16196_/D : -36.783932
[hold in-reg] data_rvalid_i -> _15908_/D : -36.783798
[hold in-reg] data_rvalid_i -> _15972_/D : -36.783558
[hold in-reg] data_rvalid_i -> _15298_/D : -36.782742
[hold in-reg] data_rvalid_i -> _16228_/D : -36.782490
[hold in-reg] data_rvalid_i -> _15842_/D : -36.782249
[hold in-reg] data_rvalid_i -> _15781_/D : -36.781857
[hold in-reg] data_rvalid_i -> _16133_/D : -36.781155
[hold in-reg] data_rvalid_i -> _15493_/D : -36.781071
[hold in-reg] data_rvalid_i -> _15877_/D : -36.781097
[hold in-reg] data_rvalid_i -> _15554_/D : -36.778446
[hold in-reg] data_rvalid_i -> _15492_/D : -36.778301
[hold in-reg] data_rvalid_i -> _15940_/D : -36.778233
[hold in-reg] data_rvalid_i -> _16004_/D : -36.778225
[hold in-reg] data_rvalid_i -> _15588_/D : -36.778049
[hold in-reg] data_rvalid_i -> _15746_/D : -36.777256
[hold in-reg] data_rvalid_i -> _15716_/D : -36.776943
[hold in-reg] data_rvalid_i -> _16068_/D : -36.776737
[hold in-reg] data_rvalid_i -> _15684_/D : -36.776592
[hold in-reg] data_rvalid_i -> _15522_/D : -36.776497
[hold in-reg] data_rvalid_i -> _14468_/D : -36.776360
[hold in-reg] data_rvalid_i -> _15394_/D : -36.776176
[hold in-reg] data_rvalid_i -> _16130_/D : -36.776173
[hold in-reg] data_rvalid_i -> _15778_/D : -36.774750
[hold in-reg] data_rvalid_i -> _16132_/D : -36.774448
[hold in-reg] data_rvalid_i -> _15651_/D : -36.773800
[hold in-reg] data_rvalid_i -> _16195_/D : -36.773273
[hold in-reg] data_rvalid_i -> _15586_/D : -36.773033
[hold in-reg] data_rvalid_i -> _15938_/D : -36.771164
[hold in-reg] boot_addr_i[9] -> _15162_/D : -36.770912
[hold in-reg] data_rvalid_i -> _15682_/D : -36.770447
[hold in-reg] instr_gnt_i -> _15167_/D : -36.769230
[hold in-reg] instr_gnt_i -> _15168_/D : -36.769024
[hold in-reg] instr_gnt_i -> _15170_/D : -36.768879
[hold in-reg] instr_gnt_i -> _15173_/D : -36.768898
[hold in-reg] instr_gnt_i -> _15171_/D : -36.768681
[hold in-reg] instr_gnt_i -> _15172_/D : -36.768658
[hold in-reg] instr_gnt_i -> _15169_/D : -36.768539
[hold in-reg] data_rvalid_i -> _15714_/D : -36.767902
[hold in-reg] data_rvalid_i -> _16002_/D : -36.765656
[hold in-reg] data_rvalid_i -> _16162_/D : -36.764999
[hold in-reg] instr_rdata_i[8] -> _15077_/D : -36.762592
[hold in-reg] instr_rdata_i[0] -> _15074_/D : -36.761776
[hold in-reg] instr_rdata_i[0] -> _14951_/D : -36.756222
[hold in-reg] instr_gnt_i -> _15184_/D : -36.756073
[hold in-reg] instr_gnt_i -> _15183_/D : -36.754696
[hold in-reg] instr_gnt_i -> _15182_/D : -36.753540
[hold in-reg] instr_gnt_i -> _15181_/D : -36.753166
[hold in-reg] instr_rdata_i[8] -> _15093_/D : -36.752659
[hold in-reg] instr_gnt_i -> _15180_/D : -36.741760
[hold in-reg] instr_gnt_i -> _15179_/D : -36.741688
[hold in-reg] instr_gnt_i -> _15178_/D : -36.741444
[hold in-reg] instr_gnt_i -> _15177_/D : -36.741268
[hold in-reg] instr_gnt_i -> _15176_/D : -36.740799
[hold in-reg] instr_gnt_i -> _15174_/D : -36.740433
[hold in-reg] instr_gnt_i -> _15175_/D : -36.739872
[hold in-reg] hart_id_i[22] -> _14839_/D : -36.738609
[hold in-reg] instr_rdata_i[17] -> _15082_/D : -36.736423
[hold in-reg] boot_addr_i[11] -> _15164_/D : -36.729259
[hold in-reg] instr_rdata_i[17] -> _15137_/D : -36.724098
[hold in-reg] instr_rdata_i[14] -> _15150_/D : -36.719242
[hold in-reg] instr_rdata_i[17] -> _15083_/D : -36.719067
[hold in-reg] irq_nm_i -> _14757_/D : -36.716396
[hold in-reg] instr_rdata_i[17] -> _15076_/D : -36.716232
[hold in-reg] fetch_enable_i[0] -> _14923_/D : -36.710182
[hold in-reg] cheriot_enable_i[2] -> _14885_/D : -36.696911
[hold in-reg] instr_rdata_i[13] -> _15149_/D : -36.696533
[hold in-reg] cheriot_enable_i[2] -> _14855_/D : -36.688332
[hold in-reg] irq_nm_i -> _14643_/D : -36.673801
[hold in-reg] boot_addr_i[10] -> _15163_/D : -36.667198
[hold in-reg] data_rdata_i[16] -> _15754_/D : -36.665703
[hold in-reg] data_rdata_i[16] -> _15338_/D : -36.664692
[hold in-reg] data_rdata_i[16] -> _15306_/D : -36.664364
[hold in-reg] data_rdata_i[16] -> _15434_/D : -36.664398
[hold in-reg] instr_rdata_i[31] -> _15100_/D : -36.663734
[hold in-reg] data_rdata_i[16] -> _15914_/D : -36.663063
[hold in-reg] hart_id_i[23] -> _14840_/D : -36.662003
[hold in-reg] data_rdata_i[16] -> _15850_/D : -36.661316
[hold in-reg] data_rdata_i[16] -> _15402_/D : -36.661015
[hold in-reg] data_rdata_i[16] -> _16202_/D : -36.660950
[hold in-reg] data_rdata_i[16] -> _15530_/D : -36.660835
[hold in-reg] data_rdata_i[16] -> _15370_/D : -36.660454
[hold in-reg] data_rdata_i[16] -> _15626_/D : -36.657215
[hold in-reg] data_rdata_i[16] -> _16106_/D : -36.657154
[hold in-reg] data_rdata_i[16] -> _15562_/D : -36.657108
[hold in-reg] data_rdata_i[28] -> _15670_/D : -36.657063
[hold in-reg] data_rdata_i[16] -> _15978_/D : -36.656799
[hold in-reg] data_rdata_i[16] -> _15466_/D : -36.656704
[hold in-reg] data_rdata_i[16] -> _15658_/D : -36.656166
[hold in-reg] instr_rdata_i[17] -> _15072_/D : -36.655380
[hold in-reg] data_rdata_i[16] -> _16010_/D : -36.655220
[hold in-reg] data_rdata_i[16] -> _15818_/D : -36.655106
[hold in-reg] data_rdata_i[16] -> _16074_/D : -36.655128
[hold in-reg] data_rdata_i[16] -> _16236_/D : -36.655018
[hold in-reg] data_rdata_i[16] -> _14476_/D : -36.654968
[hold in-reg] data_rdata_i[29] -> _16249_/D : -36.654922
[hold in-reg] data_rdata_i[29] -> _15927_/D : -36.654720
[hold in-reg] data_rdata_i[29] -> _15575_/D : -36.654381
[hold in-reg] data_rdata_i[28] -> _15446_/D : -36.654217
[hold in-reg] data_rdata_i[16] -> _15786_/D : -36.654114
[hold in-reg] data_rdata_i[29] -> _15639_/D : -36.653851
[hold in-reg] data_rdata_i[29] -> _15383_/D : -36.653469
[hold in-reg] data_rdata_i[29] -> _15991_/D : -36.653351
[hold in-reg] data_rdata_i[29] -> _15447_/D : -36.653275
[hold in-reg] data_rdata_i[29] -> _15479_/D : -36.653217
[hold in-reg] data_rdata_i[29] -> _15831_/D : -36.652874
[hold in-reg] data_rdata_i[29] -> _16119_/D : -36.652901
[hold in-reg] data_rdata_i[29] -> _14489_/D : -36.652805
[hold in-reg] data_rdata_i[29] -> _15863_/D : -36.652485
[hold in-reg] data_rdata_i[23] -> _15537_/D : -36.652424
[hold in-reg] data_rdata_i[29] -> _15671_/D : -36.652382
[hold in-reg] data_rdata_i[29] -> _15767_/D : -36.652340
[hold in-reg] data_rdata_i[29] -> _16215_/D : -36.652256
[hold in-reg] data_rdata_i[29] -> _15319_/D : -36.652199
[hold in-reg] data_rdata_i[29] -> _15415_/D : -36.652119
[hold in-reg] data_rdata_i[23] -> _15569_/D : -36.652122
[hold in-reg] data_rdata_i[23] -> _15825_/D : -36.652111
[hold in-reg] data_rdata_i[29] -> _15351_/D : -36.652058
[hold in-reg] data_rdata_i[29] -> _15543_/D : -36.652084
[hold in-reg] data_rdata_i[23] -> _15441_/D : -36.652023
[hold in-reg] data_rdata_i[16] -> _16138_/D : -36.652004
[hold in-reg] data_rdata_i[23] -> _16113_/D : -36.651913
[hold in-reg] data_rdata_i[16] -> _15690_/D : -36.651478
[hold in-reg] data_rdata_i[16] -> _15946_/D : -36.651512
[hold in-reg] data_rdata_i[16] -> _15498_/D : -36.651333
[hold in-reg] data_rdata_i[23] -> _16243_/D : -36.651299
[hold in-reg] data_rdata_i[23] -> _15473_/D : -36.651226
[hold in-reg] data_rdata_i[16] -> _15722_/D : -36.651245
[hold in-reg] data_rdata_i[24] -> _15538_/D : -36.650837
[hold in-reg] data_rdata_i[24] -> _15634_/D : -36.649872
[hold in-reg] data_rdata_i[24] -> _15346_/D : -36.649094
[hold in-reg] data_rdata_i[23] -> _15633_/D : -36.648998
[hold in-reg] data_rdata_i[24] -> _15858_/D : -36.648869
[hold in-reg] data_rdata_i[24] -> _15826_/D : -36.648529
[hold in-reg] data_rdata_i[23] -> _15665_/D : -36.648319
[hold in-reg] data_rdata_i[23] -> _15377_/D : -36.648060
[hold in-reg] data_rdata_i[23] -> _15761_/D : -36.648010
[hold in-reg] data_rdata_i[16] -> _16170_/D : -36.647961
[hold in-reg] data_rdata_i[23] -> _15985_/D : -36.647869
[hold in-reg] data_rdata_i[28] -> _15606_/D : -36.647766
[hold in-reg] data_rdata_i[28] -> _16022_/D : -36.647789
[hold in-reg] data_rdata_i[28] -> _16150_/D : -36.647598
[hold in-reg] data_rdata_i[23] -> _14483_/D : -36.647552
[hold in-reg] data_rdata_i[28] -> _15702_/D : -36.647419
[hold in-reg] data_rdata_i[23] -> _15857_/D : -36.647305
[hold in-reg] data_rdata_i[24] -> _15666_/D : -36.647121
[hold in-reg] data_rdata_i[23] -> _15313_/D : -36.647072
[hold in-reg] data_rdata_i[23] -> _15345_/D : -36.647041
[hold in-reg] data_rdata_i[23] -> _15409_/D : -36.646996
[hold in-reg] data_rdata_i[16] -> _15594_/D : -36.647026
[hold in-reg] data_rdata_i[28] -> _15510_/D : -36.646961
[hold in-reg] data_rdata_i[23] -> _16209_/D : -36.646980
[hold in-reg] data_rdata_i[28] -> _15894_/D : -36.646923
[hold in-reg] data_rdata_i[23] -> _15921_/D : -36.646652
[hold in-reg] data_rdata_i[26] -> _15828_/D : -36.646042
[hold in-reg] data_rdata_i[16] -> _16042_/D : -36.646038
[hold in-reg] data_rdata_i[29] -> _16151_/D : -36.646019
[hold in-reg] data_rdata_i[26] -> _15316_/D : -36.645969
[hold in-reg] data_rdata_i[26] -> _16246_/D : -36.645973
[hold in-reg] data_rdata_i[16] -> _15882_/D : -36.645916
[hold in-reg] data_rdata_i[29] -> _16087_/D : -36.645359
[hold in-reg] data_rdata_i[26] -> _15572_/D : -36.645252
[hold in-reg] data_rdata_i[29] -> _16023_/D : -36.645195
[hold in-reg] data_rdata_i[29] -> _15735_/D : -36.645149
[hold in-reg] data_rdata_i[26] -> _15988_/D : -36.644440
[hold in-reg] data_rdata_i[26] -> _14486_/D : -36.644234
[hold in-reg] data_rdata_i[26] -> _15444_/D : -36.644188
[hold in-reg] data_rdata_i[29] -> _15607_/D : -36.643715
[hold in-reg] data_rdata_i[24] -> _16244_/D : -36.643719
[hold in-reg] data_rdata_i[24] -> _15570_/D : -36.643585
[hold in-reg] data_rdata_i[29] -> _16055_/D : -36.643379
[hold in-reg] data_rdata_i[29] -> _15895_/D : -36.643291
[hold in-reg] data_rdata_i[24] -> _16114_/D : -36.643234
[hold in-reg] data_rdata_i[29] -> _15703_/D : -36.642994
[hold in-reg] data_rdata_i[23] -> _16145_/D : -36.642929
[hold in-reg] data_rdata_i[29] -> _15959_/D : -36.642879
[hold in-reg] data_rdata_i[29] -> _15511_/D : -36.642830
[hold in-reg] data_rdata_i[29] -> _15799_/D : -36.642677
[hold in-reg] data_rdata_i[23] -> _15601_/D : -36.642605
[hold in-reg] data_rdata_i[23] -> _16017_/D : -36.642471
[hold in-reg] data_rdata_i[29] -> _16183_/D : -36.642426
[hold in-reg] data_rdata_i[24] -> _15890_/D : -36.641861
[hold in-reg] data_rdata_i[24] -> _16146_/D : -36.641838
[hold in-reg] data_rdata_i[23] -> _16081_/D : -36.641567
[hold in-reg] data_rdata_i[24] -> _16082_/D : -36.641468
[hold in-reg] data_rdata_i[24] -> _15442_/D : -36.640804
[hold in-reg] data_rdata_i[24] -> _15410_/D : -36.640293
[hold in-reg] data_rdata_i[24] -> _14484_/D : -36.640034
[hold in-reg] data_rdata_i[23] -> _15889_/D : -36.639961
[hold in-reg] irq_fast_i[0] -> _14753_/D : -36.639866
[hold in-reg] data_rdata_i[24] -> _15314_/D : -36.639870
[hold in-reg] data_rdata_i[24] -> _16210_/D : -36.639858
[hold in-reg] data_rdata_i[23] -> _15697_/D : -36.639790
[hold in-reg] data_rdata_i[24] -> _15762_/D : -36.639675
[hold in-reg] data_rdata_i[24] -> _15922_/D : -36.639675
[hold in-reg] data_rdata_i[23] -> _15505_/D : -36.639370
[hold in-reg] data_rdata_i[23] -> _15729_/D : -36.639370
[hold in-reg] data_rdata_i[24] -> _15986_/D : -36.639355
[hold in-reg] data_rdata_i[23] -> _15793_/D : -36.639278
[hold in-reg] data_rdata_i[24] -> _15378_/D : -36.639072
[hold in-reg] data_rdata_i[24] -> _15474_/D : -36.639008
[hold in-reg] data_rdata_i[24] -> _15698_/D : -36.638874
[hold in-reg] data_rdata_i[23] -> _15953_/D : -36.638058
[hold in-reg] data_rdata_i[23] -> _16177_/D : -36.637939
[hold in-reg] data_rdata_i[26] -> _15668_/D : -36.637348
[hold in-reg] data_rdata_i[23] -> _16049_/D : -36.637379
[hold in-reg] instr_gnt_i -> _15165_/D : -36.637257
[hold in-reg] data_rdata_i[26] -> _15412_/D : -36.636204
[hold in-reg] data_rdata_i[18] -> _15628_/D : -36.635643
[hold in-reg] data_rdata_i[18] -> _15532_/D : -36.635513
[hold in-reg] data_rdata_i[18] -> _15468_/D : -36.634914
[hold in-reg] data_rdata_i[26] -> _16084_/D : -36.634693
[hold in-reg] data_rdata_i[24] -> _15602_/D : -36.633938
[hold in-reg] instr_rdata_i[27] -> _15096_/D : -36.632317
[hold in-reg] data_rdata_i[18] -> _15916_/D : -36.632095
[hold in-reg] data_rdata_i[24] -> _16050_/D : -36.631531
[hold in-reg] data_rdata_i[24] -> _15794_/D : -36.631401
[hold in-reg] data_rdata_i[18] -> _15404_/D : -36.631226
[hold in-reg] data_rdata_i[24] -> _15506_/D : -36.631256
[hold in-reg] data_rdata_i[18] -> _15436_/D : -36.631214
[hold in-reg] data_rdata_i[24] -> _16178_/D : -36.630974
[hold in-reg] data_rdata_i[24] -> _15954_/D : -36.630825
[hold in-reg] data_rdata_i[19] -> _15469_/D : -36.630707
[hold in-reg] data_rdata_i[24] -> _16018_/D : -36.630611
[hold in-reg] data_rdata_i[22] -> _16208_/D : -36.630070
[hold in-reg] data_rdata_i[19] -> _15533_/D : -36.630020
[hold in-reg] data_rdata_i[24] -> _15730_/D : -36.629887
[hold in-reg] data_rdata_i[19] -> _15757_/D : -36.629810
[hold in-reg] data_rdata_i[22] -> _15984_/D : -36.629765
[hold in-reg] data_rdata_i[22] -> _15440_/D : -36.629711
[hold in-reg] data_rdata_i[22] -> _15536_/D : -36.629715
[hold in-reg] data_rdata_i[26] -> _15508_/D : -36.629673
[hold in-reg] data_rdata_i[22] -> _15376_/D : -36.629543
[hold in-reg] data_rdata_i[19] -> _15981_/D : -36.629162
[hold in-reg] data_rdata_i[18] -> _16108_/D : -36.629128
[hold in-reg] data_rdata_i[22] -> _14482_/D : -36.628399
[hold in-reg] data_rdata_i[26] -> _15796_/D : -36.628288
[hold in-reg] data_rdata_i[26] -> _15604_/D : -36.628094
[hold in-reg] data_rdata_i[26] -> _16148_/D : -36.627888
[hold in-reg] data_rdata_i[22] -> _15568_/D : -36.627769
[hold in-reg] data_rdata_i[22] -> _16242_/D : -36.627647
[hold in-reg] instr_rdata_i[0] -> _14952_/D : -36.627506
[hold in-reg] data_rvalid_i -> _14985_/D : -36.627411
[hold in-reg] data_rdata_i[22] -> _15920_/D : -36.627445
[hold in-reg] data_rdata_i[18] -> _15980_/D : -36.627407
[hold in-reg] data_rdata_i[26] -> _15860_/D : -36.627052
[hold in-reg] data_rdata_i[26] -> _15380_/D : -36.626976
[hold in-reg] data_rdata_i[26] -> _16116_/D : -36.627010
[hold in-reg] data_rdata_i[22] -> _16112_/D : -36.626968
[hold in-reg] data_rdata_i[18] -> _15564_/D : -36.626839
[hold in-reg] data_rdata_i[26] -> _15732_/D : -36.626583
[hold in-reg] data_rdata_i[18] -> _14478_/D : -36.626537
[hold in-reg] data_rdata_i[18] -> _15756_/D : -36.626438
[hold in-reg] data_rdata_i[26] -> _16212_/D : -36.626320
[hold in-reg] data_rdata_i[26] -> _15540_/D : -36.626167
[hold in-reg] data_rdata_i[18] -> _16238_/D : -36.626141
[hold in-reg] data_rdata_i[18] -> _15788_/D : -36.626064
[hold in-reg] data_rdata_i[18] -> _15948_/D : -36.625847
[hold in-reg] data_rdata_i[19] -> _15693_/D : -36.621490
[hold in-reg] data_rdata_i[22] -> _15888_/D : -36.620827
[hold in-reg] data_rdata_i[22] -> _15696_/D : -36.620651
[hold in-reg] data_rdata_i[19] -> _15501_/D : -36.620228
[hold in-reg] data_rdata_i[22] -> _15504_/D : -36.620258
[hold in-reg] data_rdata_i[22] -> _15952_/D : -36.620117
[hold in-reg] instr_rdata_i[0] -> _15136_/D : -36.620010
[hold in-reg] data_rdata_i[19] -> _15597_/D : -36.620010
[hold in-reg] data_rdata_i[22] -> _15312_/D : -36.619659
[hold in-reg] data_rdata_i[19] -> _16141_/D : -36.619633
[hold in-reg] data_rdata_i[22] -> _15728_/D : -36.619354
[hold in-reg] data_rdata_i[22] -> _15472_/D : -36.619286
[hold in-reg] data_rdata_i[22] -> _16080_/D : -36.619186
[hold in-reg] data_rdata_i[22] -> _16016_/D : -36.619114
[hold in-reg] data_rdata_i[22] -> _15792_/D : -36.619015
[hold in-reg] data_rdata_i[22] -> _15856_/D : -36.618839
[hold in-reg] data_rdata_i[22] -> _16048_/D : -36.618862
[hold in-reg] data_rdata_i[22] -> _15632_/D : -36.618736
[hold in-reg] data_rdata_i[22] -> _15664_/D : -36.618656
[hold in-reg] data_rdata_i[22] -> _15408_/D : -36.618462
[hold in-reg] data_rdata_i[22] -> _15344_/D : -36.618347
[hold in-reg] data_rdata_i[22] -> _15760_/D : -36.618252
[hold in-reg] data_rdata_i[22] -> _15824_/D : -36.618206
[hold in-reg] data_rdata_i[18] -> _16012_/D : -36.617966
[hold in-reg] data_rdata_i[22] -> _15600_/D : -36.617710
[hold in-reg] data_rdata_i[18] -> _16076_/D : -36.617489
[hold in-reg] data_rdata_i[18] -> _15596_/D : -36.617378
[hold in-reg] data_rdata_i[18] -> _15724_/D : -36.616867
[hold in-reg] data_rdata_i[21] -> _15919_/D : -36.611877
[hold in-reg] data_rdata_i[21] -> _16111_/D : -36.611843
[hold in-reg] data_rdata_i[21] -> _16241_/D : -36.611526
[hold in-reg] data_rdata_i[21] -> _15983_/D : -36.610756
[hold in-reg] data_rdata_i[21] -> _15567_/D : -36.610661
[hold in-reg] data_rdata_i[21] -> _15663_/D : -36.610298
[hold in-reg] data_rdata_i[21] -> _15375_/D : -36.610214
[hold in-reg] data_rdata_i[22] -> _16176_/D : -36.610012
[hold in-reg] data_rdata_i[21] -> _15343_/D : -36.609924
[hold in-reg] data_rdata_i[21] -> _15631_/D : -36.609810
[hold in-reg] data_rdata_i[22] -> _16144_/D : -36.608746
[hold in-reg] hart_id_i[11] -> _14997_/D : -36.608685
[hold in-reg] instr_gnt_i -> _15166_/D : -36.608444
[hold in-reg] data_rdata_i[21] -> _14481_/D : -36.608185
[hold in-reg] data_rdata_i[21] -> _15471_/D : -36.607975
[hold in-reg] data_rdata_i[21] -> _15439_/D : -36.607887
[hold in-reg] data_rdata_i[21] -> _15759_/D : -36.607891
[hold in-reg] data_rdata_i[21] -> _15823_/D : -36.607918
[hold in-reg] data_rdata_i[21] -> _16207_/D : -36.607689
[hold in-reg] data_rdata_i[21] -> _15311_/D : -36.607353
[hold in-reg] data_rdata_i[21] -> _15855_/D : -36.607391
[hold in-reg] data_rdata_i[21] -> _15535_/D : -36.607197
[hold in-reg] data_rdata_i[18] -> _15372_/D : -36.606972
[hold in-reg] data_rdata_i[21] -> _15407_/D : -36.606915
[hold in-reg] data_rdata_i[26] -> _15764_/D : -36.606804
[hold in-reg] data_rdata_i[26] -> _15636_/D : -36.606731
[hold in-reg] data_rdata_i[26] -> _15924_/D : -36.606606
[hold in-reg] data_rdata_i[26] -> _15348_/D : -36.606369
[hold in-reg] data_rdata_i[18] -> _15660_/D : -36.606354
[hold in-reg] data_rdata_i[26] -> _15476_/D : -36.606110
[hold in-reg] data_rdata_i[18] -> _15852_/D : -36.606052
[hold in-reg] data_rdata_i[18] -> _15340_/D : -36.605892
[hold in-reg] data_rdata_i[18] -> _15820_/D : -36.605797
[hold in-reg] data_rdata_i[18] -> _16204_/D : -36.605110
[hold in-reg] data_rdata_i[18] -> _15308_/D : -36.604969
[hold in-reg] data_rdata_i[21] -> _15599_/D : -36.602200
[hold in-reg] data_rdata_i[21] -> _16175_/D : -36.601425
[hold in-reg] data_rdata_i[21] -> _15727_/D : -36.601334
[hold in-reg] data_rdata_i[21] -> _15791_/D : -36.601345
[hold in-reg] data_rdata_i[21] -> _15887_/D : -36.601208
[hold in-reg] data_rdata_i[21] -> _15503_/D : -36.600883
[hold in-reg] data_rdata_i[28] -> _16118_/D : -36.600914
[hold in-reg] data_rdata_i[21] -> _16047_/D : -36.600735
[hold in-reg] data_rdata_i[27] -> _16247_/D : -36.600536
[hold in-reg] data_rdata_i[28] -> _15830_/D : -36.600452
[hold in-reg] data_rdata_i[28] -> _16248_/D : -36.600437
[hold in-reg] data_rdata_i[28] -> _15574_/D : -36.600349
[hold in-reg] data_rdata_i[27] -> _15669_/D : -36.600342
[hold in-reg] data_rdata_i[27] -> _15541_/D : -36.600258
[hold in-reg] data_rdata_i[28] -> _15638_/D : -36.600262
[hold in-reg] data_rdata_i[27] -> _15573_/D : -36.600071
[hold in-reg] data_rdata_i[27] -> _15861_/D : -36.600052
[hold in-reg] instr_gnt_i -> _15155_/D : -36.599911
[hold in-reg] data_rdata_i[28] -> _14488_/D : -36.599697
[hold in-reg] data_rdata_i[28] -> _15542_/D : -36.599697
[hold in-reg] data_rdata_i[28] -> _15766_/D : -36.599651
[hold in-reg] data_rdata_i[27] -> _15829_/D : -36.599606
[hold in-reg] data_rdata_i[28] -> _15990_/D : -36.599640
[hold in-reg] data_rdata_i[28] -> _15350_/D : -36.599560
[hold in-reg] data_rdata_i[27] -> _15925_/D : -36.599590
[hold in-reg] data_rdata_i[28] -> _15926_/D : -36.599548
[hold in-reg] data_rdata_i[28] -> _16214_/D : -36.599541
[hold in-reg] data_rdata_i[28] -> _15318_/D : -36.599499
[hold in-reg] data_rdata_i[27] -> _15381_/D : -36.599422
[hold in-reg] data_rdata_i[28] -> _15414_/D : -36.599361
[hold in-reg] data_rdata_i[28] -> _15862_/D : -36.598850
[hold in-reg] instr_gnt_i -> _15161_/D : -36.598808
[hold in-reg] data_rdata_i[28] -> _15382_/D : -36.598782
[hold in-reg] data_rdata_i[28] -> _15478_/D : -36.598812
[hold in-reg] data_rdata_i[21] -> _16079_/D : -36.598438
[hold in-reg] data_rdata_i[21] -> _16015_/D : -36.598381
[hold in-reg] data_rdata_i[21] -> _15951_/D : -36.598045
[hold in-reg] data_rdata_i[21] -> _16143_/D : -36.597969
[hold in-reg] data_rdata_i[18] -> _16140_/D : -36.597755
[hold in-reg] instr_gnt_i -> _15156_/D : -36.597675
[hold in-reg] data_rdata_i[26] -> _16180_/D : -36.597603
[hold in-reg] data_rdata_i[26] -> _15700_/D : -36.597534
[hold in-reg] data_rdata_i[26] -> _16052_/D : -36.597332
[hold in-reg] data_rdata_i[18] -> _15884_/D : -36.597202
[hold in-reg] data_rdata_i[26] -> _16020_/D : -36.597221
[hold in-reg] data_rdata_i[26] -> _15956_/D : -36.597137
[hold in-reg] data_rdata_i[18] -> _16044_/D : -36.597095
[hold in-reg] data_rdata_i[21] -> _15695_/D : -36.597019
[hold in-reg] data_rdata_i[26] -> _15892_/D : -36.596600
[hold in-reg] data_rdata_i[18] -> _15692_/D : -36.596527
[hold in-reg] data_rdata_i[18] -> _16172_/D : -36.596508
[hold in-reg] data_rdata_i[18] -> _15500_/D : -36.595905
[hold in-reg] instr_gnt_i -> _15158_/D : -36.595173
[hold in-reg] instr_gnt_i -> _15157_/D : -36.594906
[hold in-reg] instr_gnt_i -> _15159_/D : -36.594570
[hold in-reg] instr_gnt_i -> _15160_/D : -36.594456
[hold in-reg] data_rdata_i[27] -> _15701_/D : -36.590950
[hold in-reg] data_rdata_i[27] -> _15733_/D : -36.590843
[hold in-reg] data_rdata_i[28] -> _15734_/D : -36.590797
[hold in-reg] data_rdata_i[27] -> _16181_/D : -36.590790
[hold in-reg] data_rdata_i[28] -> _16182_/D : -36.590500
[hold in-reg] data_rdata_i[28] -> _16054_/D : -36.590450
[hold in-reg] data_rdata_i[27] -> _15957_/D : -36.590405
[hold in-reg] data_rdata_i[28] -> _15958_/D : -36.590225
[hold in-reg] data_rdata_i[28] -> _15798_/D : -36.590122
[hold in-reg] data_rdata_i[27] -> _16085_/D : -36.589985
[hold in-reg] cheriot_enable_i[2] -> _14886_/D : -36.588852
[hold in-reg] data_rdata_i[28] -> _16086_/D : -36.588863
[hold in-reg] hart_id_i[14] -> _15000_/D : -36.588211
[hold in-reg] hart_id_i[31] -> _14848_/D : -36.581261
[hold in-reg] data_err_i -> _14904_/D : -36.573021
[hold in-reg] data_err_i -> _14911_/D : -36.572712
[hold in-reg] data_err_i -> _14909_/D : -36.572109
[hold in-reg] data_err_i -> _14914_/D : -36.571861
[hold in-reg] data_err_i -> _14906_/D : -36.571724
[hold in-reg] data_err_i -> _14907_/D : -36.571671
[hold in-reg] data_err_i -> _14908_/D : -36.571442
[hold in-reg] data_err_i -> _14905_/D : -36.571320
[hold in-reg] data_err_i -> _14912_/D : -36.571335
[hold in-reg] data_err_i -> _14903_/D : -36.571068
[hold in-reg] data_err_i -> _14915_/D : -36.570686
[hold in-reg] data_err_i -> _14910_/D : -36.570236
[hold in-reg] data_err_i -> _14916_/D : -36.568470
[hold in-reg] data_err_i -> _14902_/D : -36.568291
[hold in-reg] data_err_i -> _14913_/D : -36.567947
[hold in-reg] instr_rdata_i[17] -> _15095_/D : -36.567909
[hold in-reg] data_err_i -> _14901_/D : -36.566422
[hold in-reg] instr_rdata_i[2] -> _15071_/D : -36.562897
[hold in-reg] hart_id_i[11] -> _14435_/D : -36.554245
[hold in-reg] instr_rdata_i[13] -> _15070_/D : -36.553688
[hold in-reg] hart_id_i[25] -> _15011_/D : -36.551975
[hold in-reg] data_err_i -> _14899_/D : -36.547939
[hold in-reg] instr_rdata_i[17] -> _15084_/D : -36.546021
[hold in-reg] irq_nm_i -> _14758_/D : -36.539196
[hold in-reg] instr_rdata_i[17] -> _15092_/D : -36.538319
[hold in-reg] hart_id_i[14] -> _14438_/D : -36.531673
[hold in-reg] data_rvalid_i -> _15067_/D : -36.530827
[hold in-reg] hart_id_i[14] -> _14588_/D : -36.530594
[hold in-reg] instr_rdata_i[29] -> _15098_/D : -36.523754
[hold in-reg] hart_id_i[14] -> _14701_/D : -36.521160
[hold in-reg] hart_id_i[14] -> _14659_/D : -36.520954
[hold in-reg] hart_id_i[11] -> _14585_/D : -36.520405
[hold in-reg] instr_rdata_i[0] -> _15085_/D : -36.519707
[hold in-reg] hart_id_i[14] -> _14831_/D : -36.512844
[hold in-reg] irq_fast_i[2] -> _14754_/D : -36.512463
[hold in-reg] hart_id_i[11] -> _14571_/D : -36.511555
[hold in-reg] data_err_i -> _15015_/D : -36.511387
[hold in-reg] data_err_i -> _15016_/D : -36.511410
[hold in-reg] hart_id_i[11] -> _14656_/D : -36.511253
[hold in-reg] hart_id_i[11] -> _14698_/D : -36.511280
[hold in-reg] data_err_i -> _15017_/D : -36.503597
[hold in-reg] instr_rdata_i[13] -> _15069_/D : -36.500423
[hold in-reg] instr_rdata_i[21] -> _15090_/D : -36.496616
[hold in-reg] data_rdata_i[14] -> _15992_/D : -36.493988
[hold in-reg] data_rdata_i[14] -> _16216_/D : -36.493988
[hold in-reg] data_rdata_i[14] -> _16250_/D : -36.493591
[hold in-reg] data_rdata_i[14] -> _14490_/D : -36.493439
[hold in-reg] data_rdata_i[14] -> _15448_/D : -36.493446
[hold in-reg] data_rdata_i[14] -> _15576_/D : -36.493336
[hold in-reg] data_rdata_i[14] -> _16120_/D : -36.493305
[hold in-reg] data_rdata_i[14] -> _15928_/D : -36.493164
[hold in-reg] data_rdata_i[14] -> _15832_/D : -36.493061
[hold in-reg] instr_rdata_i[28] -> _15080_/D : -36.490856
[hold in-reg] data_rdata_i[1] -> _15307_/D : -36.486275
[hold in-reg] data_rdata_i[1] -> _15979_/D : -36.485939
[hold in-reg] instr_rdata_i[17] -> _15075_/D : -36.485268
[hold in-reg] data_rdata_i[1] -> _15339_/D : -36.485226
[hold in-reg] data_rdata_i[19] -> _15565_/D : -36.485107
[hold in-reg] data_rdata_i[19] -> _16239_/D : -36.485138
[hold in-reg] data_rdata_i[19] -> _15373_/D : -36.484924
[hold in-reg] data_rdata_i[1] -> _15851_/D : -36.484875
[hold in-reg] data_rdata_i[14] -> _15608_/D : -36.484692
[hold in-reg] data_rdata_i[19] -> _15437_/D : -36.484364
[hold in-reg] data_rdata_i[1] -> _15819_/D : -36.484234
[hold in-reg] data_rdata_i[1] -> _16203_/D : -36.484245
[hold in-reg] data_rdata_i[1] -> _15435_/D : -36.484093
[hold in-reg] data_rdata_i[19] -> _15405_/D : -36.484035
[hold in-reg] data_rdata_i[19] -> _14479_/D : -36.483852
[hold in-reg] data_rdata_i[19] -> _15341_/D : -36.483879
[hold in-reg] data_rdata_i[1] -> _15371_/D : -36.483860
[hold in-reg] data_rdata_i[19] -> _15821_/D : -36.483818
[hold in-reg] data_rdata_i[19] -> _15661_/D : -36.483780
[hold in-reg] data_rdata_i[1] -> _15467_/D : -36.483555
[hold in-reg] data_rdata_i[19] -> _16205_/D : -36.483433
[hold in-reg] data_rdata_i[14] -> _15736_/D : -36.483379
[hold in-reg] data_rdata_i[19] -> _15309_/D : -36.483196
[hold in-reg] data_rdata_i[19] -> _16109_/D : -36.483231
[hold in-reg] data_rdata_i[19] -> _15629_/D : -36.483150
[hold in-reg] data_rdata_i[19] -> _15853_/D : -36.483173
[hold in-reg] data_rdata_i[19] -> _15917_/D : -36.483032
[hold in-reg] data_rdata_i[1] -> _15531_/D : -36.482986
[hold in-reg] data_rvalid_i -> _14418_/D : -36.482079
[hold in-reg] data_err_i -> _14895_/D : -36.480026
[hold in-reg] data_rdata_i[1] -> _16011_/D : -36.477005
[hold in-reg] data_rdata_i[1] -> _16139_/D : -36.477020
[hold in-reg] data_rdata_i[1] -> _16171_/D : -36.476978
[hold in-reg] data_rdata_i[1] -> _15499_/D : -36.476871
[hold in-reg] data_rdata_i[1] -> _15883_/D : -36.476017
[hold in-reg] data_rdata_i[1] -> _15691_/D : -36.475979
[hold in-reg] data_rdata_i[19] -> _15725_/D : -36.475941
[hold in-reg] data_rdata_i[1] -> _15787_/D : -36.475685
[hold in-reg] data_rdata_i[19] -> _16077_/D : -36.475609
[hold in-reg] data_rdata_i[1] -> _15947_/D : -36.475479
[hold in-reg] data_rdata_i[1] -> _16237_/D : -36.475430
[hold in-reg] data_rdata_i[1] -> _16107_/D : -36.475262
[hold in-reg] data_rdata_i[1] -> _15659_/D : -36.475094
[hold in-reg] data_rdata_i[1] -> _16075_/D : -36.475075
[hold in-reg] data_rdata_i[1] -> _15563_/D : -36.474907
[hold in-reg] data_rdata_i[1] -> _14477_/D : -36.474709
[hold in-reg] data_rdata_i[1] -> _15403_/D : -36.474663
[hold in-reg] data_rdata_i[1] -> _15755_/D : -36.474567
[hold in-reg] data_rdata_i[19] -> _16173_/D : -36.474598
[hold in-reg] data_rvalid_i -> _14786_/D : -36.474529
[hold in-reg] data_rdata_i[19] -> _15789_/D : -36.474365
[hold in-reg] data_rdata_i[1] -> _15915_/D : -36.474236
[hold in-reg] data_rdata_i[19] -> _16013_/D : -36.474197
[hold in-reg] data_rdata_i[19] -> _16045_/D : -36.474209
[hold in-reg] data_rdata_i[1] -> _15627_/D : -36.474121
[hold in-reg] data_rdata_i[19] -> _15949_/D : -36.474125
[hold in-reg] data_rdata_i[1] -> _15723_/D : -36.473801
[hold in-reg] data_rdata_i[19] -> _15885_/D : -36.473354
[hold in-reg] data_rdata_i[27] -> _14487_/D : -36.472729
[hold in-reg] data_rdata_i[27] -> _16117_/D : -36.472630
[hold in-reg] data_rdata_i[27] -> _15989_/D : -36.472424
[hold in-reg] data_rdata_i[27] -> _15413_/D : -36.472252
[hold in-reg] hart_id_i[11] -> _14828_/D : -36.469784
[hold in-reg] data_err_i -> _14898_/D : -36.466862
[hold in-reg] data_err_i -> _14900_/D : -36.466507
[hold in-reg] data_rdata_i[1] -> _15595_/D : -36.466290
[hold in-reg] data_err_i -> _14390_/D : -36.466141
[hold in-reg] data_rdata_i[1] -> _16043_/D : -36.466148
[hold in-reg] data_err_i -> _14391_/D : -36.464958
[hold in-reg] data_err_i -> _14896_/D : -36.464920
[hold in-reg] data_err_i -> _14897_/D : -36.464947
[hold in-reg] data_rdata_i[27] -> _15605_/D : -36.464157
[hold in-reg] data_err_i -> _14894_/D : -36.463856
[hold in-reg] hart_id_i[11] -> _14732_/D : -36.448952
[hold in-reg] data_rdata_i[31] -> _16251_/D : -36.447254
[hold in-reg] data_rdata_i[31] -> _15321_/D : -36.446636
[hold in-reg] data_rdata_i[31] -> _15673_/D : -36.446617
[hold in-reg] data_rdata_i[31] -> _15769_/D : -36.446621
[hold in-reg] data_rdata_i[31] -> _15481_/D : -36.446503
[hold in-reg] data_rdata_i[31] -> _15449_/D : -36.446289
[hold in-reg] data_rdata_i[31] -> _16121_/D : -36.446247
[hold in-reg] data_rdata_i[31] -> _15577_/D : -36.445988
[hold in-reg] data_rdata_i[31] -> _15929_/D : -36.445927
[hold in-reg] data_err_i -> _14389_/D : -36.445019
[hold in-reg] data_rvalid_i -> _14412_/D : -36.439312
[hold in-reg] data_rvalid_i -> _14413_/D : -36.439041
[hold in-reg] data_rvalid_i -> _14419_/D : -36.438488
[hold in-reg] data_rvalid_i -> _14411_/D : -36.438213
[hold in-reg] data_rdata_i[31] -> _15609_/D : -36.437916
[hold in-reg] data_rdata_i[31] -> _16089_/D : -36.437943
[hold in-reg] hart_id_i[14] -> _14735_/D : -36.437878
[hold in-reg] data_rdata_i[31] -> _16025_/D : -36.437538
[hold in-reg] data_rdata_i[31] -> _15961_/D : -36.437160
[hold in-reg] data_rdata_i[31] -> _16185_/D : -36.437126
[hold in-reg] data_rdata_i[31] -> _15737_/D : -36.436855
[hold in-reg] data_rvalid_i -> _14422_/D : -36.432167
[hold in-reg] data_rvalid_i -> _14410_/D : -36.431244
[hold in-reg] data_rvalid_i -> _14420_/D : -36.431244
[hold in-reg] data_rvalid_i -> _14408_/D : -36.431202
[hold in-reg] data_rvalid_i -> _14421_/D : -36.430790
[hold in-reg] hart_id_i[25] -> _14599_/D : -36.427975
[hold in-reg] data_rvalid_i -> _14787_/D : -36.427807
[hold in-reg] data_rvalid_i -> _14409_/D : -36.424618
[hold in-reg] data_rvalid_i -> _14407_/D : -36.421310
[hold in-reg] hart_id_i[25] -> _14565_/D : -36.419884
[hold in-reg] hart_id_i[22] -> _15008_/D : -36.419399
[hold in-reg] data_rvalid_i -> _14406_/D : -36.419083
[hold in-reg] hart_id_i[25] -> _14712_/D : -36.419048
[hold in-reg] data_err_i -> _14891_/D : -36.418644
[hold in-reg] data_err_i -> _14888_/D : -36.418335
[hold in-reg] data_err_i -> _14892_/D : -36.418297
[hold in-reg] data_err_i -> _14890_/D : -36.418159
[hold in-reg] data_err_i -> _14893_/D : -36.418106
[hold in-reg] hart_id_i[25] -> _14670_/D : -36.418060
[hold in-reg] data_rvalid_i -> _14405_/D : -36.416706
[hold in-reg] data_err_i -> _14887_/D : -36.415947
[hold in-reg] data_err_i -> _14889_/D : -36.415943
[hold in-reg] hart_id_i[25] -> _14746_/D : -36.414864
[hold in-reg] data_rvalid_i -> _14417_/D : -36.413300
[hold in-reg] data_rvalid_i -> _14416_/D : -36.412868
[hold in-reg] data_rvalid_i -> _14415_/D : -36.412727
[hold in-reg] data_rvalid_i -> _14414_/D : -36.412258
[hold in-reg] fetch_enable_i[0] -> _15102_/D : -36.412144
[hold in-reg] data_rvalid_i -> _14790_/D : -36.402946
[hold in-reg] data_rvalid_i -> _14789_/D : -36.400990
[hold in-reg] data_rvalid_i -> _14788_/D : -36.400776
[hold in-reg] data_rvalid_i -> _14784_/D : -36.398823
[hold in-reg] data_rvalid_i -> _14785_/D : -36.398769
[hold in-reg] data_rvalid_i -> _14402_/D : -36.397839
[hold in-reg] data_rvalid_i -> _14423_/D : -36.397221
[hold in-reg] data_rvalid_i -> _14404_/D : -36.396759
[hold in-reg] data_rvalid_i -> _14403_/D : -36.396236
[hold in-reg] hart_id_i[12] -> _14829_/D : -36.396000
[hold in-reg] data_rvalid_i -> _14783_/D : -36.395409
[hold in-reg] data_rvalid_i -> _14782_/D : -36.393970
[hold in-reg] data_rvalid_i -> _14780_/D : -36.393459
[hold in-reg] data_rvalid_i -> _14781_/D : -36.393444
[hold in-reg] data_rvalid_i -> _14776_/D : -36.393341
[hold in-reg] data_rvalid_i -> _14778_/D : -36.391792
[hold in-reg] data_rvalid_i -> _14779_/D : -36.391304
[hold in-reg] data_rvalid_i -> _14777_/D : -36.390755
[hold in-reg] data_rvalid_i -> _14775_/D : -36.386990
[hold in-reg] data_rvalid_i -> _14791_/D : -36.386173
[hold in-reg] irq_nm_i -> _14954_/D : -36.385597
[hold in-reg] data_rvalid_i -> _14774_/D : -36.382305
[hold in-reg] data_rvalid_i -> _14399_/D : -36.381119
[hold in-reg] hart_id_i[16] -> _14833_/D : -36.380047
[hold in-reg] data_rvalid_i -> _14400_/D : -36.379974
[hold in-reg] data_rvalid_i -> _14401_/D : -36.379433
[hold in-reg] data_rvalid_i -> _14772_/D : -36.377106
[hold in-reg] data_rvalid_i -> _14773_/D : -36.375816
[hold in-reg] data_err_i -> _14388_/D : -36.372341
[hold in-reg] irq_external_i -> _14756_/D : -36.364239
[hold in-reg] data_rvalid_i -> _14760_/D : -36.363380
[hold in-reg] data_rvalid_i -> _14761_/D : -36.358459
[hold in-reg] data_rvalid_i -> _14766_/D : -36.357033
[hold in-reg] data_rvalid_i -> _14768_/D : -36.356651
[hold in-reg] data_rvalid_i -> _14767_/D : -36.356541
[hold in-reg] data_rvalid_i -> _14769_/D : -36.356197
[hold in-reg] data_rvalid_i -> _14771_/D : -36.354774
[hold in-reg] data_rvalid_i -> _14770_/D : -36.354710
[hold in-reg] data_rvalid_i -> _14392_/D : -36.351616
[hold in-reg] data_rvalid_i -> _14762_/D : -36.351189
[hold in-reg] data_rvalid_i -> _14395_/D : -36.349113
[hold in-reg] irq_timer_i -> _14824_/D : -36.342903
[hold in-reg] data_err_i -> _14750_/D : -36.337521
[hold in-reg] data_rdata_i[14] -> _15416_/D : -36.332077
[hold in-reg] data_rdata_i[14] -> _15864_/D : -36.332043
[hold in-reg] data_rdata_i[14] -> _15480_/D : -36.331936
[hold in-reg] data_rdata_i[14] -> _15384_/D : -36.331871
[hold in-reg] data_rdata_i[14] -> _15672_/D : -36.331886
[hold in-reg] data_rdata_i[14] -> _15768_/D : -36.331848
[hold in-reg] data_rdata_i[14] -> _15352_/D : -36.331348
[hold in-reg] data_rdata_i[14] -> _15640_/D : -36.331314
[hold in-reg] data_rdata_i[14] -> _15544_/D : -36.331062
[hold in-reg] data_rdata_i[14] -> _15320_/D : -36.330959
[hold in-reg] irq_fast_i[1] -> _14834_/D : -36.328114
[hold in-reg] hart_id_i[22] -> _14596_/D : -36.327309
[hold in-reg] data_rdata_i[14] -> _16024_/D : -36.322731
[hold in-reg] data_rdata_i[14] -> _15960_/D : -36.321918
[hold in-reg] data_rdata_i[14] -> _16088_/D : -36.321938
[hold in-reg] data_rdata_i[14] -> _15800_/D : -36.321896
[hold in-reg] data_rdata_i[14] -> _16152_/D : -36.321648
[hold in-reg] hart_id_i[22] -> _14709_/D : -36.321568
[hold in-reg] data_rdata_i[14] -> _16184_/D : -36.321472
[hold in-reg] data_rdata_i[14] -> _16056_/D : -36.321400
[hold in-reg] data_rdata_i[14] -> _15704_/D : -36.321205
[hold in-reg] data_rdata_i[14] -> _15896_/D : -36.321026
[hold in-reg] data_rdata_i[14] -> _15512_/D : -36.320881
[hold in-reg] hart_id_i[22] -> _14667_/D : -36.317924
[hold in-reg] hart_id_i[22] -> _14562_/D : -36.317570
[hold in-reg] data_rvalid_i -> _14393_/D : -36.317204
[hold in-reg] data_rvalid_i -> _14394_/D : -36.315956
[hold in-reg] hart_id_i[14] -> _14538_/D : -36.311630
[hold in-reg] data_rvalid_i -> _14841_/D : -36.311642
[hold in-reg] hart_id_i[27] -> _14844_/D : -36.310833
[hold in-reg] irq_fast_i[12] -> _14602_/D : -36.310719
[hold in-reg] data_rdata_i[27] -> _15445_/D : -36.310024
[hold in-reg] data_rdata_i[27] -> _16213_/D : -36.309925
[hold in-reg] data_rdata_i[27] -> _15637_/D : -36.309437
[hold in-reg] data_rdata_i[27] -> _15317_/D : -36.309208
[hold in-reg] data_rdata_i[27] -> _15349_/D : -36.308968
[hold in-reg] data_rdata_i[27] -> _15477_/D : -36.308929
[hold in-reg] data_rdata_i[27] -> _15765_/D : -36.308872
[hold in-reg] data_rdata_i[25] -> _15379_/D : -36.306709
[hold in-reg] data_rvalid_i -> _14397_/D : -36.306637
[hold in-reg] data_rvalid_i -> _14398_/D : -36.306515
[hold in-reg] data_rvalid_i -> _14396_/D : -36.306252
[hold in-reg] data_rdata_i[25] -> _15539_/D : -36.305935
[hold in-reg] data_rdata_i[25] -> _15347_/D : -36.305893
[hold in-reg] data_rdata_i[25] -> _16211_/D : -36.305695
[hold in-reg] data_rdata_i[25] -> _15315_/D : -36.305058
[hold in-reg] data_rdata_i[25] -> _15635_/D : -36.304996
[hold in-reg] data_rdata_i[25] -> _15763_/D : -36.305019
[hold in-reg] data_rdata_i[25] -> _15923_/D : -36.304741
[hold in-reg] data_rdata_i[25] -> _15443_/D : -36.304451
[hold in-reg] data_rdata_i[25] -> _15827_/D : -36.304256
[hold in-reg] data_rdata_i[25] -> _15859_/D : -36.304195
[hold in-reg] data_rdata_i[25] -> _15475_/D : -36.304031
[hold in-reg] data_rdata_i[25] -> _15667_/D : -36.303612
[hold in-reg] data_rdata_i[25] -> _14485_/D : -36.303131
[hold in-reg] hart_id_i[25] -> _14449_/D : -36.302971
[hold in-reg] irq_fast_i[12] -> _14673_/D : -36.302975
[hold in-reg] data_rdata_i[25] -> _15411_/D : -36.302757
[hold in-reg] data_rvalid_i -> _14763_/D : -36.302605
[hold in-reg] data_rvalid_i -> _14765_/D : -36.301968
[hold in-reg] data_rdata_i[25] -> _15987_/D : -36.301926
[hold in-reg] data_rdata_i[25] -> _16245_/D : -36.301693
[hold in-reg] data_rdata_i[25] -> _16115_/D : -36.301582
[hold in-reg] data_rvalid_i -> _14764_/D : -36.301453
[hold in-reg] data_rdata_i[25] -> _15571_/D : -36.301418
[hold in-reg] irq_fast_i[12] -> _14715_/D : -36.300846
[hold in-reg] irq_fast_i[12] -> _14568_/D : -36.300694
[hold in-reg] data_rdata_i[27] -> _16021_/D : -36.300705
[hold in-reg] data_rdata_i[27] -> _15893_/D : -36.300587
[hold in-reg] data_rdata_i[27] -> _15509_/D : -36.300381
[hold in-reg] data_rdata_i[27] -> _15797_/D : -36.300396
[hold in-reg] data_rdata_i[27] -> _16053_/D : -36.300316
[hold in-reg] data_rdata_i[27] -> _16149_/D : -36.299843
[hold in-reg] data_rdata_i[25] -> _15507_/D : -36.297802
[hold in-reg] data_rdata_i[25] -> _16019_/D : -36.296555
[hold in-reg] data_rdata_i[25] -> _15891_/D : -36.296398
[hold in-reg] data_rdata_i[25] -> _16179_/D : -36.296299
[hold in-reg] data_rdata_i[25] -> _16147_/D : -36.296143
[hold in-reg] data_err_i -> _15013_/D : -36.294632
[hold in-reg] data_rdata_i[25] -> _16051_/D : -36.294430
[hold in-reg] data_err_i -> _15006_/D : -36.294262
[hold in-reg] data_rdata_i[25] -> _15795_/D : -36.293663
[hold in-reg] data_rdata_i[25] -> _15699_/D : -36.293446
[hold in-reg] data_rdata_i[25] -> _15603_/D : -36.293106
[hold in-reg] data_rdata_i[25] -> _16083_/D : -36.292145
[hold in-reg] data_rdata_i[25] -> _15955_/D : -36.291946
[hold in-reg] data_rdata_i[25] -> _15731_/D : -36.291431
[hold in-reg] hart_id_i[25] -> _14842_/D : -36.287449
[hold in-reg] cheriot_enable_i[2] -> _15053_/D : -36.284481
[hold in-reg] data_rdata_i[31] -> _15641_/D : -36.283043
[hold in-reg] data_err_i -> _14737_/D : -36.282677
[hold in-reg] data_err_i -> _14736_/D : -36.282604
[hold in-reg] data_rdata_i[31] -> _15385_/D : -36.282261
[hold in-reg] data_rdata_i[31] -> _15353_/D : -36.282181
[hold in-reg] data_err_i -> _14738_/D : -36.280594
[hold in-reg] data_err_i -> _14749_/D : -36.279823
[hold in-reg] data_rdata_i[31] -> _16217_/D : -36.279343
[hold in-reg] data_rdata_i[31] -> _15993_/D : -36.279228
[hold in-reg] data_rdata_i[31] -> _15545_/D : -36.279186
[hold in-reg] data_rdata_i[31] -> _15865_/D : -36.279190
[hold in-reg] data_rdata_i[31] -> _14491_/D : -36.278801
[hold in-reg] data_rdata_i[31] -> _15833_/D : -36.278664
[hold in-reg] data_rdata_i[31] -> _15417_/D : -36.278496
[hold in-reg] data_err_i -> _14743_/D : -36.278198
[hold in-reg] hart_id_i[25] -> _14549_/D : -36.276081
[hold in-reg] data_rdata_i[31] -> _15705_/D : -36.274868
[hold in-reg] data_rdata_i[31] -> _16153_/D : -36.273968
[hold in-reg] data_rdata_i[31] -> _15513_/D : -36.273632
[hold in-reg] hart_id_i[23] -> _14744_/D : -36.271961
[hold in-reg] hart_id_i[23] -> _14447_/D : -36.271267
[hold in-reg] data_err_i -> _14739_/D : -36.270550
[hold in-reg] data_err_i -> _14740_/D : -36.270531
[hold in-reg] data_rdata_i[31] -> _16057_/D : -36.270287
[hold in-reg] data_rdata_i[31] -> _15801_/D : -36.270107
[hold in-reg] data_rdata_i[31] -> _15897_/D : -36.270004
[hold in-reg] hart_id_i[23] -> _14597_/D : -36.268070
[hold in-reg] hart_id_i[5] -> _14429_/D : -36.265148
[hold in-reg] hart_id_i[11] -> _14535_/D : -36.259068
[hold in-reg] hart_id_i[23] -> _14668_/D : -36.259060
[hold in-reg] hart_id_i[23] -> _14710_/D : -36.259048
[hold in-reg] data_err_i -> _14731_/D : -36.259026
[hold in-reg] data_err_i -> _14733_/D : -36.258114
[hold in-reg] data_err_i -> _14734_/D : -36.257683
[hold in-reg] hart_id_i[23] -> _14563_/D : -36.257393
[hold in-reg] hart_id_i[13] -> _14999_/D : -36.256264
[hold in-reg] hart_id_i[19] -> _15005_/D : -36.256031
[hold in-reg] data_err_i -> _14745_/D : -36.255096
[hold in-reg] data_err_i -> _14751_/D : -36.254192
[hold in-reg] hart_id_i[11] -> _14622_/D : -36.253834
[hold in-reg] data_err_i -> _14727_/D : -36.249615
[hold in-reg] hart_id_i[5] -> _14822_/D : -36.249584
[hold in-reg] hart_id_i[14] -> _14625_/D : -36.249462
[hold in-reg] data_err_i -> _14747_/D : -36.247593
[hold in-reg] fetch_enable_i[0] -> _14955_/D : -36.247112
[hold in-reg] hart_id_i[8] -> _14825_/D : -36.237339
[hold in-reg] data_err_i -> _14725_/D : -36.234295
[hold in-reg] data_err_i -> _14729_/D : -36.233269
[hold in-reg] data_err_i -> _14723_/D : -36.233131
[hold in-reg] data_err_i -> _14730_/D : -36.233139
[hold in-reg] data_rvalid_i -> _14456_/D : -36.231892
[hold in-reg] irq_fast_i[12] -> _14452_/D : -36.230770
[hold in-reg] data_err_i -> _14726_/D : -36.230412
[hold in-reg] data_err_i -> _14742_/D : -36.227177
[hold in-reg] hart_id_i[5] -> _14991_/D : -36.226753
[hold in-reg] hart_id_i[8] -> _14994_/D : -36.224819
[hold in-reg] hart_id_i[8] -> _14432_/D : -36.224400
[hold in-reg] data_err_i -> _14741_/D : -36.222935
[hold in-reg] hart_id_i[25] -> _14636_/D : -36.205807
[hold in-reg] data_err_i -> _14728_/D : -36.202755
[hold in-reg] hart_id_i[22] -> _14446_/D : -36.199757
[hold in-reg] irq_nm_i -> _14755_/D : -36.192799
[hold in-reg] data_err_i -> _14722_/D : -36.191544
[hold in-reg] hart_id_i[11] -> _14607_/D : -36.182827
[hold in-reg] data_err_i -> _14748_/D : -36.180984
[hold in-reg] hart_id_i[0] -> _14817_/D : -36.180054
[hold in-reg] data_err_i -> _14724_/D : -36.178844
[hold in-reg] hart_id_i[19] -> _14836_/D : -36.174904
[hold in-reg] hart_id_i[13] -> _14587_/D : -36.166988
[hold in-reg] hart_id_i[19] -> _14593_/D : -36.163761
[hold in-reg] hart_id_i[13] -> _14658_/D : -36.158169
[hold in-reg] hart_id_i[13] -> _14700_/D : -36.158005
[hold in-reg] hart_id_i[19] -> _14664_/D : -36.154766
[hold in-reg] hart_id_i[19] -> _14706_/D : -36.154747
[hold in-reg] hart_id_i[19] -> _14559_/D : -36.154194
[hold in-reg] data_err_i -> _14721_/D : -36.153484
[hold in-reg] hart_id_i[22] -> _14546_/D : -36.141346
[hold in-reg] hart_id_i[5] -> _14579_/D : -36.140610
[hold in-reg] hart_id_i[8] -> _14582_/D : -36.136791
[hold in-reg] hart_id_i[30] -> _14847_/D : -36.136169
[hold in-reg] hart_id_i[31] -> _14718_/D : -36.134632
[hold in-reg] data_err_i -> _14385_/D : -36.133575
[hold in-reg] data_err_i -> _14644_/D : -36.133076
[hold in-reg] hart_id_i[5] -> _14650_/D : -36.129784
[hold in-reg] hart_id_i[5] -> _14692_/D : -36.129616
[hold in-reg] hart_id_i[8] -> _14653_/D : -36.127625
[hold in-reg] hart_id_i[8] -> _14695_/D : -36.127575
[hold in-reg] irq_fast_i[12] -> _14552_/D : -36.127220
[hold in-reg] hart_id_i[31] -> _14605_/D : -36.118912
[hold in-reg] hart_id_i[21] -> _14838_/D : -36.113747
[hold in-reg] hart_id_i[23] -> _14547_/D : -36.111965
[hold in-reg] hart_id_i[22] -> _14633_/D : -36.109447
[hold in-reg] hart_id_i[31] -> _14676_/D : -36.108364
[hold in-reg] irq_fast_i[1] -> _15003_/D : -36.100933
[hold in-reg] data_err_i -> _15007_/D : -36.098866
[hold in-reg] cheriot_enable_i[2] -> _15062_/D : -36.095322
[hold in-reg] irq_fast_i[12] -> _14845_/D : -36.086155
[hold in-reg] data_err_i -> _16219_/D : -36.082920
[hold in-reg] hart_id_i[10] -> _14996_/D : -36.082329
[hold in-reg] data_err_i -> _16218_/D : -36.081554
[hold in-reg] fetch_enable_i[0] -> _15129_/D : -36.080585
[hold in-reg] fetch_enable_i[0] -> _15132_/D : -36.080273
[hold in-reg] fetch_enable_i[0] -> _15131_/D : -36.079945
[hold in-reg] fetch_enable_i[0] -> _15118_/D : -36.079453
[hold in-reg] irq_nm_i -> _14720_/D : -36.078754
[hold in-reg] fetch_enable_i[0] -> _15119_/D : -36.078423
[hold in-reg] fetch_enable_i[0] -> _15130_/D : -36.078159
[hold in-reg] fetch_enable_i[0] -> _15120_/D : -36.077686
[hold in-reg] fetch_enable_i[0] -> _15122_/D : -36.077499
[hold in-reg] fetch_enable_i[0] -> _15124_/D : -36.077419
[hold in-reg] fetch_enable_i[0] -> _15125_/D : -36.077305
[hold in-reg] fetch_enable_i[0] -> _15127_/D : -36.077335
[hold in-reg] fetch_enable_i[0] -> _15128_/D : -36.077335
[hold in-reg] fetch_enable_i[0] -> _15121_/D : -36.077217
[hold in-reg] irq_timer_i -> _14993_/D : -36.074253
[hold in-reg] hart_id_i[3] -> _14820_/D : -36.062172
[hold in-reg] hart_id_i[31] -> _14752_/D : -36.057068
[hold in-reg] data_err_i -> _14759_/D : -36.052963
[hold in-reg] fetch_enable_i[0] -> _15123_/D : -36.049587
[hold in-reg] fetch_enable_i[0] -> _15126_/D : -36.049500
[hold in-reg] hart_id_i[19] -> _14443_/D : -36.047874
[hold in-reg] hart_id_i[10] -> _14827_/D : -36.046753
[hold in-reg] irq_fast_i[12] -> _15014_/D : -36.044334
[hold in-reg] hart_id_i[3] -> _14989_/D : -36.043789
[hold in-reg] hart_id_i[23] -> _14634_/D : -36.040718
[hold in-reg] hart_id_i[2] -> _14819_/D : -36.039017
[hold in-reg] hart_id_i[9] -> _14826_/D : -36.037556
[hold in-reg] hart_id_i[10] -> _14584_/D : -36.036316
[hold in-reg] fetch_enable_i[0] -> _15115_/D : -36.035011
[hold in-reg] fetch_enable_i[0] -> _15117_/D : -36.031456
[hold in-reg] irq_timer_i -> _14581_/D : -36.030148
[hold in-reg] cheriot_enable_i[2] -> _14986_/D : -36.028175
[hold in-reg] hart_id_i[10] -> _14655_/D : -36.027657
[hold in-reg] hart_id_i[10] -> _14697_/D : -36.027416
[hold in-reg] irq_fast_i[12] -> _14639_/D : -36.026566
[hold in-reg] irq_fast_i[1] -> _14441_/D : -36.025028
[hold in-reg] hart_id_i[27] -> _14601_/D : -36.023613
[hold in-reg] irq_timer_i -> _14652_/D : -36.020863
[hold in-reg] irq_timer_i -> _14694_/D : -36.020779
[hold in-reg] irq_timer_i -> _14572_/D : -36.019772
[hold in-reg] hart_id_i[16] -> _15002_/D : -36.018551
[hold in-reg] hart_id_i[27] -> _14714_/D : -36.015865
[hold in-reg] hart_id_i[27] -> _14672_/D : -36.014187
[hold in-reg] hart_id_i[19] -> _14543_/D : -36.010727
[hold in-reg] hart_id_i[9] -> _14433_/D : -36.010059
[hold in-reg] irq_fast_i[1] -> _14591_/D : -36.009880
[hold in-reg] hart_id_i[11] -> _14608_/D : -36.008644
[hold in-reg] hart_id_i[9] -> _14995_/D : -36.007561
[hold in-reg] hart_id_i[4] -> _14990_/D : -36.007477
[hold in-reg] hart_id_i[27] -> _14567_/D : -36.003860
[hold in-reg] hart_id_i[3] -> _14577_/D : -36.003319
[hold in-reg] hart_id_i[23] -> _15009_/D : -36.002487
[hold in-reg] irq_fast_i[1] -> _14662_/D : -36.000881
[hold in-reg] irq_fast_i[1] -> _14704_/D : -36.000816
[hold in-reg] irq_fast_i[1] -> _14557_/D : -36.000549
[hold in-reg] hart_id_i[9] -> _14583_/D : -35.996956
[hold in-reg] hart_id_i[29] -> _14603_/D : -35.994400
[hold in-reg] hart_id_i[3] -> _14648_/D : -35.994137
[hold in-reg] hart_id_i[3] -> _14690_/D : -35.992176
[hold in-reg] hart_id_i[1] -> _14818_/D : -35.991188
[hold in-reg] hart_id_i[26] -> _14843_/D : -35.991032
[hold in-reg] irq_timer_i -> _14431_/D : -35.990906
[hold in-reg] hart_id_i[29] -> _14453_/D : -35.990845
[hold in-reg] data_err_i -> _15012_/D : -35.989651
[hold in-reg] data_err_i -> _15004_/D : -35.989372
[hold in-reg] data_err_i -> _15010_/D : -35.988716
[hold in-reg] hart_id_i[9] -> _14696_/D : -35.987633
[hold in-reg] hart_id_i[9] -> _14654_/D : -35.987431
[hold in-reg] data_err_i -> _14635_/D : -35.985722
[hold in-reg] data_err_i -> _14629_/D : -35.985447
[hold in-reg] data_err_i -> _14631_/D : -35.985355
[hold in-reg] data_err_i -> _14638_/D : -35.985313
[hold in-reg] hart_id_i[29] -> _14674_/D : -35.985134
[hold in-reg] data_err_i -> _14564_/D : -35.978138
[hold in-reg] data_err_i -> _14560_/D : -35.976742
[hold in-reg] data_err_i -> _14606_/D : -35.976276
[hold in-reg] hart_id_i[2] -> _14988_/D : -35.974728
[hold in-reg] data_err_i -> _14637_/D : -35.973869
[hold in-reg] data_err_i -> _14640_/D : -35.973701
[hold in-reg] hart_id_i[29] -> _14716_/D : -35.971718
[hold in-reg] data_err_i -> _14641_/D : -35.970505
[hold in-reg] data_err_i -> _14627_/D : -35.969624
[hold in-reg] data_err_i -> _14628_/D : -35.969513
[hold in-reg] hart_id_i[29] -> _14569_/D : -35.968838
[hold in-reg] cheriot_enable_i[2] -> _14823_/D : -35.968384
[hold in-reg] data_err_i -> _14558_/D : -35.966534
[hold in-reg] data_err_i -> _14561_/D : -35.966389
[hold in-reg] data_err_i -> _14566_/D : -35.966347
[hold in-reg] irq_fast_i[4] -> _14594_/D : -35.966286
[hold in-reg] data_err_i -> _14570_/D : -35.965450
[hold in-reg] data_err_i -> _14556_/D : -35.964073
[hold in-reg] data_err_i -> _14630_/D : -35.958027
[hold in-reg] irq_fast_i[4] -> _14665_/D : -35.956837
[hold in-reg] data_err_i -> _14632_/D : -35.955837
[hold in-reg] irq_fast_i[4] -> _14707_/D : -35.955627
[hold in-reg] hart_id_i[3] -> _14573_/D : -35.955204
[hold in-reg] hart_id_i[4] -> _14428_/D : -35.954899
[hold in-reg] hart_id_i[31] -> _14455_/D : -35.952305
[hold in-reg] hart_id_i[8] -> _14532_/D : -35.950813
[hold in-reg] fetch_enable_i[0] -> _15113_/D : -35.947235
[hold in-reg] hart_id_i[29] -> _14846_/D : -35.946968
[hold in-reg] hart_id_i[5] -> _14529_/D : -35.946789
[hold in-reg] hart_id_i[13] -> _14830_/D : -35.945633
[hold in-reg] data_err_i -> _14642_/D : -35.944626
[hold in-reg] fetch_enable_i[0] -> _15114_/D : -35.943745
[hold in-reg] data_err_i -> _15001_/D : -35.941853
[hold in-reg] fetch_enable_i[0] -> _15116_/D : -35.941864
[hold in-reg] data_err_i -> _14626_/D : -35.937374
[hold in-reg] data_err_i -> _14624_/D : -35.935734
[hold in-reg] data_err_i -> _14440_/D : -35.933899
[hold in-reg] data_err_i -> _14835_/D : -35.933281
[hold in-reg] data_err_i -> _14832_/D : -35.931076
[hold in-reg] hart_id_i[12] -> _14998_/D : -35.930386
[hold in-reg] hart_id_i[16] -> _14590_/D : -35.926769
[hold in-reg] hart_id_i[4] -> _14578_/D : -35.921375
[hold in-reg] data_err_i -> _14439_/D : -35.919804
[hold in-reg] fetch_enable_i[0] -> _15104_/D : -35.919056
[hold in-reg] data_err_i -> _14437_/D : -35.918747
[hold in-reg] fetch_enable_i[0] -> _15105_/D : -35.918770
[hold in-reg] hart_id_i[16] -> _14703_/D : -35.917763
[hold in-reg] hart_id_i[16] -> _14661_/D : -35.917526
[hold in-reg] fetch_enable_i[0] -> _15103_/D : -35.917133
[hold in-reg] fetch_enable_i[0] -> _15107_/D : -35.916557
[hold in-reg] data_err_i -> _14821_/D : -35.916370
[hold in-reg] fetch_enable_i[0] -> _15106_/D : -35.915981
[hold in-reg] data_err_i -> _14623_/D : -35.913799
[hold in-reg] fetch_enable_i[0] -> _15110_/D : -35.913780
[hold in-reg] fetch_enable_i[0] -> _15112_/D : -35.913601
[hold in-reg] data_err_i -> _14445_/D : -35.912346
[hold in-reg] fetch_enable_i[0] -> _15109_/D : -35.912144
[hold in-reg] fetch_enable_i[0] -> _15108_/D : -35.912022
[hold in-reg] data_err_i -> _14620_/D : -35.911770
[hold in-reg] hart_id_i[4] -> _14691_/D : -35.911720
[hold in-reg] hart_id_i[4] -> _14649_/D : -35.911366
[hold in-reg] data_err_i -> _14436_/D : -35.911186
[hold in-reg] irq_nm_i -> _14719_/D : -35.911137
[hold in-reg] data_err_i -> _14444_/D : -35.908073
[hold in-reg] fetch_enable_i[0] -> _15111_/D : -35.907696
[hold in-reg] data_err_i -> _14434_/D : -35.904076
[hold in-reg] cheriot_enable_i[2] -> _14574_/D : -35.902630
[hold in-reg] hart_id_i[27] -> _14451_/D : -35.898621
[hold in-reg] cheriot_enable_i[2] -> _14645_/D : -35.897472
[hold in-reg] irq_fast_i[4] -> _14837_/D : -35.897228
[hold in-reg] hart_id_i[24] -> _14598_/D : -35.893158
[hold in-reg] data_err_i -> _14610_/D : -35.891331
[hold in-reg] hart_id_i[13] -> _14537_/D : -35.887249
[hold in-reg] hart_id_i[2] -> _14576_/D : -35.886948
[hold in-reg] hart_id_i[24] -> _14711_/D : -35.884518
[hold in-reg] hart_id_i[24] -> _14669_/D : -35.883873
[hold in-reg] cheriot_enable_i[2] -> _14687_/D : -35.881065
[hold in-reg] hart_id_i[2] -> _14689_/D : -35.877659
[hold in-reg] hart_id_i[2] -> _14647_/D : -35.876823
[hold in-reg] hart_id_i[8] -> _14619_/D : -35.869411
[hold in-reg] data_err_i -> _14987_/D : -35.866856
[hold in-reg] hart_id_i[5] -> _14616_/D : -35.864349
[hold in-reg] data_err_i -> _14854_/D : -35.861984
[hold in-reg] data_err_i -> _14853_/D : -35.857841
[hold in-reg] data_err_i -> _14852_/D : -35.857433
[hold in-reg] data_err_i -> _14611_/D : -35.849419
[hold in-reg] data_err_i -> _14613_/D : -35.848766
[hold in-reg] data_err_i -> _14612_/D : -35.848614
[hold in-reg] data_err_i -> _14614_/D : -35.848412
[hold in-reg] data_err_i -> _14850_/D : -35.848331
[hold in-reg] data_err_i -> _14851_/D : -35.843430
[hold in-reg] hart_id_i[12] -> _14586_/D : -35.842148
[hold in-reg] data_err_i -> _14849_/D : -35.840786
[hold in-reg] hart_id_i[27] -> _14551_/D : -35.839973
[hold in-reg] hart_id_i[12] -> _14657_/D : -35.832729
[hold in-reg] hart_id_i[12] -> _14699_/D : -35.832748
[hold in-reg] data_err_i -> _14618_/D : -35.832214
[hold in-reg] data_err_i -> _14621_/D : -35.831650
[hold in-reg] irq_fast_i[1] -> _14541_/D : -35.826862
[hold in-reg] hart_id_i[30] -> _14604_/D : -35.824409
[hold in-reg] data_rvalid_i -> _14524_/D : -35.823189
[hold in-reg] data_err_i -> _14426_/D : -35.821423
[hold in-reg] data_err_i -> _14427_/D : -35.820976
[hold in-reg] hart_id_i[15] -> _14589_/D : -35.815708
[hold in-reg] hart_id_i[30] -> _14675_/D : -35.814266
[hold in-reg] hart_id_i[30] -> _14717_/D : -35.814175
[hold in-reg] hart_id_i[15] -> _14660_/D : -35.807781
[hold in-reg] hart_id_i[15] -> _14702_/D : -35.806751
[hold in-reg] data_err_i -> _15036_/D : -35.806137
[hold in-reg] cheriot_enable_i[2] -> _14424_/D : -35.805286
[hold in-reg] hart_id_i[10] -> _14534_/D : -35.805119
[hold in-reg] data_err_i -> _14992_/D : -35.804840
[hold in-reg] data_err_i -> _15035_/D : -35.800014
[hold in-reg] data_err_i -> _15034_/D : -35.799416
[hold in-reg] irq_timer_i -> _14531_/D : -35.794846
[hold in-reg] hart_id_i[29] -> _14553_/D : -35.794258
[hold in-reg] data_err_i -> _15048_/D : -35.787544
[hold in-reg] data_err_i -> _14617_/D : -35.787472
[hold in-reg] data_err_i -> _14615_/D : -35.787289
[hold in-reg] data_err_i -> _15046_/D : -35.787125
[hold in-reg] data_err_i -> _15047_/D : -35.786423
[hold in-reg] data_err_i -> _15045_/D : -35.786335
[hold in-reg] irq_fast_i[4] -> _14544_/D : -35.782101
[hold in-reg] data_err_i -> _15044_/D : -35.782059
[hold in-reg] data_err_i -> _15038_/D : -35.781952
[hold in-reg] data_err_i -> _15039_/D : -35.781601
[hold in-reg] data_err_i -> _15037_/D : -35.780773
[hold in-reg] data_err_i -> _15041_/D : -35.780556
[hold in-reg] data_err_i -> _15040_/D : -35.779572
[hold in-reg] data_err_i -> _15043_/D : -35.779556
[hold in-reg] hart_id_i[21] -> _14595_/D : -35.779507
[hold in-reg] data_err_i -> _15042_/D : -35.779503
[hold in-reg] hart_id_i[21] -> _14708_/D : -35.776699
[hold in-reg] cheriot_enable_i[2] -> _14646_/D : -35.773335
[hold in-reg] cheriot_enable_i[2] -> _14575_/D : -35.771023
[hold in-reg] hart_id_i[21] -> _14666_/D : -35.770298
[hold in-reg] data_err_i -> _14713_/D : -35.764366
[hold in-reg] cheriot_enable_i[2] -> _14688_/D : -35.761559
[hold in-reg] data_err_i -> _15033_/D : -35.758839
[hold in-reg] data_err_i -> _15031_/D : -35.758194
[hold in-reg] data_err_i -> _14705_/D : -35.753017
[hold in-reg] data_err_i -> _14383_/D : -35.749340
[hold in-reg] data_err_i -> _14384_/D : -35.747894
[hold in-reg] hart_id_i[18] -> _14442_/D : -35.746574
[hold in-reg] data_err_i -> _14663_/D : -35.744308
[hold in-reg] data_err_i -> _14671_/D : -35.743858
[hold in-reg] hart_id_i[30] -> _14454_/D : -35.735310
[hold in-reg] data_err_i -> _15029_/D : -35.734001
[hold in-reg] hart_id_i[9] -> _14533_/D : -35.733559
[hold in-reg] hart_id_i[3] -> _14527_/D : -35.730183
[hold in-reg] cheriot_enable_i[2] -> _14425_/D : -35.716415
[hold in-reg] hart_id_i[18] -> _14592_/D : -35.713413
[hold in-reg] hart_id_i[16] -> _14540_/D : -35.710091
[hold in-reg] hart_id_i[24] -> _14548_/D : -35.708221
[hold in-reg] hart_id_i[6] -> _14430_/D : -35.676491
[hold in-reg] data_err_i -> _15032_/D : -35.663319
[hold in-reg] data_err_i -> _15030_/D : -35.662766
[hold in-reg] data_err_i -> _15028_/D : -35.660290
[hold in-reg] hart_id_i[12] -> _14536_/D : -35.658585
[hold in-reg] data_err_i -> _15026_/D : -35.657272
[hold in-reg] data_err_i -> _16252_/D : -35.639519
[hold in-reg] data_err_i -> _14457_/D : -35.639202
[hold in-reg] hart_id_i[30] -> _14554_/D : -35.638676
[hold in-reg] hart_id_i[31] -> _14555_/D : -35.637001
[hold in-reg] data_err_i -> _15018_/D : -35.629227
[hold in-reg] hart_id_i[26] -> _14600_/D : -35.628750
[hold in-reg] data_err_i -> _15027_/D : -35.611038
[hold in-reg] data_err_i -> _15025_/D : -35.608116
[hold in-reg] data_err_i -> _15024_/D : -35.605770
[hold in-reg] hart_id_i[21] -> _14545_/D : -35.599064
[hold in-reg] data_err_i -> _15019_/D : -35.593670
[hold in-reg] data_err_i -> _15022_/D : -35.584091
[hold in-reg] data_err_i -> _15023_/D : -35.584068
[hold in-reg] data_err_i -> _15020_/D : -35.583496
[hold in-reg] data_err_i -> _15021_/D : -35.582840
[hold in-reg] data_rvalid_i -> _14609_/D : -35.582504
[hold in-reg] data_rvalid_i -> _14448_/D : -35.562572
[hold in-reg] data_err_i -> _14550_/D : -35.561977
[hold in-reg] data_err_i -> _14542_/D : -35.561897
[hold in-reg] data_rvalid_i -> _14450_/D : -35.560196
[hold in-reg] data_err_i -> _14693_/D : -35.551582
[hold in-reg] hart_id_i[6] -> _14580_/D : -35.550190
[hold in-reg] hart_id_i[6] -> _14651_/D : -35.541317
[hold in-reg] hart_id_i[15] -> _14539_/D : -35.533180
[hold in-reg] irq_nm_i -> _14515_/D : -35.487152
[hold in-reg] irq_nm_i -> _14511_/D : -35.486645
[hold in-reg] irq_nm_i -> _14517_/D : -35.486565
[hold in-reg] irq_nm_i -> _14519_/D : -35.485264
[hold in-reg] irq_nm_i -> _14521_/D : -35.484013
[hold in-reg] irq_nm_i -> _14522_/D : -35.483761
[hold in-reg] irq_nm_i -> _14520_/D : -35.482468
[hold in-reg] irq_nm_i -> _14512_/D : -35.480373
[hold in-reg] irq_nm_i -> _14509_/D : -35.480206
[hold in-reg] irq_nm_i -> _14510_/D : -35.480122
[hold in-reg] irq_nm_i -> _14518_/D : -35.479965
[hold in-reg] irq_nm_i -> _14516_/D : -35.479527
[hold in-reg] irq_nm_i -> _14523_/D : -35.475620
[hold in-reg] irq_nm_i -> _14513_/D : -35.460194
[hold in-reg] irq_nm_i -> _14514_/D : -35.454819
[hold in-reg] irq_nm_i -> _14506_/D : -35.449142
[hold in-reg] irq_nm_i -> _14508_/D : -35.448524
[hold in-reg] irq_nm_i -> _14682_/D : -35.447914
[hold in-reg] hart_id_i[4] -> _14528_/D : -35.446407
[hold in-reg] irq_nm_i -> _14683_/D : -35.446426
[hold in-reg] irq_nm_i -> _14504_/D : -35.427681
[hold in-reg] data_err_i -> _14525_/D : -35.426167
[hold in-reg] data_err_i -> _14526_/D : -35.422665
[hold in-reg] data_err_i -> _14860_/D : -35.412346
[hold in-reg] irq_nm_i -> _14684_/D : -35.397888
[hold in-reg] data_err_i -> _14530_/D : -35.391125
[hold in-reg] irq_nm_i -> _14680_/D : -35.383728
[hold in-reg] irq_nm_i -> _14677_/D : -35.376106
[hold in-reg] irq_nm_i -> _14679_/D : -35.366550
[hold in-reg] irq_nm_i -> _14685_/D : -35.365932
[hold in-reg] irq_nm_i -> _14501_/D : -35.357658
[hold in-reg] irq_nm_i -> _14500_/D : -35.357616
[hold in-reg] irq_nm_i -> _14503_/D : -35.356205
[hold in-reg] irq_nm_i -> _14678_/D : -35.355934
[hold in-reg] irq_nm_i -> _14505_/D : -35.355259
[hold in-reg] irq_nm_i -> _14507_/D : -35.355118
[hold in-reg] irq_nm_i -> _14493_/D : -35.351906
[hold in-reg] irq_nm_i -> _14494_/D : -35.350391
[hold in-reg] irq_nm_i -> _15286_/D : -35.335182
[hold in-reg] irq_nm_i -> _14681_/D : -35.317398
[hold in-reg] irq_nm_i -> _14497_/D : -35.316334
[hold in-reg] irq_nm_i -> _14495_/D : -35.315899
[hold in-reg] irq_nm_i -> _14498_/D : -35.315826
[hold in-reg] irq_nm_i -> _14502_/D : -35.315380
[hold in-reg] irq_nm_i -> _14492_/D : -35.315170
[hold in-reg] irq_nm_i -> _14496_/D : -35.315052
[hold in-reg] irq_nm_i -> _14499_/D : -35.314983
[hold in-reg] irq_nm_i -> _14686_/D : -35.078846
[hold in-reg] rst_ni -> _15112_/RESET_B : -10.793177
[hold in-reg] rst_ni -> _15573_/RESET_B : -10.613510
[hold in-reg] rst_ni -> _16247_/RESET_B : -10.613516
[hold in-reg] rst_ni -> _15541_/RESET_B : -10.613500
[hold in-reg] rst_ni -> _15669_/RESET_B : -10.613489
[hold in-reg] rst_ni -> _15701_/RESET_B : -10.613483
[hold in-reg] rst_ni -> _15733_/RESET_B : -10.613469
[hold in-reg] rst_ni -> _15408_/RESET_B : -10.613297
[hold in-reg] rst_ni -> _15664_/RESET_B : -10.613281
[hold in-reg] rst_ni -> _15824_/RESET_B : -10.613207
[hold in-reg] rst_ni -> _15472_/RESET_B : -10.613193
[hold in-reg] rst_ni -> _15312_/RESET_B : -10.613158
[hold in-reg] rst_ni -> _15344_/RESET_B : -10.613125
[hold in-reg] rst_ni -> _16176_/RESET_B : -10.613133
[hold in-reg] rst_ni -> _15632_/RESET_B : -10.613121
[hold in-reg] rst_ni -> _15760_/RESET_B : -10.613129
[hold in-reg] rst_ni -> _15856_/RESET_B : -10.613123
[hold in-reg] rst_ni -> _15925_/RESET_B : -10.607359
[hold in-reg] rst_ni -> _15957_/RESET_B : -10.607348
[hold in-reg] rst_ni -> _16085_/RESET_B : -10.607347
[hold in-reg] rst_ni -> _15829_/RESET_B : -10.607330
[hold in-reg] rst_ni -> _15381_/RESET_B : -10.607307
[hold in-reg] rst_ni -> _15861_/RESET_B : -10.607293
[hold in-reg] rst_ni -> _16181_/RESET_B : -10.607293
[hold in-reg] rst_ni -> _14848_/RESET_B : -10.528893
[hold in-reg] rst_ni -> _15110_/RESET_B : -10.520181
[hold in-reg] rst_ni -> _16025_/RESET_B : -10.489482
[hold in-reg] rst_ni -> _15769_/RESET_B : -10.488938
[hold in-reg] rst_ni -> _15992_/RESET_B : -10.488377
[hold in-reg] rst_ni -> _15608_/RESET_B : -10.488306
[hold in-reg] rst_ni -> _15928_/RESET_B : -10.488177
[hold in-reg] rst_ni -> _14490_/RESET_B : -10.487746
[hold in-reg] rst_ni -> _16216_/RESET_B : -10.487739
[hold in-reg] rst_ni -> _16250_/RESET_B : -10.487741
[hold in-reg] rst_ni -> _14736_/RESET_B : -10.487106
[hold in-reg] rst_ni -> _16120_/RESET_B : -10.487065
[hold in-reg] rst_ni -> _14487_/RESET_B : -10.487000
[hold in-reg] rst_ni -> _15448_/RESET_B : -10.487007
[hold in-reg] rst_ni -> _15736_/RESET_B : -10.487007
[hold in-reg] rst_ni -> _15832_/RESET_B : -10.487003
[hold in-reg] rst_ni -> _14748_/RESET_B : -10.486991
[hold in-reg] rst_ni -> _15576_/RESET_B : -10.486970
[hold in-reg] rst_ni -> _15413_/RESET_B : -10.486535
[hold in-reg] rst_ni -> _16117_/RESET_B : -10.486421
[hold in-reg] rst_ni -> _14788_/RESET_B : -10.486389
[hold in-reg] rst_ni -> _14789_/RESET_B : -10.486321
[hold in-reg] rst_ni -> _15605_/RESET_B : -10.486099
[hold in-reg] rst_ni -> _15989_/RESET_B : -10.485975
[hold in-reg] rst_ni -> _14790_/RESET_B : -10.485930
[hold in-reg] rst_ni -> _14443_/RESET_B : -10.485675
[hold in-reg] rst_ni -> _14752_/RESET_B : -10.485529
[hold in-reg] rst_ni -> _14738_/RESET_B : -10.485434
[hold in-reg] rst_ni -> _14737_/RESET_B : -10.485345
[hold in-reg] rst_ni -> _14439_/RESET_B : -10.485129
[hold in-reg] rst_ni -> _14735_/RESET_B : -10.485051
[hold in-reg] rst_ni -> _14438_/RESET_B : -10.485032
[hold in-reg] rst_ni -> _14437_/RESET_B : -10.481483
[hold in-reg] rst_ni -> _14445_/RESET_B : -10.477370
[hold in-reg] rst_ni -> _14742_/RESET_B : -10.477298
[hold in-reg] rst_ni -> _14776_/RESET_B : -10.477296
[hold in-reg] rst_ni -> _14451_/RESET_B : -10.477038
[hold in-reg] rst_ni -> _14747_/RESET_B : -10.477038
[hold in-reg] rst_ni -> _14436_/RESET_B : -10.475616
[hold in-reg] rst_ni -> _14444_/RESET_B : -10.473009
[hold in-reg] rst_ni -> _14435_/RESET_B : -10.472924
[hold in-reg] rst_ni -> _14775_/RESET_B : -10.472850
[hold in-reg] rst_ni -> _14605_/RESET_B : -10.472821
[hold in-reg] rst_ni -> _14791_/RESET_B : -10.472805
[hold in-reg] rst_ni -> _14890_/RESET_B : -10.471333
[hold in-reg] rst_ni -> _14893_/RESET_B : -10.469226
[hold in-reg] rst_ni -> _14856_/RESET_B : -10.469193
[hold in-reg] rst_ni -> _14434_/RESET_B : -10.468270
[hold in-reg] rst_ni -> _14626_/RESET_B : -10.467755
[hold in-reg] rst_ni -> _14774_/RESET_B : -10.467764
[hold in-reg] rst_ni -> _14892_/RESET_B : -10.466786
[hold in-reg] rst_ni -> _14433_/RESET_B : -10.462902
[hold in-reg] rst_ni -> _14888_/RESET_B : -10.462851
[hold in-reg] rst_ni -> _14729_/RESET_B : -10.462493
[hold in-reg] rst_ni -> _14730_/RESET_B : -10.462323
[hold in-reg] rst_ni -> _14731_/RESET_B : -10.461992
[hold in-reg] rst_ni -> _14732_/RESET_B : -10.461765
[hold in-reg] rst_ni -> _14734_/RESET_B : -10.461504
[hold in-reg] rst_ni -> _14733_/RESET_B : -10.461492
[hold in-reg] rst_ni -> _14772_/RESET_B : -10.461277
[hold in-reg] rst_ni -> _14773_/RESET_B : -10.461035
[hold in-reg] rst_ni -> _14432_/RESET_B : -10.460085
[hold in-reg] rst_ni -> _14727_/RESET_B : -10.454643
[hold in-reg] rst_ni -> _14728_/RESET_B : -10.454640
[hold in-reg] rst_ni -> _15025_/RESET_B : -10.454637
[hold in-reg] rst_ni -> _14431_/RESET_B : -10.453210
[hold in-reg] rst_ni -> _14955_/RESET_B : -10.452071
[hold in-reg] rst_ni -> _15024_/RESET_B : -10.452040
[hold in-reg] rst_ni -> _15108_/RESET_B : -10.451260
[hold in-reg] rst_ni -> _14430_/RESET_B : -10.445883
[hold in-reg] rst_ni -> _14429_/RESET_B : -10.444124
[hold in-reg] rst_ni -> _14722_/RESET_B : -10.443140
[hold in-reg] rst_ni -> _14887_/RESET_B : -10.440342
[hold in-reg] rst_ni -> _14428_/RESET_B : -10.440225
[hold in-reg] rst_ni -> _14889_/RESET_B : -10.438933
[hold in-reg] rst_ni -> _14726_/RESET_B : -10.437136
[hold in-reg] rst_ni -> _14723_/RESET_B : -10.435679
[hold in-reg] rst_ni -> _14724_/RESET_B : -10.429899
[hold in-reg] rst_ni -> _15162_/RESET_B : -10.425865
[hold in-reg] rst_ni -> _14425_/RESET_B : -10.425627
[hold in-reg] rst_ni -> _15109_/RESET_B : -10.425243
[hold in-reg] rst_ni -> _14392_/RESET_B : -10.420386
[hold in-reg] rst_ni -> _14645_/RESET_B : -10.415786
[hold in-reg] rst_ni -> _14956_/RESET_B : -10.413896
[hold in-reg] rst_ni -> _14574_/RESET_B : -10.411988
[hold in-reg] rst_ni -> _14499_/RESET_B : -10.411332
[hold in-reg] rst_ni -> _14497_/RESET_B : -10.411093
[hold in-reg] rst_ni -> _14578_/RESET_B : -10.411078
[hold in-reg] rst_ni -> _14650_/RESET_B : -10.411041
[hold in-reg] rst_ni -> _14692_/RESET_B : -10.411041
[hold in-reg] rst_ni -> _14691_/RESET_B : -10.411006
[hold in-reg] rst_ni -> _14693_/RESET_B : -10.410988
[hold in-reg] rst_ni -> _14993_/RESET_B : -10.410974
[hold in-reg] rst_ni -> _14649_/RESET_B : -10.410856
[hold in-reg] rst_ni -> _14616_/RESET_B : -10.410773
[hold in-reg] rst_ni -> _14617_/RESET_B : -10.410775
[hold in-reg] rst_ni -> _14615_/RESET_B : -10.410661
[hold in-reg] rst_ni -> _14991_/RESET_B : -10.410613
[hold in-reg] rst_ni -> _14985_/RESET_B : -10.409775
[hold in-reg] rst_ni -> _15106_/RESET_B : -10.408828
[hold in-reg] rst_ni -> _15062_/RESET_B : -10.407048
[hold in-reg] rst_ni -> _15053_/RESET_B : -10.406989
[hold in-reg] rst_ni -> _14986_/RESET_B : -10.406940
[hold in-reg] rst_ni -> _15052_/RESET_B : -10.406940
[hold in-reg] rst_ni -> _15060_/RESET_B : -10.406879
[hold in-reg] rst_ni -> _15061_/RESET_B : -10.406874
[hold in-reg] rst_ni -> _14792_/RESET_B : -10.406863
[hold in-reg] rst_ni -> _16252_/RESET_B : -10.406817
[hold in-reg] rst_ni -> _14457_/RESET_B : -10.406789
[hold in-reg] rst_ni -> _14531_/RESET_B : -10.405167
[hold in-reg] rst_ni -> _15067_/RESET_B : -10.405014
[hold in-reg] rst_ni -> _14404_/RESET_B : -10.403420
[hold in-reg] rst_ni -> _14403_/RESET_B : -10.403072
[hold in-reg] rst_ni -> _14402_/RESET_B : -10.402473
[hold in-reg] rst_ni -> _15134_/RESET_B : -10.400834
[hold in-reg] rst_ni -> _14677_/RESET_B : -10.399930
[hold in-reg] rst_ni -> _14753_/RESET_B : -10.399901
[hold in-reg] rst_ni -> _14612_/RESET_B : -10.399858
[hold in-reg] rst_ni -> _14614_/RESET_B : -10.399859
[hold in-reg] rst_ni -> _14855_/RESET_B : -10.399818
[hold in-reg] rst_ni -> _14611_/RESET_B : -10.399804
[hold in-reg] rst_ni -> _14613_/RESET_B : -10.399809
[hold in-reg] rst_ni -> _14646_/RESET_B : -10.399808
[hold in-reg] rst_ni -> _14687_/RESET_B : -10.399751
[hold in-reg] rst_ni -> _16219_/RESET_B : -10.399759
[hold in-reg] rst_ni -> _14386_/RESET_B : -10.399693
[hold in-reg] rst_ni -> _14387_/RESET_B : -10.399683
[hold in-reg] rst_ni -> _14895_/RESET_B : -10.399660
[hold in-reg] rst_ni -> _16218_/RESET_B : -10.399667
[hold in-reg] rst_ni -> _14987_/RESET_B : -10.397772
[hold in-reg] rst_ni -> _14762_/RESET_B : -10.397403
[hold in-reg] rst_ni -> _14529_/RESET_B : -10.395237
[hold in-reg] rst_ni -> _15022_/RESET_B : -10.394819
[hold in-reg] rst_ni -> _15213_/RESET_B : -10.393991
[hold in-reg] rst_ni -> _15279_/RESET_B : -10.393985
[hold in-reg] rst_ni -> _14493_/RESET_B : -10.393763
[hold in-reg] rst_ni -> _14525_/RESET_B : -10.393660
[hold in-reg] rst_ni -> _14690_/RESET_B : -10.393645
[hold in-reg] rst_ni -> _14684_/RESET_B : -10.393546
[hold in-reg] rst_ni -> _14756_/RESET_B : -10.393375
[hold in-reg] rst_ni -> _14680_/RESET_B : -10.393365
[hold in-reg] rst_ni -> _14648_/RESET_B : -10.393270
[hold in-reg] rst_ni -> _15059_/RESET_B : -10.393052
[hold in-reg] rst_ni -> _14526_/RESET_B : -10.392713
[hold in-reg] rst_ni -> _14577_/RESET_B : -10.392533
[hold in-reg] rst_ni -> _14725_/RESET_B : -10.392050
[hold in-reg] rst_ni -> _14494_/RESET_B : -10.391835
[hold in-reg] rst_ni -> _15107_/RESET_B : -10.391127
[hold in-reg] rst_ni -> _15166_/RESET_B : -10.391121
[hold in-reg] rst_ni -> _14655_/RESET_B : -10.390911
[hold in-reg] rst_ni -> _14697_/RESET_B : -10.390841
[hold in-reg] rst_ni -> _14584_/RESET_B : -10.390639
[hold in-reg] rst_ni -> _14863_/RESET_B : -10.390451
[hold in-reg] rst_ni -> _14755_/RESET_B : -10.389915
[hold in-reg] rst_ni -> _14988_/RESET_B : -10.388617
[hold in-reg] rst_ni -> _14393_/RESET_B : -10.388604
[hold in-reg] rst_ni -> _14394_/RESET_B : -10.388596
[hold in-reg] rst_ni -> _14576_/RESET_B : -10.388479
[hold in-reg] rst_ni -> _14689_/RESET_B : -10.388458
[hold in-reg] rst_ni -> _14388_/RESET_B : -10.388394
[hold in-reg] rst_ni -> _14575_/RESET_B : -10.388402
[hold in-reg] rst_ni -> _14679_/RESET_B : -10.388353
[hold in-reg] rst_ni -> _14688_/RESET_B : -10.388359
[hold in-reg] rst_ni -> _15051_/RESET_B : -10.388325
[hold in-reg] rst_ni -> _14647_/RESET_B : -10.388236
[hold in-reg] rst_ni -> _14621_/RESET_B : -10.388226
[hold in-reg] rst_ni -> _14989_/RESET_B : -10.388075
[hold in-reg] rst_ni -> _14610_/RESET_B : -10.388064
[hold in-reg] rst_ni -> _14685_/RESET_B : -10.387684
[hold in-reg] rst_ni -> _14398_/RESET_B : -10.387437
[hold in-reg] rst_ni -> _14397_/RESET_B : -10.387320
[hold in-reg] rst_ni -> _14396_/RESET_B : -10.387206
[hold in-reg] rst_ni -> _14606_/RESET_B : -10.387146
[hold in-reg] rst_ni -> _14608_/RESET_B : -10.387091
[hold in-reg] rst_ni -> _14607_/RESET_B : -10.387058
[hold in-reg] rst_ni -> _15054_/RESET_B : -10.386858
[hold in-reg] rst_ni -> _14618_/RESET_B : -10.386506
[hold in-reg] rst_ni -> _14891_/RESET_B : -10.386321
[hold in-reg] rst_ni -> _14395_/RESET_B : -10.386007
[hold in-reg] rst_ni -> _14572_/RESET_B : -10.385962
[hold in-reg] rst_ni -> _14644_/RESET_B : -10.385925
[hold in-reg] rst_ni -> _14643_/RESET_B : -10.385618
[hold in-reg] rst_ni -> _14694_/RESET_B : -10.385369
[hold in-reg] rst_ni -> _14652_/RESET_B : -10.385202
[hold in-reg] rst_ni -> _14654_/RESET_B : -10.384922
[hold in-reg] rst_ni -> _14696_/RESET_B : -10.384920
[hold in-reg] rst_ni -> _14581_/RESET_B : -10.384830
[hold in-reg] rst_ni -> _14583_/RESET_B : -10.384811
[hold in-reg] rst_ni -> _14530_/RESET_B : -10.384731
[hold in-reg] rst_ni -> _14498_/RESET_B : -10.384705
[hold in-reg] rst_ni -> _14585_/RESET_B : -10.384398
[hold in-reg] rst_ni -> _14656_/RESET_B : -10.384309
[hold in-reg] rst_ni -> _14622_/RESET_B : -10.384233
[hold in-reg] rst_ni -> _14620_/RESET_B : -10.384222
[hold in-reg] rst_ni -> _14698_/RESET_B : -10.384227
[hold in-reg] rst_ni -> _14754_/RESET_B : -10.384122
[hold in-reg] rst_ni -> _14399_/RESET_B : -10.383950
[hold in-reg] rst_ni -> _14678_/RESET_B : -10.383845
[hold in-reg] rst_ni -> _14571_/RESET_B : -10.383790
[hold in-reg] rst_ni -> _14623_/RESET_B : -10.383783
[hold in-reg] rst_ni -> _14389_/RESET_B : -10.383753
[hold in-reg] rst_ni -> _14401_/RESET_B : -10.383598
[hold in-reg] rst_ni -> _15049_/RESET_B : -10.383516
[hold in-reg] rst_ni -> _14400_/RESET_B : -10.383394
[hold in-reg] rst_ni -> _14573_/RESET_B : -10.381840
[hold in-reg] rst_ni -> _14619_/RESET_B : -10.380678
[hold in-reg] rst_ni -> _15050_/RESET_B : -10.380225
[hold in-reg] rst_ni -> _15064_/RESET_B : -10.379793
[hold in-reg] rst_ni -> _15023_/RESET_B : -10.379772
[hold in-reg] rst_ni -> _15065_/RESET_B : -10.379708
[hold in-reg] rst_ni -> _14922_/RESET_B : -10.379655
[hold in-reg] rst_ni -> _14524_/RESET_B : -10.379642
[hold in-reg] rst_ni -> _14954_/RESET_B : -10.379651
[hold in-reg] rst_ni -> _14757_/RESET_B : -10.379152
[hold in-reg] rst_ni -> _14681_/RESET_B : -10.379035
[hold in-reg] rst_ni -> _14992_/RESET_B : -10.378994
[hold in-reg] rst_ni -> _14990_/RESET_B : -10.378710
[hold in-reg] rst_ni -> _14528_/RESET_B : -10.378498
[hold in-reg] rst_ni -> _14952_/RESET_B : -10.378349
[hold in-reg] rst_ni -> _15105_/RESET_B : -10.378290
[hold in-reg] rst_ni -> _14492_/RESET_B : -10.378265
[hold in-reg] rst_ni -> _15021_/RESET_B : -10.378273
[hold in-reg] rst_ni -> _14766_/RESET_B : -10.378214
[hold in-reg] rst_ni -> _14925_/RESET_B : -10.377219
[hold in-reg] rst_ni -> _14760_/RESET_B : -10.376517
[hold in-reg] rst_ni -> _14767_/RESET_B : -10.376310
[hold in-reg] rst_ni -> _15066_/RESET_B : -10.374448
[hold in-reg] rst_ni -> _14448_/RESET_B : -10.373541
[hold in-reg] rst_ni -> _14784_/RESET_B : -10.373508
[hold in-reg] rst_ni -> _14785_/RESET_B : -10.373510
[hold in-reg] rst_ni -> _14768_/RESET_B : -10.372388
[hold in-reg] rst_ni -> _14745_/RESET_B : -10.372143
[hold in-reg] rst_ni -> _14761_/RESET_B : -10.371935
[hold in-reg] rst_ni -> _14746_/RESET_B : -10.371571
[hold in-reg] rst_ni -> _14721_/RESET_B : -10.371381
[hold in-reg] rst_ni -> _14424_/RESET_B : -10.371253
[hold in-reg] rst_ni -> _14446_/RESET_B : -10.370743
[hold in-reg] rst_ni -> _14447_/RESET_B : -10.370749
[hold in-reg] rst_ni -> _14496_/RESET_B : -10.370751
[hold in-reg] rst_ni -> _14744_/RESET_B : -10.369574
[hold in-reg] rst_ni -> _14743_/RESET_B : -10.369041
[hold in-reg] rst_ni -> _14423_/RESET_B : -10.367247
[hold in-reg] rst_ni -> _14781_/RESET_B : -10.366985
[hold in-reg] rst_ni -> _14455_/RESET_B : -10.366179
[hold in-reg] rst_ni -> _14780_/RESET_B : -10.366157
[hold in-reg] rst_ni -> _14527_/RESET_B : -10.365214
[hold in-reg] rst_ni -> _14769_/RESET_B : -10.365072
[hold in-reg] rst_ni -> _14777_/RESET_B : -10.364619
[hold in-reg] rst_ni -> _14899_/RESET_B : -10.364353
[hold in-reg] rst_ni -> _14997_/RESET_B : -10.364284
[hold in-reg] rst_ni -> _14864_/RESET_B : -10.364220
[hold in-reg] rst_ni -> _14923_/RESET_B : -10.363817
[hold in-reg] rst_ni -> _15027_/RESET_B : -10.363651
[hold in-reg] rst_ni -> _15111_/RESET_B : -10.363128
[hold in-reg] rst_ni -> _14741_/RESET_B : -10.362679
[hold in-reg] rst_ni -> _14739_/RESET_B : -10.362662
[hold in-reg] rst_ni -> _14740_/RESET_B : -10.362508
[hold in-reg] rst_ni -> _14676_/RESET_B : -10.362269
[hold in-reg] rst_ni -> _14495_/RESET_B : -10.362012
[hold in-reg] rst_ni -> _14660_/RESET_B : -10.360392
[hold in-reg] rst_ni -> _14642_/RESET_B : -10.360330
[hold in-reg] rst_ni -> _14770_/RESET_B : -10.358262
[hold in-reg] rst_ni -> _14683_/RESET_B : -10.358191
[hold in-reg] rst_ni -> _14759_/RESET_B : -10.357974
[hold in-reg] rst_ni -> _14771_/RESET_B : -10.355658
[hold in-reg] rst_ni -> _14502_/RESET_B : -10.354040
[hold in-reg] rst_ni -> _14779_/RESET_B : -10.352846
[hold in-reg] rst_ni -> _15129_/RESET_B : -10.352739
[hold in-reg] rst_ni -> _14534_/RESET_B : -10.351885
[hold in-reg] rst_ni -> _14778_/RESET_B : -10.351329
[hold in-reg] rst_ni -> _14996_/RESET_B : -10.351166
[hold in-reg] rst_ni -> _15074_/RESET_B : -10.350820
[hold in-reg] rst_ni -> _15141_/RESET_B : -10.350814
[hold in-reg] rst_ni -> _14751_/RESET_B : -10.350450
[hold in-reg] rst_ni -> _14579_/RESET_B : -10.350031
[hold in-reg] rst_ni -> _14651_/RESET_B : -10.349949
[hold in-reg] rst_ni -> _14580_/RESET_B : -10.349892
[hold in-reg] rst_ni -> _14385_/RESET_B : -10.348057
[hold in-reg] rst_ni -> _14958_/RESET_B : -10.347716
[hold in-reg] rst_ni -> _15026_/RESET_B : -10.347641
[hold in-reg] rst_ni -> _14782_/RESET_B : -10.347165
[hold in-reg] rst_ni -> _14926_/RESET_B : -10.347016
[hold in-reg] rst_ni -> _14427_/RESET_B : -10.346650
[hold in-reg] rst_ni -> _14426_/RESET_B : -10.346566
[hold in-reg] rst_ni -> _14763_/RESET_B : -10.346556
[hold in-reg] rst_ni -> _14442_/RESET_B : -10.346313
[hold in-reg] rst_ni -> _14783_/RESET_B : -10.345917
[hold in-reg] rst_ni -> _15016_/RESET_B : -10.345592
[hold in-reg] rst_ni -> _14570_/RESET_B : -10.345435
[hold in-reg] rst_ni -> _14604_/RESET_B : -10.345376
[hold in-reg] rst_ni -> _14675_/RESET_B : -10.345003
[hold in-reg] rst_ni -> _14713_/RESET_B : -10.344844
[hold in-reg] rst_ni -> _14717_/RESET_B : -10.344830
[hold in-reg] rst_ni -> _14861_/RESET_B : -10.344792
[hold in-reg] rst_ni -> _14994_/RESET_B : -10.344707
[hold in-reg] rst_ni -> _14548_/RESET_B : -10.344687
[hold in-reg] rst_ni -> _14711_/RESET_B : -10.344673
[hold in-reg] rst_ni -> _14960_/RESET_B : -10.344653
[hold in-reg] rst_ni -> _14673_/RESET_B : -10.344611
[hold in-reg] rst_ni -> _14653_/RESET_B : -10.344535
[hold in-reg] rst_ni -> _14582_/RESET_B : -10.344522
[hold in-reg] rst_ni -> _14695_/RESET_B : -10.344517
[hold in-reg] rst_ni -> _15014_/RESET_B : -10.344519
[hold in-reg] rst_ni -> _14602_/RESET_B : -10.344419
[hold in-reg] rst_ni -> _15029_/RESET_B : -10.344416
[hold in-reg] rst_ni -> _14927_/RESET_B : -10.344375
[hold in-reg] rst_ni -> _15004_/RESET_B : -10.344362
[hold in-reg] rst_ni -> _14542_/RESET_B : -10.344348
[hold in-reg] rst_ni -> _14510_/RESET_B : -10.344336
[hold in-reg] rst_ni -> _14441_/RESET_B : -10.344266
[hold in-reg] rst_ni -> _14928_/RESET_B : -10.344266
[hold in-reg] rst_ni -> _15012_/RESET_B : -10.344239
[hold in-reg] rst_ni -> _14929_/RESET_B : -10.344222
[hold in-reg] rst_ni -> _14518_/RESET_B : -10.344204
[hold in-reg] rst_ni -> _14550_/RESET_B : -10.344198
[hold in-reg] rst_ni -> _14881_/RESET_B : -10.344172
[hold in-reg] rst_ni -> _15034_/RESET_B : -10.344173
[hold in-reg] rst_ni -> _14965_/RESET_B : -10.344159
[hold in-reg] rst_ni -> _14715_/RESET_B : -10.344025
[hold in-reg] rst_ni -> _14504_/RESET_B : -10.343943
[hold in-reg] rst_ni -> _14536_/RESET_B : -10.343952
[hold in-reg] rst_ni -> _14998_/RESET_B : -10.343932
[hold in-reg] rst_ni -> _14865_/RESET_B : -10.343784
[hold in-reg] rst_ni -> _14586_/RESET_B : -10.343722
[hold in-reg] rst_ni -> _14657_/RESET_B : -10.343714
[hold in-reg] rst_ni -> _14699_/RESET_B : -10.343719
[hold in-reg] rst_ni -> _14901_/RESET_B : -10.342584
[hold in-reg] rst_ni -> _14569_/RESET_B : -10.342143
[hold in-reg] rst_ni -> _14440_/RESET_B : -10.342108
[hold in-reg] rst_ni -> _15002_/RESET_B : -10.341559
[hold in-reg] rst_ni -> _14869_/RESET_B : -10.341183
[hold in-reg] rst_ni -> _14552_/RESET_B : -10.338548
[hold in-reg] rst_ni -> _14407_/RESET_B : -10.338454
[hold in-reg] rst_ni -> _14520_/RESET_B : -10.338141
[hold in-reg] rst_ni -> _14924_/RESET_B : -10.337435
[hold in-reg] rst_ni -> _14556_/RESET_B : -10.336752
[hold in-reg] rst_ni -> _14839_/RESET_B : -10.336596
[hold in-reg] rst_ni -> _14883_/RESET_B : -10.336511
[hold in-reg] rst_ni -> _14406_/RESET_B : -10.336221
[hold in-reg] rst_ni -> _14921_/RESET_B : -10.336074
[hold in-reg] rst_ni -> _14703_/RESET_B : -10.334536
[hold in-reg] rst_ni -> _14590_/RESET_B : -10.334512
[hold in-reg] rst_ni -> _14661_/RESET_B : -10.334491
[hold in-reg] rst_ni -> _14554_/RESET_B : -10.334363
[hold in-reg] rst_ni -> _14522_/RESET_B : -10.333838
[hold in-reg] rst_ni -> _14588_/RESET_B : -10.333727
[hold in-reg] rst_ni -> _14659_/RESET_B : -10.333694
[hold in-reg] rst_ni -> _14701_/RESET_B : -10.333640
[hold in-reg] rst_ni -> _14764_/RESET_B : -10.333592
[hold in-reg] rst_ni -> _14867_/RESET_B : -10.333558
[hold in-reg] rst_ni -> _14558_/RESET_B : -10.333179
[hold in-reg] rst_ni -> _14663_/RESET_B : -10.333093
[hold in-reg] rst_ni -> _14882_/RESET_B : -10.333051
[hold in-reg] rst_ni -> _14913_/RESET_B : -10.333033
[hold in-reg] rst_ni -> _14566_/RESET_B : -10.333008
[hold in-reg] rst_ni -> _14592_/RESET_B : -10.332924
[hold in-reg] rst_ni -> _14671_/RESET_B : -10.332827
[hold in-reg] rst_ni -> _14553_/RESET_B : -10.332789
[hold in-reg] rst_ni -> _14600_/RESET_B : -10.332794
[hold in-reg] rst_ni -> _15048_/RESET_B : -10.332724
[hold in-reg] rst_ni -> _15046_/RESET_B : -10.332713
[hold in-reg] rst_ni -> _14705_/RESET_B : -10.332699
[hold in-reg] rst_ni -> _14521_/RESET_B : -10.332662
[hold in-reg] rst_ni -> _14916_/RESET_B : -10.332621
[hold in-reg] rst_ni -> _14716_/RESET_B : -10.332539
[hold in-reg] rst_ni -> _14871_/RESET_B : -10.332469
[hold in-reg] rst_ni -> _15047_/RESET_B : -10.332352
[hold in-reg] rst_ni -> _14978_/RESET_B : -10.332125
[hold in-reg] rst_ni -> _14405_/RESET_B : -10.332100
[hold in-reg] rst_ni -> _15015_/RESET_B : -10.332094
[hold in-reg] rst_ni -> _14947_/RESET_B : -10.332063
[hold in-reg] rst_ni -> _14979_/RESET_B : -10.332067
[hold in-reg] rst_ni -> _14946_/RESET_B : -10.332047
[hold in-reg] rst_ni -> _15184_/RESET_B : -10.332006
[hold in-reg] rst_ni -> _15183_/RESET_B : -10.331974
[hold in-reg] rst_ni -> _14894_/RESET_B : -10.331956
[hold in-reg] rst_ni -> _15181_/RESET_B : -10.331952
[hold in-reg] rst_ni -> _15182_/RESET_B : -10.331935
[hold in-reg] rst_ni -> _14976_/RESET_B : -10.331705
[hold in-reg] rst_ni -> _14977_/RESET_B : -10.331704
[hold in-reg] rst_ni -> _14944_/RESET_B : -10.331690
[hold in-reg] rst_ni -> _14945_/RESET_B : -10.331686
[hold in-reg] rst_ni -> _15045_/RESET_B : -10.331628
[hold in-reg] rst_ni -> _15161_/RESET_B : -10.330677
[hold in-reg] rst_ni -> _14500_/RESET_B : -10.330432
[hold in-reg] rst_ni -> _14532_/RESET_B : -10.330086
[hold in-reg] rst_ni -> _14765_/RESET_B : -10.329553
[hold in-reg] rst_ni -> _14844_/RESET_B : -10.328762
[hold in-reg] rst_ni -> _14847_/RESET_B : -10.328718
[hold in-reg] rst_ni -> _14838_/RESET_B : -10.328641
[hold in-reg] rst_ni -> _14842_/RESET_B : -10.328601
[hold in-reg] rst_ni -> _14840_/RESET_B : -10.328471
[hold in-reg] rst_ni -> _14837_/RESET_B : -10.328441
[hold in-reg] rst_ni -> _14843_/RESET_B : -10.328395
[hold in-reg] rst_ni -> _14845_/RESET_B : -10.328389
[hold in-reg] rst_ni -> _14846_/RESET_B : -10.328393
[hold in-reg] rst_ni -> _14491_/RESET_B : -10.328368
[hold in-reg] rst_ni -> _15801_/RESET_B : -10.328330
[hold in-reg] rst_ni -> _15897_/RESET_B : -10.328340
[hold in-reg] rst_ni -> _15993_/RESET_B : -10.328338
[hold in-reg] rst_ni -> _15545_/RESET_B : -10.328320
[hold in-reg] rst_ni -> _16057_/RESET_B : -10.328329
[hold in-reg] rst_ni -> _16115_/RESET_B : -10.326138
[hold in-reg] rst_ni -> _15603_/RESET_B : -10.326034
[hold in-reg] rst_ni -> _16245_/RESET_B : -10.325899
[hold in-reg] rst_ni -> _15571_/RESET_B : -10.325865
[hold in-reg] rst_ni -> _15699_/RESET_B : -10.324749
[hold in-reg] rst_ni -> _15795_/RESET_B : -10.324746
[hold in-reg] rst_ni -> _15987_/RESET_B : -10.324737
[hold in-reg] rst_ni -> _14485_/RESET_B : -10.324524
[hold in-reg] rst_ni -> _15411_/RESET_B : -10.324460
[hold in-reg] rst_ni -> _15667_/RESET_B : -10.324467
[hold in-reg] rst_ni -> _16051_/RESET_B : -10.324463
[hold in-reg] rst_ni -> _15827_/RESET_B : -10.324140
[hold in-reg] rst_ni -> _16217_/RESET_B : -10.323495
[hold in-reg] rst_ni -> _15635_/RESET_B : -10.323012
[hold in-reg] rst_ni -> _15865_/RESET_B : -10.322508
[hold in-reg] rst_ni -> _16179_/RESET_B : -10.322434
[hold in-reg] rst_ni -> _15923_/RESET_B : -10.322330
[hold in-reg] rst_ni -> _15833_/RESET_B : -10.322063
[hold in-reg] rst_ni -> _15417_/RESET_B : -10.321987
[hold in-reg] rst_ni -> _15731_/RESET_B : -10.321979
[hold in-reg] rst_ni -> _16083_/RESET_B : -10.321977
[hold in-reg] rst_ni -> _15955_/RESET_B : -10.321966
[hold in-reg] rst_ni -> _16019_/RESET_B : -10.321880
[hold in-reg] rst_ni -> _15891_/RESET_B : -10.321856
[hold in-reg] rst_ni -> _16211_/RESET_B : -10.321837
[hold in-reg] rst_ni -> _16147_/RESET_B : -10.321728
[hold in-reg] rst_ni -> _15315_/RESET_B : -10.321699
[hold in-reg] rst_ni -> _15347_/RESET_B : -10.321709
[hold in-reg] rst_ni -> _15763_/RESET_B : -10.321713
[hold in-reg] rst_ni -> _15443_/RESET_B : -10.321672
[hold in-reg] rst_ni -> _15475_/RESET_B : -10.321672
[hold in-reg] rst_ni -> _15859_/RESET_B : -10.321671
[hold in-reg] rst_ni -> _15379_/RESET_B : -10.321493
[hold in-reg] rst_ni -> _15507_/RESET_B : -10.321339
[hold in-reg] rst_ni -> _15641_/RESET_B : -10.321314
[hold in-reg] rst_ni -> _16153_/RESET_B : -10.321285
[hold in-reg] rst_ni -> _15353_/RESET_B : -10.321266
[hold in-reg] rst_ni -> _15385_/RESET_B : -10.321260
[hold in-reg] rst_ni -> _15513_/RESET_B : -10.321252
[hold in-reg] rst_ni -> _15539_/RESET_B : -10.320974
[hold in-reg] rst_ni -> _15705_/RESET_B : -10.320353
[hold in-reg] rst_ni -> _15159_/RESET_B : -10.320223
[hold in-reg] rst_ni -> _15160_/RESET_B : -10.320221
[hold in-reg] rst_ni -> _15158_/RESET_B : -10.320099
[hold in-reg] rst_ni -> _15156_/RESET_B : -10.320088
[hold in-reg] rst_ni -> _15157_/RESET_B : -10.320039
[hold in-reg] rst_ni -> _15416_/RESET_B : -10.319901
[hold in-reg] rst_ni -> _15672_/RESET_B : -10.319901
[hold in-reg] rst_ni -> _14919_/RESET_B : -10.319838
[hold in-reg] rst_ni -> _14918_/RESET_B : -10.319815
[hold in-reg] rst_ni -> _15544_/RESET_B : -10.319807
[hold in-reg] rst_ni -> _14896_/RESET_B : -10.319728
[hold in-reg] rst_ni -> _14555_/RESET_B : -10.319491
[hold in-reg] rst_ni -> _15800_/RESET_B : -10.319456
[hold in-reg] rst_ni -> _15768_/RESET_B : -10.319199
[hold in-reg] rst_ni -> _15480_/RESET_B : -10.319086
[hold in-reg] rst_ni -> _15384_/RESET_B : -10.319044
[hold in-reg] rst_ni -> _15864_/RESET_B : -10.319035
[hold in-reg] rst_ni -> _15352_/RESET_B : -10.318983
[hold in-reg] rst_ni -> _14957_/RESET_B : -10.318888
[hold in-reg] rst_ni -> _16184_/RESET_B : -10.318891
[hold in-reg] rst_ni -> _16152_/RESET_B : -10.318868
[hold in-reg] rst_ni -> _15640_/RESET_B : -10.318824
[hold in-reg] rst_ni -> _16088_/RESET_B : -10.318818
[hold in-reg] rst_ni -> _15960_/RESET_B : -10.318797
[hold in-reg] rst_ni -> _15320_/RESET_B : -10.318775
[hold in-reg] rst_ni -> _15445_/RESET_B : -10.318695
[hold in-reg] rst_ni -> _15317_/RESET_B : -10.318660
[hold in-reg] rst_ni -> _15637_/RESET_B : -10.318666
[hold in-reg] rst_ni -> _15477_/RESET_B : -10.318655
[hold in-reg] rst_ni -> _15349_/RESET_B : -10.318631
[hold in-reg] rst_ni -> _15765_/RESET_B : -10.318637
[hold in-reg] rst_ni -> _16149_/RESET_B : -10.318630
[hold in-reg] rst_ni -> _16024_/RESET_B : -10.318596
[hold in-reg] rst_ni -> _16056_/RESET_B : -10.318552
[hold in-reg] rst_ni -> _15704_/RESET_B : -10.318495
[hold in-reg] rst_ni -> _15512_/RESET_B : -10.318456
[hold in-reg] rst_ni -> _15896_/RESET_B : -10.318456
[hold in-reg] rst_ni -> _16053_/RESET_B : -10.318196
[hold in-reg] rst_ni -> _15797_/RESET_B : -10.318139
[hold in-reg] rst_ni -> _16021_/RESET_B : -10.318099
[hold in-reg] rst_ni -> _15509_/RESET_B : -10.318005
[hold in-reg] rst_ni -> _16213_/RESET_B : -10.317894
[hold in-reg] rst_ni -> _15893_/RESET_B : -10.317863
[hold in-reg] rst_ni -> _15017_/RESET_B : -10.316162
[hold in-reg] rst_ni -> _14538_/RESET_B : -10.315989
[hold in-reg] rst_ni -> _14506_/RESET_B : -10.315894
[hold in-reg] rst_ni -> _14523_/RESET_B : -10.315695
[hold in-reg] rst_ni -> _14920_/RESET_B : -10.315606
[hold in-reg] rst_ni -> _14718_/RESET_B : -10.315450
[hold in-reg] rst_ni -> _15115_/RESET_B : -10.314663
[hold in-reg] rst_ni -> _14866_/RESET_B : -10.314599
[hold in-reg] rst_ni -> _14700_/RESET_B : -10.314436
[hold in-reg] rst_ni -> _14587_/RESET_B : -10.314132
[hold in-reg] rst_ni -> _15031_/RESET_B : -10.314139
[hold in-reg] rst_ni -> _14589_/RESET_B : -10.314078
[hold in-reg] rst_ni -> _14391_/RESET_B : -10.313876
[hold in-reg] rst_ni -> _14658_/RESET_B : -10.313754
[hold in-reg] rst_ni -> _14390_/RESET_B : -10.313663
[hold in-reg] rst_ni -> _14624_/RESET_B : -10.313544
[hold in-reg] rst_ni -> _14999_/RESET_B : -10.313194
[hold in-reg] rst_ni -> _14758_/RESET_B : -10.312839
[hold in-reg] rst_ni -> _14682_/RESET_B : -10.312700
[hold in-reg] rst_ni -> _14501_/RESET_B : -10.312383
[hold in-reg] rst_ni -> _14540_/RESET_B : -10.311567
[hold in-reg] rst_ni -> _14508_/RESET_B : -10.311255
[hold in-reg] rst_ni -> _14962_/RESET_B : -10.310787
[hold in-reg] rst_ni -> _14533_/RESET_B : -10.310777
[hold in-reg] rst_ni -> _14625_/RESET_B : -10.310005
[hold in-reg] rst_ni -> _14963_/RESET_B : -10.309134
[hold in-reg] rst_ni -> _14862_/RESET_B : -10.308085
[hold in-reg] rst_ni -> _14995_/RESET_B : -10.308041
[hold in-reg] rst_ni -> _15033_/RESET_B : -10.307151
[hold in-reg] rst_ni -> _15117_/RESET_B : -10.307147
[hold in-reg] rst_ni -> _14409_/RESET_B : -10.306746
[hold in-reg] rst_ni -> _14964_/RESET_B : -10.306681
[hold in-reg] rst_ni -> _14628_/RESET_B : -10.305217
[hold in-reg] rst_ni -> _14627_/RESET_B : -10.304815
[hold in-reg] rst_ni -> _14953_/RESET_B : -10.304019
[hold in-reg] rst_ni -> _14868_/RESET_B : -10.303783
[hold in-reg] rst_ni -> _15000_/RESET_B : -10.303728
[hold in-reg] rst_ni -> _15001_/RESET_B : -10.303454
[hold in-reg] rst_ni -> _14702_/RESET_B : -10.302129
[hold in-reg] rst_ni -> _14591_/RESET_B : -10.301300
[hold in-reg] rst_ni -> _14704_/RESET_B : -10.299896
[hold in-reg] rst_ni -> _14641_/RESET_B : -10.299824
[hold in-reg] rst_ni -> _14639_/RESET_B : -10.299795
[hold in-reg] rst_ni -> _14568_/RESET_B : -10.299770
[hold in-reg] rst_ni -> _14509_/RESET_B : -10.299735
[hold in-reg] rst_ni -> _14541_/RESET_B : -10.299738
[hold in-reg] rst_ni -> _14557_/RESET_B : -10.299726
[hold in-reg] rst_ni -> _14870_/RESET_B : -10.299721
[hold in-reg] rst_ni -> _15003_/RESET_B : -10.299717
[hold in-reg] rst_ni -> _14662_/RESET_B : -10.299474
[hold in-reg] rst_ni -> _15163_/RESET_B : -10.297952
[hold in-reg] rst_ni -> _14410_/RESET_B : -10.297563
[hold in-reg] rst_ni -> _14884_/RESET_B : -10.296841
[hold in-reg] rst_ni -> _14408_/RESET_B : -10.296803
[hold in-reg] rst_ni -> _15028_/RESET_B : -10.295743
[hold in-reg] rst_ni -> _15058_/RESET_B : -10.292077
[hold in-reg] rst_ni -> _14535_/RESET_B : -10.291159
[hold in-reg] rst_ni -> _14503_/RESET_B : -10.291110
[hold in-reg] rst_ni -> _15063_/RESET_B : -10.290615
[hold in-reg] rst_ni -> _14454_/RESET_B : -10.289071
[hold in-reg] rst_ni -> _14412_/RESET_B : -10.288688
[hold in-reg] rst_ni -> _14411_/RESET_B : -10.288423
[hold in-reg] rst_ni -> _14787_/RESET_B : -10.288218
[hold in-reg] rst_ni -> _14413_/RESET_B : -10.288124
[hold in-reg] rst_ni -> _14749_/RESET_B : -10.288110
[hold in-reg] rst_ni -> _14750_/RESET_B : -10.287930
[hold in-reg] rst_ni -> _14419_/RESET_B : -10.286950
[hold in-reg] rst_ni -> _14453_/RESET_B : -10.285638
[hold in-reg] rst_ni -> _14452_/RESET_B : -10.284163
[hold in-reg] rst_ni -> _14422_/RESET_B : -10.279578
[hold in-reg] rst_ni -> _14959_/RESET_B : -10.278422
[hold in-reg] rst_ni -> _15019_/RESET_B : -10.278307
[hold in-reg] rst_ni -> _15104_/RESET_B : -10.277966
[hold in-reg] rst_ni -> _14420_/RESET_B : -10.276353
[hold in-reg] rst_ni -> _14714_/RESET_B : -10.275379
[hold in-reg] rst_ni -> _14601_/RESET_B : -10.274640
[hold in-reg] rst_ni -> _14672_/RESET_B : -10.274595
[hold in-reg] rst_ni -> _14635_/RESET_B : -10.274580
[hold in-reg] rst_ni -> _14560_/RESET_B : -10.274424
[hold in-reg] rst_ni -> _14638_/RESET_B : -10.274280
[hold in-reg] rst_ni -> _14674_/RESET_B : -10.274276
[hold in-reg] rst_ni -> _14603_/RESET_B : -10.274247
[hold in-reg] rst_ni -> _14629_/RESET_B : -10.274189
[hold in-reg] rst_ni -> _14631_/RESET_B : -10.274181
[hold in-reg] rst_ni -> _14421_/RESET_B : -10.271963
[hold in-reg] rst_ni -> _15113_/RESET_B : -10.270510
[hold in-reg] rst_ni -> _14564_/RESET_B : -10.270418
[hold in-reg] rst_ni -> _14598_/RESET_B : -10.269334
[hold in-reg] rst_ni -> _14637_/RESET_B : -10.268837
[hold in-reg] rst_ni -> _14669_/RESET_B : -10.268384
[hold in-reg] rst_ni -> _14640_/RESET_B : -10.268183
[hold in-reg] rst_ni -> _15020_/RESET_B : -10.267999
[hold in-reg] rst_ni -> _15103_/RESET_B : -10.267696
[hold in-reg] rst_ni -> _14951_/RESET_B : -10.266854
[hold in-reg] rst_ni -> _14707_/RESET_B : -10.265512
[hold in-reg] rst_ni -> _14594_/RESET_B : -10.265403
[hold in-reg] rst_ni -> _14665_/RESET_B : -10.265213
[hold in-reg] rst_ni -> _14561_/RESET_B : -10.265062
[hold in-reg] rst_ni -> _14516_/RESET_B : -10.264959
[hold in-reg] rst_ni -> _15010_/RESET_B : -10.264968
[hold in-reg] rst_ni -> _14512_/RESET_B : -10.264886
[hold in-reg] rst_ni -> _14544_/RESET_B : -10.264890
[hold in-reg] rst_ni -> _15035_/RESET_B : -10.264854
[hold in-reg] rst_ni -> _14966_/RESET_B : -10.264844
[hold in-reg] rst_ni -> _14786_/RESET_B : -10.264828
[hold in-reg] rst_ni -> _14567_/RESET_B : -10.263385
[hold in-reg] rst_ni -> _14874_/RESET_B : -10.263339
[hold in-reg] rst_ni -> _14879_/RESET_B : -10.263330
[hold in-reg] rst_ni -> _14880_/RESET_B : -10.263140
[hold in-reg] rst_ni -> _14876_/RESET_B : -10.262870
[hold in-reg] rst_ni -> _14877_/RESET_B : -10.262717
[hold in-reg] rst_ni -> _14897_/RESET_B : -10.262632
[hold in-reg] rst_ni -> _14708_/RESET_B : -10.262518
[hold in-reg] rst_ni -> _14450_/RESET_B : -10.262361
[hold in-reg] rst_ni -> _14449_/RESET_B : -10.262332
[hold in-reg] rst_ni -> _15041_/RESET_B : -10.262328
[hold in-reg] rst_ni -> _14873_/RESET_B : -10.262246
[hold in-reg] rst_ni -> _15039_/RESET_B : -10.262202
[hold in-reg] rst_ni -> _14875_/RESET_B : -10.261829
[hold in-reg] rst_ni -> _14709_/RESET_B : -10.261428
[hold in-reg] rst_ni -> _15011_/RESET_B : -10.261360
[hold in-reg] rst_ni -> _15006_/RESET_B : -10.261216
[hold in-reg] rst_ni -> _15013_/RESET_B : -10.260959
[hold in-reg] rst_ni -> _14636_/RESET_B : -10.260600
[hold in-reg] rst_ni -> _14418_/RESET_B : -10.260514
[hold in-reg] rst_ni -> _14905_/RESET_B : -10.260520
[hold in-reg] rst_ni -> _14904_/RESET_B : -10.260493
[hold in-reg] rst_ni -> _14634_/RESET_B : -10.260467
[hold in-reg] rst_ni -> _14907_/RESET_B : -10.260470
[hold in-reg] rst_ni -> _14909_/RESET_B : -10.260465
[hold in-reg] rst_ni -> _14911_/RESET_B : -10.260456
[hold in-reg] rst_ni -> _14914_/RESET_B : -10.260450
[hold in-reg] rst_ni -> _14417_/RESET_B : -10.260228
[hold in-reg] rst_ni -> _14519_/RESET_B : -10.260071
[hold in-reg] rst_ni -> _14633_/RESET_B : -10.259985
[hold in-reg] rst_ni -> _14551_/RESET_B : -10.259822
[hold in-reg] rst_ni -> _14902_/RESET_B : -10.259721
[hold in-reg] rst_ni -> _14910_/RESET_B : -10.259686
[hold in-reg] rst_ni -> _14630_/RESET_B : -10.259674
[hold in-reg] rst_ni -> _14908_/RESET_B : -10.259667
[hold in-reg] rst_ni -> _14912_/RESET_B : -10.259637
[hold in-reg] rst_ni -> _14915_/RESET_B : -10.259645
[hold in-reg] rst_ni -> _14903_/RESET_B : -10.259600
[hold in-reg] rst_ni -> _14906_/RESET_B : -10.259604
[hold in-reg] rst_ni -> _14596_/RESET_B : -10.259497
[hold in-reg] rst_ni -> _14667_/RESET_B : -10.259468
[hold in-reg] rst_ni -> _14710_/RESET_B : -10.259367
[hold in-reg] rst_ni -> _14597_/RESET_B : -10.259346
[hold in-reg] rst_ni -> _14668_/RESET_B : -10.259338
[hold in-reg] rst_ni -> _15008_/RESET_B : -10.259280
[hold in-reg] rst_ni -> _14514_/RESET_B : -10.259264
[hold in-reg] rst_ni -> _14546_/RESET_B : -10.259264
[hold in-reg] rst_ni -> _14414_/RESET_B : -10.259129
[hold in-reg] rst_ni -> _14549_/RESET_B : -10.259134
[hold in-reg] rst_ni -> _14415_/RESET_B : -10.259079
[hold in-reg] rst_ni -> _14517_/RESET_B : -10.258935
[hold in-reg] rst_ni -> _14547_/RESET_B : -10.258784
[hold in-reg] rst_ni -> _14416_/RESET_B : -10.258737
[hold in-reg] rst_ni -> _14515_/RESET_B : -10.258690
[hold in-reg] rst_ni -> _14511_/RESET_B : -10.258609
[hold in-reg] rst_ni -> _14543_/RESET_B : -10.258521
[hold in-reg] rst_ni -> _15036_/RESET_B : -10.258406
[hold in-reg] rst_ni -> _14967_/RESET_B : -10.258296
[hold in-reg] rst_ni -> _14932_/RESET_B : -10.256921
[hold in-reg] rst_ni -> _14931_/RESET_B : -10.256834
[hold in-reg] rst_ni -> _14930_/RESET_B : -10.256799
[hold in-reg] rst_ni -> _15130_/RESET_B : -10.256667
[hold in-reg] rst_ni -> _15119_/RESET_B : -10.256632
[hold in-reg] rst_ni -> _15118_/RESET_B : -10.256620
[hold in-reg] rst_ni -> _15131_/RESET_B : -10.256618
[hold in-reg] rst_ni -> _15132_/RESET_B : -10.256626
[hold in-reg] rst_ni -> _14934_/RESET_B : -10.256208
[hold in-reg] rst_ni -> _14933_/RESET_B : -10.256141
[hold in-reg] rst_ni -> _14935_/RESET_B : -10.255775
[hold in-reg] rst_ni -> _15167_/RESET_B : -10.255731
[hold in-reg] rst_ni -> _15169_/RESET_B : -10.255688
[hold in-reg] rst_ni -> _15168_/RESET_B : -10.255665
[hold in-reg] rst_ni -> _14936_/RESET_B : -10.255553
[hold in-reg] rst_ni -> _15170_/RESET_B : -10.255390
[hold in-reg] rst_ni -> _15171_/RESET_B : -10.255377
[hold in-reg] rst_ni -> _15172_/RESET_B : -10.255372
[hold in-reg] rst_ni -> _15173_/RESET_B : -10.255363
[hold in-reg] rst_ni -> _15120_/RESET_B : -10.255337
[hold in-reg] rst_ni -> _15121_/RESET_B : -10.255164
[hold in-reg] rst_ni -> _15122_/RESET_B : -10.255029
[hold in-reg] rst_ni -> _15128_/RESET_B : -10.254905
[hold in-reg] rst_ni -> _15124_/RESET_B : -10.254851
[hold in-reg] rst_ni -> _15127_/RESET_B : -10.254812
[hold in-reg] rst_ni -> _15125_/RESET_B : -10.254765
[hold in-reg] rst_ni -> _15165_/RESET_B : -10.254420
[hold in-reg] rst_ni -> _14961_/RESET_B : -10.246611
[hold in-reg] rst_ni -> _14565_/RESET_B : -10.245346
[hold in-reg] rst_ni -> _14563_/RESET_B : -10.245329
[hold in-reg] rst_ni -> _14599_/RESET_B : -10.245319
[hold in-reg] rst_ni -> _14670_/RESET_B : -10.245316
[hold in-reg] rst_ni -> _14898_/RESET_B : -10.245165
[hold in-reg] rst_ni -> _14632_/RESET_B : -10.245103
[hold in-reg] rst_ni -> _14666_/RESET_B : -10.245095
[hold in-reg] rst_ni -> _14595_/RESET_B : -10.245066
[hold in-reg] rst_ni -> _14593_/RESET_B : -10.245037
[hold in-reg] rst_ni -> _14664_/RESET_B : -10.245039
[hold in-reg] rst_ni -> _14559_/RESET_B : -10.245000
[hold in-reg] rst_ni -> _14562_/RESET_B : -10.245006
[hold in-reg] rst_ni -> _14706_/RESET_B : -10.245004
[hold in-reg] rst_ni -> _14712_/RESET_B : -10.244986
[hold in-reg] rst_ni -> _14878_/RESET_B : -10.244982
[hold in-reg] rst_ni -> _15164_/RESET_B : -10.243983
[hold in-reg] rst_ni -> _14939_/RESET_B : -10.236283
[hold in-reg] rst_ni -> _14937_/RESET_B : -10.236164
[hold in-reg] rst_ni -> _14938_/RESET_B : -10.236159
[hold in-reg] rst_ni -> _14970_/RESET_B : -10.235933
[hold in-reg] rst_ni -> _15037_/RESET_B : -10.235921
[hold in-reg] rst_ni -> _14972_/RESET_B : -10.235836
[hold in-reg] rst_ni -> _15009_/RESET_B : -10.235843
[hold in-reg] rst_ni -> _14969_/RESET_B : -10.235761
[hold in-reg] rst_ni -> _15007_/RESET_B : -10.235585
[hold in-reg] rst_ni -> _15044_/RESET_B : -10.235546
[hold in-reg] rst_ni -> _15038_/RESET_B : -10.235525
[hold in-reg] rst_ni -> _14513_/RESET_B : -10.235102
[hold in-reg] rst_ni -> _14545_/RESET_B : -10.235111
[hold in-reg] rst_ni -> _15040_/RESET_B : -10.233409
[hold in-reg] rst_ni -> _15042_/RESET_B : -10.233411
[hold in-reg] rst_ni -> _15043_/RESET_B : -10.233409
[hold in-reg] rst_ni -> _14971_/RESET_B : -10.232935
[hold in-reg] rst_ni -> _14968_/RESET_B : -10.231933
[hold in-reg] rst_ni -> _14973_/RESET_B : -10.231906
[hold in-reg] rst_ni -> _14974_/RESET_B : -10.231894
[hold in-reg] rst_ni -> _14975_/RESET_B : -10.231883
[hold in-reg] rst_ni -> _14537_/RESET_B : -10.231736
[hold in-reg] rst_ni -> _15114_/RESET_B : -10.230458
[hold in-reg] rst_ni -> _14900_/RESET_B : -10.229162
[hold in-reg] rst_ni -> _15030_/RESET_B : -10.228769
[hold in-reg] rst_ni -> _14872_/RESET_B : -10.228748
[hold in-reg] rst_ni -> _15005_/RESET_B : -10.228741
[hold in-reg] rst_ni -> _14505_/RESET_B : -10.228553
[hold in-reg] rst_ni -> _14940_/RESET_B : -10.228005
[hold in-reg] rst_ni -> _15176_/RESET_B : -10.227851
[hold in-reg] rst_ni -> _15177_/RESET_B : -10.227858
[hold in-reg] rst_ni -> _15178_/RESET_B : -10.227796
[hold in-reg] rst_ni -> _15179_/RESET_B : -10.227799
[hold in-reg] rst_ni -> _15180_/RESET_B : -10.227794
[hold in-reg] rst_ni -> _15174_/RESET_B : -10.227719
[hold in-reg] rst_ni -> _15175_/RESET_B : -10.227637
[hold in-reg] rst_ni -> _15123_/RESET_B : -10.227503
[hold in-reg] rst_ni -> _15126_/RESET_B : -10.227499
[hold in-reg] rst_ni -> _14943_/RESET_B : -10.227101
[hold in-reg] rst_ni -> _14507_/RESET_B : -10.226951
[hold in-reg] rst_ni -> _14539_/RESET_B : -10.226920
[hold in-reg] rst_ni -> _14942_/RESET_B : -10.226875
[hold in-reg] rst_ni -> _14941_/RESET_B : -10.226848
[hold in-reg] rst_ni -> _14950_/RESET_B : -10.225616
[hold in-reg] rst_ni -> _15032_/RESET_B : -10.224758
[hold in-reg] rst_ni -> _15116_/RESET_B : -10.224517
[hold in-reg] rst_ni -> _15055_/RESET_B : -10.203781
[hold in-reg] rst_ni -> _15056_/RESET_B : -10.200630
[hold in-reg] rst_ni -> _15057_/RESET_B : -10.200630
[hold in-reg] rst_ni -> _15289_/RESET_B : -10.191864
[hold in-reg] rst_ni -> _15155_/RESET_B : -10.191329
[hold in-reg] rst_ni -> _15286_/RESET_B : -10.191325
[hold in-reg] rst_ni -> _15018_/RESET_B : -10.190672
[hold in-reg] rst_ni -> _15285_/RESET_B : -10.190365
[hold in-reg] rst_ni -> _15284_/RESET_B : -10.190153
[hold in-reg] rst_ni -> _15288_/RESET_B : -10.189151
[hold in-reg] rst_ni -> _15287_/RESET_B : -10.188759
[hold in-reg] rst_ni -> _15152_/RESET_B : -10.187880
[hold in-reg] rst_ni -> _15153_/RESET_B : -10.187884
[hold in-reg] rst_ni -> _15154_/RESET_B : -10.187856
[hold in-reg] rst_ni -> _14981_/RESET_B : -10.186455
[hold in-reg] rst_ni -> _15135_/RESET_B : -10.186434
[hold in-reg] rst_ni -> _14983_/RESET_B : -10.186377
[hold in-reg] rst_ni -> _14982_/RESET_B : -10.186358
[hold in-reg] rst_ni -> _14984_/RESET_B : -10.186304
[hold in-reg] rst_ni -> _15137_/RESET_B : -10.186163
[hold in-reg] rst_ni -> _15081_/RESET_B : -10.186117
[hold in-reg] rst_ni -> _15082_/RESET_B : -10.186117
[hold in-reg] rst_ni -> _15148_/RESET_B : -10.186123
[hold in-reg] rst_ni -> _15149_/RESET_B : -10.186094
[hold in-reg] rst_ni -> _15150_/RESET_B : -10.186060
[hold in-reg] rst_ni -> _15071_/RESET_B : -10.186032
[hold in-reg] rst_ni -> _15251_/RESET_B : -10.185749
[hold in-reg] rst_ni -> _15250_/RESET_B : -10.185691
[hold in-reg] rst_ni -> _15185_/RESET_B : -10.185666
[hold in-reg] rst_ni -> _15235_/RESET_B : -10.185582
[hold in-reg] rst_ni -> _15203_/RESET_B : -10.185565
[hold in-reg] rst_ni -> _15269_/RESET_B : -10.185567
[hold in-reg] rst_ni -> _15101_/RESET_B : -10.185499
[hold in-reg] rst_ni -> _15202_/RESET_B : -10.185487
[hold in-reg] rst_ni -> _15234_/RESET_B : -10.185495
[hold in-reg] rst_ni -> _15268_/RESET_B : -10.185490
[hold in-reg] rst_ni -> _15102_/RESET_B : -10.184321
[hold in-reg] rst_ni -> _15218_/RESET_B : -10.183908
[hold in-reg] rst_ni -> _15219_/RESET_B : -10.183758
[hold in-reg] rst_ni -> _15068_/RESET_B : -10.183730
[hold in-reg] rst_ni -> _15083_/RESET_B : -10.183731
[hold in-reg] rst_ni -> _15187_/RESET_B : -10.183710
[hold in-reg] rst_ni -> _15253_/RESET_B : -10.183719
[hold in-reg] rst_ni -> _15100_/RESET_B : -10.183683
[hold in-reg] rst_ni -> _15095_/RESET_B : -10.183673
[hold in-reg] rst_ni -> _15252_/RESET_B : -10.183393
[hold in-reg] rst_ni -> _15186_/RESET_B : -10.183179
[hold in-reg] rst_ni -> _15201_/RESET_B : -10.182081
[hold in-reg] rst_ni -> _15267_/RESET_B : -10.181937
[hold in-reg] rst_ni -> _15233_/RESET_B : -10.181484
[hold in-reg] rst_ni -> _15249_/RESET_B : -10.181193
[hold in-reg] rst_ni -> _15283_/RESET_B : -10.180875
[hold in-reg] rst_ni -> _15217_/RESET_B : -10.180640
[hold in-reg] rst_ni -> _15248_/RESET_B : -10.180072
[hold in-reg] rst_ni -> _15232_/RESET_B : -10.179980
[hold in-reg] rst_ni -> _15266_/RESET_B : -10.179715
[hold in-reg] rst_ni -> _15200_/RESET_B : -10.179701
[hold in-reg] rst_ni -> _15282_/RESET_B : -10.179699
[hold in-reg] rst_ni -> _15199_/RESET_B : -10.179685
[hold in-reg] rst_ni -> _15216_/RESET_B : -10.179694
[hold in-reg] rst_ni -> _15265_/RESET_B : -10.179680
[hold in-reg] rst_ni -> _15231_/RESET_B : -10.179301
[hold in-reg] rst_ni -> _15247_/RESET_B : -10.179013
[hold in-reg] rst_ni -> _14949_/RESET_B : -10.178966
[hold in-reg] rst_ni -> _15215_/RESET_B : -10.178529
[hold in-reg] rst_ni -> _15281_/RESET_B : -10.178535
[hold in-reg] rst_ni -> _15214_/RESET_B : -10.178107
[hold in-reg] rst_ni -> _15246_/RESET_B : -10.178105
[hold in-reg] rst_ni -> _15280_/RESET_B : -10.178099
[hold in-reg] rst_ni -> _15230_/RESET_B : -10.178063
[hold in-reg] rst_ni -> _15198_/RESET_B : -10.178035
[hold in-reg] rst_ni -> _15264_/RESET_B : -10.178041
[hold in-reg] rst_ni -> _15190_/RESET_B : -10.177703
[hold in-reg] rst_ni -> _15256_/RESET_B : -10.177706
[hold in-reg] rst_ni -> _15222_/RESET_B : -10.177574
[hold in-reg] rst_ni -> _15238_/RESET_B : -10.177341
[hold in-reg] rst_ni -> _15192_/RESET_B : -10.177238
[hold in-reg] rst_ni -> _15258_/RESET_B : -10.177216
[hold in-reg] rst_ni -> _15224_/RESET_B : -10.177189
[hold in-reg] rst_ni -> _15272_/RESET_B : -10.177174
[hold in-reg] rst_ni -> _15208_/RESET_B : -10.177154
[hold in-reg] rst_ni -> _15240_/RESET_B : -10.177162
[hold in-reg] rst_ni -> _15274_/RESET_B : -10.177157
[hold in-reg] rst_ni -> _15206_/RESET_B : -10.177116
[hold in-reg] rst_ni -> _15196_/RESET_B : -10.176919
[hold in-reg] rst_ni -> _15262_/RESET_B : -10.176925
[hold in-reg] rst_ni -> _15228_/RESET_B : -10.176914
[hold in-reg] rst_ni -> _15244_/RESET_B : -10.176914
[hold in-reg] rst_ni -> _15278_/RESET_B : -10.176855
[hold in-reg] rst_ni -> _15212_/RESET_B : -10.176837
[hold in-reg] rst_ni -> _15191_/RESET_B : -10.176706
[hold in-reg] rst_ni -> _15257_/RESET_B : -10.176715
[hold in-reg] rst_ni -> _15223_/RESET_B : -10.176620
[hold in-reg] rst_ni -> _15239_/RESET_B : -10.176555
[hold in-reg] rst_ni -> _15207_/RESET_B : -10.176519
[hold in-reg] rst_ni -> _15273_/RESET_B : -10.176525
[hold in-reg] rst_ni -> _15072_/RESET_B : -10.169067
[hold in-reg] rst_ni -> _14917_/RESET_B : -10.159763
[hold in-reg] rst_ni -> _15070_/RESET_B : -10.158653
[hold in-reg] rst_ni -> _15139_/RESET_B : -10.152359
[hold in-reg] rst_ni -> _14980_/RESET_B : -10.151444
[hold in-reg] rst_ni -> _15140_/RESET_B : -10.149054
[hold in-reg] rst_ni -> _15142_/RESET_B : -10.149046
[hold in-reg] rst_ni -> _15073_/RESET_B : -10.149034
[hold in-reg] rst_ni -> _15075_/RESET_B : -10.148700
[hold in-reg] rst_ni -> _16189_/RESET_B : -10.148581
[hold in-reg] rst_ni -> _15773_/RESET_B : -10.148490
[hold in-reg] rst_ni -> _16029_/RESET_B : -10.148498
[hold in-reg] rst_ni -> _15485_/RESET_B : -10.148398
[hold in-reg] rst_ni -> _15453_/RESET_B : -10.148382
[hold in-reg] rst_ni -> _15837_/RESET_B : -10.148243
[hold in-reg] rst_ni -> _15325_/RESET_B : -10.148208
[hold in-reg] rst_ni -> _15613_/RESET_B : -10.148206
[hold in-reg] rst_ni -> _15429_/RESET_B : -10.148088
[hold in-reg] rst_ni -> _15973_/RESET_B : -10.148073
[hold in-reg] rst_ni -> _15461_/RESET_B : -10.147970
[hold in-reg] rst_ni -> _15813_/RESET_B : -10.147936
[hold in-reg] rst_ni -> _15653_/RESET_B : -10.147923
[hold in-reg] rst_ni -> _15397_/RESET_B : -10.147851
[hold in-reg] rst_ni -> _15525_/RESET_B : -10.147858
[hold in-reg] rst_ni -> _16069_/RESET_B : -10.147855
[hold in-reg] rst_ni -> _15647_/RESET_B : -10.147803
[hold in-reg] rst_ni -> _16031_/RESET_B : -10.147808
[hold in-reg] rst_ni -> _16063_/RESET_B : -10.147794
[hold in-reg] rst_ni -> _15645_/RESET_B : -10.147341
[hold in-reg] rst_ni -> _15143_/RESET_B : -10.147184
[hold in-reg] rst_ni -> _15133_/RESET_B : -10.147172
[hold in-reg] rst_ni -> _15146_/RESET_B : -10.147178
[hold in-reg] rst_ni -> _15144_/RESET_B : -10.146540
[hold in-reg] rst_ni -> _15077_/RESET_B : -10.146529
[hold in-reg] rst_ni -> _15147_/RESET_B : -10.146525
[hold in-reg] rst_ni -> _15076_/RESET_B : -10.146403
[hold in-reg] rst_ni -> _15330_/RESET_B : -10.146263
[hold in-reg] rst_ni -> _15810_/RESET_B : -10.146068
[hold in-reg] rst_ni -> _16194_/RESET_B : -10.145698
[hold in-reg] rst_ni -> _15145_/RESET_B : -10.145207
[hold in-reg] rst_ni -> _15078_/RESET_B : -10.144797
[hold in-reg] rst_ni -> _15079_/RESET_B : -10.144799
[hold in-reg] rst_ni -> _15080_/RESET_B : -10.144534
[hold in-reg] rst_ni -> _15094_/RESET_B : -10.144464
[hold in-reg] rst_ni -> _15650_/RESET_B : -10.143922
[hold in-reg] rst_ni -> _15362_/RESET_B : -10.143879
[hold in-reg] rst_ni -> _15970_/RESET_B : -10.143167
[hold in-reg] rst_ni -> _15084_/RESET_B : -10.143101
[hold in-reg] rst_ni -> _15096_/RESET_B : -10.142973
[hold in-reg] rst_ni -> _15091_/RESET_B : -10.142783
[hold in-reg] rst_ni -> _15087_/RESET_B : -10.142621
[hold in-reg] rst_ni -> _15426_/RESET_B : -10.142534
[hold in-reg] rst_ni -> _15085_/RESET_B : -10.142401
[hold in-reg] rst_ni -> _15293_/RESET_B : -10.142362
[hold in-reg] rst_ni -> _15965_/RESET_B : -10.142320
[hold in-reg] rst_ni -> _16223_/RESET_B : -10.142271
[hold in-reg] rst_ni -> _15389_/RESET_B : -10.142227
[hold in-reg] rst_ni -> _15517_/RESET_B : -10.142213
[hold in-reg] rst_ni -> _15086_/RESET_B : -10.142199
[hold in-reg] rst_ni -> _15906_/RESET_B : -10.142138
[hold in-reg] rst_ni -> _15088_/RESET_B : -10.142106
[hold in-reg] rst_ni -> _15901_/RESET_B : -10.142044
[hold in-reg] rst_ni -> _15741_/RESET_B : -10.142019
[hold in-reg] rst_ni -> _14463_/RESET_B : -10.141973
[hold in-reg] rst_ni -> _15357_/RESET_B : -10.141826
[hold in-reg] rst_ni -> _15805_/RESET_B : -10.141832
[hold in-reg] rst_ni -> _15421_/RESET_B : -10.141816
[hold in-reg] rst_ni -> _15781_/RESET_B : -10.141698
[hold in-reg] rst_ni -> _15090_/RESET_B : -10.141674
[hold in-reg] rst_ni -> _15333_/RESET_B : -10.141632
[hold in-reg] rst_ni -> _15845_/RESET_B : -10.141517
[hold in-reg] rst_ni -> _15621_/RESET_B : -10.141504
[hold in-reg] rst_ni -> _16133_/RESET_B : -10.141493
[hold in-reg] rst_ni -> _15458_/RESET_B : -10.141479
[hold in-reg] rst_ni -> _15877_/RESET_B : -10.141441
[hold in-reg] rst_ni -> _15301_/RESET_B : -10.141431
[hold in-reg] rst_ni -> _15365_/RESET_B : -10.141428
[hold in-reg] rst_ni -> _15546_/RESET_B : -10.141424
[hold in-reg] rst_ni -> _15578_/RESET_B : -10.141417
[hold in-reg] rst_ni -> _15674_/RESET_B : -10.141415
[hold in-reg] rst_ni -> _16090_/RESET_B : -10.141415
[hold in-reg] rst_ni -> _15493_/RESET_B : -10.141363
[hold in-reg] rst_ni -> _16197_/RESET_B : -10.141371
[hold in-reg] rst_ni -> _15909_/RESET_B : -10.141360
[hold in-reg] rst_ni -> _16130_/RESET_B : -10.141257
[hold in-reg] rst_ni -> _16098_/RESET_B : -10.141109
[hold in-reg] rst_ni -> _15259_/RESET_B : -10.140753
[hold in-reg] rst_ni -> _15193_/RESET_B : -10.140731
[hold in-reg] rst_ni -> _15225_/RESET_B : -10.140658
[hold in-reg] rst_ni -> _15778_/RESET_B : -10.140600
[hold in-reg] rst_ni -> _15241_/RESET_B : -10.140562
[hold in-reg] rst_ni -> _15275_/RESET_B : -10.140516
[hold in-reg] rst_ni -> _15209_/RESET_B : -10.140490
[hold in-reg] rst_ni -> _15195_/RESET_B : -10.140403
[hold in-reg] rst_ni -> _15261_/RESET_B : -10.140405
[hold in-reg] rst_ni -> _15188_/RESET_B : -10.140366
[hold in-reg] rst_ni -> _15220_/RESET_B : -10.140364
[hold in-reg] rst_ni -> _15227_/RESET_B : -10.140354
[hold in-reg] rst_ni -> _15254_/RESET_B : -10.140333
[hold in-reg] rst_ni -> _15197_/RESET_B : -10.140308
[hold in-reg] rst_ni -> _15229_/RESET_B : -10.140305
[hold in-reg] rst_ni -> _15236_/RESET_B : -10.140312
[hold in-reg] rst_ni -> _15243_/RESET_B : -10.140314
[hold in-reg] rst_ni -> _15245_/RESET_B : -10.140308
[hold in-reg] rst_ni -> _15263_/RESET_B : -10.140310
[hold in-reg] rst_ni -> _15211_/RESET_B : -10.140287
[hold in-reg] rst_ni -> _15277_/RESET_B : -10.140290
[hold in-reg] rst_ni -> _15270_/RESET_B : -10.140238
[hold in-reg] rst_ni -> _15221_/RESET_B : -10.140224
[hold in-reg] rst_ni -> _15237_/RESET_B : -10.140211
[hold in-reg] rst_ni -> _15204_/RESET_B : -10.140199
[hold in-reg] rst_ni -> _15255_/RESET_B : -10.140187
[hold in-reg] rst_ni -> _15189_/RESET_B : -10.140162
[hold in-reg] rst_ni -> _15205_/RESET_B : -10.140161
[hold in-reg] rst_ni -> _15271_/RESET_B : -10.140170
[hold in-reg] rst_ni -> _15298_/RESET_B : -10.140147
[hold in-reg] rst_ni -> _15842_/RESET_B : -10.140150
[hold in-reg] rst_ni -> _16228_/RESET_B : -10.140158
[hold in-reg] rst_ni -> _15226_/RESET_B : -10.140109
[hold in-reg] rst_ni -> _15242_/RESET_B : -10.140088
[hold in-reg] rst_ni -> _15260_/RESET_B : -10.140061
[hold in-reg] rst_ni -> _15194_/RESET_B : -10.140051
[hold in-reg] rst_ni -> _15210_/RESET_B : -10.140031
[hold in-reg] rst_ni -> _15276_/RESET_B : -10.140037
[hold in-reg] rst_ni -> _15138_/RESET_B : -10.140014
[hold in-reg] rst_ni -> _15586_/RESET_B : -10.139996
[hold in-reg] rst_ni -> _16162_/RESET_B : -10.139662
[hold in-reg] rst_ni -> _16002_/RESET_B : -10.139563
[hold in-reg] rst_ni -> _15714_/RESET_B : -10.139351
[hold in-reg] rst_ni -> _15394_/RESET_B : -10.139301
[hold in-reg] rst_ni -> _14468_/RESET_B : -10.139287
[hold in-reg] rst_ni -> _15522_/RESET_B : -10.139280
[hold in-reg] rst_ni -> _15746_/RESET_B : -10.139264
[hold in-reg] rst_ni -> _15682_/RESET_B : -10.139102
[hold in-reg] rst_ni -> _15554_/RESET_B : -10.139054
[hold in-reg] rst_ni -> _15938_/RESET_B : -10.137681
[hold in-reg] rst_ni -> _15151_/RESET_B : -10.136114
[hold in-reg] rst_ni -> _14459_/RESET_B : -10.134763
[hold in-reg] rst_ni -> _14948_/RESET_B : -10.134728
[hold in-reg] rst_ni -> _14458_/RESET_B : -10.134143
[hold in-reg] rst_ni -> _14857_/RESET_B : -10.134093
[hold in-reg] rst_ni -> _14858_/RESET_B : -10.133821
[hold in-reg] rst_ni -> _14859_/RESET_B : -10.133768
[hold in-reg] rst_ni -> _14815_/RESET_B : -10.133462
[hold in-reg] rst_ni -> _14811_/RESET_B : -10.133009
[hold in-reg] rst_ni -> _14803_/RESET_B : -10.132906
[hold in-reg] rst_ni -> _14806_/RESET_B : -10.132901
[hold in-reg] rst_ni -> _14798_/RESET_B : -10.132889
[hold in-reg] rst_ni -> _14814_/RESET_B : -10.132891
[hold in-reg] rst_ni -> _14808_/RESET_B : -10.132811
[hold in-reg] rst_ni -> _14800_/RESET_B : -10.132796
[hold in-reg] rst_ni -> _14816_/RESET_B : -10.132798
[hold in-reg] rst_ni -> _14795_/RESET_B : -10.132691
[hold in-reg] rst_ni -> _15549_/RESET_B : -10.132622
[hold in-reg] rst_ni -> _15581_/RESET_B : -10.132611
[hold in-reg] rst_ni -> _16093_/RESET_B : -10.132613
[hold in-reg] rst_ni -> _14794_/RESET_B : -10.132535
[hold in-reg] rst_ni -> _14802_/RESET_B : -10.132535
[hold in-reg] rst_ni -> _14810_/RESET_B : -10.132504
[hold in-reg] rst_ni -> _14799_/RESET_B : -10.132492
[hold in-reg] rst_ni -> _14807_/RESET_B : -10.132489
[hold in-reg] rst_ni -> _14809_/RESET_B : -10.132453
[hold in-reg] rst_ni -> _14801_/RESET_B : -10.132420
[hold in-reg] rst_ni -> _14793_/RESET_B : -10.132405
[hold in-reg] rst_ni -> _14797_/RESET_B : -10.132302
[hold in-reg] rst_ni -> _14805_/RESET_B : -10.132292
[hold in-reg] rst_ni -> _14813_/RESET_B : -10.132279
[hold in-reg] rst_ni -> _14796_/RESET_B : -10.132235
[hold in-reg] rst_ni -> _14804_/RESET_B : -10.132222
[hold in-reg] rst_ni -> _14812_/RESET_B : -10.132207
[hold in-reg] rst_ni -> _15997_/RESET_B : -10.132168
[hold in-reg] rst_ni -> _16157_/RESET_B : -10.131651
[hold in-reg] rst_ni -> _15933_/RESET_B : -10.131404
[hold in-reg] rst_ni -> _16061_/RESET_B : -10.130569
[hold in-reg] rst_ni -> _16125_/RESET_B : -10.130373
[hold in-reg] rst_ni -> _15677_/RESET_B : -10.129821
[hold in-reg] rst_ni -> _15709_/RESET_B : -10.129819
[hold in-reg] rst_ni -> _15869_/RESET_B : -10.129613
[hold in-reg] rst_ni -> _16037_/RESET_B : -10.128711
[hold in-reg] rst_ni -> _14471_/RESET_B : -10.128629
[hold in-reg] rst_ni -> _15749_/RESET_B : -10.128636
[hold in-reg] rst_ni -> _16231_/RESET_B : -10.128629
[hold in-reg] rst_ni -> _15589_/RESET_B : -10.128618
[hold in-reg] rst_ni -> _15557_/RESET_B : -10.127952
[hold in-reg] rst_ni -> _16165_/RESET_B : -10.127604
[hold in-reg] rst_ni -> _15941_/RESET_B : -10.127478
[hold in-reg] rst_ni -> _16101_/RESET_B : -10.127292
[hold in-reg] rst_ni -> _15685_/RESET_B : -10.126765
[hold in-reg] rst_ni -> _15717_/RESET_B : -10.126621
[hold in-reg] rst_ni -> _16005_/RESET_B : -10.126584
[hold in-reg] rst_ni -> _16159_/RESET_B : -10.125791
[hold in-reg] rst_ni -> _15583_/RESET_B : -10.125728
[hold in-reg] rst_ni -> _15551_/RESET_B : -10.125709
[hold in-reg] rst_ni -> _15935_/RESET_B : -10.125568
[hold in-reg] rst_ni -> _15743_/RESET_B : -10.125293
[hold in-reg] rst_ni -> _15711_/RESET_B : -10.125229
[hold in-reg] rst_ni -> _16095_/RESET_B : -10.125220
[hold in-reg] rst_ni -> _15871_/RESET_B : -10.125197
[hold in-reg] rst_ni -> _15679_/RESET_B : -10.125161
[hold in-reg] rst_ni -> _14465_/RESET_B : -10.125056
[hold in-reg] rst_ni -> _16097_/RESET_B : -10.124887
[hold in-reg] rst_ni -> _15295_/RESET_B : -10.124850
[hold in-reg] rst_ni -> _15553_/RESET_B : -10.124835
[hold in-reg] rst_ni -> _15391_/RESET_B : -10.124796
[hold in-reg] rst_ni -> _15967_/RESET_B : -10.124782
[hold in-reg] rst_ni -> _15359_/RESET_B : -10.124769
[hold in-reg] rst_ni -> _16225_/RESET_B : -10.124765
[hold in-reg] rst_ni -> _15585_/RESET_B : -10.124744
[hold in-reg] rst_ni -> _16227_/RESET_B : -10.124745
[hold in-reg] rst_ni -> _15681_/RESET_B : -10.124659
[hold in-reg] rst_ni -> _15937_/RESET_B : -10.124609
[hold in-reg] rst_ni -> _15457_/RESET_B : -10.124552
[hold in-reg] rst_ni -> _15873_/RESET_B : -10.124504
[hold in-reg] rst_ni -> _15425_/RESET_B : -10.124479
[hold in-reg] rst_ni -> _15713_/RESET_B : -10.124486
[hold in-reg] rst_ni -> _15969_/RESET_B : -10.124486
[hold in-reg] rst_ni -> _16193_/RESET_B : -10.124486
[hold in-reg] rst_ni -> _16001_/RESET_B : -10.124397
[hold in-reg] rst_ni -> _15839_/RESET_B : -10.124387
[hold in-reg] rst_ni -> _15519_/RESET_B : -10.124355
[hold in-reg] rst_ni -> _15807_/RESET_B : -10.124360
[hold in-reg] rst_ni -> _16065_/RESET_B : -10.124249
[hold in-reg] rst_ni -> _15903_/RESET_B : -10.124168
[hold in-reg] rst_ni -> _16129_/RESET_B : -10.124135
[hold in-reg] rst_ni -> _15777_/RESET_B : -10.124076
[hold in-reg] rst_ni -> _15999_/RESET_B : -10.124026
[hold in-reg] rst_ni -> _15745_/RESET_B : -10.123989
[hold in-reg] rst_ni -> _15361_/RESET_B : -10.123943
[hold in-reg] rst_ni -> _15617_/RESET_B : -10.123849
[hold in-reg] rst_ni -> _15393_/RESET_B : -10.123783
[hold in-reg] rst_ni -> _15489_/RESET_B : -10.123783
[hold in-reg] rst_ni -> _16161_/RESET_B : -10.123753
[hold in-reg] rst_ni -> _14467_/RESET_B : -10.123740
[hold in-reg] rst_ni -> _15521_/RESET_B : -10.123742
[hold in-reg] rst_ni -> _15841_/RESET_B : -10.123730
[hold in-reg] rst_ni -> _15905_/RESET_B : -10.123732
[hold in-reg] rst_ni -> _15297_/RESET_B : -10.123699
[hold in-reg] rst_ni -> _15329_/RESET_B : -10.123705
[hold in-reg] rst_ni -> _16033_/RESET_B : -10.123711
[hold in-reg] rst_ni -> _15649_/RESET_B : -10.123577
[hold in-reg] rst_ni -> _15809_/RESET_B : -10.123526
[hold in-reg] rst_ni -> _15456_/RESET_B : -10.123506
[hold in-reg] rst_ni -> _15488_/RESET_B : -10.123507
[hold in-reg] rst_ni -> _16064_/RESET_B : -10.123219
[hold in-reg] rst_ni -> _16000_/RESET_B : -10.123179
[hold in-reg] rst_ni -> _16128_/RESET_B : -10.123137
[hold in-reg] rst_ni -> _15360_/RESET_B : -10.123108
[hold in-reg] rst_ni -> _15744_/RESET_B : -10.123071
[hold in-reg] rst_ni -> _15712_/RESET_B : -10.123058
[hold in-reg] rst_ni -> _15392_/RESET_B : -10.123030
[hold in-reg] rst_ni -> _16192_/RESET_B : -10.122998
[hold in-reg] rst_ni -> _16032_/RESET_B : -10.122978
[hold in-reg] rst_ni -> _15328_/RESET_B : -10.122916
[hold in-reg] rst_ni -> _15840_/RESET_B : -10.122923
[hold in-reg] rst_ni -> _15936_/RESET_B : -10.122898
[hold in-reg] rst_ni -> _15296_/RESET_B : -10.122883
[hold in-reg] rst_ni -> _15904_/RESET_B : -10.122883
[hold in-reg] rst_ni -> _14885_/RESET_B : -10.100473
[hold in-reg] rst_ni -> _15098_/RESET_B : -10.089265
[hold in-reg] rst_ni -> _15097_/RESET_B : -10.082461
[hold in-reg] rst_ni -> _14849_/RESET_B : -10.077322
[hold in-reg] rst_ni -> _14851_/RESET_B : -10.077330
[hold in-reg] rst_ni -> _14850_/RESET_B : -10.072985
[hold in-reg] rst_ni -> _14852_/RESET_B : -10.066112
[hold in-reg] rst_ni -> _14853_/RESET_B : -10.066117
[hold in-reg] rst_ni -> _14854_/RESET_B : -10.063369
[hold in-reg] rst_ni -> _14886_/RESET_B : -10.058480
[hold in-reg] rst_ni -> _15093_/RESET_B : -10.057850
[hold in-reg] rst_ni -> _15898_/RESET_B : -10.057844
[hold in-reg] rst_ni -> _15089_/RESET_B : -10.046803
[hold in-reg] rst_ni -> _15092_/RESET_B : -10.043839
[hold in-reg] rst_ni -> _15802_/RESET_B : -10.041792
[hold in-reg] rst_ni -> _14460_/RESET_B : -10.041613
[hold in-reg] rst_ni -> _15099_/RESET_B : -10.040929
[hold in-reg] rst_ni -> _15386_/RESET_B : -10.040522
[hold in-reg] rst_ni -> _14828_/RESET_B : -10.039984
[hold in-reg] rst_ni -> _15450_/RESET_B : -10.039949
[hold in-reg] rst_ni -> _15610_/RESET_B : -10.039772
[hold in-reg] rst_ni -> _15962_/RESET_B : -10.039227
[hold in-reg] rst_ni -> _16026_/RESET_B : -10.038471
[hold in-reg] rst_ni -> _16220_/RESET_B : -10.038300
[hold in-reg] rst_ni -> _14820_/RESET_B : -10.037752
[hold in-reg] rst_ni -> _14822_/RESET_B : -10.037725
[hold in-reg] rst_ni -> _14817_/RESET_B : -10.037715
[hold in-reg] rst_ni -> _14825_/RESET_B : -10.037715
[hold in-reg] rst_ni -> _14827_/RESET_B : -10.036869
[hold in-reg] rst_ni -> _14826_/RESET_B : -10.036459
[hold in-reg] rst_ni -> _14823_/RESET_B : -10.036404
[hold in-reg] rst_ni -> _14824_/RESET_B : -10.036413
[hold in-reg] rst_ni -> _14819_/RESET_B : -10.036379
[hold in-reg] rst_ni -> _14818_/RESET_B : -10.036337
[hold in-reg] rst_ni -> _14821_/RESET_B : -10.036319
[hold in-reg] rst_ni -> _16186_/RESET_B : -10.035417
[hold in-reg] rst_ni -> _14461_/RESET_B : -10.035367
[hold in-reg] rst_ni -> _16155_/RESET_B : -10.035018
[hold in-reg] rst_ni -> _15803_/RESET_B : -10.034945
[hold in-reg] rst_ni -> _15387_/RESET_B : -10.034733
[hold in-reg] rst_ni -> _15899_/RESET_B : -10.034513
[hold in-reg] rst_ni -> _15451_/RESET_B : -10.034480
[hold in-reg] rst_ni -> _15611_/RESET_B : -10.034285
[hold in-reg] rst_ni -> _16027_/RESET_B : -10.034128
[hold in-reg] rst_ni -> _16187_/RESET_B : -10.034017
[hold in-reg] rst_ni -> _16221_/RESET_B : -10.033803
[hold in-reg] rst_ni -> _15579_/RESET_B : -10.033594
[hold in-reg] rst_ni -> _15547_/RESET_B : -10.033446
[hold in-reg] rst_ni -> _15771_/RESET_B : -10.033366
[hold in-reg] rst_ni -> _16091_/RESET_B : -10.033343
[hold in-reg] rst_ni -> _15577_/RESET_B : -10.033176
[hold in-reg] rst_ni -> _15929_/RESET_B : -10.033176
[hold in-reg] rst_ni -> _16121_/RESET_B : -10.033182
[hold in-reg] rst_ni -> _15355_/RESET_B : -10.033166
[hold in-reg] rst_ni -> _15609_/RESET_B : -10.033148
[hold in-reg] rst_ni -> _15643_/RESET_B : -10.033043
[hold in-reg] rst_ni -> _15963_/RESET_B : -10.033034
[hold in-reg] rst_ni -> _15291_/RESET_B : -10.033018
[hold in-reg] rst_ni -> _15323_/RESET_B : -10.033022
[hold in-reg] rst_ni -> _15995_/RESET_B : -10.033014
[hold in-reg] rst_ni -> _16251_/RESET_B : -10.032869
[hold in-reg] rst_ni -> _14476_/RESET_B : -10.032649
[hold in-reg] rst_ni -> _15882_/RESET_B : -10.032626
[hold in-reg] rst_ni -> _16236_/RESET_B : -10.032631
[hold in-reg] rst_ni -> _15481_/RESET_B : -10.032594
[hold in-reg] rst_ni -> _15818_/RESET_B : -10.032600
[hold in-reg] rst_ni -> _15449_/RESET_B : -10.032578
[hold in-reg] rst_ni -> _15737_/RESET_B : -10.032574
[hold in-reg] rst_ni -> _15961_/RESET_B : -10.032578
[hold in-reg] rst_ni -> _16185_/RESET_B : -10.032553
[hold in-reg] rst_ni -> _15690_/RESET_B : -10.032542
[hold in-reg] rst_ni -> _16138_/RESET_B : -10.032483
[hold in-reg] rst_ni -> _15673_/RESET_B : -10.032458
[hold in-reg] rst_ni -> _15321_/RESET_B : -10.032427
[hold in-reg] rst_ni -> _15498_/RESET_B : -10.032432
[hold in-reg] rst_ni -> _15722_/RESET_B : -10.032419
[hold in-reg] rst_ni -> _15946_/RESET_B : -10.032419
[hold in-reg] rst_ni -> _16089_/RESET_B : -10.032429
[hold in-reg] rst_ni -> _15402_/RESET_B : -10.032359
[hold in-reg] rst_ni -> _15530_/RESET_B : -10.032343
[hold in-reg] rst_ni -> _15658_/RESET_B : -10.032341
[hold in-reg] rst_ni -> _15370_/RESET_B : -10.032311
[hold in-reg] rst_ni -> _15850_/RESET_B : -10.032303
[hold in-reg] rst_ni -> _16202_/RESET_B : -10.032297
[hold in-reg] rst_ni -> _16171_/RESET_B : -10.032285
[hold in-reg] rst_ni -> _15307_/RESET_B : -10.032269
[hold in-reg] rst_ni -> _15499_/RESET_B : -10.032274
[hold in-reg] rst_ni -> _16011_/RESET_B : -10.032264
[hold in-reg] rst_ni -> _14830_/RESET_B : -10.032240
[hold in-reg] rst_ni -> _16042_/RESET_B : -10.032249
[hold in-reg] rst_ni -> _15914_/RESET_B : -10.032226
[hold in-reg] rst_ni -> _15786_/RESET_B : -10.032187
[hold in-reg] rst_ni -> _16139_/RESET_B : -10.032102
[hold in-reg] rst_ni -> _15594_/RESET_B : -10.032050
[hold in-reg] rst_ni -> _15339_/RESET_B : -10.032034
[hold in-reg] rst_ni -> _15979_/RESET_B : -10.032001
[hold in-reg] rst_ni -> _15754_/RESET_B : -10.031976
[hold in-reg] rst_ni -> _15338_/RESET_B : -10.031947
[hold in-reg] rst_ni -> _15306_/RESET_B : -10.031922
[hold in-reg] rst_ni -> _15434_/RESET_B : -10.031920
[hold in-reg] rst_ni -> _16010_/RESET_B : -10.031929
[hold in-reg] rst_ni -> _16074_/RESET_B : -10.031926
[hold in-reg] rst_ni -> _14829_/RESET_B : -10.031885
[hold in-reg] rst_ni -> _15562_/RESET_B : -10.031878
[hold in-reg] rst_ni -> _15819_/RESET_B : -10.031837
[hold in-reg] rst_ni -> _14832_/RESET_B : -10.031824
[hold in-reg] rst_ni -> _14834_/RESET_B : -10.031834
[hold in-reg] rst_ni -> _14833_/RESET_B : -10.031816
[hold in-reg] rst_ni -> _14836_/RESET_B : -10.031812
[hold in-reg] rst_ni -> _15691_/RESET_B : -10.031819
[hold in-reg] rst_ni -> _15787_/RESET_B : -10.031814
[hold in-reg] rst_ni -> _15883_/RESET_B : -10.031811
[hold in-reg] rst_ni -> _14831_/RESET_B : -10.031796
[hold in-reg] rst_ni -> _14835_/RESET_B : -10.031789
[hold in-reg] rst_ni -> _15851_/RESET_B : -10.031784
[hold in-reg] rst_ni -> _15947_/RESET_B : -10.031748
[hold in-reg] rst_ni -> _15435_/RESET_B : -10.031734
[hold in-reg] rst_ni -> _16106_/RESET_B : -10.031734
[hold in-reg] rst_ni -> _15626_/RESET_B : -10.031709
[hold in-reg] rst_ni -> _16075_/RESET_B : -10.031696
[hold in-reg] rst_ni -> _16203_/RESET_B : -10.031631
[hold in-reg] rst_ni -> _15371_/RESET_B : -10.031593
[hold in-reg] rst_ni -> _15467_/RESET_B : -10.031558
[hold in-reg] rst_ni -> _15531_/RESET_B : -10.031566
[hold in-reg] rst_ni -> _15723_/RESET_B : -10.031562
[hold in-reg] rst_ni -> _15466_/RESET_B : -10.031480
[hold in-reg] rst_ni -> _15978_/RESET_B : -10.031459
[hold in-reg] rst_ni -> _16170_/RESET_B : -10.031467
[hold in-reg] rst_ni -> _15563_/RESET_B : -10.031228
[hold in-reg] rst_ni -> _16237_/RESET_B : -10.031158
[hold in-reg] rst_ni -> _16043_/RESET_B : -10.030990
[hold in-reg] rst_ni -> _16107_/RESET_B : -10.030967
[hold in-reg] rst_ni -> _15659_/RESET_B : -10.030934
[hold in-reg] rst_ni -> _15595_/RESET_B : -10.030915
[hold in-reg] rst_ni -> _14477_/RESET_B : -10.030814
[hold in-reg] rst_ni -> _14841_/RESET_B : -10.030819
[hold in-reg] rst_ni -> _15403_/RESET_B : -10.030821
[hold in-reg] rst_ni -> _15627_/RESET_B : -10.030796
[hold in-reg] rst_ni -> _15755_/RESET_B : -10.030775
[hold in-reg] rst_ni -> _15915_/RESET_B : -10.030778
[hold in-reg] rst_ni -> _15136_/RESET_B : -10.021711
[hold in-reg] rst_ni -> _16154_/RESET_B : -10.019880
[hold in-reg] rst_ni -> _15354_/RESET_B : -10.015432
[hold in-reg] rst_ni -> _15322_/RESET_B : -10.014958
[hold in-reg] rst_ni -> _15418_/RESET_B : -10.014947
[hold in-reg] rst_ni -> _15482_/RESET_B : -10.014946
[hold in-reg] rst_ni -> _15738_/RESET_B : -10.013034
[hold in-reg] rst_ni -> _15514_/RESET_B : -10.012127
[hold in-reg] rst_ni -> _15770_/RESET_B : -10.012134
[hold in-reg] rst_ni -> _15706_/RESET_B : -10.010808
[hold in-reg] rst_ni -> _15866_/RESET_B : -10.010407
[hold in-reg] rst_ni -> _15930_/RESET_B : -10.010407
[hold in-reg] rst_ni -> _15994_/RESET_B : -10.010406
[hold in-reg] rst_ni -> _15490_/RESET_B : -10.009481
[hold in-reg] rst_ni -> _15618_/RESET_B : -10.009478
[hold in-reg] rst_ni -> _15874_/RESET_B : -10.007583
[hold in-reg] rst_ni -> _16034_/RESET_B : -10.007309
[hold in-reg] rst_ni -> _16066_/RESET_B : -10.007313
[hold in-reg] rst_ni -> _15069_/RESET_B : -10.007010
[hold in-reg] rst_ni -> _15290_/RESET_B : -10.005365
[hold in-reg] rst_ni -> _15619_/RESET_B : -10.004436
[hold in-reg] rst_ni -> _15875_/RESET_B : -10.003905
[hold in-reg] rst_ni -> _16099_/RESET_B : -10.002044
[hold in-reg] rst_ni -> _16229_/RESET_B : -10.001016
[hold in-reg] rst_ni -> _15555_/RESET_B : -10.000669
[hold in-reg] rst_ni -> _15907_/RESET_B : -10.000177
[hold in-reg] rst_ni -> _15587_/RESET_B : -9.999724
[hold in-reg] rst_ni -> _16122_/RESET_B : -9.995923
[hold in-reg] rst_ni -> _15642_/RESET_B : -9.991723
[hold in-reg] rst_ni -> _16058_/RESET_B : -9.987636
[hold in-reg] rst_ni -> _15834_/RESET_B : -9.986655
[hold in-reg] rst_ni -> _15835_/RESET_B : -9.983222
[hold in-reg] rst_ni -> _15419_/RESET_B : -9.983188
[hold in-reg] rst_ni -> _15515_/RESET_B : -9.983193
[hold in-reg] rst_ni -> _15675_/RESET_B : -9.983197
[hold in-reg] rst_ni -> _15707_/RESET_B : -9.983171
[hold in-reg] rst_ni -> _15395_/RESET_B : -9.978262
[hold in-reg] rst_ni -> _15491_/RESET_B : -9.975777
[hold in-reg] rst_ni -> _15779_/RESET_B : -9.975768
[hold in-reg] rst_ni -> _15459_/RESET_B : -9.975548
[hold in-reg] rst_ni -> _15708_/RESET_B : -9.975326
[hold in-reg] rst_ni -> _15836_/RESET_B : -9.975294
[hold in-reg] rst_ni -> _15324_/RESET_B : -9.975258
[hold in-reg] rst_ni -> _15427_/RESET_B : -9.973347
[hold in-reg] rst_ni -> _15715_/RESET_B : -9.973351
[hold in-reg] rst_ni -> _14469_/RESET_B : -9.973116
[hold in-reg] rst_ni -> _15299_/RESET_B : -9.973064
[hold in-reg] rst_ni -> _16131_/RESET_B : -9.971662
[hold in-reg] rst_ni -> _15843_/RESET_B : -9.969790
[hold in-reg] rst_ni -> _15523_/RESET_B : -9.969423
[hold in-reg] rst_ni -> _16163_/RESET_B : -9.969027
[hold in-reg] rst_ni -> _16067_/RESET_B : -9.968971
[hold in-reg] rst_ni -> _15331_/RESET_B : -9.968927
[hold in-reg] rst_ni -> _15683_/RESET_B : -9.968888
[hold in-reg] rst_ni -> _15870_/RESET_B : -9.968773
[hold in-reg] rst_ni -> _16062_/RESET_B : -9.968716
[hold in-reg] rst_ni -> _16158_/RESET_B : -9.968699
[hold in-reg] rst_ni -> _15838_/RESET_B : -9.968656
[hold in-reg] rst_ni -> _15358_/RESET_B : -9.968592
[hold in-reg] rst_ni -> _15390_/RESET_B : -9.968577
[hold in-reg] rst_ni -> _15518_/RESET_B : -9.968569
[hold in-reg] rst_ni -> _15774_/RESET_B : -9.968549
[hold in-reg] rst_ni -> _15550_/RESET_B : -9.968534
[hold in-reg] rst_ni -> _15867_/RESET_B : -9.968236
[hold in-reg] rst_ni -> _16123_/RESET_B : -9.968231
[hold in-reg] rst_ni -> _15483_/RESET_B : -9.968176
[hold in-reg] rst_ni -> _15931_/RESET_B : -9.968184
[hold in-reg] rst_ni -> _15739_/RESET_B : -9.968158
[hold in-reg] rst_ni -> _16059_/RESET_B : -9.968151
[hold in-reg] rst_ni -> _16003_/RESET_B : -9.967048
[hold in-reg] rst_ni -> _16164_/RESET_B : -9.966547
[hold in-reg] rst_ni -> _15844_/RESET_B : -9.965371
[hold in-reg] rst_ni -> _15364_/RESET_B : -9.965273
[hold in-reg] rst_ni -> _15363_/RESET_B : -9.964964
[hold in-reg] rst_ni -> _15876_/RESET_B : -9.964776
[hold in-reg] rst_ni -> _14470_/RESET_B : -9.964756
[hold in-reg] rst_ni -> _15780_/RESET_B : -9.964760
[hold in-reg] rst_ni -> _16036_/RESET_B : -9.964747
[hold in-reg] rst_ni -> _15652_/RESET_B : -9.964737
[hold in-reg] rst_ni -> _15422_/RESET_B : -9.963685
[hold in-reg] rst_ni -> _15811_/RESET_B : -9.963271
[hold in-reg] rst_ni -> _15939_/RESET_B : -9.963242
[hold in-reg] rst_ni -> _15971_/RESET_B : -9.963227
[hold in-reg] rst_ni -> _16035_/RESET_B : -9.963222
[hold in-reg] rst_ni -> _15678_/RESET_B : -9.963147
[hold in-reg] rst_ni -> _15747_/RESET_B : -9.962900
[hold in-reg] rst_ni -> _15934_/RESET_B : -9.962585
[hold in-reg] rst_ni -> _16030_/RESET_B : -9.961531
[hold in-reg] rst_ni -> _16094_/RESET_B : -9.961303
[hold in-reg] rst_ni -> _15454_/RESET_B : -9.961224
[hold in-reg] rst_ni -> _15294_/RESET_B : -9.961202
[hold in-reg] rst_ni -> _15582_/RESET_B : -9.961211
[hold in-reg] rst_ni -> _15710_/RESET_B : -9.961197
[hold in-reg] rst_ni -> _14464_/RESET_B : -9.961185
[hold in-reg] rst_ni -> _15902_/RESET_B : -9.961189
[hold in-reg] rst_ni -> _15646_/RESET_B : -9.961108
[hold in-reg] rst_ni -> _15932_/RESET_B : -9.960200
[hold in-reg] rst_ni -> _15612_/RESET_B : -9.960112
[hold in-reg] rst_ni -> _14462_/RESET_B : -9.960100
[hold in-reg] rst_ni -> _15676_/RESET_B : -9.960097
[hold in-reg] rst_ni -> _15740_/RESET_B : -9.959919
[hold in-reg] rst_ni -> _16028_/RESET_B : -9.959788
[hold in-reg] rst_ni -> _15580_/RESET_B : -9.959743
[hold in-reg] rst_ni -> _16188_/RESET_B : -9.959504
[hold in-reg] rst_ni -> _15644_/RESET_B : -9.959433
[hold in-reg] rst_ni -> _15804_/RESET_B : -9.959248
[hold in-reg] rst_ni -> _16156_/RESET_B : -9.959225
[hold in-reg] rst_ni -> _15772_/RESET_B : -9.959138
[hold in-reg] rst_ni -> _15356_/RESET_B : -9.959127
[hold in-reg] rst_ni -> _15757_/RESET_B : -9.958870
[hold in-reg] rst_ni -> _15533_/RESET_B : -9.958854
[hold in-reg] rst_ni -> _15597_/RESET_B : -9.958809
[hold in-reg] rst_ni -> _15469_/RESET_B : -9.958654
[hold in-reg] rst_ni -> _15420_/RESET_B : -9.958601
[hold in-reg] rst_ni -> _16060_/RESET_B : -9.958598
[hold in-reg] rst_ni -> _15693_/RESET_B : -9.958586
[hold in-reg] rst_ni -> _15964_/RESET_B : -9.958535
[hold in-reg] rst_ni -> _16141_/RESET_B : -9.958434
[hold in-reg] rst_ni -> _15501_/RESET_B : -9.958420
[hold in-reg] rst_ni -> _15981_/RESET_B : -9.958417
[hold in-reg] rst_ni -> _15433_/RESET_B : -9.958310
[hold in-reg] rst_ni -> _15465_/RESET_B : -9.958276
[hold in-reg] rst_ni -> _16137_/RESET_B : -9.958226
[hold in-reg] rst_ni -> _15548_/RESET_B : -9.958177
[hold in-reg] rst_ni -> _16222_/RESET_B : -9.958160
[hold in-reg] rst_ni -> _15497_/RESET_B : -9.958150
[hold in-reg] rst_ni -> _15529_/RESET_B : -9.958115
[hold in-reg] rst_ni -> _15625_/RESET_B : -9.958120
[hold in-reg] rst_ni -> _15977_/RESET_B : -9.958121
[hold in-reg] rst_ni -> _15945_/RESET_B : -9.958096
[hold in-reg] rst_ni -> _16169_/RESET_B : -9.958088
[hold in-reg] rst_ni -> _15305_/RESET_B : -9.958047
[hold in-reg] rst_ni -> _15849_/RESET_B : -9.958042
[hold in-reg] rst_ni -> _15913_/RESET_B : -9.958042
[hold in-reg] rst_ni -> _15452_/RESET_B : -9.957720
[hold in-reg] rst_ni -> _16092_/RESET_B : -9.957729
[hold in-reg] rst_ni -> _15388_/RESET_B : -9.957542
[hold in-reg] rst_ni -> _16105_/RESET_B : -9.956795
[hold in-reg] rst_ni -> _15369_/RESET_B : -9.956745
[hold in-reg] rst_ni -> _16073_/RESET_B : -9.956754
[hold in-reg] rst_ni -> _15593_/RESET_B : -9.956741
[hold in-reg] rst_ni -> _15657_/RESET_B : -9.956750
[hold in-reg] rst_ni -> _15561_/RESET_B : -9.956591
[hold in-reg] rst_ni -> _16235_/RESET_B : -9.956453
[hold in-reg] rst_ni -> _15719_/RESET_B : -9.955709
[hold in-reg] rst_ni -> _15721_/RESET_B : -9.955704
[hold in-reg] rst_ni -> _15431_/RESET_B : -9.955685
[hold in-reg] rst_ni -> _15753_/RESET_B : -9.955489
[hold in-reg] rst_ni -> _15689_/RESET_B : -9.955438
[hold in-reg] rst_ni -> _15401_/RESET_B : -9.955384
[hold in-reg] rst_ni -> _15574_/RESET_B : -9.955374
[hold in-reg] rst_ni -> _16118_/RESET_B : -9.955376
[hold in-reg] rst_ni -> _16248_/RESET_B : -9.955379
[hold in-reg] rst_ni -> _15830_/RESET_B : -9.955356
[hold in-reg] rst_ni -> _15382_/RESET_B : -9.955337
[hold in-reg] rst_ni -> _15478_/RESET_B : -9.955338
[hold in-reg] rst_ni -> _14475_/RESET_B : -9.955141
[hold in-reg] rst_ni -> _15655_/RESET_B : -9.955043
[hold in-reg] rst_ni -> _15817_/RESET_B : -9.954937
[hold in-reg] rst_ni -> _15783_/RESET_B : -9.954890
[hold in-reg] rst_ni -> _15943_/RESET_B : -9.954880
[hold in-reg] rst_ni -> _15591_/RESET_B : -9.954867
[hold in-reg] rst_ni -> _16009_/RESET_B : -9.954756
[hold in-reg] rst_ni -> _15881_/RESET_B : -9.954721
[hold in-reg] rst_ni -> _15399_/RESET_B : -9.954656
[hold in-reg] rst_ni -> _15785_/RESET_B : -9.954633
[hold in-reg] rst_ni -> _15337_/RESET_B : -9.954523
[hold in-reg] rst_ni -> _16041_/RESET_B : -9.954528
[hold in-reg] rst_ni -> _16201_/RESET_B : -9.954525
[hold in-reg] rst_ni -> _15542_/RESET_B : -9.954493
[hold in-reg] rst_ni -> _15766_/RESET_B : -9.954468
[hold in-reg] rst_ni -> _14488_/RESET_B : -9.954457
[hold in-reg] rst_ni -> _15734_/RESET_B : -9.954461
[hold in-reg] rst_ni -> _15463_/RESET_B : -9.954414
[hold in-reg] rst_ni -> _15638_/RESET_B : -9.954410
[hold in-reg] rst_ni -> _15798_/RESET_B : -9.954375
[hold in-reg] rst_ni -> _15862_/RESET_B : -9.954381
[hold in-reg] rst_ni -> _15990_/RESET_B : -9.954379
[hold in-reg] rst_ni -> _16086_/RESET_B : -9.954375
[hold in-reg] rst_ni -> _15350_/RESET_B : -9.954326
[hold in-reg] rst_ni -> _15318_/RESET_B : -9.954287
[hold in-reg] rst_ni -> _15958_/RESET_B : -9.954268
[hold in-reg] rst_ni -> _16135_/RESET_B : -9.954254
[hold in-reg] rst_ni -> _16182_/RESET_B : -9.954264
[hold in-reg] rst_ni -> _15414_/RESET_B : -9.954202
[hold in-reg] rst_ni -> _16054_/RESET_B : -9.954203
[hold in-reg] rst_ni -> _15926_/RESET_B : -9.954187
[hold in-reg] rst_ni -> _16214_/RESET_B : -9.954184
[hold in-reg] rst_ni -> _16103_/RESET_B : -9.954054
[hold in-reg] rst_ni -> _15751_/RESET_B : -9.953982
[hold in-reg] rst_ni -> _15308_/RESET_B : -9.953478
[hold in-reg] rst_ni -> _15367_/RESET_B : -9.953465
[hold in-reg] rst_ni -> _15500_/RESET_B : -9.953469
[hold in-reg] rst_ni -> _15527_/RESET_B : -9.953440
[hold in-reg] rst_ni -> _16204_/RESET_B : -9.953446
[hold in-reg] rst_ni -> _15687_/RESET_B : -9.953430
[hold in-reg] rst_ni -> _16071_/RESET_B : -9.953428
[hold in-reg] rst_ni -> _15372_/RESET_B : -9.953018
[hold in-reg] rst_ni -> _15884_/RESET_B : -9.953024
[hold in-reg] rst_ni -> _16140_/RESET_B : -9.953018
[hold in-reg] rst_ni -> _16044_/RESET_B : -9.952727
[hold in-reg] rst_ni -> _15660_/RESET_B : -9.952606
[hold in-reg] rst_ni -> _15340_/RESET_B : -9.952434
[hold in-reg] rst_ni -> _15852_/RESET_B : -9.952392
[hold in-reg] rst_ni -> _15692_/RESET_B : -9.952209
[hold in-reg] rst_ni -> _15820_/RESET_B : -9.952199
[hold in-reg] rst_ni -> _16172_/RESET_B : -9.952169
[hold in-reg] rst_ni -> _15764_/RESET_B : -9.951979
[hold in-reg] rst_ni -> _15924_/RESET_B : -9.951960
[hold in-reg] rst_ni -> _15636_/RESET_B : -9.951859
[hold in-reg] rst_ni -> _16180_/RESET_B : -9.951793
[hold in-reg] rst_ni -> _15956_/RESET_B : -9.951758
[hold in-reg] rst_ni -> _16052_/RESET_B : -9.951694
[hold in-reg] rst_ni -> _15700_/RESET_B : -9.951655
[hold in-reg] rst_ni -> _15476_/RESET_B : -9.951642
[hold in-reg] rst_ni -> _15348_/RESET_B : -9.951612
[hold in-reg] rst_ni -> _16020_/RESET_B : -9.951615
[hold in-reg] rst_ni -> _15892_/RESET_B : -9.951604
[hold in-reg] rst_ni -> _15975_/RESET_B : -9.950501
[hold in-reg] rst_ni -> _16039_/RESET_B : -9.948902
[hold in-reg] rst_ni -> _15815_/RESET_B : -9.948739
[hold in-reg] rst_ni -> _16007_/RESET_B : -9.948430
[hold in-reg] rst_ni -> _15879_/RESET_B : -9.947387
[hold in-reg] rst_ni -> _14473_/RESET_B : -9.946029
[hold in-reg] rst_ni -> _16233_/RESET_B : -9.946025
[hold in-reg] rst_ni -> _15911_/RESET_B : -9.945778
[hold in-reg] rst_ni -> _15303_/RESET_B : -9.945745
[hold in-reg] rst_ni -> _15847_/RESET_B : -9.945755
[hold in-reg] rst_ni -> _16199_/RESET_B : -9.945745
[hold in-reg] rst_ni -> _15559_/RESET_B : -9.945706
[hold in-reg] rst_ni -> _15495_/RESET_B : -9.945549
[hold in-reg] rst_ni -> _15623_/RESET_B : -9.945552
[hold in-reg] rst_ni -> _15564_/RESET_B : -9.944077
[hold in-reg] rst_ni -> _16012_/RESET_B : -9.944058
[hold in-reg] rst_ni -> _16238_/RESET_B : -9.944036
[hold in-reg] rst_ni -> _15980_/RESET_B : -9.943900
[hold in-reg] rst_ni -> _16076_/RESET_B : -9.943785
[hold in-reg] rst_ni -> _15596_/RESET_B : -9.943769
[hold in-reg] rst_ni -> _14478_/RESET_B : -9.943740
[hold in-reg] rst_ni -> _15335_/RESET_B : -9.943698
[hold in-reg] rst_ni -> _15724_/RESET_B : -9.943605
[hold in-reg] rst_ni -> _15756_/RESET_B : -9.943536
[hold in-reg] rst_ni -> _16212_/RESET_B : -9.943458
[hold in-reg] rst_ni -> _15380_/RESET_B : -9.943424
[hold in-reg] rst_ni -> _15860_/RESET_B : -9.943433
[hold in-reg] rst_ni -> _15540_/RESET_B : -9.943394
[hold in-reg] rst_ni -> _16116_/RESET_B : -9.943392
[hold in-reg] rst_ni -> _16108_/RESET_B : -9.943122
[hold in-reg] rst_ni -> _15508_/RESET_B : -9.943002
[hold in-reg] rst_ni -> _16167_/RESET_B : -9.943003
[hold in-reg] rst_ni -> _15604_/RESET_B : -9.942245
[hold in-reg] rst_ni -> _15796_/RESET_B : -9.942248
[hold in-reg] rst_ni -> _15668_/RESET_B : -9.942170
[hold in-reg] rst_ni -> _15404_/RESET_B : -9.942044
[hold in-reg] rst_ni -> _15436_/RESET_B : -9.942018
[hold in-reg] rst_ni -> _15916_/RESET_B : -9.941746
[hold in-reg] rst_ni -> _16148_/RESET_B : -9.941672
[hold in-reg] rst_ni -> _15412_/RESET_B : -9.941433
[hold in-reg] rst_ni -> _15732_/RESET_B : -9.941360
[hold in-reg] rst_ni -> _15998_/RESET_B : -9.941161
[hold in-reg] rst_ni -> _15614_/RESET_B : -9.940925
[hold in-reg] rst_ni -> _15788_/RESET_B : -9.940731
[hold in-reg] rst_ni -> _15532_/RESET_B : -9.940701
[hold in-reg] rst_ni -> _15628_/RESET_B : -9.940694
[hold in-reg] rst_ni -> _15468_/RESET_B : -9.940445
[hold in-reg] rst_ni -> _15948_/RESET_B : -9.940376
[hold in-reg] rst_ni -> _16126_/RESET_B : -9.939887
[hold in-reg] rst_ni -> _16224_/RESET_B : -9.939678
[hold in-reg] rst_ni -> _15720_/RESET_B : -9.939156
[hold in-reg] rst_ni -> _15848_/RESET_B : -9.939135
[hold in-reg] rst_ni -> _15880_/RESET_B : -9.939143
[hold in-reg] rst_ni -> _15976_/RESET_B : -9.938752
[hold in-reg] rst_ni -> _15496_/RESET_B : -9.938527
[hold in-reg] rst_ni -> _15486_/RESET_B : -9.938196
[hold in-reg] rst_ni -> _15688_/RESET_B : -9.937243
[hold in-reg] rst_ni -> _15624_/RESET_B : -9.937056
[hold in-reg] rst_ni -> _15742_/RESET_B : -9.936848
[hold in-reg] rst_ni -> _16190_/RESET_B : -9.936312
[hold in-reg] rst_ni -> _15912_/RESET_B : -9.936248
[hold in-reg] rst_ni -> _15784_/RESET_B : -9.936131
[hold in-reg] rst_ni -> _16072_/RESET_B : -9.936129
[hold in-reg] rst_ni -> _15432_/RESET_B : -9.936118
[hold in-reg] rst_ni -> _15806_/RESET_B : -9.936118
[hold in-reg] rst_ni -> _16200_/RESET_B : -9.936110
[hold in-reg] rst_ni -> _15314_/RESET_B : -9.936086
[hold in-reg] rst_ni -> _16178_/RESET_B : -9.936086
[hold in-reg] rst_ni -> _15326_/RESET_B : -9.936032
[hold in-reg] rst_ni -> _15966_/RESET_B : -9.935900
[hold in-reg] rst_ni -> _16070_/RESET_B : -9.935658
[hold in-reg] rst_ni -> _16166_/RESET_B : -9.935655
[hold in-reg] rst_ni -> _16102_/RESET_B : -9.935618
[hold in-reg] rst_ni -> _16006_/RESET_B : -9.935537
[hold in-reg] rst_ni -> _16232_/RESET_B : -9.935534
[hold in-reg] rst_ni -> _15590_/RESET_B : -9.935486
[hold in-reg] rst_ni -> _15494_/RESET_B : -9.935463
[hold in-reg] rst_ni -> _15654_/RESET_B : -9.935464
[hold in-reg] rst_ni -> _15942_/RESET_B : -9.935431
[hold in-reg] rst_ni -> _15558_/RESET_B : -9.935411
[hold in-reg] rst_ni -> _15686_/RESET_B : -9.935416
[hold in-reg] rst_ni -> _14472_/RESET_B : -9.935377
[hold in-reg] rst_ni -> _15398_/RESET_B : -9.935367
[hold in-reg] rst_ni -> _15814_/RESET_B : -9.935328
[hold in-reg] rst_ni -> _15846_/RESET_B : -9.935308
[hold in-reg] rst_ni -> _15430_/RESET_B : -9.935290
[hold in-reg] rst_ni -> _15718_/RESET_B : -9.935288
[hold in-reg] rst_ni -> _15910_/RESET_B : -9.935288
[hold in-reg] rst_ni -> _15302_/RESET_B : -9.935274
[hold in-reg] rst_ni -> _15526_/RESET_B : -9.935264
[hold in-reg] rst_ni -> _16134_/RESET_B : -9.935225
[hold in-reg] rst_ni -> _15750_/RESET_B : -9.935198
[hold in-reg] rst_ni -> _15782_/RESET_B : -9.935189
[hold in-reg] rst_ni -> _16198_/RESET_B : -9.935191
[hold in-reg] rst_ni -> _16084_/RESET_B : -9.934908
[hold in-reg] rst_ni -> _15944_/RESET_B : -9.934543
[hold in-reg] rst_ni -> _14486_/RESET_B : -9.933910
[hold in-reg] rst_ni -> _15444_/RESET_B : -9.933887
[hold in-reg] rst_ni -> _15528_/RESET_B : -9.933663
[hold in-reg] rst_ni -> _15656_/RESET_B : -9.933663
[hold in-reg] rst_ni -> _15988_/RESET_B : -9.933663
[hold in-reg] rst_ni -> _15400_/RESET_B : -9.933614
[hold in-reg] rst_ni -> _15816_/RESET_B : -9.933608
[hold in-reg] rst_ni -> _16008_/RESET_B : -9.933602
[hold in-reg] rst_ni -> _15570_/RESET_B : -9.933538
[hold in-reg] rst_ni -> _16244_/RESET_B : -9.933538
[hold in-reg] rst_ni -> _15602_/RESET_B : -9.933509
[hold in-reg] rst_ni -> _16114_/RESET_B : -9.933510
[hold in-reg] rst_ni -> _15572_/RESET_B : -9.932510
[hold in-reg] rst_ni -> _16104_/RESET_B : -9.932288
[hold in-reg] rst_ni -> _15316_/RESET_B : -9.932158
[hold in-reg] rst_ni -> _16246_/RESET_B : -9.932165
[hold in-reg] rst_ni -> _15828_/RESET_B : -9.932152
[hold in-reg] rst_ni -> _14474_/RESET_B : -9.932062
[hold in-reg] rst_ni -> _15464_/RESET_B : -9.931988
[hold in-reg] rst_ni -> _15568_/RESET_B : -9.931112
[hold in-reg] rst_ni -> _16242_/RESET_B : -9.931118
[hold in-reg] rst_ni -> _15920_/RESET_B : -9.931094
[hold in-reg] rst_ni -> _15600_/RESET_B : -9.931013
[hold in-reg] rst_ni -> _16112_/RESET_B : -9.930966
[hold in-reg] rst_ni -> _16048_/RESET_B : -9.930342
[hold in-reg] rst_ni -> _16080_/RESET_B : -9.930198
[hold in-reg] rst_ni -> _15368_/RESET_B : -9.930139
[hold in-reg] rst_ni -> _16234_/RESET_B : -9.929826
[hold in-reg] rst_ni -> _16136_/RESET_B : -9.929720
[hold in-reg] rst_ni -> _15304_/RESET_B : -9.929700
[hold in-reg] rst_ni -> _15792_/RESET_B : -9.929693
[hold in-reg] rst_ni -> _16168_/RESET_B : -9.929640
[hold in-reg] rst_ni -> _16016_/RESET_B : -9.929595
[hold in-reg] rst_ni -> _15752_/RESET_B : -9.929558
[hold in-reg] rst_ni -> _15442_/RESET_B : -9.929284
[hold in-reg] rst_ni -> _15728_/RESET_B : -9.929263
[hold in-reg] rst_ni -> _15954_/RESET_B : -9.929259
[hold in-reg] rst_ni -> _15378_/RESET_B : -9.929185
[hold in-reg] rst_ni -> _15474_/RESET_B : -9.929189
[hold in-reg] rst_ni -> _16018_/RESET_B : -9.929179
[hold in-reg] rst_ni -> _16050_/RESET_B : -9.929030
[hold in-reg] rst_ni -> _14484_/RESET_B : -9.928991
[hold in-reg] rst_ni -> _15506_/RESET_B : -9.928959
[hold in-reg] rst_ni -> _15410_/RESET_B : -9.928944
[hold in-reg] rst_ni -> _15592_/RESET_B : -9.928845
[hold in-reg] rst_ni -> _16210_/RESET_B : -9.928843
[hold in-reg] rst_ni -> _15922_/RESET_B : -9.928804
[hold in-reg] rst_ni -> _15794_/RESET_B : -9.928789
[hold in-reg] rst_ni -> _15406_/RESET_B : -9.928771
[hold in-reg] rst_ni -> _15566_/RESET_B : -9.928765
[hold in-reg] rst_ni -> _15730_/RESET_B : -9.928761
[hold in-reg] rst_ni -> _15762_/RESET_B : -9.928757
[hold in-reg] rst_ni -> _15986_/RESET_B : -9.928757
[hold in-reg] rst_ni -> _16240_/RESET_B : -9.928739
[hold in-reg] rst_ni -> _15952_/RESET_B : -9.928707
[hold in-reg] rst_ni -> _16110_/RESET_B : -9.928686
[hold in-reg] rst_ni -> _15984_/RESET_B : -9.928577
[hold in-reg] rst_ni -> _15504_/RESET_B : -9.928433
[hold in-reg] rst_ni -> _15598_/RESET_B : -9.928433
[hold in-reg] rst_ni -> _15822_/RESET_B : -9.928281
[hold in-reg] rst_ni -> _15534_/RESET_B : -9.928238
[hold in-reg] rst_ni -> _15950_/RESET_B : -9.928182
[hold in-reg] rst_ni -> _14480_/RESET_B : -9.928083
[hold in-reg] rst_ni -> _14482_/RESET_B : -9.928075
[hold in-reg] rst_ni -> _15726_/RESET_B : -9.927838
[hold in-reg] rst_ni -> _15536_/RESET_B : -9.927758
[hold in-reg] rst_ni -> _15696_/RESET_B : -9.927755
[hold in-reg] rst_ni -> _15854_/RESET_B : -9.927735
[hold in-reg] rst_ni -> _15888_/RESET_B : -9.927714
[hold in-reg] rst_ni -> _16208_/RESET_B : -9.927690
[hold in-reg] rst_ni -> _15376_/RESET_B : -9.927670
[hold in-reg] rst_ni -> _15440_/RESET_B : -9.927643
[hold in-reg] rst_ni -> _15982_/RESET_B : -9.927597
[hold in-reg] rst_ni -> _15502_/RESET_B : -9.927540
[hold in-reg] rst_ni -> _15336_/RESET_B : -9.927523
[hold in-reg] rst_ni -> _15662_/RESET_B : -9.927529
[hold in-reg] rst_ni -> _15694_/RESET_B : -9.927462
[hold in-reg] rst_ni -> _16195_/RESET_B : -9.927469
[hold in-reg] rst_ni -> _16014_/RESET_B : -9.927423
[hold in-reg] rst_ni -> _15374_/RESET_B : -9.927412
[hold in-reg] rst_ni -> _14481_/RESET_B : -9.927396
[hold in-reg] rst_ni -> _15651_/RESET_B : -9.927387
[hold in-reg] rst_ni -> _15886_/RESET_B : -9.927393
[hold in-reg] rst_ni -> _16040_/RESET_B : -9.927381
[hold in-reg] rst_ni -> _15758_/RESET_B : -9.927366
[hold in-reg] rst_ni -> _15310_/RESET_B : -9.927348
[hold in-reg] rst_ni -> _16174_/RESET_B : -9.927355
[hold in-reg] rst_ni -> _15630_/RESET_B : -9.927342
[hold in-reg] rst_ni -> _15790_/RESET_B : -9.927318
[hold in-reg] rst_ni -> _16046_/RESET_B : -9.927277
[hold in-reg] rst_ni -> _15560_/RESET_B : -9.927264
[hold in-reg] rst_ni -> _15918_/RESET_B : -9.927272
[hold in-reg] rst_ni -> _16078_/RESET_B : -9.927274
[hold in-reg] rst_ni -> _16206_/RESET_B : -9.927256
[hold in-reg] rst_ni -> _15407_/RESET_B : -9.927208
[hold in-reg] rst_ni -> _15438_/RESET_B : -9.927217
[hold in-reg] rst_ni -> _15342_/RESET_B : -9.927202
[hold in-reg] rst_ni -> _15470_/RESET_B : -9.927200
[hold in-reg] rst_ni -> _16142_/RESET_B : -9.927197
[hold in-reg] rst_ni -> _15823_/RESET_B : -9.927156
[hold in-reg] rst_ni -> _16015_/RESET_B : -9.927112
[hold in-reg] rst_ni -> _15439_/RESET_B : -9.927085
[hold in-reg] rst_ni -> _15471_/RESET_B : -9.927087
[hold in-reg] rst_ni -> _16207_/RESET_B : -9.927093
[hold in-reg] rst_ni -> _15535_/RESET_B : -9.927076
[hold in-reg] rst_ni -> _15695_/RESET_B : -9.927032
[hold in-reg] rst_ni -> _16079_/RESET_B : -9.927039
[hold in-reg] rst_ni -> _15524_/RESET_B : -9.927021
[hold in-reg] rst_ni -> _15951_/RESET_B : -9.927019
[hold in-reg] rst_ni -> _15311_/RESET_B : -9.926955
[hold in-reg] rst_ni -> _15759_/RESET_B : -9.926955
[hold in-reg] rst_ni -> _15855_/RESET_B : -9.926959
[hold in-reg] rst_ni -> _16143_/RESET_B : -9.926953
[hold in-reg] rst_ni -> _15620_/RESET_B : -9.926909
[hold in-reg] rst_ni -> _15428_/RESET_B : -9.926739
[hold in-reg] rst_ni -> _15300_/RESET_B : -9.926723
[hold in-reg] rst_ni -> _15462_/RESET_B : -9.926096
[hold in-reg] rst_ni -> _15366_/RESET_B : -9.925779
[hold in-reg] rst_ni -> _15878_/RESET_B : -9.925783
[hold in-reg] rst_ni -> _15460_/RESET_B : -9.925696
[hold in-reg] rst_ni -> _15684_/RESET_B : -9.925639
[hold in-reg] rst_ni -> _16068_/RESET_B : -9.925071
[hold in-reg] rst_ni -> _15332_/RESET_B : -9.924852
[hold in-reg] rst_ni -> _15716_/RESET_B : -9.924836
[hold in-reg] rst_ni -> _15622_/RESET_B : -9.924728
[hold in-reg] rst_ni -> _15748_/RESET_B : -9.924673
[hold in-reg] rst_ni -> _16038_/RESET_B : -9.924673
[hold in-reg] rst_ni -> _15334_/RESET_B : -9.924570
[hold in-reg] rst_ni -> _15974_/RESET_B : -9.924506
[hold in-reg] rst_ni -> _16150_/RESET_B : -9.924486
[hold in-reg] rst_ni -> _16022_/RESET_B : -9.924474
[hold in-reg] rst_ni -> _15606_/RESET_B : -9.924449
[hold in-reg] rst_ni -> _15702_/RESET_B : -9.924405
[hold in-reg] rst_ni -> _15670_/RESET_B : -9.924375
[hold in-reg] rst_ni -> _15510_/RESET_B : -9.924350
[hold in-reg] rst_ni -> _15446_/RESET_B : -9.924328
[hold in-reg] rst_ni -> _15894_/RESET_B : -9.924335
[hold in-reg] rst_ni -> _15812_/RESET_B : -9.924210
[hold in-reg] rst_ni -> _15492_/RESET_B : -9.924119
[hold in-reg] rst_ni -> _16004_/RESET_B : -9.924113
[hold in-reg] rst_ni -> _15940_/RESET_B : -9.923925
[hold in-reg] rst_ni -> _16100_/RESET_B : -9.923472
[hold in-reg] rst_ni -> _15556_/RESET_B : -9.923236
[hold in-reg] rst_ni -> _15588_/RESET_B : -9.923220
[hold in-reg] rst_ni -> _16230_/RESET_B : -9.923222
[hold in-reg] rst_ni -> _15666_/RESET_B : -9.923120
[hold in-reg] rst_ni -> _15698_/RESET_B : -9.922818
[hold in-reg] rst_ni -> _15423_/RESET_B : -9.922808
[hold in-reg] rst_ni -> _15607_/RESET_B : -9.922680
[hold in-reg] rst_ni -> _14489_/RESET_B : -9.922632
[hold in-reg] rst_ni -> _16119_/RESET_B : -9.922639
[hold in-reg] rst_ni -> _15826_/RESET_B : -9.922614
[hold in-reg] rst_ni -> _15487_/RESET_B : -9.922579
[hold in-reg] rst_ni -> _16127_/RESET_B : -9.922575
[hold in-reg] rst_ni -> _16191_/RESET_B : -9.922538
[hold in-reg] rst_ni -> _15455_/RESET_B : -9.922488
[hold in-reg] rst_ni -> _15327_/RESET_B : -9.922454
[hold in-reg] rst_ni -> _15615_/RESET_B : -9.922460
[hold in-reg] rst_ni -> _15775_/RESET_B : -9.922458
[hold in-reg] rst_ni -> _16055_/RESET_B : -9.922398
[hold in-reg] rst_ni -> _15479_/RESET_B : -9.922282
[hold in-reg] rst_ni -> _15858_/RESET_B : -9.922099
[hold in-reg] rst_ni -> _15991_/RESET_B : -9.922091
[hold in-reg] rst_ni -> _15648_/RESET_B : -9.922069
[hold in-reg] rst_ni -> _15831_/RESET_B : -9.921949
[hold in-reg] rst_ni -> _15346_/RESET_B : -9.921854
[hold in-reg] rst_ni -> _14466_/RESET_B : -9.921836
[hold in-reg] rst_ni -> _15808_/RESET_B : -9.921827
[hold in-reg] rst_ni -> _16160_/RESET_B : -9.921817
[hold in-reg] rst_ni -> _15703_/RESET_B : -9.921803
[hold in-reg] rst_ni -> _15584_/RESET_B : -9.921687
[hold in-reg] rst_ni -> _15671_/RESET_B : -9.921535
[hold in-reg] rst_ni -> _15767_/RESET_B : -9.921543
[hold in-reg] rst_ni -> _15799_/RESET_B : -9.921432
[hold in-reg] rst_ni -> _15543_/RESET_B : -9.921389
[hold in-reg] rst_ni -> _15511_/RESET_B : -9.921319
[hold in-reg] rst_ni -> _15895_/RESET_B : -9.921314
[hold in-reg] rst_ni -> _15634_/RESET_B : -9.921264
[hold in-reg] rst_ni -> _16096_/RESET_B : -9.921195
[hold in-reg] rst_ni -> _16215_/RESET_B : -9.921204
[hold in-reg] rst_ni -> _15351_/RESET_B : -9.921163
[hold in-reg] rst_ni -> _15575_/RESET_B : -9.921146
[hold in-reg] rst_ni -> _16226_/RESET_B : -9.921131
[hold in-reg] rst_ni -> _16249_/RESET_B : -9.921124
[hold in-reg] rst_ni -> _16082_/RESET_B : -9.921113
[hold in-reg] rst_ni -> _15415_/RESET_B : -9.921076
[hold in-reg] rst_ni -> _16087_/RESET_B : -9.920992
[hold in-reg] rst_ni -> _15552_/RESET_B : -9.920971
[hold in-reg] rst_ni -> _15959_/RESET_B : -9.920979
[hold in-reg] rst_ni -> _15373_/RESET_B : -9.920944
[hold in-reg] rst_ni -> _16023_/RESET_B : -9.920950
[hold in-reg] rst_ni -> _15437_/RESET_B : -9.920938
[hold in-reg] rst_ni -> _16109_/RESET_B : -9.920940
[hold in-reg] rst_ni -> _15319_/RESET_B : -9.920913
[hold in-reg] rst_ni -> _15616_/RESET_B : -9.920886
[hold in-reg] rst_ni -> _15538_/RESET_B : -9.920875
[hold in-reg] rst_ni -> _15863_/RESET_B : -9.920870
[hold in-reg] rst_ni -> _16183_/RESET_B : -9.920864
[hold in-reg] rst_ni -> _16151_/RESET_B : -9.920833
[hold in-reg] rst_ni -> _15680_/RESET_B : -9.920779
[hold in-reg] rst_ni -> _15927_/RESET_B : -9.920781
[hold in-reg] rst_ni -> _16239_/RESET_B : -9.920769
[hold in-reg] rst_ni -> _15565_/RESET_B : -9.920751
[hold in-reg] rst_ni -> _15424_/RESET_B : -9.920719
[hold in-reg] rst_ni -> _15313_/RESET_B : -9.920692
[hold in-reg] rst_ni -> _15725_/RESET_B : -9.920694
[hold in-reg] rst_ni -> _15735_/RESET_B : -9.920695
[hold in-reg] rst_ni -> _15776_/RESET_B : -9.920685
[hold in-reg] rst_ni -> _15968_/RESET_B : -9.920687
[hold in-reg] rst_ni -> _15520_/RESET_B : -9.920672
[hold in-reg] rst_ni -> _15857_/RESET_B : -9.920678
[hold in-reg] rst_ni -> _16177_/RESET_B : -9.920687
[hold in-reg] rst_ni -> _15872_/RESET_B : -9.920672
[hold in-reg] rst_ni -> _14479_/RESET_B : -9.920656
[hold in-reg] rst_ni -> _16077_/RESET_B : -9.920646
[hold in-reg] rst_ni -> _16209_/RESET_B : -9.920644
[hold in-reg] rst_ni -> _15789_/RESET_B : -9.920605
[hold in-reg] rst_ni -> _15890_/RESET_B : -9.920596
[hold in-reg] rst_ni -> _15409_/RESET_B : -9.920584
[hold in-reg] rst_ni -> _15629_/RESET_B : -9.920569
[hold in-reg] rst_ni -> _15661_/RESET_B : -9.920578
[hold in-reg] rst_ni -> _15345_/RESET_B : -9.920557
[hold in-reg] rst_ni -> _15921_/RESET_B : -9.920547
[hold in-reg] rst_ni -> _16049_/RESET_B : -9.920555
[hold in-reg] rst_ni -> _16146_/RESET_B : -9.920565
[hold in-reg] rst_ni -> _15447_/RESET_B : -9.920545
[hold in-reg] rst_ni -> _15885_/RESET_B : -9.920551
[hold in-reg] rst_ni -> _15917_/RESET_B : -9.920543
[hold in-reg] rst_ni -> _15821_/RESET_B : -9.920527
[hold in-reg] rst_ni -> _15949_/RESET_B : -9.920536
[hold in-reg] rst_ni -> _15953_/RESET_B : -9.920545
[hold in-reg] rst_ni -> _15639_/RESET_B : -9.920485
[hold in-reg] rst_ni -> _15383_/RESET_B : -9.920447
[hold in-reg] rst_ni -> _16013_/RESET_B : -9.920452
[hold in-reg] rst_ni -> _15405_/RESET_B : -9.920378
[hold in-reg] rst_ni -> _15309_/RESET_B : -9.920357
[hold in-reg] rst_ni -> _15341_/RESET_B : -9.920365
[hold in-reg] rst_ni -> _16205_/RESET_B : -9.920360
[hold in-reg] rst_ni -> _16173_/RESET_B : -9.920342
[hold in-reg] rst_ni -> _15853_/RESET_B : -9.920326
[hold in-reg] rst_ni -> _16045_/RESET_B : -9.920328
[hold in-reg] rst_ni -> _15793_/RESET_B : -9.920279
[hold in-reg] rst_ni -> _15601_/RESET_B : -9.920244
[hold in-reg] rst_ni -> _16113_/RESET_B : -9.920252
[hold in-reg] rst_ni -> _15377_/RESET_B : -9.920230
[hold in-reg] rst_ni -> _15505_/RESET_B : -9.920236
[hold in-reg] rst_ni -> _15665_/RESET_B : -9.920223
[hold in-reg] rst_ni -> _15889_/RESET_B : -9.920157
[hold in-reg] rst_ni -> _15729_/RESET_B : -9.920127
[hold in-reg] rst_ni -> _15761_/RESET_B : -9.920104
[hold in-reg] rst_ni -> _14483_/RESET_B : -9.920094
[hold in-reg] rst_ni -> _15633_/RESET_B : -9.920088
[hold in-reg] rst_ni -> _15985_/RESET_B : -9.920088
[hold in-reg] rst_ni -> _16243_/RESET_B : -9.920067
[hold in-reg] rst_ni -> _15569_/RESET_B : -9.919962
[hold in-reg] rst_ni -> _15473_/RESET_B : -9.919929
[hold in-reg] rst_ni -> _15697_/RESET_B : -9.919909
[hold in-reg] rst_ni -> _16081_/RESET_B : -9.919916
[hold in-reg] rst_ni -> _15825_/RESET_B : -9.919855
[hold in-reg] rst_ni -> _16145_/RESET_B : -9.919735
[hold in-reg] rst_ni -> _15537_/RESET_B : -9.919484
[hold in-reg] rst_ni -> _15599_/RESET_B : -9.919365
[hold in-reg] rst_ni -> _16111_/RESET_B : -9.919369
[hold in-reg] rst_ni -> _16241_/RESET_B : -9.919362
[hold in-reg] rst_ni -> _15567_/RESET_B : -9.919348
[hold in-reg] rst_ni -> _15441_/RESET_B : -9.919204
[hold in-reg] rst_ni -> _16017_/RESET_B : -9.919150
[hold in-reg] rst_ni -> _15919_/RESET_B : -9.918953
[hold in-reg] rst_ni -> _15983_/RESET_B : -9.918743
[hold in-reg] rst_ni -> _15663_/RESET_B : -9.918726
[hold in-reg] rst_ni -> _15727_/RESET_B : -9.918708
[hold in-reg] rst_ni -> _15887_/RESET_B : -9.918708
[hold in-reg] rst_ni -> _15343_/RESET_B : -9.918694
[hold in-reg] rst_ni -> _16047_/RESET_B : -9.918692
[hold in-reg] rst_ni -> _15503_/RESET_B : -9.918615
[hold in-reg] rst_ni -> _15631_/RESET_B : -9.918617
[hold in-reg] rst_ni -> _15375_/RESET_B : -9.918591
[hold in-reg] rst_ni -> _15791_/RESET_B : -9.918599
[hold in-reg] rst_ni -> _16175_/RESET_B : -9.918598
[hold in-reg] rst_ni -> _16144_/RESET_B : -9.916113
[hold in-reg] rst_ni -> _15396_/RESET_B : -9.824371
[hold in-reg] rst_ni -> _15972_/RESET_B : -9.824227
[hold in-reg] rst_ni -> _15908_/RESET_B : -9.824115
[hold in-reg] rst_ni -> _16132_/RESET_B : -9.824061
[hold in-reg] rst_ni -> _16196_/RESET_B : -9.823936
[hold in-reg] rst_ni -> _15868_/RESET_B : -9.823742
[hold in-reg] rst_ni -> _15996_/RESET_B : -9.823750
[hold in-reg] rst_ni -> _15516_/RESET_B : -9.823630
[hold in-reg] rst_ni -> _15484_/RESET_B : -9.823531
[hold in-reg] rst_ni -> _15292_/RESET_B : -9.823470
[hold in-reg] rst_ni -> _16124_/RESET_B : -9.823474
[hold in-reg] rst_ni -> _15900_/RESET_B : -9.823451
[hold in-reg] rst_ni -> _14860_/SET_B : -7.676853
[hold in-reg] rst_ni -> _14383_/SET_B : -7.667687
[hold in-reg] rst_ni -> _14384_/SET_B : -7.664550
[hold in-reg] rst_ni -> _14719_/SET_B : -7.653233
[hold in-reg] rst_ni -> _14720_/SET_B : -7.653233
[hold in-reg] rst_ni -> _14609_/SET_B : -7.647648
[hold in-reg] rst_ni -> _14686_/SET_B : -7.647126
[hold in-reg] rst_ni -> _14456_/SET_B : -7.295104
[setup reg-out] _15090_/Q -> instr_addr_o[14] : -47.290615
[setup reg-out] _15090_/Q -> instr_addr_o[30] : -47.165520
[setup reg-out] _15090_/Q -> instr_addr_o[16] : -47.106804
[setup reg-out] _15090_/Q -> instr_addr_o[27] : -47.087433
[setup reg-out] _15090_/Q -> instr_addr_o[28] : -47.077969
[setup reg-out] _15090_/Q -> instr_addr_o[15] : -47.077007
[setup reg-out] _15090_/Q -> instr_addr_o[18] : -47.054188
[setup reg-out] _15090_/Q -> instr_addr_o[24] : -47.043365
[setup reg-out] _15090_/Q -> instr_addr_o[17] : -47.036369
[setup reg-out] _15090_/Q -> instr_addr_o[26] : -47.034698
[setup reg-out] _15090_/Q -> instr_addr_o[6] : -47.016670
[setup reg-out] _15090_/Q -> instr_addr_o[22] : -46.995632
[setup reg-out] _15090_/Q -> instr_addr_o[20] : -46.991730
[setup reg-out] _15090_/Q -> instr_addr_o[21] : -46.991199
[setup reg-out] _15090_/Q -> instr_addr_o[31] : -46.990055
[setup reg-out] _15090_/Q -> instr_addr_o[25] : -46.985806
[setup reg-out] _15090_/Q -> instr_addr_o[23] : -46.982586
[setup reg-out] _15090_/Q -> instr_addr_o[12] : -46.968243
[setup reg-out] _15090_/Q -> instr_addr_o[29] : -46.949711
[setup reg-out] _15090_/Q -> instr_addr_o[19] : -46.948467
[setup reg-out] _15090_/Q -> instr_addr_o[11] : -46.694283
[setup reg-out] _15090_/Q -> instr_addr_o[8] : -45.882950
[setup reg-out] _15090_/Q -> instr_addr_o[13] : -45.864498
[setup reg-out] _15090_/Q -> instr_addr_o[10] : -45.828178
[setup reg-out] _15090_/Q -> instr_addr_o[5] : -45.782772
[setup reg-out] _15090_/Q -> instr_addr_o[9] : -45.605042
[setup reg-out] _15090_/Q -> instr_addr_o[4] : -45.495548
[setup reg-out] _15090_/Q -> instr_addr_o[2] : -45.437592
[setup reg-out] _15090_/Q -> instr_addr_o[3] : -45.317356
[setup reg-out] _15090_/Q -> instr_addr_o[7] : -45.243500
[setup reg-out] _15090_/Q -> data_wdata_o[16] : -44.918987
[setup reg-out] _15090_/Q -> data_wdata_o[17] : -44.913372
[setup reg-out] _15090_/Q -> data_wdata_o[28] : -44.886925
[setup reg-out] _15090_/Q -> data_wdata_o[12] : -44.882965
[setup reg-out] _15090_/Q -> instr_req_o : -44.863647
[setup reg-out] _15090_/Q -> data_wdata_o[10] : -44.852215
[setup reg-out] _15090_/Q -> data_wdata_o[18] : -44.808163
[setup reg-out] _15090_/Q -> data_wdata_o[23] : -44.805801
[setup reg-out] _15090_/Q -> data_wdata_o[7] : -44.801224
[setup reg-out] _15090_/Q -> data_wdata_o[20] : -44.801109
[setup reg-out] _15090_/Q -> data_wdata_o[5] : -44.800255
[setup reg-out] _15090_/Q -> data_wdata_o[25] : -44.784092
[setup reg-out] _15090_/Q -> data_wdata_o[0] : -44.764767
[setup reg-out] _15090_/Q -> data_wdata_o[3] : -44.697563
[setup reg-out] _15090_/Q -> data_wdata_o[8] : -44.626244
[setup reg-out] _15090_/Q -> data_wdata_o[1] : -44.609943
[setup reg-out] _15090_/Q -> data_addr_o[31] : -44.595814
[setup reg-out] _15090_/Q -> data_wdata_o[6] : -44.591652
[setup reg-out] _15090_/Q -> data_wdata_o[13] : -44.589500
[setup reg-out] _15090_/Q -> data_be_o[0] : -44.581444
[setup reg-out] _15090_/Q -> data_wdata_o[19] : -44.573536
[setup reg-out] _15090_/Q -> data_wdata_o[22] : -44.559296
[setup reg-out] _15090_/Q -> data_addr_o[18] : -44.558712
[setup reg-out] _15090_/Q -> data_wdata_o[9] : -44.555714
[setup reg-out] _15090_/Q -> data_wdata_o[11] : -44.555496
[setup reg-out] _15090_/Q -> data_wdata_o[15] : -44.549206
[setup reg-out] _15090_/Q -> data_wdata_o[29] : -44.547768
[setup reg-out] _15090_/Q -> data_wdata_o[24] : -44.515518
[setup reg-out] _15090_/Q -> data_addr_o[29] : -44.499378
[setup reg-out] _15090_/Q -> data_addr_o[30] : -44.427628
[setup reg-out] _15090_/Q -> data_be_o[2] : -44.405537
[setup reg-out] _15090_/Q -> data_addr_o[28] : -44.400677
[setup reg-out] _15090_/Q -> data_addr_o[26] : -44.393009
[setup reg-out] _15090_/Q -> data_wdata_o[27] : -44.353535
[setup reg-out] _15090_/Q -> data_wdata_o[4] : -44.353058
[setup reg-out] _15090_/Q -> data_wdata_o[31] : -44.330883
[setup reg-out] _15090_/Q -> data_wdata_o[21] : -44.247196
[setup reg-out] _15090_/Q -> data_be_o[3] : -44.225433
[setup reg-out] _15090_/Q -> data_addr_o[22] : -44.188530
[setup reg-out] _15090_/Q -> data_addr_o[27] : -44.187252
[setup reg-out] _15090_/Q -> data_addr_o[16] : -44.182243
[setup reg-out] _15090_/Q -> data_addr_o[24] : -44.119270
[setup reg-out] _15090_/Q -> data_addr_o[21] : -44.064362
[setup reg-out] _15090_/Q -> data_addr_o[17] : -44.060364
[setup reg-out] _15090_/Q -> data_addr_o[25] : -44.057045
[setup reg-out] _15090_/Q -> data_wdata_o[26] : -44.037964
[setup reg-out] _15090_/Q -> data_addr_o[14] : -44.007202
[setup reg-out] _15090_/Q -> data_wdata_o[2] : -43.993290
[setup reg-out] _15090_/Q -> data_be_o[1] : -43.977867
[setup reg-out] _15090_/Q -> data_addr_o[20] : -43.934341
[setup reg-out] _15090_/Q -> data_addr_o[23] : -43.911644
[setup reg-out] _15090_/Q -> data_addr_o[10] : -43.743385
[setup reg-out] _15090_/Q -> data_addr_o[19] : -43.716457
[setup reg-out] _15090_/Q -> data_addr_o[8] : -43.632656
[setup reg-out] _15090_/Q -> data_wdata_o[14] : -43.626625
[setup reg-out] _15090_/Q -> data_wdata_o[30] : -43.622330
[setup reg-out] _15090_/Q -> data_addr_o[13] : -43.597282
[setup reg-out] _15090_/Q -> data_addr_o[15] : -43.571320
[setup reg-out] _15090_/Q -> data_addr_o[11] : -43.558910
[setup reg-out] _15090_/Q -> data_addr_o[12] : -43.555534
[setup reg-out] _15090_/Q -> data_addr_o[9] : -43.346313
[setup reg-out] _15090_/Q -> data_addr_o[7] : -43.331570
[setup reg-reg] _15090_/Q -> _14382_/D : -43.278591
[setup reg-out] _15090_/Q -> data_addr_o[6] : -43.121040
[setup reg-out] _15090_/Q -> data_addr_o[5] : -43.035599
[setup reg-out] _15090_/Q -> data_req_o : -43.030640
[setup reg-out] _15090_/Q -> data_addr_o[4] : -42.742767
[setup reg-out] _15090_/Q -> data_addr_o[3] : -42.624329
[setup reg-out] _15090_/Q -> data_addr_o[2] : -42.059940
[setup reg-out] _15090_/Q -> data_we_o : -41.353680
[setup reg-out] _15089_/Q -> double_fault_seen_o : -39.910545
[setup reg-out] _14556_/Q -> core_sleep_o : -36.168133
[setup reg-out] _14949_/Q -> crash_dump_o[97] : -34.400917
[setup reg-reg] _14556_/Q -> core_clock_gate_i.u_icg/GATE : -34.232182
[setup reg-out] _15129_/Q -> crash_dump_o[156] : -34.228317
[setup reg-out] _15119_/Q -> crash_dump_o[146] : -34.188030
[setup reg-out] _15132_/Q -> crash_dump_o[159] : -34.186295
[setup reg-out] _15131_/Q -> crash_dump_o[158] : -34.166599
[setup reg-out] _15122_/Q -> crash_dump_o[149] : -34.142677
[setup reg-out] _15130_/Q -> crash_dump_o[157] : -34.141640
[setup reg-out] _15120_/Q -> crash_dump_o[147] : -34.129089
[setup reg-out] _15118_/Q -> crash_dump_o[145] : -34.127289
[setup reg-out] _15124_/Q -> crash_dump_o[151] : -34.124817
[setup reg-out] _15125_/Q -> crash_dump_o[152] : -34.115974
[setup reg-out] _15128_/Q -> crash_dump_o[155] : -34.115646
[setup reg-out] _14885_/Q -> crash_dump_o[64] : -34.115456
[setup reg-out] _15123_/Q -> crash_dump_o[150] : -34.114700
[setup reg-out] _15121_/Q -> crash_dump_o[148] : -34.113747
[setup reg-out] _15117_/Q -> crash_dump_o[144] : -34.108494
[setup reg-out] _15126_/Q -> crash_dump_o[153] : -34.106312
[setup reg-out] _14903_/Q -> crash_dump_o[82] : -34.097694
[setup reg-out] _14977_/Q -> crash_dump_o[125] : -34.082478
[setup reg-out] _15127_/Q -> crash_dump_o[154] : -34.080425
[setup reg-out] _14905_/Q -> crash_dump_o[84] : -34.063240
[setup reg-out] _14908_/Q -> crash_dump_o[87] : -34.062019
[setup reg-out] _14906_/Q -> crash_dump_o[85] : -34.056126
[setup reg-out] _14971_/Q -> crash_dump_o[119] : -34.054188
[setup reg-out] _14910_/Q -> crash_dump_o[89] : -34.051765
[setup reg-out] _14901_/Q -> crash_dump_o[80] : -34.051533
[setup reg-out] _14549_/Q -> crash_dump_o[57] : -34.050488
[setup reg-out] _14911_/Q -> crash_dump_o[90] : -34.050484
[setup reg-out] _14547_/Q -> crash_dump_o[55] : -34.044357
[setup reg-out] _14904_/Q -> crash_dump_o[83] : -34.044312
[setup reg-out] _14969_/Q -> crash_dump_o[117] : -34.044052
[setup reg-out] _14902_/Q -> crash_dump_o[81] : -34.037025
[setup reg-out] _14974_/Q -> crash_dump_o[122] : -34.035500
[setup reg-out] _14909_/Q -> crash_dump_o[88] : -34.033310
[setup reg-out] _14907_/Q -> crash_dump_o[86] : -34.032909
[setup reg-out] _14973_/Q -> crash_dump_o[121] : -34.031895
[setup reg-out] _14913_/Q -> crash_dump_o[92] : -34.031422
[setup reg-out] _14968_/Q -> crash_dump_o[116] : -34.031013
[setup reg-out] _14965_/Q -> crash_dump_o[113] : -34.030907
[setup reg-out] _14970_/Q -> crash_dump_o[118] : -34.030499
[setup reg-out] _14960_/Q -> crash_dump_o[108] : -34.027397
[setup reg-out] _14978_/Q -> crash_dump_o[126] : -34.023537
[setup reg-out] _14634_/Q -> crash_dump_o[23] : -34.023472
[setup reg-out] _14967_/Q -> crash_dump_o[115] : -34.023052
[setup reg-out] _14544_/Q -> crash_dump_o[52] : -34.022190
[setup reg-out] _14912_/Q -> crash_dump_o[91] : -34.020191
[setup reg-out] _14915_/Q -> crash_dump_o[94] : -34.019432
[setup reg-out] _14916_/Q -> crash_dump_o[95] : -34.017246
[setup reg-out] _14629_/Q -> crash_dump_o[18] : -34.016632
[setup reg-out] _14976_/Q -> crash_dump_o[124] : -34.013229
[setup reg-out] _14550_/Q -> crash_dump_o[58] : -34.013130
[setup reg-out] _15115_/Q -> crash_dump_o[142] : -34.012558
[setup reg-out] _14979_/Q -> crash_dump_o[127] : -34.011230
[setup reg-out] _14914_/Q -> crash_dump_o[93] : -34.010487
[setup reg-out] _14551_/Q -> crash_dump_o[59] : -34.010387
[setup reg-out] _14972_/Q -> crash_dump_o[120] : -34.009960
[setup reg-out] _14638_/Q -> crash_dump_o[27] : -34.009548
[setup reg-out] _14543_/Q -> crash_dump_o[51] : -34.009239
[setup reg-out] _14630_/Q -> crash_dump_o[19] : -34.008583
[setup reg-out] _14966_/Q -> crash_dump_o[114] : -34.006622
[setup reg-out] _14975_/Q -> crash_dump_o[123] : -34.006130
[setup reg-out] _14633_/Q -> crash_dump_o[22] : -34.005829
[setup reg-out] _14631_/Q -> crash_dump_o[20] : -34.000797
[setup reg-out] _14635_/Q -> crash_dump_o[24] : -34.000561
[setup reg-out] _14542_/Q -> crash_dump_o[50] : -34.000198
[setup reg-out] _14637_/Q -> crash_dump_o[26] : -33.999313
[setup reg-out] _14548_/Q -> crash_dump_o[56] : -33.999321
[setup reg-out] _14640_/Q -> crash_dump_o[29] : -33.994404
[setup reg-out] _14636_/Q -> crash_dump_o[25] : -33.993332
[setup reg-out] _14896_/Q -> crash_dump_o[75] : -33.983803
[setup reg-out] _14545_/Q -> crash_dump_o[53] : -33.982014
[setup reg-out] _14546_/Q -> crash_dump_o[54] : -33.979679
[setup reg-out] _14641_/Q -> crash_dump_o[30] : -33.978325
[setup reg-out] _14541_/Q -> crash_dump_o[49] : -33.977528
[setup reg-out] _14894_/Q -> crash_dump_o[73] : -33.976669
[setup reg-out] _14552_/Q -> crash_dump_o[60] : -33.976185
[setup reg-out] _14632_/Q -> crash_dump_o[21] : -33.974567
[setup reg-out] _14625_/Q -> crash_dump_o[14] : -33.971607
[setup reg-out] _14962_/Q -> crash_dump_o[110] : -33.969666
[setup reg-out] _14553_/Q -> crash_dump_o[61] : -33.965874
[setup reg-out] _14639_/Q -> crash_dump_o[28] : -33.964203
[setup reg-out] _14624_/Q -> crash_dump_o[13] : -33.963161
[setup reg-out] _14554_/Q -> crash_dump_o[62] : -33.962326
[setup reg-out] _14886_/Q -> crash_dump_o[65] : -33.962212
[setup reg-out] _14555_/Q -> crash_dump_o[63] : -33.961246
[setup reg-out] _14642_/Q -> crash_dump_o[31] : -33.960506
[setup reg-out] _15102_/Q -> crash_dump_o[129] : -33.959728
[setup reg-out] _14963_/Q -> crash_dump_o[111] : -33.958809
[setup reg-out] _15112_/Q -> crash_dump_o[139] : -33.957390
[setup reg-out] _14964_/Q -> crash_dump_o[112] : -33.950855
[setup reg-out] _14628_/Q -> crash_dump_o[17] : -33.947746
[setup reg-out] _14899_/Q -> crash_dump_o[78] : -33.947628
[setup reg-out] _14627_/Q -> crash_dump_o[16] : -33.946396
[setup reg-out] _14626_/Q -> crash_dump_o[15] : -33.945343
[setup reg-out] _14895_/Q -> crash_dump_o[74] : -33.943691
[setup reg-out] _15111_/Q -> crash_dump_o[138] : -33.938511
[setup reg-out] _14959_/Q -> crash_dump_o[107] : -33.937603
[setup reg-out] _14540_/Q -> crash_dump_o[48] : -33.934959
[setup reg-out] _15110_/Q -> crash_dump_o[137] : -33.926311
[setup reg-out] _14538_/Q -> crash_dump_o[46] : -33.917030
[setup reg-out] _14611_/Q -> crash_dump_o[0] : -33.910645
[setup reg-out] _14536_/Q -> crash_dump_o[44] : -33.904720
[setup reg-out] _15113_/Q -> crash_dump_o[140] : -33.899055
[setup reg-out] _15114_/Q -> crash_dump_o[141] : -33.897263
[setup reg-out] _14623_/Q -> crash_dump_o[12] : -33.897041
[setup reg-out] _15116_/Q -> crash_dump_o[143] : -33.896435
[setup reg-out] _14622_/Q -> crash_dump_o[11] : -33.893295
[setup reg-out] _14620_/Q -> crash_dump_o[9] : -33.892479
[setup reg-out] _15105_/Q -> crash_dump_o[132] : -33.891567
[setup reg-out] _14613_/Q -> crash_dump_o[2] : -33.887993
[setup reg-out] _14953_/Q -> crash_dump_o[101] : -33.887249
[setup reg-out] _15109_/Q -> crash_dump_o[136] : -33.883415
[setup reg-out] _15103_/Q -> crash_dump_o[130] : -33.874737
[setup reg-out] _14614_/Q -> crash_dump_o[3] : -33.873672
[setup reg-out] _14612_/Q -> crash_dump_o[1] : -33.872437
[setup reg-out] _14525_/Q -> crash_dump_o[33] : -33.867268
[setup reg-out] _14898_/Q -> crash_dump_o[77] : -33.865204
[setup reg-out] _14900_/Q -> crash_dump_o[79] : -33.863945
[setup reg-out] _14958_/Q -> crash_dump_o[106] : -33.863403
[setup reg-out] _14954_/Q -> crash_dump_o[102] : -33.860146
[setup reg-out] _14891_/Q -> crash_dump_o[70] : -33.859150
[setup reg-out] _14952_/Q -> crash_dump_o[100] : -33.858723
[setup reg-out] _14897_/Q -> crash_dump_o[76] : -33.857826
[setup reg-out] _15104_/Q -> crash_dump_o[131] : -33.856937
[setup reg-out] _14526_/Q -> crash_dump_o[34] : -33.856655
[setup reg-out] _14961_/Q -> crash_dump_o[109] : -33.855377
[setup reg-out] _15108_/Q -> crash_dump_o[135] : -33.855385
[setup reg-out] _15106_/Q -> crash_dump_o[133] : -33.853683
[setup reg-out] _15107_/Q -> crash_dump_o[134] : -33.853428
[setup reg-out] _14890_/Q -> crash_dump_o[69] : -33.846901
[setup reg-out] _14892_/Q -> crash_dump_o[71] : -33.846516
[setup reg-out] _14957_/Q -> crash_dump_o[105] : -33.843716
[setup reg-out] _14893_/Q -> crash_dump_o[72] : -33.841476
[setup reg-out] _14621_/Q -> crash_dump_o[10] : -33.838715
[setup reg-out] _14951_/Q -> crash_dump_o[99] : -33.837349
[setup reg-out] _14535_/Q -> crash_dump_o[43] : -33.835434
[setup reg-out] _14527_/Q -> crash_dump_o[35] : -33.833637
[setup reg-out] _14888_/Q -> crash_dump_o[67] : -33.830967
[setup reg-out] _14889_/Q -> crash_dump_o[68] : -33.829994
[setup reg-out] _14537_/Q -> crash_dump_o[45] : -33.829628
[setup reg-out] _14534_/Q -> crash_dump_o[42] : -33.826740
[setup reg-out] _14950_/Q -> crash_dump_o[98] : -33.825291
[setup reg-out] _14532_/Q -> crash_dump_o[40] : -33.823837
[setup reg-out] _14539_/Q -> crash_dump_o[47] : -33.823833
[setup reg-out] _14956_/Q -> crash_dump_o[104] : -33.822834
[setup reg-out] _14533_/Q -> crash_dump_o[41] : -33.822681
[setup reg-out] _14887_/Q -> crash_dump_o[66] : -33.822216
[setup reg-out] _14955_/Q -> crash_dump_o[103] : -33.820805
[setup reg-out] _14531_/Q -> crash_dump_o[39] : -33.819561
[setup reg-out] _14619_/Q -> crash_dump_o[8] : -33.815804
[setup reg-out] _14618_/Q -> crash_dump_o[7] : -33.814648
[setup reg-out] _14524_/Q -> crash_dump_o[32] : -33.813396
[setup reg-out] _14528_/Q -> crash_dump_o[36] : -33.800987
[setup reg-out] _14530_/Q -> crash_dump_o[38] : -33.790119
[setup reg-out] _14529_/Q -> crash_dump_o[37] : -33.790070
[setup reg-out] _14617_/Q -> crash_dump_o[6] : -33.784302
[setup reg-out] _14616_/Q -> crash_dump_o[5] : -33.780666
[setup reg-out] _14615_/Q -> crash_dump_o[4] : -33.773167
[setup in-reg] rst_ni -> _14382_/RESET_B : -30.830120
[setup reg-reg] _15090_/Q -> _14456_/D : -13.433944
[setup reg-reg] _15090_/Q -> _15021_/D : -13.331782
[setup reg-reg] _15090_/Q -> _15020_/D : -13.331125
[setup reg-reg] _15090_/Q -> _15022_/D : -13.330571
[setup reg-reg] _15090_/Q -> _15023_/D : -13.330539
[setup reg-reg] _15090_/Q -> _15019_/D : -13.321213
[setup reg-reg] _15090_/Q -> _15024_/D : -13.308089
[setup reg-reg] _15090_/Q -> _15025_/D : -13.305979
[setup reg-reg] _15090_/Q -> _15027_/D : -13.302618
[setup reg-reg] _15090_/Q -> _15018_/D : -13.286780
[setup reg-reg] _15090_/Q -> _14847_/D : -13.284652
[setup reg-reg] _15090_/Q -> _14457_/D : -13.275603
[setup reg-reg] _15090_/Q -> _16252_/D : -13.274996
[setup reg-reg] _15090_/Q -> _14792_/D : -13.268907
[setup reg-reg] _15090_/Q -> _14855_/D : -13.263844
[setup reg-reg] _15090_/Q -> _15026_/D : -13.256340
[setup reg-reg] _15090_/Q -> _15028_/D : -13.253222
[setup reg-reg] _15090_/Q -> _15030_/D : -13.251445
[setup reg-reg] _15090_/Q -> _15032_/D : -13.250429
[setup reg-reg] _15090_/Q -> _15029_/D : -13.180053
[setup reg-reg] _15090_/Q -> _15031_/D : -13.155397
[setup reg-reg] _15090_/Q -> _15033_/D : -13.154442
[setup reg-reg] _15090_/Q -> _14837_/D : -13.137321
[setup reg-reg] _15090_/Q -> _14842_/D : -13.137048
[setup reg-reg] _15090_/Q -> _14846_/D : -13.135413
[setup reg-reg] _15090_/Q -> _15042_/D : -13.134991
[setup reg-reg] _15090_/Q -> _15043_/D : -13.134898
[setup reg-reg] _15090_/Q -> _15040_/D : -13.134870
[setup reg-reg] _15090_/Q -> _15041_/D : -13.133640
[setup reg-reg] _15090_/Q -> _15037_/D : -13.133609
[setup reg-reg] _15090_/Q -> _14838_/D : -13.132998
[setup reg-reg] _15090_/Q -> _15039_/D : -13.132343
[setup reg-reg] _15090_/Q -> _14839_/D : -13.132113
[setup reg-reg] _15090_/Q -> _15044_/D : -13.131814
[setup reg-reg] _15090_/Q -> _15038_/D : -13.131750
[setup reg-reg] _15090_/Q -> _15045_/D : -13.128101
[setup reg-reg] _15090_/Q -> _15047_/D : -13.127522
[setup reg-reg] _15090_/Q -> _15046_/D : -13.127203
[setup reg-reg] _15090_/Q -> _15048_/D : -13.126414
[setup reg-reg] _15090_/Q -> _15034_/D : -13.115198
[setup reg-reg] _15090_/Q -> _15035_/D : -13.114232
[setup reg-reg] _15090_/Q -> _15036_/D : -13.108874
[setup reg-reg] _15090_/Q -> _14849_/D : -13.076261
[setup reg-reg] _15090_/Q -> _14851_/D : -13.071247
[setup reg-reg] _15090_/Q -> _14850_/D : -13.067070
[setup reg-reg] _15090_/Q -> _14852_/D : -13.058088
[setup reg-reg] _15090_/Q -> _14853_/D : -13.057374
[setup reg-reg] _15090_/Q -> _14854_/D : -13.052955
[setup reg-reg] _15090_/Q -> _14844_/D : -13.039817
[setup reg-reg] _15090_/Q -> _14843_/D : -13.036942
[setup reg-reg] _15090_/Q -> _14840_/D : -13.036761
[setup reg-reg] _15090_/Q -> _14845_/D : -13.017125
[setup reg-reg] _15090_/Q -> _14828_/D : -13.016742
[setup reg-reg] _15090_/Q -> _14825_/D : -13.010194
[setup reg-reg] _15090_/Q -> _14822_/D : -13.010140
[setup reg-reg] _15090_/Q -> _14817_/D : -13.009508
[setup reg-reg] _15090_/Q -> _14820_/D : -13.008307
[setup reg-reg] _15090_/Q -> _14826_/D : -13.005910
[setup reg-reg] _15090_/Q -> _14827_/D : -13.005771
[setup reg-reg] _15090_/Q -> _14823_/D : -13.004296
[setup reg-reg] _15090_/Q -> _14824_/D : -13.004293
[setup reg-reg] _15090_/Q -> _14819_/D : -13.002090
[setup reg-reg] _15090_/Q -> _14818_/D : -13.001007
[setup reg-reg] _15090_/Q -> _14821_/D : -12.999657
[setup reg-reg] _15090_/Q -> _14830_/D : -12.989077
[setup reg-reg] _15090_/Q -> _14832_/D : -12.985300
[setup reg-reg] _15090_/Q -> _14829_/D : -12.985108
[setup reg-reg] _15090_/Q -> _14835_/D : -12.982721
[setup reg-reg] _15090_/Q -> _14836_/D : -12.982699
[setup reg-reg] _15090_/Q -> _14831_/D : -12.980671
[setup reg-reg] _15090_/Q -> _14834_/D : -12.979182
[setup reg-reg] _15090_/Q -> _14848_/D : -12.972273
[setup reg-reg] _15090_/Q -> _14398_/D : -12.904565
[setup reg-reg] _15090_/Q -> _14397_/D : -12.904313
[setup reg-reg] _15090_/Q -> _14396_/D : -12.904252
[setup reg-reg] _15090_/Q -> _14749_/D : -12.901083
[setup reg-reg] _15090_/Q -> _15081_/D : -12.894277
[setup reg-reg] _15090_/Q -> _14394_/D : -12.894248
[setup reg-reg] _15090_/Q -> _14393_/D : -12.893217
[setup reg-reg] _15090_/Q -> _15071_/D : -12.892255
[setup reg-reg] _15090_/Q -> _14833_/D : -12.885923
[setup reg-reg] _15090_/Q -> _15100_/D : -12.885437
[setup reg-reg] _15090_/Q -> _14747_/D : -12.881230
[setup reg-reg] _15090_/Q -> _14745_/D : -12.876314
[setup reg-reg] _15090_/Q -> _14748_/D : -12.875500
[setup reg-reg] _15090_/Q -> _14723_/D : -12.874608
[setup reg-reg] _15090_/Q -> _14725_/D : -12.872186
[setup reg-reg] _15090_/Q -> _15135_/D : -12.864196
[setup reg-reg] _15090_/Q -> _14841_/D : -12.861968
[setup reg-reg] _15090_/Q -> _14395_/D : -12.861567
[setup reg-reg] _15090_/Q -> _14392_/D : -12.858795
[setup reg-reg] _15090_/Q -> _15082_/D : -12.858727
[setup reg-reg] _15090_/Q -> _14731_/D : -12.846151
[setup reg-reg] _15090_/Q -> _14733_/D : -12.846129
[setup reg-reg] _15090_/Q -> _14990_/D : -12.845682
[setup reg-reg] _15090_/Q -> _14734_/D : -12.845497
[setup reg-reg] _15090_/Q -> _14993_/D : -12.844467
[setup reg-reg] _15090_/Q -> _14991_/D : -12.843479
[setup reg-reg] _15090_/Q -> _14992_/D : -12.843394
[setup reg-reg] _15090_/Q -> _14724_/D : -12.842457
[setup reg-reg] _15090_/Q -> _14996_/D : -12.841543
[setup reg-reg] _15090_/Q -> _14740_/D : -12.834363
[setup reg-reg] _15090_/Q -> _14739_/D : -12.833344
[setup reg-reg] _15090_/Q -> _14401_/D : -12.831521
[setup reg-reg] _15090_/Q -> _14400_/D : -12.830988
[setup reg-reg] _15090_/Q -> _14399_/D : -12.829894
[setup reg-reg] _15090_/Q -> _14743_/D : -12.825041
[setup reg-reg] _15090_/Q -> _14722_/D : -12.823954
[setup reg-reg] _15090_/Q -> _14737_/D : -12.820955
[setup reg-reg] _15090_/Q -> _14736_/D : -12.820640
[setup reg-reg] _15090_/Q -> _14403_/D : -12.814461
[setup reg-reg] _15090_/Q -> _14404_/D : -12.814148
[setup reg-reg] _15090_/Q -> _14402_/D : -12.813285
[setup reg-reg] _15090_/Q -> _14423_/D : -12.813186
[setup reg-reg] _15090_/Q -> _14728_/D : -12.812379
[setup reg-reg] _15090_/Q -> _14989_/D : -12.807381
[setup reg-reg] _15090_/Q -> _14418_/D : -12.803011
[setup reg-reg] _15090_/Q -> _14414_/D : -12.798162
[setup reg-reg] _15090_/Q -> _14416_/D : -12.798129
[setup reg-reg] _15090_/Q -> _14994_/D : -12.798022
[setup reg-reg] _15090_/Q -> _14415_/D : -12.797898
[setup reg-reg] _15090_/Q -> _14741_/D : -12.797866
[setup reg-reg] _15090_/Q -> _14417_/D : -12.797674
[setup reg-reg] _15090_/Q -> _14988_/D : -12.796494
[setup reg-reg] _15090_/Q -> _14995_/D : -12.796004
[setup reg-reg] _15090_/Q -> _14405_/D : -12.794534
[setup reg-reg] _15090_/Q -> _14406_/D : -12.791766
[setup reg-reg] _15090_/Q -> _14407_/D : -12.789606
[setup reg-reg] _15090_/Q -> _14987_/D : -12.788146
[setup reg-reg] _15090_/Q -> _14742_/D : -12.787073
[setup reg-reg] _15090_/Q -> _14409_/D : -12.786558
[setup reg-reg] _15090_/Q -> _14421_/D : -12.780070
[setup reg-reg] _15090_/Q -> _14420_/D : -12.779808
[setup reg-reg] _15090_/Q -> _14408_/D : -12.779730
[setup reg-reg] _15090_/Q -> _14410_/D : -12.779695
[setup reg-reg] _15090_/Q -> _14422_/D : -12.779137
[setup reg-reg] _15090_/Q -> _14411_/D : -12.772986
[setup reg-reg] _15090_/Q -> _14419_/D : -12.772311
[setup reg-reg] _15090_/Q -> _14413_/D : -12.771864
[setup reg-reg] _15090_/Q -> _14412_/D : -12.771644
[setup reg-reg] _15090_/Q -> _14997_/D : -12.718982
[setup reg-reg] _15090_/Q -> _14998_/D : -12.717437
[setup reg-reg] _15090_/Q -> _15074_/D : -12.715759
[setup reg-reg] _15090_/Q -> _14429_/D : -12.704355
[setup reg-reg] _15090_/Q -> _14430_/D : -12.702436
[setup reg-reg] _15090_/Q -> _14999_/D : -12.694056
[setup reg-reg] _15090_/Q -> _15001_/D : -12.693093
[setup reg-reg] _15090_/Q -> _15000_/D : -12.691075
[setup reg-reg] _15090_/Q -> _15087_/D : -12.690468
[setup reg-reg] _15090_/Q -> _15094_/D : -12.690151
[setup reg-reg] _15090_/Q -> _15078_/D : -12.686424
[setup reg-reg] _15090_/Q -> _14433_/D : -12.682808
[setup reg-reg] _15090_/Q -> _14426_/D : -12.682186
[setup reg-reg] _15090_/Q -> _14427_/D : -12.682176
[setup reg-reg] _15090_/Q -> _14786_/D : -12.678314
[setup reg-reg] _15090_/Q -> _14726_/D : -12.677213
[setup reg-reg] _15090_/Q -> _14435_/D : -12.672921
[setup reg-reg] _15090_/Q -> _14447_/D : -12.668402
[setup reg-reg] _15090_/Q -> _15017_/D : -12.665620
[setup reg-reg] _15090_/Q -> _14438_/D : -12.661077
[setup reg-reg] _15090_/Q -> _15076_/D : -12.659613
[setup reg-reg] _15090_/Q -> _15005_/D : -12.658231
[setup reg-reg] _15090_/Q -> _14727_/D : -12.657943
[setup reg-reg] _15090_/Q -> _14764_/D : -12.657410
[setup reg-reg] _15090_/Q -> _14765_/D : -12.657158
[setup reg-reg] _15090_/Q -> _14763_/D : -12.656820
[setup reg-reg] _15090_/Q -> _15088_/D : -12.656283
[setup reg-reg] _15090_/Q -> _15002_/D : -12.656007
[setup reg-reg] _15090_/Q -> _15008_/D : -12.654795
[setup reg-reg] _15090_/Q -> _15016_/D : -12.654635
[setup reg-reg] _15090_/Q -> _14432_/D : -12.651171
[setup reg-reg] _15090_/Q -> _15003_/D : -12.649153
[setup reg-reg] _15090_/Q -> _14441_/D : -12.648663
[setup reg-reg] _15090_/Q -> _15015_/D : -12.648166
[setup reg-reg] _15090_/Q -> _14425_/D : -12.647032
[setup reg-reg] _15090_/Q -> _14442_/D : -12.646450
[setup reg-reg] _15090_/Q -> _14428_/D : -12.642755
[setup reg-reg] _15090_/Q -> _15095_/D : -12.641912
[setup reg-reg] _15090_/Q -> _14751_/D : -12.629681
[setup reg-reg] _15090_/Q -> _15004_/D : -12.628700
[setup reg-reg] _15090_/Q -> _15010_/D : -12.628253
[setup reg-reg] _15090_/Q -> _15111_/D : -12.628160
[setup reg-reg] _15090_/Q -> _15150_/D : -12.627788
[setup reg-reg] _15090_/Q -> _15012_/D : -12.627432
[setup reg-reg] _15090_/Q -> _15006_/D : -12.627308
[setup reg-reg] _15090_/Q -> _15149_/D : -12.627244
[setup reg-reg] _15090_/Q -> _14735_/D : -12.626896
[setup reg-reg] _15090_/Q -> _14738_/D : -12.626096
[setup reg-reg] _15090_/Q -> _15137_/D : -12.626096
[setup reg-reg] _15090_/Q -> _15011_/D : -12.625982
[setup reg-reg] _15090_/Q -> _15013_/D : -12.625894
[setup reg-reg] _15090_/Q -> _15108_/D : -12.623606
[setup reg-reg] _15090_/Q -> _15109_/D : -12.623546
[setup reg-reg] _15090_/Q -> _15112_/D : -12.621975
[setup reg-reg] _15090_/Q -> _15110_/D : -12.621787
[setup reg-reg] _15090_/Q -> _14424_/D : -12.621542
[setup reg-reg] _15090_/Q -> _15106_/D : -12.619524
[setup reg-reg] _15090_/Q -> _15107_/D : -12.618927
[setup reg-reg] _15090_/Q -> _14454_/D : -12.618660
[setup reg-reg] _15090_/Q -> _15103_/D : -12.618337
[setup reg-reg] _15090_/Q -> _15105_/D : -12.616628
[setup reg-reg] _15090_/Q -> _15104_/D : -12.616319
[setup reg-reg] _15090_/Q -> _14453_/D : -12.608524
[setup reg-reg] _15090_/Q -> _14762_/D : -12.607760
[setup reg-reg] _15090_/Q -> _14771_/D : -12.604044
[setup reg-reg] _15090_/Q -> _14770_/D : -12.603895
[setup reg-reg] _15090_/Q -> _14769_/D : -12.602698
[setup reg-reg] _15090_/Q -> _14434_/D : -12.601955
[setup reg-reg] _15090_/Q -> _14768_/D : -12.601937
[setup reg-reg] _15090_/Q -> _14767_/D : -12.601703
[setup reg-reg] _15090_/Q -> _14766_/D : -12.601302
[setup reg-reg] _15090_/Q -> _14761_/D : -12.600040
[setup reg-reg] _15090_/Q -> _14451_/D : -12.599983
[setup reg-reg] _15090_/Q -> _14444_/D : -12.599309
[setup reg-reg] _15090_/Q -> _14445_/D : -12.595397
[setup reg-reg] _15090_/Q -> _14760_/D : -12.595273
[setup reg-reg] _15090_/Q -> _14436_/D : -12.595251
[setup reg-reg] _15090_/Q -> _15116_/D : -12.594203
[setup reg-reg] _15090_/Q -> _15114_/D : -12.592288
[setup reg-reg] _15090_/Q -> _14450_/D : -12.589848
[setup reg-reg] _15090_/Q -> _14449_/D : -12.589283
[setup reg-reg] _15090_/Q -> _14448_/D : -12.588754
[setup reg-reg] _15090_/Q -> _15113_/D : -12.588732
[setup reg-reg] _15090_/Q -> _14437_/D : -12.588618
[setup reg-reg] _15090_/Q -> _14732_/D : -12.587670
[setup reg-reg] _15090_/Q -> _15007_/D : -12.586530
[setup reg-reg] _15090_/Q -> _14439_/D : -12.586334
[setup reg-reg] _15090_/Q -> _14431_/D : -12.584565
[setup reg-reg] _15090_/Q -> _14455_/D : -12.584281
[setup reg-reg] _15090_/Q -> _14773_/D : -12.582966
[setup reg-reg] _15090_/Q -> _14772_/D : -12.581946
[setup reg-reg] _15090_/Q -> _14744_/D : -12.580540
[setup reg-reg] _15090_/Q -> _14752_/D : -12.578532
[setup reg-reg] _15090_/Q -> _14774_/D : -12.576600
[setup reg-reg] _15090_/Q -> _14440_/D : -12.573608
[setup reg-reg] _15090_/Q -> _14791_/D : -12.572876
[setup reg-reg] _15090_/Q -> _14775_/D : -12.572006
[setup reg-reg] _15090_/Q -> _14452_/D : -12.570716
[setup reg-reg] _15090_/Q -> _14777_/D : -12.568531
[setup reg-reg] _15090_/Q -> _14779_/D : -12.567451
[setup reg-reg] _15090_/Q -> _14721_/D : -12.567213
[setup reg-reg] _15090_/Q -> _14778_/D : -12.566638
[setup reg-reg] _15090_/Q -> _14780_/D : -12.566151
[setup reg-reg] _15090_/Q -> _14776_/D : -12.566045
[setup reg-reg] _15090_/Q -> _14781_/D : -12.565724
[setup reg-reg] _15090_/Q -> _14730_/D : -12.564031
[setup reg-reg] _15090_/Q -> _14782_/D : -12.564027
[setup reg-reg] _15090_/Q -> _14729_/D : -12.563821
[setup reg-reg] _15090_/Q -> _15079_/D : -12.563512
[setup reg-reg] _15090_/Q -> _14783_/D : -12.562880
[setup reg-reg] _15090_/Q -> _15101_/D : -12.561760
[setup reg-reg] _15090_/Q -> _14446_/D : -12.559596
[setup reg-reg] _15090_/Q -> _14785_/D : -12.559504
[setup reg-reg] _15090_/Q -> _14784_/D : -12.559476
[setup reg-reg] _15090_/Q -> _14788_/D : -12.557689
[setup reg-reg] _15090_/Q -> _14789_/D : -12.557621
[setup reg-reg] _15090_/Q -> _14790_/D : -12.556836
[setup reg-reg] _15090_/Q -> _14443_/D : -12.552263
[setup reg-reg] _15090_/Q -> _14787_/D : -12.531842
[setup reg-reg] _15090_/Q -> _15009_/D : -12.531636
[setup reg-reg] _15090_/Q -> _15014_/D : -12.528545
[setup reg-reg] _15090_/Q -> _15117_/D : -12.504714
[setup reg-reg] _15090_/Q -> _14750_/D : -12.503194
[setup reg-reg] _15090_/Q -> _15115_/D : -12.501094
[setup reg-reg] _15090_/Q -> _14746_/D : -12.500515
[setup reg-reg] _15090_/Q -> _15126_/D : -12.486723
[setup reg-reg] _15090_/Q -> _15123_/D : -12.486638
[setup reg-reg] _15090_/Q -> _15141_/D : -12.464426
[setup reg-reg] _15090_/Q -> _15121_/D : -12.459016
[setup reg-reg] _15090_/Q -> _15125_/D : -12.458913
[setup reg-reg] _15090_/Q -> _15127_/D : -12.458880
[setup reg-reg] _15090_/Q -> _15128_/D : -12.458880
[setup reg-reg] _15090_/Q -> _15124_/D : -12.458796
[setup reg-reg] _15090_/Q -> _15122_/D : -12.458720
[setup reg-reg] _15090_/Q -> _15120_/D : -12.458529
[setup reg-reg] _15090_/Q -> _15130_/D : -12.458049
[setup reg-reg] _15090_/Q -> _15119_/D : -12.457793
[setup reg-reg] _15090_/Q -> _15118_/D : -12.456745
[setup reg-reg] _15090_/Q -> _15131_/D : -12.456255
[setup reg-reg] _15090_/Q -> _15132_/D : -12.455921
[setup reg-reg] _15090_/Q -> _15129_/D : -12.455612
[setup reg-reg] _15090_/Q -> _15136_/D : -12.454827
[setup reg-reg] _15090_/Q -> _15151_/D : -12.454713
[setup reg-reg] _15090_/Q -> _15138_/D : -12.446876
[setup reg-reg] _15090_/Q -> _15069_/D : -12.443089
[setup reg-reg] _15090_/Q -> _15067_/D : -12.434182
[setup reg-reg] _15090_/Q -> _15140_/D : -12.430554
[setup reg-reg] _15090_/Q -> _15075_/D : -12.430210
[setup reg-reg] _15090_/Q -> _15142_/D : -12.429919
[setup reg-reg] _15090_/Q -> _15139_/D : -12.428363
[setup reg-reg] _15090_/Q -> _15133_/D : -12.425361
[setup reg-reg] _15090_/Q -> _15143_/D : -12.424889
[setup reg-reg] _15090_/Q -> _15146_/D : -12.424582
[setup reg-reg] _15090_/Q -> _15147_/D : -12.421112
[setup reg-reg] _15090_/Q -> _15144_/D : -12.420792
[setup reg-reg] _15090_/Q -> _15077_/D : -12.420678
[setup reg-reg] _15090_/Q -> _15145_/D : -12.417711
[setup reg-reg] _15090_/Q -> _15084_/D : -12.409530
[setup reg-reg] _15090_/Q -> _15273_/D : -12.404528
[setup reg-reg] _15090_/Q -> _15085_/D : -12.404183
[setup reg-reg] _15090_/Q -> _15262_/D : -12.404112
[setup reg-reg] _15090_/Q -> _15274_/D : -12.403710
[setup reg-reg] _15090_/Q -> _15264_/D : -12.403686
[setup reg-reg] _15090_/Q -> _15268_/D : -12.403692
[setup reg-reg] _15090_/Q -> _15265_/D : -12.403667
[setup reg-reg] _15090_/Q -> _15257_/D : -12.403575
[setup reg-reg] _15090_/Q -> _15278_/D : -12.403554
[setup reg-reg] _15090_/Q -> _15258_/D : -12.403309
[setup reg-reg] _15090_/Q -> _15256_/D : -12.403192
[setup reg-reg] _15090_/Q -> _15266_/D : -12.403142
[setup reg-reg] _15090_/Q -> _15280_/D : -12.403060
[setup reg-reg] _15090_/Q -> _15272_/D : -12.402961
[setup reg-reg] _15090_/Q -> _15281_/D : -12.402943
[setup reg-reg] _15090_/Q -> _15253_/D : -12.402631
[setup reg-reg] _15090_/Q -> _15086_/D : -12.402510
[setup reg-reg] _15090_/Q -> _15269_/D : -12.402514
[setup reg-reg] _15090_/Q -> _15283_/D : -12.402392
[setup reg-reg] _15090_/Q -> _15282_/D : -12.402108
[setup reg-reg] _15090_/Q -> _15267_/D : -12.401977
[setup reg-reg] _15090_/Q -> _15252_/D : -12.401476
[setup reg-reg] _15090_/Q -> _15250_/D : -12.400765
[setup reg-reg] _15090_/Q -> _15098_/D : -12.383080
[setup reg-reg] _15090_/Q -> _14863_/D : -12.381020
[setup reg-reg] _15090_/Q -> _14861_/D : -12.380536
[setup reg-reg] _15090_/Q -> _14862_/D : -12.379375
[setup reg-reg] _15090_/Q -> _15248_/D : -12.377254
[setup reg-reg] _15090_/Q -> _15239_/D : -12.377225
[setup reg-reg] _15090_/Q -> _15224_/D : -12.377161
[setup reg-reg] _15090_/Q -> _15234_/D : -12.377062
[setup reg-reg] _15090_/Q -> _15240_/D : -12.377011
[setup reg-reg] _15090_/Q -> _15223_/D : -12.376692
[setup reg-reg] _15090_/Q -> _15235_/D : -12.376550
[setup reg-reg] _15090_/Q -> _15231_/D : -12.376521
[setup reg-reg] _15090_/Q -> _15244_/D : -12.376500
[setup reg-reg] _15090_/Q -> _15247_/D : -12.376216
[setup reg-reg] _15090_/Q -> _15222_/D : -12.376198
[setup reg-reg] _15090_/Q -> _15228_/D : -12.376035
[setup reg-reg] _15090_/Q -> _15232_/D : -12.375936
[setup reg-reg] _15090_/Q -> _15251_/D : -12.375928
[setup reg-reg] _15090_/Q -> _15249_/D : -12.375711
[setup reg-reg] _15090_/Q -> _15246_/D : -12.375687
[setup reg-reg] _15090_/Q -> _15238_/D : -12.375641
[setup reg-reg] _15090_/Q -> _15233_/D : -12.375257
[setup reg-reg] _15090_/Q -> _15219_/D : -12.375200
[setup reg-reg] _15090_/Q -> _15230_/D : -12.375147
[setup reg-reg] _15090_/Q -> _15218_/D : -12.374674
[setup reg-reg] _15090_/Q -> _15097_/D : -12.373388
[setup reg-reg] _15090_/Q -> _15070_/D : -12.360634
[setup reg-reg] _15090_/Q -> _15080_/D : -12.351930
[setup reg-reg] _15090_/Q -> _15072_/D : -12.350391
[setup reg-reg] _15090_/Q -> _15096_/D : -12.344302
[setup reg-reg] _15090_/Q -> _15093_/D : -12.342536
[setup reg-reg] _15090_/Q -> _15090_/D : -12.336404
[setup reg-reg] _15090_/Q -> _15089_/D : -12.327636
[setup reg-reg] _15090_/Q -> _15092_/D : -12.323373
[setup reg-reg] _15090_/Q -> _14864_/D : -12.302632
[setup reg-reg] _15090_/Q -> _14865_/D : -12.301076
[setup reg-reg] _15090_/Q -> _14866_/D : -12.279944
[setup reg-reg] _15090_/Q -> _14868_/D : -12.277760
[setup reg-reg] _15090_/Q -> _14884_/D : -12.277106
[setup reg-reg] _15090_/Q -> _14872_/D : -12.250197
[setup reg-reg] _15090_/Q -> _14878_/D : -12.249334
[setup reg-reg] _15090_/Q -> _14867_/D : -12.246421
[setup reg-reg] _15090_/Q -> _14875_/D : -12.245177
[setup reg-reg] _15090_/Q -> _14877_/D : -12.244798
[setup reg-reg] _15090_/Q -> _14869_/D : -12.244627
[setup reg-reg] _15090_/Q -> _14876_/D : -12.244147
[setup reg-reg] _15090_/Q -> _14874_/D : -12.243149
[setup reg-reg] _15090_/Q -> _14879_/D : -12.242421
[setup reg-reg] _15090_/Q -> _14870_/D : -12.239514
[setup reg-reg] _15090_/Q -> _14883_/D : -12.235052
[setup reg-reg] _15090_/Q -> _14882_/D : -12.234090
[setup reg-reg] _15090_/Q -> _14871_/D : -12.231403
[setup reg-reg] _15090_/Q -> _14873_/D : -12.216564
[setup reg-reg] _15090_/Q -> _14881_/D : -12.198431
[setup reg-reg] _15090_/Q -> _15254_/D : -12.187741
[setup reg-reg] _15090_/Q -> _15276_/D : -12.187446
[setup reg-reg] _15090_/Q -> _15259_/D : -12.187410
[setup reg-reg] _15090_/Q -> _15255_/D : -12.187044
[setup reg-reg] _15090_/Q -> _15271_/D : -12.186977
[setup reg-reg] _15090_/Q -> _15260_/D : -12.186881
[setup reg-reg] _15090_/Q -> _15261_/D : -12.186710
[setup reg-reg] _15090_/Q -> _15270_/D : -12.186298
[setup reg-reg] _15090_/Q -> _15277_/D : -12.186306
[setup reg-reg] _15090_/Q -> _15263_/D : -12.186255
[setup reg-reg] _15090_/Q -> _15279_/D : -12.186220
[setup reg-reg] _15090_/Q -> _15275_/D : -12.185997
[setup reg-reg] _15090_/Q -> _14880_/D : -12.175484
[setup reg-reg] _15090_/Q -> _15225_/D : -12.161788
[setup reg-reg] _15090_/Q -> _15236_/D : -12.161063
[setup reg-reg] _15090_/Q -> _15243_/D : -12.160854
[setup reg-reg] _15090_/Q -> _15220_/D : -12.160659
[setup reg-reg] _15090_/Q -> _15226_/D : -12.160130
[setup reg-reg] _15090_/Q -> _15227_/D : -12.160108
[setup reg-reg] _15090_/Q -> _15221_/D : -12.160054
[setup reg-reg] _15090_/Q -> _15245_/D : -12.160044
[setup reg-reg] _15090_/Q -> _15229_/D : -12.159924
[setup reg-reg] _15090_/Q -> _15237_/D : -12.159809
[setup reg-reg] _15090_/Q -> _15241_/D : -12.159724
[setup reg-reg] _15090_/Q -> _15242_/D : -12.159451
[setup reg-reg] _15090_/Q -> _14616_/D : -12.151088
[setup reg-reg] _15090_/Q -> _14615_/D : -12.148110
[setup reg-reg] _15090_/Q -> _14617_/D : -12.146323
[setup reg-reg] _15090_/Q -> _14618_/D : -12.103240
[setup reg-reg] _15090_/Q -> _14947_/D : -12.100991
[setup reg-reg] _15090_/Q -> _14621_/D : -12.100497
[setup reg-reg] _15090_/Q -> _14619_/D : -12.094898
[setup reg-reg] _15090_/Q -> _14950_/D : -12.058525
[setup reg-reg] _15090_/Q -> _14946_/D : -12.052819
[setup reg-reg] _15090_/Q -> _14953_/D : -12.049065
[setup reg-reg] _15090_/Q -> _14951_/D : -12.046929
[setup reg-reg] _15090_/Q -> _15083_/D : -12.023854
[setup reg-reg] _15090_/Q -> _14612_/D : -12.016851
[setup reg-reg] _15090_/Q -> _14622_/D : -12.016795
[setup reg-reg] _15090_/Q -> _14620_/D : -12.016696
[setup reg-reg] _15090_/Q -> _14613_/D : -12.014979
[setup reg-reg] _15090_/Q -> _14614_/D : -12.012955
[setup reg-reg] _15090_/Q -> _14611_/D : -12.012528
[setup reg-reg] _15090_/Q -> _14623_/D : -12.011075
[setup reg-reg] _15090_/Q -> _14956_/D : -12.001358
[setup reg-reg] _15090_/Q -> _15148_/D : -11.999056
[setup reg-reg] _15090_/Q -> _14955_/D : -11.994552
[setup reg-reg] _15090_/Q -> _14952_/D : -11.994090
[setup reg-reg] _15090_/Q -> _14954_/D : -11.994029
[setup reg-reg] _15090_/Q -> _14624_/D : -11.993162
[setup reg-reg] _15090_/Q -> _14639_/D : -11.981367
[setup reg-reg] _15090_/Q -> _14627_/D : -11.981136
[setup reg-reg] _15090_/Q -> _14625_/D : -11.977459
[setup reg-reg] _15090_/Q -> _14641_/D : -11.976937
[setup reg-reg] _15090_/Q -> _14628_/D : -11.976919
[setup reg-reg] _15090_/Q -> _14961_/D : -11.972621
[setup reg-reg] _15090_/Q -> _14959_/D : -11.970361
[setup reg-reg] _15090_/Q -> _14957_/D : -11.969199
[setup reg-reg] _15090_/Q -> _14637_/D : -11.965952
[setup reg-reg] _15090_/Q -> _14958_/D : -11.965437
[setup reg-reg] _15090_/Q -> _14640_/D : -11.963530
[setup reg-reg] _15090_/Q -> _14632_/D : -11.953897
[setup reg-reg] _15090_/Q -> _15068_/D : -11.950640
[setup reg-reg] _15090_/Q -> _14635_/D : -11.946394
[setup reg-reg] _15090_/Q -> _14638_/D : -11.938706
[setup reg-reg] _15090_/Q -> _14642_/D : -11.932848
[setup reg-reg] _15090_/Q -> _14629_/D : -11.930464
[setup reg-reg] _15090_/Q -> _14626_/D : -11.930045
[setup reg-reg] _15090_/Q -> _14631_/D : -11.928272
[setup reg-reg] _15090_/Q -> _14636_/D : -11.920076
[setup reg-reg] _15090_/Q -> _14634_/D : -11.918573
[setup reg-reg] _15090_/Q -> _14949_/D : -11.912196
[setup reg-reg] _15090_/Q -> _14633_/D : -11.911965
[setup reg-reg] _15090_/Q -> _14630_/D : -11.907052
[setup reg-reg] _15090_/Q -> _14960_/D : -11.897932
[setup reg-reg] _15090_/Q -> _15102_/D : -11.896873
[setup reg-reg] _15090_/Q -> _14964_/D : -11.887408
[setup reg-reg] _15090_/Q -> _14963_/D : -11.887323
[setup reg-reg] _15090_/Q -> _14971_/D : -11.875372
[setup reg-reg] _15090_/Q -> _14970_/D : -11.872839
[setup reg-reg] _15090_/Q -> _14973_/D : -11.872800
[setup reg-reg] _15090_/Q -> _14975_/D : -11.871943
[setup reg-reg] _15090_/Q -> _14972_/D : -11.871816
[setup reg-reg] _15090_/Q -> _14969_/D : -11.870679
[setup reg-reg] _15090_/Q -> _14974_/D : -11.870260
[setup reg-reg] _15090_/Q -> _14968_/D : -11.869556
[setup reg-reg] _15090_/Q -> _14945_/D : -11.867162
[setup reg-reg] _15090_/Q -> _14976_/D : -11.860028
[setup reg-reg] _15090_/Q -> _14977_/D : -11.857974
[setup reg-reg] _15090_/Q -> _14978_/D : -11.857473
[setup reg-reg] _15090_/Q -> _14979_/D : -11.855449
[setup reg-reg] _15090_/Q -> _14966_/D : -11.848336
[setup reg-reg] _15090_/Q -> _14962_/D : -11.846840
[setup reg-reg] _15090_/Q -> _14965_/D : -11.845352
[setup reg-reg] _15090_/Q -> _14967_/D : -11.844350
[setup reg-reg] _15090_/Q -> _15091_/D : -11.811747
[setup reg-reg] _15090_/Q -> _15073_/D : -11.762833
[setup reg-reg] _15090_/Q -> _14527_/D : -11.697584
[setup reg-reg] _15090_/Q -> _14528_/D : -11.697154
[setup reg-reg] _15090_/Q -> _14530_/D : -11.696642
[setup reg-reg] _15090_/Q -> _14531_/D : -11.696557
[setup reg-reg] _15090_/Q -> _14529_/D : -11.696355
[setup reg-reg] _15090_/Q -> _14534_/D : -11.696127
[setup reg-reg] _15090_/Q -> _15099_/D : -11.680531
[setup reg-reg] _15090_/Q -> _14526_/D : -11.663943
[setup reg-reg] _15090_/Q -> _14539_/D : -11.662202
[setup reg-reg] _15090_/Q -> _14525_/D : -11.661573
[setup reg-reg] _15090_/Q -> _14537_/D : -11.660529
[setup reg-reg] _15090_/Q -> _14535_/D : -11.657338
[setup reg-reg] _15090_/Q -> _14533_/D : -11.656407
[setup reg-reg] _15090_/Q -> _14532_/D : -11.654986
[setup reg-reg] _15090_/Q -> _14580_/D : -11.628288
[setup reg-reg] _15090_/Q -> _14578_/D : -11.627883
[setup reg-reg] _15090_/Q -> _14579_/D : -11.627436
[setup reg-reg] _15090_/Q -> _14584_/D : -11.584757
[setup reg-reg] _15090_/Q -> _14536_/D : -11.584203
[setup reg-reg] _15090_/Q -> _14581_/D : -11.583932
[setup reg-reg] _15090_/Q -> _14582_/D : -11.583549
[setup reg-reg] _15090_/Q -> _14575_/D : -11.579062
[setup reg-reg] _15090_/Q -> _14576_/D : -11.578835
[setup reg-reg] _15090_/Q -> _14540_/D : -11.570475
[setup reg-reg] _15090_/Q -> _14538_/D : -11.569167
[setup reg-reg] _15090_/Q -> _14546_/D : -11.556516
[setup reg-reg] _15090_/Q -> _14574_/D : -11.554605
[setup reg-reg] _15090_/Q -> _14545_/D : -11.550189
[setup reg-reg] _15090_/Q -> _14577_/D : -11.545091
[setup reg-reg] _15090_/Q -> _14555_/D : -11.539356
[setup reg-reg] _15090_/Q -> _14541_/D : -11.538930
[setup reg-reg] _15090_/Q -> _14553_/D : -11.537914
[setup reg-reg] _15090_/Q -> _14554_/D : -11.537754
[setup reg-reg] _15090_/Q -> _14552_/D : -11.536745
[setup reg-reg] _15090_/Q -> _14548_/D : -11.527042
[setup reg-reg] _15090_/Q -> _14550_/D : -11.526340
[setup reg-reg] _15090_/Q -> _14544_/D : -11.526293
[setup reg-reg] _15090_/Q -> _14542_/D : -11.526187
[setup reg-reg] _15090_/Q -> _14543_/D : -11.523685
[setup reg-reg] _15090_/Q -> _14551_/D : -11.523319
[setup reg-reg] _15090_/Q -> _14549_/D : -11.522584
[setup reg-reg] _15090_/Q -> _14547_/D : -11.522541
[setup reg-reg] _15090_/Q -> _14650_/D : -11.518392
[setup reg-reg] _15090_/Q -> _14649_/D : -11.518150
[setup reg-reg] _15090_/Q -> _14651_/D : -11.517653
[setup reg-reg] _15090_/Q -> _14693_/D : -11.506075
[setup reg-reg] _15090_/Q -> _14692_/D : -11.505897
[setup reg-reg] _15090_/Q -> _14691_/D : -11.505276
[setup reg-reg] _15090_/Q -> _14583_/D : -11.505087
[setup reg-reg] _15090_/Q -> _14585_/D : -11.504899
[setup reg-reg] _15090_/Q -> _14586_/D : -11.502334
[setup reg-reg] _15090_/Q -> _14944_/D : -11.502202
[setup reg-reg] _15090_/Q -> _14587_/D : -11.479774
[setup reg-reg] _15090_/Q -> _14589_/D : -11.478093
[setup reg-reg] _15090_/Q -> _14655_/D : -11.473837
[setup reg-reg] _15090_/Q -> _14652_/D : -11.473542
[setup reg-reg] _15090_/Q -> _14653_/D : -11.472864
[setup reg-reg] _15090_/Q -> _14647_/D : -11.469294
[setup reg-reg] _15090_/Q -> _14605_/D : -11.461854
[setup reg-reg] _15090_/Q -> _14697_/D : -11.461349
[setup reg-reg] _15090_/Q -> _14694_/D : -11.460962
[setup reg-reg] _15090_/Q -> _14695_/D : -11.460344
[setup reg-reg] _15090_/Q -> _14646_/D : -11.456883
[setup reg-reg] _15090_/Q -> _14688_/D : -11.456312
[setup reg-reg] _15090_/Q -> _14689_/D : -11.455946
[setup reg-reg] _15090_/Q -> _14588_/D : -11.445071
[setup reg-reg] _15090_/Q -> _14687_/D : -11.444300
[setup reg-reg] _15090_/Q -> _14591_/D : -11.441373
[setup reg-reg] _15090_/Q -> _14590_/D : -11.441010
[setup reg-reg] _15090_/Q -> _14645_/D : -11.440115
[setup reg-reg] _15090_/Q -> _14599_/D : -11.439536
[setup reg-reg] _15090_/Q -> _14595_/D : -11.439436
[setup reg-reg] _15090_/Q -> _14593_/D : -11.436190
[setup reg-reg] _15090_/Q -> _14596_/D : -11.436164
[setup reg-reg] _15090_/Q -> _14602_/D : -11.435607
[setup reg-reg] _15090_/Q -> _14597_/D : -11.435105
[setup reg-reg] _15090_/Q -> _14648_/D : -11.434626
[setup reg-reg] _15090_/Q -> _14604_/D : -11.431482
[setup reg-reg] _15090_/Q -> _14600_/D : -11.425982
[setup reg-reg] _15090_/Q -> _14592_/D : -11.425588
[setup reg-reg] _15090_/Q -> _14690_/D : -11.423971
[setup reg-reg] _15090_/Q -> _14603_/D : -11.414489
[setup reg-reg] _15090_/Q -> _14598_/D : -11.414322
[setup reg-reg] _15090_/Q -> _14601_/D : -11.413196
[setup reg-reg] _15090_/Q -> _14594_/D : -11.409082
[setup reg-reg] _15090_/Q -> _14654_/D : -11.394302
[setup reg-reg] _15090_/Q -> _14656_/D : -11.393553
[setup reg-reg] _15090_/Q -> _14657_/D : -11.391400
[setup reg-reg] _15090_/Q -> _14696_/D : -11.381591
[setup reg-reg] _15090_/Q -> _14698_/D : -11.380713
[setup reg-reg] _15090_/Q -> _14699_/D : -11.378951
[setup reg-reg] _15090_/Q -> _14658_/D : -11.368918
[setup reg-reg] _15090_/Q -> _14700_/D : -11.355905
[setup reg-reg] _15090_/Q -> _14702_/D : -11.353386
[setup reg-reg] _15090_/Q -> _14660_/D : -11.352366
[setup reg-reg] _15090_/Q -> _14676_/D : -11.351446
[setup reg-reg] _15090_/Q -> _14659_/D : -11.334105
[setup reg-reg] _15090_/Q -> _14662_/D : -11.329736
[setup reg-reg] _15090_/Q -> _14661_/D : -11.329622
[setup reg-reg] _15090_/Q -> _14670_/D : -11.328649
[setup reg-reg] _15090_/Q -> _14666_/D : -11.328385
[setup reg-reg] _15090_/Q -> _14664_/D : -11.325060
[setup reg-reg] _15090_/Q -> _14668_/D : -11.323980
[setup reg-reg] _15090_/Q -> _14673_/D : -11.323778
[setup reg-reg] _15090_/Q -> _14667_/D : -11.323639
[setup reg-reg] _15090_/Q -> _14712_/D : -11.322488
[setup reg-reg] _15090_/Q -> _14675_/D : -11.322204
[setup reg-reg] _15090_/Q -> _14710_/D : -11.321802
[setup reg-reg] _15090_/Q -> _14718_/D : -11.321668
[setup reg-reg] _15090_/Q -> _14701_/D : -11.320896
[setup reg-reg] _15090_/Q -> _14706_/D : -11.320865
[setup reg-reg] _15090_/Q -> _14709_/D : -11.318502
[setup reg-reg] _15090_/Q -> _14703_/D : -11.317340
[setup reg-reg] _15090_/Q -> _14708_/D : -11.316839
[setup reg-reg] _15090_/Q -> _14704_/D : -11.315702
[setup reg-reg] _15090_/Q -> _14671_/D : -11.313830
[setup reg-reg] _15090_/Q -> _14663_/D : -11.313532
[setup reg-reg] _15090_/Q -> _14715_/D : -11.313034
[setup reg-reg] _15090_/Q -> _14717_/D : -11.309261
[setup reg-reg] _15090_/Q -> _14716_/D : -11.305147
[setup reg-reg] _15090_/Q -> _14705_/D : -11.304820
[setup reg-reg] _15090_/Q -> _14674_/D : -11.303630
[setup reg-reg] _15090_/Q -> _14669_/D : -11.302334
[setup reg-reg] _15090_/Q -> _14672_/D : -11.302156
[setup reg-reg] _15090_/Q -> _14665_/D : -11.300397
[setup reg-reg] _15090_/Q -> _14707_/D : -11.293828
[setup reg-reg] _15090_/Q -> _14711_/D : -11.293381
[setup reg-reg] _15090_/Q -> _14713_/D : -11.293391
[setup reg-reg] _15090_/Q -> _14714_/D : -11.292845
[setup reg-reg] _15090_/Q -> _14572_/D : -11.231897
[setup reg-reg] _15090_/Q -> _14573_/D : -11.230892
[setup reg-reg] _15090_/Q -> _14860_/D : -11.203277
[setup reg-reg] _15090_/Q -> _14757_/D : -11.170197
[setup reg-reg] _15090_/Q -> _14571_/D : -11.155383
[setup reg-reg] _15090_/Q -> _14754_/D : -11.132648
[setup reg-reg] _15090_/Q -> _14563_/D : -11.121590
[setup reg-reg] _15090_/Q -> _14755_/D : -11.120868
[setup reg-reg] _15090_/Q -> _14562_/D : -11.118203
[setup reg-reg] _15090_/Q -> _14565_/D : -11.117620
[setup reg-reg] _15090_/Q -> _14559_/D : -11.116665
[setup reg-reg] _15090_/Q -> _14569_/D : -11.107940
[setup reg-reg] _15090_/Q -> _14557_/D : -11.107610
[setup reg-reg] _15090_/Q -> _14756_/D : -11.107507
[setup reg-reg] _15090_/Q -> _14753_/D : -11.107404
[setup reg-reg] _15090_/Q -> _15152_/D : -11.105059
[setup reg-reg] _15090_/Q -> _15153_/D : -11.104014
[setup reg-reg] _15090_/Q -> _14566_/D : -11.103801
[setup reg-reg] _15090_/Q -> _14568_/D : -11.103726
[setup reg-reg] _15090_/Q -> _14570_/D : -11.103545
[setup reg-reg] _15090_/Q -> _14567_/D : -11.103446
[setup reg-reg] _15090_/Q -> _14558_/D : -11.102287
[setup reg-reg] _15090_/Q -> _14561_/D : -11.102269
[setup reg-reg] _15090_/Q -> _14556_/D : -11.101317
[setup reg-reg] _15090_/Q -> _14560_/D : -11.092585
[setup reg-reg] _15090_/Q -> _14564_/D : -11.092329
[setup reg-reg] _15090_/Q -> _14609_/D : -11.026373
[setup reg-reg] _15090_/Q -> _14758_/D : -11.022948
[setup reg-reg] _15090_/Q -> _14759_/D : -11.013729
[setup reg-reg] _15090_/Q -> _14943_/D : -11.001860
[setup reg-reg] _15090_/Q -> _15057_/D : -10.985730
[setup reg-reg] _15090_/Q -> _16218_/D : -10.980948
[setup reg-reg] _15090_/Q -> _16219_/D : -10.980160
[setup reg-reg] _15090_/Q -> _14608_/D : -10.960215
[setup reg-reg] _15090_/Q -> _15055_/D : -10.935185
[setup reg-reg] _15090_/Q -> _14385_/D : -10.926957
[setup reg-reg] _15090_/Q -> _14607_/D : -10.921951
[setup reg-reg] _15090_/Q -> _14384_/D : -10.889956
[setup reg-reg] _15090_/Q -> _14383_/D : -10.888855
[setup reg-reg] _15090_/Q -> _15154_/D : -10.881706
[setup reg-reg] _15090_/Q -> _14942_/D : -10.839315
[setup reg-reg] _15090_/Q -> _14524_/D : -10.833272
[setup reg-reg] _15090_/Q -> _14610_/D : -10.832743
[setup reg-reg] _15090_/Q -> _14643_/D : -10.827055
[setup reg-reg] _15090_/Q -> _14606_/D : -10.813225
[setup reg-reg] _15090_/Q -> _15058_/D : -10.809608
[setup reg-reg] _15090_/Q -> _14644_/D : -10.775558
[setup reg-reg] _15090_/Q -> _14985_/D : -10.740284
[setup reg-reg] _15090_/Q -> _14388_/D : -10.622437
[setup reg-reg] _15090_/Q -> _14389_/D : -10.551738
[setup reg-reg] _15090_/Q -> _14391_/D : -10.531323
[setup reg-reg] _15090_/Q -> _14390_/D : -10.527604
[setup reg-reg] _15090_/Q -> _14941_/D : -10.505204
[setup reg-reg] _15090_/Q -> _14387_/D : -10.413129
[setup reg-reg] _15090_/Q -> _14386_/D : -10.413093
[setup reg-reg] _15090_/Q -> _14940_/D : -10.341381
[setup reg-reg] _15090_/Q -> _15056_/D : -10.268658
[setup reg-reg] _15090_/Q -> _15052_/D : -10.185460
[setup reg-reg] _15090_/Q -> _14986_/D : -10.015388
[setup reg-reg] _15090_/Q -> _14939_/D : -9.964467
[setup reg-reg] _15090_/Q -> _14938_/D : -9.916477
[setup reg-reg] _15090_/Q -> _14937_/D : -9.774990
[setup reg-reg] _15090_/Q -> _14936_/D : -9.364108
[setup reg-reg] _15090_/Q -> _14935_/D : -8.781097
[setup reg-reg] _15090_/Q -> _14934_/D : -8.763451
[setup reg-reg] _15090_/Q -> _14933_/D : -8.619313
[setup reg-reg] _15090_/Q -> _14932_/D : -8.552181
[setup reg-reg] _15090_/Q -> _14931_/D : -8.497143
[setup reg-reg] _15090_/Q -> _14930_/D : -8.198910
[setup reg-reg] _15090_/Q -> _14929_/D : -8.113965
[setup reg-reg] _15090_/Q -> _14927_/D : -7.920896
[setup reg-reg] _15090_/Q -> _14928_/D : -7.861431
[setup reg-reg] _15090_/Q -> _14926_/D : -7.844854
[setup reg-reg] _15090_/Q -> _14925_/D : -7.625314
[setup reg-reg] _15090_/Q -> _14923_/D : -7.536873
[setup reg-reg] _15090_/Q -> _14924_/D : -7.471496
[setup reg-reg] _15090_/Q -> _14922_/D : -7.255075
[setup reg-reg] _15090_/Q -> _15160_/D : -6.698702
[setup reg-reg] _15090_/Q -> _15159_/D : -6.698571
[setup reg-reg] _15090_/Q -> _15157_/D : -6.698027
[setup reg-reg] _15090_/Q -> _15158_/D : -6.697878
[setup reg-reg] _15090_/Q -> _15156_/D : -6.695342
[setup reg-reg] _15090_/Q -> _15161_/D : -6.694361
[setup reg-reg] _15090_/Q -> _15155_/D : -6.693107
[setup reg-reg] _15090_/Q -> _15162_/D : -6.685849
[setup reg-reg] _15090_/Q -> _15166_/D : -6.684640
[setup reg-reg] _15090_/Q -> _15164_/D : -6.657050
[setup reg-reg] _15090_/Q -> _15165_/D : -6.655793
[setup reg-reg] _15090_/Q -> _15163_/D : -6.653135
[setup reg-reg] _15090_/Q -> _15175_/D : -6.552291
[setup reg-reg] _15090_/Q -> _15174_/D : -6.551858
[setup reg-reg] _15090_/Q -> _15176_/D : -6.551549
[setup reg-reg] _15090_/Q -> _15177_/D : -6.551197
[setup reg-reg] _15090_/Q -> _15178_/D : -6.551080
[setup reg-reg] _15090_/Q -> _15179_/D : -6.550902
[setup reg-reg] _15090_/Q -> _15180_/D : -6.550835
[setup reg-reg] _15090_/Q -> _15181_/D : -6.539036
[setup reg-reg] _15090_/Q -> _15182_/D : -6.538954
[setup reg-reg] _15090_/Q -> _15183_/D : -6.537814
[setup reg-reg] _15090_/Q -> _15184_/D : -6.536674
[setup reg-reg] _15090_/Q -> _15172_/D : -6.523880
[setup reg-reg] _15090_/Q -> _15171_/D : -6.523873
[setup reg-reg] _15090_/Q -> _15169_/D : -6.523845
[setup reg-reg] _15090_/Q -> _15173_/D : -6.523752
[setup reg-reg] _15090_/Q -> _15170_/D : -6.523713
[setup reg-reg] _15090_/Q -> _15168_/D : -6.523489
[setup reg-reg] _15090_/Q -> _15167_/D : -6.523319
[setup reg-reg] _15090_/Q -> _14921_/D : -6.326768
[setup reg-reg] _15090_/Q -> _14920_/D : -6.238914
[setup reg-reg] _15090_/Q -> _14919_/D : -5.971366
[setup reg-reg] _15090_/Q -> _14918_/D : -5.953901
[setup reg-reg] _15090_/Q -> _14982_/D : -5.316405
[setup reg-reg] _15090_/Q -> _14916_/D : -5.133259
[setup reg-reg] _15090_/Q -> _14903_/D : -5.042523
[setup reg-reg] _15090_/Q -> _14914_/D : -4.999880
[setup reg-reg] _15090_/Q -> _14915_/D : -4.965447
[setup reg-reg] _15090_/Q -> _14913_/D : -4.942610
[setup reg-reg] _15090_/Q -> _14911_/D : -4.873609
[setup reg-reg] _15090_/Q -> _14889_/D : -4.737156
[setup reg-reg] _15090_/Q -> _14887_/D : -4.736883
[setup reg-reg] _15090_/Q -> _14893_/D : -4.736098
[setup reg-reg] _15090_/Q -> _14890_/D : -4.736041
[setup reg-reg] _15090_/Q -> _14888_/D : -4.735973
[setup reg-reg] _15090_/Q -> _14892_/D : -4.735970
[setup reg-reg] _15090_/Q -> _14891_/D : -4.735462
[setup reg-reg] _15090_/Q -> _14901_/D : -4.726093
[setup reg-reg] _15090_/Q -> _14912_/D : -4.695004
[setup reg-reg] _15090_/Q -> _14894_/D : -4.690073
[setup reg-reg] _15090_/Q -> _14896_/D : -4.689198
[setup reg-reg] _15090_/Q -> _14897_/D : -4.688900
[setup reg-reg] _15090_/Q -> _14900_/D : -4.687596
[setup reg-reg] _15090_/Q -> _14898_/D : -4.687397
[setup reg-reg] _15090_/Q -> _14895_/D : -4.672725
[setup reg-reg] _15090_/Q -> _14907_/D : -4.656318
[setup reg-reg] _15090_/Q -> _14886_/D : -4.614350
[setup reg-reg] _15090_/Q -> _14899_/D : -4.606605
[setup reg-reg] _15090_/Q -> _14902_/D : -4.586273
[setup reg-reg] _15090_/Q -> _14909_/D : -4.585743
[setup reg-reg] _15090_/Q -> _14910_/D : -4.584017
[setup reg-reg] _15090_/Q -> _14908_/D : -4.583100
[setup reg-reg] _15090_/Q -> _14906_/D : -4.582905
[setup reg-reg] _15090_/Q -> _14905_/D : -4.582838
[setup reg-reg] _15090_/Q -> _14904_/D : -4.581548
[setup reg-reg] _15090_/Q -> _14885_/D : -4.505704
[setup reg-reg] _15090_/Q -> _14948_/D : -4.368651
[setup reg-reg] _15090_/Q -> _15284_/D : -4.072145
[setup reg-reg] _15090_/Q -> _14856_/D : -4.009461
[setup reg-reg] _15090_/Q -> _15285_/D : -3.906063
[setup reg-reg] _15090_/Q -> _14857_/D : -3.885386
[setup reg-reg] _15090_/Q -> _14459_/D : -3.884967
[setup reg-reg] _15090_/Q -> _14458_/D : -3.884047
[setup reg-reg] _15090_/Q -> _14858_/D : -3.871041
[setup reg-reg] _15090_/Q -> _14859_/D : -3.864781
[setup reg-reg] _15090_/Q -> _15289_/D : -3.759769
[setup reg-reg] _15090_/Q -> _14981_/D : -3.749268
[setup reg-reg] _15090_/Q -> _15287_/D : -3.624475
[setup reg-reg] _15090_/Q -> _15288_/D : -3.442136
[setup reg-reg] _15090_/Q -> _15286_/D : -3.131078
[setup reg-reg] _15090_/Q -> _14980_/D : -2.644452
[setup reg-reg] _15090_/Q -> _14719_/D : -1.869026
[setup reg-reg] _15090_/Q -> _14720_/D : -1.748919
[setup reg-reg] _15089_/Q -> _14686_/D : -1.744887
[setup reg-reg] _15089_/Q -> _14499_/D : -1.582009
[setup reg-reg] _15089_/Q -> _14492_/D : -1.581896
[setup reg-reg] _15089_/Q -> _14496_/D : -1.581881
[setup reg-reg] _15089_/Q -> _14502_/D : -1.581721
[setup reg-reg] _15089_/Q -> _14498_/D : -1.581118
[setup reg-reg] _15089_/Q -> _14495_/D : -1.581057
[setup reg-reg] _15089_/Q -> _14497_/D : -1.580677
[setup reg-reg] _15089_/Q -> _14681_/D : -1.579561
[setup reg-reg] _15089_/Q -> _14494_/D : -1.546557
[setup reg-reg] _15089_/Q -> _14493_/D : -1.545050
[setup reg-reg] _15089_/Q -> _14507_/D : -1.542233
[setup reg-reg] _15089_/Q -> _14505_/D : -1.542077
[setup reg-reg] _15089_/Q -> _14503_/D : -1.541054
[setup reg-reg] _15089_/Q -> _14678_/D : -1.540972
[setup reg-reg] _15089_/Q -> _14500_/D : -1.539597
[setup reg-reg] _15089_/Q -> _14501_/D : -1.539586
[setup reg-reg] _15089_/Q -> _14685_/D : -1.530943
[setup reg-reg] _15089_/Q -> _14679_/D : -1.530410
[setup reg-reg] _15089_/Q -> _14677_/D : -1.521073
[setup reg-reg] _15089_/Q -> _14680_/D : -1.513115
[setup reg-reg] _15089_/Q -> _14684_/D : -1.498961
[setup reg-reg] _15089_/Q -> _14504_/D : -1.469616
[setup reg-reg] _15089_/Q -> _14683_/D : -1.451522
[setup reg-reg] _15089_/Q -> _14682_/D : -1.449401
[setup reg-reg] _15089_/Q -> _14508_/D : -1.448878
[setup reg-reg] _15089_/Q -> _14506_/D : -1.448260
[setup reg-reg] _15089_/Q -> _14514_/D : -1.443365
[setup reg-reg] _15089_/Q -> _14513_/D : -1.438028
[setup reg-reg] _15089_/Q -> _14523_/D : -1.421746
[setup reg-reg] _15089_/Q -> _14516_/D : -1.418716
[setup reg-reg] _15089_/Q -> _14518_/D : -1.418286
[setup reg-reg] _15089_/Q -> _14510_/D : -1.418137
[setup reg-reg] _15089_/Q -> _14512_/D : -1.417888
[setup reg-reg] _15089_/Q -> _14509_/D : -1.417227
[setup reg-reg] _15089_/Q -> _14520_/D : -1.414961
[setup reg-reg] _15089_/Q -> _14522_/D : -1.413685
[setup reg-reg] _15089_/Q -> _14521_/D : -1.413426
[setup reg-reg] _15089_/Q -> _14519_/D : -1.412978
[setup reg-reg] _15089_/Q -> _14517_/D : -1.411685
[setup reg-reg] _15089_/Q -> _14511_/D : -1.411593
[setup reg-reg] _15089_/Q -> _14515_/D : -1.411088
[setup reg-reg] _15090_/Q -> _15062_/D : -1.046100
[setup reg-reg] _15090_/Q -> _15053_/D : -0.925983
Writing metric timing__hold_vio__count__corner:nom_tt_025C_1v80: 3734
Writing metric timing__hold_r2r__ws__corner:nom_tt_025C_1v80: 0.272459
Writing metric timing__hold_r2r_vio__count__corner:nom_tt_025C_1v80: 0
Writing metric timing__setup_vio__count__corner:nom_tt_025C_1v80: 1068
Writing metric timing__setup_r2r__ws__corner:nom_tt_025C_1v80: -43.278591
Writing metric timing__setup_r2r_vio__count__corner:nom_tt_025C_1v80: 808
