
===========================================================================
Violator List
============================================================================
[setup in-reg] rst_ni -> _14382_/RESET_B : -22.841782
[setup in-reg] rst_ni -> _14385_/RESET_B : -22.841782
[setup in-reg] rst_ni -> _14386_/RESET_B : -22.841782
[setup in-reg] rst_ni -> _14387_/RESET_B : -22.841782
[setup in-reg] rst_ni -> _14388_/RESET_B : -22.841782
[setup in-reg] rst_ni -> _14389_/RESET_B : -22.841782
[setup in-reg] rst_ni -> _14390_/RESET_B : -22.841782
[setup in-reg] rst_ni -> _14391_/RESET_B : -22.841782
[setup in-reg] rst_ni -> _14392_/RESET_B : -22.841782
[setup in-reg] rst_ni -> _14393_/RESET_B : -22.841782
[setup in-reg] rst_ni -> _14394_/RESET_B : -22.841782
[setup in-reg] rst_ni -> _14395_/RESET_B : -22.841782
[setup in-reg] rst_ni -> _14396_/RESET_B : -22.841782
[setup in-reg] rst_ni -> _14397_/RESET_B : -22.841782
[setup in-reg] rst_ni -> _14398_/RESET_B : -22.841782
[setup in-reg] rst_ni -> _14399_/RESET_B : -22.841782
[setup in-reg] rst_ni -> _14400_/RESET_B : -22.841782
[setup in-reg] rst_ni -> _14401_/RESET_B : -22.841782
[setup in-reg] rst_ni -> _14402_/RESET_B : -22.841782
[setup in-reg] rst_ni -> _14403_/RESET_B : -22.841782
[setup in-reg] rst_ni -> _14404_/RESET_B : -22.841782
[setup in-reg] rst_ni -> _14405_/RESET_B : -22.841782
[setup in-reg] rst_ni -> _14406_/RESET_B : -22.841782
[setup in-reg] rst_ni -> _14407_/RESET_B : -22.841782
[setup in-reg] rst_ni -> _14408_/RESET_B : -22.841782
[setup in-reg] rst_ni -> _14409_/RESET_B : -22.841782
[setup in-reg] rst_ni -> _14410_/RESET_B : -22.841782
[setup in-reg] rst_ni -> _14411_/RESET_B : -22.841782
[setup in-reg] rst_ni -> _14412_/RESET_B : -22.841782
[setup in-reg] rst_ni -> _14413_/RESET_B : -22.841782
[setup in-reg] rst_ni -> _14414_/RESET_B : -22.841782
[setup in-reg] rst_ni -> _14415_/RESET_B : -22.841782
[setup in-reg] rst_ni -> _14416_/RESET_B : -22.841782
[setup in-reg] rst_ni -> _14417_/RESET_B : -22.841782
[setup in-reg] rst_ni -> _14418_/RESET_B : -22.841782
[setup in-reg] rst_ni -> _14419_/RESET_B : -22.841782
[setup in-reg] rst_ni -> _14420_/RESET_B : -22.841782
[setup in-reg] rst_ni -> _14421_/RESET_B : -22.841782
[setup in-reg] rst_ni -> _14422_/RESET_B : -22.841782
[setup in-reg] rst_ni -> _14423_/RESET_B : -22.841782
[setup in-reg] rst_ni -> _14424_/RESET_B : -22.841782
[setup in-reg] rst_ni -> _14425_/RESET_B : -22.841782
[setup in-reg] rst_ni -> _14426_/RESET_B : -22.841782
[setup in-reg] rst_ni -> _14427_/RESET_B : -22.841782
[setup in-reg] rst_ni -> _14428_/RESET_B : -22.841782
[setup in-reg] rst_ni -> _14429_/RESET_B : -22.841782
[setup in-reg] rst_ni -> _14430_/RESET_B : -22.841782
[setup in-reg] rst_ni -> _14431_/RESET_B : -22.841782
[setup in-reg] rst_ni -> _14432_/RESET_B : -22.841782
[setup in-reg] rst_ni -> _14433_/RESET_B : -22.841782
[setup in-reg] rst_ni -> _14434_/RESET_B : -22.841782
[setup in-reg] rst_ni -> _14435_/RESET_B : -22.841782
[setup in-reg] rst_ni -> _14436_/RESET_B : -22.841782
[setup in-reg] rst_ni -> _14437_/RESET_B : -22.841782
[setup in-reg] rst_ni -> _14438_/RESET_B : -22.841782
[setup in-reg] rst_ni -> _14439_/RESET_B : -22.841782
[setup in-reg] rst_ni -> _14440_/RESET_B : -22.841782
[setup in-reg] rst_ni -> _14441_/RESET_B : -22.841782
[setup in-reg] rst_ni -> _14442_/RESET_B : -22.841782
[setup in-reg] rst_ni -> _14443_/RESET_B : -22.841782
[setup in-reg] rst_ni -> _14444_/RESET_B : -22.841782
[setup in-reg] rst_ni -> _14445_/RESET_B : -22.841782
[setup in-reg] rst_ni -> _14446_/RESET_B : -22.841782
[setup in-reg] rst_ni -> _14447_/RESET_B : -22.841782
[setup in-reg] rst_ni -> _14448_/RESET_B : -22.841782
[setup in-reg] rst_ni -> _14449_/RESET_B : -22.841782
[setup in-reg] rst_ni -> _14450_/RESET_B : -22.841782
[setup in-reg] rst_ni -> _14451_/RESET_B : -22.841782
[setup in-reg] rst_ni -> _14452_/RESET_B : -22.841782
[setup in-reg] rst_ni -> _14453_/RESET_B : -22.841782
[setup in-reg] rst_ni -> _14454_/RESET_B : -22.841782
[setup in-reg] rst_ni -> _14455_/RESET_B : -22.841782
[setup in-reg] rst_ni -> _14457_/RESET_B : -22.841782
[setup in-reg] rst_ni -> _14458_/RESET_B : -22.841782
[setup in-reg] rst_ni -> _14459_/RESET_B : -22.841782
[setup in-reg] rst_ni -> _14460_/RESET_B : -22.841782
[setup in-reg] rst_ni -> _14461_/RESET_B : -22.841782
[setup in-reg] rst_ni -> _14462_/RESET_B : -22.841782
[setup in-reg] rst_ni -> _14463_/RESET_B : -22.841782
[setup in-reg] rst_ni -> _14464_/RESET_B : -22.841782
[setup in-reg] rst_ni -> _14465_/RESET_B : -22.841782
[setup in-reg] rst_ni -> _14466_/RESET_B : -22.841782
[setup in-reg] rst_ni -> _14467_/RESET_B : -22.841782
[setup in-reg] rst_ni -> _14468_/RESET_B : -22.841782
[setup in-reg] rst_ni -> _14469_/RESET_B : -22.841782
[setup in-reg] rst_ni -> _14470_/RESET_B : -22.841782
[setup in-reg] rst_ni -> _14471_/RESET_B : -22.841782
[setup in-reg] rst_ni -> _14472_/RESET_B : -22.841782
[setup in-reg] rst_ni -> _14473_/RESET_B : -22.841782
[setup in-reg] rst_ni -> _14474_/RESET_B : -22.841782
[setup in-reg] rst_ni -> _14475_/RESET_B : -22.841782
[setup in-reg] rst_ni -> _14476_/RESET_B : -22.841782
[setup in-reg] rst_ni -> _14477_/RESET_B : -22.841782
[setup in-reg] rst_ni -> _14478_/RESET_B : -22.841782
[setup in-reg] rst_ni -> _14479_/RESET_B : -22.841782
[setup in-reg] rst_ni -> _14480_/RESET_B : -22.841782
[setup in-reg] rst_ni -> _14481_/RESET_B : -22.841782
[setup in-reg] rst_ni -> _14482_/RESET_B : -22.841782
[setup in-reg] rst_ni -> _14483_/RESET_B : -22.841782
[setup in-reg] rst_ni -> _14484_/RESET_B : -22.841782
[setup in-reg] rst_ni -> _14485_/RESET_B : -22.841782
[setup in-reg] rst_ni -> _14486_/RESET_B : -22.841782
[setup in-reg] rst_ni -> _14487_/RESET_B : -22.841782
[setup in-reg] rst_ni -> _14488_/RESET_B : -22.841782
[setup in-reg] rst_ni -> _14489_/RESET_B : -22.841782
[setup in-reg] rst_ni -> _14490_/RESET_B : -22.841782
[setup in-reg] rst_ni -> _14491_/RESET_B : -22.841782
[setup in-reg] rst_ni -> _14492_/RESET_B : -22.841782
[setup in-reg] rst_ni -> _14493_/RESET_B : -22.841782
[setup in-reg] rst_ni -> _14494_/RESET_B : -22.841782
[setup in-reg] rst_ni -> _14495_/RESET_B : -22.841782
[setup in-reg] rst_ni -> _14496_/RESET_B : -22.841782
[setup in-reg] rst_ni -> _14497_/RESET_B : -22.841782
[setup in-reg] rst_ni -> _14498_/RESET_B : -22.841782
[setup in-reg] rst_ni -> _14499_/RESET_B : -22.841782
[setup in-reg] rst_ni -> _14500_/RESET_B : -22.841782
[setup in-reg] rst_ni -> _14501_/RESET_B : -22.841782
[setup in-reg] rst_ni -> _14502_/RESET_B : -22.841782
[setup in-reg] rst_ni -> _14503_/RESET_B : -22.841782
[setup in-reg] rst_ni -> _14504_/RESET_B : -22.841782
[setup in-reg] rst_ni -> _14505_/RESET_B : -22.841782
[setup in-reg] rst_ni -> _14506_/RESET_B : -22.841782
[setup in-reg] rst_ni -> _14507_/RESET_B : -22.841782
[setup in-reg] rst_ni -> _14508_/RESET_B : -22.841782
[setup in-reg] rst_ni -> _14509_/RESET_B : -22.841782
[setup in-reg] rst_ni -> _14510_/RESET_B : -22.841782
[setup in-reg] rst_ni -> _14511_/RESET_B : -22.841782
[setup in-reg] rst_ni -> _14512_/RESET_B : -22.841782
[setup in-reg] rst_ni -> _14513_/RESET_B : -22.841782
[setup in-reg] rst_ni -> _14514_/RESET_B : -22.841782
[setup in-reg] rst_ni -> _14515_/RESET_B : -22.841782
[setup in-reg] rst_ni -> _14516_/RESET_B : -22.841782
[setup in-reg] rst_ni -> _14517_/RESET_B : -22.841782
[setup in-reg] rst_ni -> _14518_/RESET_B : -22.841782
[setup in-reg] rst_ni -> _14519_/RESET_B : -22.841782
[setup in-reg] rst_ni -> _14520_/RESET_B : -22.841782
[setup in-reg] rst_ni -> _14521_/RESET_B : -22.841782
[setup in-reg] rst_ni -> _14522_/RESET_B : -22.841782
[setup in-reg] rst_ni -> _14523_/RESET_B : -22.841782
[setup in-reg] rst_ni -> _14524_/RESET_B : -22.841782
[setup in-reg] rst_ni -> _14525_/RESET_B : -22.841782
[setup in-reg] rst_ni -> _14526_/RESET_B : -22.841782
[setup in-reg] rst_ni -> _14527_/RESET_B : -22.841782
[setup in-reg] rst_ni -> _14528_/RESET_B : -22.841782
[setup in-reg] rst_ni -> _14529_/RESET_B : -22.841782
[setup in-reg] rst_ni -> _14530_/RESET_B : -22.841782
[setup in-reg] rst_ni -> _14531_/RESET_B : -22.841782
[setup in-reg] rst_ni -> _14532_/RESET_B : -22.841782
[setup in-reg] rst_ni -> _14533_/RESET_B : -22.841782
[setup in-reg] rst_ni -> _14534_/RESET_B : -22.841782
[setup in-reg] rst_ni -> _14535_/RESET_B : -22.841782
[setup in-reg] rst_ni -> _14536_/RESET_B : -22.841782
[setup in-reg] rst_ni -> _14537_/RESET_B : -22.841782
[setup in-reg] rst_ni -> _14538_/RESET_B : -22.841782
[setup in-reg] rst_ni -> _14539_/RESET_B : -22.841782
[setup in-reg] rst_ni -> _14540_/RESET_B : -22.841782
[setup in-reg] rst_ni -> _14541_/RESET_B : -22.841782
[setup in-reg] rst_ni -> _14542_/RESET_B : -22.841782
[setup in-reg] rst_ni -> _14543_/RESET_B : -22.841782
[setup in-reg] rst_ni -> _14544_/RESET_B : -22.841782
[setup in-reg] rst_ni -> _14545_/RESET_B : -22.841782
[setup in-reg] rst_ni -> _14546_/RESET_B : -22.841782
[setup in-reg] rst_ni -> _14547_/RESET_B : -22.841782
[setup in-reg] rst_ni -> _14548_/RESET_B : -22.841782
[setup in-reg] rst_ni -> _14549_/RESET_B : -22.841782
[setup in-reg] rst_ni -> _14550_/RESET_B : -22.841782
[setup in-reg] rst_ni -> _14551_/RESET_B : -22.841782
[setup in-reg] rst_ni -> _14552_/RESET_B : -22.841782
[setup in-reg] rst_ni -> _14553_/RESET_B : -22.841782
[setup in-reg] rst_ni -> _14554_/RESET_B : -22.841782
[setup in-reg] rst_ni -> _14555_/RESET_B : -22.841782
[setup in-reg] rst_ni -> _14556_/RESET_B : -22.841782
[setup in-reg] rst_ni -> _14557_/RESET_B : -22.841782
[setup in-reg] rst_ni -> _14558_/RESET_B : -22.841782
[setup in-reg] rst_ni -> _14559_/RESET_B : -22.841782
[setup in-reg] rst_ni -> _14560_/RESET_B : -22.841782
[setup in-reg] rst_ni -> _14561_/RESET_B : -22.841782
[setup in-reg] rst_ni -> _14562_/RESET_B : -22.841782
[setup in-reg] rst_ni -> _14563_/RESET_B : -22.841782
[setup in-reg] rst_ni -> _14564_/RESET_B : -22.841782
[setup in-reg] rst_ni -> _14565_/RESET_B : -22.841782
[setup in-reg] rst_ni -> _14566_/RESET_B : -22.841782
[setup in-reg] rst_ni -> _14567_/RESET_B : -22.841782
[setup in-reg] rst_ni -> _14568_/RESET_B : -22.841782
[setup in-reg] rst_ni -> _14569_/RESET_B : -22.841782
[setup in-reg] rst_ni -> _14570_/RESET_B : -22.841782
[setup in-reg] rst_ni -> _14571_/RESET_B : -22.841782
[setup in-reg] rst_ni -> _14572_/RESET_B : -22.841782
[setup in-reg] rst_ni -> _14573_/RESET_B : -22.841782
[setup in-reg] rst_ni -> _14574_/RESET_B : -22.841782
[setup in-reg] rst_ni -> _14575_/RESET_B : -22.841782
[setup in-reg] rst_ni -> _14576_/RESET_B : -22.841782
[setup in-reg] rst_ni -> _14577_/RESET_B : -22.841782
[setup in-reg] rst_ni -> _14578_/RESET_B : -22.841782
[setup in-reg] rst_ni -> _14579_/RESET_B : -22.841782
[setup in-reg] rst_ni -> _14580_/RESET_B : -22.841782
[setup in-reg] rst_ni -> _14581_/RESET_B : -22.841782
[setup in-reg] rst_ni -> _14582_/RESET_B : -22.841782
[setup in-reg] rst_ni -> _14583_/RESET_B : -22.841782
[setup in-reg] rst_ni -> _14584_/RESET_B : -22.841782
[setup in-reg] rst_ni -> _14585_/RESET_B : -22.841782
[setup in-reg] rst_ni -> _14586_/RESET_B : -22.841782
[setup in-reg] rst_ni -> _14587_/RESET_B : -22.841782
[setup in-reg] rst_ni -> _14588_/RESET_B : -22.841782
[setup in-reg] rst_ni -> _14589_/RESET_B : -22.841782
[setup in-reg] rst_ni -> _14590_/RESET_B : -22.841782
[setup in-reg] rst_ni -> _14591_/RESET_B : -22.841782
[setup in-reg] rst_ni -> _14592_/RESET_B : -22.841782
[setup in-reg] rst_ni -> _14593_/RESET_B : -22.841782
[setup in-reg] rst_ni -> _14594_/RESET_B : -22.841782
[setup in-reg] rst_ni -> _14595_/RESET_B : -22.841782
[setup in-reg] rst_ni -> _14596_/RESET_B : -22.841782
[setup in-reg] rst_ni -> _14597_/RESET_B : -22.841782
[setup in-reg] rst_ni -> _14598_/RESET_B : -22.841782
[setup in-reg] rst_ni -> _14599_/RESET_B : -22.841782
[setup in-reg] rst_ni -> _14600_/RESET_B : -22.841782
[setup in-reg] rst_ni -> _14601_/RESET_B : -22.841782
[setup in-reg] rst_ni -> _14602_/RESET_B : -22.841782
[setup in-reg] rst_ni -> _14603_/RESET_B : -22.841782
[setup in-reg] rst_ni -> _14604_/RESET_B : -22.841782
[setup in-reg] rst_ni -> _14605_/RESET_B : -22.841782
[setup in-reg] rst_ni -> _14606_/RESET_B : -22.841782
[setup in-reg] rst_ni -> _14607_/RESET_B : -22.841782
[setup in-reg] rst_ni -> _14608_/RESET_B : -22.841782
[setup in-reg] rst_ni -> _14610_/RESET_B : -22.841782
[setup in-reg] rst_ni -> _14611_/RESET_B : -22.841782
[setup in-reg] rst_ni -> _14612_/RESET_B : -22.841782
[setup in-reg] rst_ni -> _14613_/RESET_B : -22.841782
[setup in-reg] rst_ni -> _14614_/RESET_B : -22.841782
[setup in-reg] rst_ni -> _14615_/RESET_B : -22.841782
[setup in-reg] rst_ni -> _14616_/RESET_B : -22.841782
[setup in-reg] rst_ni -> _14617_/RESET_B : -22.841782
[setup in-reg] rst_ni -> _14618_/RESET_B : -22.841782
[setup in-reg] rst_ni -> _14619_/RESET_B : -22.841782
[setup in-reg] rst_ni -> _14620_/RESET_B : -22.841782
[setup in-reg] rst_ni -> _14621_/RESET_B : -22.841782
[setup in-reg] rst_ni -> _14622_/RESET_B : -22.841782
[setup in-reg] rst_ni -> _14623_/RESET_B : -22.841782
[setup in-reg] rst_ni -> _14624_/RESET_B : -22.841782
[setup in-reg] rst_ni -> _14625_/RESET_B : -22.841782
[setup in-reg] rst_ni -> _14626_/RESET_B : -22.841782
[setup in-reg] rst_ni -> _14627_/RESET_B : -22.841782
[setup in-reg] rst_ni -> _14628_/RESET_B : -22.841782
[setup in-reg] rst_ni -> _14629_/RESET_B : -22.841782
[setup in-reg] rst_ni -> _14630_/RESET_B : -22.841782
[setup in-reg] rst_ni -> _14631_/RESET_B : -22.841782
[setup in-reg] rst_ni -> _14632_/RESET_B : -22.841782
[setup in-reg] rst_ni -> _14633_/RESET_B : -22.841782
[setup in-reg] rst_ni -> _14634_/RESET_B : -22.841782
[setup in-reg] rst_ni -> _14635_/RESET_B : -22.841782
[setup in-reg] rst_ni -> _14636_/RESET_B : -22.841782
[setup in-reg] rst_ni -> _14637_/RESET_B : -22.841782
[setup in-reg] rst_ni -> _14638_/RESET_B : -22.841782
[setup in-reg] rst_ni -> _14639_/RESET_B : -22.841782
[setup in-reg] rst_ni -> _14640_/RESET_B : -22.841782
[setup in-reg] rst_ni -> _14641_/RESET_B : -22.841782
[setup in-reg] rst_ni -> _14642_/RESET_B : -22.841782
[setup in-reg] rst_ni -> _14643_/RESET_B : -22.841782
[setup in-reg] rst_ni -> _14644_/RESET_B : -22.841782
[setup in-reg] rst_ni -> _14645_/RESET_B : -22.841782
[setup in-reg] rst_ni -> _14646_/RESET_B : -22.841782
[setup in-reg] rst_ni -> _14647_/RESET_B : -22.841782
[setup in-reg] rst_ni -> _14648_/RESET_B : -22.841782
[setup in-reg] rst_ni -> _14649_/RESET_B : -22.841782
[setup in-reg] rst_ni -> _14650_/RESET_B : -22.841782
[setup in-reg] rst_ni -> _14651_/RESET_B : -22.841782
[setup in-reg] rst_ni -> _14652_/RESET_B : -22.841782
[setup in-reg] rst_ni -> _14653_/RESET_B : -22.841782
[setup in-reg] rst_ni -> _14654_/RESET_B : -22.841782
[setup in-reg] rst_ni -> _14655_/RESET_B : -22.841782
[setup in-reg] rst_ni -> _14656_/RESET_B : -22.841782
[setup in-reg] rst_ni -> _14657_/RESET_B : -22.841782
[setup in-reg] rst_ni -> _14658_/RESET_B : -22.841782
[setup in-reg] rst_ni -> _14659_/RESET_B : -22.841782
[setup in-reg] rst_ni -> _14660_/RESET_B : -22.841782
[setup in-reg] rst_ni -> _14661_/RESET_B : -22.841782
[setup in-reg] rst_ni -> _14662_/RESET_B : -22.841782
[setup in-reg] rst_ni -> _14663_/RESET_B : -22.841782
[setup in-reg] rst_ni -> _14664_/RESET_B : -22.841782
[setup in-reg] rst_ni -> _14665_/RESET_B : -22.841782
[setup in-reg] rst_ni -> _14666_/RESET_B : -22.841782
[setup in-reg] rst_ni -> _14667_/RESET_B : -22.841782
[setup in-reg] rst_ni -> _14668_/RESET_B : -22.841782
[setup in-reg] rst_ni -> _14669_/RESET_B : -22.841782
[setup in-reg] rst_ni -> _14670_/RESET_B : -22.841782
[setup in-reg] rst_ni -> _14671_/RESET_B : -22.841782
[setup in-reg] rst_ni -> _14672_/RESET_B : -22.841782
[setup in-reg] rst_ni -> _14673_/RESET_B : -22.841782
[setup in-reg] rst_ni -> _14674_/RESET_B : -22.841782
[setup in-reg] rst_ni -> _14675_/RESET_B : -22.841782
[setup in-reg] rst_ni -> _14676_/RESET_B : -22.841782
[setup in-reg] rst_ni -> _14677_/RESET_B : -22.841782
[setup in-reg] rst_ni -> _14678_/RESET_B : -22.841782
[setup in-reg] rst_ni -> _14679_/RESET_B : -22.841782
[setup in-reg] rst_ni -> _14680_/RESET_B : -22.841782
[setup in-reg] rst_ni -> _14681_/RESET_B : -22.841782
[setup in-reg] rst_ni -> _14682_/RESET_B : -22.841782
[setup in-reg] rst_ni -> _14683_/RESET_B : -22.841782
[setup in-reg] rst_ni -> _14684_/RESET_B : -22.841782
[setup in-reg] rst_ni -> _14685_/RESET_B : -22.841782
[setup in-reg] rst_ni -> _14687_/RESET_B : -22.841782
[setup in-reg] rst_ni -> _14688_/RESET_B : -22.841782
[setup in-reg] rst_ni -> _14689_/RESET_B : -22.841782
[setup in-reg] rst_ni -> _14690_/RESET_B : -22.841782
[setup in-reg] rst_ni -> _14691_/RESET_B : -22.841782
[setup in-reg] rst_ni -> _14692_/RESET_B : -22.841782
[setup in-reg] rst_ni -> _14693_/RESET_B : -22.841782
[setup in-reg] rst_ni -> _14694_/RESET_B : -22.841782
[setup in-reg] rst_ni -> _14695_/RESET_B : -22.841782
[setup in-reg] rst_ni -> _14696_/RESET_B : -22.841782
[setup in-reg] rst_ni -> _14697_/RESET_B : -22.841782
[setup in-reg] rst_ni -> _14698_/RESET_B : -22.841782
[setup in-reg] rst_ni -> _14699_/RESET_B : -22.841782
[setup in-reg] rst_ni -> _14700_/RESET_B : -22.841782
[setup in-reg] rst_ni -> _14701_/RESET_B : -22.841782
[setup in-reg] rst_ni -> _14702_/RESET_B : -22.841782
[setup in-reg] rst_ni -> _14703_/RESET_B : -22.841782
[setup in-reg] rst_ni -> _14704_/RESET_B : -22.841782
[setup in-reg] rst_ni -> _14705_/RESET_B : -22.841782
[setup in-reg] rst_ni -> _14706_/RESET_B : -22.841782
[setup in-reg] rst_ni -> _14707_/RESET_B : -22.841782
[setup in-reg] rst_ni -> _14708_/RESET_B : -22.841782
[setup in-reg] rst_ni -> _14709_/RESET_B : -22.841782
[setup in-reg] rst_ni -> _14710_/RESET_B : -22.841782
[setup in-reg] rst_ni -> _14711_/RESET_B : -22.841782
[setup in-reg] rst_ni -> _14712_/RESET_B : -22.841782
[setup in-reg] rst_ni -> _14713_/RESET_B : -22.841782
[setup in-reg] rst_ni -> _14714_/RESET_B : -22.841782
[setup in-reg] rst_ni -> _14715_/RESET_B : -22.841782
[setup in-reg] rst_ni -> _14716_/RESET_B : -22.841782
[setup in-reg] rst_ni -> _14717_/RESET_B : -22.841782
[setup in-reg] rst_ni -> _14718_/RESET_B : -22.841782
[setup in-reg] rst_ni -> _14721_/RESET_B : -22.841782
[setup in-reg] rst_ni -> _14722_/RESET_B : -22.841782
[setup in-reg] rst_ni -> _14723_/RESET_B : -22.841782
[setup in-reg] rst_ni -> _14724_/RESET_B : -22.841782
[setup in-reg] rst_ni -> _14725_/RESET_B : -22.841782
[setup in-reg] rst_ni -> _14726_/RESET_B : -22.841782
[setup in-reg] rst_ni -> _14727_/RESET_B : -22.841782
[setup in-reg] rst_ni -> _14728_/RESET_B : -22.841782
[setup in-reg] rst_ni -> _14729_/RESET_B : -22.841782
[setup in-reg] rst_ni -> _14730_/RESET_B : -22.841782
[setup in-reg] rst_ni -> _14731_/RESET_B : -22.841782
[setup in-reg] rst_ni -> _14732_/RESET_B : -22.841782
[setup in-reg] rst_ni -> _14733_/RESET_B : -22.841782
[setup in-reg] rst_ni -> _14734_/RESET_B : -22.841782
[setup in-reg] rst_ni -> _14735_/RESET_B : -22.841782
[setup in-reg] rst_ni -> _14736_/RESET_B : -22.841782
[setup in-reg] rst_ni -> _14737_/RESET_B : -22.841782
[setup in-reg] rst_ni -> _14738_/RESET_B : -22.841782
[setup in-reg] rst_ni -> _14739_/RESET_B : -22.841782
[setup in-reg] rst_ni -> _14740_/RESET_B : -22.841782
[setup in-reg] rst_ni -> _14741_/RESET_B : -22.841782
[setup in-reg] rst_ni -> _14742_/RESET_B : -22.841782
[setup in-reg] rst_ni -> _14743_/RESET_B : -22.841782
[setup in-reg] rst_ni -> _14744_/RESET_B : -22.841782
[setup in-reg] rst_ni -> _14745_/RESET_B : -22.841782
[setup in-reg] rst_ni -> _14746_/RESET_B : -22.841782
[setup in-reg] rst_ni -> _14747_/RESET_B : -22.841782
[setup in-reg] rst_ni -> _14748_/RESET_B : -22.841782
[setup in-reg] rst_ni -> _14749_/RESET_B : -22.841782
[setup in-reg] rst_ni -> _14750_/RESET_B : -22.841782
[setup in-reg] rst_ni -> _14751_/RESET_B : -22.841782
[setup in-reg] rst_ni -> _14752_/RESET_B : -22.841782
[setup in-reg] rst_ni -> _14753_/RESET_B : -22.841782
[setup in-reg] rst_ni -> _14754_/RESET_B : -22.841782
[setup in-reg] rst_ni -> _14755_/RESET_B : -22.841782
[setup in-reg] rst_ni -> _14756_/RESET_B : -22.841782
[setup in-reg] rst_ni -> _14757_/RESET_B : -22.841782
[setup in-reg] rst_ni -> _14758_/RESET_B : -22.841782
[setup in-reg] rst_ni -> _14759_/RESET_B : -22.841782
[setup in-reg] rst_ni -> _14760_/RESET_B : -22.841782
[setup in-reg] rst_ni -> _14761_/RESET_B : -22.841782
[setup in-reg] rst_ni -> _14762_/RESET_B : -22.841782
[setup in-reg] rst_ni -> _14763_/RESET_B : -22.841782
[setup in-reg] rst_ni -> _14764_/RESET_B : -22.841782
[setup in-reg] rst_ni -> _14765_/RESET_B : -22.841782
[setup in-reg] rst_ni -> _14766_/RESET_B : -22.841782
[setup in-reg] rst_ni -> _14767_/RESET_B : -22.841782
[setup in-reg] rst_ni -> _14768_/RESET_B : -22.841782
[setup in-reg] rst_ni -> _14769_/RESET_B : -22.841782
[setup in-reg] rst_ni -> _14770_/RESET_B : -22.841782
[setup in-reg] rst_ni -> _14771_/RESET_B : -22.841782
[setup in-reg] rst_ni -> _14772_/RESET_B : -22.841782
[setup in-reg] rst_ni -> _14773_/RESET_B : -22.841782
[setup in-reg] rst_ni -> _14774_/RESET_B : -22.841782
[setup in-reg] rst_ni -> _14775_/RESET_B : -22.841782
[setup in-reg] rst_ni -> _14776_/RESET_B : -22.841782
[setup in-reg] rst_ni -> _14777_/RESET_B : -22.841782
[setup in-reg] rst_ni -> _14778_/RESET_B : -22.841782
[setup in-reg] rst_ni -> _14779_/RESET_B : -22.841782
[setup in-reg] rst_ni -> _14780_/RESET_B : -22.841782
[setup in-reg] rst_ni -> _14781_/RESET_B : -22.841782
[setup in-reg] rst_ni -> _14782_/RESET_B : -22.841782
[setup in-reg] rst_ni -> _14783_/RESET_B : -22.841782
[setup in-reg] rst_ni -> _14784_/RESET_B : -22.841782
[setup in-reg] rst_ni -> _14785_/RESET_B : -22.841782
[setup in-reg] rst_ni -> _14786_/RESET_B : -22.841782
[setup in-reg] rst_ni -> _14787_/RESET_B : -22.841782
[setup in-reg] rst_ni -> _14788_/RESET_B : -22.841782
[setup in-reg] rst_ni -> _14789_/RESET_B : -22.841782
[setup in-reg] rst_ni -> _14790_/RESET_B : -22.841782
[setup in-reg] rst_ni -> _14791_/RESET_B : -22.841782
[setup in-reg] rst_ni -> _14792_/RESET_B : -22.841782
[setup in-reg] rst_ni -> _14793_/RESET_B : -22.841782
[setup in-reg] rst_ni -> _14794_/RESET_B : -22.841782
[setup in-reg] rst_ni -> _14795_/RESET_B : -22.841782
[setup in-reg] rst_ni -> _14796_/RESET_B : -22.841782
[setup in-reg] rst_ni -> _14797_/RESET_B : -22.841782
[setup in-reg] rst_ni -> _14798_/RESET_B : -22.841782
[setup in-reg] rst_ni -> _14799_/RESET_B : -22.841782
[setup in-reg] rst_ni -> _14800_/RESET_B : -22.841782
[setup in-reg] rst_ni -> _14801_/RESET_B : -22.841782
[setup in-reg] rst_ni -> _14802_/RESET_B : -22.841782
[setup in-reg] rst_ni -> _14803_/RESET_B : -22.841782
[setup in-reg] rst_ni -> _14804_/RESET_B : -22.841782
[setup in-reg] rst_ni -> _14805_/RESET_B : -22.841782
[setup in-reg] rst_ni -> _14806_/RESET_B : -22.841782
[setup in-reg] rst_ni -> _14807_/RESET_B : -22.841782
[setup in-reg] rst_ni -> _14808_/RESET_B : -22.841782
[setup in-reg] rst_ni -> _14809_/RESET_B : -22.841782
[setup in-reg] rst_ni -> _14810_/RESET_B : -22.841782
[setup in-reg] rst_ni -> _14811_/RESET_B : -22.841782
[setup in-reg] rst_ni -> _14812_/RESET_B : -22.841782
[setup in-reg] rst_ni -> _14813_/RESET_B : -22.841782
[setup in-reg] rst_ni -> _14814_/RESET_B : -22.841782
[setup in-reg] rst_ni -> _14815_/RESET_B : -22.841782
[setup in-reg] rst_ni -> _14816_/RESET_B : -22.841782
[setup in-reg] rst_ni -> _14817_/RESET_B : -22.841782
[setup in-reg] rst_ni -> _14818_/RESET_B : -22.841782
[setup in-reg] rst_ni -> _14819_/RESET_B : -22.841782
[setup in-reg] rst_ni -> _14820_/RESET_B : -22.841782
[setup in-reg] rst_ni -> _14821_/RESET_B : -22.841782
[setup in-reg] rst_ni -> _14822_/RESET_B : -22.841782
[setup in-reg] rst_ni -> _14823_/RESET_B : -22.841782
[setup in-reg] rst_ni -> _14824_/RESET_B : -22.841782
[setup in-reg] rst_ni -> _14825_/RESET_B : -22.841782
[setup in-reg] rst_ni -> _14826_/RESET_B : -22.841782
[setup in-reg] rst_ni -> _14827_/RESET_B : -22.841782
[setup in-reg] rst_ni -> _14828_/RESET_B : -22.841782
[setup in-reg] rst_ni -> _14829_/RESET_B : -22.841782
[setup in-reg] rst_ni -> _14830_/RESET_B : -22.841782
[setup in-reg] rst_ni -> _14831_/RESET_B : -22.841782
[setup in-reg] rst_ni -> _14832_/RESET_B : -22.841782
[setup in-reg] rst_ni -> _14833_/RESET_B : -22.841782
[setup in-reg] rst_ni -> _14834_/RESET_B : -22.841782
[setup in-reg] rst_ni -> _14835_/RESET_B : -22.841782
[setup in-reg] rst_ni -> _14836_/RESET_B : -22.841782
[setup in-reg] rst_ni -> _14837_/RESET_B : -22.841782
[setup in-reg] rst_ni -> _14838_/RESET_B : -22.841782
[setup in-reg] rst_ni -> _14839_/RESET_B : -22.841782
[setup in-reg] rst_ni -> _14840_/RESET_B : -22.841782
[setup in-reg] rst_ni -> _14841_/RESET_B : -22.841782
[setup in-reg] rst_ni -> _14842_/RESET_B : -22.841782
[setup in-reg] rst_ni -> _14843_/RESET_B : -22.841782
[setup in-reg] rst_ni -> _14844_/RESET_B : -22.841782
[setup in-reg] rst_ni -> _14845_/RESET_B : -22.841782
[setup in-reg] rst_ni -> _14846_/RESET_B : -22.841782
[setup in-reg] rst_ni -> _14847_/RESET_B : -22.841782
[setup in-reg] rst_ni -> _14848_/RESET_B : -22.841782
[setup in-reg] rst_ni -> _14849_/RESET_B : -22.841782
[setup in-reg] rst_ni -> _14850_/RESET_B : -22.841782
[setup in-reg] rst_ni -> _14851_/RESET_B : -22.841782
[setup in-reg] rst_ni -> _14852_/RESET_B : -22.841782
[setup in-reg] rst_ni -> _14853_/RESET_B : -22.841782
[setup in-reg] rst_ni -> _14854_/RESET_B : -22.841782
[setup in-reg] rst_ni -> _14855_/RESET_B : -22.841782
[setup in-reg] rst_ni -> _14856_/RESET_B : -22.841782
[setup in-reg] rst_ni -> _14857_/RESET_B : -22.841782
[setup in-reg] rst_ni -> _14858_/RESET_B : -22.841782
[setup in-reg] rst_ni -> _14859_/RESET_B : -22.841782
[setup in-reg] rst_ni -> _14861_/RESET_B : -22.841782
[setup in-reg] rst_ni -> _14862_/RESET_B : -22.841782
[setup in-reg] rst_ni -> _14863_/RESET_B : -22.841782
[setup in-reg] rst_ni -> _14864_/RESET_B : -22.841782
[setup in-reg] rst_ni -> _14865_/RESET_B : -22.841782
[setup in-reg] rst_ni -> _14866_/RESET_B : -22.841782
[setup in-reg] rst_ni -> _14867_/RESET_B : -22.841782
[setup in-reg] rst_ni -> _14868_/RESET_B : -22.841782
[setup in-reg] rst_ni -> _14869_/RESET_B : -22.841782
[setup in-reg] rst_ni -> _14870_/RESET_B : -22.841782
[setup in-reg] rst_ni -> _14871_/RESET_B : -22.841782
[setup in-reg] rst_ni -> _14872_/RESET_B : -22.841782
[setup in-reg] rst_ni -> _14873_/RESET_B : -22.841782
[setup in-reg] rst_ni -> _14874_/RESET_B : -22.841782
[setup in-reg] rst_ni -> _14875_/RESET_B : -22.841782
[setup in-reg] rst_ni -> _14876_/RESET_B : -22.841782
[setup in-reg] rst_ni -> _14877_/RESET_B : -22.841782
[setup in-reg] rst_ni -> _14878_/RESET_B : -22.841782
[setup in-reg] rst_ni -> _14879_/RESET_B : -22.841782
[setup in-reg] rst_ni -> _14880_/RESET_B : -22.841782
[setup in-reg] rst_ni -> _14881_/RESET_B : -22.841782
[setup in-reg] rst_ni -> _14882_/RESET_B : -22.841782
[setup in-reg] rst_ni -> _14883_/RESET_B : -22.841782
[setup in-reg] rst_ni -> _14884_/RESET_B : -22.841782
[setup in-reg] rst_ni -> _14885_/RESET_B : -22.841782
[setup in-reg] rst_ni -> _14886_/RESET_B : -22.841782
[setup in-reg] rst_ni -> _14887_/RESET_B : -22.841782
[setup in-reg] rst_ni -> _14888_/RESET_B : -22.841782
[setup in-reg] rst_ni -> _14889_/RESET_B : -22.841782
[setup in-reg] rst_ni -> _14890_/RESET_B : -22.841782
[setup in-reg] rst_ni -> _14891_/RESET_B : -22.841782
[setup in-reg] rst_ni -> _14892_/RESET_B : -22.841782
[setup in-reg] rst_ni -> _14893_/RESET_B : -22.841782
[setup in-reg] rst_ni -> _14894_/RESET_B : -22.841782
[setup in-reg] rst_ni -> _14895_/RESET_B : -22.841782
[setup in-reg] rst_ni -> _14896_/RESET_B : -22.841782
[setup in-reg] rst_ni -> _14897_/RESET_B : -22.841782
[setup in-reg] rst_ni -> _14898_/RESET_B : -22.841782
[setup in-reg] rst_ni -> _14899_/RESET_B : -22.841782
[setup in-reg] rst_ni -> _14900_/RESET_B : -22.841782
[setup in-reg] rst_ni -> _14901_/RESET_B : -22.841782
[setup in-reg] rst_ni -> _14902_/RESET_B : -22.841782
[setup in-reg] rst_ni -> _14903_/RESET_B : -22.841782
[setup in-reg] rst_ni -> _14904_/RESET_B : -22.841782
[setup in-reg] rst_ni -> _14905_/RESET_B : -22.841782
[setup in-reg] rst_ni -> _14906_/RESET_B : -22.841782
[setup in-reg] rst_ni -> _14907_/RESET_B : -22.841782
[setup in-reg] rst_ni -> _14908_/RESET_B : -22.841782
[setup in-reg] rst_ni -> _14909_/RESET_B : -22.841782
[setup in-reg] rst_ni -> _14910_/RESET_B : -22.841782
[setup in-reg] rst_ni -> _14911_/RESET_B : -22.841782
[setup in-reg] rst_ni -> _14912_/RESET_B : -22.841782
[setup in-reg] rst_ni -> _14913_/RESET_B : -22.841782
[setup in-reg] rst_ni -> _14914_/RESET_B : -22.841782
[setup in-reg] rst_ni -> _14915_/RESET_B : -22.841782
[setup in-reg] rst_ni -> _14916_/RESET_B : -22.841782
[setup in-reg] rst_ni -> _14917_/RESET_B : -22.841782
[setup in-reg] rst_ni -> _14918_/RESET_B : -22.841782
[setup in-reg] rst_ni -> _14919_/RESET_B : -22.841782
[setup in-reg] rst_ni -> _14920_/RESET_B : -22.841782
[setup in-reg] rst_ni -> _14921_/RESET_B : -22.841782
[setup in-reg] rst_ni -> _14922_/RESET_B : -22.841782
[setup in-reg] rst_ni -> _14923_/RESET_B : -22.841782
[setup in-reg] rst_ni -> _14924_/RESET_B : -22.841782
[setup in-reg] rst_ni -> _14925_/RESET_B : -22.841782
[setup in-reg] rst_ni -> _14926_/RESET_B : -22.841782
[setup in-reg] rst_ni -> _14927_/RESET_B : -22.841782
[setup in-reg] rst_ni -> _14928_/RESET_B : -22.841782
[setup in-reg] rst_ni -> _14929_/RESET_B : -22.841782
[setup in-reg] rst_ni -> _14930_/RESET_B : -22.841782
[setup in-reg] rst_ni -> _14931_/RESET_B : -22.841782
[setup in-reg] rst_ni -> _14932_/RESET_B : -22.841782
[setup in-reg] rst_ni -> _14933_/RESET_B : -22.841782
[setup in-reg] rst_ni -> _14934_/RESET_B : -22.841782
[setup in-reg] rst_ni -> _14935_/RESET_B : -22.841782
[setup in-reg] rst_ni -> _14936_/RESET_B : -22.841782
[setup in-reg] rst_ni -> _14937_/RESET_B : -22.841782
[setup in-reg] rst_ni -> _14938_/RESET_B : -22.841782
[setup in-reg] rst_ni -> _14939_/RESET_B : -22.841782
[setup in-reg] rst_ni -> _14940_/RESET_B : -22.841782
[setup in-reg] rst_ni -> _14941_/RESET_B : -22.841782
[setup in-reg] rst_ni -> _14942_/RESET_B : -22.841782
[setup in-reg] rst_ni -> _14943_/RESET_B : -22.841782
[setup in-reg] rst_ni -> _14944_/RESET_B : -22.841782
[setup in-reg] rst_ni -> _14945_/RESET_B : -22.841782
[setup in-reg] rst_ni -> _14946_/RESET_B : -22.841782
[setup in-reg] rst_ni -> _14947_/RESET_B : -22.841782
[setup in-reg] rst_ni -> _14948_/RESET_B : -22.841782
[setup in-reg] rst_ni -> _14949_/RESET_B : -22.841782
[setup in-reg] rst_ni -> _14950_/RESET_B : -22.841782
[setup in-reg] rst_ni -> _14951_/RESET_B : -22.841782
[setup in-reg] rst_ni -> _14952_/RESET_B : -22.841782
[setup in-reg] rst_ni -> _14953_/RESET_B : -22.841782
[setup in-reg] rst_ni -> _14954_/RESET_B : -22.841782
[setup in-reg] rst_ni -> _14955_/RESET_B : -22.841782
[setup in-reg] rst_ni -> _14956_/RESET_B : -22.841782
[setup in-reg] rst_ni -> _14957_/RESET_B : -22.841782
[setup in-reg] rst_ni -> _14958_/RESET_B : -22.841782
[setup in-reg] rst_ni -> _14959_/RESET_B : -22.841782
[setup in-reg] rst_ni -> _14960_/RESET_B : -22.841782
[setup in-reg] rst_ni -> _14961_/RESET_B : -22.841782
[setup in-reg] rst_ni -> _14962_/RESET_B : -22.841782
[setup in-reg] rst_ni -> _14963_/RESET_B : -22.841782
[setup in-reg] rst_ni -> _14964_/RESET_B : -22.841782
[setup in-reg] rst_ni -> _14965_/RESET_B : -22.841782
[setup in-reg] rst_ni -> _14966_/RESET_B : -22.841782
[setup in-reg] rst_ni -> _14967_/RESET_B : -22.841782
[setup in-reg] rst_ni -> _14968_/RESET_B : -22.841782
[setup in-reg] rst_ni -> _14969_/RESET_B : -22.841782
[setup in-reg] rst_ni -> _14970_/RESET_B : -22.841782
[setup in-reg] rst_ni -> _14971_/RESET_B : -22.841782
[setup in-reg] rst_ni -> _14972_/RESET_B : -22.841782
[setup in-reg] rst_ni -> _14973_/RESET_B : -22.841782
[setup in-reg] rst_ni -> _14974_/RESET_B : -22.841782
[setup in-reg] rst_ni -> _14975_/RESET_B : -22.841782
[setup in-reg] rst_ni -> _14976_/RESET_B : -22.841782
[setup in-reg] rst_ni -> _14977_/RESET_B : -22.841782
[setup in-reg] rst_ni -> _14978_/RESET_B : -22.841782
[setup in-reg] rst_ni -> _14979_/RESET_B : -22.841782
[setup in-reg] rst_ni -> _14980_/RESET_B : -22.841782
[setup in-reg] rst_ni -> _14981_/RESET_B : -22.841782
[setup in-reg] rst_ni -> _14982_/RESET_B : -22.841782
[setup in-reg] rst_ni -> _14983_/RESET_B : -22.841782
[setup in-reg] rst_ni -> _14984_/RESET_B : -22.841782
[setup in-reg] rst_ni -> _14985_/RESET_B : -22.841782
[setup in-reg] rst_ni -> _14986_/RESET_B : -22.841782
[setup in-reg] rst_ni -> _14987_/RESET_B : -22.841782
[setup in-reg] rst_ni -> _14988_/RESET_B : -22.841782
[setup in-reg] rst_ni -> _14989_/RESET_B : -22.841782
[setup in-reg] rst_ni -> _14990_/RESET_B : -22.841782
[setup in-reg] rst_ni -> _14991_/RESET_B : -22.841782
[setup in-reg] rst_ni -> _14992_/RESET_B : -22.841782
[setup in-reg] rst_ni -> _14993_/RESET_B : -22.841782
[setup in-reg] rst_ni -> _14994_/RESET_B : -22.841782
[setup in-reg] rst_ni -> _14995_/RESET_B : -22.841782
[setup in-reg] rst_ni -> _14996_/RESET_B : -22.841782
[setup in-reg] rst_ni -> _14997_/RESET_B : -22.841782
[setup in-reg] rst_ni -> _14998_/RESET_B : -22.841782
[setup in-reg] rst_ni -> _14999_/RESET_B : -22.841782
[setup in-reg] rst_ni -> _15000_/RESET_B : -22.841782
[setup in-reg] rst_ni -> _15001_/RESET_B : -22.841782
[setup in-reg] rst_ni -> _15002_/RESET_B : -22.841782
[setup in-reg] rst_ni -> _15003_/RESET_B : -22.841782
[setup in-reg] rst_ni -> _15004_/RESET_B : -22.841782
[setup in-reg] rst_ni -> _15005_/RESET_B : -22.841782
[setup in-reg] rst_ni -> _15006_/RESET_B : -22.841782
[setup in-reg] rst_ni -> _15007_/RESET_B : -22.841782
[setup in-reg] rst_ni -> _15008_/RESET_B : -22.841782
[setup in-reg] rst_ni -> _15009_/RESET_B : -22.841782
[setup in-reg] rst_ni -> _15010_/RESET_B : -22.841782
[setup in-reg] rst_ni -> _15011_/RESET_B : -22.841782
[setup in-reg] rst_ni -> _15012_/RESET_B : -22.841782
[setup in-reg] rst_ni -> _15013_/RESET_B : -22.841782
[setup in-reg] rst_ni -> _15014_/RESET_B : -22.841782
[setup in-reg] rst_ni -> _15015_/RESET_B : -22.841782
[setup in-reg] rst_ni -> _15016_/RESET_B : -22.841782
[setup in-reg] rst_ni -> _15017_/RESET_B : -22.841782
[setup in-reg] rst_ni -> _15018_/RESET_B : -22.841782
[setup in-reg] rst_ni -> _15019_/RESET_B : -22.841782
[setup in-reg] rst_ni -> _15020_/RESET_B : -22.841782
[setup in-reg] rst_ni -> _15021_/RESET_B : -22.841782
[setup in-reg] rst_ni -> _15022_/RESET_B : -22.841782
[setup in-reg] rst_ni -> _15023_/RESET_B : -22.841782
[setup in-reg] rst_ni -> _15024_/RESET_B : -22.841782
[setup in-reg] rst_ni -> _15025_/RESET_B : -22.841782
[setup in-reg] rst_ni -> _15026_/RESET_B : -22.841782
[setup in-reg] rst_ni -> _15027_/RESET_B : -22.841782
[setup in-reg] rst_ni -> _15028_/RESET_B : -22.841782
[setup in-reg] rst_ni -> _15029_/RESET_B : -22.841782
[setup in-reg] rst_ni -> _15030_/RESET_B : -22.841782
[setup in-reg] rst_ni -> _15031_/RESET_B : -22.841782
[setup in-reg] rst_ni -> _15032_/RESET_B : -22.841782
[setup in-reg] rst_ni -> _15033_/RESET_B : -22.841782
[setup in-reg] rst_ni -> _15034_/RESET_B : -22.841782
[setup in-reg] rst_ni -> _15035_/RESET_B : -22.841782
[setup in-reg] rst_ni -> _15036_/RESET_B : -22.841782
[setup in-reg] rst_ni -> _15037_/RESET_B : -22.841782
[setup in-reg] rst_ni -> _15038_/RESET_B : -22.841782
[setup in-reg] rst_ni -> _15039_/RESET_B : -22.841782
[setup in-reg] rst_ni -> _15040_/RESET_B : -22.841782
[setup in-reg] rst_ni -> _15041_/RESET_B : -22.841782
[setup in-reg] rst_ni -> _15042_/RESET_B : -22.841782
[setup in-reg] rst_ni -> _15043_/RESET_B : -22.841782
[setup in-reg] rst_ni -> _15044_/RESET_B : -22.841782
[setup in-reg] rst_ni -> _15045_/RESET_B : -22.841782
[setup in-reg] rst_ni -> _15046_/RESET_B : -22.841782
[setup in-reg] rst_ni -> _15047_/RESET_B : -22.841782
[setup in-reg] rst_ni -> _15048_/RESET_B : -22.841782
[setup in-reg] rst_ni -> _15049_/RESET_B : -22.841782
[setup in-reg] rst_ni -> _15050_/RESET_B : -22.841782
[setup in-reg] rst_ni -> _15051_/RESET_B : -22.841782
[setup in-reg] rst_ni -> _15052_/RESET_B : -22.841782
[setup in-reg] rst_ni -> _15053_/RESET_B : -22.841782
[setup in-reg] rst_ni -> _15054_/RESET_B : -22.841782
[setup in-reg] rst_ni -> _15055_/RESET_B : -22.841782
[setup in-reg] rst_ni -> _15056_/RESET_B : -22.841782
[setup in-reg] rst_ni -> _15057_/RESET_B : -22.841782
[setup in-reg] rst_ni -> _15058_/RESET_B : -22.841782
[setup in-reg] rst_ni -> _15059_/RESET_B : -22.841782
[setup in-reg] rst_ni -> _15060_/RESET_B : -22.841782
[setup in-reg] rst_ni -> _15061_/RESET_B : -22.841782
[setup in-reg] rst_ni -> _15062_/RESET_B : -22.841782
[setup in-reg] rst_ni -> _15063_/RESET_B : -22.841782
[setup in-reg] rst_ni -> _15064_/RESET_B : -22.841782
[setup in-reg] rst_ni -> _15065_/RESET_B : -22.841782
[setup in-reg] rst_ni -> _15066_/RESET_B : -22.841782
[setup in-reg] rst_ni -> _15067_/RESET_B : -22.841782
[setup in-reg] rst_ni -> _15068_/RESET_B : -22.841782
[setup in-reg] rst_ni -> _15069_/RESET_B : -22.841782
[setup in-reg] rst_ni -> _15070_/RESET_B : -22.841782
[setup in-reg] rst_ni -> _15071_/RESET_B : -22.841782
[setup in-reg] rst_ni -> _15072_/RESET_B : -22.841782
[setup in-reg] rst_ni -> _15073_/RESET_B : -22.841782
[setup in-reg] rst_ni -> _15074_/RESET_B : -22.841782
[setup in-reg] rst_ni -> _15075_/RESET_B : -22.841782
[setup in-reg] rst_ni -> _15076_/RESET_B : -22.841782
[setup in-reg] rst_ni -> _15077_/RESET_B : -22.841782
[setup in-reg] rst_ni -> _15078_/RESET_B : -22.841782
[setup in-reg] rst_ni -> _15079_/RESET_B : -22.841782
[setup in-reg] rst_ni -> _15080_/RESET_B : -22.841782
[setup in-reg] rst_ni -> _15081_/RESET_B : -22.841782
[setup in-reg] rst_ni -> _15082_/RESET_B : -22.841782
[setup in-reg] rst_ni -> _15083_/RESET_B : -22.841782
[setup in-reg] rst_ni -> _15084_/RESET_B : -22.841782
[setup in-reg] rst_ni -> _15085_/RESET_B : -22.841782
[setup in-reg] rst_ni -> _15086_/RESET_B : -22.841782
[setup in-reg] rst_ni -> _15087_/RESET_B : -22.841782
[setup in-reg] rst_ni -> _15088_/RESET_B : -22.841782
[setup in-reg] rst_ni -> _15089_/RESET_B : -22.841782
[setup in-reg] rst_ni -> _15090_/RESET_B : -22.841782
[setup in-reg] rst_ni -> _15091_/RESET_B : -22.841782
[setup in-reg] rst_ni -> _15092_/RESET_B : -22.841782
[setup in-reg] rst_ni -> _15093_/RESET_B : -22.841782
[setup in-reg] rst_ni -> _15094_/RESET_B : -22.841782
[setup in-reg] rst_ni -> _15095_/RESET_B : -22.841782
[setup in-reg] rst_ni -> _15096_/RESET_B : -22.841782
[setup in-reg] rst_ni -> _15097_/RESET_B : -22.841782
[setup in-reg] rst_ni -> _15098_/RESET_B : -22.841782
[setup in-reg] rst_ni -> _15099_/RESET_B : -22.841782
[setup in-reg] rst_ni -> _15100_/RESET_B : -22.841782
[setup in-reg] rst_ni -> _15101_/RESET_B : -22.841782
[setup in-reg] rst_ni -> _15102_/RESET_B : -22.841782
[setup in-reg] rst_ni -> _15103_/RESET_B : -22.841782
[setup in-reg] rst_ni -> _15104_/RESET_B : -22.841782
[setup in-reg] rst_ni -> _15105_/RESET_B : -22.841782
[setup in-reg] rst_ni -> _15106_/RESET_B : -22.841782
[setup in-reg] rst_ni -> _15107_/RESET_B : -22.841782
[setup in-reg] rst_ni -> _15108_/RESET_B : -22.841782
[setup in-reg] rst_ni -> _15109_/RESET_B : -22.841782
[setup in-reg] rst_ni -> _15110_/RESET_B : -22.841782
[setup in-reg] rst_ni -> _15111_/RESET_B : -22.841782
[setup in-reg] rst_ni -> _15112_/RESET_B : -22.841782
[setup in-reg] rst_ni -> _15113_/RESET_B : -22.841782
[setup in-reg] rst_ni -> _15114_/RESET_B : -22.841782
[setup in-reg] rst_ni -> _15115_/RESET_B : -22.841782
[setup in-reg] rst_ni -> _15116_/RESET_B : -22.841782
[setup in-reg] rst_ni -> _15117_/RESET_B : -22.841782
[setup in-reg] rst_ni -> _15118_/RESET_B : -22.841782
[setup in-reg] rst_ni -> _15119_/RESET_B : -22.841782
[setup in-reg] rst_ni -> _15120_/RESET_B : -22.841782
[setup in-reg] rst_ni -> _15121_/RESET_B : -22.841782
[setup in-reg] rst_ni -> _15122_/RESET_B : -22.841782
[setup in-reg] rst_ni -> _15123_/RESET_B : -22.841782
[setup in-reg] rst_ni -> _15124_/RESET_B : -22.841782
[setup in-reg] rst_ni -> _15125_/RESET_B : -22.841782
[setup in-reg] rst_ni -> _15126_/RESET_B : -22.841782
[setup in-reg] rst_ni -> _15127_/RESET_B : -22.841782
[setup in-reg] rst_ni -> _15128_/RESET_B : -22.841782
[setup in-reg] rst_ni -> _15129_/RESET_B : -22.841782
[setup in-reg] rst_ni -> _15130_/RESET_B : -22.841782
[setup in-reg] rst_ni -> _15131_/RESET_B : -22.841782
[setup in-reg] rst_ni -> _15132_/RESET_B : -22.841782
[setup in-reg] rst_ni -> _15133_/RESET_B : -22.841782
[setup in-reg] rst_ni -> _15134_/RESET_B : -22.841782
[setup in-reg] rst_ni -> _15135_/RESET_B : -22.841782
[setup in-reg] rst_ni -> _15136_/RESET_B : -22.841782
[setup in-reg] rst_ni -> _15137_/RESET_B : -22.841782
[setup in-reg] rst_ni -> _15138_/RESET_B : -22.841782
[setup in-reg] rst_ni -> _15139_/RESET_B : -22.841782
[setup in-reg] rst_ni -> _15140_/RESET_B : -22.841782
[setup in-reg] rst_ni -> _15141_/RESET_B : -22.841782
[setup in-reg] rst_ni -> _15142_/RESET_B : -22.841782
[setup in-reg] rst_ni -> _15143_/RESET_B : -22.841782
[setup in-reg] rst_ni -> _15144_/RESET_B : -22.841782
[setup in-reg] rst_ni -> _15145_/RESET_B : -22.841782
[setup in-reg] rst_ni -> _15146_/RESET_B : -22.841782
[setup in-reg] rst_ni -> _15147_/RESET_B : -22.841782
[setup in-reg] rst_ni -> _15148_/RESET_B : -22.841782
[setup in-reg] rst_ni -> _15149_/RESET_B : -22.841782
[setup in-reg] rst_ni -> _15150_/RESET_B : -22.841782
[setup in-reg] rst_ni -> _15151_/RESET_B : -22.841782
[setup in-reg] rst_ni -> _15152_/RESET_B : -22.841782
[setup in-reg] rst_ni -> _15153_/RESET_B : -22.841782
[setup in-reg] rst_ni -> _15154_/RESET_B : -22.841782
[setup in-reg] rst_ni -> _15155_/RESET_B : -22.841782
[setup in-reg] rst_ni -> _15156_/RESET_B : -22.841782
[setup in-reg] rst_ni -> _15157_/RESET_B : -22.841782
[setup in-reg] rst_ni -> _15158_/RESET_B : -22.841782
[setup in-reg] rst_ni -> _15159_/RESET_B : -22.841782
[setup in-reg] rst_ni -> _15160_/RESET_B : -22.841782
[setup in-reg] rst_ni -> _15161_/RESET_B : -22.841782
[setup in-reg] rst_ni -> _15162_/RESET_B : -22.841782
[setup in-reg] rst_ni -> _15163_/RESET_B : -22.841782
[setup in-reg] rst_ni -> _15164_/RESET_B : -22.841782
[setup in-reg] rst_ni -> _15165_/RESET_B : -22.841782
[setup in-reg] rst_ni -> _15166_/RESET_B : -22.841782
[setup in-reg] rst_ni -> _15167_/RESET_B : -22.841782
[setup in-reg] rst_ni -> _15168_/RESET_B : -22.841782
[setup in-reg] rst_ni -> _15169_/RESET_B : -22.841782
[setup in-reg] rst_ni -> _15170_/RESET_B : -22.841782
[setup in-reg] rst_ni -> _15171_/RESET_B : -22.841782
[setup in-reg] rst_ni -> _15172_/RESET_B : -22.841782
[setup in-reg] rst_ni -> _15173_/RESET_B : -22.841782
[setup in-reg] rst_ni -> _15174_/RESET_B : -22.841782
[setup in-reg] rst_ni -> _15175_/RESET_B : -22.841782
[setup in-reg] rst_ni -> _15176_/RESET_B : -22.841782
[setup in-reg] rst_ni -> _15177_/RESET_B : -22.841782
[setup in-reg] rst_ni -> _15178_/RESET_B : -22.841782
[setup in-reg] rst_ni -> _15179_/RESET_B : -22.841782
[setup in-reg] rst_ni -> _15180_/RESET_B : -22.841782
[setup in-reg] rst_ni -> _15181_/RESET_B : -22.841782
[setup in-reg] rst_ni -> _15182_/RESET_B : -22.841782
[setup in-reg] rst_ni -> _15183_/RESET_B : -22.841782
[setup in-reg] rst_ni -> _15184_/RESET_B : -22.841782
[setup in-reg] rst_ni -> _15185_/RESET_B : -22.841782
[setup in-reg] rst_ni -> _15186_/RESET_B : -22.841782
[setup in-reg] rst_ni -> _15187_/RESET_B : -22.841782
[setup in-reg] rst_ni -> _15188_/RESET_B : -22.841782
[setup in-reg] rst_ni -> _15189_/RESET_B : -22.841782
[setup in-reg] rst_ni -> _15190_/RESET_B : -22.841782
[setup in-reg] rst_ni -> _15191_/RESET_B : -22.841782
[setup in-reg] rst_ni -> _15192_/RESET_B : -22.841782
[setup in-reg] rst_ni -> _15193_/RESET_B : -22.841782
[setup in-reg] rst_ni -> _15194_/RESET_B : -22.841782
[setup in-reg] rst_ni -> _15195_/RESET_B : -22.841782
[setup in-reg] rst_ni -> _15196_/RESET_B : -22.841782
[setup in-reg] rst_ni -> _15197_/RESET_B : -22.841782
[setup in-reg] rst_ni -> _15198_/RESET_B : -22.841782
[setup in-reg] rst_ni -> _15199_/RESET_B : -22.841782
[setup in-reg] rst_ni -> _15200_/RESET_B : -22.841782
[setup in-reg] rst_ni -> _15201_/RESET_B : -22.841782
[setup in-reg] rst_ni -> _15202_/RESET_B : -22.841782
[setup in-reg] rst_ni -> _15203_/RESET_B : -22.841782
[setup in-reg] rst_ni -> _15204_/RESET_B : -22.841782
[setup in-reg] rst_ni -> _15205_/RESET_B : -22.841782
[setup in-reg] rst_ni -> _15206_/RESET_B : -22.841782
[setup in-reg] rst_ni -> _15207_/RESET_B : -22.841782
[setup in-reg] rst_ni -> _15208_/RESET_B : -22.841782
[setup in-reg] rst_ni -> _15209_/RESET_B : -22.841782
[setup in-reg] rst_ni -> _15210_/RESET_B : -22.841782
[setup in-reg] rst_ni -> _15211_/RESET_B : -22.841782
[setup in-reg] rst_ni -> _15212_/RESET_B : -22.841782
[setup in-reg] rst_ni -> _15213_/RESET_B : -22.841782
[setup in-reg] rst_ni -> _15214_/RESET_B : -22.841782
[setup in-reg] rst_ni -> _15215_/RESET_B : -22.841782
[setup in-reg] rst_ni -> _15216_/RESET_B : -22.841782
[setup in-reg] rst_ni -> _15217_/RESET_B : -22.841782
[setup in-reg] rst_ni -> _15218_/RESET_B : -22.841782
[setup in-reg] rst_ni -> _15219_/RESET_B : -22.841782
[setup in-reg] rst_ni -> _15220_/RESET_B : -22.841782
[setup in-reg] rst_ni -> _15221_/RESET_B : -22.841782
[setup in-reg] rst_ni -> _15222_/RESET_B : -22.841782
[setup in-reg] rst_ni -> _15223_/RESET_B : -22.841782
[setup in-reg] rst_ni -> _15224_/RESET_B : -22.841782
[setup in-reg] rst_ni -> _15225_/RESET_B : -22.841782
[setup in-reg] rst_ni -> _15226_/RESET_B : -22.841782
[setup in-reg] rst_ni -> _15227_/RESET_B : -22.841782
[setup in-reg] rst_ni -> _15228_/RESET_B : -22.841782
[setup in-reg] rst_ni -> _15229_/RESET_B : -22.841782
[setup in-reg] rst_ni -> _15230_/RESET_B : -22.841782
[setup in-reg] rst_ni -> _15231_/RESET_B : -22.841782
[setup in-reg] rst_ni -> _15232_/RESET_B : -22.841782
[setup in-reg] rst_ni -> _15233_/RESET_B : -22.841782
[setup in-reg] rst_ni -> _15234_/RESET_B : -22.841782
[setup in-reg] rst_ni -> _15235_/RESET_B : -22.841782
[setup in-reg] rst_ni -> _15236_/RESET_B : -22.841782
[setup in-reg] rst_ni -> _15237_/RESET_B : -22.841782
[setup in-reg] rst_ni -> _15238_/RESET_B : -22.841782
[setup in-reg] rst_ni -> _15239_/RESET_B : -22.841782
[setup in-reg] rst_ni -> _15240_/RESET_B : -22.841782
[setup in-reg] rst_ni -> _15241_/RESET_B : -22.841782
[setup in-reg] rst_ni -> _15242_/RESET_B : -22.841782
[setup in-reg] rst_ni -> _15243_/RESET_B : -22.841782
[setup in-reg] rst_ni -> _15244_/RESET_B : -22.841782
[setup in-reg] rst_ni -> _15245_/RESET_B : -22.841782
[setup in-reg] rst_ni -> _15246_/RESET_B : -22.841782
[setup in-reg] rst_ni -> _15247_/RESET_B : -22.841782
[setup in-reg] rst_ni -> _15248_/RESET_B : -22.841782
[setup in-reg] rst_ni -> _15249_/RESET_B : -22.841782
[setup in-reg] rst_ni -> _15250_/RESET_B : -22.841782
[setup in-reg] rst_ni -> _15251_/RESET_B : -22.841782
[setup in-reg] rst_ni -> _15252_/RESET_B : -22.841782
[setup in-reg] rst_ni -> _15253_/RESET_B : -22.841782
[setup in-reg] rst_ni -> _15254_/RESET_B : -22.841782
[setup in-reg] rst_ni -> _15255_/RESET_B : -22.841782
[setup in-reg] rst_ni -> _15256_/RESET_B : -22.841782
[setup in-reg] rst_ni -> _15257_/RESET_B : -22.841782
[setup in-reg] rst_ni -> _15258_/RESET_B : -22.841782
[setup in-reg] rst_ni -> _15259_/RESET_B : -22.841782
[setup in-reg] rst_ni -> _15260_/RESET_B : -22.841782
[setup in-reg] rst_ni -> _15261_/RESET_B : -22.841782
[setup in-reg] rst_ni -> _15262_/RESET_B : -22.841782
[setup in-reg] rst_ni -> _15263_/RESET_B : -22.841782
[setup in-reg] rst_ni -> _15264_/RESET_B : -22.841782
[setup in-reg] rst_ni -> _15265_/RESET_B : -22.841782
[setup in-reg] rst_ni -> _15266_/RESET_B : -22.841782
[setup in-reg] rst_ni -> _15267_/RESET_B : -22.841782
[setup in-reg] rst_ni -> _15268_/RESET_B : -22.841782
[setup in-reg] rst_ni -> _15269_/RESET_B : -22.841782
[setup in-reg] rst_ni -> _15270_/RESET_B : -22.841782
[setup in-reg] rst_ni -> _15271_/RESET_B : -22.841782
[setup in-reg] rst_ni -> _15272_/RESET_B : -22.841782
[setup in-reg] rst_ni -> _15273_/RESET_B : -22.841782
[setup in-reg] rst_ni -> _15274_/RESET_B : -22.841782
[setup in-reg] rst_ni -> _15275_/RESET_B : -22.841782
[setup in-reg] rst_ni -> _15276_/RESET_B : -22.841782
[setup in-reg] rst_ni -> _15277_/RESET_B : -22.841782
[setup in-reg] rst_ni -> _15278_/RESET_B : -22.841782
[setup in-reg] rst_ni -> _15279_/RESET_B : -22.841782
[setup in-reg] rst_ni -> _15280_/RESET_B : -22.841782
[setup in-reg] rst_ni -> _15281_/RESET_B : -22.841782
[setup in-reg] rst_ni -> _15282_/RESET_B : -22.841782
[setup in-reg] rst_ni -> _15283_/RESET_B : -22.841782
[setup in-reg] rst_ni -> _15284_/RESET_B : -22.841782
[setup in-reg] rst_ni -> _15285_/RESET_B : -22.841782
[setup in-reg] rst_ni -> _15286_/RESET_B : -22.841782
[setup in-reg] rst_ni -> _15287_/RESET_B : -22.841782
[setup in-reg] rst_ni -> _15288_/RESET_B : -22.841782
[setup in-reg] rst_ni -> _15289_/RESET_B : -22.841782
[setup in-reg] rst_ni -> _15290_/RESET_B : -22.841782
[setup in-reg] rst_ni -> _15291_/RESET_B : -22.841782
[setup in-reg] rst_ni -> _15292_/RESET_B : -22.841782
[setup in-reg] rst_ni -> _15293_/RESET_B : -22.841782
[setup in-reg] rst_ni -> _15294_/RESET_B : -22.841782
[setup in-reg] rst_ni -> _15295_/RESET_B : -22.841782
[setup in-reg] rst_ni -> _15296_/RESET_B : -22.841782
[setup in-reg] rst_ni -> _15297_/RESET_B : -22.841782
[setup in-reg] rst_ni -> _15298_/RESET_B : -22.841782
[setup in-reg] rst_ni -> _15299_/RESET_B : -22.841782
[setup in-reg] rst_ni -> _15300_/RESET_B : -22.841782
[setup in-reg] rst_ni -> _15301_/RESET_B : -22.841782
[setup in-reg] rst_ni -> _15302_/RESET_B : -22.841782
[setup in-reg] rst_ni -> _15303_/RESET_B : -22.841782
[setup in-reg] rst_ni -> _15304_/RESET_B : -22.841782
[setup in-reg] rst_ni -> _15305_/RESET_B : -22.841782
[setup in-reg] rst_ni -> _15306_/RESET_B : -22.841782
[setup in-reg] rst_ni -> _15307_/RESET_B : -22.841782
[setup in-reg] rst_ni -> _15308_/RESET_B : -22.841782
[setup in-reg] rst_ni -> _15309_/RESET_B : -22.841782
[setup in-reg] rst_ni -> _15310_/RESET_B : -22.841782
[setup in-reg] rst_ni -> _15311_/RESET_B : -22.841782
[setup in-reg] rst_ni -> _15312_/RESET_B : -22.841782
[setup in-reg] rst_ni -> _15313_/RESET_B : -22.841782
[setup in-reg] rst_ni -> _15314_/RESET_B : -22.841782
[setup in-reg] rst_ni -> _15315_/RESET_B : -22.841782
[setup in-reg] rst_ni -> _15316_/RESET_B : -22.841782
[setup in-reg] rst_ni -> _15317_/RESET_B : -22.841782
[setup in-reg] rst_ni -> _15318_/RESET_B : -22.841782
[setup in-reg] rst_ni -> _15319_/RESET_B : -22.841782
[setup in-reg] rst_ni -> _15320_/RESET_B : -22.841782
[setup in-reg] rst_ni -> _15321_/RESET_B : -22.841782
[setup in-reg] rst_ni -> _15322_/RESET_B : -22.841782
[setup in-reg] rst_ni -> _15323_/RESET_B : -22.841782
[setup in-reg] rst_ni -> _15324_/RESET_B : -22.841782
[setup in-reg] rst_ni -> _15325_/RESET_B : -22.841782
[setup in-reg] rst_ni -> _15326_/RESET_B : -22.841782
[setup in-reg] rst_ni -> _15327_/RESET_B : -22.841782
[setup in-reg] rst_ni -> _15328_/RESET_B : -22.841782
[setup in-reg] rst_ni -> _15329_/RESET_B : -22.841782
[setup in-reg] rst_ni -> _15330_/RESET_B : -22.841782
[setup in-reg] rst_ni -> _15331_/RESET_B : -22.841782
[setup in-reg] rst_ni -> _15332_/RESET_B : -22.841782
[setup in-reg] rst_ni -> _15333_/RESET_B : -22.841782
[setup in-reg] rst_ni -> _15334_/RESET_B : -22.841782
[setup in-reg] rst_ni -> _15335_/RESET_B : -22.841782
[setup in-reg] rst_ni -> _15336_/RESET_B : -22.841782
[setup in-reg] rst_ni -> _15337_/RESET_B : -22.841782
[setup in-reg] rst_ni -> _15338_/RESET_B : -22.841782
[setup in-reg] rst_ni -> _15339_/RESET_B : -22.841782
[setup in-reg] rst_ni -> _15340_/RESET_B : -22.841782
[setup in-reg] rst_ni -> _15341_/RESET_B : -22.841782
[setup in-reg] rst_ni -> _15342_/RESET_B : -22.841782
[setup in-reg] rst_ni -> _15343_/RESET_B : -22.841782
[setup in-reg] rst_ni -> _15344_/RESET_B : -22.841782
[setup in-reg] rst_ni -> _15345_/RESET_B : -22.841782
[setup in-reg] rst_ni -> _15346_/RESET_B : -22.841782
[setup in-reg] rst_ni -> _15347_/RESET_B : -22.841782
[setup in-reg] rst_ni -> _15348_/RESET_B : -22.841782
[setup in-reg] rst_ni -> _15349_/RESET_B : -22.841782
[setup in-reg] rst_ni -> _15350_/RESET_B : -22.841782
[setup in-reg] rst_ni -> _15351_/RESET_B : -22.841782
[setup in-reg] rst_ni -> _15352_/RESET_B : -22.841782
[setup in-reg] rst_ni -> _15353_/RESET_B : -22.841782
[setup in-reg] rst_ni -> _15354_/RESET_B : -22.841782
[setup in-reg] rst_ni -> _15355_/RESET_B : -22.841782
[setup in-reg] rst_ni -> _15356_/RESET_B : -22.841782
[setup in-reg] rst_ni -> _15357_/RESET_B : -22.841782
[setup in-reg] rst_ni -> _15358_/RESET_B : -22.841782
[setup in-reg] rst_ni -> _15359_/RESET_B : -22.841782
[setup in-reg] rst_ni -> _15360_/RESET_B : -22.841782
[setup in-reg] rst_ni -> _15361_/RESET_B : -22.841782
[setup in-reg] rst_ni -> _15362_/RESET_B : -22.841782
[setup in-reg] rst_ni -> _15363_/RESET_B : -22.841782
[setup in-reg] rst_ni -> _15364_/RESET_B : -22.841782
[setup in-reg] rst_ni -> _15365_/RESET_B : -22.841782
[setup in-reg] rst_ni -> _15366_/RESET_B : -22.841782
[setup in-reg] rst_ni -> _15367_/RESET_B : -22.841782
[setup in-reg] rst_ni -> _15368_/RESET_B : -22.841782
[setup in-reg] rst_ni -> _15369_/RESET_B : -22.841782
[setup in-reg] rst_ni -> _15370_/RESET_B : -22.841782
[setup in-reg] rst_ni -> _15371_/RESET_B : -22.841782
[setup in-reg] rst_ni -> _15372_/RESET_B : -22.841782
[setup in-reg] rst_ni -> _15373_/RESET_B : -22.841782
[setup in-reg] rst_ni -> _15374_/RESET_B : -22.841782
[setup in-reg] rst_ni -> _15375_/RESET_B : -22.841782
[setup in-reg] rst_ni -> _15376_/RESET_B : -22.841782
[setup in-reg] rst_ni -> _15377_/RESET_B : -22.841782
[setup in-reg] rst_ni -> _15378_/RESET_B : -22.841782
[setup in-reg] rst_ni -> _15379_/RESET_B : -22.841782
[setup in-reg] rst_ni -> _15380_/RESET_B : -22.841782
[setup in-reg] rst_ni -> _15381_/RESET_B : -22.841782
[setup in-reg] rst_ni -> _15382_/RESET_B : -22.841782
[setup in-reg] rst_ni -> _15383_/RESET_B : -22.841782
[setup in-reg] rst_ni -> _15384_/RESET_B : -22.841782
[setup in-reg] rst_ni -> _15385_/RESET_B : -22.841782
[setup in-reg] rst_ni -> _15386_/RESET_B : -22.841782
[setup in-reg] rst_ni -> _15387_/RESET_B : -22.841782
[setup in-reg] rst_ni -> _15388_/RESET_B : -22.841782
[setup in-reg] rst_ni -> _15389_/RESET_B : -22.841782
[setup in-reg] rst_ni -> _15390_/RESET_B : -22.841782
[setup in-reg] rst_ni -> _15391_/RESET_B : -22.841782
[setup in-reg] rst_ni -> _15392_/RESET_B : -22.841782
[setup in-reg] rst_ni -> _15393_/RESET_B : -22.841782
[setup in-reg] rst_ni -> _15394_/RESET_B : -22.841782
[setup in-reg] rst_ni -> _15395_/RESET_B : -22.841782
[setup in-reg] rst_ni -> _15396_/RESET_B : -22.841782
[setup in-reg] rst_ni -> _15397_/RESET_B : -22.841782
[setup in-reg] rst_ni -> _15398_/RESET_B : -22.841782
[setup in-reg] rst_ni -> _15399_/RESET_B : -22.841782
[setup in-reg] rst_ni -> _15400_/RESET_B : -22.841782
[setup in-reg] rst_ni -> _15401_/RESET_B : -22.841782
[setup in-reg] rst_ni -> _15402_/RESET_B : -22.841782
[setup in-reg] rst_ni -> _15403_/RESET_B : -22.841782
[setup in-reg] rst_ni -> _15404_/RESET_B : -22.841782
[setup in-reg] rst_ni -> _15405_/RESET_B : -22.841782
[setup in-reg] rst_ni -> _15406_/RESET_B : -22.841782
[setup in-reg] rst_ni -> _15407_/RESET_B : -22.841782
[setup in-reg] rst_ni -> _15408_/RESET_B : -22.841782
[setup in-reg] rst_ni -> _15409_/RESET_B : -22.841782
[setup in-reg] rst_ni -> _15410_/RESET_B : -22.841782
[setup in-reg] rst_ni -> _15411_/RESET_B : -22.841782
[setup in-reg] rst_ni -> _15412_/RESET_B : -22.841782
[setup in-reg] rst_ni -> _15413_/RESET_B : -22.841782
[setup in-reg] rst_ni -> _15414_/RESET_B : -22.841782
[setup in-reg] rst_ni -> _15415_/RESET_B : -22.841782
[setup in-reg] rst_ni -> _15416_/RESET_B : -22.841782
[setup in-reg] rst_ni -> _15417_/RESET_B : -22.841782
[setup in-reg] rst_ni -> _15418_/RESET_B : -22.841782
[setup in-reg] rst_ni -> _15419_/RESET_B : -22.841782
[setup in-reg] rst_ni -> _15420_/RESET_B : -22.841782
[setup in-reg] rst_ni -> _15421_/RESET_B : -22.841782
[setup in-reg] rst_ni -> _15422_/RESET_B : -22.841782
[setup in-reg] rst_ni -> _15423_/RESET_B : -22.841782
[setup in-reg] rst_ni -> _15424_/RESET_B : -22.841782
[setup in-reg] rst_ni -> _15425_/RESET_B : -22.841782
[setup in-reg] rst_ni -> _15426_/RESET_B : -22.841782
[setup in-reg] rst_ni -> _15427_/RESET_B : -22.841782
[setup in-reg] rst_ni -> _15428_/RESET_B : -22.841782
[setup in-reg] rst_ni -> _15429_/RESET_B : -22.841782
[setup in-reg] rst_ni -> _15430_/RESET_B : -22.841782
[setup in-reg] rst_ni -> _15431_/RESET_B : -22.841782
[setup in-reg] rst_ni -> _15432_/RESET_B : -22.841782
[setup in-reg] rst_ni -> _15433_/RESET_B : -22.841782
[setup in-reg] rst_ni -> _15434_/RESET_B : -22.841782
[setup in-reg] rst_ni -> _15435_/RESET_B : -22.841782
[setup in-reg] rst_ni -> _15436_/RESET_B : -22.841782
[setup in-reg] rst_ni -> _15437_/RESET_B : -22.841782
[setup in-reg] rst_ni -> _15438_/RESET_B : -22.841782
[setup in-reg] rst_ni -> _15439_/RESET_B : -22.841782
[setup in-reg] rst_ni -> _15440_/RESET_B : -22.841782
[setup in-reg] rst_ni -> _15441_/RESET_B : -22.841782
[setup in-reg] rst_ni -> _15442_/RESET_B : -22.841782
[setup in-reg] rst_ni -> _15443_/RESET_B : -22.841782
[setup in-reg] rst_ni -> _15444_/RESET_B : -22.841782
[setup in-reg] rst_ni -> _15445_/RESET_B : -22.841782
[setup in-reg] rst_ni -> _15446_/RESET_B : -22.841782
[setup in-reg] rst_ni -> _15447_/RESET_B : -22.841782
[setup in-reg] rst_ni -> _15448_/RESET_B : -22.841782
[setup in-reg] rst_ni -> _15449_/RESET_B : -22.841782
[setup in-reg] rst_ni -> _15450_/RESET_B : -22.841782
[setup in-reg] rst_ni -> _15451_/RESET_B : -22.841782
[setup in-reg] rst_ni -> _15452_/RESET_B : -22.841782
[setup in-reg] rst_ni -> _15453_/RESET_B : -22.841782
[setup in-reg] rst_ni -> _15454_/RESET_B : -22.841782
[setup in-reg] rst_ni -> _15455_/RESET_B : -22.841782
[setup in-reg] rst_ni -> _15456_/RESET_B : -22.841782
[setup in-reg] rst_ni -> _15457_/RESET_B : -22.841782
[setup in-reg] rst_ni -> _15458_/RESET_B : -22.841782
[setup in-reg] rst_ni -> _15459_/RESET_B : -22.841782
[setup in-reg] rst_ni -> _15460_/RESET_B : -22.841782
[setup in-reg] rst_ni -> _15461_/RESET_B : -22.841782
[setup in-reg] rst_ni -> _15462_/RESET_B : -22.841782
[setup in-reg] rst_ni -> _15463_/RESET_B : -22.841782
[setup in-reg] rst_ni -> _15464_/RESET_B : -22.841782
[setup in-reg] rst_ni -> _15465_/RESET_B : -22.841782
[setup in-reg] rst_ni -> _15466_/RESET_B : -22.841782
[setup in-reg] rst_ni -> _15467_/RESET_B : -22.841782
[setup in-reg] rst_ni -> _15468_/RESET_B : -22.841782
[setup in-reg] rst_ni -> _15469_/RESET_B : -22.841782
[setup in-reg] rst_ni -> _15470_/RESET_B : -22.841782
[setup in-reg] rst_ni -> _15471_/RESET_B : -22.841782
[setup in-reg] rst_ni -> _15472_/RESET_B : -22.841782
[setup in-reg] rst_ni -> _15473_/RESET_B : -22.841782
[setup in-reg] rst_ni -> _15474_/RESET_B : -22.841782
[setup in-reg] rst_ni -> _15475_/RESET_B : -22.841782
[setup in-reg] rst_ni -> _15476_/RESET_B : -22.841782
[setup in-reg] rst_ni -> _15477_/RESET_B : -22.841782
[setup in-reg] rst_ni -> _15478_/RESET_B : -22.841782
[setup in-reg] rst_ni -> _15479_/RESET_B : -22.841782
[setup in-reg] rst_ni -> _15480_/RESET_B : -22.841782
[setup in-reg] rst_ni -> _15481_/RESET_B : -22.841782
[setup in-reg] rst_ni -> _15482_/RESET_B : -22.841782
[setup in-reg] rst_ni -> _15483_/RESET_B : -22.841782
[setup in-reg] rst_ni -> _15484_/RESET_B : -22.841782
[setup in-reg] rst_ni -> _15485_/RESET_B : -22.841782
[setup in-reg] rst_ni -> _15486_/RESET_B : -22.841782
[setup in-reg] rst_ni -> _15487_/RESET_B : -22.841782
[setup in-reg] rst_ni -> _15488_/RESET_B : -22.841782
[setup in-reg] rst_ni -> _15489_/RESET_B : -22.841782
[setup in-reg] rst_ni -> _15490_/RESET_B : -22.841782
[setup in-reg] rst_ni -> _15491_/RESET_B : -22.841782
[setup in-reg] rst_ni -> _15492_/RESET_B : -22.841782
[setup in-reg] rst_ni -> _15493_/RESET_B : -22.841782
[setup in-reg] rst_ni -> _15494_/RESET_B : -22.841782
[setup in-reg] rst_ni -> _15495_/RESET_B : -22.841782
[setup in-reg] rst_ni -> _15496_/RESET_B : -22.841782
[setup in-reg] rst_ni -> _15497_/RESET_B : -22.841782
[setup in-reg] rst_ni -> _15498_/RESET_B : -22.841782
[setup in-reg] rst_ni -> _15499_/RESET_B : -22.841782
[setup in-reg] rst_ni -> _15500_/RESET_B : -22.841782
[setup in-reg] rst_ni -> _15501_/RESET_B : -22.841782
[setup in-reg] rst_ni -> _15502_/RESET_B : -22.841782
[setup in-reg] rst_ni -> _15503_/RESET_B : -22.841782
[setup in-reg] rst_ni -> _15504_/RESET_B : -22.841782
[setup in-reg] rst_ni -> _15505_/RESET_B : -22.841782
[setup in-reg] rst_ni -> _15506_/RESET_B : -22.841782
[setup in-reg] rst_ni -> _15507_/RESET_B : -22.841782
[setup in-reg] rst_ni -> _15508_/RESET_B : -22.841782
[setup in-reg] rst_ni -> _15509_/RESET_B : -22.841782
[setup in-reg] rst_ni -> _15510_/RESET_B : -22.841782
[setup in-reg] rst_ni -> _15511_/RESET_B : -22.841782
[setup in-reg] rst_ni -> _15512_/RESET_B : -22.841782
[setup in-reg] rst_ni -> _15513_/RESET_B : -22.841782
[setup in-reg] rst_ni -> _15514_/RESET_B : -22.841782
[setup in-reg] rst_ni -> _15515_/RESET_B : -22.841782
[setup in-reg] rst_ni -> _15516_/RESET_B : -22.841782
[setup in-reg] rst_ni -> _15517_/RESET_B : -22.841782
[setup in-reg] rst_ni -> _15518_/RESET_B : -22.841782
[setup in-reg] rst_ni -> _15519_/RESET_B : -22.841782
[setup in-reg] rst_ni -> _15520_/RESET_B : -22.841782
[setup in-reg] rst_ni -> _15521_/RESET_B : -22.841782
[setup in-reg] rst_ni -> _15522_/RESET_B : -22.841782
[setup in-reg] rst_ni -> _15523_/RESET_B : -22.841782
[setup in-reg] rst_ni -> _15524_/RESET_B : -22.841782
[setup in-reg] rst_ni -> _15525_/RESET_B : -22.841782
[setup in-reg] rst_ni -> _15526_/RESET_B : -22.841782
[setup in-reg] rst_ni -> _15527_/RESET_B : -22.841782
[setup in-reg] rst_ni -> _15528_/RESET_B : -22.841782
[setup in-reg] rst_ni -> _15529_/RESET_B : -22.841782
[setup in-reg] rst_ni -> _15530_/RESET_B : -22.841782
[setup in-reg] rst_ni -> _15531_/RESET_B : -22.841782
[setup in-reg] rst_ni -> _15532_/RESET_B : -22.841782
[setup in-reg] rst_ni -> _15533_/RESET_B : -22.841782
[setup in-reg] rst_ni -> _15534_/RESET_B : -22.841782
[setup in-reg] rst_ni -> _15535_/RESET_B : -22.841782
[setup in-reg] rst_ni -> _15536_/RESET_B : -22.841782
[setup in-reg] rst_ni -> _15537_/RESET_B : -22.841782
[setup in-reg] rst_ni -> _15538_/RESET_B : -22.841782
[setup in-reg] rst_ni -> _15539_/RESET_B : -22.841782
[setup in-reg] rst_ni -> _15540_/RESET_B : -22.841782
[setup in-reg] rst_ni -> _15541_/RESET_B : -22.841782
[setup in-reg] rst_ni -> _15542_/RESET_B : -22.841782
[setup in-reg] rst_ni -> _15543_/RESET_B : -22.841782
[setup in-reg] rst_ni -> _15544_/RESET_B : -22.841782
[setup in-reg] rst_ni -> _15545_/RESET_B : -22.841782
[setup in-reg] rst_ni -> _15546_/RESET_B : -22.841782
[setup in-reg] rst_ni -> _15547_/RESET_B : -22.841782
[setup in-reg] rst_ni -> _15548_/RESET_B : -22.841782
[setup in-reg] rst_ni -> _15549_/RESET_B : -22.841782
[setup in-reg] rst_ni -> _15550_/RESET_B : -22.841782
[setup in-reg] rst_ni -> _15551_/RESET_B : -22.841782
[setup in-reg] rst_ni -> _15552_/RESET_B : -22.841782
[setup in-reg] rst_ni -> _15553_/RESET_B : -22.841782
[setup in-reg] rst_ni -> _15554_/RESET_B : -22.841782
[setup in-reg] rst_ni -> _15555_/RESET_B : -22.841782
[setup in-reg] rst_ni -> _15556_/RESET_B : -22.841782
[setup in-reg] rst_ni -> _15557_/RESET_B : -22.841782
[setup in-reg] rst_ni -> _15558_/RESET_B : -22.841782
[setup in-reg] rst_ni -> _15559_/RESET_B : -22.841782
[setup in-reg] rst_ni -> _15560_/RESET_B : -22.841782
[setup in-reg] rst_ni -> _15561_/RESET_B : -22.841782
[setup in-reg] rst_ni -> _15562_/RESET_B : -22.841782
[setup in-reg] rst_ni -> _15563_/RESET_B : -22.841782
[setup in-reg] rst_ni -> _15564_/RESET_B : -22.841782
[setup in-reg] rst_ni -> _15565_/RESET_B : -22.841782
[setup in-reg] rst_ni -> _15566_/RESET_B : -22.841782
[setup in-reg] rst_ni -> _15567_/RESET_B : -22.841782
[setup in-reg] rst_ni -> _15568_/RESET_B : -22.841782
[setup in-reg] rst_ni -> _15569_/RESET_B : -22.841782
[setup in-reg] rst_ni -> _15570_/RESET_B : -22.841782
[setup in-reg] rst_ni -> _15571_/RESET_B : -22.841782
[setup in-reg] rst_ni -> _15572_/RESET_B : -22.841782
[setup in-reg] rst_ni -> _15573_/RESET_B : -22.841782
[setup in-reg] rst_ni -> _15574_/RESET_B : -22.841782
[setup in-reg] rst_ni -> _15575_/RESET_B : -22.841782
[setup in-reg] rst_ni -> _15576_/RESET_B : -22.841782
[setup in-reg] rst_ni -> _15577_/RESET_B : -22.841782
[setup in-reg] rst_ni -> _15578_/RESET_B : -22.841782
[setup in-reg] rst_ni -> _15579_/RESET_B : -22.841782
[setup in-reg] rst_ni -> _15580_/RESET_B : -22.841782
[setup in-reg] rst_ni -> _15581_/RESET_B : -22.841782
[setup in-reg] rst_ni -> _15582_/RESET_B : -22.841782
[setup in-reg] rst_ni -> _15583_/RESET_B : -22.841782
[setup in-reg] rst_ni -> _15584_/RESET_B : -22.841782
[setup in-reg] rst_ni -> _15585_/RESET_B : -22.841782
[setup in-reg] rst_ni -> _15586_/RESET_B : -22.841782
[setup in-reg] rst_ni -> _15587_/RESET_B : -22.841782
[setup in-reg] rst_ni -> _15588_/RESET_B : -22.841782
[setup in-reg] rst_ni -> _15589_/RESET_B : -22.841782
[setup in-reg] rst_ni -> _15590_/RESET_B : -22.841782
[setup in-reg] rst_ni -> _15591_/RESET_B : -22.841782
[setup in-reg] rst_ni -> _15592_/RESET_B : -22.841782
[setup in-reg] rst_ni -> _15593_/RESET_B : -22.841782
[setup in-reg] rst_ni -> _15594_/RESET_B : -22.841782
[setup in-reg] rst_ni -> _15595_/RESET_B : -22.841782
[setup in-reg] rst_ni -> _15596_/RESET_B : -22.841782
[setup in-reg] rst_ni -> _15597_/RESET_B : -22.841782
[setup in-reg] rst_ni -> _15598_/RESET_B : -22.841782
[setup in-reg] rst_ni -> _15599_/RESET_B : -22.841782
[setup in-reg] rst_ni -> _15600_/RESET_B : -22.841782
[setup in-reg] rst_ni -> _15601_/RESET_B : -22.841782
[setup in-reg] rst_ni -> _15602_/RESET_B : -22.841782
[setup in-reg] rst_ni -> _15603_/RESET_B : -22.841782
[setup in-reg] rst_ni -> _15604_/RESET_B : -22.841782
[setup in-reg] rst_ni -> _15605_/RESET_B : -22.841782
[setup in-reg] rst_ni -> _15606_/RESET_B : -22.841782
[setup in-reg] rst_ni -> _15607_/RESET_B : -22.841782
[setup in-reg] rst_ni -> _15608_/RESET_B : -22.841782
[setup in-reg] rst_ni -> _15609_/RESET_B : -22.841782
[setup in-reg] rst_ni -> _15610_/RESET_B : -22.841782
[setup in-reg] rst_ni -> _15611_/RESET_B : -22.841782
[setup in-reg] rst_ni -> _15612_/RESET_B : -22.841782
[setup in-reg] rst_ni -> _15613_/RESET_B : -22.841782
[setup in-reg] rst_ni -> _15614_/RESET_B : -22.841782
[setup in-reg] rst_ni -> _15615_/RESET_B : -22.841782
[setup in-reg] rst_ni -> _15616_/RESET_B : -22.841782
[setup in-reg] rst_ni -> _15617_/RESET_B : -22.841782
[setup in-reg] rst_ni -> _15618_/RESET_B : -22.841782
[setup in-reg] rst_ni -> _15619_/RESET_B : -22.841782
[setup in-reg] rst_ni -> _15620_/RESET_B : -22.841782
[setup in-reg] rst_ni -> _15621_/RESET_B : -22.841782
[setup in-reg] rst_ni -> _15622_/RESET_B : -22.841782
[setup in-reg] rst_ni -> _15623_/RESET_B : -22.841782
[setup in-reg] rst_ni -> _15624_/RESET_B : -22.841782
[setup in-reg] rst_ni -> _15625_/RESET_B : -22.841782
[setup in-reg] rst_ni -> _15626_/RESET_B : -22.841782
[setup in-reg] rst_ni -> _15627_/RESET_B : -22.841782
[setup in-reg] rst_ni -> _15628_/RESET_B : -22.841782
[setup in-reg] rst_ni -> _15629_/RESET_B : -22.841782
[setup in-reg] rst_ni -> _15630_/RESET_B : -22.841782
[setup in-reg] rst_ni -> _15631_/RESET_B : -22.841782
[setup in-reg] rst_ni -> _15632_/RESET_B : -22.841782
[setup in-reg] rst_ni -> _15633_/RESET_B : -22.841782
[setup in-reg] rst_ni -> _15634_/RESET_B : -22.841782
[setup in-reg] rst_ni -> _15635_/RESET_B : -22.841782
[setup in-reg] rst_ni -> _15636_/RESET_B : -22.841782
[setup in-reg] rst_ni -> _15637_/RESET_B : -22.841782
[setup in-reg] rst_ni -> _15638_/RESET_B : -22.841782
[setup in-reg] rst_ni -> _15639_/RESET_B : -22.841782
[setup in-reg] rst_ni -> _15640_/RESET_B : -22.841782
[setup in-reg] rst_ni -> _15641_/RESET_B : -22.841782
[setup in-reg] rst_ni -> _15642_/RESET_B : -22.841782
[setup in-reg] rst_ni -> _15643_/RESET_B : -22.841782
[setup in-reg] rst_ni -> _15644_/RESET_B : -22.841782
[setup in-reg] rst_ni -> _15645_/RESET_B : -22.841782
[setup in-reg] rst_ni -> _15646_/RESET_B : -22.841782
[setup in-reg] rst_ni -> _15647_/RESET_B : -22.841782
[setup in-reg] rst_ni -> _15648_/RESET_B : -22.841782
[setup in-reg] rst_ni -> _15649_/RESET_B : -22.841782
[setup in-reg] rst_ni -> _15650_/RESET_B : -22.841782
[setup in-reg] rst_ni -> _15651_/RESET_B : -22.841782
[setup in-reg] rst_ni -> _15652_/RESET_B : -22.841782
[setup in-reg] rst_ni -> _15653_/RESET_B : -22.841782
[setup in-reg] rst_ni -> _15654_/RESET_B : -22.841782
[setup in-reg] rst_ni -> _15655_/RESET_B : -22.841782
[setup in-reg] rst_ni -> _15656_/RESET_B : -22.841782
[setup in-reg] rst_ni -> _15657_/RESET_B : -22.841782
[setup in-reg] rst_ni -> _15658_/RESET_B : -22.841782
[setup in-reg] rst_ni -> _15659_/RESET_B : -22.841782
[setup in-reg] rst_ni -> _15660_/RESET_B : -22.841782
[setup in-reg] rst_ni -> _15661_/RESET_B : -22.841782
[setup in-reg] rst_ni -> _15662_/RESET_B : -22.841782
[setup in-reg] rst_ni -> _15663_/RESET_B : -22.841782
[setup in-reg] rst_ni -> _15664_/RESET_B : -22.841782
[setup in-reg] rst_ni -> _15665_/RESET_B : -22.841782
[setup in-reg] rst_ni -> _15666_/RESET_B : -22.841782
[setup in-reg] rst_ni -> _15667_/RESET_B : -22.841782
[setup in-reg] rst_ni -> _15668_/RESET_B : -22.841782
[setup in-reg] rst_ni -> _15669_/RESET_B : -22.841782
[setup in-reg] rst_ni -> _15670_/RESET_B : -22.841782
[setup in-reg] rst_ni -> _15671_/RESET_B : -22.841782
[setup in-reg] rst_ni -> _15672_/RESET_B : -22.841782
[setup in-reg] rst_ni -> _15673_/RESET_B : -22.841782
[setup in-reg] rst_ni -> _15674_/RESET_B : -22.841782
[setup in-reg] rst_ni -> _15675_/RESET_B : -22.841782
[setup in-reg] rst_ni -> _15676_/RESET_B : -22.841782
[setup in-reg] rst_ni -> _15677_/RESET_B : -22.841782
[setup in-reg] rst_ni -> _15678_/RESET_B : -22.841782
[setup in-reg] rst_ni -> _15679_/RESET_B : -22.841782
[setup in-reg] rst_ni -> _15680_/RESET_B : -22.841782
[setup in-reg] rst_ni -> _15681_/RESET_B : -22.841782
[setup in-reg] rst_ni -> _15682_/RESET_B : -22.841782
[setup in-reg] rst_ni -> _15683_/RESET_B : -22.841782
[setup in-reg] rst_ni -> _15684_/RESET_B : -22.841782
[setup in-reg] rst_ni -> _15685_/RESET_B : -22.841782
[setup in-reg] rst_ni -> _15686_/RESET_B : -22.841782
[setup in-reg] rst_ni -> _15687_/RESET_B : -22.841782
[setup in-reg] rst_ni -> _15688_/RESET_B : -22.841782
[setup in-reg] rst_ni -> _15689_/RESET_B : -22.841782
[setup in-reg] rst_ni -> _15690_/RESET_B : -22.841782
[setup in-reg] rst_ni -> _15691_/RESET_B : -22.841782
[setup in-reg] rst_ni -> _15692_/RESET_B : -22.841782
[setup in-reg] rst_ni -> _15693_/RESET_B : -22.841782
[setup in-reg] rst_ni -> _15694_/RESET_B : -22.841782
[setup in-reg] rst_ni -> _15695_/RESET_B : -22.841782
[setup in-reg] rst_ni -> _15696_/RESET_B : -22.841782
[setup in-reg] rst_ni -> _15697_/RESET_B : -22.841782
[setup in-reg] rst_ni -> _15698_/RESET_B : -22.841782
[setup in-reg] rst_ni -> _15699_/RESET_B : -22.841782
[setup in-reg] rst_ni -> _15700_/RESET_B : -22.841782
[setup in-reg] rst_ni -> _15701_/RESET_B : -22.841782
[setup in-reg] rst_ni -> _15702_/RESET_B : -22.841782
[setup in-reg] rst_ni -> _15703_/RESET_B : -22.841782
[setup in-reg] rst_ni -> _15704_/RESET_B : -22.841782
[setup in-reg] rst_ni -> _15705_/RESET_B : -22.841782
[setup in-reg] rst_ni -> _15706_/RESET_B : -22.841782
[setup in-reg] rst_ni -> _15707_/RESET_B : -22.841782
[setup in-reg] rst_ni -> _15708_/RESET_B : -22.841782
[setup in-reg] rst_ni -> _15709_/RESET_B : -22.841782
[setup in-reg] rst_ni -> _15710_/RESET_B : -22.841782
[setup in-reg] rst_ni -> _15711_/RESET_B : -22.841782
[setup in-reg] rst_ni -> _15712_/RESET_B : -22.841782
[setup in-reg] rst_ni -> _15713_/RESET_B : -22.841782
[setup in-reg] rst_ni -> _15714_/RESET_B : -22.841782
[setup in-reg] rst_ni -> _15715_/RESET_B : -22.841782
[setup in-reg] rst_ni -> _15716_/RESET_B : -22.841782
[setup in-reg] rst_ni -> _15717_/RESET_B : -22.841782
[setup in-reg] rst_ni -> _15718_/RESET_B : -22.841782
[setup in-reg] rst_ni -> _15719_/RESET_B : -22.841782
[setup in-reg] rst_ni -> _15720_/RESET_B : -22.841782
[setup in-reg] rst_ni -> _15721_/RESET_B : -22.841782
[setup in-reg] rst_ni -> _15722_/RESET_B : -22.841782
[setup in-reg] rst_ni -> _15723_/RESET_B : -22.841782
[setup in-reg] rst_ni -> _15724_/RESET_B : -22.841782
[setup in-reg] rst_ni -> _15725_/RESET_B : -22.841782
[setup in-reg] rst_ni -> _15726_/RESET_B : -22.841782
[setup in-reg] rst_ni -> _15727_/RESET_B : -22.841782
[setup in-reg] rst_ni -> _15728_/RESET_B : -22.841782
[setup in-reg] rst_ni -> _15729_/RESET_B : -22.841782
[setup in-reg] rst_ni -> _15730_/RESET_B : -22.841782
[setup in-reg] rst_ni -> _15731_/RESET_B : -22.841782
[setup in-reg] rst_ni -> _15732_/RESET_B : -22.841782
[setup in-reg] rst_ni -> _15733_/RESET_B : -22.841782
[setup in-reg] rst_ni -> _15734_/RESET_B : -22.841782
[setup in-reg] rst_ni -> _15735_/RESET_B : -22.841782
[setup in-reg] rst_ni -> _15736_/RESET_B : -22.841782
[setup in-reg] rst_ni -> _15737_/RESET_B : -22.841782
[setup in-reg] rst_ni -> _15738_/RESET_B : -22.841782
[setup in-reg] rst_ni -> _15739_/RESET_B : -22.841782
[setup in-reg] rst_ni -> _15740_/RESET_B : -22.841782
[setup in-reg] rst_ni -> _15741_/RESET_B : -22.841782
[setup in-reg] rst_ni -> _15742_/RESET_B : -22.841782
[setup in-reg] rst_ni -> _15743_/RESET_B : -22.841782
[setup in-reg] rst_ni -> _15744_/RESET_B : -22.841782
[setup in-reg] rst_ni -> _15745_/RESET_B : -22.841782
[setup in-reg] rst_ni -> _15746_/RESET_B : -22.841782
[setup in-reg] rst_ni -> _15747_/RESET_B : -22.841782
[setup in-reg] rst_ni -> _15748_/RESET_B : -22.841782
[setup in-reg] rst_ni -> _15749_/RESET_B : -22.841782
[setup in-reg] rst_ni -> _15750_/RESET_B : -22.841782
[setup in-reg] rst_ni -> _15751_/RESET_B : -22.841782
[setup in-reg] rst_ni -> _15752_/RESET_B : -22.841782
[setup in-reg] rst_ni -> _15753_/RESET_B : -22.841782
[setup in-reg] rst_ni -> _15754_/RESET_B : -22.841782
[setup in-reg] rst_ni -> _15755_/RESET_B : -22.841782
[setup in-reg] rst_ni -> _15756_/RESET_B : -22.841782
[setup in-reg] rst_ni -> _15757_/RESET_B : -22.841782
[setup in-reg] rst_ni -> _15758_/RESET_B : -22.841782
[setup in-reg] rst_ni -> _15759_/RESET_B : -22.841782
[setup in-reg] rst_ni -> _15760_/RESET_B : -22.841782
[setup in-reg] rst_ni -> _15761_/RESET_B : -22.841782
[setup in-reg] rst_ni -> _15762_/RESET_B : -22.841782
[setup in-reg] rst_ni -> _15763_/RESET_B : -22.841782
[setup in-reg] rst_ni -> _15764_/RESET_B : -22.841782
[setup in-reg] rst_ni -> _15765_/RESET_B : -22.841782
[setup in-reg] rst_ni -> _15766_/RESET_B : -22.841782
[setup in-reg] rst_ni -> _15767_/RESET_B : -22.841782
[setup in-reg] rst_ni -> _15768_/RESET_B : -22.841782
[setup in-reg] rst_ni -> _15769_/RESET_B : -22.841782
[setup in-reg] rst_ni -> _15770_/RESET_B : -22.841782
[setup in-reg] rst_ni -> _15771_/RESET_B : -22.841782
[setup in-reg] rst_ni -> _15772_/RESET_B : -22.841782
[setup in-reg] rst_ni -> _15773_/RESET_B : -22.841782
[setup in-reg] rst_ni -> _15774_/RESET_B : -22.841782
[setup in-reg] rst_ni -> _15775_/RESET_B : -22.841782
[setup in-reg] rst_ni -> _15776_/RESET_B : -22.841782
[setup in-reg] rst_ni -> _15777_/RESET_B : -22.841782
[setup in-reg] rst_ni -> _15778_/RESET_B : -22.841782
[setup in-reg] rst_ni -> _15779_/RESET_B : -22.841782
[setup in-reg] rst_ni -> _15780_/RESET_B : -22.841782
[setup in-reg] rst_ni -> _15781_/RESET_B : -22.841782
[setup in-reg] rst_ni -> _15782_/RESET_B : -22.841782
[setup in-reg] rst_ni -> _15783_/RESET_B : -22.841782
[setup in-reg] rst_ni -> _15784_/RESET_B : -22.841782
[setup in-reg] rst_ni -> _15785_/RESET_B : -22.841782
[setup in-reg] rst_ni -> _15786_/RESET_B : -22.841782
[setup in-reg] rst_ni -> _15787_/RESET_B : -22.841782
[setup in-reg] rst_ni -> _15788_/RESET_B : -22.841782
[setup in-reg] rst_ni -> _15789_/RESET_B : -22.841782
[setup in-reg] rst_ni -> _15790_/RESET_B : -22.841782
[setup in-reg] rst_ni -> _15791_/RESET_B : -22.841782
[setup in-reg] rst_ni -> _15792_/RESET_B : -22.841782
[setup in-reg] rst_ni -> _15793_/RESET_B : -22.841782
[setup in-reg] rst_ni -> _15794_/RESET_B : -22.841782
[setup in-reg] rst_ni -> _15795_/RESET_B : -22.841782
[setup in-reg] rst_ni -> _15796_/RESET_B : -22.841782
[setup in-reg] rst_ni -> _15797_/RESET_B : -22.841782
[setup in-reg] rst_ni -> _15798_/RESET_B : -22.841782
[setup in-reg] rst_ni -> _15799_/RESET_B : -22.841782
[setup in-reg] rst_ni -> _15800_/RESET_B : -22.841782
[setup in-reg] rst_ni -> _15801_/RESET_B : -22.841782
[setup in-reg] rst_ni -> _15802_/RESET_B : -22.841782
[setup in-reg] rst_ni -> _15803_/RESET_B : -22.841782
[setup in-reg] rst_ni -> _15804_/RESET_B : -22.841782
[setup in-reg] rst_ni -> _15805_/RESET_B : -22.841782
[setup in-reg] rst_ni -> _15806_/RESET_B : -22.841782
[setup in-reg] rst_ni -> _15807_/RESET_B : -22.841782
[setup in-reg] rst_ni -> _15808_/RESET_B : -22.841782
[setup in-reg] rst_ni -> _15809_/RESET_B : -22.841782
[setup in-reg] rst_ni -> _15810_/RESET_B : -22.841782
[setup in-reg] rst_ni -> _15811_/RESET_B : -22.841782
[setup in-reg] rst_ni -> _15812_/RESET_B : -22.841782
[setup in-reg] rst_ni -> _15813_/RESET_B : -22.841782
[setup in-reg] rst_ni -> _15814_/RESET_B : -22.841782
[setup in-reg] rst_ni -> _15815_/RESET_B : -22.841782
[setup in-reg] rst_ni -> _15816_/RESET_B : -22.841782
[setup in-reg] rst_ni -> _15817_/RESET_B : -22.841782
[setup in-reg] rst_ni -> _15818_/RESET_B : -22.841782
[setup in-reg] rst_ni -> _15819_/RESET_B : -22.841782
[setup in-reg] rst_ni -> _15820_/RESET_B : -22.841782
[setup in-reg] rst_ni -> _15821_/RESET_B : -22.841782
[setup in-reg] rst_ni -> _15822_/RESET_B : -22.841782
[setup in-reg] rst_ni -> _15823_/RESET_B : -22.841782
[setup in-reg] rst_ni -> _15824_/RESET_B : -22.841782
[setup in-reg] rst_ni -> _15825_/RESET_B : -22.841782
[setup in-reg] rst_ni -> _15826_/RESET_B : -22.841782
[setup in-reg] rst_ni -> _15827_/RESET_B : -22.841782
[setup in-reg] rst_ni -> _15828_/RESET_B : -22.841782
[setup in-reg] rst_ni -> _15829_/RESET_B : -22.841782
[setup in-reg] rst_ni -> _15830_/RESET_B : -22.841782
[setup in-reg] rst_ni -> _15831_/RESET_B : -22.841782
[setup in-reg] rst_ni -> _15832_/RESET_B : -22.841782
[setup in-reg] rst_ni -> _15833_/RESET_B : -22.841782
[setup in-reg] rst_ni -> _15834_/RESET_B : -22.841782
[setup in-reg] rst_ni -> _15835_/RESET_B : -22.841782
[setup in-reg] rst_ni -> _15836_/RESET_B : -22.841782
[setup in-reg] rst_ni -> _15837_/RESET_B : -22.841782
[setup in-reg] rst_ni -> _15838_/RESET_B : -22.841782
[setup in-reg] rst_ni -> _15839_/RESET_B : -22.841782
[setup in-reg] rst_ni -> _15840_/RESET_B : -22.841782
[setup in-reg] rst_ni -> _15841_/RESET_B : -22.841782
[setup in-reg] rst_ni -> _15842_/RESET_B : -22.841782
[setup in-reg] rst_ni -> _15843_/RESET_B : -22.841782
[setup in-reg] rst_ni -> _15844_/RESET_B : -22.841782
[setup in-reg] rst_ni -> _15845_/RESET_B : -22.841782
[setup in-reg] rst_ni -> _15846_/RESET_B : -22.841782
[setup in-reg] rst_ni -> _15847_/RESET_B : -22.841782
[setup in-reg] rst_ni -> _15848_/RESET_B : -22.841782
[setup in-reg] rst_ni -> _15849_/RESET_B : -22.841782
[setup in-reg] rst_ni -> _15850_/RESET_B : -22.841782
[setup in-reg] rst_ni -> _15851_/RESET_B : -22.841782
[setup in-reg] rst_ni -> _15852_/RESET_B : -22.841782
[setup in-reg] rst_ni -> _15853_/RESET_B : -22.841782
[setup in-reg] rst_ni -> _15854_/RESET_B : -22.841782
[setup in-reg] rst_ni -> _15855_/RESET_B : -22.841782
[setup in-reg] rst_ni -> _15856_/RESET_B : -22.841782
[setup in-reg] rst_ni -> _15857_/RESET_B : -22.841782
[setup in-reg] rst_ni -> _15858_/RESET_B : -22.841782
[setup in-reg] rst_ni -> _15859_/RESET_B : -22.841782
[setup in-reg] rst_ni -> _15860_/RESET_B : -22.841782
[setup in-reg] rst_ni -> _15861_/RESET_B : -22.841782
[setup in-reg] rst_ni -> _15862_/RESET_B : -22.841782
[setup in-reg] rst_ni -> _15863_/RESET_B : -22.841782
[setup in-reg] rst_ni -> _15864_/RESET_B : -22.841782
[setup in-reg] rst_ni -> _15865_/RESET_B : -22.841782
[setup in-reg] rst_ni -> _15866_/RESET_B : -22.841782
[setup in-reg] rst_ni -> _15867_/RESET_B : -22.841782
[setup in-reg] rst_ni -> _15868_/RESET_B : -22.841782
[setup in-reg] rst_ni -> _15869_/RESET_B : -22.841782
[setup in-reg] rst_ni -> _15870_/RESET_B : -22.841782
[setup in-reg] rst_ni -> _15871_/RESET_B : -22.841782
[setup in-reg] rst_ni -> _15872_/RESET_B : -22.841782
[setup in-reg] rst_ni -> _15873_/RESET_B : -22.841782
[setup in-reg] rst_ni -> _15874_/RESET_B : -22.841782
[setup in-reg] rst_ni -> _15875_/RESET_B : -22.841782
[setup in-reg] rst_ni -> _15876_/RESET_B : -22.841782
[setup in-reg] rst_ni -> _15877_/RESET_B : -22.841782
[setup in-reg] rst_ni -> _15878_/RESET_B : -22.841782
[setup in-reg] rst_ni -> _15879_/RESET_B : -22.841782
[setup in-reg] rst_ni -> _15880_/RESET_B : -22.841782
[setup in-reg] rst_ni -> _15881_/RESET_B : -22.841782
[setup in-reg] rst_ni -> _15882_/RESET_B : -22.841782
[setup in-reg] rst_ni -> _15883_/RESET_B : -22.841782
[setup in-reg] rst_ni -> _15884_/RESET_B : -22.841782
[setup in-reg] rst_ni -> _15885_/RESET_B : -22.841782
[setup in-reg] rst_ni -> _15886_/RESET_B : -22.841782
[setup in-reg] rst_ni -> _15887_/RESET_B : -22.841782
[setup in-reg] rst_ni -> _15888_/RESET_B : -22.841782
[setup in-reg] rst_ni -> _15889_/RESET_B : -22.841782
[setup in-reg] rst_ni -> _15890_/RESET_B : -22.841782
[setup in-reg] rst_ni -> _15891_/RESET_B : -22.841782
[setup in-reg] rst_ni -> _15892_/RESET_B : -22.841782
[setup in-reg] rst_ni -> _15893_/RESET_B : -22.841782
[setup in-reg] rst_ni -> _15894_/RESET_B : -22.841782
[setup in-reg] rst_ni -> _15895_/RESET_B : -22.841782
[setup in-reg] rst_ni -> _15896_/RESET_B : -22.841782
[setup in-reg] rst_ni -> _15897_/RESET_B : -22.841782
[setup in-reg] rst_ni -> _15898_/RESET_B : -22.841782
[setup in-reg] rst_ni -> _15899_/RESET_B : -22.841782
[setup in-reg] rst_ni -> _15900_/RESET_B : -22.841782
[setup in-reg] rst_ni -> _15901_/RESET_B : -22.841782
[setup in-reg] rst_ni -> _15902_/RESET_B : -22.841782
[setup in-reg] rst_ni -> _15903_/RESET_B : -22.841782
[setup in-reg] rst_ni -> _15904_/RESET_B : -22.841782
[setup in-reg] rst_ni -> _15905_/RESET_B : -22.841782
[setup in-reg] rst_ni -> _15906_/RESET_B : -22.841782
[setup in-reg] rst_ni -> _15907_/RESET_B : -22.841782
[setup in-reg] rst_ni -> _15908_/RESET_B : -22.841782
[setup in-reg] rst_ni -> _15909_/RESET_B : -22.841782
[setup in-reg] rst_ni -> _15910_/RESET_B : -22.841782
[setup in-reg] rst_ni -> _15911_/RESET_B : -22.841782
[setup in-reg] rst_ni -> _15912_/RESET_B : -22.841782
[setup in-reg] rst_ni -> _15913_/RESET_B : -22.841782
[setup in-reg] rst_ni -> _15914_/RESET_B : -22.841782
[setup in-reg] rst_ni -> _15915_/RESET_B : -22.841782
[setup in-reg] rst_ni -> _15916_/RESET_B : -22.841782
[setup in-reg] rst_ni -> _15917_/RESET_B : -22.841782
[setup in-reg] rst_ni -> _15918_/RESET_B : -22.841782
[setup in-reg] rst_ni -> _15919_/RESET_B : -22.841782
[setup in-reg] rst_ni -> _15920_/RESET_B : -22.841782
[setup in-reg] rst_ni -> _15921_/RESET_B : -22.841782
[setup in-reg] rst_ni -> _15922_/RESET_B : -22.841782
[setup in-reg] rst_ni -> _15923_/RESET_B : -22.841782
[setup in-reg] rst_ni -> _15924_/RESET_B : -22.841782
[setup in-reg] rst_ni -> _15925_/RESET_B : -22.841782
[setup in-reg] rst_ni -> _15926_/RESET_B : -22.841782
[setup in-reg] rst_ni -> _15927_/RESET_B : -22.841782
[setup in-reg] rst_ni -> _15928_/RESET_B : -22.841782
[setup in-reg] rst_ni -> _15929_/RESET_B : -22.841782
[setup in-reg] rst_ni -> _15930_/RESET_B : -22.841782
[setup in-reg] rst_ni -> _15931_/RESET_B : -22.841782
[setup in-reg] rst_ni -> _15932_/RESET_B : -22.841782
[setup in-reg] rst_ni -> _15933_/RESET_B : -22.841782
[setup in-reg] rst_ni -> _15934_/RESET_B : -22.841782
[setup in-reg] rst_ni -> _15935_/RESET_B : -22.841782
[setup in-reg] rst_ni -> _15936_/RESET_B : -22.841782
[setup in-reg] rst_ni -> _15937_/RESET_B : -22.841782
[setup in-reg] rst_ni -> _15938_/RESET_B : -22.841782
[setup in-reg] rst_ni -> _15939_/RESET_B : -22.841782
[setup in-reg] rst_ni -> _15940_/RESET_B : -22.841782
[setup in-reg] rst_ni -> _15941_/RESET_B : -22.841782
[setup in-reg] rst_ni -> _15942_/RESET_B : -22.841782
[setup in-reg] rst_ni -> _15943_/RESET_B : -22.841782
[setup in-reg] rst_ni -> _15944_/RESET_B : -22.841782
[setup in-reg] rst_ni -> _15945_/RESET_B : -22.841782
[setup in-reg] rst_ni -> _15946_/RESET_B : -22.841782
[setup in-reg] rst_ni -> _15947_/RESET_B : -22.841782
[setup in-reg] rst_ni -> _15948_/RESET_B : -22.841782
[setup in-reg] rst_ni -> _15949_/RESET_B : -22.841782
[setup in-reg] rst_ni -> _15950_/RESET_B : -22.841782
[setup in-reg] rst_ni -> _15951_/RESET_B : -22.841782
[setup in-reg] rst_ni -> _15952_/RESET_B : -22.841782
[setup in-reg] rst_ni -> _15953_/RESET_B : -22.841782
[setup in-reg] rst_ni -> _15954_/RESET_B : -22.841782
[setup in-reg] rst_ni -> _15955_/RESET_B : -22.841782
[setup in-reg] rst_ni -> _15956_/RESET_B : -22.841782
[setup in-reg] rst_ni -> _15957_/RESET_B : -22.841782
[setup in-reg] rst_ni -> _15958_/RESET_B : -22.841782
[setup in-reg] rst_ni -> _15959_/RESET_B : -22.841782
[setup in-reg] rst_ni -> _15960_/RESET_B : -22.841782
[setup in-reg] rst_ni -> _15961_/RESET_B : -22.841782
[setup in-reg] rst_ni -> _15962_/RESET_B : -22.841782
[setup in-reg] rst_ni -> _15963_/RESET_B : -22.841782
[setup in-reg] rst_ni -> _15964_/RESET_B : -22.841782
[setup in-reg] rst_ni -> _15965_/RESET_B : -22.841782
[setup in-reg] rst_ni -> _15966_/RESET_B : -22.841782
[setup in-reg] rst_ni -> _15967_/RESET_B : -22.841782
[setup in-reg] rst_ni -> _15968_/RESET_B : -22.841782
[setup in-reg] rst_ni -> _15969_/RESET_B : -22.841782
[setup in-reg] rst_ni -> _15970_/RESET_B : -22.841782
[setup in-reg] rst_ni -> _15971_/RESET_B : -22.841782
[setup in-reg] rst_ni -> _15972_/RESET_B : -22.841782
[setup in-reg] rst_ni -> _15973_/RESET_B : -22.841782
[setup in-reg] rst_ni -> _15974_/RESET_B : -22.841782
[setup in-reg] rst_ni -> _15975_/RESET_B : -22.841782
[setup in-reg] rst_ni -> _15976_/RESET_B : -22.841782
[setup in-reg] rst_ni -> _15977_/RESET_B : -22.841782
[setup in-reg] rst_ni -> _15978_/RESET_B : -22.841782
[setup in-reg] rst_ni -> _15979_/RESET_B : -22.841782
[setup in-reg] rst_ni -> _15980_/RESET_B : -22.841782
[setup in-reg] rst_ni -> _15981_/RESET_B : -22.841782
[setup in-reg] rst_ni -> _15982_/RESET_B : -22.841782
[setup in-reg] rst_ni -> _15983_/RESET_B : -22.841782
[setup in-reg] rst_ni -> _15984_/RESET_B : -22.841782
[setup in-reg] rst_ni -> _15985_/RESET_B : -22.841782
[setup in-reg] rst_ni -> _15986_/RESET_B : -22.841782
[setup in-reg] rst_ni -> _15987_/RESET_B : -22.841782
[setup in-reg] rst_ni -> _15988_/RESET_B : -22.841782
[setup in-reg] rst_ni -> _15989_/RESET_B : -22.841782
[setup in-reg] rst_ni -> _15990_/RESET_B : -22.841782
[setup in-reg] rst_ni -> _15991_/RESET_B : -22.841782
[setup in-reg] rst_ni -> _15992_/RESET_B : -22.841782
[setup in-reg] rst_ni -> _15993_/RESET_B : -22.841782
[setup in-reg] rst_ni -> _15994_/RESET_B : -22.841782
[setup in-reg] rst_ni -> _15995_/RESET_B : -22.841782
[setup in-reg] rst_ni -> _15996_/RESET_B : -22.841782
[setup in-reg] rst_ni -> _15997_/RESET_B : -22.841782
[setup in-reg] rst_ni -> _15998_/RESET_B : -22.841782
[setup in-reg] rst_ni -> _15999_/RESET_B : -22.841782
[setup in-reg] rst_ni -> _16000_/RESET_B : -22.841782
[setup in-reg] rst_ni -> _16001_/RESET_B : -22.841782
[setup in-reg] rst_ni -> _16002_/RESET_B : -22.841782
[setup in-reg] rst_ni -> _16003_/RESET_B : -22.841782
[setup in-reg] rst_ni -> _16004_/RESET_B : -22.841782
[setup in-reg] rst_ni -> _16005_/RESET_B : -22.841782
[setup in-reg] rst_ni -> _16006_/RESET_B : -22.841782
[setup in-reg] rst_ni -> _16007_/RESET_B : -22.841782
[setup in-reg] rst_ni -> _16008_/RESET_B : -22.841782
[setup in-reg] rst_ni -> _16009_/RESET_B : -22.841782
[setup in-reg] rst_ni -> _16010_/RESET_B : -22.841782
[setup in-reg] rst_ni -> _16011_/RESET_B : -22.841782
[setup in-reg] rst_ni -> _16012_/RESET_B : -22.841782
[setup in-reg] rst_ni -> _16013_/RESET_B : -22.841782
[setup in-reg] rst_ni -> _16014_/RESET_B : -22.841782
[setup in-reg] rst_ni -> _16015_/RESET_B : -22.841782
[setup in-reg] rst_ni -> _16016_/RESET_B : -22.841782
[setup in-reg] rst_ni -> _16017_/RESET_B : -22.841782
[setup in-reg] rst_ni -> _16018_/RESET_B : -22.841782
[setup in-reg] rst_ni -> _16019_/RESET_B : -22.841782
[setup in-reg] rst_ni -> _16020_/RESET_B : -22.841782
[setup in-reg] rst_ni -> _16021_/RESET_B : -22.841782
[setup in-reg] rst_ni -> _16022_/RESET_B : -22.841782
[setup in-reg] rst_ni -> _16023_/RESET_B : -22.841782
[setup in-reg] rst_ni -> _16024_/RESET_B : -22.841782
[setup in-reg] rst_ni -> _16025_/RESET_B : -22.841782
[setup in-reg] rst_ni -> _16026_/RESET_B : -22.841782
[setup in-reg] rst_ni -> _16027_/RESET_B : -22.841782
[setup in-reg] rst_ni -> _16028_/RESET_B : -22.841782
[setup in-reg] rst_ni -> _16029_/RESET_B : -22.841782
[setup in-reg] rst_ni -> _16030_/RESET_B : -22.841782
[setup in-reg] rst_ni -> _16031_/RESET_B : -22.841782
[setup in-reg] rst_ni -> _16032_/RESET_B : -22.841782
[setup in-reg] rst_ni -> _16033_/RESET_B : -22.841782
[setup in-reg] rst_ni -> _16034_/RESET_B : -22.841782
[setup in-reg] rst_ni -> _16035_/RESET_B : -22.841782
[setup in-reg] rst_ni -> _16036_/RESET_B : -22.841782
[setup in-reg] rst_ni -> _16037_/RESET_B : -22.841782
[setup in-reg] rst_ni -> _16038_/RESET_B : -22.841782
[setup in-reg] rst_ni -> _16039_/RESET_B : -22.841782
[setup in-reg] rst_ni -> _16040_/RESET_B : -22.841782
[setup in-reg] rst_ni -> _16041_/RESET_B : -22.841782
[setup in-reg] rst_ni -> _16042_/RESET_B : -22.841782
[setup in-reg] rst_ni -> _16043_/RESET_B : -22.841782
[setup in-reg] rst_ni -> _16044_/RESET_B : -22.841782
[setup in-reg] rst_ni -> _16045_/RESET_B : -22.841782
[setup in-reg] rst_ni -> _16046_/RESET_B : -22.841782
[setup in-reg] rst_ni -> _16047_/RESET_B : -22.841782
[setup in-reg] rst_ni -> _16048_/RESET_B : -22.841782
[setup in-reg] rst_ni -> _16049_/RESET_B : -22.841782
[setup in-reg] rst_ni -> _16050_/RESET_B : -22.841782
[setup in-reg] rst_ni -> _16051_/RESET_B : -22.841782
[setup in-reg] rst_ni -> _16052_/RESET_B : -22.841782
[setup in-reg] rst_ni -> _16053_/RESET_B : -22.841782
[setup in-reg] rst_ni -> _16054_/RESET_B : -22.841782
[setup in-reg] rst_ni -> _16055_/RESET_B : -22.841782
[setup in-reg] rst_ni -> _16056_/RESET_B : -22.841782
[setup in-reg] rst_ni -> _16057_/RESET_B : -22.841782
[setup in-reg] rst_ni -> _16058_/RESET_B : -22.841782
[setup in-reg] rst_ni -> _16059_/RESET_B : -22.841782
[setup in-reg] rst_ni -> _16060_/RESET_B : -22.841782
[setup in-reg] rst_ni -> _16061_/RESET_B : -22.841782
[setup in-reg] rst_ni -> _16062_/RESET_B : -22.841782
[setup in-reg] rst_ni -> _16063_/RESET_B : -22.841782
[setup in-reg] rst_ni -> _16064_/RESET_B : -22.841782
[setup in-reg] rst_ni -> _16065_/RESET_B : -22.841782
[setup in-reg] rst_ni -> _16066_/RESET_B : -22.841782
[setup in-reg] rst_ni -> _16067_/RESET_B : -22.841782
[setup in-reg] rst_ni -> _16068_/RESET_B : -22.841782
[setup in-reg] rst_ni -> _16069_/RESET_B : -22.841782
[setup in-reg] rst_ni -> _16070_/RESET_B : -22.841782
[setup in-reg] rst_ni -> _16071_/RESET_B : -22.841782
[setup in-reg] rst_ni -> _16072_/RESET_B : -22.841782
[setup in-reg] rst_ni -> _16073_/RESET_B : -22.841782
[setup in-reg] rst_ni -> _16074_/RESET_B : -22.841782
[setup in-reg] rst_ni -> _16075_/RESET_B : -22.841782
[setup in-reg] rst_ni -> _16076_/RESET_B : -22.841782
[setup in-reg] rst_ni -> _16077_/RESET_B : -22.841782
[setup in-reg] rst_ni -> _16078_/RESET_B : -22.841782
[setup in-reg] rst_ni -> _16079_/RESET_B : -22.841782
[setup in-reg] rst_ni -> _16080_/RESET_B : -22.841782
[setup in-reg] rst_ni -> _16081_/RESET_B : -22.841782
[setup in-reg] rst_ni -> _16082_/RESET_B : -22.841782
[setup in-reg] rst_ni -> _16083_/RESET_B : -22.841782
[setup in-reg] rst_ni -> _16084_/RESET_B : -22.841782
[setup in-reg] rst_ni -> _16085_/RESET_B : -22.841782
[setup in-reg] rst_ni -> _16086_/RESET_B : -22.841782
[setup in-reg] rst_ni -> _16087_/RESET_B : -22.841782
[setup in-reg] rst_ni -> _16088_/RESET_B : -22.841782
[setup in-reg] rst_ni -> _16089_/RESET_B : -22.841782
[setup in-reg] rst_ni -> _16090_/RESET_B : -22.841782
[setup in-reg] rst_ni -> _16091_/RESET_B : -22.841782
[setup in-reg] rst_ni -> _16092_/RESET_B : -22.841782
[setup in-reg] rst_ni -> _16093_/RESET_B : -22.841782
[setup in-reg] rst_ni -> _16094_/RESET_B : -22.841782
[setup in-reg] rst_ni -> _16095_/RESET_B : -22.841782
[setup in-reg] rst_ni -> _16096_/RESET_B : -22.841782
[setup in-reg] rst_ni -> _16097_/RESET_B : -22.841782
[setup in-reg] rst_ni -> _16098_/RESET_B : -22.841782
[setup in-reg] rst_ni -> _16099_/RESET_B : -22.841782
[setup in-reg] rst_ni -> _16100_/RESET_B : -22.841782
[setup in-reg] rst_ni -> _16101_/RESET_B : -22.841782
[setup in-reg] rst_ni -> _16102_/RESET_B : -22.841782
[setup in-reg] rst_ni -> _16103_/RESET_B : -22.841782
[setup in-reg] rst_ni -> _16104_/RESET_B : -22.841782
[setup in-reg] rst_ni -> _16105_/RESET_B : -22.841782
[setup in-reg] rst_ni -> _16106_/RESET_B : -22.841782
[setup in-reg] rst_ni -> _16107_/RESET_B : -22.841782
[setup in-reg] rst_ni -> _16108_/RESET_B : -22.841782
[setup in-reg] rst_ni -> _16109_/RESET_B : -22.841782
[setup in-reg] rst_ni -> _16110_/RESET_B : -22.841782
[setup in-reg] rst_ni -> _16111_/RESET_B : -22.841782
[setup in-reg] rst_ni -> _16112_/RESET_B : -22.841782
[setup in-reg] rst_ni -> _16113_/RESET_B : -22.841782
[setup in-reg] rst_ni -> _16114_/RESET_B : -22.841782
[setup in-reg] rst_ni -> _16115_/RESET_B : -22.841782
[setup in-reg] rst_ni -> _16116_/RESET_B : -22.841782
[setup in-reg] rst_ni -> _16117_/RESET_B : -22.841782
[setup in-reg] rst_ni -> _16118_/RESET_B : -22.841782
[setup in-reg] rst_ni -> _16119_/RESET_B : -22.841782
[setup in-reg] rst_ni -> _16120_/RESET_B : -22.841782
[setup in-reg] rst_ni -> _16121_/RESET_B : -22.841782
[setup in-reg] rst_ni -> _16122_/RESET_B : -22.841782
[setup in-reg] rst_ni -> _16123_/RESET_B : -22.841782
[setup in-reg] rst_ni -> _16124_/RESET_B : -22.841782
[setup in-reg] rst_ni -> _16125_/RESET_B : -22.841782
[setup in-reg] rst_ni -> _16126_/RESET_B : -22.841782
[setup in-reg] rst_ni -> _16127_/RESET_B : -22.841782
[setup in-reg] rst_ni -> _16128_/RESET_B : -22.841782
[setup in-reg] rst_ni -> _16129_/RESET_B : -22.841782
[setup in-reg] rst_ni -> _16130_/RESET_B : -22.841782
[setup in-reg] rst_ni -> _16131_/RESET_B : -22.841782
[setup in-reg] rst_ni -> _16132_/RESET_B : -22.841782
[setup in-reg] rst_ni -> _16133_/RESET_B : -22.841782
[setup in-reg] rst_ni -> _16134_/RESET_B : -22.841782
[setup in-reg] rst_ni -> _16135_/RESET_B : -22.841782
[setup in-reg] rst_ni -> _16136_/RESET_B : -22.841782
[setup in-reg] rst_ni -> _16137_/RESET_B : -22.841782
[setup in-reg] rst_ni -> _16138_/RESET_B : -22.841782
[setup in-reg] rst_ni -> _16139_/RESET_B : -22.841782
[setup in-reg] rst_ni -> _16140_/RESET_B : -22.841782
[setup in-reg] rst_ni -> _16141_/RESET_B : -22.841782
[setup in-reg] rst_ni -> _16142_/RESET_B : -22.841782
[setup in-reg] rst_ni -> _16143_/RESET_B : -22.841782
[setup in-reg] rst_ni -> _16144_/RESET_B : -22.841782
[setup in-reg] rst_ni -> _16145_/RESET_B : -22.841782
[setup in-reg] rst_ni -> _16146_/RESET_B : -22.841782
[setup in-reg] rst_ni -> _16147_/RESET_B : -22.841782
[setup in-reg] rst_ni -> _16148_/RESET_B : -22.841782
[setup in-reg] rst_ni -> _16149_/RESET_B : -22.841782
[setup in-reg] rst_ni -> _16150_/RESET_B : -22.841782
[setup in-reg] rst_ni -> _16151_/RESET_B : -22.841782
[setup in-reg] rst_ni -> _16152_/RESET_B : -22.841782
[setup in-reg] rst_ni -> _16153_/RESET_B : -22.841782
[setup in-reg] rst_ni -> _16154_/RESET_B : -22.841782
[setup in-reg] rst_ni -> _16155_/RESET_B : -22.841782
[setup in-reg] rst_ni -> _16156_/RESET_B : -22.841782
[setup in-reg] rst_ni -> _16157_/RESET_B : -22.841782
[setup in-reg] rst_ni -> _16158_/RESET_B : -22.841782
[setup in-reg] rst_ni -> _16159_/RESET_B : -22.841782
[setup in-reg] rst_ni -> _16160_/RESET_B : -22.841782
[setup in-reg] rst_ni -> _16161_/RESET_B : -22.841782
[setup in-reg] rst_ni -> _16162_/RESET_B : -22.841782
[setup in-reg] rst_ni -> _16163_/RESET_B : -22.841782
[setup in-reg] rst_ni -> _16164_/RESET_B : -22.841782
[setup in-reg] rst_ni -> _16165_/RESET_B : -22.841782
[setup in-reg] rst_ni -> _16166_/RESET_B : -22.841782
[setup in-reg] rst_ni -> _16167_/RESET_B : -22.841782
[setup in-reg] rst_ni -> _16168_/RESET_B : -22.841782
[setup in-reg] rst_ni -> _16169_/RESET_B : -22.841782
[setup in-reg] rst_ni -> _16170_/RESET_B : -22.841782
[setup in-reg] rst_ni -> _16171_/RESET_B : -22.841782
[setup in-reg] rst_ni -> _16172_/RESET_B : -22.841782
[setup in-reg] rst_ni -> _16173_/RESET_B : -22.841782
[setup in-reg] rst_ni -> _16174_/RESET_B : -22.841782
[setup in-reg] rst_ni -> _16175_/RESET_B : -22.841782
[setup in-reg] rst_ni -> _16176_/RESET_B : -22.841782
[setup in-reg] rst_ni -> _16177_/RESET_B : -22.841782
[setup in-reg] rst_ni -> _16178_/RESET_B : -22.841782
[setup in-reg] rst_ni -> _16179_/RESET_B : -22.841782
[setup in-reg] rst_ni -> _16180_/RESET_B : -22.841782
[setup in-reg] rst_ni -> _16181_/RESET_B : -22.841782
[setup in-reg] rst_ni -> _16182_/RESET_B : -22.841782
[setup in-reg] rst_ni -> _16183_/RESET_B : -22.841782
[setup in-reg] rst_ni -> _16184_/RESET_B : -22.841782
[setup in-reg] rst_ni -> _16185_/RESET_B : -22.841782
[setup in-reg] rst_ni -> _16186_/RESET_B : -22.841782
[setup in-reg] rst_ni -> _16187_/RESET_B : -22.841782
[setup in-reg] rst_ni -> _16188_/RESET_B : -22.841782
[setup in-reg] rst_ni -> _16189_/RESET_B : -22.841782
[setup in-reg] rst_ni -> _16190_/RESET_B : -22.841782
[setup in-reg] rst_ni -> _16191_/RESET_B : -22.841782
[setup in-reg] rst_ni -> _16192_/RESET_B : -22.841782
[setup in-reg] rst_ni -> _16193_/RESET_B : -22.841782
[setup in-reg] rst_ni -> _16194_/RESET_B : -22.841782
[setup in-reg] rst_ni -> _16195_/RESET_B : -22.841782
[setup in-reg] rst_ni -> _16196_/RESET_B : -22.841782
[setup in-reg] rst_ni -> _16197_/RESET_B : -22.841782
[setup in-reg] rst_ni -> _16198_/RESET_B : -22.841782
[setup in-reg] rst_ni -> _16199_/RESET_B : -22.841782
[setup in-reg] rst_ni -> _16200_/RESET_B : -22.841782
[setup in-reg] rst_ni -> _16201_/RESET_B : -22.841782
[setup in-reg] rst_ni -> _16202_/RESET_B : -22.841782
[setup in-reg] rst_ni -> _16203_/RESET_B : -22.841782
[setup in-reg] rst_ni -> _16204_/RESET_B : -22.841782
[setup in-reg] rst_ni -> _16205_/RESET_B : -22.841782
[setup in-reg] rst_ni -> _16206_/RESET_B : -22.841782
[setup in-reg] rst_ni -> _16207_/RESET_B : -22.841782
[setup in-reg] rst_ni -> _16208_/RESET_B : -22.841782
[setup in-reg] rst_ni -> _16209_/RESET_B : -22.841782
[setup in-reg] rst_ni -> _16210_/RESET_B : -22.841782
[setup in-reg] rst_ni -> _16211_/RESET_B : -22.841782
[setup in-reg] rst_ni -> _16212_/RESET_B : -22.841782
[setup in-reg] rst_ni -> _16213_/RESET_B : -22.841782
[setup in-reg] rst_ni -> _16214_/RESET_B : -22.841782
[setup in-reg] rst_ni -> _16215_/RESET_B : -22.841782
[setup in-reg] rst_ni -> _16216_/RESET_B : -22.841782
[setup in-reg] rst_ni -> _16217_/RESET_B : -22.841782
[setup in-reg] rst_ni -> _16218_/RESET_B : -22.841782
[setup in-reg] rst_ni -> _16219_/RESET_B : -22.841782
[setup in-reg] rst_ni -> _16220_/RESET_B : -22.841782
[setup in-reg] rst_ni -> _16221_/RESET_B : -22.841782
[setup in-reg] rst_ni -> _16222_/RESET_B : -22.841782
[setup in-reg] rst_ni -> _16223_/RESET_B : -22.841782
[setup in-reg] rst_ni -> _16224_/RESET_B : -22.841782
[setup in-reg] rst_ni -> _16225_/RESET_B : -22.841782
[setup in-reg] rst_ni -> _16226_/RESET_B : -22.841782
[setup in-reg] rst_ni -> _16227_/RESET_B : -22.841782
[setup in-reg] rst_ni -> _16228_/RESET_B : -22.841782
[setup in-reg] rst_ni -> _16229_/RESET_B : -22.841782
[setup in-reg] rst_ni -> _16230_/RESET_B : -22.841782
[setup in-reg] rst_ni -> _16231_/RESET_B : -22.841782
[setup in-reg] rst_ni -> _16232_/RESET_B : -22.841782
[setup in-reg] rst_ni -> _16233_/RESET_B : -22.841782
[setup in-reg] rst_ni -> _16234_/RESET_B : -22.841782
[setup in-reg] rst_ni -> _16235_/RESET_B : -22.841782
[setup in-reg] rst_ni -> _16236_/RESET_B : -22.841782
[setup in-reg] rst_ni -> _16237_/RESET_B : -22.841782
[setup in-reg] rst_ni -> _16238_/RESET_B : -22.841782
[setup in-reg] rst_ni -> _16239_/RESET_B : -22.841782
[setup in-reg] rst_ni -> _16240_/RESET_B : -22.841782
[setup in-reg] rst_ni -> _16241_/RESET_B : -22.841782
[setup in-reg] rst_ni -> _16242_/RESET_B : -22.841782
[setup in-reg] rst_ni -> _16243_/RESET_B : -22.841782
[setup in-reg] rst_ni -> _16244_/RESET_B : -22.841782
[setup in-reg] rst_ni -> _16245_/RESET_B : -22.841782
[setup in-reg] rst_ni -> _16246_/RESET_B : -22.841782
[setup in-reg] rst_ni -> _16247_/RESET_B : -22.841782
[setup in-reg] rst_ni -> _16248_/RESET_B : -22.841782
[setup in-reg] rst_ni -> _16249_/RESET_B : -22.841782
[setup in-reg] rst_ni -> _16250_/RESET_B : -22.841782
[setup in-reg] rst_ni -> _16251_/RESET_B : -22.841782
[setup in-reg] rst_ni -> _16252_/RESET_B : -22.841782
[setup in-reg] rst_ni -> _14383_/SET_B : -12.165137
[setup in-reg] rst_ni -> _14384_/SET_B : -12.165137
[setup in-reg] rst_ni -> _14456_/SET_B : -12.165137
[setup in-reg] rst_ni -> _14609_/SET_B : -12.165137
[setup in-reg] rst_ni -> _14686_/SET_B : -12.165137
[setup in-reg] rst_ni -> _14719_/SET_B : -12.165137
[setup in-reg] rst_ni -> _14720_/SET_B : -12.165137
[setup in-reg] rst_ni -> _14860_/SET_B : -12.165137
[setup reg-reg] _15089_/Q -> _14947_/D : -4.183913
[setup reg-reg] _15089_/Q -> _14946_/D : -4.094928
[setup reg-reg] _15089_/Q -> _14432_/D : -3.964757
[setup reg-reg] _15089_/Q -> _14453_/D : -3.964757
[setup reg-reg] _15089_/Q -> _14429_/D : -3.964717
[setup reg-reg] _15089_/Q -> _14430_/D : -3.964717
[setup reg-reg] _15089_/Q -> _14433_/D : -3.964717
[setup reg-reg] _15089_/Q -> _14435_/D : -3.964717
[setup reg-reg] _15089_/Q -> _14438_/D : -3.964717
[setup reg-reg] _15089_/Q -> _14441_/D : -3.964717
[setup reg-reg] _15089_/Q -> _14442_/D : -3.964717
[setup reg-reg] _15089_/Q -> _14447_/D : -3.964717
[setup reg-reg] _15089_/Q -> _14454_/D : -3.946701
[setup reg-reg] _15089_/Q -> _14455_/D : -3.942046
[setup reg-reg] _15089_/Q -> _14751_/D : -3.938953
[setup reg-reg] _15089_/Q -> _14744_/D : -3.918705
[setup reg-reg] _15089_/Q -> _14752_/D : -3.906998
[setup reg-reg] _15089_/Q -> _14424_/D : -3.899202
[setup reg-reg] _15089_/Q -> _14449_/D : -3.899202
[setup reg-reg] _15089_/Q -> _14448_/D : -3.898992
[setup reg-reg] _15089_/Q -> _14450_/D : -3.898992
[setup reg-reg] _15089_/Q -> _14426_/D : -3.898972
[setup reg-reg] _15089_/Q -> _14427_/D : -3.898972
[setup reg-reg] _15089_/Q -> _14434_/D : -3.898972
[setup reg-reg] _15089_/Q -> _14436_/D : -3.898972
[setup reg-reg] _15089_/Q -> _14437_/D : -3.898972
[setup reg-reg] _15089_/Q -> _14439_/D : -3.898972
[setup reg-reg] _15089_/Q -> _14440_/D : -3.898972
[setup reg-reg] _15089_/Q -> _14444_/D : -3.898972
[setup reg-reg] _15089_/Q -> _14445_/D : -3.898972
[setup reg-reg] _15089_/Q -> _14732_/D : -3.898438
[setup reg-reg] _15089_/Q -> _14726_/D : -3.890294
[setup reg-reg] _15089_/Q -> _14727_/D : -3.890294
[setup reg-reg] _15089_/Q -> _14735_/D : -3.890294
[setup reg-reg] _15089_/Q -> _14738_/D : -3.890294
[setup reg-reg] _15089_/Q -> _14451_/D : -3.886472
[setup reg-reg] _15089_/Q -> _14845_/D : -3.867422
[setup reg-reg] _15089_/Q -> _14786_/D : -3.859722
[setup reg-reg] _15089_/Q -> _14721_/D : -3.857927
[setup reg-reg] _15089_/Q -> _14945_/D : -3.844433
[setup reg-reg] _15089_/Q -> _14746_/D : -3.809352
[setup reg-reg] _15089_/Q -> _14750_/D : -3.804389
[setup reg-reg] _15089_/Q -> _14749_/D : -3.800033
[setup reg-reg] _15089_/Q -> _14748_/D : -3.790657
[setup reg-reg] _15089_/Q -> _15079_/D : -3.789813
[setup reg-reg] _15089_/Q -> _14848_/D : -3.777093
[setup reg-reg] _15089_/Q -> _15069_/D : -3.770955
[setup reg-reg] _15089_/Q -> _14762_/D : -3.768173
[setup reg-reg] _15089_/Q -> _14765_/D : -3.768174
[setup reg-reg] _15089_/Q -> _14770_/D : -3.768174
[setup reg-reg] _15089_/Q -> _14775_/D : -3.768173
[setup reg-reg] _15089_/Q -> _14776_/D : -3.768174
[setup reg-reg] _15089_/Q -> _14781_/D : -3.768173
[setup reg-reg] _15089_/Q -> _14784_/D : -3.768174
[setup reg-reg] _15089_/Q -> _14760_/D : -3.768155
[setup reg-reg] _15089_/Q -> _14761_/D : -3.768155
[setup reg-reg] _15089_/Q -> _14763_/D : -3.768155
[setup reg-reg] _15089_/Q -> _14764_/D : -3.768155
[setup reg-reg] _15089_/Q -> _14766_/D : -3.768155
[setup reg-reg] _15089_/Q -> _14767_/D : -3.768155
[setup reg-reg] _15089_/Q -> _14768_/D : -3.768155
[setup reg-reg] _15089_/Q -> _14769_/D : -3.768155
[setup reg-reg] _15089_/Q -> _14771_/D : -3.768155
[setup reg-reg] _15089_/Q -> _14772_/D : -3.768155
[setup reg-reg] _15089_/Q -> _14773_/D : -3.768155
[setup reg-reg] _15089_/Q -> _14774_/D : -3.768155
[setup reg-reg] _15089_/Q -> _14777_/D : -3.768155
[setup reg-reg] _15089_/Q -> _14778_/D : -3.768155
[setup reg-reg] _15089_/Q -> _14779_/D : -3.768155
[setup reg-reg] _15089_/Q -> _14780_/D : -3.768155
[setup reg-reg] _15089_/Q -> _14782_/D : -3.768155
[setup reg-reg] _15089_/Q -> _14783_/D : -3.768155
[setup reg-reg] _15089_/Q -> _14785_/D : -3.768155
[setup reg-reg] _15089_/Q -> _14787_/D : -3.768155
[setup reg-reg] _15089_/Q -> _14788_/D : -3.768155
[setup reg-reg] _15089_/Q -> _14789_/D : -3.768155
[setup reg-reg] _15089_/Q -> _14790_/D : -3.768155
[setup reg-reg] _15089_/Q -> _14791_/D : -3.768155
[setup reg-reg] _15089_/Q -> _14847_/D : -3.761301
[setup reg-reg] _15089_/Q -> _14944_/D : -3.743400
[setup reg-reg] _15089_/Q -> _14730_/D : -3.741787
[setup reg-reg] _15089_/Q -> _14729_/D : -3.741766
[setup reg-reg] _15089_/Q -> _15087_/D : -3.736051
[setup reg-reg] _15089_/Q -> _15078_/D : -3.729572
[setup reg-reg] _15089_/Q -> _14394_/D : -3.722603
[setup reg-reg] _15089_/Q -> _14412_/D : -3.722604
[setup reg-reg] _15089_/Q -> _14415_/D : -3.722604
[setup reg-reg] _15089_/Q -> _14419_/D : -3.722604
[setup reg-reg] _15089_/Q -> _14420_/D : -3.722604
[setup reg-reg] _15089_/Q -> _14392_/D : -3.722584
[setup reg-reg] _15089_/Q -> _14393_/D : -3.722584
[setup reg-reg] _15089_/Q -> _14395_/D : -3.722584
[setup reg-reg] _15089_/Q -> _14396_/D : -3.722584
[setup reg-reg] _15089_/Q -> _14397_/D : -3.722584
[setup reg-reg] _15089_/Q -> _14398_/D : -3.722584
[setup reg-reg] _15089_/Q -> _14399_/D : -3.722584
[setup reg-reg] _15089_/Q -> _14400_/D : -3.722584
[setup reg-reg] _15089_/Q -> _14401_/D : -3.722584
[setup reg-reg] _15089_/Q -> _14402_/D : -3.722584
[setup reg-reg] _15089_/Q -> _14403_/D : -3.722584
[setup reg-reg] _15089_/Q -> _14404_/D : -3.722584
[setup reg-reg] _15089_/Q -> _14405_/D : -3.722584
[setup reg-reg] _15089_/Q -> _14406_/D : -3.722584
[setup reg-reg] _15089_/Q -> _14407_/D : -3.722584
[setup reg-reg] _15089_/Q -> _14408_/D : -3.722584
[setup reg-reg] _15089_/Q -> _14409_/D : -3.722584
[setup reg-reg] _15089_/Q -> _14410_/D : -3.722584
[setup reg-reg] _15089_/Q -> _14411_/D : -3.722584
[setup reg-reg] _15089_/Q -> _14413_/D : -3.722584
[setup reg-reg] _15089_/Q -> _14414_/D : -3.722584
[setup reg-reg] _15089_/Q -> _14416_/D : -3.722584
[setup reg-reg] _15089_/Q -> _14417_/D : -3.722584
[setup reg-reg] _15089_/Q -> _14421_/D : -3.722584
[setup reg-reg] _15089_/Q -> _14422_/D : -3.722584
[setup reg-reg] _15089_/Q -> _14423_/D : -3.722584
[setup reg-reg] _15089_/Q -> _14722_/D : -3.715387
[setup reg-reg] _15089_/Q -> _14724_/D : -3.715387
[setup reg-reg] _15089_/Q -> _14728_/D : -3.715387
[setup reg-reg] _15089_/Q -> _14741_/D : -3.715387
[setup reg-reg] _15089_/Q -> _14742_/D : -3.715387
[setup reg-reg] _15089_/Q -> _15218_/D : -3.708636
[setup reg-reg] _15089_/Q -> _15219_/D : -3.708636
[setup reg-reg] _15089_/Q -> _15220_/D : -3.708636
[setup reg-reg] _15089_/Q -> _15221_/D : -3.708636
[setup reg-reg] _15089_/Q -> _15222_/D : -3.708636
[setup reg-reg] _15089_/Q -> _15223_/D : -3.708636
[setup reg-reg] _15089_/Q -> _15224_/D : -3.708636
[setup reg-reg] _15089_/Q -> _15225_/D : -3.708636
[setup reg-reg] _15089_/Q -> _15226_/D : -3.708636
[setup reg-reg] _15089_/Q -> _15227_/D : -3.708636
[setup reg-reg] _15089_/Q -> _15228_/D : -3.708636
[setup reg-reg] _15089_/Q -> _15229_/D : -3.708636
[setup reg-reg] _15089_/Q -> _15230_/D : -3.708636
[setup reg-reg] _15089_/Q -> _15231_/D : -3.708636
[setup reg-reg] _15089_/Q -> _15232_/D : -3.708636
[setup reg-reg] _15089_/Q -> _15233_/D : -3.708636
[setup reg-reg] _15089_/Q -> _15234_/D : -3.708636
[setup reg-reg] _15089_/Q -> _15235_/D : -3.708636
[setup reg-reg] _15089_/Q -> _15236_/D : -3.708636
[setup reg-reg] _15089_/Q -> _15237_/D : -3.708636
[setup reg-reg] _15089_/Q -> _15238_/D : -3.708636
[setup reg-reg] _15089_/Q -> _15239_/D : -3.708636
[setup reg-reg] _15089_/Q -> _15240_/D : -3.708636
[setup reg-reg] _15089_/Q -> _15241_/D : -3.708636
[setup reg-reg] _15089_/Q -> _15242_/D : -3.708636
[setup reg-reg] _15089_/Q -> _15243_/D : -3.708636
[setup reg-reg] _15089_/Q -> _15244_/D : -3.708636
[setup reg-reg] _15089_/Q -> _15245_/D : -3.708636
[setup reg-reg] _15089_/Q -> _15246_/D : -3.708636
[setup reg-reg] _15089_/Q -> _15247_/D : -3.708636
[setup reg-reg] _15089_/Q -> _15248_/D : -3.708636
[setup reg-reg] _15089_/Q -> _15249_/D : -3.708636
[setup reg-reg] _15089_/Q -> _15250_/D : -3.708636
[setup reg-reg] _15089_/Q -> _15251_/D : -3.708636
[setup reg-reg] _15089_/Q -> _15252_/D : -3.708636
[setup reg-reg] _15089_/Q -> _15253_/D : -3.708636
[setup reg-reg] _15089_/Q -> _15254_/D : -3.708636
[setup reg-reg] _15089_/Q -> _15255_/D : -3.708636
[setup reg-reg] _15089_/Q -> _15256_/D : -3.708636
[setup reg-reg] _15089_/Q -> _15257_/D : -3.708636
[setup reg-reg] _15089_/Q -> _15258_/D : -3.708636
[setup reg-reg] _15089_/Q -> _15259_/D : -3.708636
[setup reg-reg] _15089_/Q -> _15260_/D : -3.708636
[setup reg-reg] _15089_/Q -> _15261_/D : -3.708636
[setup reg-reg] _15089_/Q -> _15262_/D : -3.708636
[setup reg-reg] _15089_/Q -> _15263_/D : -3.708636
[setup reg-reg] _15089_/Q -> _15264_/D : -3.708636
[setup reg-reg] _15089_/Q -> _15265_/D : -3.708636
[setup reg-reg] _15089_/Q -> _15266_/D : -3.708636
[setup reg-reg] _15089_/Q -> _15267_/D : -3.708636
[setup reg-reg] _15089_/Q -> _15268_/D : -3.708636
[setup reg-reg] _15089_/Q -> _15269_/D : -3.708636
[setup reg-reg] _15089_/Q -> _15270_/D : -3.708636
[setup reg-reg] _15089_/Q -> _15271_/D : -3.708636
[setup reg-reg] _15089_/Q -> _15272_/D : -3.708636
[setup reg-reg] _15089_/Q -> _15273_/D : -3.708636
[setup reg-reg] _15089_/Q -> _15274_/D : -3.708636
[setup reg-reg] _15089_/Q -> _15275_/D : -3.708636
[setup reg-reg] _15089_/Q -> _15276_/D : -3.708636
[setup reg-reg] _15089_/Q -> _15277_/D : -3.708636
[setup reg-reg] _15089_/Q -> _15278_/D : -3.708636
[setup reg-reg] _15089_/Q -> _15279_/D : -3.708636
[setup reg-reg] _15089_/Q -> _15280_/D : -3.708636
[setup reg-reg] _15089_/Q -> _15281_/D : -3.708636
[setup reg-reg] _15089_/Q -> _15282_/D : -3.708636
[setup reg-reg] _15089_/Q -> _15283_/D : -3.708636
[setup reg-reg] _15089_/Q -> _15081_/D : -3.706872
[setup reg-reg] _15089_/Q -> _14425_/D : -3.702692
[setup reg-reg] _15089_/Q -> _14428_/D : -3.702692
[setup reg-reg] _15089_/Q -> _14452_/D : -3.702692
[setup reg-reg] _15089_/Q -> _14833_/D : -3.702336
[setup reg-reg] _15089_/Q -> _14840_/D : -3.702336
[setup reg-reg] _15089_/Q -> _15071_/D : -3.700988
[setup reg-reg] _15089_/Q -> _15100_/D : -3.700988
[setup reg-reg] _15089_/Q -> _15074_/D : -3.700854
[setup reg-reg] _15089_/Q -> _14843_/D : -3.699790
[setup reg-reg] _15089_/Q -> _14844_/D : -3.699790
[setup reg-reg] _15089_/Q -> _15088_/D : -3.697393
[setup reg-reg] _15089_/Q -> _15135_/D : -3.686290
[setup reg-reg] _15089_/Q -> _15094_/D : -3.681453
[setup reg-reg] _15089_/Q -> _15076_/D : -3.679848
[setup reg-reg] _15089_/Q -> _15082_/D : -3.679848
[setup reg-reg] _15089_/Q -> _15075_/D : -3.677999
[setup reg-reg] _15089_/Q -> _15077_/D : -3.677999
[setup reg-reg] _15089_/Q -> _15084_/D : -3.677999
[setup reg-reg] _15089_/Q -> _15085_/D : -3.677999
[setup reg-reg] _15089_/Q -> _15086_/D : -3.677999
[setup reg-reg] _15089_/Q -> _15089_/D : -3.677999
[setup reg-reg] _15089_/Q -> _15092_/D : -3.677999
[setup reg-reg] _15089_/Q -> _15093_/D : -3.677999
[setup reg-reg] _15089_/Q -> _15097_/D : -3.677999
[setup reg-reg] _15089_/Q -> _15098_/D : -3.677999
[setup reg-reg] _15089_/Q -> _15103_/D : -3.677999
[setup reg-reg] _15089_/Q -> _15104_/D : -3.677999
[setup reg-reg] _15089_/Q -> _15105_/D : -3.677999
[setup reg-reg] _15089_/Q -> _15106_/D : -3.677999
[setup reg-reg] _15089_/Q -> _15107_/D : -3.677999
[setup reg-reg] _15089_/Q -> _15108_/D : -3.677999
[setup reg-reg] _15089_/Q -> _15109_/D : -3.677999
[setup reg-reg] _15089_/Q -> _15110_/D : -3.677999
[setup reg-reg] _15089_/Q -> _15111_/D : -3.677999
[setup reg-reg] _15089_/Q -> _15112_/D : -3.677999
[setup reg-reg] _15089_/Q -> _15113_/D : -3.677999
[setup reg-reg] _15089_/Q -> _15114_/D : -3.677999
[setup reg-reg] _15089_/Q -> _15115_/D : -3.677999
[setup reg-reg] _15089_/Q -> _15116_/D : -3.677999
[setup reg-reg] _15089_/Q -> _15117_/D : -3.677999
[setup reg-reg] _15089_/Q -> _15118_/D : -3.677999
[setup reg-reg] _15089_/Q -> _15119_/D : -3.677999
[setup reg-reg] _15089_/Q -> _15120_/D : -3.677999
[setup reg-reg] _15089_/Q -> _15121_/D : -3.677999
[setup reg-reg] _15089_/Q -> _15122_/D : -3.677999
[setup reg-reg] _15089_/Q -> _15123_/D : -3.677999
[setup reg-reg] _15089_/Q -> _15124_/D : -3.677999
[setup reg-reg] _15089_/Q -> _15125_/D : -3.677999
[setup reg-reg] _15089_/Q -> _15126_/D : -3.677999
[setup reg-reg] _15089_/Q -> _15127_/D : -3.677999
[setup reg-reg] _15089_/Q -> _15128_/D : -3.677999
[setup reg-reg] _15089_/Q -> _15129_/D : -3.677999
[setup reg-reg] _15089_/Q -> _15130_/D : -3.677999
[setup reg-reg] _15089_/Q -> _15131_/D : -3.677999
[setup reg-reg] _15089_/Q -> _15132_/D : -3.677999
[setup reg-reg] _15089_/Q -> _15133_/D : -3.677999
[setup reg-reg] _15089_/Q -> _15137_/D : -3.677999
[setup reg-reg] _15089_/Q -> _15138_/D : -3.677999
[setup reg-reg] _15089_/Q -> _15139_/D : -3.677999
[setup reg-reg] _15089_/Q -> _15140_/D : -3.677999
[setup reg-reg] _15089_/Q -> _15141_/D : -3.677999
[setup reg-reg] _15089_/Q -> _15142_/D : -3.677999
[setup reg-reg] _15089_/Q -> _15143_/D : -3.677999
[setup reg-reg] _15089_/Q -> _15144_/D : -3.677999
[setup reg-reg] _15089_/Q -> _15145_/D : -3.677999
[setup reg-reg] _15089_/Q -> _15146_/D : -3.677999
[setup reg-reg] _15089_/Q -> _15147_/D : -3.677999
[setup reg-reg] _15089_/Q -> _15149_/D : -3.677999
[setup reg-reg] _15089_/Q -> _15150_/D : -3.677999
[setup reg-reg] _15089_/Q -> _15151_/D : -3.677999
[setup reg-reg] _15089_/Q -> _14418_/D : -3.673163
[setup reg-reg] _15089_/Q -> _14431_/D : -3.672575
[setup reg-reg] _15089_/Q -> _14443_/D : -3.672575
[setup reg-reg] _15089_/Q -> _14446_/D : -3.672575
[setup reg-reg] _15089_/Q -> _14745_/D : -3.657859
[setup reg-reg] _15089_/Q -> _14747_/D : -3.657859
[setup reg-reg] _15089_/Q -> _14734_/D : -3.639801
[setup reg-reg] _15089_/Q -> _14740_/D : -3.639802
[setup reg-reg] _15089_/Q -> _14743_/D : -3.639802
[setup reg-reg] _15089_/Q -> _14723_/D : -3.639790
[setup reg-reg] _15089_/Q -> _14725_/D : -3.639790
[setup reg-reg] _15089_/Q -> _14733_/D : -3.639793
[setup reg-reg] _15089_/Q -> _14737_/D : -3.639793
[setup reg-reg] _15089_/Q -> _14731_/D : -3.639789
[setup reg-reg] _15089_/Q -> _14736_/D : -3.639789
[setup reg-reg] _15089_/Q -> _14739_/D : -3.639792
[setup reg-reg] _15089_/Q -> _15072_/D : -3.591930
[setup reg-reg] _15089_/Q -> _15090_/D : -3.591930
[setup reg-reg] _15089_/Q -> _15080_/D : -3.584601
[setup reg-reg] _15089_/Q -> _14838_/D : -3.533342
[setup reg-reg] _15089_/Q -> _15095_/D : -3.509948
[setup reg-reg] _15089_/Q -> _14457_/D : -3.485253
[setup reg-reg] _15089_/Q -> _14817_/D : -3.485253
[setup reg-reg] _15089_/Q -> _14818_/D : -3.485253
[setup reg-reg] _15089_/Q -> _14819_/D : -3.485253
[setup reg-reg] _15089_/Q -> _14820_/D : -3.485253
[setup reg-reg] _15089_/Q -> _14821_/D : -3.485253
[setup reg-reg] _15089_/Q -> _14822_/D : -3.485253
[setup reg-reg] _15089_/Q -> _14823_/D : -3.485253
[setup reg-reg] _15089_/Q -> _14824_/D : -3.485253
[setup reg-reg] _15089_/Q -> _14825_/D : -3.485253
[setup reg-reg] _15089_/Q -> _14826_/D : -3.485253
[setup reg-reg] _15089_/Q -> _14827_/D : -3.485253
[setup reg-reg] _15089_/Q -> _14828_/D : -3.485253
[setup reg-reg] _15089_/Q -> _14829_/D : -3.485253
[setup reg-reg] _15089_/Q -> _14830_/D : -3.485253
[setup reg-reg] _15089_/Q -> _14831_/D : -3.485253
[setup reg-reg] _15089_/Q -> _14832_/D : -3.485253
[setup reg-reg] _15089_/Q -> _14834_/D : -3.485253
[setup reg-reg] _15089_/Q -> _14835_/D : -3.485253
[setup reg-reg] _15089_/Q -> _14836_/D : -3.485253
[setup reg-reg] _15089_/Q -> _14837_/D : -3.485253
[setup reg-reg] _15089_/Q -> _14842_/D : -3.485253
[setup reg-reg] _15089_/Q -> _14846_/D : -3.485253
[setup reg-reg] _15089_/Q -> _14849_/D : -3.485253
[setup reg-reg] _15089_/Q -> _14850_/D : -3.485253
[setup reg-reg] _15089_/Q -> _14851_/D : -3.485253
[setup reg-reg] _15089_/Q -> _14852_/D : -3.485253
[setup reg-reg] _15089_/Q -> _14853_/D : -3.485253
[setup reg-reg] _15089_/Q -> _14854_/D : -3.485253
[setup reg-reg] _15089_/Q -> _14855_/D : -3.485253
[setup reg-reg] _15089_/Q -> _15018_/D : -3.485253
[setup reg-reg] _15089_/Q -> _15019_/D : -3.485253
[setup reg-reg] _15089_/Q -> _15020_/D : -3.485253
[setup reg-reg] _15089_/Q -> _15021_/D : -3.485253
[setup reg-reg] _15089_/Q -> _15022_/D : -3.485253
[setup reg-reg] _15089_/Q -> _15023_/D : -3.485253
[setup reg-reg] _15089_/Q -> _15024_/D : -3.485253
[setup reg-reg] _15089_/Q -> _15025_/D : -3.485253
[setup reg-reg] _15089_/Q -> _15026_/D : -3.485253
[setup reg-reg] _15089_/Q -> _15027_/D : -3.485253
[setup reg-reg] _15089_/Q -> _15028_/D : -3.485253
[setup reg-reg] _15089_/Q -> _15029_/D : -3.485253
[setup reg-reg] _15089_/Q -> _15030_/D : -3.485253
[setup reg-reg] _15089_/Q -> _15031_/D : -3.485253
[setup reg-reg] _15089_/Q -> _15032_/D : -3.485253
[setup reg-reg] _15089_/Q -> _15033_/D : -3.485253
[setup reg-reg] _15089_/Q -> _15034_/D : -3.485253
[setup reg-reg] _15089_/Q -> _15035_/D : -3.485253
[setup reg-reg] _15089_/Q -> _15036_/D : -3.485253
[setup reg-reg] _15089_/Q -> _15037_/D : -3.485253
[setup reg-reg] _15089_/Q -> _15038_/D : -3.485253
[setup reg-reg] _15089_/Q -> _15039_/D : -3.485253
[setup reg-reg] _15089_/Q -> _15040_/D : -3.485253
[setup reg-reg] _15089_/Q -> _15041_/D : -3.485253
[setup reg-reg] _15089_/Q -> _15042_/D : -3.485253
[setup reg-reg] _15089_/Q -> _15043_/D : -3.485253
[setup reg-reg] _15089_/Q -> _15044_/D : -3.485253
[setup reg-reg] _15089_/Q -> _15045_/D : -3.485253
[setup reg-reg] _15089_/Q -> _15046_/D : -3.485253
[setup reg-reg] _15089_/Q -> _15047_/D : -3.485253
[setup reg-reg] _15089_/Q -> _15048_/D : -3.485253
[setup reg-reg] _15089_/Q -> _16252_/D : -3.485253
[setup reg-reg] _15089_/Q -> _15136_/D : -3.475879
[setup reg-reg] _15089_/Q -> _15070_/D : -3.466540
[setup reg-reg] _15089_/Q -> _15096_/D : -3.466540
[setup reg-reg] _15089_/Q -> _15101_/D : -3.466540
[setup reg-reg] _15089_/Q -> _14943_/D : -3.463268
[setup reg-reg] _15089_/Q -> _14950_/D : -3.457430
[setup reg-reg] _15089_/Q -> _14951_/D : -3.457430
[setup reg-reg] _15089_/Q -> _14953_/D : -3.457430
[setup reg-reg] _15089_/Q -> _14957_/D : -3.445719
[setup reg-reg] _15089_/Q -> _14962_/D : -3.445719
[setup reg-reg] _15089_/Q -> _15067_/D : -3.420119
[setup reg-reg] _15089_/Q -> _15009_/D : -3.401957
[setup reg-reg] _15089_/Q -> _15014_/D : -3.401956
[setup reg-reg] _15089_/Q -> _14456_/D : -3.379702
[setup reg-reg] _15089_/Q -> _14792_/D : -3.376652
[setup reg-reg] _15089_/Q -> _14839_/D : -3.374914
[setup reg-reg] _15089_/Q -> _14949_/D : -3.367661
[setup reg-reg] _15089_/Q -> _14955_/D : -3.367513
[setup reg-reg] _15089_/Q -> _14965_/D : -3.367513
[setup reg-reg] _15089_/Q -> _14968_/D : -3.367513
[setup reg-reg] _15089_/Q -> _14971_/D : -3.367513
[setup reg-reg] _15089_/Q -> _14974_/D : -3.367513
[setup reg-reg] _15089_/Q -> _14977_/D : -3.367513
[setup reg-reg] _15089_/Q -> _14979_/D : -3.367513
[setup reg-reg] _15089_/Q -> _14952_/D : -3.354133
[setup reg-reg] _15089_/Q -> _14954_/D : -3.354133
[setup reg-reg] _15089_/Q -> _14956_/D : -3.354133
[setup reg-reg] _15089_/Q -> _14966_/D : -3.354133
[setup reg-reg] _15089_/Q -> _14969_/D : -3.354133
[setup reg-reg] _15089_/Q -> _14972_/D : -3.354133
[setup reg-reg] _15089_/Q -> _14975_/D : -3.354133
[setup reg-reg] _15089_/Q -> _14978_/D : -3.354133
[setup reg-reg] _15089_/Q -> _15102_/D : -3.344394
[setup reg-reg] _15089_/Q -> _15015_/D : -3.317200
[setup reg-reg] _15089_/Q -> _15016_/D : -3.317200
[setup reg-reg] _15089_/Q -> _15017_/D : -3.317200
[setup reg-reg] _15089_/Q -> _15011_/D : -3.307759
[setup reg-reg] _15089_/Q -> _15005_/D : -3.307658
[setup reg-reg] _15089_/Q -> _15008_/D : -3.307658
[setup reg-reg] _15089_/Q -> _15002_/D : -3.307640
[setup reg-reg] _15089_/Q -> _14999_/D : -3.307600
[setup reg-reg] _15089_/Q -> _14987_/D : -3.307367
[setup reg-reg] _15089_/Q -> _14988_/D : -3.307367
[setup reg-reg] _15089_/Q -> _14989_/D : -3.307367
[setup reg-reg] _15089_/Q -> _14990_/D : -3.307367
[setup reg-reg] _15089_/Q -> _14991_/D : -3.307367
[setup reg-reg] _15089_/Q -> _14992_/D : -3.307367
[setup reg-reg] _15089_/Q -> _14993_/D : -3.307367
[setup reg-reg] _15089_/Q -> _14994_/D : -3.307367
[setup reg-reg] _15089_/Q -> _14995_/D : -3.307367
[setup reg-reg] _15089_/Q -> _14996_/D : -3.307367
[setup reg-reg] _15089_/Q -> _14997_/D : -3.307367
[setup reg-reg] _15089_/Q -> _14998_/D : -3.307367
[setup reg-reg] _15089_/Q -> _15000_/D : -3.307367
[setup reg-reg] _15089_/Q -> _15001_/D : -3.307367
[setup reg-reg] _15089_/Q -> _15003_/D : -3.307367
[setup reg-reg] _15089_/Q -> _15004_/D : -3.307367
[setup reg-reg] _15089_/Q -> _15010_/D : -3.307367
[setup reg-reg] _15089_/Q -> _15012_/D : -3.307367
[setup reg-reg] _15089_/Q -> _15006_/D : -3.306870
[setup reg-reg] _15089_/Q -> _15013_/D : -3.306769
[setup reg-reg] _15089_/Q -> _14841_/D : -3.304312
[setup reg-reg] _15089_/Q -> _15099_/D : -3.296476
[setup reg-reg] _15089_/Q -> _14958_/D : -3.294681
[setup reg-reg] _15089_/Q -> _14959_/D : -3.294681
[setup reg-reg] _15089_/Q -> _14960_/D : -3.294681
[setup reg-reg] _15089_/Q -> _14961_/D : -3.294681
[setup reg-reg] _15089_/Q -> _14963_/D : -3.294681
[setup reg-reg] _15089_/Q -> _14964_/D : -3.294681
[setup reg-reg] _15089_/Q -> _14967_/D : -3.294681
[setup reg-reg] _15089_/Q -> _14970_/D : -3.294681
[setup reg-reg] _15089_/Q -> _14973_/D : -3.294681
[setup reg-reg] _15089_/Q -> _14976_/D : -3.294681
[setup reg-reg] _15089_/Q -> _15068_/D : -3.284883
[setup reg-reg] _15089_/Q -> _15073_/D : -3.284883
[setup reg-reg] _15089_/Q -> _15083_/D : -3.284883
[setup reg-reg] _15089_/Q -> _15091_/D : -3.284883
[setup reg-reg] _15089_/Q -> _15007_/D : -3.255004
[setup reg-reg] _15089_/Q -> _15148_/D : -3.190931
[setup reg-reg] _15089_/Q -> _14861_/D : -3.103446
[setup reg-reg] _15089_/Q -> _14862_/D : -3.103446
[setup reg-reg] _15089_/Q -> _14863_/D : -3.103446
[setup reg-reg] _15089_/Q -> _14864_/D : -3.103446
[setup reg-reg] _15089_/Q -> _14865_/D : -3.103446
[setup reg-reg] _15089_/Q -> _14866_/D : -3.103446
[setup reg-reg] _15089_/Q -> _14867_/D : -3.103446
[setup reg-reg] _15089_/Q -> _14868_/D : -3.103446
[setup reg-reg] _15089_/Q -> _14869_/D : -3.103446
[setup reg-reg] _15089_/Q -> _14870_/D : -3.103446
[setup reg-reg] _15089_/Q -> _14871_/D : -3.103446
[setup reg-reg] _15089_/Q -> _14872_/D : -3.103446
[setup reg-reg] _15089_/Q -> _14873_/D : -3.103446
[setup reg-reg] _15089_/Q -> _14874_/D : -3.103446
[setup reg-reg] _15089_/Q -> _14875_/D : -3.103446
[setup reg-reg] _15089_/Q -> _14876_/D : -3.103446
[setup reg-reg] _15089_/Q -> _14877_/D : -3.103446
[setup reg-reg] _15089_/Q -> _14878_/D : -3.103446
[setup reg-reg] _15089_/Q -> _14879_/D : -3.103446
[setup reg-reg] _15089_/Q -> _14882_/D : -3.103446
[setup reg-reg] _15089_/Q -> _14883_/D : -3.103446
[setup reg-reg] _15089_/Q -> _14884_/D : -3.103446
[setup reg-reg] _15089_/Q -> _14611_/D : -3.066455
[setup reg-reg] _15089_/Q -> _14612_/D : -3.066455
[setup reg-reg] _15089_/Q -> _14613_/D : -3.066455
[setup reg-reg] _15089_/Q -> _14614_/D : -3.066455
[setup reg-reg] _15089_/Q -> _14615_/D : -3.066455
[setup reg-reg] _15089_/Q -> _14616_/D : -3.066455
[setup reg-reg] _15089_/Q -> _14617_/D : -3.066455
[setup reg-reg] _15089_/Q -> _14618_/D : -3.066455
[setup reg-reg] _15089_/Q -> _14619_/D : -3.066455
[setup reg-reg] _15089_/Q -> _14620_/D : -3.066455
[setup reg-reg] _15089_/Q -> _14621_/D : -3.066455
[setup reg-reg] _15089_/Q -> _14622_/D : -3.066455
[setup reg-reg] _15089_/Q -> _14623_/D : -3.066455
[setup reg-reg] _15089_/Q -> _14624_/D : -3.066455
[setup reg-reg] _15089_/Q -> _14625_/D : -3.066455
[setup reg-reg] _15089_/Q -> _14626_/D : -3.066455
[setup reg-reg] _15089_/Q -> _14627_/D : -3.066455
[setup reg-reg] _15089_/Q -> _14628_/D : -3.066455
[setup reg-reg] _15089_/Q -> _14629_/D : -3.066455
[setup reg-reg] _15089_/Q -> _14630_/D : -3.066455
[setup reg-reg] _15089_/Q -> _14631_/D : -3.066455
[setup reg-reg] _15089_/Q -> _14632_/D : -3.066455
[setup reg-reg] _15089_/Q -> _14633_/D : -3.066455
[setup reg-reg] _15089_/Q -> _14634_/D : -3.066455
[setup reg-reg] _15089_/Q -> _14635_/D : -3.066455
[setup reg-reg] _15089_/Q -> _14636_/D : -3.066455
[setup reg-reg] _15089_/Q -> _14637_/D : -3.066455
[setup reg-reg] _15089_/Q -> _14638_/D : -3.066455
[setup reg-reg] _15089_/Q -> _14639_/D : -3.066455
[setup reg-reg] _15089_/Q -> _14640_/D : -3.066455
[setup reg-reg] _15089_/Q -> _14641_/D : -3.066455
[setup reg-reg] _15089_/Q -> _14642_/D : -3.066455
[setup reg-reg] _15089_/Q -> _14880_/D : -3.064852
[setup reg-reg] _15089_/Q -> _14881_/D : -3.064852
[setup reg-reg] _15089_/Q -> _14941_/D : -3.023637
[setup reg-reg] _15089_/Q -> _14942_/D : -2.982434
[setup reg-reg] _15089_/Q -> _14525_/D : -2.909179
[setup reg-reg] _15089_/Q -> _14526_/D : -2.909179
[setup reg-reg] _15089_/Q -> _14527_/D : -2.909179
[setup reg-reg] _15089_/Q -> _14528_/D : -2.909179
[setup reg-reg] _15089_/Q -> _14529_/D : -2.909179
[setup reg-reg] _15089_/Q -> _14530_/D : -2.909179
[setup reg-reg] _15089_/Q -> _14531_/D : -2.909179
[setup reg-reg] _15089_/Q -> _14532_/D : -2.909179
[setup reg-reg] _15089_/Q -> _14533_/D : -2.909179
[setup reg-reg] _15089_/Q -> _14534_/D : -2.909179
[setup reg-reg] _15089_/Q -> _14535_/D : -2.909179
[setup reg-reg] _15089_/Q -> _14536_/D : -2.909179
[setup reg-reg] _15089_/Q -> _14537_/D : -2.909179
[setup reg-reg] _15089_/Q -> _14538_/D : -2.909179
[setup reg-reg] _15089_/Q -> _14539_/D : -2.909179
[setup reg-reg] _15089_/Q -> _14540_/D : -2.909179
[setup reg-reg] _15089_/Q -> _14541_/D : -2.909179
[setup reg-reg] _15089_/Q -> _14542_/D : -2.909179
[setup reg-reg] _15089_/Q -> _14543_/D : -2.909179
[setup reg-reg] _15089_/Q -> _14544_/D : -2.909179
[setup reg-reg] _15089_/Q -> _14545_/D : -2.909179
[setup reg-reg] _15089_/Q -> _14546_/D : -2.909179
[setup reg-reg] _15089_/Q -> _14547_/D : -2.909179
[setup reg-reg] _15089_/Q -> _14548_/D : -2.909179
[setup reg-reg] _15089_/Q -> _14549_/D : -2.909179
[setup reg-reg] _15089_/Q -> _14550_/D : -2.909179
[setup reg-reg] _15089_/Q -> _14551_/D : -2.909179
[setup reg-reg] _15089_/Q -> _14552_/D : -2.909179
[setup reg-reg] _15089_/Q -> _14553_/D : -2.909179
[setup reg-reg] _15089_/Q -> _14554_/D : -2.909179
[setup reg-reg] _15089_/Q -> _14555_/D : -2.909179
[setup reg-reg] _15089_/Q -> _14608_/D : -2.902905
[setup reg-reg] _15089_/Q -> _14574_/D : -2.850251
[setup reg-reg] _15089_/Q -> _14575_/D : -2.850251
[setup reg-reg] _15089_/Q -> _14576_/D : -2.850251
[setup reg-reg] _15089_/Q -> _14577_/D : -2.850251
[setup reg-reg] _15089_/Q -> _14578_/D : -2.850251
[setup reg-reg] _15089_/Q -> _14579_/D : -2.850251
[setup reg-reg] _15089_/Q -> _14580_/D : -2.850251
[setup reg-reg] _15089_/Q -> _14581_/D : -2.850251
[setup reg-reg] _15089_/Q -> _14582_/D : -2.850251
[setup reg-reg] _15089_/Q -> _14583_/D : -2.850251
[setup reg-reg] _15089_/Q -> _14584_/D : -2.850251
[setup reg-reg] _15089_/Q -> _14585_/D : -2.850251
[setup reg-reg] _15089_/Q -> _14586_/D : -2.850251
[setup reg-reg] _15089_/Q -> _14587_/D : -2.850251
[setup reg-reg] _15089_/Q -> _14588_/D : -2.850251
[setup reg-reg] _15089_/Q -> _14589_/D : -2.850251
[setup reg-reg] _15089_/Q -> _14590_/D : -2.850251
[setup reg-reg] _15089_/Q -> _14591_/D : -2.850251
[setup reg-reg] _15089_/Q -> _14592_/D : -2.850251
[setup reg-reg] _15089_/Q -> _14593_/D : -2.850251
[setup reg-reg] _15089_/Q -> _14594_/D : -2.850251
[setup reg-reg] _15089_/Q -> _14595_/D : -2.850251
[setup reg-reg] _15089_/Q -> _14596_/D : -2.850251
[setup reg-reg] _15089_/Q -> _14597_/D : -2.850251
[setup reg-reg] _15089_/Q -> _14598_/D : -2.850251
[setup reg-reg] _15089_/Q -> _14599_/D : -2.850251
[setup reg-reg] _15089_/Q -> _14600_/D : -2.850251
[setup reg-reg] _15089_/Q -> _14601_/D : -2.850251
[setup reg-reg] _15089_/Q -> _14602_/D : -2.850251
[setup reg-reg] _15089_/Q -> _14603_/D : -2.850251
[setup reg-reg] _15089_/Q -> _14604_/D : -2.850251
[setup reg-reg] _15089_/Q -> _14605_/D : -2.850251
[setup reg-reg] _15089_/Q -> _14658_/D : -2.807694
[setup reg-reg] _15089_/Q -> _14661_/D : -2.807695
[setup reg-reg] _15089_/Q -> _14664_/D : -2.807695
[setup reg-reg] _15089_/Q -> _14667_/D : -2.807695
[setup reg-reg] _15089_/Q -> _14670_/D : -2.807695
[setup reg-reg] _15089_/Q -> _14673_/D : -2.807693
[setup reg-reg] _15089_/Q -> _14700_/D : -2.807694
[setup reg-reg] _15089_/Q -> _14703_/D : -2.807695
[setup reg-reg] _15089_/Q -> _14706_/D : -2.807695
[setup reg-reg] _15089_/Q -> _14709_/D : -2.807695
[setup reg-reg] _15089_/Q -> _14712_/D : -2.807695
[setup reg-reg] _15089_/Q -> _14715_/D : -2.807693
[setup reg-reg] _15089_/Q -> _14675_/D : -2.807625
[setup reg-reg] _15089_/Q -> _14717_/D : -2.807625
[setup reg-reg] _15089_/Q -> _14674_/D : -2.807614
[setup reg-reg] _15089_/Q -> _14716_/D : -2.807614
[setup reg-reg] _15089_/Q -> _14648_/D : -2.807606
[setup reg-reg] _15089_/Q -> _14652_/D : -2.807607
[setup reg-reg] _15089_/Q -> _14690_/D : -2.807606
[setup reg-reg] _15089_/Q -> _14694_/D : -2.807607
[setup reg-reg] _15089_/Q -> _14657_/D : -2.807601
[setup reg-reg] _15089_/Q -> _14699_/D : -2.807601
[setup reg-reg] _15089_/Q -> _14662_/D : -2.807597
[setup reg-reg] _15089_/Q -> _14665_/D : -2.807594
[setup reg-reg] _15089_/Q -> _14666_/D : -2.807594
[setup reg-reg] _15089_/Q -> _14668_/D : -2.807595
[setup reg-reg] _15089_/Q -> _14704_/D : -2.807597
[setup reg-reg] _15089_/Q -> _14656_/D : -2.807592
[setup reg-reg] _15089_/Q -> _14698_/D : -2.807592
[setup reg-reg] _15089_/Q -> _14707_/D : -2.807594
[setup reg-reg] _15089_/Q -> _14708_/D : -2.807594
[setup reg-reg] _15089_/Q -> _14710_/D : -2.807595
[setup reg-reg] _15089_/Q -> _14645_/D : -2.807587
[setup reg-reg] _15089_/Q -> _14687_/D : -2.807587
[setup reg-reg] _15089_/Q -> _14647_/D : -2.807584
[setup reg-reg] _15089_/Q -> _14651_/D : -2.807585
[setup reg-reg] _15089_/Q -> _14654_/D : -2.807585
[setup reg-reg] _15089_/Q -> _14663_/D : -2.807584
[setup reg-reg] _15089_/Q -> _14689_/D : -2.807584
[setup reg-reg] _15089_/Q -> _14693_/D : -2.807585
[setup reg-reg] _15089_/Q -> _14696_/D : -2.807585
[setup reg-reg] _15089_/Q -> _14705_/D : -2.807584
[setup reg-reg] _15089_/Q -> _14660_/D : -2.807578
[setup reg-reg] _15089_/Q -> _14702_/D : -2.807578
[setup reg-reg] _15089_/Q -> _14653_/D : -2.807569
[setup reg-reg] _15089_/Q -> _14655_/D : -2.807567
[setup reg-reg] _15089_/Q -> _14659_/D : -2.807569
[setup reg-reg] _15089_/Q -> _14695_/D : -2.807569
[setup reg-reg] _15089_/Q -> _14697_/D : -2.807567
[setup reg-reg] _15089_/Q -> _14701_/D : -2.807569
[setup reg-reg] _15089_/Q -> _14669_/D : -2.807563
[setup reg-reg] _15089_/Q -> _14671_/D : -2.807562
[setup reg-reg] _15089_/Q -> _14672_/D : -2.807563
[setup reg-reg] _15089_/Q -> _14711_/D : -2.807563
[setup reg-reg] _15089_/Q -> _14713_/D : -2.807562
[setup reg-reg] _15089_/Q -> _14714_/D : -2.807563
[setup reg-reg] _15089_/Q -> _14676_/D : -2.807558
[setup reg-reg] _15089_/Q -> _14718_/D : -2.807558
[setup reg-reg] _15089_/Q -> _14649_/D : -2.807542
[setup reg-reg] _15089_/Q -> _14650_/D : -2.807542
[setup reg-reg] _15089_/Q -> _14691_/D : -2.807542
[setup reg-reg] _15089_/Q -> _14692_/D : -2.807542
[setup reg-reg] _15089_/Q -> _14646_/D : -2.807520
[setup reg-reg] _15089_/Q -> _14688_/D : -2.807520
[setup reg-reg] _15089_/Q -> _14860_/D : -2.753708
[setup reg-reg] _15089_/Q -> _14609_/D : -2.745830
[setup reg-reg] _15089_/Q -> _14607_/D : -2.717576
[setup reg-reg] _15089_/Q -> _14556_/D : -2.695535
[setup reg-reg] _15089_/Q -> _14559_/D : -2.695535
[setup reg-reg] _15089_/Q -> _14562_/D : -2.695535
[setup reg-reg] _15089_/Q -> _14565_/D : -2.695536
[setup reg-reg] _15089_/Q -> _14568_/D : -2.695534
[setup reg-reg] _15089_/Q -> _14570_/D : -2.695466
[setup reg-reg] _15089_/Q -> _14569_/D : -2.695455
[setup reg-reg] _15089_/Q -> _14572_/D : -2.695447
[setup reg-reg] _15089_/Q -> _14573_/D : -2.695446
[setup reg-reg] _15089_/Q -> _14557_/D : -2.695438
[setup reg-reg] _15089_/Q -> _14560_/D : -2.695435
[setup reg-reg] _15089_/Q -> _14561_/D : -2.695435
[setup reg-reg] _15089_/Q -> _14563_/D : -2.695436
[setup reg-reg] _15089_/Q -> _14571_/D : -2.695432
[setup reg-reg] _15089_/Q -> _14558_/D : -2.695428
[setup reg-reg] _15089_/Q -> _14564_/D : -2.695428
[setup reg-reg] _15089_/Q -> _14566_/D : -2.695428
[setup reg-reg] _15089_/Q -> _14567_/D : -2.695428
[setup reg-reg] _15089_/Q -> _15055_/D : -2.680623
[setup reg-reg] _15089_/Q -> _15152_/D : -2.671471
[setup reg-reg] _15089_/Q -> _15153_/D : -2.661266
[setup reg-reg] _15089_/Q -> _14610_/D : -2.660316
[setup reg-reg] _15089_/Q -> _14753_/D : -2.598770
[setup reg-reg] _15089_/Q -> _14754_/D : -2.598770
[setup reg-reg] _15089_/Q -> _14755_/D : -2.598770
[setup reg-reg] _15089_/Q -> _14756_/D : -2.598770
[setup reg-reg] _15089_/Q -> _14757_/D : -2.598770
[setup reg-reg] _15089_/Q -> _14758_/D : -2.598770
[setup reg-reg] _15089_/Q -> _14759_/D : -2.598770
[setup reg-reg] _15089_/Q -> _14383_/D : -2.586471
[setup reg-reg] _15089_/Q -> _14384_/D : -2.586471
[setup reg-reg] _15089_/Q -> _15056_/D : -2.585809
[setup reg-reg] _15089_/Q -> _14606_/D : -2.572906
[setup reg-reg] _15089_/Q -> _15154_/D : -2.569299
[setup reg-reg] _15089_/Q -> _16218_/D : -2.568240
[setup reg-reg] _15089_/Q -> _16219_/D : -2.568240
[setup reg-reg] _15089_/Q -> _14385_/D : -2.566779
[setup reg-reg] _15089_/Q -> _14939_/D : -2.535664
[setup reg-reg] _15089_/Q -> _15057_/D : -2.502812
[setup reg-reg] _15089_/Q -> _14644_/D : -2.502200
[setup reg-reg] _15089_/Q -> _14940_/D : -2.492312
[setup reg-reg] _15089_/Q -> _14643_/D : -2.385368
[setup reg-reg] _15089_/Q -> _14985_/D : -2.347359
[setup reg-reg] _15089_/Q -> _15058_/D : -2.340514
[setup reg-reg] _15089_/Q -> _14388_/D : -2.313911
[setup reg-reg] _15089_/Q -> _14389_/D : -2.313911
[setup reg-reg] _15089_/Q -> _14390_/D : -2.313911
[setup reg-reg] _15089_/Q -> _14391_/D : -2.313911
[setup reg-reg] _15089_/Q -> _14386_/D : -2.257902
[setup reg-reg] _15089_/Q -> _14387_/D : -2.257902
[setup reg-reg] _15089_/Q -> _14524_/D : -2.240221
[setup reg-reg] _15089_/Q -> _14938_/D : -2.055285
[setup reg-reg] _15089_/Q -> _14937_/D : -1.855011
[setup reg-reg] _15089_/Q -> _14936_/D : -1.820362
[setup reg-reg] _15089_/Q -> _15052_/D : -1.816686
[setup reg-out] _15097_/Q -> instr_addr_o[30] : -1.695165
[setup reg-reg] _15089_/Q -> _14986_/D : -1.677936
[setup reg-reg] _15089_/Q -> _14935_/D : -1.499864
[setup reg-out] _15097_/Q -> instr_addr_o[28] : -1.465327
[setup reg-out] _15097_/Q -> instr_addr_o[31] : -1.362161
[setup reg-out] _15097_/Q -> instr_addr_o[18] : -1.351342
[setup reg-out] _15097_/Q -> instr_addr_o[26] : -1.295256
[setup reg-out] _15097_/Q -> instr_addr_o[16] : -1.279876
[setup reg-out] _15097_/Q -> instr_addr_o[29] : -1.262635
[setup reg-out] _15097_/Q -> instr_addr_o[25] : -1.197631
[setup reg-out] _15097_/Q -> instr_addr_o[22] : -1.183304
[setup reg-out] _15089_/Q -> instr_addr_o[27] : -1.106123
[setup reg-out] _15089_/Q -> instr_addr_o[24] : -1.098025
[setup reg-out] _15097_/Q -> instr_addr_o[17] : -1.070424
[setup reg-out] _15089_/Q -> instr_addr_o[15] : -1.068450
[setup reg-out] _15097_/Q -> instr_addr_o[20] : -1.059015
[setup reg-out] _15089_/Q -> instr_addr_o[6] : -1.057384
[setup reg-out] _15089_/Q -> instr_addr_o[21] : -1.055357
[setup reg-out] _15089_/Q -> instr_addr_o[23] : -1.046039
[setup reg-out] _15089_/Q -> instr_addr_o[12] : -1.044743
[setup reg-out] _15089_/Q -> instr_addr_o[19] : -1.021295
[setup reg-out] _15089_/Q -> instr_addr_o[14] : -0.984240
[setup reg-reg] _15089_/Q -> _14934_/D : -0.922535
[setup reg-reg] _15089_/Q -> _14933_/D : -0.874575
[setup reg-reg] _15089_/Q -> _14932_/D : -0.813963
[setup reg-out] _15089_/Q -> instr_addr_o[11] : -0.779386
[setup reg-out] _15089_/Q -> instr_addr_o[8] : -0.738153
[setup reg-reg] _15089_/Q -> _14931_/D : -0.711283
[setup reg-out] _15089_/Q -> instr_addr_o[10] : -0.701028
[setup reg-out] _15097_/Q -> data_addr_o[30] : -0.662952
[setup reg-out] _15089_/Q -> instr_addr_o[13] : -0.625812
[setup reg-out] _15097_/Q -> data_addr_o[31] : -0.616280
[setup reg-out] _15089_/Q -> instr_addr_o[5] : -0.601838
[setup reg-out] _15097_/Q -> data_addr_o[18] : -0.532570
[setup reg-out] _15097_/Q -> data_addr_o[29] : -0.524262
[setup reg-out] _15097_/Q -> data_addr_o[28] : -0.522920
[setup reg-reg] _15089_/Q -> _14929_/D : -0.510691
[setup reg-out] _15097_/Q -> data_addr_o[26] : -0.491310
[setup reg-reg] _15089_/Q -> _14930_/D : -0.443784
[setup reg-out] _15097_/Q -> data_addr_o[22] : -0.414993
[setup reg-out] _15089_/Q -> instr_addr_o[2] : -0.399217
[setup reg-out] _15089_/Q -> instr_addr_o[9] : -0.386678
[setup reg-out] _15089_/Q -> instr_addr_o[4] : -0.366603
[setup reg-out] _15097_/Q -> data_addr_o[27] : -0.351786
[setup reg-out] _15097_/Q -> data_addr_o[24] : -0.327869
[setup reg-out] _15097_/Q -> data_addr_o[16] : -0.306571
[setup reg-out] _15089_/Q -> instr_addr_o[3] : -0.305564
[setup reg-out] _15097_/Q -> data_addr_o[17] : -0.304262
[setup reg-out] _15097_/Q -> data_addr_o[21] : -0.279895
[setup reg-out] _15097_/Q -> data_addr_o[25] : -0.277360
[setup reg-out] _15089_/Q -> instr_addr_o[7] : -0.241276
[setup reg-reg] _15089_/Q -> _14927_/D : -0.174063
[setup reg-out] _15097_/Q -> data_addr_o[23] : -0.156926
[setup reg-out] _15097_/Q -> data_addr_o[20] : -0.139060
[setup reg-reg] _15097_/Q -> _15183_/D : -0.117078
[setup reg-reg] _15089_/Q -> _14928_/D : -0.113230
[setup reg-out] _15097_/Q -> data_addr_o[14] : -0.059431
[setup reg-out] _15097_/Q -> data_addr_o[19] : -0.058574
