
===========================================================================
report_checks -unconstrained
===========================================================================
======================= nom_tt_025C_1v80 Corner ===================================

Startpoint: rst_ni (input port clocked by clk_i)
Endpoint: _14382_ (recovery check against rising-edge clock clk_i)
Path Group: asynchronous
Path Type: max

Fanout         Cap        Slew       Delay        Time   Description
---------------------------------------------------------------------------------------------
                      0.150000    0.000000    0.000000   clock clk_i (rise edge)
                                  0.000000    0.000000   clock network delay (ideal)
                                  2.000000    2.000000 ^ input external delay
  1871    6.756588   30.156078   20.602802   22.602802 ^ rst_ni (in)
                                                         rst_ni (net)
                     30.156078    0.000000   22.602802 ^ _14382_/RESET_B (sky130_fd_sc_hd__dfrtp_2)
                                             22.602802   data arrival time

                      0.150000   10.000000   10.000000   clock clk_i (rise edge)
                                  0.000000   10.000000   clock network delay (ideal)
                                 -0.250000    9.750000   clock uncertainty
                                  0.000000    9.750000   clock reconvergence pessimism
                                              9.750000 ^ _14382_/CLK (sky130_fd_sc_hd__dfrtp_2)
                                 -9.988978   -0.238979   library recovery time
                                             -0.238979   data required time
---------------------------------------------------------------------------------------------
                                             -0.238979   data required time
                                            -22.602802   data arrival time
---------------------------------------------------------------------------------------------
                                            -22.841782   slack (VIOLATED)


Startpoint: _15089_ (rising edge-triggered flip-flop clocked by clk_i)
Endpoint: _14947_ (rising edge-triggered flip-flop clocked by clk_i)
Path Group: clk_i
Path Type: max

Fanout         Cap        Slew       Delay        Time   Description
---------------------------------------------------------------------------------------------
                      0.150000    0.000000    0.000000   clock clk_i (rise edge)
                                  0.000000    0.000000   clock network delay (ideal)
                      0.150000    0.000000    0.000000 ^ _15089_/CLK (sky130_fd_sc_hd__dfrtp_2)
    37    0.082707    0.211979    0.597244    0.597244 v _15089_/Q (sky130_fd_sc_hd__dfrtp_2)
                                                         gen_regfile_ff.register_file_i.raddr_b_i[0] (net)
                      0.211979    0.000000    0.597244 v _07186_/A (sky130_fd_sc_hd__or4b_2)
     3    0.012462    0.141815    0.776427    1.373671 v _07186_/X (sky130_fd_sc_hd__or4b_2)
                                                         _02013_ (net)
                      0.141815    0.000000    1.373671 v _07191_/B (sky130_fd_sc_hd__nor2_2)
    99    0.259820    2.664522    2.003218    3.376889 ^ _07191_/Y (sky130_fd_sc_hd__nor2_2)
                                                         _02018_ (net)
                      2.664522    0.000000    3.376889 ^ _07195_/A (sky130_fd_sc_hd__nand2_2)
     2    0.005652    0.313154    0.072611    3.449500 v _07195_/Y (sky130_fd_sc_hd__nand2_2)
                                                         _02022_ (net)
                      0.313154    0.000000    3.449500 v _07207_/C (sky130_fd_sc_hd__and4bb_2)
     1    0.002281    0.038867    0.335552    3.785052 v _07207_/X (sky130_fd_sc_hd__and4bb_2)
                                                         _02034_ (net)
                      0.038867    0.000000    3.785052 v _07220_/A1 (sky130_fd_sc_hd__o211a_2)
     1    0.001362    0.036273    0.239823    4.024875 v _07220_/X (sky130_fd_sc_hd__o211a_2)
                                                         _02047_ (net)
                      0.036273    0.000000    4.024875 v _07261_/A (sky130_fd_sc_hd__or4b_2)
     7    0.021514    0.168962    0.762911    4.787786 v _07261_/X (sky130_fd_sc_hd__or4b_2)
                                                         _02088_ (net)
                      0.168962    0.000000    4.787786 v _07363_/B1 (sky130_fd_sc_hd__a21oi_2)
     3    0.011194    0.173057    0.207551    4.995337 ^ _07363_/Y (sky130_fd_sc_hd__a21oi_2)
                                                         _02190_ (net)
                      0.173057    0.000000    4.995337 ^ _07405_/A (sky130_fd_sc_hd__nand4_2)
     3    0.008893    0.114718    0.125317    5.120653 v _07405_/Y (sky130_fd_sc_hd__nand4_2)
                                                         _02230_ (net)
                      0.114718    0.000000    5.120653 v _09366_/A1 (sky130_fd_sc_hd__a41o_2)
     3    0.008797    0.054703    0.254364    5.375017 v _09366_/X (sky130_fd_sc_hd__a41o_2)
                                                         _04150_ (net)
                      0.054703    0.000000    5.375017 v _09416_/A1 (sky130_fd_sc_hd__a21oi_2)
    59    0.218331    2.503901    1.877558    7.252575 ^ _09416_/Y (sky130_fd_sc_hd__a21oi_2)
                                                         _04200_ (net)
                      2.503901    0.000000    7.252575 ^ _09467_/B (sky130_fd_sc_hd__nand2_2)
     4    0.012500    0.335302    0.220031    7.472606 v _09467_/Y (sky130_fd_sc_hd__nand2_2)
                                                         _04240_ (net)
                      0.335302    0.000000    7.472606 v _12406_/A2 (sky130_fd_sc_hd__a221o_2)
     3    0.014168    0.085940    0.529766    8.002373 v _12406_/X (sky130_fd_sc_hd__a221o_2)
                                                         _06572_ (net)
                      0.085940    0.000000    8.002373 v _12410_/B1 (sky130_fd_sc_hd__a211o_2)
     2    0.010032    0.069812    0.343920    8.346292 v _12410_/X (sky130_fd_sc_hd__a211o_2)
                                                         _06574_ (net)
                      0.069812    0.000000    8.346292 v _12413_/B1 (sky130_fd_sc_hd__a211o_2)
     3    0.011642    0.074533    0.344820    8.691113 v _12413_/X (sky130_fd_sc_hd__a211o_2)
                                                         _06575_ (net)
                      0.074533    0.000000    8.691113 v _12416_/B1 (sky130_fd_sc_hd__a31o_2)
     3    0.014052    0.065262    0.256259    8.947371 v _12416_/X (sky130_fd_sc_hd__a31o_2)
                                                         _06577_ (net)
                      0.065262    0.000000    8.947371 v _12420_/B1 (sky130_fd_sc_hd__a311o_2)
     4    0.008200    0.070502    0.377586    9.324957 v _12420_/X (sky130_fd_sc_hd__a311o_2)
                                                         _06579_ (net)
                      0.070502    0.000000    9.324957 v _12427_/D (sky130_fd_sc_hd__or4_2)
     4    0.015951    0.151537    0.620123    9.945080 v _12427_/X (sky130_fd_sc_hd__or4_2)
                                                         _06583_ (net)
                      0.151537    0.000000    9.945080 v _12435_/D1 (sky130_fd_sc_hd__a2111o_2)
     2    0.002853    0.061593    0.366631   10.311711 v _12435_/X (sky130_fd_sc_hd__a2111o_2)
                                                         _06588_ (net)
                      0.061593    0.000000   10.311711 v _12442_/B (sky130_fd_sc_hd__or4b_2)
     3    0.006954    0.119123    0.660262   10.971973 v _12442_/X (sky130_fd_sc_hd__or4b_2)
                                                         _06592_ (net)
                      0.119123    0.000000   10.971973 v _12446_/B (sky130_fd_sc_hd__or2_2)
     4    0.008343    0.072325    0.321073   11.293046 v _12446_/X (sky130_fd_sc_hd__or2_2)
                                                         _06595_ (net)
                      0.072325    0.000000   11.293046 v _12454_/A (sky130_fd_sc_hd__or4bb_2)
     4    0.014907    0.143244    0.703591   11.996637 v _12454_/X (sky130_fd_sc_hd__or4bb_2)
                                                         _06600_ (net)
                      0.143244    0.000000   11.996637 v _12458_/C (sky130_fd_sc_hd__or3_2)
     4    0.014907    0.118511    0.499387   12.496024 v _12458_/X (sky130_fd_sc_hd__or3_2)
                                                         _06602_ (net)
                      0.118511    0.000000   12.496024 v _12462_/C (sky130_fd_sc_hd__or3_2)
     3    0.006954    0.093309    0.450862   12.946887 v _12462_/X (sky130_fd_sc_hd__or3_2)
                                                         _06604_ (net)
                      0.093309    0.000000   12.946887 v _12465_/B (sky130_fd_sc_hd__or2_2)
     3    0.004450    0.061408    0.294340   13.241226 v _12465_/X (sky130_fd_sc_hd__or2_2)
                                                         _06606_ (net)
                      0.061408    0.000000   13.241226 v _12469_/A_N (sky130_fd_sc_hd__and2b_2)
     3    0.011288    0.073767    0.241304   13.482531 ^ _12469_/X (sky130_fd_sc_hd__and2b_2)
                                                         _06609_ (net)
                      0.073767    0.000000   13.482531 ^ _12472_/A2 (sky130_fd_sc_hd__a21oi_2)
     2    0.005430    0.043809    0.061863   13.544393 v _12472_/Y (sky130_fd_sc_hd__a21oi_2)
                                                         _06611_ (net)
                      0.043809    0.000000   13.544393 v _12475_/S (sky130_fd_sc_hd__mux2_1)
     1    0.001949    0.051824    0.295338   13.839730 v _12475_/X (sky130_fd_sc_hd__mux2_1)
                                                         _00563_ (net)
                      0.051824    0.000000   13.839730 v _14947_/D (sky130_fd_sc_hd__dfrtp_2)
                                             13.839730   data arrival time

                      0.150000   10.000000   10.000000   clock clk_i (rise edge)
                                  0.000000   10.000000   clock network delay (ideal)
                                 -0.250000    9.750000   clock uncertainty
                                  0.000000    9.750000   clock reconvergence pessimism
                                              9.750000 ^ _14947_/CLK (sky130_fd_sc_hd__dfrtp_2)
                                 -0.094183    9.655818   library setup time
                                              9.655818   data required time
---------------------------------------------------------------------------------------------
                                              9.655818   data required time
                                            -13.839730   data arrival time
---------------------------------------------------------------------------------------------
                                             -4.183913   slack (VIOLATED)




===========================================================================
report_checks --slack_max -0.01
============================================================================
======================= nom_tt_025C_1v80 Corner ===================================

Startpoint: rst_ni (input port clocked by clk_i)
Endpoint: _14382_ (recovery check against rising-edge clock clk_i)
Path Group: asynchronous
Path Type: max

Fanout         Cap        Slew       Delay        Time   Description
---------------------------------------------------------------------------------------------
                      0.150000    0.000000    0.000000   clock clk_i (rise edge)
                                  0.000000    0.000000   clock network delay (ideal)
                                  2.000000    2.000000 ^ input external delay
  1871    6.756588   30.156078   20.602802   22.602802 ^ rst_ni (in)
                                                         rst_ni (net)
                     30.156078    0.000000   22.602802 ^ _14382_/RESET_B (sky130_fd_sc_hd__dfrtp_2)
                                             22.602802   data arrival time

                      0.150000   10.000000   10.000000   clock clk_i (rise edge)
                                  0.000000   10.000000   clock network delay (ideal)
                                 -0.250000    9.750000   clock uncertainty
                                  0.000000    9.750000   clock reconvergence pessimism
                                              9.750000 ^ _14382_/CLK (sky130_fd_sc_hd__dfrtp_2)
                                 -9.988978   -0.238979   library recovery time
                                             -0.238979   data required time
---------------------------------------------------------------------------------------------
                                             -0.238979   data required time
                                            -22.602802   data arrival time
---------------------------------------------------------------------------------------------
                                            -22.841782   slack (VIOLATED)


Startpoint: _15089_ (rising edge-triggered flip-flop clocked by clk_i)
Endpoint: _14947_ (rising edge-triggered flip-flop clocked by clk_i)
Path Group: clk_i
Path Type: max

Fanout         Cap        Slew       Delay        Time   Description
---------------------------------------------------------------------------------------------
                      0.150000    0.000000    0.000000   clock clk_i (rise edge)
                                  0.000000    0.000000   clock network delay (ideal)
                      0.150000    0.000000    0.000000 ^ _15089_/CLK (sky130_fd_sc_hd__dfrtp_2)
    37    0.082707    0.211979    0.597244    0.597244 v _15089_/Q (sky130_fd_sc_hd__dfrtp_2)
                                                         gen_regfile_ff.register_file_i.raddr_b_i[0] (net)
                      0.211979    0.000000    0.597244 v _07186_/A (sky130_fd_sc_hd__or4b_2)
     3    0.012462    0.141815    0.776427    1.373671 v _07186_/X (sky130_fd_sc_hd__or4b_2)
                                                         _02013_ (net)
                      0.141815    0.000000    1.373671 v _07191_/B (sky130_fd_sc_hd__nor2_2)
    99    0.259820    2.664522    2.003218    3.376889 ^ _07191_/Y (sky130_fd_sc_hd__nor2_2)
                                                         _02018_ (net)
                      2.664522    0.000000    3.376889 ^ _07195_/A (sky130_fd_sc_hd__nand2_2)
     2    0.005652    0.313154    0.072611    3.449500 v _07195_/Y (sky130_fd_sc_hd__nand2_2)
                                                         _02022_ (net)
                      0.313154    0.000000    3.449500 v _07207_/C (sky130_fd_sc_hd__and4bb_2)
     1    0.002281    0.038867    0.335552    3.785052 v _07207_/X (sky130_fd_sc_hd__and4bb_2)
                                                         _02034_ (net)
                      0.038867    0.000000    3.785052 v _07220_/A1 (sky130_fd_sc_hd__o211a_2)
     1    0.001362    0.036273    0.239823    4.024875 v _07220_/X (sky130_fd_sc_hd__o211a_2)
                                                         _02047_ (net)
                      0.036273    0.000000    4.024875 v _07261_/A (sky130_fd_sc_hd__or4b_2)
     7    0.021514    0.168962    0.762911    4.787786 v _07261_/X (sky130_fd_sc_hd__or4b_2)
                                                         _02088_ (net)
                      0.168962    0.000000    4.787786 v _07363_/B1 (sky130_fd_sc_hd__a21oi_2)
     3    0.011194    0.173057    0.207551    4.995337 ^ _07363_/Y (sky130_fd_sc_hd__a21oi_2)
                                                         _02190_ (net)
                      0.173057    0.000000    4.995337 ^ _07405_/A (sky130_fd_sc_hd__nand4_2)
     3    0.008893    0.114718    0.125317    5.120653 v _07405_/Y (sky130_fd_sc_hd__nand4_2)
                                                         _02230_ (net)
                      0.114718    0.000000    5.120653 v _09366_/A1 (sky130_fd_sc_hd__a41o_2)
     3    0.008797    0.054703    0.254364    5.375017 v _09366_/X (sky130_fd_sc_hd__a41o_2)
                                                         _04150_ (net)
                      0.054703    0.000000    5.375017 v _09416_/A1 (sky130_fd_sc_hd__a21oi_2)
    59    0.218331    2.503901    1.877558    7.252575 ^ _09416_/Y (sky130_fd_sc_hd__a21oi_2)
                                                         _04200_ (net)
                      2.503901    0.000000    7.252575 ^ _09467_/B (sky130_fd_sc_hd__nand2_2)
     4    0.012500    0.335302    0.220031    7.472606 v _09467_/Y (sky130_fd_sc_hd__nand2_2)
                                                         _04240_ (net)
                      0.335302    0.000000    7.472606 v _12406_/A2 (sky130_fd_sc_hd__a221o_2)
     3    0.014168    0.085940    0.529766    8.002373 v _12406_/X (sky130_fd_sc_hd__a221o_2)
                                                         _06572_ (net)
                      0.085940    0.000000    8.002373 v _12410_/B1 (sky130_fd_sc_hd__a211o_2)
     2    0.010032    0.069812    0.343920    8.346292 v _12410_/X (sky130_fd_sc_hd__a211o_2)
                                                         _06574_ (net)
                      0.069812    0.000000    8.346292 v _12413_/B1 (sky130_fd_sc_hd__a211o_2)
     3    0.011642    0.074533    0.344820    8.691113 v _12413_/X (sky130_fd_sc_hd__a211o_2)
                                                         _06575_ (net)
                      0.074533    0.000000    8.691113 v _12416_/B1 (sky130_fd_sc_hd__a31o_2)
     3    0.014052    0.065262    0.256259    8.947371 v _12416_/X (sky130_fd_sc_hd__a31o_2)
                                                         _06577_ (net)
                      0.065262    0.000000    8.947371 v _12420_/B1 (sky130_fd_sc_hd__a311o_2)
     4    0.008200    0.070502    0.377586    9.324957 v _12420_/X (sky130_fd_sc_hd__a311o_2)
                                                         _06579_ (net)
                      0.070502    0.000000    9.324957 v _12427_/D (sky130_fd_sc_hd__or4_2)
     4    0.015951    0.151537    0.620123    9.945080 v _12427_/X (sky130_fd_sc_hd__or4_2)
                                                         _06583_ (net)
                      0.151537    0.000000    9.945080 v _12435_/D1 (sky130_fd_sc_hd__a2111o_2)
     2    0.002853    0.061593    0.366631   10.311711 v _12435_/X (sky130_fd_sc_hd__a2111o_2)
                                                         _06588_ (net)
                      0.061593    0.000000   10.311711 v _12442_/B (sky130_fd_sc_hd__or4b_2)
     3    0.006954    0.119123    0.660262   10.971973 v _12442_/X (sky130_fd_sc_hd__or4b_2)
                                                         _06592_ (net)
                      0.119123    0.000000   10.971973 v _12446_/B (sky130_fd_sc_hd__or2_2)
     4    0.008343    0.072325    0.321073   11.293046 v _12446_/X (sky130_fd_sc_hd__or2_2)
                                                         _06595_ (net)
                      0.072325    0.000000   11.293046 v _12454_/A (sky130_fd_sc_hd__or4bb_2)
     4    0.014907    0.143244    0.703591   11.996637 v _12454_/X (sky130_fd_sc_hd__or4bb_2)
                                                         _06600_ (net)
                      0.143244    0.000000   11.996637 v _12458_/C (sky130_fd_sc_hd__or3_2)
     4    0.014907    0.118511    0.499387   12.496024 v _12458_/X (sky130_fd_sc_hd__or3_2)
                                                         _06602_ (net)
                      0.118511    0.000000   12.496024 v _12462_/C (sky130_fd_sc_hd__or3_2)
     3    0.006954    0.093309    0.450862   12.946887 v _12462_/X (sky130_fd_sc_hd__or3_2)
                                                         _06604_ (net)
                      0.093309    0.000000   12.946887 v _12465_/B (sky130_fd_sc_hd__or2_2)
     3    0.004450    0.061408    0.294340   13.241226 v _12465_/X (sky130_fd_sc_hd__or2_2)
                                                         _06606_ (net)
                      0.061408    0.000000   13.241226 v _12469_/A_N (sky130_fd_sc_hd__and2b_2)
     3    0.011288    0.073767    0.241304   13.482531 ^ _12469_/X (sky130_fd_sc_hd__and2b_2)
                                                         _06609_ (net)
                      0.073767    0.000000   13.482531 ^ _12472_/A2 (sky130_fd_sc_hd__a21oi_2)
     2    0.005430    0.043809    0.061863   13.544393 v _12472_/Y (sky130_fd_sc_hd__a21oi_2)
                                                         _06611_ (net)
                      0.043809    0.000000   13.544393 v _12475_/S (sky130_fd_sc_hd__mux2_1)
     1    0.001949    0.051824    0.295338   13.839730 v _12475_/X (sky130_fd_sc_hd__mux2_1)
                                                         _00563_ (net)
                      0.051824    0.000000   13.839730 v _14947_/D (sky130_fd_sc_hd__dfrtp_2)
                                             13.839730   data arrival time

                      0.150000   10.000000   10.000000   clock clk_i (rise edge)
                                  0.000000   10.000000   clock network delay (ideal)
                                 -0.250000    9.750000   clock uncertainty
                                  0.000000    9.750000   clock reconvergence pessimism
                                              9.750000 ^ _14947_/CLK (sky130_fd_sc_hd__dfrtp_2)
                                 -0.094183    9.655818   library setup time
                                              9.655818   data required time
---------------------------------------------------------------------------------------------
                                              9.655818   data required time
                                            -13.839730   data arrival time
---------------------------------------------------------------------------------------------
                                             -4.183913   slack (VIOLATED)




===========================================================================
 report_check_types -max_slew -max_cap -max_fanout -violators
============================================================================
======================= nom_tt_025C_1v80 Corner ===================================

max slew

Pin                                        Limit        Slew       Slack
------------------------------------------------------------------------
rst_ni                                  0.750000   30.156078  -29.406078 (VIOLATED)
_14382_/RESET_B                         0.750000   30.156078  -29.406078 (VIOLATED)
_14383_/SET_B                           0.750000   30.156078  -29.406078 (VIOLATED)
_14384_/SET_B                           0.750000   30.156078  -29.406078 (VIOLATED)
_14385_/RESET_B                         0.750000   30.156078  -29.406078 (VIOLATED)
_14386_/RESET_B                         0.750000   30.156078  -29.406078 (VIOLATED)
_14387_/RESET_B                         0.750000   30.156078  -29.406078 (VIOLATED)
_14388_/RESET_B                         0.750000   30.156078  -29.406078 (VIOLATED)
_14389_/RESET_B                         0.750000   30.156078  -29.406078 (VIOLATED)
_14390_/RESET_B                         0.750000   30.156078  -29.406078 (VIOLATED)
_14391_/RESET_B                         0.750000   30.156078  -29.406078 (VIOLATED)
_14392_/RESET_B                         0.750000   30.156078  -29.406078 (VIOLATED)
_14393_/RESET_B                         0.750000   30.156078  -29.406078 (VIOLATED)
_14394_/RESET_B                         0.750000   30.156078  -29.406078 (VIOLATED)
_14395_/RESET_B                         0.750000   30.156078  -29.406078 (VIOLATED)
_14396_/RESET_B                         0.750000   30.156078  -29.406078 (VIOLATED)
_14397_/RESET_B                         0.750000   30.156078  -29.406078 (VIOLATED)
_14398_/RESET_B                         0.750000   30.156078  -29.406078 (VIOLATED)
_14399_/RESET_B                         0.750000   30.156078  -29.406078 (VIOLATED)
_14400_/RESET_B                         0.750000   30.156078  -29.406078 (VIOLATED)
_14401_/RESET_B                         0.750000   30.156078  -29.406078 (VIOLATED)
_14402_/RESET_B                         0.750000   30.156078  -29.406078 (VIOLATED)
_14403_/RESET_B                         0.750000   30.156078  -29.406078 (VIOLATED)
_14404_/RESET_B                         0.750000   30.156078  -29.406078 (VIOLATED)
_14405_/RESET_B                         0.750000   30.156078  -29.406078 (VIOLATED)
_14406_/RESET_B                         0.750000   30.156078  -29.406078 (VIOLATED)
_14407_/RESET_B                         0.750000   30.156078  -29.406078 (VIOLATED)
_14408_/RESET_B                         0.750000   30.156078  -29.406078 (VIOLATED)
_14409_/RESET_B                         0.750000   30.156078  -29.406078 (VIOLATED)
_14410_/RESET_B                         0.750000   30.156078  -29.406078 (VIOLATED)
_14411_/RESET_B                         0.750000   30.156078  -29.406078 (VIOLATED)
_14412_/RESET_B                         0.750000   30.156078  -29.406078 (VIOLATED)
_14413_/RESET_B                         0.750000   30.156078  -29.406078 (VIOLATED)
_14414_/RESET_B                         0.750000   30.156078  -29.406078 (VIOLATED)
_14415_/RESET_B                         0.750000   30.156078  -29.406078 (VIOLATED)
_14416_/RESET_B                         0.750000   30.156078  -29.406078 (VIOLATED)
_14417_/RESET_B                         0.750000   30.156078  -29.406078 (VIOLATED)
_14418_/RESET_B                         0.750000   30.156078  -29.406078 (VIOLATED)
_14419_/RESET_B                         0.750000   30.156078  -29.406078 (VIOLATED)
_14420_/RESET_B                         0.750000   30.156078  -29.406078 (VIOLATED)
_14421_/RESET_B                         0.750000   30.156078  -29.406078 (VIOLATED)
_14422_/RESET_B                         0.750000   30.156078  -29.406078 (VIOLATED)
_14423_/RESET_B                         0.750000   30.156078  -29.406078 (VIOLATED)
_14424_/RESET_B                         0.750000   30.156078  -29.406078 (VIOLATED)
_14425_/RESET_B                         0.750000   30.156078  -29.406078 (VIOLATED)
_14426_/RESET_B                         0.750000   30.156078  -29.406078 (VIOLATED)
_14427_/RESET_B                         0.750000   30.156078  -29.406078 (VIOLATED)
_14428_/RESET_B                         0.750000   30.156078  -29.406078 (VIOLATED)
_14429_/RESET_B                         0.750000   30.156078  -29.406078 (VIOLATED)
_14430_/RESET_B                         0.750000   30.156078  -29.406078 (VIOLATED)
_14431_/RESET_B                         0.750000   30.156078  -29.406078 (VIOLATED)
_14432_/RESET_B                         0.750000   30.156078  -29.406078 (VIOLATED)
_14433_/RESET_B                         0.750000   30.156078  -29.406078 (VIOLATED)
_14434_/RESET_B                         0.750000   30.156078  -29.406078 (VIOLATED)
_14435_/RESET_B                         0.750000   30.156078  -29.406078 (VIOLATED)
_14436_/RESET_B                         0.750000   30.156078  -29.406078 (VIOLATED)
_14437_/RESET_B                         0.750000   30.156078  -29.406078 (VIOLATED)
_14438_/RESET_B                         0.750000   30.156078  -29.406078 (VIOLATED)
_14439_/RESET_B                         0.750000   30.156078  -29.406078 (VIOLATED)
_14440_/RESET_B                         0.750000   30.156078  -29.406078 (VIOLATED)
_14441_/RESET_B                         0.750000   30.156078  -29.406078 (VIOLATED)
_14442_/RESET_B                         0.750000   30.156078  -29.406078 (VIOLATED)
_14443_/RESET_B                         0.750000   30.156078  -29.406078 (VIOLATED)
_14444_/RESET_B                         0.750000   30.156078  -29.406078 (VIOLATED)
_14445_/RESET_B                         0.750000   30.156078  -29.406078 (VIOLATED)
_14446_/RESET_B                         0.750000   30.156078  -29.406078 (VIOLATED)
_14447_/RESET_B                         0.750000   30.156078  -29.406078 (VIOLATED)
_14448_/RESET_B                         0.750000   30.156078  -29.406078 (VIOLATED)
_14449_/RESET_B                         0.750000   30.156078  -29.406078 (VIOLATED)
_14450_/RESET_B                         0.750000   30.156078  -29.406078 (VIOLATED)
_14451_/RESET_B                         0.750000   30.156078  -29.406078 (VIOLATED)
_14452_/RESET_B                         0.750000   30.156078  -29.406078 (VIOLATED)
_14453_/RESET_B                         0.750000   30.156078  -29.406078 (VIOLATED)
_14454_/RESET_B                         0.750000   30.156078  -29.406078 (VIOLATED)
_14455_/RESET_B                         0.750000   30.156078  -29.406078 (VIOLATED)
_14456_/SET_B                           0.750000   30.156078  -29.406078 (VIOLATED)
_14457_/RESET_B                         0.750000   30.156078  -29.406078 (VIOLATED)
_14458_/RESET_B                         0.750000   30.156078  -29.406078 (VIOLATED)
_14459_/RESET_B                         0.750000   30.156078  -29.406078 (VIOLATED)
_14460_/RESET_B                         0.750000   30.156078  -29.406078 (VIOLATED)
_14461_/RESET_B                         0.750000   30.156078  -29.406078 (VIOLATED)
_14462_/RESET_B                         0.750000   30.156078  -29.406078 (VIOLATED)
_14463_/RESET_B                         0.750000   30.156078  -29.406078 (VIOLATED)
_14464_/RESET_B                         0.750000   30.156078  -29.406078 (VIOLATED)
_14465_/RESET_B                         0.750000   30.156078  -29.406078 (VIOLATED)
_14466_/RESET_B                         0.750000   30.156078  -29.406078 (VIOLATED)
_14467_/RESET_B                         0.750000   30.156078  -29.406078 (VIOLATED)
_14468_/RESET_B                         0.750000   30.156078  -29.406078 (VIOLATED)
_14469_/RESET_B                         0.750000   30.156078  -29.406078 (VIOLATED)
_14470_/RESET_B                         0.750000   30.156078  -29.406078 (VIOLATED)
_14471_/RESET_B                         0.750000   30.156078  -29.406078 (VIOLATED)
_14472_/RESET_B                         0.750000   30.156078  -29.406078 (VIOLATED)
_14473_/RESET_B                         0.750000   30.156078  -29.406078 (VIOLATED)
_14474_/RESET_B                         0.750000   30.156078  -29.406078 (VIOLATED)
_14475_/RESET_B                         0.750000   30.156078  -29.406078 (VIOLATED)
_14476_/RESET_B                         0.750000   30.156078  -29.406078 (VIOLATED)
_14477_/RESET_B                         0.750000   30.156078  -29.406078 (VIOLATED)
_14478_/RESET_B                         0.750000   30.156078  -29.406078 (VIOLATED)
_14479_/RESET_B                         0.750000   30.156078  -29.406078 (VIOLATED)
_14480_/RESET_B                         0.750000   30.156078  -29.406078 (VIOLATED)
_14481_/RESET_B                         0.750000   30.156078  -29.406078 (VIOLATED)
_14482_/RESET_B                         0.750000   30.156078  -29.406078 (VIOLATED)
_14483_/RESET_B                         0.750000   30.156078  -29.406078 (VIOLATED)
_14484_/RESET_B                         0.750000   30.156078  -29.406078 (VIOLATED)
_14485_/RESET_B                         0.750000   30.156078  -29.406078 (VIOLATED)
_14486_/RESET_B                         0.750000   30.156078  -29.406078 (VIOLATED)
_14487_/RESET_B                         0.750000   30.156078  -29.406078 (VIOLATED)
_14488_/RESET_B                         0.750000   30.156078  -29.406078 (VIOLATED)
_14489_/RESET_B                         0.750000   30.156078  -29.406078 (VIOLATED)
_14490_/RESET_B                         0.750000   30.156078  -29.406078 (VIOLATED)
_14491_/RESET_B                         0.750000   30.156078  -29.406078 (VIOLATED)
_14492_/RESET_B                         0.750000   30.156078  -29.406078 (VIOLATED)
_14493_/RESET_B                         0.750000   30.156078  -29.406078 (VIOLATED)
_14494_/RESET_B                         0.750000   30.156078  -29.406078 (VIOLATED)
_14495_/RESET_B                         0.750000   30.156078  -29.406078 (VIOLATED)
_14496_/RESET_B                         0.750000   30.156078  -29.406078 (VIOLATED)
_14497_/RESET_B                         0.750000   30.156078  -29.406078 (VIOLATED)
_14498_/RESET_B                         0.750000   30.156078  -29.406078 (VIOLATED)
_14499_/RESET_B                         0.750000   30.156078  -29.406078 (VIOLATED)
_14500_/RESET_B                         0.750000   30.156078  -29.406078 (VIOLATED)
_14501_/RESET_B                         0.750000   30.156078  -29.406078 (VIOLATED)
_14502_/RESET_B                         0.750000   30.156078  -29.406078 (VIOLATED)
_14503_/RESET_B                         0.750000   30.156078  -29.406078 (VIOLATED)
_14504_/RESET_B                         0.750000   30.156078  -29.406078 (VIOLATED)
_14505_/RESET_B                         0.750000   30.156078  -29.406078 (VIOLATED)
_14506_/RESET_B                         0.750000   30.156078  -29.406078 (VIOLATED)
_14507_/RESET_B                         0.750000   30.156078  -29.406078 (VIOLATED)
_14508_/RESET_B                         0.750000   30.156078  -29.406078 (VIOLATED)
_14509_/RESET_B                         0.750000   30.156078  -29.406078 (VIOLATED)
_14510_/RESET_B                         0.750000   30.156078  -29.406078 (VIOLATED)
_14511_/RESET_B                         0.750000   30.156078  -29.406078 (VIOLATED)
_14512_/RESET_B                         0.750000   30.156078  -29.406078 (VIOLATED)
_14513_/RESET_B                         0.750000   30.156078  -29.406078 (VIOLATED)
_14514_/RESET_B                         0.750000   30.156078  -29.406078 (VIOLATED)
_14515_/RESET_B                         0.750000   30.156078  -29.406078 (VIOLATED)
_14516_/RESET_B                         0.750000   30.156078  -29.406078 (VIOLATED)
_14517_/RESET_B                         0.750000   30.156078  -29.406078 (VIOLATED)
_14518_/RESET_B                         0.750000   30.156078  -29.406078 (VIOLATED)
_14519_/RESET_B                         0.750000   30.156078  -29.406078 (VIOLATED)
_14520_/RESET_B                         0.750000   30.156078  -29.406078 (VIOLATED)
_14521_/RESET_B                         0.750000   30.156078  -29.406078 (VIOLATED)
_14522_/RESET_B                         0.750000   30.156078  -29.406078 (VIOLATED)
_14523_/RESET_B                         0.750000   30.156078  -29.406078 (VIOLATED)
_14524_/RESET_B                         0.750000   30.156078  -29.406078 (VIOLATED)
_14525_/RESET_B                         0.750000   30.156078  -29.406078 (VIOLATED)
_14526_/RESET_B                         0.750000   30.156078  -29.406078 (VIOLATED)
_14527_/RESET_B                         0.750000   30.156078  -29.406078 (VIOLATED)
_14528_/RESET_B                         0.750000   30.156078  -29.406078 (VIOLATED)
_14529_/RESET_B                         0.750000   30.156078  -29.406078 (VIOLATED)
_14530_/RESET_B                         0.750000   30.156078  -29.406078 (VIOLATED)
_14531_/RESET_B                         0.750000   30.156078  -29.406078 (VIOLATED)
_14532_/RESET_B                         0.750000   30.156078  -29.406078 (VIOLATED)
_14533_/RESET_B                         0.750000   30.156078  -29.406078 (VIOLATED)
_14534_/RESET_B                         0.750000   30.156078  -29.406078 (VIOLATED)
_14535_/RESET_B                         0.750000   30.156078  -29.406078 (VIOLATED)
_14536_/RESET_B                         0.750000   30.156078  -29.406078 (VIOLATED)
_14537_/RESET_B                         0.750000   30.156078  -29.406078 (VIOLATED)
_14538_/RESET_B                         0.750000   30.156078  -29.406078 (VIOLATED)
_14539_/RESET_B                         0.750000   30.156078  -29.406078 (VIOLATED)
_14540_/RESET_B                         0.750000   30.156078  -29.406078 (VIOLATED)
_14541_/RESET_B                         0.750000   30.156078  -29.406078 (VIOLATED)
_14542_/RESET_B                         0.750000   30.156078  -29.406078 (VIOLATED)
_14543_/RESET_B                         0.750000   30.156078  -29.406078 (VIOLATED)
_14544_/RESET_B                         0.750000   30.156078  -29.406078 (VIOLATED)
_14545_/RESET_B                         0.750000   30.156078  -29.406078 (VIOLATED)
_14546_/RESET_B                         0.750000   30.156078  -29.406078 (VIOLATED)
_14547_/RESET_B                         0.750000   30.156078  -29.406078 (VIOLATED)
_14548_/RESET_B                         0.750000   30.156078  -29.406078 (VIOLATED)
_14549_/RESET_B                         0.750000   30.156078  -29.406078 (VIOLATED)
_14550_/RESET_B                         0.750000   30.156078  -29.406078 (VIOLATED)
_14551_/RESET_B                         0.750000   30.156078  -29.406078 (VIOLATED)
_14552_/RESET_B                         0.750000   30.156078  -29.406078 (VIOLATED)
_14553_/RESET_B                         0.750000   30.156078  -29.406078 (VIOLATED)
_14554_/RESET_B                         0.750000   30.156078  -29.406078 (VIOLATED)
_14555_/RESET_B                         0.750000   30.156078  -29.406078 (VIOLATED)
_14556_/RESET_B                         0.750000   30.156078  -29.406078 (VIOLATED)
_14557_/RESET_B                         0.750000   30.156078  -29.406078 (VIOLATED)
_14558_/RESET_B                         0.750000   30.156078  -29.406078 (VIOLATED)
_14559_/RESET_B                         0.750000   30.156078  -29.406078 (VIOLATED)
_14560_/RESET_B                         0.750000   30.156078  -29.406078 (VIOLATED)
_14561_/RESET_B                         0.750000   30.156078  -29.406078 (VIOLATED)
_14562_/RESET_B                         0.750000   30.156078  -29.406078 (VIOLATED)
_14563_/RESET_B                         0.750000   30.156078  -29.406078 (VIOLATED)
_14564_/RESET_B                         0.750000   30.156078  -29.406078 (VIOLATED)
_14565_/RESET_B                         0.750000   30.156078  -29.406078 (VIOLATED)
_14566_/RESET_B                         0.750000   30.156078  -29.406078 (VIOLATED)
_14567_/RESET_B                         0.750000   30.156078  -29.406078 (VIOLATED)
_14568_/RESET_B                         0.750000   30.156078  -29.406078 (VIOLATED)
_14569_/RESET_B                         0.750000   30.156078  -29.406078 (VIOLATED)
_14570_/RESET_B                         0.750000   30.156078  -29.406078 (VIOLATED)
_14571_/RESET_B                         0.750000   30.156078  -29.406078 (VIOLATED)
_14572_/RESET_B                         0.750000   30.156078  -29.406078 (VIOLATED)
_14573_/RESET_B                         0.750000   30.156078  -29.406078 (VIOLATED)
_14574_/RESET_B                         0.750000   30.156078  -29.406078 (VIOLATED)
_14575_/RESET_B                         0.750000   30.156078  -29.406078 (VIOLATED)
_14576_/RESET_B                         0.750000   30.156078  -29.406078 (VIOLATED)
_14577_/RESET_B                         0.750000   30.156078  -29.406078 (VIOLATED)
_14578_/RESET_B                         0.750000   30.156078  -29.406078 (VIOLATED)
_14579_/RESET_B                         0.750000   30.156078  -29.406078 (VIOLATED)
_14580_/RESET_B                         0.750000   30.156078  -29.406078 (VIOLATED)
_14581_/RESET_B                         0.750000   30.156078  -29.406078 (VIOLATED)
_14582_/RESET_B                         0.750000   30.156078  -29.406078 (VIOLATED)
_14583_/RESET_B                         0.750000   30.156078  -29.406078 (VIOLATED)
_14584_/RESET_B                         0.750000   30.156078  -29.406078 (VIOLATED)
_14585_/RESET_B                         0.750000   30.156078  -29.406078 (VIOLATED)
_14586_/RESET_B                         0.750000   30.156078  -29.406078 (VIOLATED)
_14587_/RESET_B                         0.750000   30.156078  -29.406078 (VIOLATED)
_14588_/RESET_B                         0.750000   30.156078  -29.406078 (VIOLATED)
_14589_/RESET_B                         0.750000   30.156078  -29.406078 (VIOLATED)
_14590_/RESET_B                         0.750000   30.156078  -29.406078 (VIOLATED)
_14591_/RESET_B                         0.750000   30.156078  -29.406078 (VIOLATED)
_14592_/RESET_B                         0.750000   30.156078  -29.406078 (VIOLATED)
_14593_/RESET_B                         0.750000   30.156078  -29.406078 (VIOLATED)
_14594_/RESET_B                         0.750000   30.156078  -29.406078 (VIOLATED)
_14595_/RESET_B                         0.750000   30.156078  -29.406078 (VIOLATED)
_14596_/RESET_B                         0.750000   30.156078  -29.406078 (VIOLATED)
_14597_/RESET_B                         0.750000   30.156078  -29.406078 (VIOLATED)
_14598_/RESET_B                         0.750000   30.156078  -29.406078 (VIOLATED)
_14599_/RESET_B                         0.750000   30.156078  -29.406078 (VIOLATED)
_14600_/RESET_B                         0.750000   30.156078  -29.406078 (VIOLATED)
_14601_/RESET_B                         0.750000   30.156078  -29.406078 (VIOLATED)
_14602_/RESET_B                         0.750000   30.156078  -29.406078 (VIOLATED)
_14603_/RESET_B                         0.750000   30.156078  -29.406078 (VIOLATED)
_14604_/RESET_B                         0.750000   30.156078  -29.406078 (VIOLATED)
_14605_/RESET_B                         0.750000   30.156078  -29.406078 (VIOLATED)
_14606_/RESET_B                         0.750000   30.156078  -29.406078 (VIOLATED)
_14607_/RESET_B                         0.750000   30.156078  -29.406078 (VIOLATED)
_14608_/RESET_B                         0.750000   30.156078  -29.406078 (VIOLATED)
_14609_/SET_B                           0.750000   30.156078  -29.406078 (VIOLATED)
_14610_/RESET_B                         0.750000   30.156078  -29.406078 (VIOLATED)
_14611_/RESET_B                         0.750000   30.156078  -29.406078 (VIOLATED)
_14612_/RESET_B                         0.750000   30.156078  -29.406078 (VIOLATED)
_14613_/RESET_B                         0.750000   30.156078  -29.406078 (VIOLATED)
_14614_/RESET_B                         0.750000   30.156078  -29.406078 (VIOLATED)
_14615_/RESET_B                         0.750000   30.156078  -29.406078 (VIOLATED)
_14616_/RESET_B                         0.750000   30.156078  -29.406078 (VIOLATED)
_14617_/RESET_B                         0.750000   30.156078  -29.406078 (VIOLATED)
_14618_/RESET_B                         0.750000   30.156078  -29.406078 (VIOLATED)
_14619_/RESET_B                         0.750000   30.156078  -29.406078 (VIOLATED)
_14620_/RESET_B                         0.750000   30.156078  -29.406078 (VIOLATED)
_14621_/RESET_B                         0.750000   30.156078  -29.406078 (VIOLATED)
_14622_/RESET_B                         0.750000   30.156078  -29.406078 (VIOLATED)
_14623_/RESET_B                         0.750000   30.156078  -29.406078 (VIOLATED)
_14624_/RESET_B                         0.750000   30.156078  -29.406078 (VIOLATED)
_14625_/RESET_B                         0.750000   30.156078  -29.406078 (VIOLATED)
_14626_/RESET_B                         0.750000   30.156078  -29.406078 (VIOLATED)
_14627_/RESET_B                         0.750000   30.156078  -29.406078 (VIOLATED)
_14628_/RESET_B                         0.750000   30.156078  -29.406078 (VIOLATED)
_14629_/RESET_B                         0.750000   30.156078  -29.406078 (VIOLATED)
_14630_/RESET_B                         0.750000   30.156078  -29.406078 (VIOLATED)
_14631_/RESET_B                         0.750000   30.156078  -29.406078 (VIOLATED)
_14632_/RESET_B                         0.750000   30.156078  -29.406078 (VIOLATED)
_14633_/RESET_B                         0.750000   30.156078  -29.406078 (VIOLATED)
_14634_/RESET_B                         0.750000   30.156078  -29.406078 (VIOLATED)
_14635_/RESET_B                         0.750000   30.156078  -29.406078 (VIOLATED)
_14636_/RESET_B                         0.750000   30.156078  -29.406078 (VIOLATED)
_14637_/RESET_B                         0.750000   30.156078  -29.406078 (VIOLATED)
_14638_/RESET_B                         0.750000   30.156078  -29.406078 (VIOLATED)
_14639_/RESET_B                         0.750000   30.156078  -29.406078 (VIOLATED)
_14640_/RESET_B                         0.750000   30.156078  -29.406078 (VIOLATED)
_14641_/RESET_B                         0.750000   30.156078  -29.406078 (VIOLATED)
_14642_/RESET_B                         0.750000   30.156078  -29.406078 (VIOLATED)
_14643_/RESET_B                         0.750000   30.156078  -29.406078 (VIOLATED)
_14644_/RESET_B                         0.750000   30.156078  -29.406078 (VIOLATED)
_14645_/RESET_B                         0.750000   30.156078  -29.406078 (VIOLATED)
_14646_/RESET_B                         0.750000   30.156078  -29.406078 (VIOLATED)
_14647_/RESET_B                         0.750000   30.156078  -29.406078 (VIOLATED)
_14648_/RESET_B                         0.750000   30.156078  -29.406078 (VIOLATED)
_14649_/RESET_B                         0.750000   30.156078  -29.406078 (VIOLATED)
_14650_/RESET_B                         0.750000   30.156078  -29.406078 (VIOLATED)
_14651_/RESET_B                         0.750000   30.156078  -29.406078 (VIOLATED)
_14652_/RESET_B                         0.750000   30.156078  -29.406078 (VIOLATED)
_14653_/RESET_B                         0.750000   30.156078  -29.406078 (VIOLATED)
_14654_/RESET_B                         0.750000   30.156078  -29.406078 (VIOLATED)
_14655_/RESET_B                         0.750000   30.156078  -29.406078 (VIOLATED)
_14656_/RESET_B                         0.750000   30.156078  -29.406078 (VIOLATED)
_14657_/RESET_B                         0.750000   30.156078  -29.406078 (VIOLATED)
_14658_/RESET_B                         0.750000   30.156078  -29.406078 (VIOLATED)
_14659_/RESET_B                         0.750000   30.156078  -29.406078 (VIOLATED)
_14660_/RESET_B                         0.750000   30.156078  -29.406078 (VIOLATED)
_14661_/RESET_B                         0.750000   30.156078  -29.406078 (VIOLATED)
_14662_/RESET_B                         0.750000   30.156078  -29.406078 (VIOLATED)
_14663_/RESET_B                         0.750000   30.156078  -29.406078 (VIOLATED)
_14664_/RESET_B                         0.750000   30.156078  -29.406078 (VIOLATED)
_14665_/RESET_B                         0.750000   30.156078  -29.406078 (VIOLATED)
_14666_/RESET_B                         0.750000   30.156078  -29.406078 (VIOLATED)
_14667_/RESET_B                         0.750000   30.156078  -29.406078 (VIOLATED)
_14668_/RESET_B                         0.750000   30.156078  -29.406078 (VIOLATED)
_14669_/RESET_B                         0.750000   30.156078  -29.406078 (VIOLATED)
_14670_/RESET_B                         0.750000   30.156078  -29.406078 (VIOLATED)
_14671_/RESET_B                         0.750000   30.156078  -29.406078 (VIOLATED)
_14672_/RESET_B                         0.750000   30.156078  -29.406078 (VIOLATED)
_14673_/RESET_B                         0.750000   30.156078  -29.406078 (VIOLATED)
_14674_/RESET_B                         0.750000   30.156078  -29.406078 (VIOLATED)
_14675_/RESET_B                         0.750000   30.156078  -29.406078 (VIOLATED)
_14676_/RESET_B                         0.750000   30.156078  -29.406078 (VIOLATED)
_14677_/RESET_B                         0.750000   30.156078  -29.406078 (VIOLATED)
_14678_/RESET_B                         0.750000   30.156078  -29.406078 (VIOLATED)
_14679_/RESET_B                         0.750000   30.156078  -29.406078 (VIOLATED)
_14680_/RESET_B                         0.750000   30.156078  -29.406078 (VIOLATED)
_14681_/RESET_B                         0.750000   30.156078  -29.406078 (VIOLATED)
_14682_/RESET_B                         0.750000   30.156078  -29.406078 (VIOLATED)
_14683_/RESET_B                         0.750000   30.156078  -29.406078 (VIOLATED)
_14684_/RESET_B                         0.750000   30.156078  -29.406078 (VIOLATED)
_14685_/RESET_B                         0.750000   30.156078  -29.406078 (VIOLATED)
_14686_/SET_B                           0.750000   30.156078  -29.406078 (VIOLATED)
_14687_/RESET_B                         0.750000   30.156078  -29.406078 (VIOLATED)
_14688_/RESET_B                         0.750000   30.156078  -29.406078 (VIOLATED)
_14689_/RESET_B                         0.750000   30.156078  -29.406078 (VIOLATED)
_14690_/RESET_B                         0.750000   30.156078  -29.406078 (VIOLATED)
_14691_/RESET_B                         0.750000   30.156078  -29.406078 (VIOLATED)
_14692_/RESET_B                         0.750000   30.156078  -29.406078 (VIOLATED)
_14693_/RESET_B                         0.750000   30.156078  -29.406078 (VIOLATED)
_14694_/RESET_B                         0.750000   30.156078  -29.406078 (VIOLATED)
_14695_/RESET_B                         0.750000   30.156078  -29.406078 (VIOLATED)
_14696_/RESET_B                         0.750000   30.156078  -29.406078 (VIOLATED)
_14697_/RESET_B                         0.750000   30.156078  -29.406078 (VIOLATED)
_14698_/RESET_B                         0.750000   30.156078  -29.406078 (VIOLATED)
_14699_/RESET_B                         0.750000   30.156078  -29.406078 (VIOLATED)
_14700_/RESET_B                         0.750000   30.156078  -29.406078 (VIOLATED)
_14701_/RESET_B                         0.750000   30.156078  -29.406078 (VIOLATED)
_14702_/RESET_B                         0.750000   30.156078  -29.406078 (VIOLATED)
_14703_/RESET_B                         0.750000   30.156078  -29.406078 (VIOLATED)
_14704_/RESET_B                         0.750000   30.156078  -29.406078 (VIOLATED)
_14705_/RESET_B                         0.750000   30.156078  -29.406078 (VIOLATED)
_14706_/RESET_B                         0.750000   30.156078  -29.406078 (VIOLATED)
_14707_/RESET_B                         0.750000   30.156078  -29.406078 (VIOLATED)
_14708_/RESET_B                         0.750000   30.156078  -29.406078 (VIOLATED)
_14709_/RESET_B                         0.750000   30.156078  -29.406078 (VIOLATED)
_14710_/RESET_B                         0.750000   30.156078  -29.406078 (VIOLATED)
_14711_/RESET_B                         0.750000   30.156078  -29.406078 (VIOLATED)
_14712_/RESET_B                         0.750000   30.156078  -29.406078 (VIOLATED)
_14713_/RESET_B                         0.750000   30.156078  -29.406078 (VIOLATED)
_14714_/RESET_B                         0.750000   30.156078  -29.406078 (VIOLATED)
_14715_/RESET_B                         0.750000   30.156078  -29.406078 (VIOLATED)
_14716_/RESET_B                         0.750000   30.156078  -29.406078 (VIOLATED)
_14717_/RESET_B                         0.750000   30.156078  -29.406078 (VIOLATED)
_14718_/RESET_B                         0.750000   30.156078  -29.406078 (VIOLATED)
_14719_/SET_B                           0.750000   30.156078  -29.406078 (VIOLATED)
_14720_/SET_B                           0.750000   30.156078  -29.406078 (VIOLATED)
_14721_/RESET_B                         0.750000   30.156078  -29.406078 (VIOLATED)
_14722_/RESET_B                         0.750000   30.156078  -29.406078 (VIOLATED)
_14723_/RESET_B                         0.750000   30.156078  -29.406078 (VIOLATED)
_14724_/RESET_B                         0.750000   30.156078  -29.406078 (VIOLATED)
_14725_/RESET_B                         0.750000   30.156078  -29.406078 (VIOLATED)
_14726_/RESET_B                         0.750000   30.156078  -29.406078 (VIOLATED)
_14727_/RESET_B                         0.750000   30.156078  -29.406078 (VIOLATED)
_14728_/RESET_B                         0.750000   30.156078  -29.406078 (VIOLATED)
_14729_/RESET_B                         0.750000   30.156078  -29.406078 (VIOLATED)
_14730_/RESET_B                         0.750000   30.156078  -29.406078 (VIOLATED)
_14731_/RESET_B                         0.750000   30.156078  -29.406078 (VIOLATED)
_14732_/RESET_B                         0.750000   30.156078  -29.406078 (VIOLATED)
_14733_/RESET_B                         0.750000   30.156078  -29.406078 (VIOLATED)
_14734_/RESET_B                         0.750000   30.156078  -29.406078 (VIOLATED)
_14735_/RESET_B                         0.750000   30.156078  -29.406078 (VIOLATED)
_14736_/RESET_B                         0.750000   30.156078  -29.406078 (VIOLATED)
_14737_/RESET_B                         0.750000   30.156078  -29.406078 (VIOLATED)
_14738_/RESET_B                         0.750000   30.156078  -29.406078 (VIOLATED)
_14739_/RESET_B                         0.750000   30.156078  -29.406078 (VIOLATED)
_14740_/RESET_B                         0.750000   30.156078  -29.406078 (VIOLATED)
_14741_/RESET_B                         0.750000   30.156078  -29.406078 (VIOLATED)
_14742_/RESET_B                         0.750000   30.156078  -29.406078 (VIOLATED)
_14743_/RESET_B                         0.750000   30.156078  -29.406078 (VIOLATED)
_14744_/RESET_B                         0.750000   30.156078  -29.406078 (VIOLATED)
_14745_/RESET_B                         0.750000   30.156078  -29.406078 (VIOLATED)
_14746_/RESET_B                         0.750000   30.156078  -29.406078 (VIOLATED)
_14747_/RESET_B                         0.750000   30.156078  -29.406078 (VIOLATED)
_14748_/RESET_B                         0.750000   30.156078  -29.406078 (VIOLATED)
_14749_/RESET_B                         0.750000   30.156078  -29.406078 (VIOLATED)
_14750_/RESET_B                         0.750000   30.156078  -29.406078 (VIOLATED)
_14751_/RESET_B                         0.750000   30.156078  -29.406078 (VIOLATED)
_14752_/RESET_B                         0.750000   30.156078  -29.406078 (VIOLATED)
_14753_/RESET_B                         0.750000   30.156078  -29.406078 (VIOLATED)
_14754_/RESET_B                         0.750000   30.156078  -29.406078 (VIOLATED)
_14755_/RESET_B                         0.750000   30.156078  -29.406078 (VIOLATED)
_14756_/RESET_B                         0.750000   30.156078  -29.406078 (VIOLATED)
_14757_/RESET_B                         0.750000   30.156078  -29.406078 (VIOLATED)
_14758_/RESET_B                         0.750000   30.156078  -29.406078 (VIOLATED)
_14759_/RESET_B                         0.750000   30.156078  -29.406078 (VIOLATED)
_14760_/RESET_B                         0.750000   30.156078  -29.406078 (VIOLATED)
_14761_/RESET_B                         0.750000   30.156078  -29.406078 (VIOLATED)
_14762_/RESET_B                         0.750000   30.156078  -29.406078 (VIOLATED)
_14763_/RESET_B                         0.750000   30.156078  -29.406078 (VIOLATED)
_14764_/RESET_B                         0.750000   30.156078  -29.406078 (VIOLATED)
_14765_/RESET_B                         0.750000   30.156078  -29.406078 (VIOLATED)
_14766_/RESET_B                         0.750000   30.156078  -29.406078 (VIOLATED)
_14767_/RESET_B                         0.750000   30.156078  -29.406078 (VIOLATED)
_14768_/RESET_B                         0.750000   30.156078  -29.406078 (VIOLATED)
_14769_/RESET_B                         0.750000   30.156078  -29.406078 (VIOLATED)
_14770_/RESET_B                         0.750000   30.156078  -29.406078 (VIOLATED)
_14771_/RESET_B                         0.750000   30.156078  -29.406078 (VIOLATED)
_14772_/RESET_B                         0.750000   30.156078  -29.406078 (VIOLATED)
_14773_/RESET_B                         0.750000   30.156078  -29.406078 (VIOLATED)
_14774_/RESET_B                         0.750000   30.156078  -29.406078 (VIOLATED)
_14775_/RESET_B                         0.750000   30.156078  -29.406078 (VIOLATED)
_14776_/RESET_B                         0.750000   30.156078  -29.406078 (VIOLATED)
_14777_/RESET_B                         0.750000   30.156078  -29.406078 (VIOLATED)
_14778_/RESET_B                         0.750000   30.156078  -29.406078 (VIOLATED)
_14779_/RESET_B                         0.750000   30.156078  -29.406078 (VIOLATED)
_14780_/RESET_B                         0.750000   30.156078  -29.406078 (VIOLATED)
_14781_/RESET_B                         0.750000   30.156078  -29.406078 (VIOLATED)
_14782_/RESET_B                         0.750000   30.156078  -29.406078 (VIOLATED)
_14783_/RESET_B                         0.750000   30.156078  -29.406078 (VIOLATED)
_14784_/RESET_B                         0.750000   30.156078  -29.406078 (VIOLATED)
_14785_/RESET_B                         0.750000   30.156078  -29.406078 (VIOLATED)
_14786_/RESET_B                         0.750000   30.156078  -29.406078 (VIOLATED)
_14787_/RESET_B                         0.750000   30.156078  -29.406078 (VIOLATED)
_14788_/RESET_B                         0.750000   30.156078  -29.406078 (VIOLATED)
_14789_/RESET_B                         0.750000   30.156078  -29.406078 (VIOLATED)
_14790_/RESET_B                         0.750000   30.156078  -29.406078 (VIOLATED)
_14791_/RESET_B                         0.750000   30.156078  -29.406078 (VIOLATED)
_14792_/RESET_B                         0.750000   30.156078  -29.406078 (VIOLATED)
_14793_/RESET_B                         0.750000   30.156078  -29.406078 (VIOLATED)
_14794_/RESET_B                         0.750000   30.156078  -29.406078 (VIOLATED)
_14795_/RESET_B                         0.750000   30.156078  -29.406078 (VIOLATED)
_14796_/RESET_B                         0.750000   30.156078  -29.406078 (VIOLATED)
_14797_/RESET_B                         0.750000   30.156078  -29.406078 (VIOLATED)
_14798_/RESET_B                         0.750000   30.156078  -29.406078 (VIOLATED)
_14799_/RESET_B                         0.750000   30.156078  -29.406078 (VIOLATED)
_14800_/RESET_B                         0.750000   30.156078  -29.406078 (VIOLATED)
_14801_/RESET_B                         0.750000   30.156078  -29.406078 (VIOLATED)
_14802_/RESET_B                         0.750000   30.156078  -29.406078 (VIOLATED)
_14803_/RESET_B                         0.750000   30.156078  -29.406078 (VIOLATED)
_14804_/RESET_B                         0.750000   30.156078  -29.406078 (VIOLATED)
_14805_/RESET_B                         0.750000   30.156078  -29.406078 (VIOLATED)
_14806_/RESET_B                         0.750000   30.156078  -29.406078 (VIOLATED)
_14807_/RESET_B                         0.750000   30.156078  -29.406078 (VIOLATED)
_14808_/RESET_B                         0.750000   30.156078  -29.406078 (VIOLATED)
_14809_/RESET_B                         0.750000   30.156078  -29.406078 (VIOLATED)
_14810_/RESET_B                         0.750000   30.156078  -29.406078 (VIOLATED)
_14811_/RESET_B                         0.750000   30.156078  -29.406078 (VIOLATED)
_14812_/RESET_B                         0.750000   30.156078  -29.406078 (VIOLATED)
_14813_/RESET_B                         0.750000   30.156078  -29.406078 (VIOLATED)
_14814_/RESET_B                         0.750000   30.156078  -29.406078 (VIOLATED)
_14815_/RESET_B                         0.750000   30.156078  -29.406078 (VIOLATED)
_14816_/RESET_B                         0.750000   30.156078  -29.406078 (VIOLATED)
_14817_/RESET_B                         0.750000   30.156078  -29.406078 (VIOLATED)
_14818_/RESET_B                         0.750000   30.156078  -29.406078 (VIOLATED)
_14819_/RESET_B                         0.750000   30.156078  -29.406078 (VIOLATED)
_14820_/RESET_B                         0.750000   30.156078  -29.406078 (VIOLATED)
_14821_/RESET_B                         0.750000   30.156078  -29.406078 (VIOLATED)
_14822_/RESET_B                         0.750000   30.156078  -29.406078 (VIOLATED)
_14823_/RESET_B                         0.750000   30.156078  -29.406078 (VIOLATED)
_14824_/RESET_B                         0.750000   30.156078  -29.406078 (VIOLATED)
_14825_/RESET_B                         0.750000   30.156078  -29.406078 (VIOLATED)
_14826_/RESET_B                         0.750000   30.156078  -29.406078 (VIOLATED)
_14827_/RESET_B                         0.750000   30.156078  -29.406078 (VIOLATED)
_14828_/RESET_B                         0.750000   30.156078  -29.406078 (VIOLATED)
_14829_/RESET_B                         0.750000   30.156078  -29.406078 (VIOLATED)
_14830_/RESET_B                         0.750000   30.156078  -29.406078 (VIOLATED)
_14831_/RESET_B                         0.750000   30.156078  -29.406078 (VIOLATED)
_14832_/RESET_B                         0.750000   30.156078  -29.406078 (VIOLATED)
_14833_/RESET_B                         0.750000   30.156078  -29.406078 (VIOLATED)
_14834_/RESET_B                         0.750000   30.156078  -29.406078 (VIOLATED)
_14835_/RESET_B                         0.750000   30.156078  -29.406078 (VIOLATED)
_14836_/RESET_B                         0.750000   30.156078  -29.406078 (VIOLATED)
_14837_/RESET_B                         0.750000   30.156078  -29.406078 (VIOLATED)
_14838_/RESET_B                         0.750000   30.156078  -29.406078 (VIOLATED)
_14839_/RESET_B                         0.750000   30.156078  -29.406078 (VIOLATED)
_14840_/RESET_B                         0.750000   30.156078  -29.406078 (VIOLATED)
_14841_/RESET_B                         0.750000   30.156078  -29.406078 (VIOLATED)
_14842_/RESET_B                         0.750000   30.156078  -29.406078 (VIOLATED)
_14843_/RESET_B                         0.750000   30.156078  -29.406078 (VIOLATED)
_14844_/RESET_B                         0.750000   30.156078  -29.406078 (VIOLATED)
_14845_/RESET_B                         0.750000   30.156078  -29.406078 (VIOLATED)
_14846_/RESET_B                         0.750000   30.156078  -29.406078 (VIOLATED)
_14847_/RESET_B                         0.750000   30.156078  -29.406078 (VIOLATED)
_14848_/RESET_B                         0.750000   30.156078  -29.406078 (VIOLATED)
_14849_/RESET_B                         0.750000   30.156078  -29.406078 (VIOLATED)
_14850_/RESET_B                         0.750000   30.156078  -29.406078 (VIOLATED)
_14851_/RESET_B                         0.750000   30.156078  -29.406078 (VIOLATED)
_14852_/RESET_B                         0.750000   30.156078  -29.406078 (VIOLATED)
_14853_/RESET_B                         0.750000   30.156078  -29.406078 (VIOLATED)
_14854_/RESET_B                         0.750000   30.156078  -29.406078 (VIOLATED)
_14855_/RESET_B                         0.750000   30.156078  -29.406078 (VIOLATED)
_14856_/RESET_B                         0.750000   30.156078  -29.406078 (VIOLATED)
_14857_/RESET_B                         0.750000   30.156078  -29.406078 (VIOLATED)
_14858_/RESET_B                         0.750000   30.156078  -29.406078 (VIOLATED)
_14859_/RESET_B                         0.750000   30.156078  -29.406078 (VIOLATED)
_14860_/SET_B                           0.750000   30.156078  -29.406078 (VIOLATED)
_14861_/RESET_B                         0.750000   30.156078  -29.406078 (VIOLATED)
_14862_/RESET_B                         0.750000   30.156078  -29.406078 (VIOLATED)
_14863_/RESET_B                         0.750000   30.156078  -29.406078 (VIOLATED)
_14864_/RESET_B                         0.750000   30.156078  -29.406078 (VIOLATED)
_14865_/RESET_B                         0.750000   30.156078  -29.406078 (VIOLATED)
_14866_/RESET_B                         0.750000   30.156078  -29.406078 (VIOLATED)
_14867_/RESET_B                         0.750000   30.156078  -29.406078 (VIOLATED)
_14868_/RESET_B                         0.750000   30.156078  -29.406078 (VIOLATED)
_14869_/RESET_B                         0.750000   30.156078  -29.406078 (VIOLATED)
_14870_/RESET_B                         0.750000   30.156078  -29.406078 (VIOLATED)
_14871_/RESET_B                         0.750000   30.156078  -29.406078 (VIOLATED)
_14872_/RESET_B                         0.750000   30.156078  -29.406078 (VIOLATED)
_14873_/RESET_B                         0.750000   30.156078  -29.406078 (VIOLATED)
_14874_/RESET_B                         0.750000   30.156078  -29.406078 (VIOLATED)
_14875_/RESET_B                         0.750000   30.156078  -29.406078 (VIOLATED)
_14876_/RESET_B                         0.750000   30.156078  -29.406078 (VIOLATED)
_14877_/RESET_B                         0.750000   30.156078  -29.406078 (VIOLATED)
_14878_/RESET_B                         0.750000   30.156078  -29.406078 (VIOLATED)
_14879_/RESET_B                         0.750000   30.156078  -29.406078 (VIOLATED)
_14880_/RESET_B                         0.750000   30.156078  -29.406078 (VIOLATED)
_14881_/RESET_B                         0.750000   30.156078  -29.406078 (VIOLATED)
_14882_/RESET_B                         0.750000   30.156078  -29.406078 (VIOLATED)
_14883_/RESET_B                         0.750000   30.156078  -29.406078 (VIOLATED)
_14884_/RESET_B                         0.750000   30.156078  -29.406078 (VIOLATED)
_14885_/RESET_B                         0.750000   30.156078  -29.406078 (VIOLATED)
_14886_/RESET_B                         0.750000   30.156078  -29.406078 (VIOLATED)
_14887_/RESET_B                         0.750000   30.156078  -29.406078 (VIOLATED)
_14888_/RESET_B                         0.750000   30.156078  -29.406078 (VIOLATED)
_14889_/RESET_B                         0.750000   30.156078  -29.406078 (VIOLATED)
_14890_/RESET_B                         0.750000   30.156078  -29.406078 (VIOLATED)
_14891_/RESET_B                         0.750000   30.156078  -29.406078 (VIOLATED)
_14892_/RESET_B                         0.750000   30.156078  -29.406078 (VIOLATED)
_14893_/RESET_B                         0.750000   30.156078  -29.406078 (VIOLATED)
_14894_/RESET_B                         0.750000   30.156078  -29.406078 (VIOLATED)
_14895_/RESET_B                         0.750000   30.156078  -29.406078 (VIOLATED)
_14896_/RESET_B                         0.750000   30.156078  -29.406078 (VIOLATED)
_14897_/RESET_B                         0.750000   30.156078  -29.406078 (VIOLATED)
_14898_/RESET_B                         0.750000   30.156078  -29.406078 (VIOLATED)
_14899_/RESET_B                         0.750000   30.156078  -29.406078 (VIOLATED)
_14900_/RESET_B                         0.750000   30.156078  -29.406078 (VIOLATED)
_14901_/RESET_B                         0.750000   30.156078  -29.406078 (VIOLATED)
_14902_/RESET_B                         0.750000   30.156078  -29.406078 (VIOLATED)
_14903_/RESET_B                         0.750000   30.156078  -29.406078 (VIOLATED)
_14904_/RESET_B                         0.750000   30.156078  -29.406078 (VIOLATED)
_14905_/RESET_B                         0.750000   30.156078  -29.406078 (VIOLATED)
_14906_/RESET_B                         0.750000   30.156078  -29.406078 (VIOLATED)
_14907_/RESET_B                         0.750000   30.156078  -29.406078 (VIOLATED)
_14908_/RESET_B                         0.750000   30.156078  -29.406078 (VIOLATED)
_14909_/RESET_B                         0.750000   30.156078  -29.406078 (VIOLATED)
_14910_/RESET_B                         0.750000   30.156078  -29.406078 (VIOLATED)
_14911_/RESET_B                         0.750000   30.156078  -29.406078 (VIOLATED)
_14912_/RESET_B                         0.750000   30.156078  -29.406078 (VIOLATED)
_14913_/RESET_B                         0.750000   30.156078  -29.406078 (VIOLATED)
_14914_/RESET_B                         0.750000   30.156078  -29.406078 (VIOLATED)
_14915_/RESET_B                         0.750000   30.156078  -29.406078 (VIOLATED)
_14916_/RESET_B                         0.750000   30.156078  -29.406078 (VIOLATED)
_14917_/RESET_B                         0.750000   30.156078  -29.406078 (VIOLATED)
_14918_/RESET_B                         0.750000   30.156078  -29.406078 (VIOLATED)
_14919_/RESET_B                         0.750000   30.156078  -29.406078 (VIOLATED)
_14920_/RESET_B                         0.750000   30.156078  -29.406078 (VIOLATED)
_14921_/RESET_B                         0.750000   30.156078  -29.406078 (VIOLATED)
_14922_/RESET_B                         0.750000   30.156078  -29.406078 (VIOLATED)
_14923_/RESET_B                         0.750000   30.156078  -29.406078 (VIOLATED)
_14924_/RESET_B                         0.750000   30.156078  -29.406078 (VIOLATED)
_14925_/RESET_B                         0.750000   30.156078  -29.406078 (VIOLATED)
_14926_/RESET_B                         0.750000   30.156078  -29.406078 (VIOLATED)
_14927_/RESET_B                         0.750000   30.156078  -29.406078 (VIOLATED)
_14928_/RESET_B                         0.750000   30.156078  -29.406078 (VIOLATED)
_14929_/RESET_B                         0.750000   30.156078  -29.406078 (VIOLATED)
_14930_/RESET_B                         0.750000   30.156078  -29.406078 (VIOLATED)
_14931_/RESET_B                         0.750000   30.156078  -29.406078 (VIOLATED)
_14932_/RESET_B                         0.750000   30.156078  -29.406078 (VIOLATED)
_14933_/RESET_B                         0.750000   30.156078  -29.406078 (VIOLATED)
_14934_/RESET_B                         0.750000   30.156078  -29.406078 (VIOLATED)
_14935_/RESET_B                         0.750000   30.156078  -29.406078 (VIOLATED)
_14936_/RESET_B                         0.750000   30.156078  -29.406078 (VIOLATED)
_14937_/RESET_B                         0.750000   30.156078  -29.406078 (VIOLATED)
_14938_/RESET_B                         0.750000   30.156078  -29.406078 (VIOLATED)
_14939_/RESET_B                         0.750000   30.156078  -29.406078 (VIOLATED)
_14940_/RESET_B                         0.750000   30.156078  -29.406078 (VIOLATED)
_14941_/RESET_B                         0.750000   30.156078  -29.406078 (VIOLATED)
_14942_/RESET_B                         0.750000   30.156078  -29.406078 (VIOLATED)
_14943_/RESET_B                         0.750000   30.156078  -29.406078 (VIOLATED)
_14944_/RESET_B                         0.750000   30.156078  -29.406078 (VIOLATED)
_14945_/RESET_B                         0.750000   30.156078  -29.406078 (VIOLATED)
_14946_/RESET_B                         0.750000   30.156078  -29.406078 (VIOLATED)
_14947_/RESET_B                         0.750000   30.156078  -29.406078 (VIOLATED)
_14948_/RESET_B                         0.750000   30.156078  -29.406078 (VIOLATED)
_14949_/RESET_B                         0.750000   30.156078  -29.406078 (VIOLATED)
_14950_/RESET_B                         0.750000   30.156078  -29.406078 (VIOLATED)
_14951_/RESET_B                         0.750000   30.156078  -29.406078 (VIOLATED)
_14952_/RESET_B                         0.750000   30.156078  -29.406078 (VIOLATED)
_14953_/RESET_B                         0.750000   30.156078  -29.406078 (VIOLATED)
_14954_/RESET_B                         0.750000   30.156078  -29.406078 (VIOLATED)
_14955_/RESET_B                         0.750000   30.156078  -29.406078 (VIOLATED)
_14956_/RESET_B                         0.750000   30.156078  -29.406078 (VIOLATED)
_14957_/RESET_B                         0.750000   30.156078  -29.406078 (VIOLATED)
_14958_/RESET_B                         0.750000   30.156078  -29.406078 (VIOLATED)
_14959_/RESET_B                         0.750000   30.156078  -29.406078 (VIOLATED)
_14960_/RESET_B                         0.750000   30.156078  -29.406078 (VIOLATED)
_14961_/RESET_B                         0.750000   30.156078  -29.406078 (VIOLATED)
_14962_/RESET_B                         0.750000   30.156078  -29.406078 (VIOLATED)
_14963_/RESET_B                         0.750000   30.156078  -29.406078 (VIOLATED)
_14964_/RESET_B                         0.750000   30.156078  -29.406078 (VIOLATED)
_14965_/RESET_B                         0.750000   30.156078  -29.406078 (VIOLATED)
_14966_/RESET_B                         0.750000   30.156078  -29.406078 (VIOLATED)
_14967_/RESET_B                         0.750000   30.156078  -29.406078 (VIOLATED)
_14968_/RESET_B                         0.750000   30.156078  -29.406078 (VIOLATED)
_14969_/RESET_B                         0.750000   30.156078  -29.406078 (VIOLATED)
_14970_/RESET_B                         0.750000   30.156078  -29.406078 (VIOLATED)
_14971_/RESET_B                         0.750000   30.156078  -29.406078 (VIOLATED)
_14972_/RESET_B                         0.750000   30.156078  -29.406078 (VIOLATED)
_14973_/RESET_B                         0.750000   30.156078  -29.406078 (VIOLATED)
_14974_/RESET_B                         0.750000   30.156078  -29.406078 (VIOLATED)
_14975_/RESET_B                         0.750000   30.156078  -29.406078 (VIOLATED)
_14976_/RESET_B                         0.750000   30.156078  -29.406078 (VIOLATED)
_14977_/RESET_B                         0.750000   30.156078  -29.406078 (VIOLATED)
_14978_/RESET_B                         0.750000   30.156078  -29.406078 (VIOLATED)
_14979_/RESET_B                         0.750000   30.156078  -29.406078 (VIOLATED)
_14980_/RESET_B                         0.750000   30.156078  -29.406078 (VIOLATED)
_14981_/RESET_B                         0.750000   30.156078  -29.406078 (VIOLATED)
_14982_/RESET_B                         0.750000   30.156078  -29.406078 (VIOLATED)
_14983_/RESET_B                         0.750000   30.156078  -29.406078 (VIOLATED)
_14984_/RESET_B                         0.750000   30.156078  -29.406078 (VIOLATED)
_14985_/RESET_B                         0.750000   30.156078  -29.406078 (VIOLATED)
_14986_/RESET_B                         0.750000   30.156078  -29.406078 (VIOLATED)
_14987_/RESET_B                         0.750000   30.156078  -29.406078 (VIOLATED)
_14988_/RESET_B                         0.750000   30.156078  -29.406078 (VIOLATED)
_14989_/RESET_B                         0.750000   30.156078  -29.406078 (VIOLATED)
_14990_/RESET_B                         0.750000   30.156078  -29.406078 (VIOLATED)
_14991_/RESET_B                         0.750000   30.156078  -29.406078 (VIOLATED)
_14992_/RESET_B                         0.750000   30.156078  -29.406078 (VIOLATED)
_14993_/RESET_B                         0.750000   30.156078  -29.406078 (VIOLATED)
_14994_/RESET_B                         0.750000   30.156078  -29.406078 (VIOLATED)
_14995_/RESET_B                         0.750000   30.156078  -29.406078 (VIOLATED)
_14996_/RESET_B                         0.750000   30.156078  -29.406078 (VIOLATED)
_14997_/RESET_B                         0.750000   30.156078  -29.406078 (VIOLATED)
_14998_/RESET_B                         0.750000   30.156078  -29.406078 (VIOLATED)
_14999_/RESET_B                         0.750000   30.156078  -29.406078 (VIOLATED)
_15000_/RESET_B                         0.750000   30.156078  -29.406078 (VIOLATED)
_15001_/RESET_B                         0.750000   30.156078  -29.406078 (VIOLATED)
_15002_/RESET_B                         0.750000   30.156078  -29.406078 (VIOLATED)
_15003_/RESET_B                         0.750000   30.156078  -29.406078 (VIOLATED)
_15004_/RESET_B                         0.750000   30.156078  -29.406078 (VIOLATED)
_15005_/RESET_B                         0.750000   30.156078  -29.406078 (VIOLATED)
_15006_/RESET_B                         0.750000   30.156078  -29.406078 (VIOLATED)
_15007_/RESET_B                         0.750000   30.156078  -29.406078 (VIOLATED)
_15008_/RESET_B                         0.750000   30.156078  -29.406078 (VIOLATED)
_15009_/RESET_B                         0.750000   30.156078  -29.406078 (VIOLATED)
_15010_/RESET_B                         0.750000   30.156078  -29.406078 (VIOLATED)
_15011_/RESET_B                         0.750000   30.156078  -29.406078 (VIOLATED)
_15012_/RESET_B                         0.750000   30.156078  -29.406078 (VIOLATED)
_15013_/RESET_B                         0.750000   30.156078  -29.406078 (VIOLATED)
_15014_/RESET_B                         0.750000   30.156078  -29.406078 (VIOLATED)
_15015_/RESET_B                         0.750000   30.156078  -29.406078 (VIOLATED)
_15016_/RESET_B                         0.750000   30.156078  -29.406078 (VIOLATED)
_15017_/RESET_B                         0.750000   30.156078  -29.406078 (VIOLATED)
_15018_/RESET_B                         0.750000   30.156078  -29.406078 (VIOLATED)
_15019_/RESET_B                         0.750000   30.156078  -29.406078 (VIOLATED)
_15020_/RESET_B                         0.750000   30.156078  -29.406078 (VIOLATED)
_15021_/RESET_B                         0.750000   30.156078  -29.406078 (VIOLATED)
_15022_/RESET_B                         0.750000   30.156078  -29.406078 (VIOLATED)
_15023_/RESET_B                         0.750000   30.156078  -29.406078 (VIOLATED)
_15024_/RESET_B                         0.750000   30.156078  -29.406078 (VIOLATED)
_15025_/RESET_B                         0.750000   30.156078  -29.406078 (VIOLATED)
_15026_/RESET_B                         0.750000   30.156078  -29.406078 (VIOLATED)
_15027_/RESET_B                         0.750000   30.156078  -29.406078 (VIOLATED)
_15028_/RESET_B                         0.750000   30.156078  -29.406078 (VIOLATED)
_15029_/RESET_B                         0.750000   30.156078  -29.406078 (VIOLATED)
_15030_/RESET_B                         0.750000   30.156078  -29.406078 (VIOLATED)
_15031_/RESET_B                         0.750000   30.156078  -29.406078 (VIOLATED)
_15032_/RESET_B                         0.750000   30.156078  -29.406078 (VIOLATED)
_15033_/RESET_B                         0.750000   30.156078  -29.406078 (VIOLATED)
_15034_/RESET_B                         0.750000   30.156078  -29.406078 (VIOLATED)
_15035_/RESET_B                         0.750000   30.156078  -29.406078 (VIOLATED)
_15036_/RESET_B                         0.750000   30.156078  -29.406078 (VIOLATED)
_15037_/RESET_B                         0.750000   30.156078  -29.406078 (VIOLATED)
_15038_/RESET_B                         0.750000   30.156078  -29.406078 (VIOLATED)
_15039_/RESET_B                         0.750000   30.156078  -29.406078 (VIOLATED)
_15040_/RESET_B                         0.750000   30.156078  -29.406078 (VIOLATED)
_15041_/RESET_B                         0.750000   30.156078  -29.406078 (VIOLATED)
_15042_/RESET_B                         0.750000   30.156078  -29.406078 (VIOLATED)
_15043_/RESET_B                         0.750000   30.156078  -29.406078 (VIOLATED)
_15044_/RESET_B                         0.750000   30.156078  -29.406078 (VIOLATED)
_15045_/RESET_B                         0.750000   30.156078  -29.406078 (VIOLATED)
_15046_/RESET_B                         0.750000   30.156078  -29.406078 (VIOLATED)
_15047_/RESET_B                         0.750000   30.156078  -29.406078 (VIOLATED)
_15048_/RESET_B                         0.750000   30.156078  -29.406078 (VIOLATED)
_15049_/RESET_B                         0.750000   30.156078  -29.406078 (VIOLATED)
_15050_/RESET_B                         0.750000   30.156078  -29.406078 (VIOLATED)
_15051_/RESET_B                         0.750000   30.156078  -29.406078 (VIOLATED)
_15052_/RESET_B                         0.750000   30.156078  -29.406078 (VIOLATED)
_15053_/RESET_B                         0.750000   30.156078  -29.406078 (VIOLATED)
_15054_/RESET_B                         0.750000   30.156078  -29.406078 (VIOLATED)
_15055_/RESET_B                         0.750000   30.156078  -29.406078 (VIOLATED)
_15056_/RESET_B                         0.750000   30.156078  -29.406078 (VIOLATED)
_15057_/RESET_B                         0.750000   30.156078  -29.406078 (VIOLATED)
_15058_/RESET_B                         0.750000   30.156078  -29.406078 (VIOLATED)
_15059_/RESET_B                         0.750000   30.156078  -29.406078 (VIOLATED)
_15060_/RESET_B                         0.750000   30.156078  -29.406078 (VIOLATED)
_15061_/RESET_B                         0.750000   30.156078  -29.406078 (VIOLATED)
_15062_/RESET_B                         0.750000   30.156078  -29.406078 (VIOLATED)
_15063_/RESET_B                         0.750000   30.156078  -29.406078 (VIOLATED)
_15064_/RESET_B                         0.750000   30.156078  -29.406078 (VIOLATED)
_15065_/RESET_B                         0.750000   30.156078  -29.406078 (VIOLATED)
_15066_/RESET_B                         0.750000   30.156078  -29.406078 (VIOLATED)
_15067_/RESET_B                         0.750000   30.156078  -29.406078 (VIOLATED)
_15068_/RESET_B                         0.750000   30.156078  -29.406078 (VIOLATED)
_15069_/RESET_B                         0.750000   30.156078  -29.406078 (VIOLATED)
_15070_/RESET_B                         0.750000   30.156078  -29.406078 (VIOLATED)
_15071_/RESET_B                         0.750000   30.156078  -29.406078 (VIOLATED)
_15072_/RESET_B                         0.750000   30.156078  -29.406078 (VIOLATED)
_15073_/RESET_B                         0.750000   30.156078  -29.406078 (VIOLATED)
_15074_/RESET_B                         0.750000   30.156078  -29.406078 (VIOLATED)
_15075_/RESET_B                         0.750000   30.156078  -29.406078 (VIOLATED)
_15076_/RESET_B                         0.750000   30.156078  -29.406078 (VIOLATED)
_15077_/RESET_B                         0.750000   30.156078  -29.406078 (VIOLATED)
_15078_/RESET_B                         0.750000   30.156078  -29.406078 (VIOLATED)
_15079_/RESET_B                         0.750000   30.156078  -29.406078 (VIOLATED)
_15080_/RESET_B                         0.750000   30.156078  -29.406078 (VIOLATED)
_15081_/RESET_B                         0.750000   30.156078  -29.406078 (VIOLATED)
_15082_/RESET_B                         0.750000   30.156078  -29.406078 (VIOLATED)
_15083_/RESET_B                         0.750000   30.156078  -29.406078 (VIOLATED)
_15084_/RESET_B                         0.750000   30.156078  -29.406078 (VIOLATED)
_15085_/RESET_B                         0.750000   30.156078  -29.406078 (VIOLATED)
_15086_/RESET_B                         0.750000   30.156078  -29.406078 (VIOLATED)
_15087_/RESET_B                         0.750000   30.156078  -29.406078 (VIOLATED)
_15088_/RESET_B                         0.750000   30.156078  -29.406078 (VIOLATED)
_15089_/RESET_B                         0.750000   30.156078  -29.406078 (VIOLATED)
_15090_/RESET_B                         0.750000   30.156078  -29.406078 (VIOLATED)
_15091_/RESET_B                         0.750000   30.156078  -29.406078 (VIOLATED)
_15092_/RESET_B                         0.750000   30.156078  -29.406078 (VIOLATED)
_15093_/RESET_B                         0.750000   30.156078  -29.406078 (VIOLATED)
_15094_/RESET_B                         0.750000   30.156078  -29.406078 (VIOLATED)
_15095_/RESET_B                         0.750000   30.156078  -29.406078 (VIOLATED)
_15096_/RESET_B                         0.750000   30.156078  -29.406078 (VIOLATED)
_15097_/RESET_B                         0.750000   30.156078  -29.406078 (VIOLATED)
_15098_/RESET_B                         0.750000   30.156078  -29.406078 (VIOLATED)
_15099_/RESET_B                         0.750000   30.156078  -29.406078 (VIOLATED)
_15100_/RESET_B                         0.750000   30.156078  -29.406078 (VIOLATED)
_15101_/RESET_B                         0.750000   30.156078  -29.406078 (VIOLATED)
_15102_/RESET_B                         0.750000   30.156078  -29.406078 (VIOLATED)
_15103_/RESET_B                         0.750000   30.156078  -29.406078 (VIOLATED)
_15104_/RESET_B                         0.750000   30.156078  -29.406078 (VIOLATED)
_15105_/RESET_B                         0.750000   30.156078  -29.406078 (VIOLATED)
_15106_/RESET_B                         0.750000   30.156078  -29.406078 (VIOLATED)
_15107_/RESET_B                         0.750000   30.156078  -29.406078 (VIOLATED)
_15108_/RESET_B                         0.750000   30.156078  -29.406078 (VIOLATED)
_15109_/RESET_B                         0.750000   30.156078  -29.406078 (VIOLATED)
_15110_/RESET_B                         0.750000   30.156078  -29.406078 (VIOLATED)
_15111_/RESET_B                         0.750000   30.156078  -29.406078 (VIOLATED)
_15112_/RESET_B                         0.750000   30.156078  -29.406078 (VIOLATED)
_15113_/RESET_B                         0.750000   30.156078  -29.406078 (VIOLATED)
_15114_/RESET_B                         0.750000   30.156078  -29.406078 (VIOLATED)
_15115_/RESET_B                         0.750000   30.156078  -29.406078 (VIOLATED)
_15116_/RESET_B                         0.750000   30.156078  -29.406078 (VIOLATED)
_15117_/RESET_B                         0.750000   30.156078  -29.406078 (VIOLATED)
_15118_/RESET_B                         0.750000   30.156078  -29.406078 (VIOLATED)
_15119_/RESET_B                         0.750000   30.156078  -29.406078 (VIOLATED)
_15120_/RESET_B                         0.750000   30.156078  -29.406078 (VIOLATED)
_15121_/RESET_B                         0.750000   30.156078  -29.406078 (VIOLATED)
_15122_/RESET_B                         0.750000   30.156078  -29.406078 (VIOLATED)
_15123_/RESET_B                         0.750000   30.156078  -29.406078 (VIOLATED)
_15124_/RESET_B                         0.750000   30.156078  -29.406078 (VIOLATED)
_15125_/RESET_B                         0.750000   30.156078  -29.406078 (VIOLATED)
_15126_/RESET_B                         0.750000   30.156078  -29.406078 (VIOLATED)
_15127_/RESET_B                         0.750000   30.156078  -29.406078 (VIOLATED)
_15128_/RESET_B                         0.750000   30.156078  -29.406078 (VIOLATED)
_15129_/RESET_B                         0.750000   30.156078  -29.406078 (VIOLATED)
_15130_/RESET_B                         0.750000   30.156078  -29.406078 (VIOLATED)
_15131_/RESET_B                         0.750000   30.156078  -29.406078 (VIOLATED)
_15132_/RESET_B                         0.750000   30.156078  -29.406078 (VIOLATED)
_15133_/RESET_B                         0.750000   30.156078  -29.406078 (VIOLATED)
_15134_/RESET_B                         0.750000   30.156078  -29.406078 (VIOLATED)
_15135_/RESET_B                         0.750000   30.156078  -29.406078 (VIOLATED)
_15136_/RESET_B                         0.750000   30.156078  -29.406078 (VIOLATED)
_15137_/RESET_B                         0.750000   30.156078  -29.406078 (VIOLATED)
_15138_/RESET_B                         0.750000   30.156078  -29.406078 (VIOLATED)
_15139_/RESET_B                         0.750000   30.156078  -29.406078 (VIOLATED)
_15140_/RESET_B                         0.750000   30.156078  -29.406078 (VIOLATED)
_15141_/RESET_B                         0.750000   30.156078  -29.406078 (VIOLATED)
_15142_/RESET_B                         0.750000   30.156078  -29.406078 (VIOLATED)
_15143_/RESET_B                         0.750000   30.156078  -29.406078 (VIOLATED)
_15144_/RESET_B                         0.750000   30.156078  -29.406078 (VIOLATED)
_15145_/RESET_B                         0.750000   30.156078  -29.406078 (VIOLATED)
_15146_/RESET_B                         0.750000   30.156078  -29.406078 (VIOLATED)
_15147_/RESET_B                         0.750000   30.156078  -29.406078 (VIOLATED)
_15148_/RESET_B                         0.750000   30.156078  -29.406078 (VIOLATED)
_15149_/RESET_B                         0.750000   30.156078  -29.406078 (VIOLATED)
_15150_/RESET_B                         0.750000   30.156078  -29.406078 (VIOLATED)
_15151_/RESET_B                         0.750000   30.156078  -29.406078 (VIOLATED)
_15152_/RESET_B                         0.750000   30.156078  -29.406078 (VIOLATED)
_15153_/RESET_B                         0.750000   30.156078  -29.406078 (VIOLATED)
_15154_/RESET_B                         0.750000   30.156078  -29.406078 (VIOLATED)
_15155_/RESET_B                         0.750000   30.156078  -29.406078 (VIOLATED)
_15156_/RESET_B                         0.750000   30.156078  -29.406078 (VIOLATED)
_15157_/RESET_B                         0.750000   30.156078  -29.406078 (VIOLATED)
_15158_/RESET_B                         0.750000   30.156078  -29.406078 (VIOLATED)
_15159_/RESET_B                         0.750000   30.156078  -29.406078 (VIOLATED)
_15160_/RESET_B                         0.750000   30.156078  -29.406078 (VIOLATED)
_15161_/RESET_B                         0.750000   30.156078  -29.406078 (VIOLATED)
_15162_/RESET_B                         0.750000   30.156078  -29.406078 (VIOLATED)
_15163_/RESET_B                         0.750000   30.156078  -29.406078 (VIOLATED)
_15164_/RESET_B                         0.750000   30.156078  -29.406078 (VIOLATED)
_15165_/RESET_B                         0.750000   30.156078  -29.406078 (VIOLATED)
_15166_/RESET_B                         0.750000   30.156078  -29.406078 (VIOLATED)
_15167_/RESET_B                         0.750000   30.156078  -29.406078 (VIOLATED)
_15168_/RESET_B                         0.750000   30.156078  -29.406078 (VIOLATED)
_15169_/RESET_B                         0.750000   30.156078  -29.406078 (VIOLATED)
_15170_/RESET_B                         0.750000   30.156078  -29.406078 (VIOLATED)
_15171_/RESET_B                         0.750000   30.156078  -29.406078 (VIOLATED)
_15172_/RESET_B                         0.750000   30.156078  -29.406078 (VIOLATED)
_15173_/RESET_B                         0.750000   30.156078  -29.406078 (VIOLATED)
_15174_/RESET_B                         0.750000   30.156078  -29.406078 (VIOLATED)
_15175_/RESET_B                         0.750000   30.156078  -29.406078 (VIOLATED)
_15176_/RESET_B                         0.750000   30.156078  -29.406078 (VIOLATED)
_15177_/RESET_B                         0.750000   30.156078  -29.406078 (VIOLATED)
_15178_/RESET_B                         0.750000   30.156078  -29.406078 (VIOLATED)
_15179_/RESET_B                         0.750000   30.156078  -29.406078 (VIOLATED)
_15180_/RESET_B                         0.750000   30.156078  -29.406078 (VIOLATED)
_15181_/RESET_B                         0.750000   30.156078  -29.406078 (VIOLATED)
_15182_/RESET_B                         0.750000   30.156078  -29.406078 (VIOLATED)
_15183_/RESET_B                         0.750000   30.156078  -29.406078 (VIOLATED)
_15184_/RESET_B                         0.750000   30.156078  -29.406078 (VIOLATED)
_15185_/RESET_B                         0.750000   30.156078  -29.406078 (VIOLATED)
_15186_/RESET_B                         0.750000   30.156078  -29.406078 (VIOLATED)
_15187_/RESET_B                         0.750000   30.156078  -29.406078 (VIOLATED)
_15188_/RESET_B                         0.750000   30.156078  -29.406078 (VIOLATED)
_15189_/RESET_B                         0.750000   30.156078  -29.406078 (VIOLATED)
_15190_/RESET_B                         0.750000   30.156078  -29.406078 (VIOLATED)
_15191_/RESET_B                         0.750000   30.156078  -29.406078 (VIOLATED)
_15192_/RESET_B                         0.750000   30.156078  -29.406078 (VIOLATED)
_15193_/RESET_B                         0.750000   30.156078  -29.406078 (VIOLATED)
_15194_/RESET_B                         0.750000   30.156078  -29.406078 (VIOLATED)
_15195_/RESET_B                         0.750000   30.156078  -29.406078 (VIOLATED)
_15196_/RESET_B                         0.750000   30.156078  -29.406078 (VIOLATED)
_15197_/RESET_B                         0.750000   30.156078  -29.406078 (VIOLATED)
_15198_/RESET_B                         0.750000   30.156078  -29.406078 (VIOLATED)
_15199_/RESET_B                         0.750000   30.156078  -29.406078 (VIOLATED)
_15200_/RESET_B                         0.750000   30.156078  -29.406078 (VIOLATED)
_15201_/RESET_B                         0.750000   30.156078  -29.406078 (VIOLATED)
_15202_/RESET_B                         0.750000   30.156078  -29.406078 (VIOLATED)
_15203_/RESET_B                         0.750000   30.156078  -29.406078 (VIOLATED)
_15204_/RESET_B                         0.750000   30.156078  -29.406078 (VIOLATED)
_15205_/RESET_B                         0.750000   30.156078  -29.406078 (VIOLATED)
_15206_/RESET_B                         0.750000   30.156078  -29.406078 (VIOLATED)
_15207_/RESET_B                         0.750000   30.156078  -29.406078 (VIOLATED)
_15208_/RESET_B                         0.750000   30.156078  -29.406078 (VIOLATED)
_15209_/RESET_B                         0.750000   30.156078  -29.406078 (VIOLATED)
_15210_/RESET_B                         0.750000   30.156078  -29.406078 (VIOLATED)
_15211_/RESET_B                         0.750000   30.156078  -29.406078 (VIOLATED)
_15212_/RESET_B                         0.750000   30.156078  -29.406078 (VIOLATED)
_15213_/RESET_B                         0.750000   30.156078  -29.406078 (VIOLATED)
_15214_/RESET_B                         0.750000   30.156078  -29.406078 (VIOLATED)
_15215_/RESET_B                         0.750000   30.156078  -29.406078 (VIOLATED)
_15216_/RESET_B                         0.750000   30.156078  -29.406078 (VIOLATED)
_15217_/RESET_B                         0.750000   30.156078  -29.406078 (VIOLATED)
_15218_/RESET_B                         0.750000   30.156078  -29.406078 (VIOLATED)
_15219_/RESET_B                         0.750000   30.156078  -29.406078 (VIOLATED)
_15220_/RESET_B                         0.750000   30.156078  -29.406078 (VIOLATED)
_15221_/RESET_B                         0.750000   30.156078  -29.406078 (VIOLATED)
_15222_/RESET_B                         0.750000   30.156078  -29.406078 (VIOLATED)
_15223_/RESET_B                         0.750000   30.156078  -29.406078 (VIOLATED)
_15224_/RESET_B                         0.750000   30.156078  -29.406078 (VIOLATED)
_15225_/RESET_B                         0.750000   30.156078  -29.406078 (VIOLATED)
_15226_/RESET_B                         0.750000   30.156078  -29.406078 (VIOLATED)
_15227_/RESET_B                         0.750000   30.156078  -29.406078 (VIOLATED)
_15228_/RESET_B                         0.750000   30.156078  -29.406078 (VIOLATED)
_15229_/RESET_B                         0.750000   30.156078  -29.406078 (VIOLATED)
_15230_/RESET_B                         0.750000   30.156078  -29.406078 (VIOLATED)
_15231_/RESET_B                         0.750000   30.156078  -29.406078 (VIOLATED)
_15232_/RESET_B                         0.750000   30.156078  -29.406078 (VIOLATED)
_15233_/RESET_B                         0.750000   30.156078  -29.406078 (VIOLATED)
_15234_/RESET_B                         0.750000   30.156078  -29.406078 (VIOLATED)
_15235_/RESET_B                         0.750000   30.156078  -29.406078 (VIOLATED)
_15236_/RESET_B                         0.750000   30.156078  -29.406078 (VIOLATED)
_15237_/RESET_B                         0.750000   30.156078  -29.406078 (VIOLATED)
_15238_/RESET_B                         0.750000   30.156078  -29.406078 (VIOLATED)
_15239_/RESET_B                         0.750000   30.156078  -29.406078 (VIOLATED)
_15240_/RESET_B                         0.750000   30.156078  -29.406078 (VIOLATED)
_15241_/RESET_B                         0.750000   30.156078  -29.406078 (VIOLATED)
_15242_/RESET_B                         0.750000   30.156078  -29.406078 (VIOLATED)
_15243_/RESET_B                         0.750000   30.156078  -29.406078 (VIOLATED)
_15244_/RESET_B                         0.750000   30.156078  -29.406078 (VIOLATED)
_15245_/RESET_B                         0.750000   30.156078  -29.406078 (VIOLATED)
_15246_/RESET_B                         0.750000   30.156078  -29.406078 (VIOLATED)
_15247_/RESET_B                         0.750000   30.156078  -29.406078 (VIOLATED)
_15248_/RESET_B                         0.750000   30.156078  -29.406078 (VIOLATED)
_15249_/RESET_B                         0.750000   30.156078  -29.406078 (VIOLATED)
_15250_/RESET_B                         0.750000   30.156078  -29.406078 (VIOLATED)
_15251_/RESET_B                         0.750000   30.156078  -29.406078 (VIOLATED)
_15252_/RESET_B                         0.750000   30.156078  -29.406078 (VIOLATED)
_15253_/RESET_B                         0.750000   30.156078  -29.406078 (VIOLATED)
_15254_/RESET_B                         0.750000   30.156078  -29.406078 (VIOLATED)
_15255_/RESET_B                         0.750000   30.156078  -29.406078 (VIOLATED)
_15256_/RESET_B                         0.750000   30.156078  -29.406078 (VIOLATED)
_15257_/RESET_B                         0.750000   30.156078  -29.406078 (VIOLATED)
_15258_/RESET_B                         0.750000   30.156078  -29.406078 (VIOLATED)
_15259_/RESET_B                         0.750000   30.156078  -29.406078 (VIOLATED)
_15260_/RESET_B                         0.750000   30.156078  -29.406078 (VIOLATED)
_15261_/RESET_B                         0.750000   30.156078  -29.406078 (VIOLATED)
_15262_/RESET_B                         0.750000   30.156078  -29.406078 (VIOLATED)
_15263_/RESET_B                         0.750000   30.156078  -29.406078 (VIOLATED)
_15264_/RESET_B                         0.750000   30.156078  -29.406078 (VIOLATED)
_15265_/RESET_B                         0.750000   30.156078  -29.406078 (VIOLATED)
_15266_/RESET_B                         0.750000   30.156078  -29.406078 (VIOLATED)
_15267_/RESET_B                         0.750000   30.156078  -29.406078 (VIOLATED)
_15268_/RESET_B                         0.750000   30.156078  -29.406078 (VIOLATED)
_15269_/RESET_B                         0.750000   30.156078  -29.406078 (VIOLATED)
_15270_/RESET_B                         0.750000   30.156078  -29.406078 (VIOLATED)
_15271_/RESET_B                         0.750000   30.156078  -29.406078 (VIOLATED)
_15272_/RESET_B                         0.750000   30.156078  -29.406078 (VIOLATED)
_15273_/RESET_B                         0.750000   30.156078  -29.406078 (VIOLATED)
_15274_/RESET_B                         0.750000   30.156078  -29.406078 (VIOLATED)
_15275_/RESET_B                         0.750000   30.156078  -29.406078 (VIOLATED)
_15276_/RESET_B                         0.750000   30.156078  -29.406078 (VIOLATED)
_15277_/RESET_B                         0.750000   30.156078  -29.406078 (VIOLATED)
_15278_/RESET_B                         0.750000   30.156078  -29.406078 (VIOLATED)
_15279_/RESET_B                         0.750000   30.156078  -29.406078 (VIOLATED)
_15280_/RESET_B                         0.750000   30.156078  -29.406078 (VIOLATED)
_15281_/RESET_B                         0.750000   30.156078  -29.406078 (VIOLATED)
_15282_/RESET_B                         0.750000   30.156078  -29.406078 (VIOLATED)
_15283_/RESET_B                         0.750000   30.156078  -29.406078 (VIOLATED)
_15284_/RESET_B                         0.750000   30.156078  -29.406078 (VIOLATED)
_15285_/RESET_B                         0.750000   30.156078  -29.406078 (VIOLATED)
_15286_/RESET_B                         0.750000   30.156078  -29.406078 (VIOLATED)
_15287_/RESET_B                         0.750000   30.156078  -29.406078 (VIOLATED)
_15288_/RESET_B                         0.750000   30.156078  -29.406078 (VIOLATED)
_15289_/RESET_B                         0.750000   30.156078  -29.406078 (VIOLATED)
_15290_/RESET_B                         0.750000   30.156078  -29.406078 (VIOLATED)
_15291_/RESET_B                         0.750000   30.156078  -29.406078 (VIOLATED)
_15292_/RESET_B                         0.750000   30.156078  -29.406078 (VIOLATED)
_15293_/RESET_B                         0.750000   30.156078  -29.406078 (VIOLATED)
_15294_/RESET_B                         0.750000   30.156078  -29.406078 (VIOLATED)
_15295_/RESET_B                         0.750000   30.156078  -29.406078 (VIOLATED)
_15296_/RESET_B                         0.750000   30.156078  -29.406078 (VIOLATED)
_15297_/RESET_B                         0.750000   30.156078  -29.406078 (VIOLATED)
_15298_/RESET_B                         0.750000   30.156078  -29.406078 (VIOLATED)
_15299_/RESET_B                         0.750000   30.156078  -29.406078 (VIOLATED)
_15300_/RESET_B                         0.750000   30.156078  -29.406078 (VIOLATED)
_15301_/RESET_B                         0.750000   30.156078  -29.406078 (VIOLATED)
_15302_/RESET_B                         0.750000   30.156078  -29.406078 (VIOLATED)
_15303_/RESET_B                         0.750000   30.156078  -29.406078 (VIOLATED)
_15304_/RESET_B                         0.750000   30.156078  -29.406078 (VIOLATED)
_15305_/RESET_B                         0.750000   30.156078  -29.406078 (VIOLATED)
_15306_/RESET_B                         0.750000   30.156078  -29.406078 (VIOLATED)
_15307_/RESET_B                         0.750000   30.156078  -29.406078 (VIOLATED)
_15308_/RESET_B                         0.750000   30.156078  -29.406078 (VIOLATED)
_15309_/RESET_B                         0.750000   30.156078  -29.406078 (VIOLATED)
_15310_/RESET_B                         0.750000   30.156078  -29.406078 (VIOLATED)
_15311_/RESET_B                         0.750000   30.156078  -29.406078 (VIOLATED)
_15312_/RESET_B                         0.750000   30.156078  -29.406078 (VIOLATED)
_15313_/RESET_B                         0.750000   30.156078  -29.406078 (VIOLATED)
_15314_/RESET_B                         0.750000   30.156078  -29.406078 (VIOLATED)
_15315_/RESET_B                         0.750000   30.156078  -29.406078 (VIOLATED)
_15316_/RESET_B                         0.750000   30.156078  -29.406078 (VIOLATED)
_15317_/RESET_B                         0.750000   30.156078  -29.406078 (VIOLATED)
_15318_/RESET_B                         0.750000   30.156078  -29.406078 (VIOLATED)
_15319_/RESET_B                         0.750000   30.156078  -29.406078 (VIOLATED)
_15320_/RESET_B                         0.750000   30.156078  -29.406078 (VIOLATED)
_15321_/RESET_B                         0.750000   30.156078  -29.406078 (VIOLATED)
_15322_/RESET_B                         0.750000   30.156078  -29.406078 (VIOLATED)
_15323_/RESET_B                         0.750000   30.156078  -29.406078 (VIOLATED)
_15324_/RESET_B                         0.750000   30.156078  -29.406078 (VIOLATED)
_15325_/RESET_B                         0.750000   30.156078  -29.406078 (VIOLATED)
_15326_/RESET_B                         0.750000   30.156078  -29.406078 (VIOLATED)
_15327_/RESET_B                         0.750000   30.156078  -29.406078 (VIOLATED)
_15328_/RESET_B                         0.750000   30.156078  -29.406078 (VIOLATED)
_15329_/RESET_B                         0.750000   30.156078  -29.406078 (VIOLATED)
_15330_/RESET_B                         0.750000   30.156078  -29.406078 (VIOLATED)
_15331_/RESET_B                         0.750000   30.156078  -29.406078 (VIOLATED)
_15332_/RESET_B                         0.750000   30.156078  -29.406078 (VIOLATED)
_15333_/RESET_B                         0.750000   30.156078  -29.406078 (VIOLATED)
_15334_/RESET_B                         0.750000   30.156078  -29.406078 (VIOLATED)
_15335_/RESET_B                         0.750000   30.156078  -29.406078 (VIOLATED)
_15336_/RESET_B                         0.750000   30.156078  -29.406078 (VIOLATED)
_15337_/RESET_B                         0.750000   30.156078  -29.406078 (VIOLATED)
_15338_/RESET_B                         0.750000   30.156078  -29.406078 (VIOLATED)
_15339_/RESET_B                         0.750000   30.156078  -29.406078 (VIOLATED)
_15340_/RESET_B                         0.750000   30.156078  -29.406078 (VIOLATED)
_15341_/RESET_B                         0.750000   30.156078  -29.406078 (VIOLATED)
_15342_/RESET_B                         0.750000   30.156078  -29.406078 (VIOLATED)
_15343_/RESET_B                         0.750000   30.156078  -29.406078 (VIOLATED)
_15344_/RESET_B                         0.750000   30.156078  -29.406078 (VIOLATED)
_15345_/RESET_B                         0.750000   30.156078  -29.406078 (VIOLATED)
_15346_/RESET_B                         0.750000   30.156078  -29.406078 (VIOLATED)
_15347_/RESET_B                         0.750000   30.156078  -29.406078 (VIOLATED)
_15348_/RESET_B                         0.750000   30.156078  -29.406078 (VIOLATED)
_15349_/RESET_B                         0.750000   30.156078  -29.406078 (VIOLATED)
_15350_/RESET_B                         0.750000   30.156078  -29.406078 (VIOLATED)
_15351_/RESET_B                         0.750000   30.156078  -29.406078 (VIOLATED)
_15352_/RESET_B                         0.750000   30.156078  -29.406078 (VIOLATED)
_15353_/RESET_B                         0.750000   30.156078  -29.406078 (VIOLATED)
_15354_/RESET_B                         0.750000   30.156078  -29.406078 (VIOLATED)
_15355_/RESET_B                         0.750000   30.156078  -29.406078 (VIOLATED)
_15356_/RESET_B                         0.750000   30.156078  -29.406078 (VIOLATED)
_15357_/RESET_B                         0.750000   30.156078  -29.406078 (VIOLATED)
_15358_/RESET_B                         0.750000   30.156078  -29.406078 (VIOLATED)
_15359_/RESET_B                         0.750000   30.156078  -29.406078 (VIOLATED)
_15360_/RESET_B                         0.750000   30.156078  -29.406078 (VIOLATED)
_15361_/RESET_B                         0.750000   30.156078  -29.406078 (VIOLATED)
_15362_/RESET_B                         0.750000   30.156078  -29.406078 (VIOLATED)
_15363_/RESET_B                         0.750000   30.156078  -29.406078 (VIOLATED)
_15364_/RESET_B                         0.750000   30.156078  -29.406078 (VIOLATED)
_15365_/RESET_B                         0.750000   30.156078  -29.406078 (VIOLATED)
_15366_/RESET_B                         0.750000   30.156078  -29.406078 (VIOLATED)
_15367_/RESET_B                         0.750000   30.156078  -29.406078 (VIOLATED)
_15368_/RESET_B                         0.750000   30.156078  -29.406078 (VIOLATED)
_15369_/RESET_B                         0.750000   30.156078  -29.406078 (VIOLATED)
_15370_/RESET_B                         0.750000   30.156078  -29.406078 (VIOLATED)
_15371_/RESET_B                         0.750000   30.156078  -29.406078 (VIOLATED)
_15372_/RESET_B                         0.750000   30.156078  -29.406078 (VIOLATED)
_15373_/RESET_B                         0.750000   30.156078  -29.406078 (VIOLATED)
_15374_/RESET_B                         0.750000   30.156078  -29.406078 (VIOLATED)
_15375_/RESET_B                         0.750000   30.156078  -29.406078 (VIOLATED)
_15376_/RESET_B                         0.750000   30.156078  -29.406078 (VIOLATED)
_15377_/RESET_B                         0.750000   30.156078  -29.406078 (VIOLATED)
_15378_/RESET_B                         0.750000   30.156078  -29.406078 (VIOLATED)
_15379_/RESET_B                         0.750000   30.156078  -29.406078 (VIOLATED)
_15380_/RESET_B                         0.750000   30.156078  -29.406078 (VIOLATED)
_15381_/RESET_B                         0.750000   30.156078  -29.406078 (VIOLATED)
_15382_/RESET_B                         0.750000   30.156078  -29.406078 (VIOLATED)
_15383_/RESET_B                         0.750000   30.156078  -29.406078 (VIOLATED)
_15384_/RESET_B                         0.750000   30.156078  -29.406078 (VIOLATED)
_15385_/RESET_B                         0.750000   30.156078  -29.406078 (VIOLATED)
_15386_/RESET_B                         0.750000   30.156078  -29.406078 (VIOLATED)
_15387_/RESET_B                         0.750000   30.156078  -29.406078 (VIOLATED)
_15388_/RESET_B                         0.750000   30.156078  -29.406078 (VIOLATED)
_15389_/RESET_B                         0.750000   30.156078  -29.406078 (VIOLATED)
_15390_/RESET_B                         0.750000   30.156078  -29.406078 (VIOLATED)
_15391_/RESET_B                         0.750000   30.156078  -29.406078 (VIOLATED)
_15392_/RESET_B                         0.750000   30.156078  -29.406078 (VIOLATED)
_15393_/RESET_B                         0.750000   30.156078  -29.406078 (VIOLATED)
_15394_/RESET_B                         0.750000   30.156078  -29.406078 (VIOLATED)
_15395_/RESET_B                         0.750000   30.156078  -29.406078 (VIOLATED)
_15396_/RESET_B                         0.750000   30.156078  -29.406078 (VIOLATED)
_15397_/RESET_B                         0.750000   30.156078  -29.406078 (VIOLATED)
_15398_/RESET_B                         0.750000   30.156078  -29.406078 (VIOLATED)
_15399_/RESET_B                         0.750000   30.156078  -29.406078 (VIOLATED)
_15400_/RESET_B                         0.750000   30.156078  -29.406078 (VIOLATED)
_15401_/RESET_B                         0.750000   30.156078  -29.406078 (VIOLATED)
_15402_/RESET_B                         0.750000   30.156078  -29.406078 (VIOLATED)
_15403_/RESET_B                         0.750000   30.156078  -29.406078 (VIOLATED)
_15404_/RESET_B                         0.750000   30.156078  -29.406078 (VIOLATED)
_15405_/RESET_B                         0.750000   30.156078  -29.406078 (VIOLATED)
_15406_/RESET_B                         0.750000   30.156078  -29.406078 (VIOLATED)
_15407_/RESET_B                         0.750000   30.156078  -29.406078 (VIOLATED)
_15408_/RESET_B                         0.750000   30.156078  -29.406078 (VIOLATED)
_15409_/RESET_B                         0.750000   30.156078  -29.406078 (VIOLATED)
_15410_/RESET_B                         0.750000   30.156078  -29.406078 (VIOLATED)
_15411_/RESET_B                         0.750000   30.156078  -29.406078 (VIOLATED)
_15412_/RESET_B                         0.750000   30.156078  -29.406078 (VIOLATED)
_15413_/RESET_B                         0.750000   30.156078  -29.406078 (VIOLATED)
_15414_/RESET_B                         0.750000   30.156078  -29.406078 (VIOLATED)
_15415_/RESET_B                         0.750000   30.156078  -29.406078 (VIOLATED)
_15416_/RESET_B                         0.750000   30.156078  -29.406078 (VIOLATED)
_15417_/RESET_B                         0.750000   30.156078  -29.406078 (VIOLATED)
_15418_/RESET_B                         0.750000   30.156078  -29.406078 (VIOLATED)
_15419_/RESET_B                         0.750000   30.156078  -29.406078 (VIOLATED)
_15420_/RESET_B                         0.750000   30.156078  -29.406078 (VIOLATED)
_15421_/RESET_B                         0.750000   30.156078  -29.406078 (VIOLATED)
_15422_/RESET_B                         0.750000   30.156078  -29.406078 (VIOLATED)
_15423_/RESET_B                         0.750000   30.156078  -29.406078 (VIOLATED)
_15424_/RESET_B                         0.750000   30.156078  -29.406078 (VIOLATED)
_15425_/RESET_B                         0.750000   30.156078  -29.406078 (VIOLATED)
_15426_/RESET_B                         0.750000   30.156078  -29.406078 (VIOLATED)
_15427_/RESET_B                         0.750000   30.156078  -29.406078 (VIOLATED)
_15428_/RESET_B                         0.750000   30.156078  -29.406078 (VIOLATED)
_15429_/RESET_B                         0.750000   30.156078  -29.406078 (VIOLATED)
_15430_/RESET_B                         0.750000   30.156078  -29.406078 (VIOLATED)
_15431_/RESET_B                         0.750000   30.156078  -29.406078 (VIOLATED)
_15432_/RESET_B                         0.750000   30.156078  -29.406078 (VIOLATED)
_15433_/RESET_B                         0.750000   30.156078  -29.406078 (VIOLATED)
_15434_/RESET_B                         0.750000   30.156078  -29.406078 (VIOLATED)
_15435_/RESET_B                         0.750000   30.156078  -29.406078 (VIOLATED)
_15436_/RESET_B                         0.750000   30.156078  -29.406078 (VIOLATED)
_15437_/RESET_B                         0.750000   30.156078  -29.406078 (VIOLATED)
_15438_/RESET_B                         0.750000   30.156078  -29.406078 (VIOLATED)
_15439_/RESET_B                         0.750000   30.156078  -29.406078 (VIOLATED)
_15440_/RESET_B                         0.750000   30.156078  -29.406078 (VIOLATED)
_15441_/RESET_B                         0.750000   30.156078  -29.406078 (VIOLATED)
_15442_/RESET_B                         0.750000   30.156078  -29.406078 (VIOLATED)
_15443_/RESET_B                         0.750000   30.156078  -29.406078 (VIOLATED)
_15444_/RESET_B                         0.750000   30.156078  -29.406078 (VIOLATED)
_15445_/RESET_B                         0.750000   30.156078  -29.406078 (VIOLATED)
_15446_/RESET_B                         0.750000   30.156078  -29.406078 (VIOLATED)
_15447_/RESET_B                         0.750000   30.156078  -29.406078 (VIOLATED)
_15448_/RESET_B                         0.750000   30.156078  -29.406078 (VIOLATED)
_15449_/RESET_B                         0.750000   30.156078  -29.406078 (VIOLATED)
_15450_/RESET_B                         0.750000   30.156078  -29.406078 (VIOLATED)
_15451_/RESET_B                         0.750000   30.156078  -29.406078 (VIOLATED)
_15452_/RESET_B                         0.750000   30.156078  -29.406078 (VIOLATED)
_15453_/RESET_B                         0.750000   30.156078  -29.406078 (VIOLATED)
_15454_/RESET_B                         0.750000   30.156078  -29.406078 (VIOLATED)
_15455_/RESET_B                         0.750000   30.156078  -29.406078 (VIOLATED)
_15456_/RESET_B                         0.750000   30.156078  -29.406078 (VIOLATED)
_15457_/RESET_B                         0.750000   30.156078  -29.406078 (VIOLATED)
_15458_/RESET_B                         0.750000   30.156078  -29.406078 (VIOLATED)
_15459_/RESET_B                         0.750000   30.156078  -29.406078 (VIOLATED)
_15460_/RESET_B                         0.750000   30.156078  -29.406078 (VIOLATED)
_15461_/RESET_B                         0.750000   30.156078  -29.406078 (VIOLATED)
_15462_/RESET_B                         0.750000   30.156078  -29.406078 (VIOLATED)
_15463_/RESET_B                         0.750000   30.156078  -29.406078 (VIOLATED)
_15464_/RESET_B                         0.750000   30.156078  -29.406078 (VIOLATED)
_15465_/RESET_B                         0.750000   30.156078  -29.406078 (VIOLATED)
_15466_/RESET_B                         0.750000   30.156078  -29.406078 (VIOLATED)
_15467_/RESET_B                         0.750000   30.156078  -29.406078 (VIOLATED)
_15468_/RESET_B                         0.750000   30.156078  -29.406078 (VIOLATED)
_15469_/RESET_B                         0.750000   30.156078  -29.406078 (VIOLATED)
_15470_/RESET_B                         0.750000   30.156078  -29.406078 (VIOLATED)
_15471_/RESET_B                         0.750000   30.156078  -29.406078 (VIOLATED)
_15472_/RESET_B                         0.750000   30.156078  -29.406078 (VIOLATED)
_15473_/RESET_B                         0.750000   30.156078  -29.406078 (VIOLATED)
_15474_/RESET_B                         0.750000   30.156078  -29.406078 (VIOLATED)
_15475_/RESET_B                         0.750000   30.156078  -29.406078 (VIOLATED)
_15476_/RESET_B                         0.750000   30.156078  -29.406078 (VIOLATED)
_15477_/RESET_B                         0.750000   30.156078  -29.406078 (VIOLATED)
_15478_/RESET_B                         0.750000   30.156078  -29.406078 (VIOLATED)
_15479_/RESET_B                         0.750000   30.156078  -29.406078 (VIOLATED)
_15480_/RESET_B                         0.750000   30.156078  -29.406078 (VIOLATED)
_15481_/RESET_B                         0.750000   30.156078  -29.406078 (VIOLATED)
_15482_/RESET_B                         0.750000   30.156078  -29.406078 (VIOLATED)
_15483_/RESET_B                         0.750000   30.156078  -29.406078 (VIOLATED)
_15484_/RESET_B                         0.750000   30.156078  -29.406078 (VIOLATED)
_15485_/RESET_B                         0.750000   30.156078  -29.406078 (VIOLATED)
_15486_/RESET_B                         0.750000   30.156078  -29.406078 (VIOLATED)
_15487_/RESET_B                         0.750000   30.156078  -29.406078 (VIOLATED)
_15488_/RESET_B                         0.750000   30.156078  -29.406078 (VIOLATED)
_15489_/RESET_B                         0.750000   30.156078  -29.406078 (VIOLATED)
_15490_/RESET_B                         0.750000   30.156078  -29.406078 (VIOLATED)
_15491_/RESET_B                         0.750000   30.156078  -29.406078 (VIOLATED)
_15492_/RESET_B                         0.750000   30.156078  -29.406078 (VIOLATED)
_15493_/RESET_B                         0.750000   30.156078  -29.406078 (VIOLATED)
_15494_/RESET_B                         0.750000   30.156078  -29.406078 (VIOLATED)
_15495_/RESET_B                         0.750000   30.156078  -29.406078 (VIOLATED)
_15496_/RESET_B                         0.750000   30.156078  -29.406078 (VIOLATED)
_15497_/RESET_B                         0.750000   30.156078  -29.406078 (VIOLATED)
_15498_/RESET_B                         0.750000   30.156078  -29.406078 (VIOLATED)
_15499_/RESET_B                         0.750000   30.156078  -29.406078 (VIOLATED)
_15500_/RESET_B                         0.750000   30.156078  -29.406078 (VIOLATED)
_15501_/RESET_B                         0.750000   30.156078  -29.406078 (VIOLATED)
_15502_/RESET_B                         0.750000   30.156078  -29.406078 (VIOLATED)
_15503_/RESET_B                         0.750000   30.156078  -29.406078 (VIOLATED)
_15504_/RESET_B                         0.750000   30.156078  -29.406078 (VIOLATED)
_15505_/RESET_B                         0.750000   30.156078  -29.406078 (VIOLATED)
_15506_/RESET_B                         0.750000   30.156078  -29.406078 (VIOLATED)
_15507_/RESET_B                         0.750000   30.156078  -29.406078 (VIOLATED)
_15508_/RESET_B                         0.750000   30.156078  -29.406078 (VIOLATED)
_15509_/RESET_B                         0.750000   30.156078  -29.406078 (VIOLATED)
_15510_/RESET_B                         0.750000   30.156078  -29.406078 (VIOLATED)
_15511_/RESET_B                         0.750000   30.156078  -29.406078 (VIOLATED)
_15512_/RESET_B                         0.750000   30.156078  -29.406078 (VIOLATED)
_15513_/RESET_B                         0.750000   30.156078  -29.406078 (VIOLATED)
_15514_/RESET_B                         0.750000   30.156078  -29.406078 (VIOLATED)
_15515_/RESET_B                         0.750000   30.156078  -29.406078 (VIOLATED)
_15516_/RESET_B                         0.750000   30.156078  -29.406078 (VIOLATED)
_15517_/RESET_B                         0.750000   30.156078  -29.406078 (VIOLATED)
_15518_/RESET_B                         0.750000   30.156078  -29.406078 (VIOLATED)
_15519_/RESET_B                         0.750000   30.156078  -29.406078 (VIOLATED)
_15520_/RESET_B                         0.750000   30.156078  -29.406078 (VIOLATED)
_15521_/RESET_B                         0.750000   30.156078  -29.406078 (VIOLATED)
_15522_/RESET_B                         0.750000   30.156078  -29.406078 (VIOLATED)
_15523_/RESET_B                         0.750000   30.156078  -29.406078 (VIOLATED)
_15524_/RESET_B                         0.750000   30.156078  -29.406078 (VIOLATED)
_15525_/RESET_B                         0.750000   30.156078  -29.406078 (VIOLATED)
_15526_/RESET_B                         0.750000   30.156078  -29.406078 (VIOLATED)
_15527_/RESET_B                         0.750000   30.156078  -29.406078 (VIOLATED)
_15528_/RESET_B                         0.750000   30.156078  -29.406078 (VIOLATED)
_15529_/RESET_B                         0.750000   30.156078  -29.406078 (VIOLATED)
_15530_/RESET_B                         0.750000   30.156078  -29.406078 (VIOLATED)
_15531_/RESET_B                         0.750000   30.156078  -29.406078 (VIOLATED)
_15532_/RESET_B                         0.750000   30.156078  -29.406078 (VIOLATED)
_15533_/RESET_B                         0.750000   30.156078  -29.406078 (VIOLATED)
_15534_/RESET_B                         0.750000   30.156078  -29.406078 (VIOLATED)
_15535_/RESET_B                         0.750000   30.156078  -29.406078 (VIOLATED)
_15536_/RESET_B                         0.750000   30.156078  -29.406078 (VIOLATED)
_15537_/RESET_B                         0.750000   30.156078  -29.406078 (VIOLATED)
_15538_/RESET_B                         0.750000   30.156078  -29.406078 (VIOLATED)
_15539_/RESET_B                         0.750000   30.156078  -29.406078 (VIOLATED)
_15540_/RESET_B                         0.750000   30.156078  -29.406078 (VIOLATED)
_15541_/RESET_B                         0.750000   30.156078  -29.406078 (VIOLATED)
_15542_/RESET_B                         0.750000   30.156078  -29.406078 (VIOLATED)
_15543_/RESET_B                         0.750000   30.156078  -29.406078 (VIOLATED)
_15544_/RESET_B                         0.750000   30.156078  -29.406078 (VIOLATED)
_15545_/RESET_B                         0.750000   30.156078  -29.406078 (VIOLATED)
_15546_/RESET_B                         0.750000   30.156078  -29.406078 (VIOLATED)
_15547_/RESET_B                         0.750000   30.156078  -29.406078 (VIOLATED)
_15548_/RESET_B                         0.750000   30.156078  -29.406078 (VIOLATED)
_15549_/RESET_B                         0.750000   30.156078  -29.406078 (VIOLATED)
_15550_/RESET_B                         0.750000   30.156078  -29.406078 (VIOLATED)
_15551_/RESET_B                         0.750000   30.156078  -29.406078 (VIOLATED)
_15552_/RESET_B                         0.750000   30.156078  -29.406078 (VIOLATED)
_15553_/RESET_B                         0.750000   30.156078  -29.406078 (VIOLATED)
_15554_/RESET_B                         0.750000   30.156078  -29.406078 (VIOLATED)
_15555_/RESET_B                         0.750000   30.156078  -29.406078 (VIOLATED)
_15556_/RESET_B                         0.750000   30.156078  -29.406078 (VIOLATED)
_15557_/RESET_B                         0.750000   30.156078  -29.406078 (VIOLATED)
_15558_/RESET_B                         0.750000   30.156078  -29.406078 (VIOLATED)
_15559_/RESET_B                         0.750000   30.156078  -29.406078 (VIOLATED)
_15560_/RESET_B                         0.750000   30.156078  -29.406078 (VIOLATED)
_15561_/RESET_B                         0.750000   30.156078  -29.406078 (VIOLATED)
_15562_/RESET_B                         0.750000   30.156078  -29.406078 (VIOLATED)
_15563_/RESET_B                         0.750000   30.156078  -29.406078 (VIOLATED)
_15564_/RESET_B                         0.750000   30.156078  -29.406078 (VIOLATED)
_15565_/RESET_B                         0.750000   30.156078  -29.406078 (VIOLATED)
_15566_/RESET_B                         0.750000   30.156078  -29.406078 (VIOLATED)
_15567_/RESET_B                         0.750000   30.156078  -29.406078 (VIOLATED)
_15568_/RESET_B                         0.750000   30.156078  -29.406078 (VIOLATED)
_15569_/RESET_B                         0.750000   30.156078  -29.406078 (VIOLATED)
_15570_/RESET_B                         0.750000   30.156078  -29.406078 (VIOLATED)
_15571_/RESET_B                         0.750000   30.156078  -29.406078 (VIOLATED)
_15572_/RESET_B                         0.750000   30.156078  -29.406078 (VIOLATED)
_15573_/RESET_B                         0.750000   30.156078  -29.406078 (VIOLATED)
_15574_/RESET_B                         0.750000   30.156078  -29.406078 (VIOLATED)
_15575_/RESET_B                         0.750000   30.156078  -29.406078 (VIOLATED)
_15576_/RESET_B                         0.750000   30.156078  -29.406078 (VIOLATED)
_15577_/RESET_B                         0.750000   30.156078  -29.406078 (VIOLATED)
_15578_/RESET_B                         0.750000   30.156078  -29.406078 (VIOLATED)
_15579_/RESET_B                         0.750000   30.156078  -29.406078 (VIOLATED)
_15580_/RESET_B                         0.750000   30.156078  -29.406078 (VIOLATED)
_15581_/RESET_B                         0.750000   30.156078  -29.406078 (VIOLATED)
_15582_/RESET_B                         0.750000   30.156078  -29.406078 (VIOLATED)
_15583_/RESET_B                         0.750000   30.156078  -29.406078 (VIOLATED)
_15584_/RESET_B                         0.750000   30.156078  -29.406078 (VIOLATED)
_15585_/RESET_B                         0.750000   30.156078  -29.406078 (VIOLATED)
_15586_/RESET_B                         0.750000   30.156078  -29.406078 (VIOLATED)
_15587_/RESET_B                         0.750000   30.156078  -29.406078 (VIOLATED)
_15588_/RESET_B                         0.750000   30.156078  -29.406078 (VIOLATED)
_15589_/RESET_B                         0.750000   30.156078  -29.406078 (VIOLATED)
_15590_/RESET_B                         0.750000   30.156078  -29.406078 (VIOLATED)
_15591_/RESET_B                         0.750000   30.156078  -29.406078 (VIOLATED)
_15592_/RESET_B                         0.750000   30.156078  -29.406078 (VIOLATED)
_15593_/RESET_B                         0.750000   30.156078  -29.406078 (VIOLATED)
_15594_/RESET_B                         0.750000   30.156078  -29.406078 (VIOLATED)
_15595_/RESET_B                         0.750000   30.156078  -29.406078 (VIOLATED)
_15596_/RESET_B                         0.750000   30.156078  -29.406078 (VIOLATED)
_15597_/RESET_B                         0.750000   30.156078  -29.406078 (VIOLATED)
_15598_/RESET_B                         0.750000   30.156078  -29.406078 (VIOLATED)
_15599_/RESET_B                         0.750000   30.156078  -29.406078 (VIOLATED)
_15600_/RESET_B                         0.750000   30.156078  -29.406078 (VIOLATED)
_15601_/RESET_B                         0.750000   30.156078  -29.406078 (VIOLATED)
_15602_/RESET_B                         0.750000   30.156078  -29.406078 (VIOLATED)
_15603_/RESET_B                         0.750000   30.156078  -29.406078 (VIOLATED)
_15604_/RESET_B                         0.750000   30.156078  -29.406078 (VIOLATED)
_15605_/RESET_B                         0.750000   30.156078  -29.406078 (VIOLATED)
_15606_/RESET_B                         0.750000   30.156078  -29.406078 (VIOLATED)
_15607_/RESET_B                         0.750000   30.156078  -29.406078 (VIOLATED)
_15608_/RESET_B                         0.750000   30.156078  -29.406078 (VIOLATED)
_15609_/RESET_B                         0.750000   30.156078  -29.406078 (VIOLATED)
_15610_/RESET_B                         0.750000   30.156078  -29.406078 (VIOLATED)
_15611_/RESET_B                         0.750000   30.156078  -29.406078 (VIOLATED)
_15612_/RESET_B                         0.750000   30.156078  -29.406078 (VIOLATED)
_15613_/RESET_B                         0.750000   30.156078  -29.406078 (VIOLATED)
_15614_/RESET_B                         0.750000   30.156078  -29.406078 (VIOLATED)
_15615_/RESET_B                         0.750000   30.156078  -29.406078 (VIOLATED)
_15616_/RESET_B                         0.750000   30.156078  -29.406078 (VIOLATED)
_15617_/RESET_B                         0.750000   30.156078  -29.406078 (VIOLATED)
_15618_/RESET_B                         0.750000   30.156078  -29.406078 (VIOLATED)
_15619_/RESET_B                         0.750000   30.156078  -29.406078 (VIOLATED)
_15620_/RESET_B                         0.750000   30.156078  -29.406078 (VIOLATED)
_15621_/RESET_B                         0.750000   30.156078  -29.406078 (VIOLATED)
_15622_/RESET_B                         0.750000   30.156078  -29.406078 (VIOLATED)
_15623_/RESET_B                         0.750000   30.156078  -29.406078 (VIOLATED)
_15624_/RESET_B                         0.750000   30.156078  -29.406078 (VIOLATED)
_15625_/RESET_B                         0.750000   30.156078  -29.406078 (VIOLATED)
_15626_/RESET_B                         0.750000   30.156078  -29.406078 (VIOLATED)
_15627_/RESET_B                         0.750000   30.156078  -29.406078 (VIOLATED)
_15628_/RESET_B                         0.750000   30.156078  -29.406078 (VIOLATED)
_15629_/RESET_B                         0.750000   30.156078  -29.406078 (VIOLATED)
_15630_/RESET_B                         0.750000   30.156078  -29.406078 (VIOLATED)
_15631_/RESET_B                         0.750000   30.156078  -29.406078 (VIOLATED)
_15632_/RESET_B                         0.750000   30.156078  -29.406078 (VIOLATED)
_15633_/RESET_B                         0.750000   30.156078  -29.406078 (VIOLATED)
_15634_/RESET_B                         0.750000   30.156078  -29.406078 (VIOLATED)
_15635_/RESET_B                         0.750000   30.156078  -29.406078 (VIOLATED)
_15636_/RESET_B                         0.750000   30.156078  -29.406078 (VIOLATED)
_15637_/RESET_B                         0.750000   30.156078  -29.406078 (VIOLATED)
_15638_/RESET_B                         0.750000   30.156078  -29.406078 (VIOLATED)
_15639_/RESET_B                         0.750000   30.156078  -29.406078 (VIOLATED)
_15640_/RESET_B                         0.750000   30.156078  -29.406078 (VIOLATED)
_15641_/RESET_B                         0.750000   30.156078  -29.406078 (VIOLATED)
_15642_/RESET_B                         0.750000   30.156078  -29.406078 (VIOLATED)
_15643_/RESET_B                         0.750000   30.156078  -29.406078 (VIOLATED)
_15644_/RESET_B                         0.750000   30.156078  -29.406078 (VIOLATED)
_15645_/RESET_B                         0.750000   30.156078  -29.406078 (VIOLATED)
_15646_/RESET_B                         0.750000   30.156078  -29.406078 (VIOLATED)
_15647_/RESET_B                         0.750000   30.156078  -29.406078 (VIOLATED)
_15648_/RESET_B                         0.750000   30.156078  -29.406078 (VIOLATED)
_15649_/RESET_B                         0.750000   30.156078  -29.406078 (VIOLATED)
_15650_/RESET_B                         0.750000   30.156078  -29.406078 (VIOLATED)
_15651_/RESET_B                         0.750000   30.156078  -29.406078 (VIOLATED)
_15652_/RESET_B                         0.750000   30.156078  -29.406078 (VIOLATED)
_15653_/RESET_B                         0.750000   30.156078  -29.406078 (VIOLATED)
_15654_/RESET_B                         0.750000   30.156078  -29.406078 (VIOLATED)
_15655_/RESET_B                         0.750000   30.156078  -29.406078 (VIOLATED)
_15656_/RESET_B                         0.750000   30.156078  -29.406078 (VIOLATED)
_15657_/RESET_B                         0.750000   30.156078  -29.406078 (VIOLATED)
_15658_/RESET_B                         0.750000   30.156078  -29.406078 (VIOLATED)
_15659_/RESET_B                         0.750000   30.156078  -29.406078 (VIOLATED)
_15660_/RESET_B                         0.750000   30.156078  -29.406078 (VIOLATED)
_15661_/RESET_B                         0.750000   30.156078  -29.406078 (VIOLATED)
_15662_/RESET_B                         0.750000   30.156078  -29.406078 (VIOLATED)
_15663_/RESET_B                         0.750000   30.156078  -29.406078 (VIOLATED)
_15664_/RESET_B                         0.750000   30.156078  -29.406078 (VIOLATED)
_15665_/RESET_B                         0.750000   30.156078  -29.406078 (VIOLATED)
_15666_/RESET_B                         0.750000   30.156078  -29.406078 (VIOLATED)
_15667_/RESET_B                         0.750000   30.156078  -29.406078 (VIOLATED)
_15668_/RESET_B                         0.750000   30.156078  -29.406078 (VIOLATED)
_15669_/RESET_B                         0.750000   30.156078  -29.406078 (VIOLATED)
_15670_/RESET_B                         0.750000   30.156078  -29.406078 (VIOLATED)
_15671_/RESET_B                         0.750000   30.156078  -29.406078 (VIOLATED)
_15672_/RESET_B                         0.750000   30.156078  -29.406078 (VIOLATED)
_15673_/RESET_B                         0.750000   30.156078  -29.406078 (VIOLATED)
_15674_/RESET_B                         0.750000   30.156078  -29.406078 (VIOLATED)
_15675_/RESET_B                         0.750000   30.156078  -29.406078 (VIOLATED)
_15676_/RESET_B                         0.750000   30.156078  -29.406078 (VIOLATED)
_15677_/RESET_B                         0.750000   30.156078  -29.406078 (VIOLATED)
_15678_/RESET_B                         0.750000   30.156078  -29.406078 (VIOLATED)
_15679_/RESET_B                         0.750000   30.156078  -29.406078 (VIOLATED)
_15680_/RESET_B                         0.750000   30.156078  -29.406078 (VIOLATED)
_15681_/RESET_B                         0.750000   30.156078  -29.406078 (VIOLATED)
_15682_/RESET_B                         0.750000   30.156078  -29.406078 (VIOLATED)
_15683_/RESET_B                         0.750000   30.156078  -29.406078 (VIOLATED)
_15684_/RESET_B                         0.750000   30.156078  -29.406078 (VIOLATED)
_15685_/RESET_B                         0.750000   30.156078  -29.406078 (VIOLATED)
_15686_/RESET_B                         0.750000   30.156078  -29.406078 (VIOLATED)
_15687_/RESET_B                         0.750000   30.156078  -29.406078 (VIOLATED)
_15688_/RESET_B                         0.750000   30.156078  -29.406078 (VIOLATED)
_15689_/RESET_B                         0.750000   30.156078  -29.406078 (VIOLATED)
_15690_/RESET_B                         0.750000   30.156078  -29.406078 (VIOLATED)
_15691_/RESET_B                         0.750000   30.156078  -29.406078 (VIOLATED)
_15692_/RESET_B                         0.750000   30.156078  -29.406078 (VIOLATED)
_15693_/RESET_B                         0.750000   30.156078  -29.406078 (VIOLATED)
_15694_/RESET_B                         0.750000   30.156078  -29.406078 (VIOLATED)
_15695_/RESET_B                         0.750000   30.156078  -29.406078 (VIOLATED)
_15696_/RESET_B                         0.750000   30.156078  -29.406078 (VIOLATED)
_15697_/RESET_B                         0.750000   30.156078  -29.406078 (VIOLATED)
_15698_/RESET_B                         0.750000   30.156078  -29.406078 (VIOLATED)
_15699_/RESET_B                         0.750000   30.156078  -29.406078 (VIOLATED)
_15700_/RESET_B                         0.750000   30.156078  -29.406078 (VIOLATED)
_15701_/RESET_B                         0.750000   30.156078  -29.406078 (VIOLATED)
_15702_/RESET_B                         0.750000   30.156078  -29.406078 (VIOLATED)
_15703_/RESET_B                         0.750000   30.156078  -29.406078 (VIOLATED)
_15704_/RESET_B                         0.750000   30.156078  -29.406078 (VIOLATED)
_15705_/RESET_B                         0.750000   30.156078  -29.406078 (VIOLATED)
_15706_/RESET_B                         0.750000   30.156078  -29.406078 (VIOLATED)
_15707_/RESET_B                         0.750000   30.156078  -29.406078 (VIOLATED)
_15708_/RESET_B                         0.750000   30.156078  -29.406078 (VIOLATED)
_15709_/RESET_B                         0.750000   30.156078  -29.406078 (VIOLATED)
_15710_/RESET_B                         0.750000   30.156078  -29.406078 (VIOLATED)
_15711_/RESET_B                         0.750000   30.156078  -29.406078 (VIOLATED)
_15712_/RESET_B                         0.750000   30.156078  -29.406078 (VIOLATED)
_15713_/RESET_B                         0.750000   30.156078  -29.406078 (VIOLATED)
_15714_/RESET_B                         0.750000   30.156078  -29.406078 (VIOLATED)
_15715_/RESET_B                         0.750000   30.156078  -29.406078 (VIOLATED)
_15716_/RESET_B                         0.750000   30.156078  -29.406078 (VIOLATED)
_15717_/RESET_B                         0.750000   30.156078  -29.406078 (VIOLATED)
_15718_/RESET_B                         0.750000   30.156078  -29.406078 (VIOLATED)
_15719_/RESET_B                         0.750000   30.156078  -29.406078 (VIOLATED)
_15720_/RESET_B                         0.750000   30.156078  -29.406078 (VIOLATED)
_15721_/RESET_B                         0.750000   30.156078  -29.406078 (VIOLATED)
_15722_/RESET_B                         0.750000   30.156078  -29.406078 (VIOLATED)
_15723_/RESET_B                         0.750000   30.156078  -29.406078 (VIOLATED)
_15724_/RESET_B                         0.750000   30.156078  -29.406078 (VIOLATED)
_15725_/RESET_B                         0.750000   30.156078  -29.406078 (VIOLATED)
_15726_/RESET_B                         0.750000   30.156078  -29.406078 (VIOLATED)
_15727_/RESET_B                         0.750000   30.156078  -29.406078 (VIOLATED)
_15728_/RESET_B                         0.750000   30.156078  -29.406078 (VIOLATED)
_15729_/RESET_B                         0.750000   30.156078  -29.406078 (VIOLATED)
_15730_/RESET_B                         0.750000   30.156078  -29.406078 (VIOLATED)
_15731_/RESET_B                         0.750000   30.156078  -29.406078 (VIOLATED)
_15732_/RESET_B                         0.750000   30.156078  -29.406078 (VIOLATED)
_15733_/RESET_B                         0.750000   30.156078  -29.406078 (VIOLATED)
_15734_/RESET_B                         0.750000   30.156078  -29.406078 (VIOLATED)
_15735_/RESET_B                         0.750000   30.156078  -29.406078 (VIOLATED)
_15736_/RESET_B                         0.750000   30.156078  -29.406078 (VIOLATED)
_15737_/RESET_B                         0.750000   30.156078  -29.406078 (VIOLATED)
_15738_/RESET_B                         0.750000   30.156078  -29.406078 (VIOLATED)
_15739_/RESET_B                         0.750000   30.156078  -29.406078 (VIOLATED)
_15740_/RESET_B                         0.750000   30.156078  -29.406078 (VIOLATED)
_15741_/RESET_B                         0.750000   30.156078  -29.406078 (VIOLATED)
_15742_/RESET_B                         0.750000   30.156078  -29.406078 (VIOLATED)
_15743_/RESET_B                         0.750000   30.156078  -29.406078 (VIOLATED)
_15744_/RESET_B                         0.750000   30.156078  -29.406078 (VIOLATED)
_15745_/RESET_B                         0.750000   30.156078  -29.406078 (VIOLATED)
_15746_/RESET_B                         0.750000   30.156078  -29.406078 (VIOLATED)
_15747_/RESET_B                         0.750000   30.156078  -29.406078 (VIOLATED)
_15748_/RESET_B                         0.750000   30.156078  -29.406078 (VIOLATED)
_15749_/RESET_B                         0.750000   30.156078  -29.406078 (VIOLATED)
_15750_/RESET_B                         0.750000   30.156078  -29.406078 (VIOLATED)
_15751_/RESET_B                         0.750000   30.156078  -29.406078 (VIOLATED)
_15752_/RESET_B                         0.750000   30.156078  -29.406078 (VIOLATED)
_15753_/RESET_B                         0.750000   30.156078  -29.406078 (VIOLATED)
_15754_/RESET_B                         0.750000   30.156078  -29.406078 (VIOLATED)
_15755_/RESET_B                         0.750000   30.156078  -29.406078 (VIOLATED)
_15756_/RESET_B                         0.750000   30.156078  -29.406078 (VIOLATED)
_15757_/RESET_B                         0.750000   30.156078  -29.406078 (VIOLATED)
_15758_/RESET_B                         0.750000   30.156078  -29.406078 (VIOLATED)
_15759_/RESET_B                         0.750000   30.156078  -29.406078 (VIOLATED)
_15760_/RESET_B                         0.750000   30.156078  -29.406078 (VIOLATED)
_15761_/RESET_B                         0.750000   30.156078  -29.406078 (VIOLATED)
_15762_/RESET_B                         0.750000   30.156078  -29.406078 (VIOLATED)
_15763_/RESET_B                         0.750000   30.156078  -29.406078 (VIOLATED)
_15764_/RESET_B                         0.750000   30.156078  -29.406078 (VIOLATED)
_15765_/RESET_B                         0.750000   30.156078  -29.406078 (VIOLATED)
_15766_/RESET_B                         0.750000   30.156078  -29.406078 (VIOLATED)
_15767_/RESET_B                         0.750000   30.156078  -29.406078 (VIOLATED)
_15768_/RESET_B                         0.750000   30.156078  -29.406078 (VIOLATED)
_15769_/RESET_B                         0.750000   30.156078  -29.406078 (VIOLATED)
_15770_/RESET_B                         0.750000   30.156078  -29.406078 (VIOLATED)
_15771_/RESET_B                         0.750000   30.156078  -29.406078 (VIOLATED)
_15772_/RESET_B                         0.750000   30.156078  -29.406078 (VIOLATED)
_15773_/RESET_B                         0.750000   30.156078  -29.406078 (VIOLATED)
_15774_/RESET_B                         0.750000   30.156078  -29.406078 (VIOLATED)
_15775_/RESET_B                         0.750000   30.156078  -29.406078 (VIOLATED)
_15776_/RESET_B                         0.750000   30.156078  -29.406078 (VIOLATED)
_15777_/RESET_B                         0.750000   30.156078  -29.406078 (VIOLATED)
_15778_/RESET_B                         0.750000   30.156078  -29.406078 (VIOLATED)
_15779_/RESET_B                         0.750000   30.156078  -29.406078 (VIOLATED)
_15780_/RESET_B                         0.750000   30.156078  -29.406078 (VIOLATED)
_15781_/RESET_B                         0.750000   30.156078  -29.406078 (VIOLATED)
_15782_/RESET_B                         0.750000   30.156078  -29.406078 (VIOLATED)
_15783_/RESET_B                         0.750000   30.156078  -29.406078 (VIOLATED)
_15784_/RESET_B                         0.750000   30.156078  -29.406078 (VIOLATED)
_15785_/RESET_B                         0.750000   30.156078  -29.406078 (VIOLATED)
_15786_/RESET_B                         0.750000   30.156078  -29.406078 (VIOLATED)
_15787_/RESET_B                         0.750000   30.156078  -29.406078 (VIOLATED)
_15788_/RESET_B                         0.750000   30.156078  -29.406078 (VIOLATED)
_15789_/RESET_B                         0.750000   30.156078  -29.406078 (VIOLATED)
_15790_/RESET_B                         0.750000   30.156078  -29.406078 (VIOLATED)
_15791_/RESET_B                         0.750000   30.156078  -29.406078 (VIOLATED)
_15792_/RESET_B                         0.750000   30.156078  -29.406078 (VIOLATED)
_15793_/RESET_B                         0.750000   30.156078  -29.406078 (VIOLATED)
_15794_/RESET_B                         0.750000   30.156078  -29.406078 (VIOLATED)
_15795_/RESET_B                         0.750000   30.156078  -29.406078 (VIOLATED)
_15796_/RESET_B                         0.750000   30.156078  -29.406078 (VIOLATED)
_15797_/RESET_B                         0.750000   30.156078  -29.406078 (VIOLATED)
_15798_/RESET_B                         0.750000   30.156078  -29.406078 (VIOLATED)
_15799_/RESET_B                         0.750000   30.156078  -29.406078 (VIOLATED)
_15800_/RESET_B                         0.750000   30.156078  -29.406078 (VIOLATED)
_15801_/RESET_B                         0.750000   30.156078  -29.406078 (VIOLATED)
_15802_/RESET_B                         0.750000   30.156078  -29.406078 (VIOLATED)
_15803_/RESET_B                         0.750000   30.156078  -29.406078 (VIOLATED)
_15804_/RESET_B                         0.750000   30.156078  -29.406078 (VIOLATED)
_15805_/RESET_B                         0.750000   30.156078  -29.406078 (VIOLATED)
_15806_/RESET_B                         0.750000   30.156078  -29.406078 (VIOLATED)
_15807_/RESET_B                         0.750000   30.156078  -29.406078 (VIOLATED)
_15808_/RESET_B                         0.750000   30.156078  -29.406078 (VIOLATED)
_15809_/RESET_B                         0.750000   30.156078  -29.406078 (VIOLATED)
_15810_/RESET_B                         0.750000   30.156078  -29.406078 (VIOLATED)
_15811_/RESET_B                         0.750000   30.156078  -29.406078 (VIOLATED)
_15812_/RESET_B                         0.750000   30.156078  -29.406078 (VIOLATED)
_15813_/RESET_B                         0.750000   30.156078  -29.406078 (VIOLATED)
_15814_/RESET_B                         0.750000   30.156078  -29.406078 (VIOLATED)
_15815_/RESET_B                         0.750000   30.156078  -29.406078 (VIOLATED)
_15816_/RESET_B                         0.750000   30.156078  -29.406078 (VIOLATED)
_15817_/RESET_B                         0.750000   30.156078  -29.406078 (VIOLATED)
_15818_/RESET_B                         0.750000   30.156078  -29.406078 (VIOLATED)
_15819_/RESET_B                         0.750000   30.156078  -29.406078 (VIOLATED)
_15820_/RESET_B                         0.750000   30.156078  -29.406078 (VIOLATED)
_15821_/RESET_B                         0.750000   30.156078  -29.406078 (VIOLATED)
_15822_/RESET_B                         0.750000   30.156078  -29.406078 (VIOLATED)
_15823_/RESET_B                         0.750000   30.156078  -29.406078 (VIOLATED)
_15824_/RESET_B                         0.750000   30.156078  -29.406078 (VIOLATED)
_15825_/RESET_B                         0.750000   30.156078  -29.406078 (VIOLATED)
_15826_/RESET_B                         0.750000   30.156078  -29.406078 (VIOLATED)
_15827_/RESET_B                         0.750000   30.156078  -29.406078 (VIOLATED)
_15828_/RESET_B                         0.750000   30.156078  -29.406078 (VIOLATED)
_15829_/RESET_B                         0.750000   30.156078  -29.406078 (VIOLATED)
_15830_/RESET_B                         0.750000   30.156078  -29.406078 (VIOLATED)
_15831_/RESET_B                         0.750000   30.156078  -29.406078 (VIOLATED)
_15832_/RESET_B                         0.750000   30.156078  -29.406078 (VIOLATED)
_15833_/RESET_B                         0.750000   30.156078  -29.406078 (VIOLATED)
_15834_/RESET_B                         0.750000   30.156078  -29.406078 (VIOLATED)
_15835_/RESET_B                         0.750000   30.156078  -29.406078 (VIOLATED)
_15836_/RESET_B                         0.750000   30.156078  -29.406078 (VIOLATED)
_15837_/RESET_B                         0.750000   30.156078  -29.406078 (VIOLATED)
_15838_/RESET_B                         0.750000   30.156078  -29.406078 (VIOLATED)
_15839_/RESET_B                         0.750000   30.156078  -29.406078 (VIOLATED)
_15840_/RESET_B                         0.750000   30.156078  -29.406078 (VIOLATED)
_15841_/RESET_B                         0.750000   30.156078  -29.406078 (VIOLATED)
_15842_/RESET_B                         0.750000   30.156078  -29.406078 (VIOLATED)
_15843_/RESET_B                         0.750000   30.156078  -29.406078 (VIOLATED)
_15844_/RESET_B                         0.750000   30.156078  -29.406078 (VIOLATED)
_15845_/RESET_B                         0.750000   30.156078  -29.406078 (VIOLATED)
_15846_/RESET_B                         0.750000   30.156078  -29.406078 (VIOLATED)
_15847_/RESET_B                         0.750000   30.156078  -29.406078 (VIOLATED)
_15848_/RESET_B                         0.750000   30.156078  -29.406078 (VIOLATED)
_15849_/RESET_B                         0.750000   30.156078  -29.406078 (VIOLATED)
_15850_/RESET_B                         0.750000   30.156078  -29.406078 (VIOLATED)
_15851_/RESET_B                         0.750000   30.156078  -29.406078 (VIOLATED)
_15852_/RESET_B                         0.750000   30.156078  -29.406078 (VIOLATED)
_15853_/RESET_B                         0.750000   30.156078  -29.406078 (VIOLATED)
_15854_/RESET_B                         0.750000   30.156078  -29.406078 (VIOLATED)
_15855_/RESET_B                         0.750000   30.156078  -29.406078 (VIOLATED)
_15856_/RESET_B                         0.750000   30.156078  -29.406078 (VIOLATED)
_15857_/RESET_B                         0.750000   30.156078  -29.406078 (VIOLATED)
_15858_/RESET_B                         0.750000   30.156078  -29.406078 (VIOLATED)
_15859_/RESET_B                         0.750000   30.156078  -29.406078 (VIOLATED)
_15860_/RESET_B                         0.750000   30.156078  -29.406078 (VIOLATED)
_15861_/RESET_B                         0.750000   30.156078  -29.406078 (VIOLATED)
_15862_/RESET_B                         0.750000   30.156078  -29.406078 (VIOLATED)
_15863_/RESET_B                         0.750000   30.156078  -29.406078 (VIOLATED)
_15864_/RESET_B                         0.750000   30.156078  -29.406078 (VIOLATED)
_15865_/RESET_B                         0.750000   30.156078  -29.406078 (VIOLATED)
_15866_/RESET_B                         0.750000   30.156078  -29.406078 (VIOLATED)
_15867_/RESET_B                         0.750000   30.156078  -29.406078 (VIOLATED)
_15868_/RESET_B                         0.750000   30.156078  -29.406078 (VIOLATED)
_15869_/RESET_B                         0.750000   30.156078  -29.406078 (VIOLATED)
_15870_/RESET_B                         0.750000   30.156078  -29.406078 (VIOLATED)
_15871_/RESET_B                         0.750000   30.156078  -29.406078 (VIOLATED)
_15872_/RESET_B                         0.750000   30.156078  -29.406078 (VIOLATED)
_15873_/RESET_B                         0.750000   30.156078  -29.406078 (VIOLATED)
_15874_/RESET_B                         0.750000   30.156078  -29.406078 (VIOLATED)
_15875_/RESET_B                         0.750000   30.156078  -29.406078 (VIOLATED)
_15876_/RESET_B                         0.750000   30.156078  -29.406078 (VIOLATED)
_15877_/RESET_B                         0.750000   30.156078  -29.406078 (VIOLATED)
_15878_/RESET_B                         0.750000   30.156078  -29.406078 (VIOLATED)
_15879_/RESET_B                         0.750000   30.156078  -29.406078 (VIOLATED)
_15880_/RESET_B                         0.750000   30.156078  -29.406078 (VIOLATED)
_15881_/RESET_B                         0.750000   30.156078  -29.406078 (VIOLATED)
_15882_/RESET_B                         0.750000   30.156078  -29.406078 (VIOLATED)
_15883_/RESET_B                         0.750000   30.156078  -29.406078 (VIOLATED)
_15884_/RESET_B                         0.750000   30.156078  -29.406078 (VIOLATED)
_15885_/RESET_B                         0.750000   30.156078  -29.406078 (VIOLATED)
_15886_/RESET_B                         0.750000   30.156078  -29.406078 (VIOLATED)
_15887_/RESET_B                         0.750000   30.156078  -29.406078 (VIOLATED)
_15888_/RESET_B                         0.750000   30.156078  -29.406078 (VIOLATED)
_15889_/RESET_B                         0.750000   30.156078  -29.406078 (VIOLATED)
_15890_/RESET_B                         0.750000   30.156078  -29.406078 (VIOLATED)
_15891_/RESET_B                         0.750000   30.156078  -29.406078 (VIOLATED)
_15892_/RESET_B                         0.750000   30.156078  -29.406078 (VIOLATED)
_15893_/RESET_B                         0.750000   30.156078  -29.406078 (VIOLATED)
_15894_/RESET_B                         0.750000   30.156078  -29.406078 (VIOLATED)
_15895_/RESET_B                         0.750000   30.156078  -29.406078 (VIOLATED)
_15896_/RESET_B                         0.750000   30.156078  -29.406078 (VIOLATED)
_15897_/RESET_B                         0.750000   30.156078  -29.406078 (VIOLATED)
_15898_/RESET_B                         0.750000   30.156078  -29.406078 (VIOLATED)
_15899_/RESET_B                         0.750000   30.156078  -29.406078 (VIOLATED)
_15900_/RESET_B                         0.750000   30.156078  -29.406078 (VIOLATED)
_15901_/RESET_B                         0.750000   30.156078  -29.406078 (VIOLATED)
_15902_/RESET_B                         0.750000   30.156078  -29.406078 (VIOLATED)
_15903_/RESET_B                         0.750000   30.156078  -29.406078 (VIOLATED)
_15904_/RESET_B                         0.750000   30.156078  -29.406078 (VIOLATED)
_15905_/RESET_B                         0.750000   30.156078  -29.406078 (VIOLATED)
_15906_/RESET_B                         0.750000   30.156078  -29.406078 (VIOLATED)
_15907_/RESET_B                         0.750000   30.156078  -29.406078 (VIOLATED)
_15908_/RESET_B                         0.750000   30.156078  -29.406078 (VIOLATED)
_15909_/RESET_B                         0.750000   30.156078  -29.406078 (VIOLATED)
_15910_/RESET_B                         0.750000   30.156078  -29.406078 (VIOLATED)
_15911_/RESET_B                         0.750000   30.156078  -29.406078 (VIOLATED)
_15912_/RESET_B                         0.750000   30.156078  -29.406078 (VIOLATED)
_15913_/RESET_B                         0.750000   30.156078  -29.406078 (VIOLATED)
_15914_/RESET_B                         0.750000   30.156078  -29.406078 (VIOLATED)
_15915_/RESET_B                         0.750000   30.156078  -29.406078 (VIOLATED)
_15916_/RESET_B                         0.750000   30.156078  -29.406078 (VIOLATED)
_15917_/RESET_B                         0.750000   30.156078  -29.406078 (VIOLATED)
_15918_/RESET_B                         0.750000   30.156078  -29.406078 (VIOLATED)
_15919_/RESET_B                         0.750000   30.156078  -29.406078 (VIOLATED)
_15920_/RESET_B                         0.750000   30.156078  -29.406078 (VIOLATED)
_15921_/RESET_B                         0.750000   30.156078  -29.406078 (VIOLATED)
_15922_/RESET_B                         0.750000   30.156078  -29.406078 (VIOLATED)
_15923_/RESET_B                         0.750000   30.156078  -29.406078 (VIOLATED)
_15924_/RESET_B                         0.750000   30.156078  -29.406078 (VIOLATED)
_15925_/RESET_B                         0.750000   30.156078  -29.406078 (VIOLATED)
_15926_/RESET_B                         0.750000   30.156078  -29.406078 (VIOLATED)
_15927_/RESET_B                         0.750000   30.156078  -29.406078 (VIOLATED)
_15928_/RESET_B                         0.750000   30.156078  -29.406078 (VIOLATED)
_15929_/RESET_B                         0.750000   30.156078  -29.406078 (VIOLATED)
_15930_/RESET_B                         0.750000   30.156078  -29.406078 (VIOLATED)
_15931_/RESET_B                         0.750000   30.156078  -29.406078 (VIOLATED)
_15932_/RESET_B                         0.750000   30.156078  -29.406078 (VIOLATED)
_15933_/RESET_B                         0.750000   30.156078  -29.406078 (VIOLATED)
_15934_/RESET_B                         0.750000   30.156078  -29.406078 (VIOLATED)
_15935_/RESET_B                         0.750000   30.156078  -29.406078 (VIOLATED)
_15936_/RESET_B                         0.750000   30.156078  -29.406078 (VIOLATED)
_15937_/RESET_B                         0.750000   30.156078  -29.406078 (VIOLATED)
_15938_/RESET_B                         0.750000   30.156078  -29.406078 (VIOLATED)
_15939_/RESET_B                         0.750000   30.156078  -29.406078 (VIOLATED)
_15940_/RESET_B                         0.750000   30.156078  -29.406078 (VIOLATED)
_15941_/RESET_B                         0.750000   30.156078  -29.406078 (VIOLATED)
_15942_/RESET_B                         0.750000   30.156078  -29.406078 (VIOLATED)
_15943_/RESET_B                         0.750000   30.156078  -29.406078 (VIOLATED)
_15944_/RESET_B                         0.750000   30.156078  -29.406078 (VIOLATED)
_15945_/RESET_B                         0.750000   30.156078  -29.406078 (VIOLATED)
_15946_/RESET_B                         0.750000   30.156078  -29.406078 (VIOLATED)
_15947_/RESET_B                         0.750000   30.156078  -29.406078 (VIOLATED)
_15948_/RESET_B                         0.750000   30.156078  -29.406078 (VIOLATED)
_15949_/RESET_B                         0.750000   30.156078  -29.406078 (VIOLATED)
_15950_/RESET_B                         0.750000   30.156078  -29.406078 (VIOLATED)
_15951_/RESET_B                         0.750000   30.156078  -29.406078 (VIOLATED)
_15952_/RESET_B                         0.750000   30.156078  -29.406078 (VIOLATED)
_15953_/RESET_B                         0.750000   30.156078  -29.406078 (VIOLATED)
_15954_/RESET_B                         0.750000   30.156078  -29.406078 (VIOLATED)
_15955_/RESET_B                         0.750000   30.156078  -29.406078 (VIOLATED)
_15956_/RESET_B                         0.750000   30.156078  -29.406078 (VIOLATED)
_15957_/RESET_B                         0.750000   30.156078  -29.406078 (VIOLATED)
_15958_/RESET_B                         0.750000   30.156078  -29.406078 (VIOLATED)
_15959_/RESET_B                         0.750000   30.156078  -29.406078 (VIOLATED)
_15960_/RESET_B                         0.750000   30.156078  -29.406078 (VIOLATED)
_15961_/RESET_B                         0.750000   30.156078  -29.406078 (VIOLATED)
_15962_/RESET_B                         0.750000   30.156078  -29.406078 (VIOLATED)
_15963_/RESET_B                         0.750000   30.156078  -29.406078 (VIOLATED)
_15964_/RESET_B                         0.750000   30.156078  -29.406078 (VIOLATED)
_15965_/RESET_B                         0.750000   30.156078  -29.406078 (VIOLATED)
_15966_/RESET_B                         0.750000   30.156078  -29.406078 (VIOLATED)
_15967_/RESET_B                         0.750000   30.156078  -29.406078 (VIOLATED)
_15968_/RESET_B                         0.750000   30.156078  -29.406078 (VIOLATED)
_15969_/RESET_B                         0.750000   30.156078  -29.406078 (VIOLATED)
_15970_/RESET_B                         0.750000   30.156078  -29.406078 (VIOLATED)
_15971_/RESET_B                         0.750000   30.156078  -29.406078 (VIOLATED)
_15972_/RESET_B                         0.750000   30.156078  -29.406078 (VIOLATED)
_15973_/RESET_B                         0.750000   30.156078  -29.406078 (VIOLATED)
_15974_/RESET_B                         0.750000   30.156078  -29.406078 (VIOLATED)
_15975_/RESET_B                         0.750000   30.156078  -29.406078 (VIOLATED)
_15976_/RESET_B                         0.750000   30.156078  -29.406078 (VIOLATED)
_15977_/RESET_B                         0.750000   30.156078  -29.406078 (VIOLATED)
_15978_/RESET_B                         0.750000   30.156078  -29.406078 (VIOLATED)
_15979_/RESET_B                         0.750000   30.156078  -29.406078 (VIOLATED)
_15980_/RESET_B                         0.750000   30.156078  -29.406078 (VIOLATED)
_15981_/RESET_B                         0.750000   30.156078  -29.406078 (VIOLATED)
_15982_/RESET_B                         0.750000   30.156078  -29.406078 (VIOLATED)
_15983_/RESET_B                         0.750000   30.156078  -29.406078 (VIOLATED)
_15984_/RESET_B                         0.750000   30.156078  -29.406078 (VIOLATED)
_15985_/RESET_B                         0.750000   30.156078  -29.406078 (VIOLATED)
_15986_/RESET_B                         0.750000   30.156078  -29.406078 (VIOLATED)
_15987_/RESET_B                         0.750000   30.156078  -29.406078 (VIOLATED)
_15988_/RESET_B                         0.750000   30.156078  -29.406078 (VIOLATED)
_15989_/RESET_B                         0.750000   30.156078  -29.406078 (VIOLATED)
_15990_/RESET_B                         0.750000   30.156078  -29.406078 (VIOLATED)
_15991_/RESET_B                         0.750000   30.156078  -29.406078 (VIOLATED)
_15992_/RESET_B                         0.750000   30.156078  -29.406078 (VIOLATED)
_15993_/RESET_B                         0.750000   30.156078  -29.406078 (VIOLATED)
_15994_/RESET_B                         0.750000   30.156078  -29.406078 (VIOLATED)
_15995_/RESET_B                         0.750000   30.156078  -29.406078 (VIOLATED)
_15996_/RESET_B                         0.750000   30.156078  -29.406078 (VIOLATED)
_15997_/RESET_B                         0.750000   30.156078  -29.406078 (VIOLATED)
_15998_/RESET_B                         0.750000   30.156078  -29.406078 (VIOLATED)
_15999_/RESET_B                         0.750000   30.156078  -29.406078 (VIOLATED)
_16000_/RESET_B                         0.750000   30.156078  -29.406078 (VIOLATED)
_16001_/RESET_B                         0.750000   30.156078  -29.406078 (VIOLATED)
_16002_/RESET_B                         0.750000   30.156078  -29.406078 (VIOLATED)
_16003_/RESET_B                         0.750000   30.156078  -29.406078 (VIOLATED)
_16004_/RESET_B                         0.750000   30.156078  -29.406078 (VIOLATED)
_16005_/RESET_B                         0.750000   30.156078  -29.406078 (VIOLATED)
_16006_/RESET_B                         0.750000   30.156078  -29.406078 (VIOLATED)
_16007_/RESET_B                         0.750000   30.156078  -29.406078 (VIOLATED)
_16008_/RESET_B                         0.750000   30.156078  -29.406078 (VIOLATED)
_16009_/RESET_B                         0.750000   30.156078  -29.406078 (VIOLATED)
_16010_/RESET_B                         0.750000   30.156078  -29.406078 (VIOLATED)
_16011_/RESET_B                         0.750000   30.156078  -29.406078 (VIOLATED)
_16012_/RESET_B                         0.750000   30.156078  -29.406078 (VIOLATED)
_16013_/RESET_B                         0.750000   30.156078  -29.406078 (VIOLATED)
_16014_/RESET_B                         0.750000   30.156078  -29.406078 (VIOLATED)
_16015_/RESET_B                         0.750000   30.156078  -29.406078 (VIOLATED)
_16016_/RESET_B                         0.750000   30.156078  -29.406078 (VIOLATED)
_16017_/RESET_B                         0.750000   30.156078  -29.406078 (VIOLATED)
_16018_/RESET_B                         0.750000   30.156078  -29.406078 (VIOLATED)
_16019_/RESET_B                         0.750000   30.156078  -29.406078 (VIOLATED)
_16020_/RESET_B                         0.750000   30.156078  -29.406078 (VIOLATED)
_16021_/RESET_B                         0.750000   30.156078  -29.406078 (VIOLATED)
_16022_/RESET_B                         0.750000   30.156078  -29.406078 (VIOLATED)
_16023_/RESET_B                         0.750000   30.156078  -29.406078 (VIOLATED)
_16024_/RESET_B                         0.750000   30.156078  -29.406078 (VIOLATED)
_16025_/RESET_B                         0.750000   30.156078  -29.406078 (VIOLATED)
_16026_/RESET_B                         0.750000   30.156078  -29.406078 (VIOLATED)
_16027_/RESET_B                         0.750000   30.156078  -29.406078 (VIOLATED)
_16028_/RESET_B                         0.750000   30.156078  -29.406078 (VIOLATED)
_16029_/RESET_B                         0.750000   30.156078  -29.406078 (VIOLATED)
_16030_/RESET_B                         0.750000   30.156078  -29.406078 (VIOLATED)
_16031_/RESET_B                         0.750000   30.156078  -29.406078 (VIOLATED)
_16032_/RESET_B                         0.750000   30.156078  -29.406078 (VIOLATED)
_16033_/RESET_B                         0.750000   30.156078  -29.406078 (VIOLATED)
_16034_/RESET_B                         0.750000   30.156078  -29.406078 (VIOLATED)
_16035_/RESET_B                         0.750000   30.156078  -29.406078 (VIOLATED)
_16036_/RESET_B                         0.750000   30.156078  -29.406078 (VIOLATED)
_16037_/RESET_B                         0.750000   30.156078  -29.406078 (VIOLATED)
_16038_/RESET_B                         0.750000   30.156078  -29.406078 (VIOLATED)
_16039_/RESET_B                         0.750000   30.156078  -29.406078 (VIOLATED)
_16040_/RESET_B                         0.750000   30.156078  -29.406078 (VIOLATED)
_16041_/RESET_B                         0.750000   30.156078  -29.406078 (VIOLATED)
_16042_/RESET_B                         0.750000   30.156078  -29.406078 (VIOLATED)
_16043_/RESET_B                         0.750000   30.156078  -29.406078 (VIOLATED)
_16044_/RESET_B                         0.750000   30.156078  -29.406078 (VIOLATED)
_16045_/RESET_B                         0.750000   30.156078  -29.406078 (VIOLATED)
_16046_/RESET_B                         0.750000   30.156078  -29.406078 (VIOLATED)
_16047_/RESET_B                         0.750000   30.156078  -29.406078 (VIOLATED)
_16048_/RESET_B                         0.750000   30.156078  -29.406078 (VIOLATED)
_16049_/RESET_B                         0.750000   30.156078  -29.406078 (VIOLATED)
_16050_/RESET_B                         0.750000   30.156078  -29.406078 (VIOLATED)
_16051_/RESET_B                         0.750000   30.156078  -29.406078 (VIOLATED)
_16052_/RESET_B                         0.750000   30.156078  -29.406078 (VIOLATED)
_16053_/RESET_B                         0.750000   30.156078  -29.406078 (VIOLATED)
_16054_/RESET_B                         0.750000   30.156078  -29.406078 (VIOLATED)
_16055_/RESET_B                         0.750000   30.156078  -29.406078 (VIOLATED)
_16056_/RESET_B                         0.750000   30.156078  -29.406078 (VIOLATED)
_16057_/RESET_B                         0.750000   30.156078  -29.406078 (VIOLATED)
_16058_/RESET_B                         0.750000   30.156078  -29.406078 (VIOLATED)
_16059_/RESET_B                         0.750000   30.156078  -29.406078 (VIOLATED)
_16060_/RESET_B                         0.750000   30.156078  -29.406078 (VIOLATED)
_16061_/RESET_B                         0.750000   30.156078  -29.406078 (VIOLATED)
_16062_/RESET_B                         0.750000   30.156078  -29.406078 (VIOLATED)
_16063_/RESET_B                         0.750000   30.156078  -29.406078 (VIOLATED)
_16064_/RESET_B                         0.750000   30.156078  -29.406078 (VIOLATED)
_16065_/RESET_B                         0.750000   30.156078  -29.406078 (VIOLATED)
_16066_/RESET_B                         0.750000   30.156078  -29.406078 (VIOLATED)
_16067_/RESET_B                         0.750000   30.156078  -29.406078 (VIOLATED)
_16068_/RESET_B                         0.750000   30.156078  -29.406078 (VIOLATED)
_16069_/RESET_B                         0.750000   30.156078  -29.406078 (VIOLATED)
_16070_/RESET_B                         0.750000   30.156078  -29.406078 (VIOLATED)
_16071_/RESET_B                         0.750000   30.156078  -29.406078 (VIOLATED)
_16072_/RESET_B                         0.750000   30.156078  -29.406078 (VIOLATED)
_16073_/RESET_B                         0.750000   30.156078  -29.406078 (VIOLATED)
_16074_/RESET_B                         0.750000   30.156078  -29.406078 (VIOLATED)
_16075_/RESET_B                         0.750000   30.156078  -29.406078 (VIOLATED)
_16076_/RESET_B                         0.750000   30.156078  -29.406078 (VIOLATED)
_16077_/RESET_B                         0.750000   30.156078  -29.406078 (VIOLATED)
_16078_/RESET_B                         0.750000   30.156078  -29.406078 (VIOLATED)
_16079_/RESET_B                         0.750000   30.156078  -29.406078 (VIOLATED)
_16080_/RESET_B                         0.750000   30.156078  -29.406078 (VIOLATED)
_16081_/RESET_B                         0.750000   30.156078  -29.406078 (VIOLATED)
_16082_/RESET_B                         0.750000   30.156078  -29.406078 (VIOLATED)
_16083_/RESET_B                         0.750000   30.156078  -29.406078 (VIOLATED)
_16084_/RESET_B                         0.750000   30.156078  -29.406078 (VIOLATED)
_16085_/RESET_B                         0.750000   30.156078  -29.406078 (VIOLATED)
_16086_/RESET_B                         0.750000   30.156078  -29.406078 (VIOLATED)
_16087_/RESET_B                         0.750000   30.156078  -29.406078 (VIOLATED)
_16088_/RESET_B                         0.750000   30.156078  -29.406078 (VIOLATED)
_16089_/RESET_B                         0.750000   30.156078  -29.406078 (VIOLATED)
_16090_/RESET_B                         0.750000   30.156078  -29.406078 (VIOLATED)
_16091_/RESET_B                         0.750000   30.156078  -29.406078 (VIOLATED)
_16092_/RESET_B                         0.750000   30.156078  -29.406078 (VIOLATED)
_16093_/RESET_B                         0.750000   30.156078  -29.406078 (VIOLATED)
_16094_/RESET_B                         0.750000   30.156078  -29.406078 (VIOLATED)
_16095_/RESET_B                         0.750000   30.156078  -29.406078 (VIOLATED)
_16096_/RESET_B                         0.750000   30.156078  -29.406078 (VIOLATED)
_16097_/RESET_B                         0.750000   30.156078  -29.406078 (VIOLATED)
_16098_/RESET_B                         0.750000   30.156078  -29.406078 (VIOLATED)
_16099_/RESET_B                         0.750000   30.156078  -29.406078 (VIOLATED)
_16100_/RESET_B                         0.750000   30.156078  -29.406078 (VIOLATED)
_16101_/RESET_B                         0.750000   30.156078  -29.406078 (VIOLATED)
_16102_/RESET_B                         0.750000   30.156078  -29.406078 (VIOLATED)
_16103_/RESET_B                         0.750000   30.156078  -29.406078 (VIOLATED)
_16104_/RESET_B                         0.750000   30.156078  -29.406078 (VIOLATED)
_16105_/RESET_B                         0.750000   30.156078  -29.406078 (VIOLATED)
_16106_/RESET_B                         0.750000   30.156078  -29.406078 (VIOLATED)
_16107_/RESET_B                         0.750000   30.156078  -29.406078 (VIOLATED)
_16108_/RESET_B                         0.750000   30.156078  -29.406078 (VIOLATED)
_16109_/RESET_B                         0.750000   30.156078  -29.406078 (VIOLATED)
_16110_/RESET_B                         0.750000   30.156078  -29.406078 (VIOLATED)
_16111_/RESET_B                         0.750000   30.156078  -29.406078 (VIOLATED)
_16112_/RESET_B                         0.750000   30.156078  -29.406078 (VIOLATED)
_16113_/RESET_B                         0.750000   30.156078  -29.406078 (VIOLATED)
_16114_/RESET_B                         0.750000   30.156078  -29.406078 (VIOLATED)
_16115_/RESET_B                         0.750000   30.156078  -29.406078 (VIOLATED)
_16116_/RESET_B                         0.750000   30.156078  -29.406078 (VIOLATED)
_16117_/RESET_B                         0.750000   30.156078  -29.406078 (VIOLATED)
_16118_/RESET_B                         0.750000   30.156078  -29.406078 (VIOLATED)
_16119_/RESET_B                         0.750000   30.156078  -29.406078 (VIOLATED)
_16120_/RESET_B                         0.750000   30.156078  -29.406078 (VIOLATED)
_16121_/RESET_B                         0.750000   30.156078  -29.406078 (VIOLATED)
_16122_/RESET_B                         0.750000   30.156078  -29.406078 (VIOLATED)
_16123_/RESET_B                         0.750000   30.156078  -29.406078 (VIOLATED)
_16124_/RESET_B                         0.750000   30.156078  -29.406078 (VIOLATED)
_16125_/RESET_B                         0.750000   30.156078  -29.406078 (VIOLATED)
_16126_/RESET_B                         0.750000   30.156078  -29.406078 (VIOLATED)
_16127_/RESET_B                         0.750000   30.156078  -29.406078 (VIOLATED)
_16128_/RESET_B                         0.750000   30.156078  -29.406078 (VIOLATED)
_16129_/RESET_B                         0.750000   30.156078  -29.406078 (VIOLATED)
_16130_/RESET_B                         0.750000   30.156078  -29.406078 (VIOLATED)
_16131_/RESET_B                         0.750000   30.156078  -29.406078 (VIOLATED)
_16132_/RESET_B                         0.750000   30.156078  -29.406078 (VIOLATED)
_16133_/RESET_B                         0.750000   30.156078  -29.406078 (VIOLATED)
_16134_/RESET_B                         0.750000   30.156078  -29.406078 (VIOLATED)
_16135_/RESET_B                         0.750000   30.156078  -29.406078 (VIOLATED)
_16136_/RESET_B                         0.750000   30.156078  -29.406078 (VIOLATED)
_16137_/RESET_B                         0.750000   30.156078  -29.406078 (VIOLATED)
_16138_/RESET_B                         0.750000   30.156078  -29.406078 (VIOLATED)
_16139_/RESET_B                         0.750000   30.156078  -29.406078 (VIOLATED)
_16140_/RESET_B                         0.750000   30.156078  -29.406078 (VIOLATED)
_16141_/RESET_B                         0.750000   30.156078  -29.406078 (VIOLATED)
_16142_/RESET_B                         0.750000   30.156078  -29.406078 (VIOLATED)
_16143_/RESET_B                         0.750000   30.156078  -29.406078 (VIOLATED)
_16144_/RESET_B                         0.750000   30.156078  -29.406078 (VIOLATED)
_16145_/RESET_B                         0.750000   30.156078  -29.406078 (VIOLATED)
_16146_/RESET_B                         0.750000   30.156078  -29.406078 (VIOLATED)
_16147_/RESET_B                         0.750000   30.156078  -29.406078 (VIOLATED)
_16148_/RESET_B                         0.750000   30.156078  -29.406078 (VIOLATED)
_16149_/RESET_B                         0.750000   30.156078  -29.406078 (VIOLATED)
_16150_/RESET_B                         0.750000   30.156078  -29.406078 (VIOLATED)
_16151_/RESET_B                         0.750000   30.156078  -29.406078 (VIOLATED)
_16152_/RESET_B                         0.750000   30.156078  -29.406078 (VIOLATED)
_16153_/RESET_B                         0.750000   30.156078  -29.406078 (VIOLATED)
_16154_/RESET_B                         0.750000   30.156078  -29.406078 (VIOLATED)
_16155_/RESET_B                         0.750000   30.156078  -29.406078 (VIOLATED)
_16156_/RESET_B                         0.750000   30.156078  -29.406078 (VIOLATED)
_16157_/RESET_B                         0.750000   30.156078  -29.406078 (VIOLATED)
_16158_/RESET_B                         0.750000   30.156078  -29.406078 (VIOLATED)
_16159_/RESET_B                         0.750000   30.156078  -29.406078 (VIOLATED)
_16160_/RESET_B                         0.750000   30.156078  -29.406078 (VIOLATED)
_16161_/RESET_B                         0.750000   30.156078  -29.406078 (VIOLATED)
_16162_/RESET_B                         0.750000   30.156078  -29.406078 (VIOLATED)
_16163_/RESET_B                         0.750000   30.156078  -29.406078 (VIOLATED)
_16164_/RESET_B                         0.750000   30.156078  -29.406078 (VIOLATED)
_16165_/RESET_B                         0.750000   30.156078  -29.406078 (VIOLATED)
_16166_/RESET_B                         0.750000   30.156078  -29.406078 (VIOLATED)
_16167_/RESET_B                         0.750000   30.156078  -29.406078 (VIOLATED)
_16168_/RESET_B                         0.750000   30.156078  -29.406078 (VIOLATED)
_16169_/RESET_B                         0.750000   30.156078  -29.406078 (VIOLATED)
_16170_/RESET_B                         0.750000   30.156078  -29.406078 (VIOLATED)
_16171_/RESET_B                         0.750000   30.156078  -29.406078 (VIOLATED)
_16172_/RESET_B                         0.750000   30.156078  -29.406078 (VIOLATED)
_16173_/RESET_B                         0.750000   30.156078  -29.406078 (VIOLATED)
_16174_/RESET_B                         0.750000   30.156078  -29.406078 (VIOLATED)
_16175_/RESET_B                         0.750000   30.156078  -29.406078 (VIOLATED)
_16176_/RESET_B                         0.750000   30.156078  -29.406078 (VIOLATED)
_16177_/RESET_B                         0.750000   30.156078  -29.406078 (VIOLATED)
_16178_/RESET_B                         0.750000   30.156078  -29.406078 (VIOLATED)
_16179_/RESET_B                         0.750000   30.156078  -29.406078 (VIOLATED)
_16180_/RESET_B                         0.750000   30.156078  -29.406078 (VIOLATED)
_16181_/RESET_B                         0.750000   30.156078  -29.406078 (VIOLATED)
_16182_/RESET_B                         0.750000   30.156078  -29.406078 (VIOLATED)
_16183_/RESET_B                         0.750000   30.156078  -29.406078 (VIOLATED)
_16184_/RESET_B                         0.750000   30.156078  -29.406078 (VIOLATED)
_16185_/RESET_B                         0.750000   30.156078  -29.406078 (VIOLATED)
_16186_/RESET_B                         0.750000   30.156078  -29.406078 (VIOLATED)
_16187_/RESET_B                         0.750000   30.156078  -29.406078 (VIOLATED)
_16188_/RESET_B                         0.750000   30.156078  -29.406078 (VIOLATED)
_16189_/RESET_B                         0.750000   30.156078  -29.406078 (VIOLATED)
_16190_/RESET_B                         0.750000   30.156078  -29.406078 (VIOLATED)
_16191_/RESET_B                         0.750000   30.156078  -29.406078 (VIOLATED)
_16192_/RESET_B                         0.750000   30.156078  -29.406078 (VIOLATED)
_16193_/RESET_B                         0.750000   30.156078  -29.406078 (VIOLATED)
_16194_/RESET_B                         0.750000   30.156078  -29.406078 (VIOLATED)
_16195_/RESET_B                         0.750000   30.156078  -29.406078 (VIOLATED)
_16196_/RESET_B                         0.750000   30.156078  -29.406078 (VIOLATED)
_16197_/RESET_B                         0.750000   30.156078  -29.406078 (VIOLATED)
_16198_/RESET_B                         0.750000   30.156078  -29.406078 (VIOLATED)
_16199_/RESET_B                         0.750000   30.156078  -29.406078 (VIOLATED)
_16200_/RESET_B                         0.750000   30.156078  -29.406078 (VIOLATED)
_16201_/RESET_B                         0.750000   30.156078  -29.406078 (VIOLATED)
_16202_/RESET_B                         0.750000   30.156078  -29.406078 (VIOLATED)
_16203_/RESET_B                         0.750000   30.156078  -29.406078 (VIOLATED)
_16204_/RESET_B                         0.750000   30.156078  -29.406078 (VIOLATED)
_16205_/RESET_B                         0.750000   30.156078  -29.406078 (VIOLATED)
_16206_/RESET_B                         0.750000   30.156078  -29.406078 (VIOLATED)
_16207_/RESET_B                         0.750000   30.156078  -29.406078 (VIOLATED)
_16208_/RESET_B                         0.750000   30.156078  -29.406078 (VIOLATED)
_16209_/RESET_B                         0.750000   30.156078  -29.406078 (VIOLATED)
_16210_/RESET_B                         0.750000   30.156078  -29.406078 (VIOLATED)
_16211_/RESET_B                         0.750000   30.156078  -29.406078 (VIOLATED)
_16212_/RESET_B                         0.750000   30.156078  -29.406078 (VIOLATED)
_16213_/RESET_B                         0.750000   30.156078  -29.406078 (VIOLATED)
_16214_/RESET_B                         0.750000   30.156078  -29.406078 (VIOLATED)
_16215_/RESET_B                         0.750000   30.156078  -29.406078 (VIOLATED)
_16216_/RESET_B                         0.750000   30.156078  -29.406078 (VIOLATED)
_16217_/RESET_B                         0.750000   30.156078  -29.406078 (VIOLATED)
_16218_/RESET_B                         0.750000   30.156078  -29.406078 (VIOLATED)
_16219_/RESET_B                         0.750000   30.156078  -29.406078 (VIOLATED)
_16220_/RESET_B                         0.750000   30.156078  -29.406078 (VIOLATED)
_16221_/RESET_B                         0.750000   30.156078  -29.406078 (VIOLATED)
_16222_/RESET_B                         0.750000   30.156078  -29.406078 (VIOLATED)
_16223_/RESET_B                         0.750000   30.156078  -29.406078 (VIOLATED)
_16224_/RESET_B                         0.750000   30.156078  -29.406078 (VIOLATED)
_16225_/RESET_B                         0.750000   30.156078  -29.406078 (VIOLATED)
_16226_/RESET_B                         0.750000   30.156078  -29.406078 (VIOLATED)
_16227_/RESET_B                         0.750000   30.156078  -29.406078 (VIOLATED)
_16228_/RESET_B                         0.750000   30.156078  -29.406078 (VIOLATED)
_16229_/RESET_B                         0.750000   30.156078  -29.406078 (VIOLATED)
_16230_/RESET_B                         0.750000   30.156078  -29.406078 (VIOLATED)
_16231_/RESET_B                         0.750000   30.156078  -29.406078 (VIOLATED)
_16232_/RESET_B                         0.750000   30.156078  -29.406078 (VIOLATED)
_16233_/RESET_B                         0.750000   30.156078  -29.406078 (VIOLATED)
_16234_/RESET_B                         0.750000   30.156078  -29.406078 (VIOLATED)
_16235_/RESET_B                         0.750000   30.156078  -29.406078 (VIOLATED)
_16236_/RESET_B                         0.750000   30.156078  -29.406078 (VIOLATED)
_16237_/RESET_B                         0.750000   30.156078  -29.406078 (VIOLATED)
_16238_/RESET_B                         0.750000   30.156078  -29.406078 (VIOLATED)
_16239_/RESET_B                         0.750000   30.156078  -29.406078 (VIOLATED)
_16240_/RESET_B                         0.750000   30.156078  -29.406078 (VIOLATED)
_16241_/RESET_B                         0.750000   30.156078  -29.406078 (VIOLATED)
_16242_/RESET_B                         0.750000   30.156078  -29.406078 (VIOLATED)
_16243_/RESET_B                         0.750000   30.156078  -29.406078 (VIOLATED)
_16244_/RESET_B                         0.750000   30.156078  -29.406078 (VIOLATED)
_16245_/RESET_B                         0.750000   30.156078  -29.406078 (VIOLATED)
_16246_/RESET_B                         0.750000   30.156078  -29.406078 (VIOLATED)
_16247_/RESET_B                         0.750000   30.156078  -29.406078 (VIOLATED)
_16248_/RESET_B                         0.750000   30.156078  -29.406078 (VIOLATED)
_16249_/RESET_B                         0.750000   30.156078  -29.406078 (VIOLATED)
_16250_/RESET_B                         0.750000   30.156078  -29.406078 (VIOLATED)
_16251_/RESET_B                         0.750000   30.156078  -29.406078 (VIOLATED)
_16252_/RESET_B                         0.750000   30.156078  -29.406078 (VIOLATED)
_07651_/Y                               0.750000    2.850883   -2.100883 (VIOLATED)
_07710_/A0                              0.750000    2.850883   -2.100883 (VIOLATED)
_07778_/A                               0.750000    2.850883   -2.100883 (VIOLATED)
_07829_/A                               0.750000    2.850883   -2.100883 (VIOLATED)
_07887_/A                               0.750000    2.850883   -2.100883 (VIOLATED)
_07939_/A                               0.750000    2.850883   -2.100883 (VIOLATED)
_07989_/A                               0.750000    2.850883   -2.100883 (VIOLATED)
_08037_/A                               0.750000    2.850883   -2.100883 (VIOLATED)
_08092_/A                               0.750000    2.850883   -2.100883 (VIOLATED)
_08147_/A                               0.750000    2.850883   -2.100883 (VIOLATED)
_08198_/A                               0.750000    2.850883   -2.100883 (VIOLATED)
_08250_/A                               0.750000    2.850883   -2.100883 (VIOLATED)
_08311_/A                               0.750000    2.850883   -2.100883 (VIOLATED)
_08364_/A                               0.750000    2.850883   -2.100883 (VIOLATED)
_08414_/A                               0.750000    2.850883   -2.100883 (VIOLATED)
_08463_/A                               0.750000    2.850883   -2.100883 (VIOLATED)
_08522_/A                               0.750000    2.850883   -2.100883 (VIOLATED)
_08571_/A                               0.750000    2.850883   -2.100883 (VIOLATED)
_08623_/A                               0.750000    2.850883   -2.100883 (VIOLATED)
_08674_/A                               0.750000    2.850883   -2.100883 (VIOLATED)
_08731_/A                               0.750000    2.850883   -2.100883 (VIOLATED)
_08782_/A                               0.750000    2.850883   -2.100883 (VIOLATED)
_08834_/A                               0.750000    2.850883   -2.100883 (VIOLATED)
_08884_/A                               0.750000    2.850883   -2.100883 (VIOLATED)
_08935_/A                               0.750000    2.850883   -2.100883 (VIOLATED)
_08984_/A                               0.750000    2.850883   -2.100883 (VIOLATED)
_09034_/A                               0.750000    2.850883   -2.100883 (VIOLATED)
_09083_/A                               0.750000    2.850883   -2.100883 (VIOLATED)
_09134_/A                               0.750000    2.850883   -2.100883 (VIOLATED)
_09187_/A                               0.750000    2.850883   -2.100883 (VIOLATED)
_09236_/A                               0.750000    2.850883   -2.100883 (VIOLATED)
_09292_/A                               0.750000    2.850883   -2.100883 (VIOLATED)
_09352_/Y                               0.750000    2.738056   -1.988056 (VIOLATED)
_09354_/A3                              0.750000    2.738056   -1.988056 (VIOLATED)
_09362_/S                               0.750000    2.738056   -1.988056 (VIOLATED)
_09850_/B                               0.750000    2.738056   -1.988056 (VIOLATED)
_11927_/S                               0.750000    2.738056   -1.988056 (VIOLATED)
_11976_/S                               0.750000    2.738056   -1.988056 (VIOLATED)
_12007_/S                               0.750000    2.738056   -1.988056 (VIOLATED)
_12034_/S                               0.750000    2.738056   -1.988056 (VIOLATED)
_12050_/S                               0.750000    2.738056   -1.988056 (VIOLATED)
_12066_/S                               0.750000    2.738056   -1.988056 (VIOLATED)
_12085_/S                               0.750000    2.738056   -1.988056 (VIOLATED)
_12104_/S                               0.750000    2.738056   -1.988056 (VIOLATED)
_12115_/S                               0.750000    2.738056   -1.988056 (VIOLATED)
_12128_/S                               0.750000    2.738056   -1.988056 (VIOLATED)
_12140_/S                               0.750000    2.738056   -1.988056 (VIOLATED)
_12151_/S                               0.750000    2.738056   -1.988056 (VIOLATED)
_12162_/S                               0.750000    2.738056   -1.988056 (VIOLATED)
_12172_/S                               0.750000    2.738056   -1.988056 (VIOLATED)
_12183_/S                               0.750000    2.738056   -1.988056 (VIOLATED)
_12195_/S                               0.750000    2.738056   -1.988056 (VIOLATED)
_12202_/C1                              0.750000    2.738056   -1.988056 (VIOLATED)
_12203_/A2                              0.750000    2.738056   -1.988056 (VIOLATED)
_12212_/S                               0.750000    2.738056   -1.988056 (VIOLATED)
_12219_/S                               0.750000    2.738056   -1.988056 (VIOLATED)
_12227_/S                               0.750000    2.738056   -1.988056 (VIOLATED)
_12235_/S                               0.750000    2.738056   -1.988056 (VIOLATED)
_12242_/C1                              0.750000    2.738056   -1.988056 (VIOLATED)
_12243_/A2                              0.750000    2.738056   -1.988056 (VIOLATED)
_12251_/A2                              0.750000    2.738056   -1.988056 (VIOLATED)
_12258_/C1                              0.750000    2.738056   -1.988056 (VIOLATED)
_12259_/A2                              0.750000    2.738056   -1.988056 (VIOLATED)
_12267_/A2                              0.750000    2.738056   -1.988056 (VIOLATED)
_12275_/S                               0.750000    2.738056   -1.988056 (VIOLATED)
_12281_/D1                              0.750000    2.738056   -1.988056 (VIOLATED)
_12282_/A2                              0.750000    2.738056   -1.988056 (VIOLATED)
_12288_/D1                              0.750000    2.738056   -1.988056 (VIOLATED)
_12289_/A2                              0.750000    2.738056   -1.988056 (VIOLATED)
_12296_/D_N                             0.750000    2.738056   -1.988056 (VIOLATED)
_12297_/A2                              0.750000    2.738056   -1.988056 (VIOLATED)
_12304_/S                               0.750000    2.738056   -1.988056 (VIOLATED)
_12310_/C1                              0.750000    2.738056   -1.988056 (VIOLATED)
_12311_/B2                              0.750000    2.738056   -1.988056 (VIOLATED)
_12317_/C_N                             0.750000    2.738056   -1.988056 (VIOLATED)
_12318_/A2                              0.750000    2.738056   -1.988056 (VIOLATED)
_12320_/S                               0.750000    2.738056   -1.988056 (VIOLATED)
_12321_/S                               0.750000    2.738056   -1.988056 (VIOLATED)
_12322_/S                               0.750000    2.738056   -1.988056 (VIOLATED)
_12323_/S                               0.750000    2.738056   -1.988056 (VIOLATED)
_12324_/S                               0.750000    2.738056   -1.988056 (VIOLATED)
_12325_/S                               0.750000    2.738056   -1.988056 (VIOLATED)
_12327_/S                               0.750000    2.738056   -1.988056 (VIOLATED)
_12672_/S                               0.750000    2.738056   -1.988056 (VIOLATED)
_12673_/S                               0.750000    2.738056   -1.988056 (VIOLATED)
_12674_/S                               0.750000    2.738056   -1.988056 (VIOLATED)
_12675_/S                               0.750000    2.738056   -1.988056 (VIOLATED)
_12676_/S                               0.750000    2.738056   -1.988056 (VIOLATED)
_12677_/S                               0.750000    2.738056   -1.988056 (VIOLATED)
_12678_/S                               0.750000    2.738056   -1.988056 (VIOLATED)
_12679_/S                               0.750000    2.738056   -1.988056 (VIOLATED)
_12680_/S                               0.750000    2.738056   -1.988056 (VIOLATED)
_12681_/S                               0.750000    2.738056   -1.988056 (VIOLATED)
_12682_/S                               0.750000    2.738056   -1.988056 (VIOLATED)
_12683_/S                               0.750000    2.738056   -1.988056 (VIOLATED)
_12684_/S                               0.750000    2.738056   -1.988056 (VIOLATED)
_12685_/S                               0.750000    2.738056   -1.988056 (VIOLATED)
_12686_/S                               0.750000    2.738056   -1.988056 (VIOLATED)
_12687_/S                               0.750000    2.738056   -1.988056 (VIOLATED)
_12688_/S                               0.750000    2.738056   -1.988056 (VIOLATED)
_12689_/S                               0.750000    2.738056   -1.988056 (VIOLATED)
_12690_/S                               0.750000    2.738056   -1.988056 (VIOLATED)
_12691_/S                               0.750000    2.738056   -1.988056 (VIOLATED)
_12692_/S                               0.750000    2.738056   -1.988056 (VIOLATED)
_12693_/S                               0.750000    2.738056   -1.988056 (VIOLATED)
_12694_/S                               0.750000    2.738056   -1.988056 (VIOLATED)
_12695_/S                               0.750000    2.738056   -1.988056 (VIOLATED)
_12696_/S                               0.750000    2.738056   -1.988056 (VIOLATED)
_12697_/S                               0.750000    2.738056   -1.988056 (VIOLATED)
_12698_/S                               0.750000    2.738056   -1.988056 (VIOLATED)
_12699_/S                               0.750000    2.738056   -1.988056 (VIOLATED)
_12700_/S                               0.750000    2.738056   -1.988056 (VIOLATED)
_12701_/S                               0.750000    2.738056   -1.988056 (VIOLATED)
_12702_/S                               0.750000    2.738056   -1.988056 (VIOLATED)
_14381_/S                               0.750000    2.738056   -1.988056 (VIOLATED)
_07191_/Y                               0.750000    2.664522   -1.914522 (VIOLATED)
_07195_/A                               0.750000    2.664522   -1.914522 (VIOLATED)
_07352_/B1                              0.750000    2.664522   -1.914522 (VIOLATED)
_07587_/A2                              0.750000    2.664522   -1.914522 (VIOLATED)
_07700_/A2                              0.750000    2.664522   -1.914522 (VIOLATED)
_07771_/A2                              0.750000    2.664522   -1.914522 (VIOLATED)
_07807_/A2                              0.750000    2.664522   -1.914522 (VIOLATED)
_07879_/A2                              0.750000    2.664522   -1.914522 (VIOLATED)
_07931_/A2                              0.750000    2.664522   -1.914522 (VIOLATED)
_07981_/A2                              0.750000    2.664522   -1.914522 (VIOLATED)
_08030_/A2                              0.750000    2.664522   -1.914522 (VIOLATED)
_08073_/A2                              0.750000    2.664522   -1.914522 (VIOLATED)
_08140_/A2                              0.750000    2.664522   -1.914522 (VIOLATED)
_08192_/A2                              0.750000    2.664522   -1.914522 (VIOLATED)
_08237_/A2                              0.750000    2.664522   -1.914522 (VIOLATED)
_08298_/A2                              0.750000    2.664522   -1.914522 (VIOLATED)
_08355_/A2                              0.750000    2.664522   -1.914522 (VIOLATED)
_08405_/A2                              0.750000    2.664522   -1.914522 (VIOLATED)
_08442_/A2                              0.750000    2.664522   -1.914522 (VIOLATED)
_08513_/A2                              0.750000    2.664522   -1.914522 (VIOLATED)
_08560_/A2                              0.750000    2.664522   -1.914522 (VIOLATED)
_08602_/A2                              0.750000    2.664522   -1.914522 (VIOLATED)
_08661_/A2                              0.750000    2.664522   -1.914522 (VIOLATED)
_08707_/A2                              0.750000    2.664522   -1.914522 (VIOLATED)
_08762_/A2                              0.750000    2.664522   -1.914522 (VIOLATED)
_08819_/A2                              0.750000    2.664522   -1.914522 (VIOLATED)
_08872_/A2                              0.750000    2.664522   -1.914522 (VIOLATED)
_08926_/A2                              0.750000    2.664522   -1.914522 (VIOLATED)
_08969_/A2                              0.750000    2.664522   -1.914522 (VIOLATED)
_09026_/A2                              0.750000    2.664522   -1.914522 (VIOLATED)
_09071_/A2                              0.750000    2.664522   -1.914522 (VIOLATED)
_09113_/A2                              0.750000    2.664522   -1.914522 (VIOLATED)
_09179_/A2                              0.750000    2.664522   -1.914522 (VIOLATED)
_09226_/A2                              0.750000    2.664522   -1.914522 (VIOLATED)
_09250_/A2                              0.750000    2.664522   -1.914522 (VIOLATED)
_09913_/B1                              0.750000    2.664522   -1.914522 (VIOLATED)
_09940_/B1                              0.750000    2.664522   -1.914522 (VIOLATED)
_09950_/A1                              0.750000    2.664522   -1.914522 (VIOLATED)
_09960_/B1                              0.750000    2.664522   -1.914522 (VIOLATED)
_09991_/A1                              0.750000    2.664522   -1.914522 (VIOLATED)
_09995_/B1                              0.750000    2.664522   -1.914522 (VIOLATED)
_10022_/A1                              0.750000    2.664522   -1.914522 (VIOLATED)
_10027_/A1                              0.750000    2.664522   -1.914522 (VIOLATED)
_10036_/B1                              0.750000    2.664522   -1.914522 (VIOLATED)
_10040_/B1                              0.750000    2.664522   -1.914522 (VIOLATED)
_10054_/B1                              0.750000    2.664522   -1.914522 (VIOLATED)
_10058_/B1                              0.750000    2.664522   -1.914522 (VIOLATED)
_10074_/A1                              0.750000    2.664522   -1.914522 (VIOLATED)
_10078_/B1                              0.750000    2.664522   -1.914522 (VIOLATED)
_10091_/B1                              0.750000    2.664522   -1.914522 (VIOLATED)
_10093_/C_N                             0.750000    2.664522   -1.914522 (VIOLATED)
_10094_/C1                              0.750000    2.664522   -1.914522 (VIOLATED)
_10109_/A1                              0.750000    2.664522   -1.914522 (VIOLATED)
_10120_/B1                              0.750000    2.664522   -1.914522 (VIOLATED)
_10129_/B1                              0.750000    2.664522   -1.914522 (VIOLATED)
_10138_/B1                              0.750000    2.664522   -1.914522 (VIOLATED)
_10150_/A1                              0.750000    2.664522   -1.914522 (VIOLATED)
_10152_/B1                              0.750000    2.664522   -1.914522 (VIOLATED)
_10166_/B1                              0.750000    2.664522   -1.914522 (VIOLATED)
_10168_/B1                              0.750000    2.664522   -1.914522 (VIOLATED)
_10184_/B1                              0.750000    2.664522   -1.914522 (VIOLATED)
_10193_/B1                              0.750000    2.664522   -1.914522 (VIOLATED)
_10204_/B1                              0.750000    2.664522   -1.914522 (VIOLATED)
_10206_/B1                              0.750000    2.664522   -1.914522 (VIOLATED)
_10223_/B1                              0.750000    2.664522   -1.914522 (VIOLATED)
_10225_/B1                              0.750000    2.664522   -1.914522 (VIOLATED)
_10243_/A1                              0.750000    2.664522   -1.914522 (VIOLATED)
_10245_/B1                              0.750000    2.664522   -1.914522 (VIOLATED)
_10259_/B1                              0.750000    2.664522   -1.914522 (VIOLATED)
_10268_/B1                              0.750000    2.664522   -1.914522 (VIOLATED)
_10283_/B1                              0.750000    2.664522   -1.914522 (VIOLATED)
_10285_/B1                              0.750000    2.664522   -1.914522 (VIOLATED)
_10304_/B1                              0.750000    2.664522   -1.914522 (VIOLATED)
_10321_/B1                              0.750000    2.664522   -1.914522 (VIOLATED)
_10323_/B1                              0.750000    2.664522   -1.914522 (VIOLATED)
_10342_/B1                              0.750000    2.664522   -1.914522 (VIOLATED)
_10350_/B1                              0.750000    2.664522   -1.914522 (VIOLATED)
_10360_/B1                              0.750000    2.664522   -1.914522 (VIOLATED)
_10368_/B1                              0.750000    2.664522   -1.914522 (VIOLATED)
_10382_/B1                              0.750000    2.664522   -1.914522 (VIOLATED)
_10401_/B1                              0.750000    2.664522   -1.914522 (VIOLATED)
_10403_/B1                              0.750000    2.664522   -1.914522 (VIOLATED)
_10420_/B1                              0.750000    2.664522   -1.914522 (VIOLATED)
_10423_/A1                              0.750000    2.664522   -1.914522 (VIOLATED)
_10447_/B1                              0.750000    2.664522   -1.914522 (VIOLATED)
_10466_/B1                              0.750000    2.664522   -1.914522 (VIOLATED)
_10474_/B1                              0.750000    2.664522   -1.914522 (VIOLATED)
_10486_/B1                              0.750000    2.664522   -1.914522 (VIOLATED)
_10489_/A1                              0.750000    2.664522   -1.914522 (VIOLATED)
_10507_/B1                              0.750000    2.664522   -1.914522 (VIOLATED)
_10515_/A1                              0.750000    2.664522   -1.914522 (VIOLATED)
_10527_/B1                              0.750000    2.664522   -1.914522 (VIOLATED)
_10536_/A1                              0.750000    2.664522   -1.914522 (VIOLATED)
_10547_/B1                              0.750000    2.664522   -1.914522 (VIOLATED)
_10555_/B1                              0.750000    2.664522   -1.914522 (VIOLATED)
_10567_/B1                              0.750000    2.664522   -1.914522 (VIOLATED)
_10576_/B1                              0.750000    2.664522   -1.914522 (VIOLATED)
_10587_/B1                              0.750000    2.664522   -1.914522 (VIOLATED)
_10596_/B1                              0.750000    2.664522   -1.914522 (VIOLATED)
_11714_/A1                              0.750000    2.664522   -1.914522 (VIOLATED)
_09416_/Y                               0.750000    2.503901   -1.753901 (VIOLATED)
_09423_/A1                              0.750000    2.503901   -1.753901 (VIOLATED)
_09452_/A                               0.750000    2.503901   -1.753901 (VIOLATED)
_09453_/A                               0.750000    2.503901   -1.753901 (VIOLATED)
_09466_/A                               0.750000    2.503901   -1.753901 (VIOLATED)
_09467_/B                               0.750000    2.503901   -1.753901 (VIOLATED)
_09488_/B1                              0.750000    2.503901   -1.753901 (VIOLATED)
_09489_/B                               0.750000    2.503901   -1.753901 (VIOLATED)
_09499_/A2_N                            0.750000    2.503901   -1.753901 (VIOLATED)
_09509_/B                               0.750000    2.503901   -1.753901 (VIOLATED)
_09516_/A2                              0.750000    2.503901   -1.753901 (VIOLATED)
_09517_/A2                              0.750000    2.503901   -1.753901 (VIOLATED)
_09521_/B1                              0.750000    2.503901   -1.753901 (VIOLATED)
_09522_/B                               0.750000    2.503901   -1.753901 (VIOLATED)
_09534_/B                               0.750000    2.503901   -1.753901 (VIOLATED)
_09553_/B                               0.750000    2.503901   -1.753901 (VIOLATED)
_09561_/A2                              0.750000    2.503901   -1.753901 (VIOLATED)
_09568_/A2                              0.750000    2.503901   -1.753901 (VIOLATED)
_09585_/B                               0.750000    2.503901   -1.753901 (VIOLATED)
_09593_/A2                              0.750000    2.503901   -1.753901 (VIOLATED)
_09594_/A2                              0.750000    2.503901   -1.753901 (VIOLATED)
_09601_/A2                              0.750000    2.503901   -1.753901 (VIOLATED)
_09609_/A2                              0.750000    2.503901   -1.753901 (VIOLATED)
_09616_/A2                              0.750000    2.503901   -1.753901 (VIOLATED)
_09624_/A2                              0.750000    2.503901   -1.753901 (VIOLATED)
_09632_/A2                              0.750000    2.503901   -1.753901 (VIOLATED)
_09640_/A2                              0.750000    2.503901   -1.753901 (VIOLATED)
_09648_/A2                              0.750000    2.503901   -1.753901 (VIOLATED)
_09655_/A2                              0.750000    2.503901   -1.753901 (VIOLATED)
_09663_/A2                              0.750000    2.503901   -1.753901 (VIOLATED)
_09671_/A2                              0.750000    2.503901   -1.753901 (VIOLATED)
_09679_/A2                              0.750000    2.503901   -1.753901 (VIOLATED)
_09686_/A2                              0.750000    2.503901   -1.753901 (VIOLATED)
_09693_/A2                              0.750000    2.503901   -1.753901 (VIOLATED)
_09701_/A2                              0.750000    2.503901   -1.753901 (VIOLATED)
_09708_/A2                              0.750000    2.503901   -1.753901 (VIOLATED)
_09715_/A2                              0.750000    2.503901   -1.753901 (VIOLATED)
_09878_/A                               0.750000    2.503901   -1.753901 (VIOLATED)
_09879_/A                               0.750000    2.503901   -1.753901 (VIOLATED)
_09888_/C1                              0.750000    2.503901   -1.753901 (VIOLATED)
_09890_/C1                              0.750000    2.503901   -1.753901 (VIOLATED)
_12401_/A1                              0.750000    2.503901   -1.753901 (VIOLATED)
_12405_/A                               0.750000    2.503901   -1.753901 (VIOLATED)
_12485_/A1                              0.750000    2.503901   -1.753901 (VIOLATED)
_12519_/B1                              0.750000    2.503901   -1.753901 (VIOLATED)
_12523_/B1                              0.750000    2.503901   -1.753901 (VIOLATED)
_12527_/B1                              0.750000    2.503901   -1.753901 (VIOLATED)
_12531_/B1                              0.750000    2.503901   -1.753901 (VIOLATED)
_12539_/B1                              0.750000    2.503901   -1.753901 (VIOLATED)
_12543_/B1                              0.750000    2.503901   -1.753901 (VIOLATED)
_12548_/A1                              0.750000    2.503901   -1.753901 (VIOLATED)
_12555_/B1                              0.750000    2.503901   -1.753901 (VIOLATED)
_12560_/A1                              0.750000    2.503901   -1.753901 (VIOLATED)
_12567_/B1                              0.750000    2.503901   -1.753901 (VIOLATED)
_12572_/A1                              0.750000    2.503901   -1.753901 (VIOLATED)
_12579_/B1                              0.750000    2.503901   -1.753901 (VIOLATED)
_12584_/A1                              0.750000    2.503901   -1.753901 (VIOLATED)
_12591_/B1                              0.750000    2.503901   -1.753901 (VIOLATED)
_12596_/A1                              0.750000    2.503901   -1.753901 (VIOLATED)
_12604_/A1                              0.750000    2.503901   -1.753901 (VIOLATED)
_07176_/Y                               0.750000    1.822887   -1.072887 (VIOLATED)
_07183_/A1                              0.750000    1.822887   -1.072887 (VIOLATED)
_07272_/A                               0.750000    1.822887   -1.072887 (VIOLATED)
_07298_/A                               0.750000    1.822887   -1.072887 (VIOLATED)
_07352_/A2                              0.750000    1.822887   -1.072887 (VIOLATED)
_09474_/B                               0.750000    1.822887   -1.072887 (VIOLATED)
_09913_/A2                              0.750000    1.822887   -1.072887 (VIOLATED)
_09940_/A2                              0.750000    1.822887   -1.072887 (VIOLATED)
_09950_/B1                              0.750000    1.822887   -1.072887 (VIOLATED)
_09960_/A2                              0.750000    1.822887   -1.072887 (VIOLATED)
_09991_/B1                              0.750000    1.822887   -1.072887 (VIOLATED)
_09995_/A2                              0.750000    1.822887   -1.072887 (VIOLATED)
_10022_/B1                              0.750000    1.822887   -1.072887 (VIOLATED)
_10027_/B1                              0.750000    1.822887   -1.072887 (VIOLATED)
_10036_/A2                              0.750000    1.822887   -1.072887 (VIOLATED)
_10040_/A2                              0.750000    1.822887   -1.072887 (VIOLATED)
_10054_/A2                              0.750000    1.822887   -1.072887 (VIOLATED)
_10058_/A2                              0.750000    1.822887   -1.072887 (VIOLATED)
_10074_/B1                              0.750000    1.822887   -1.072887 (VIOLATED)
_10078_/A2                              0.750000    1.822887   -1.072887 (VIOLATED)
_10109_/B1                              0.750000    1.822887   -1.072887 (VIOLATED)
_10110_/B                               0.750000    1.822887   -1.072887 (VIOLATED)
_10120_/A2                              0.750000    1.822887   -1.072887 (VIOLATED)
_10129_/A2                              0.750000    1.822887   -1.072887 (VIOLATED)
_10138_/A2                              0.750000    1.822887   -1.072887 (VIOLATED)
_10150_/B1                              0.750000    1.822887   -1.072887 (VIOLATED)
_10152_/A2                              0.750000    1.822887   -1.072887 (VIOLATED)
_10166_/A2                              0.750000    1.822887   -1.072887 (VIOLATED)
_10168_/A2                              0.750000    1.822887   -1.072887 (VIOLATED)
_10184_/A2                              0.750000    1.822887   -1.072887 (VIOLATED)
_10193_/A2                              0.750000    1.822887   -1.072887 (VIOLATED)
_10204_/A2                              0.750000    1.822887   -1.072887 (VIOLATED)
_10206_/A2                              0.750000    1.822887   -1.072887 (VIOLATED)
_10223_/A2                              0.750000    1.822887   -1.072887 (VIOLATED)
_10225_/A2                              0.750000    1.822887   -1.072887 (VIOLATED)
_10243_/B1                              0.750000    1.822887   -1.072887 (VIOLATED)
_10245_/A2                              0.750000    1.822887   -1.072887 (VIOLATED)
_10259_/A2                              0.750000    1.822887   -1.072887 (VIOLATED)
_10268_/A2                              0.750000    1.822887   -1.072887 (VIOLATED)
_10283_/A2                              0.750000    1.822887   -1.072887 (VIOLATED)
_10285_/A2                              0.750000    1.822887   -1.072887 (VIOLATED)
_10312_/A1                              0.750000    1.822887   -1.072887 (VIOLATED)
_10321_/A2                              0.750000    1.822887   -1.072887 (VIOLATED)
_10323_/A2                              0.750000    1.822887   -1.072887 (VIOLATED)
_10342_/A2                              0.750000    1.822887   -1.072887 (VIOLATED)
_10350_/A2                              0.750000    1.822887   -1.072887 (VIOLATED)
_10360_/A2                              0.750000    1.822887   -1.072887 (VIOLATED)
_10368_/A2                              0.750000    1.822887   -1.072887 (VIOLATED)
_10390_/A1                              0.750000    1.822887   -1.072887 (VIOLATED)
_10401_/A2                              0.750000    1.822887   -1.072887 (VIOLATED)
_10403_/A2                              0.750000    1.822887   -1.072887 (VIOLATED)
_10420_/A2                              0.750000    1.822887   -1.072887 (VIOLATED)
_10423_/B1                              0.750000    1.822887   -1.072887 (VIOLATED)
_10455_/A1                              0.750000    1.822887   -1.072887 (VIOLATED)
_10466_/A2                              0.750000    1.822887   -1.072887 (VIOLATED)
_10474_/A2                              0.750000    1.822887   -1.072887 (VIOLATED)
_10486_/A2                              0.750000    1.822887   -1.072887 (VIOLATED)
_10489_/B1                              0.750000    1.822887   -1.072887 (VIOLATED)
_10507_/A2                              0.750000    1.822887   -1.072887 (VIOLATED)
_10515_/B1                              0.750000    1.822887   -1.072887 (VIOLATED)
_10527_/A2                              0.750000    1.822887   -1.072887 (VIOLATED)
_10536_/B1                              0.750000    1.822887   -1.072887 (VIOLATED)
_10547_/A2                              0.750000    1.822887   -1.072887 (VIOLATED)
_10555_/A2                              0.750000    1.822887   -1.072887 (VIOLATED)
_10567_/A2                              0.750000    1.822887   -1.072887 (VIOLATED)
_10576_/A2                              0.750000    1.822887   -1.072887 (VIOLATED)
_10587_/A2                              0.750000    1.822887   -1.072887 (VIOLATED)
_10596_/A2                              0.750000    1.822887   -1.072887 (VIOLATED)
_10601_/C                               0.750000    1.822887   -1.072887 (VIOLATED)
_14345_/A                               0.750000    1.822887   -1.072887 (VIOLATED)
_10094_/X                               0.750000    1.531101   -0.781102 (VIOLATED)
_10095_/B                               0.750000    1.531101   -0.781102 (VIOLATED)
_10096_/A2                              0.750000    1.531101   -0.781102 (VIOLATED)
_10097_/S                               0.750000    1.531101   -0.781102 (VIOLATED)
_10099_/S                               0.750000    1.531101   -0.781102 (VIOLATED)
_10101_/B                               0.750000    1.531101   -0.781102 (VIOLATED)
_10102_/A2                              0.750000    1.531101   -0.781102 (VIOLATED)
_10124_/S                               0.750000    1.531101   -0.781102 (VIOLATED)
_10142_/S                               0.750000    1.531101   -0.781102 (VIOLATED)
_10159_/S                               0.750000    1.531101   -0.781102 (VIOLATED)
_10178_/S                               0.750000    1.531101   -0.781102 (VIOLATED)
_10198_/S                               0.750000    1.531101   -0.781102 (VIOLATED)
_10217_/S                               0.750000    1.531101   -0.781102 (VIOLATED)
_10234_/S                               0.750000    1.531101   -0.781102 (VIOLATED)
_10253_/S                               0.750000    1.531101   -0.781102 (VIOLATED)
_10273_/S                               0.750000    1.531101   -0.781102 (VIOLATED)
_10275_/S                               0.750000    1.531101   -0.781102 (VIOLATED)
_10277_/S                               0.750000    1.531101   -0.781102 (VIOLATED)
_10293_/S                               0.750000    1.531101   -0.781102 (VIOLATED)
_10295_/S                               0.750000    1.531101   -0.781102 (VIOLATED)
_10315_/S                               0.750000    1.531101   -0.781102 (VIOLATED)
_10334_/S                               0.750000    1.531101   -0.781102 (VIOLATED)
_10354_/S                               0.750000    1.531101   -0.781102 (VIOLATED)
_10373_/S                               0.750000    1.531101   -0.781102 (VIOLATED)
_10376_/A                               0.750000    1.531101   -0.781102 (VIOLATED)
_10393_/A1                              0.750000    1.531101   -0.781102 (VIOLATED)
_10395_/S                               0.750000    1.531101   -0.781102 (VIOLATED)
_10413_/S                               0.750000    1.531101   -0.781102 (VIOLATED)
_10417_/A                               0.750000    1.531101   -0.781102 (VIOLATED)
_10434_/A1                              0.750000    1.531101   -0.781102 (VIOLATED)
_10458_/S                               0.750000    1.531101   -0.781102 (VIOLATED)
_10479_/S                               0.750000    1.531101   -0.781102 (VIOLATED)
_10482_/A1                              0.750000    1.531101   -0.781102 (VIOLATED)
_10502_/A                               0.750000    1.531101   -0.781102 (VIOLATED)
_10520_/A1                              0.750000    1.531101   -0.781102 (VIOLATED)
_10524_/A                               0.750000    1.531101   -0.781102 (VIOLATED)
_10540_/A1                              0.750000    1.531101   -0.781102 (VIOLATED)
_10560_/S                               0.750000    1.531101   -0.781102 (VIOLATED)
_10581_/S                               0.750000    1.531101   -0.781102 (VIOLATED)
_10599_/S                               0.750000    1.531101   -0.781102 (VIOLATED)
_11715_/S                               0.750000    1.531101   -0.781102 (VIOLATED)
_11717_/S                               0.750000    1.531101   -0.781102 (VIOLATED)
_11719_/B                               0.750000    1.531101   -0.781102 (VIOLATED)
_11720_/A2                              0.750000    1.531101   -0.781102 (VIOLATED)
_11722_/S                               0.750000    1.531101   -0.781102 (VIOLATED)
_11724_/S                               0.750000    1.531101   -0.781102 (VIOLATED)
_11726_/A                               0.750000    1.531101   -0.781102 (VIOLATED)
_11727_/A1                              0.750000    1.531101   -0.781102 (VIOLATED)
_11729_/S                               0.750000    1.531101   -0.781102 (VIOLATED)
_11731_/S                               0.750000    1.531101   -0.781102 (VIOLATED)
_11733_/S                               0.750000    1.531101   -0.781102 (VIOLATED)
_11735_/S                               0.750000    1.531101   -0.781102 (VIOLATED)
_11737_/A                               0.750000    1.531101   -0.781102 (VIOLATED)
_11738_/A1                              0.750000    1.531101   -0.781102 (VIOLATED)
_11740_/S                               0.750000    1.531101   -0.781102 (VIOLATED)
_11742_/S                               0.750000    1.531101   -0.781102 (VIOLATED)
_11744_/S                               0.750000    1.531101   -0.781102 (VIOLATED)
_11746_/S                               0.750000    1.531101   -0.781102 (VIOLATED)
_11748_/B                               0.750000    1.531101   -0.781102 (VIOLATED)
_11749_/A2                              0.750000    1.531101   -0.781102 (VIOLATED)
_11751_/A                               0.750000    1.531101   -0.781102 (VIOLATED)
_11752_/A1                              0.750000    1.531101   -0.781102 (VIOLATED)
_11754_/S                               0.750000    1.531101   -0.781102 (VIOLATED)
_11756_/S                               0.750000    1.531101   -0.781102 (VIOLATED)
_11758_/S                               0.750000    1.531101   -0.781102 (VIOLATED)
_11760_/S                               0.750000    1.531101   -0.781102 (VIOLATED)
_11762_/B                               0.750000    1.531101   -0.781102 (VIOLATED)
_11763_/A2                              0.750000    1.531101   -0.781102 (VIOLATED)
_11765_/S                               0.750000    1.531101   -0.781102 (VIOLATED)
_11767_/S                               0.750000    1.531101   -0.781102 (VIOLATED)
_11769_/A                               0.750000    1.531101   -0.781102 (VIOLATED)
_11770_/A1                              0.750000    1.531101   -0.781102 (VIOLATED)
_11772_/S                               0.750000    1.531101   -0.781102 (VIOLATED)
_11776_/S                               0.750000    1.531101   -0.781102 (VIOLATED)
_11778_/S                               0.750000    1.531101   -0.781102 (VIOLATED)
_11780_/S                               0.750000    1.531101   -0.781102 (VIOLATED)
_11782_/S                               0.750000    1.531101   -0.781102 (VIOLATED)
_11784_/S                               0.750000    1.531101   -0.781102 (VIOLATED)
_09909_/X                               0.750000    1.285069   -0.535069 (VIOLATED)
_09912_/S                               0.750000    1.285069   -0.535069 (VIOLATED)
_09939_/S                               0.750000    1.285069   -0.535069 (VIOLATED)
_09949_/B                               0.750000    1.285069   -0.535069 (VIOLATED)
_09959_/S                               0.750000    1.285069   -0.535069 (VIOLATED)
_09989_/A                               0.750000    1.285069   -0.535069 (VIOLATED)
_09990_/B                               0.750000    1.285069   -0.535069 (VIOLATED)
_09994_/S                               0.750000    1.285069   -0.535069 (VIOLATED)
_10020_/A                               0.750000    1.285069   -0.535069 (VIOLATED)
_10021_/B                               0.750000    1.285069   -0.535069 (VIOLATED)
_10025_/A                               0.750000    1.285069   -0.535069 (VIOLATED)
_10026_/B                               0.750000    1.285069   -0.535069 (VIOLATED)
_10035_/S                               0.750000    1.285069   -0.535069 (VIOLATED)
_10039_/S                               0.750000    1.285069   -0.535069 (VIOLATED)
_10053_/S                               0.750000    1.285069   -0.535069 (VIOLATED)
_10057_/S                               0.750000    1.285069   -0.535069 (VIOLATED)
_10072_/A                               0.750000    1.285069   -0.535069 (VIOLATED)
_10073_/B                               0.750000    1.285069   -0.535069 (VIOLATED)
_10077_/S                               0.750000    1.285069   -0.535069 (VIOLATED)
_10107_/A                               0.750000    1.285069   -0.535069 (VIOLATED)
_10108_/B                               0.750000    1.285069   -0.535069 (VIOLATED)
_10119_/S                               0.750000    1.285069   -0.535069 (VIOLATED)
_10128_/S                               0.750000    1.285069   -0.535069 (VIOLATED)
_10137_/S                               0.750000    1.285069   -0.535069 (VIOLATED)
_10148_/A                               0.750000    1.285069   -0.535069 (VIOLATED)
_10149_/B                               0.750000    1.285069   -0.535069 (VIOLATED)
_10151_/S                               0.750000    1.285069   -0.535069 (VIOLATED)
_10165_/S                               0.750000    1.285069   -0.535069 (VIOLATED)
_10167_/S                               0.750000    1.285069   -0.535069 (VIOLATED)
_10183_/S                               0.750000    1.285069   -0.535069 (VIOLATED)
_10192_/S                               0.750000    1.285069   -0.535069 (VIOLATED)
_10203_/S                               0.750000    1.285069   -0.535069 (VIOLATED)
_10205_/S                               0.750000    1.285069   -0.535069 (VIOLATED)
_10222_/S                               0.750000    1.285069   -0.535069 (VIOLATED)
_10224_/S                               0.750000    1.285069   -0.535069 (VIOLATED)
_10241_/A                               0.750000    1.285069   -0.535069 (VIOLATED)
_10242_/B                               0.750000    1.285069   -0.535069 (VIOLATED)
_10244_/S                               0.750000    1.285069   -0.535069 (VIOLATED)
_10258_/S                               0.750000    1.285069   -0.535069 (VIOLATED)
_10267_/S                               0.750000    1.285069   -0.535069 (VIOLATED)
_10282_/S                               0.750000    1.285069   -0.535069 (VIOLATED)
_10284_/S                               0.750000    1.285069   -0.535069 (VIOLATED)
_10299_/B                               0.750000    1.285069   -0.535069 (VIOLATED)
_10302_/A                               0.750000    1.285069   -0.535069 (VIOLATED)
_10303_/A2                              0.750000    1.285069   -0.535069 (VIOLATED)
_10320_/S                               0.750000    1.285069   -0.535069 (VIOLATED)
_10322_/S                               0.750000    1.285069   -0.535069 (VIOLATED)
_10341_/S                               0.750000    1.285069   -0.535069 (VIOLATED)
_10349_/S                               0.750000    1.285069   -0.535069 (VIOLATED)
_10359_/S                               0.750000    1.285069   -0.535069 (VIOLATED)
_10367_/S                               0.750000    1.285069   -0.535069 (VIOLATED)
_10377_/A                               0.750000    1.285069   -0.535069 (VIOLATED)
_10378_/A2                              0.750000    1.285069   -0.535069 (VIOLATED)
_10380_/B                               0.750000    1.285069   -0.535069 (VIOLATED)
_10400_/S                               0.750000    1.285069   -0.535069 (VIOLATED)
_10402_/S                               0.750000    1.285069   -0.535069 (VIOLATED)
_10419_/S                               0.750000    1.285069   -0.535069 (VIOLATED)
_10421_/A                               0.750000    1.285069   -0.535069 (VIOLATED)
_10422_/B                               0.750000    1.285069   -0.535069 (VIOLATED)
_10439_/A                               0.750000    1.285069   -0.535069 (VIOLATED)
_10440_/A2                              0.750000    1.285069   -0.535069 (VIOLATED)
_10445_/A                               0.750000    1.285069   -0.535069 (VIOLATED)
_10446_/A2                              0.750000    1.285069   -0.535069 (VIOLATED)
_10465_/S                               0.750000    1.285069   -0.535069 (VIOLATED)
_10473_/S                               0.750000    1.285069   -0.535069 (VIOLATED)
_10485_/S                               0.750000    1.285069   -0.535069 (VIOLATED)
_10487_/A                               0.750000    1.285069   -0.535069 (VIOLATED)
_10488_/B                               0.750000    1.285069   -0.535069 (VIOLATED)
_10506_/S                               0.750000    1.285069   -0.535069 (VIOLATED)
_10513_/A                               0.750000    1.285069   -0.535069 (VIOLATED)
_10514_/B                               0.750000    1.285069   -0.535069 (VIOLATED)
_10526_/S                               0.750000    1.285069   -0.535069 (VIOLATED)
_10534_/A                               0.750000    1.285069   -0.535069 (VIOLATED)
_10535_/B                               0.750000    1.285069   -0.535069 (VIOLATED)
_10546_/S                               0.750000    1.285069   -0.535069 (VIOLATED)
_10554_/S                               0.750000    1.285069   -0.535069 (VIOLATED)
_10566_/S                               0.750000    1.285069   -0.535069 (VIOLATED)
_10575_/S                               0.750000    1.285069   -0.535069 (VIOLATED)
_10586_/S                               0.750000    1.285069   -0.535069 (VIOLATED)
_10595_/S                               0.750000    1.285069   -0.535069 (VIOLATED)
_09878_/X                               0.750000    1.279032   -0.529032 (VIOLATED)
_09880_/B1                              0.750000    1.279032   -0.529032 (VIOLATED)
_12827_/A2                              0.750000    1.279032   -0.529032 (VIOLATED)
_12835_/A2                              0.750000    1.279032   -0.529032 (VIOLATED)
_12848_/A                               0.750000    1.279032   -0.529032 (VIOLATED)
_12850_/A                               0.750000    1.279032   -0.529032 (VIOLATED)
_12856_/A2                              0.750000    1.279032   -0.529032 (VIOLATED)
_12874_/B1                              0.750000    1.279032   -0.529032 (VIOLATED)
_12879_/S                               0.750000    1.279032   -0.529032 (VIOLATED)
_12888_/C1                              0.750000    1.279032   -0.529032 (VIOLATED)
_12894_/S                               0.750000    1.279032   -0.529032 (VIOLATED)
_12901_/B1                              0.750000    1.279032   -0.529032 (VIOLATED)
_12904_/C1                              0.750000    1.279032   -0.529032 (VIOLATED)
_12907_/S                               0.750000    1.279032   -0.529032 (VIOLATED)
_12911_/A2                              0.750000    1.279032   -0.529032 (VIOLATED)
_12921_/A                               0.750000    1.279032   -0.529032 (VIOLATED)
_12927_/C1                              0.750000    1.279032   -0.529032 (VIOLATED)
_12944_/S                               0.750000    1.279032   -0.529032 (VIOLATED)
_12960_/S                               0.750000    1.279032   -0.529032 (VIOLATED)
_12972_/S                               0.750000    1.279032   -0.529032 (VIOLATED)
_12981_/A                               0.750000    1.279032   -0.529032 (VIOLATED)
_12982_/B1                              0.750000    1.279032   -0.529032 (VIOLATED)
_12989_/C1                              0.750000    1.279032   -0.529032 (VIOLATED)
_12990_/A                               0.750000    1.279032   -0.529032 (VIOLATED)
_13004_/S                               0.750000    1.279032   -0.529032 (VIOLATED)
_13018_/A2                              0.750000    1.279032   -0.529032 (VIOLATED)
_13042_/S                               0.750000    1.279032   -0.529032 (VIOLATED)
_13055_/S                               0.750000    1.279032   -0.529032 (VIOLATED)
_13068_/C1                              0.750000    1.279032   -0.529032 (VIOLATED)
_13081_/A2                              0.750000    1.279032   -0.529032 (VIOLATED)
_13094_/A2                              0.750000    1.279032   -0.529032 (VIOLATED)
_13106_/S                               0.750000    1.279032   -0.529032 (VIOLATED)
_13116_/S                               0.750000    1.279032   -0.529032 (VIOLATED)
_13131_/A                               0.750000    1.279032   -0.529032 (VIOLATED)
_13132_/A                               0.750000    1.279032   -0.529032 (VIOLATED)
_13137_/A2                              0.750000    1.279032   -0.529032 (VIOLATED)
_13139_/S                               0.750000    1.279032   -0.529032 (VIOLATED)
_13140_/S                               0.750000    1.279032   -0.529032 (VIOLATED)
_13141_/S                               0.750000    1.279032   -0.529032 (VIOLATED)
_13142_/S                               0.750000    1.279032   -0.529032 (VIOLATED)
_13143_/S                               0.750000    1.279032   -0.529032 (VIOLATED)
_13144_/S                               0.750000    1.279032   -0.529032 (VIOLATED)
_13145_/S                               0.750000    1.279032   -0.529032 (VIOLATED)
_13146_/S                               0.750000    1.279032   -0.529032 (VIOLATED)
_13147_/S                               0.750000    1.279032   -0.529032 (VIOLATED)
_13148_/S                               0.750000    1.279032   -0.529032 (VIOLATED)
_13149_/S                               0.750000    1.279032   -0.529032 (VIOLATED)
_13150_/S                               0.750000    1.279032   -0.529032 (VIOLATED)
_13151_/S                               0.750000    1.279032   -0.529032 (VIOLATED)
_13152_/S                               0.750000    1.279032   -0.529032 (VIOLATED)
_13153_/S                               0.750000    1.279032   -0.529032 (VIOLATED)
_13154_/S                               0.750000    1.279032   -0.529032 (VIOLATED)
_13155_/S                               0.750000    1.279032   -0.529032 (VIOLATED)
_13156_/S                               0.750000    1.279032   -0.529032 (VIOLATED)
_13157_/S                               0.750000    1.279032   -0.529032 (VIOLATED)
_13158_/S                               0.750000    1.279032   -0.529032 (VIOLATED)
_13159_/S                               0.750000    1.279032   -0.529032 (VIOLATED)
_13160_/S                               0.750000    1.279032   -0.529032 (VIOLATED)
_13161_/S                               0.750000    1.279032   -0.529032 (VIOLATED)
_13162_/S                               0.750000    1.279032   -0.529032 (VIOLATED)
_13163_/S                               0.750000    1.279032   -0.529032 (VIOLATED)
_13164_/S                               0.750000    1.279032   -0.529032 (VIOLATED)
_13165_/S                               0.750000    1.279032   -0.529032 (VIOLATED)
_13166_/S                               0.750000    1.279032   -0.529032 (VIOLATED)
_13167_/S                               0.750000    1.279032   -0.529032 (VIOLATED)
_13168_/S                               0.750000    1.279032   -0.529032 (VIOLATED)
_13169_/S                               0.750000    1.279032   -0.529032 (VIOLATED)
_13173_/B1                              0.750000    1.279032   -0.529032 (VIOLATED)
_13175_/A2                              0.750000    1.279032   -0.529032 (VIOLATED)
_13176_/S                               0.750000    1.279032   -0.529032 (VIOLATED)
_13177_/S                               0.750000    1.279032   -0.529032 (VIOLATED)
_13178_/S                               0.750000    1.279032   -0.529032 (VIOLATED)
_13179_/S                               0.750000    1.279032   -0.529032 (VIOLATED)
_13180_/S                               0.750000    1.279032   -0.529032 (VIOLATED)
_13181_/S                               0.750000    1.279032   -0.529032 (VIOLATED)
_13182_/S                               0.750000    1.279032   -0.529032 (VIOLATED)
_13183_/S                               0.750000    1.279032   -0.529032 (VIOLATED)
_13184_/S                               0.750000    1.279032   -0.529032 (VIOLATED)
_13185_/S                               0.750000    1.279032   -0.529032 (VIOLATED)
_13186_/S                               0.750000    1.279032   -0.529032 (VIOLATED)
_13188_/S                               0.750000    1.279032   -0.529032 (VIOLATED)
_13189_/S                               0.750000    1.279032   -0.529032 (VIOLATED)
_13190_/S                               0.750000    1.279032   -0.529032 (VIOLATED)
_10601_/X                               0.750000    1.269978   -0.519978 (VIOLATED)
_10603_/B                               0.750000    1.269978   -0.519978 (VIOLATED)
_10604_/A2                              0.750000    1.269978   -0.519978 (VIOLATED)
_10605_/A2                              0.750000    1.269978   -0.519978 (VIOLATED)
_10606_/B                               0.750000    1.269978   -0.519978 (VIOLATED)
_10607_/A2                              0.750000    1.269978   -0.519978 (VIOLATED)
_10612_/B                               0.750000    1.269978   -0.519978 (VIOLATED)
_10627_/B                               0.750000    1.269978   -0.519978 (VIOLATED)
_10631_/B                               0.750000    1.269978   -0.519978 (VIOLATED)
_10632_/A1                              0.750000    1.269978   -0.519978 (VIOLATED)
_10636_/B                               0.750000    1.269978   -0.519978 (VIOLATED)
_10637_/A1                              0.750000    1.269978   -0.519978 (VIOLATED)
_10642_/A2                              0.750000    1.269978   -0.519978 (VIOLATED)
_10646_/A1                              0.750000    1.269978   -0.519978 (VIOLATED)
_10647_/B                               0.750000    1.269978   -0.519978 (VIOLATED)
_10651_/B                               0.750000    1.269978   -0.519978 (VIOLATED)
_10652_/A1                              0.750000    1.269978   -0.519978 (VIOLATED)
_10659_/B                               0.750000    1.269978   -0.519978 (VIOLATED)
_10660_/A1                              0.750000    1.269978   -0.519978 (VIOLATED)
_10672_/B                               0.750000    1.269978   -0.519978 (VIOLATED)
_10673_/A1                              0.750000    1.269978   -0.519978 (VIOLATED)
_10685_/B                               0.750000    1.269978   -0.519978 (VIOLATED)
_10686_/A1                              0.750000    1.269978   -0.519978 (VIOLATED)
_10690_/B                               0.750000    1.269978   -0.519978 (VIOLATED)
_10691_/A1                              0.750000    1.269978   -0.519978 (VIOLATED)
_10696_/A2                              0.750000    1.269978   -0.519978 (VIOLATED)
_10711_/A2                              0.750000    1.269978   -0.519978 (VIOLATED)
_10715_/B                               0.750000    1.269978   -0.519978 (VIOLATED)
_10716_/A1                              0.750000    1.269978   -0.519978 (VIOLATED)
_10721_/B                               0.750000    1.269978   -0.519978 (VIOLATED)
_10725_/B                               0.750000    1.269978   -0.519978 (VIOLATED)
_10726_/A1                              0.750000    1.269978   -0.519978 (VIOLATED)
_10731_/B                               0.750000    1.269978   -0.519978 (VIOLATED)
_10736_/A1                              0.750000    1.269978   -0.519978 (VIOLATED)
_10737_/B                               0.750000    1.269978   -0.519978 (VIOLATED)
_10742_/B                               0.750000    1.269978   -0.519978 (VIOLATED)
_10746_/A1                              0.750000    1.269978   -0.519978 (VIOLATED)
_10747_/B                               0.750000    1.269978   -0.519978 (VIOLATED)
_10751_/A                               0.750000    1.269978   -0.519978 (VIOLATED)
_10752_/B                               0.750000    1.269978   -0.519978 (VIOLATED)
_10756_/B                               0.750000    1.269978   -0.519978 (VIOLATED)
_10757_/A1                              0.750000    1.269978   -0.519978 (VIOLATED)
_11545_/A1                              0.750000    1.269978   -0.519978 (VIOLATED)
_11549_/A                               0.750000    1.269978   -0.519978 (VIOLATED)
_11555_/A2                              0.750000    1.269978   -0.519978 (VIOLATED)
_11559_/A                               0.750000    1.269978   -0.519978 (VIOLATED)
_11560_/A2                              0.750000    1.269978   -0.519978 (VIOLATED)
_11565_/A2                              0.750000    1.269978   -0.519978 (VIOLATED)
_11569_/A                               0.750000    1.269978   -0.519978 (VIOLATED)
_11574_/A                               0.750000    1.269978   -0.519978 (VIOLATED)
_11579_/A                               0.750000    1.269978   -0.519978 (VIOLATED)
_11580_/A2                              0.750000    1.269978   -0.519978 (VIOLATED)
_11589_/A                               0.750000    1.269978   -0.519978 (VIOLATED)
_11594_/A                               0.750000    1.269978   -0.519978 (VIOLATED)
_11595_/A2                              0.750000    1.269978   -0.519978 (VIOLATED)
_11599_/A1                              0.750000    1.269978   -0.519978 (VIOLATED)
_11605_/A2                              0.750000    1.269978   -0.519978 (VIOLATED)
_11609_/A2                              0.750000    1.269978   -0.519978 (VIOLATED)
_11613_/A                               0.750000    1.269978   -0.519978 (VIOLATED)
_11618_/A                               0.750000    1.269978   -0.519978 (VIOLATED)
_11619_/A2                              0.750000    1.269978   -0.519978 (VIOLATED)
_11624_/A2                              0.750000    1.269978   -0.519978 (VIOLATED)
_11629_/A                               0.750000    1.269978   -0.519978 (VIOLATED)
_11634_/A2                              0.750000    1.269978   -0.519978 (VIOLATED)
_11637_/A                               0.750000    1.269978   -0.519978 (VIOLATED)
_11638_/A2                              0.750000    1.269978   -0.519978 (VIOLATED)
_11642_/A                               0.750000    1.269978   -0.519978 (VIOLATED)
_11643_/A2                              0.750000    1.269978   -0.519978 (VIOLATED)
_11647_/A                               0.750000    1.269978   -0.519978 (VIOLATED)
_11648_/A2                              0.750000    1.269978   -0.519978 (VIOLATED)
_11651_/A                               0.750000    1.269978   -0.519978 (VIOLATED)
_11652_/A2                              0.750000    1.269978   -0.519978 (VIOLATED)
_11656_/A1                              0.750000    1.269978   -0.519978 (VIOLATED)
_11659_/A                               0.750000    1.269978   -0.519978 (VIOLATED)
_11663_/A1                              0.750000    1.269978   -0.519978 (VIOLATED)
_11664_/A2                              0.750000    1.269978   -0.519978 (VIOLATED)
_11668_/A                               0.750000    1.269978   -0.519978 (VIOLATED)
_11672_/A                               0.750000    1.269978   -0.519978 (VIOLATED)
_11676_/B                               0.750000    1.269978   -0.519978 (VIOLATED)
_11679_/A2                              0.750000    1.269978   -0.519978 (VIOLATED)
_11682_/A1                              0.750000    1.269978   -0.519978 (VIOLATED)
_11689_/A2                              0.750000    1.269978   -0.519978 (VIOLATED)
_07711_/Y                               0.750000    1.204622   -0.454622 (VIOLATED)
_07714_/A                               0.750000    1.204622   -0.454622 (VIOLATED)
_07715_/A                               0.750000    1.204622   -0.454622 (VIOLATED)
_07717_/A                               0.750000    1.204622   -0.454622 (VIOLATED)
_07718_/A                               0.750000    1.204622   -0.454622 (VIOLATED)
_09721_/A                               0.750000    1.204622   -0.454622 (VIOLATED)
_09723_/A                               0.750000    1.204622   -0.454622 (VIOLATED)
_09724_/A                               0.750000    1.204622   -0.454622 (VIOLATED)
_09726_/B                               0.750000    1.204622   -0.454622 (VIOLATED)
_09727_/A2                              0.750000    1.204622   -0.454622 (VIOLATED)
_09735_/A                               0.750000    1.204622   -0.454622 (VIOLATED)
_09738_/A                               0.750000    1.204622   -0.454622 (VIOLATED)
_09739_/A                               0.750000    1.204622   -0.454622 (VIOLATED)
_09743_/B1_N                            0.750000    1.204622   -0.454622 (VIOLATED)
_09748_/A                               0.750000    1.204622   -0.454622 (VIOLATED)
_09757_/B1                              0.750000    1.204622   -0.454622 (VIOLATED)
_09760_/B                               0.750000    1.204622   -0.454622 (VIOLATED)
_09764_/A                               0.750000    1.204622   -0.454622 (VIOLATED)
_09766_/A2                              0.750000    1.204622   -0.454622 (VIOLATED)
_09771_/A1_N                            0.750000    1.204622   -0.454622 (VIOLATED)
_09776_/A1                              0.750000    1.204622   -0.454622 (VIOLATED)
_09782_/A1                              0.750000    1.204622   -0.454622 (VIOLATED)
_09786_/S                               0.750000    1.204622   -0.454622 (VIOLATED)
_09789_/B2                              0.750000    1.204622   -0.454622 (VIOLATED)
_09795_/A1                              0.750000    1.204622   -0.454622 (VIOLATED)
_09819_/A1                              0.750000    1.204622   -0.454622 (VIOLATED)
_09821_/B1_N                            0.750000    1.204622   -0.454622 (VIOLATED)
_09825_/B2                              0.750000    1.204622   -0.454622 (VIOLATED)
_09833_/S                               0.750000    1.204622   -0.454622 (VIOLATED)
_11935_/A1                              0.750000    1.204622   -0.454622 (VIOLATED)
_12332_/A                               0.750000    1.204622   -0.454622 (VIOLATED)
_12369_/B                               0.750000    1.204622   -0.454622 (VIOLATED)
_12483_/B                               0.750000    1.204622   -0.454622 (VIOLATED)
_09847_/X                               0.750000    1.184350   -0.434351 (VIOLATED)
_09848_/B                               0.750000    1.184350   -0.434351 (VIOLATED)
_10980_/S                               0.750000    1.184350   -0.434351 (VIOLATED)
_10981_/S                               0.750000    1.184350   -0.434351 (VIOLATED)
_10982_/S                               0.750000    1.184350   -0.434351 (VIOLATED)
_10983_/S                               0.750000    1.184350   -0.434351 (VIOLATED)
_10984_/S                               0.750000    1.184350   -0.434351 (VIOLATED)
_10985_/S                               0.750000    1.184350   -0.434351 (VIOLATED)
_10986_/S                               0.750000    1.184350   -0.434351 (VIOLATED)
_10987_/S                               0.750000    1.184350   -0.434351 (VIOLATED)
_10988_/S                               0.750000    1.184350   -0.434351 (VIOLATED)
_10989_/S                               0.750000    1.184350   -0.434351 (VIOLATED)
_10990_/S                               0.750000    1.184350   -0.434351 (VIOLATED)
_10991_/S                               0.750000    1.184350   -0.434351 (VIOLATED)
_10992_/S                               0.750000    1.184350   -0.434351 (VIOLATED)
_10993_/S                               0.750000    1.184350   -0.434351 (VIOLATED)
_10994_/S                               0.750000    1.184350   -0.434351 (VIOLATED)
_10995_/S                               0.750000    1.184350   -0.434351 (VIOLATED)
_10996_/S                               0.750000    1.184350   -0.434351 (VIOLATED)
_10997_/S                               0.750000    1.184350   -0.434351 (VIOLATED)
_10998_/S                               0.750000    1.184350   -0.434351 (VIOLATED)
_10999_/S                               0.750000    1.184350   -0.434351 (VIOLATED)
_11000_/S                               0.750000    1.184350   -0.434351 (VIOLATED)
_11001_/S                               0.750000    1.184350   -0.434351 (VIOLATED)
_11002_/S                               0.750000    1.184350   -0.434351 (VIOLATED)
_11003_/S                               0.750000    1.184350   -0.434351 (VIOLATED)
_11004_/S                               0.750000    1.184350   -0.434351 (VIOLATED)
_11005_/S                               0.750000    1.184350   -0.434351 (VIOLATED)
_11006_/S                               0.750000    1.184350   -0.434351 (VIOLATED)
_11007_/S                               0.750000    1.184350   -0.434351 (VIOLATED)
_11008_/S                               0.750000    1.184350   -0.434351 (VIOLATED)
_11009_/S                               0.750000    1.184350   -0.434351 (VIOLATED)
_11010_/S                               0.750000    1.184350   -0.434351 (VIOLATED)
_11011_/S                               0.750000    1.184350   -0.434351 (VIOLATED)
_11236_/B                               0.750000    1.184350   -0.434351 (VIOLATED)
_11248_/A1                              0.750000    1.184350   -0.434351 (VIOLATED)
_11256_/A1                              0.750000    1.184350   -0.434351 (VIOLATED)
_11263_/A1                              0.750000    1.184350   -0.434351 (VIOLATED)
_11270_/A1                              0.750000    1.184350   -0.434351 (VIOLATED)
_11276_/A1                              0.750000    1.184350   -0.434351 (VIOLATED)
_11283_/A1                              0.750000    1.184350   -0.434351 (VIOLATED)
_11290_/A1                              0.750000    1.184350   -0.434351 (VIOLATED)
_11297_/A1                              0.750000    1.184350   -0.434351 (VIOLATED)
_11304_/A1                              0.750000    1.184350   -0.434351 (VIOLATED)
_11312_/A1                              0.750000    1.184350   -0.434351 (VIOLATED)
_11319_/A1                              0.750000    1.184350   -0.434351 (VIOLATED)
_11327_/A1                              0.750000    1.184350   -0.434351 (VIOLATED)
_11334_/A1                              0.750000    1.184350   -0.434351 (VIOLATED)
_11342_/A1                              0.750000    1.184350   -0.434351 (VIOLATED)
_11349_/A1                              0.750000    1.184350   -0.434351 (VIOLATED)
_11357_/A1                              0.750000    1.184350   -0.434351 (VIOLATED)
_11364_/A1                              0.750000    1.184350   -0.434351 (VIOLATED)
_11370_/A1                              0.750000    1.184350   -0.434351 (VIOLATED)
_11376_/A1                              0.750000    1.184350   -0.434351 (VIOLATED)
_11381_/A1                              0.750000    1.184350   -0.434351 (VIOLATED)
_11387_/A1                              0.750000    1.184350   -0.434351 (VIOLATED)
_11393_/A1                              0.750000    1.184350   -0.434351 (VIOLATED)
_11398_/A1                              0.750000    1.184350   -0.434351 (VIOLATED)
_11404_/A1                              0.750000    1.184350   -0.434351 (VIOLATED)
_11410_/A1                              0.750000    1.184350   -0.434351 (VIOLATED)
_11415_/A1                              0.750000    1.184350   -0.434351 (VIOLATED)
_11421_/A1                              0.750000    1.184350   -0.434351 (VIOLATED)
_11427_/A1                              0.750000    1.184350   -0.434351 (VIOLATED)
_11432_/A1                              0.750000    1.184350   -0.434351 (VIOLATED)
_11438_/A1                              0.750000    1.184350   -0.434351 (VIOLATED)
_11443_/A1                              0.750000    1.184350   -0.434351 (VIOLATED)
_11449_/A1                              0.750000    1.184350   -0.434351 (VIOLATED)
_11491_/S                               0.750000    1.184350   -0.434351 (VIOLATED)
_11492_/S                               0.750000    1.184350   -0.434351 (VIOLATED)
_11493_/S                               0.750000    1.184350   -0.434351 (VIOLATED)
_11494_/S                               0.750000    1.184350   -0.434351 (VIOLATED)
_11495_/S                               0.750000    1.184350   -0.434351 (VIOLATED)
_11496_/S                               0.750000    1.184350   -0.434351 (VIOLATED)
_11497_/S                               0.750000    1.184350   -0.434351 (VIOLATED)
_11498_/S                               0.750000    1.184350   -0.434351 (VIOLATED)
_11499_/S                               0.750000    1.184350   -0.434351 (VIOLATED)
_11500_/S                               0.750000    1.184350   -0.434351 (VIOLATED)
_11835_/Y                               0.750000    1.166992   -0.416992 (VIOLATED)
_11836_/B                               0.750000    1.166992   -0.416992 (VIOLATED)
_11837_/A3                              0.750000    1.166992   -0.416992 (VIOLATED)
_11847_/S                               0.750000    1.166992   -0.416992 (VIOLATED)
_11860_/S                               0.750000    1.166992   -0.416992 (VIOLATED)
_11867_/S                               0.750000    1.166992   -0.416992 (VIOLATED)
_11874_/S                               0.750000    1.166992   -0.416992 (VIOLATED)
_11881_/S                               0.750000    1.166992   -0.416992 (VIOLATED)
_11889_/S                               0.750000    1.166992   -0.416992 (VIOLATED)
_11896_/S                               0.750000    1.166992   -0.416992 (VIOLATED)
_11900_/S                               0.750000    1.166992   -0.416992 (VIOLATED)
_11942_/S                               0.750000    1.166992   -0.416992 (VIOLATED)
_11945_/S                               0.750000    1.166992   -0.416992 (VIOLATED)
_11949_/S                               0.750000    1.166992   -0.416992 (VIOLATED)
_11955_/C1                              0.750000    1.166992   -0.416992 (VIOLATED)
_11960_/S                               0.750000    1.166992   -0.416992 (VIOLATED)
_11965_/S                               0.750000    1.166992   -0.416992 (VIOLATED)
_11968_/S                               0.750000    1.166992   -0.416992 (VIOLATED)
_11983_/S                               0.750000    1.166992   -0.416992 (VIOLATED)
_11987_/S                               0.750000    1.166992   -0.416992 (VIOLATED)
_11991_/A1                              0.750000    1.166992   -0.416992 (VIOLATED)
_11994_/A1                              0.750000    1.166992   -0.416992 (VIOLATED)
_11995_/A                               0.750000    1.166992   -0.416992 (VIOLATED)
_12013_/S                               0.750000    1.166992   -0.416992 (VIOLATED)
_12014_/S                               0.750000    1.166992   -0.416992 (VIOLATED)
_12017_/S                               0.750000    1.166992   -0.416992 (VIOLATED)
_12020_/S                               0.750000    1.166992   -0.416992 (VIOLATED)
_12022_/S                               0.750000    1.166992   -0.416992 (VIOLATED)
_12023_/S                               0.750000    1.166992   -0.416992 (VIOLATED)
_09846_/Y                               0.750000    1.130699   -0.380699 (VIOLATED)
_09849_/C                               0.750000    1.130699   -0.380699 (VIOLATED)
_11014_/B                               0.750000    1.130699   -0.380699 (VIOLATED)
_11015_/A                               0.750000    1.130699   -0.380699 (VIOLATED)
_11024_/B2                              0.750000    1.130699   -0.380699 (VIOLATED)
_11029_/B2                              0.750000    1.130699   -0.380699 (VIOLATED)
_11033_/B2                              0.750000    1.130699   -0.380699 (VIOLATED)
_11039_/B2                              0.750000    1.130699   -0.380699 (VIOLATED)
_11044_/B2                              0.750000    1.130699   -0.380699 (VIOLATED)
_11049_/B2                              0.750000    1.130699   -0.380699 (VIOLATED)
_11054_/B2                              0.750000    1.130699   -0.380699 (VIOLATED)
_11059_/B2                              0.750000    1.130699   -0.380699 (VIOLATED)
_11064_/B2                              0.750000    1.130699   -0.380699 (VIOLATED)
_11069_/B2                              0.750000    1.130699   -0.380699 (VIOLATED)
_11074_/B2                              0.750000    1.130699   -0.380699 (VIOLATED)
_11079_/B2                              0.750000    1.130699   -0.380699 (VIOLATED)
_11084_/B2                              0.750000    1.130699   -0.380699 (VIOLATED)
_11089_/B2                              0.750000    1.130699   -0.380699 (VIOLATED)
_11094_/B2                              0.750000    1.130699   -0.380699 (VIOLATED)
_11099_/B2                              0.750000    1.130699   -0.380699 (VIOLATED)
_11104_/B2                              0.750000    1.130699   -0.380699 (VIOLATED)
_11109_/B2                              0.750000    1.130699   -0.380699 (VIOLATED)
_11114_/B2                              0.750000    1.130699   -0.380699 (VIOLATED)
_11119_/B2                              0.750000    1.130699   -0.380699 (VIOLATED)
_11124_/B2                              0.750000    1.130699   -0.380699 (VIOLATED)
_11129_/B2                              0.750000    1.130699   -0.380699 (VIOLATED)
_11134_/B2                              0.750000    1.130699   -0.380699 (VIOLATED)
_11139_/B2                              0.750000    1.130699   -0.380699 (VIOLATED)
_11144_/B2                              0.750000    1.130699   -0.380699 (VIOLATED)
_11149_/B2                              0.750000    1.130699   -0.380699 (VIOLATED)
_11154_/B2                              0.750000    1.130699   -0.380699 (VIOLATED)
_11159_/B2                              0.750000    1.130699   -0.380699 (VIOLATED)
_11164_/B2                              0.750000    1.130699   -0.380699 (VIOLATED)
_11169_/B2                              0.750000    1.130699   -0.380699 (VIOLATED)
_11175_/B2                              0.750000    1.130699   -0.380699 (VIOLATED)
_11232_/A2                              0.750000    1.130699   -0.380699 (VIOLATED)
_11240_/A2                              0.750000    1.130699   -0.380699 (VIOLATED)
_11244_/B1                              0.750000    1.130699   -0.380699 (VIOLATED)
_11245_/B1                              0.750000    1.130699   -0.380699 (VIOLATED)
_11696_/A2                              0.750000    1.130699   -0.380699 (VIOLATED)
_11699_/B2                              0.750000    1.130699   -0.380699 (VIOLATED)
_11702_/A3                              0.750000    1.130699   -0.380699 (VIOLATED)
_11012_/Y                               0.750000    1.126423   -0.376423 (VIOLATED)
_11015_/B                               0.750000    1.126423   -0.376423 (VIOLATED)
_11018_/B2                              0.750000    1.126423   -0.376423 (VIOLATED)
_11024_/A2                              0.750000    1.126423   -0.376423 (VIOLATED)
_11029_/A2                              0.750000    1.126423   -0.376423 (VIOLATED)
_11033_/A2                              0.750000    1.126423   -0.376423 (VIOLATED)
_11039_/A2                              0.750000    1.126423   -0.376423 (VIOLATED)
_11044_/A2                              0.750000    1.126423   -0.376423 (VIOLATED)
_11049_/A2                              0.750000    1.126423   -0.376423 (VIOLATED)
_11054_/A2                              0.750000    1.126423   -0.376423 (VIOLATED)
_11059_/A2                              0.750000    1.126423   -0.376423 (VIOLATED)
_11064_/A2                              0.750000    1.126423   -0.376423 (VIOLATED)
_11069_/A2                              0.750000    1.126423   -0.376423 (VIOLATED)
_11074_/A2                              0.750000    1.126423   -0.376423 (VIOLATED)
_11079_/A2                              0.750000    1.126423   -0.376423 (VIOLATED)
_11084_/A2                              0.750000    1.126423   -0.376423 (VIOLATED)
_11089_/A2                              0.750000    1.126423   -0.376423 (VIOLATED)
_11094_/A2                              0.750000    1.126423   -0.376423 (VIOLATED)
_11099_/A2                              0.750000    1.126423   -0.376423 (VIOLATED)
_11104_/A2                              0.750000    1.126423   -0.376423 (VIOLATED)
_11109_/A2                              0.750000    1.126423   -0.376423 (VIOLATED)
_11114_/A2                              0.750000    1.126423   -0.376423 (VIOLATED)
_11119_/A2                              0.750000    1.126423   -0.376423 (VIOLATED)
_11124_/A2                              0.750000    1.126423   -0.376423 (VIOLATED)
_11129_/A2                              0.750000    1.126423   -0.376423 (VIOLATED)
_11134_/A2                              0.750000    1.126423   -0.376423 (VIOLATED)
_11139_/A2                              0.750000    1.126423   -0.376423 (VIOLATED)
_11144_/A2                              0.750000    1.126423   -0.376423 (VIOLATED)
_11149_/A2                              0.750000    1.126423   -0.376423 (VIOLATED)
_11154_/A2                              0.750000    1.126423   -0.376423 (VIOLATED)
_11159_/A2                              0.750000    1.126423   -0.376423 (VIOLATED)
_11164_/A2                              0.750000    1.126423   -0.376423 (VIOLATED)
_11169_/A2                              0.750000    1.126423   -0.376423 (VIOLATED)
_11175_/A2                              0.750000    1.126423   -0.376423 (VIOLATED)
_11232_/B1                              0.750000    1.126423   -0.376423 (VIOLATED)
_11237_/B1                              0.750000    1.126423   -0.376423 (VIOLATED)
_11693_/A2                              0.750000    1.126423   -0.376423 (VIOLATED)
_11696_/B1                              0.750000    1.126423   -0.376423 (VIOLATED)
_11699_/A2                              0.750000    1.126423   -0.376423 (VIOLATED)
_11701_/B1                              0.750000    1.126423   -0.376423 (VIOLATED)
_11706_/A2                              0.750000    1.126423   -0.376423 (VIOLATED)
_11710_/A2                              0.750000    1.126423   -0.376423 (VIOLATED)
_11712_/A2                              0.750000    1.126423   -0.376423 (VIOLATED)
_11251_/Y                               0.750000    1.048456   -0.298456 (VIOLATED)
_11255_/A1                              0.750000    1.048456   -0.298456 (VIOLATED)
_11262_/A1                              0.750000    1.048456   -0.298456 (VIOLATED)
_11267_/C                               0.750000    1.048456   -0.298456 (VIOLATED)
_11272_/B1                              0.750000    1.048456   -0.298456 (VIOLATED)
_11280_/C                               0.750000    1.048456   -0.298456 (VIOLATED)
_11287_/B                               0.750000    1.048456   -0.298456 (VIOLATED)
_11294_/B                               0.750000    1.048456   -0.298456 (VIOLATED)
_11300_/B1                              0.750000    1.048456   -0.298456 (VIOLATED)
_11311_/A1                              0.750000    1.048456   -0.298456 (VIOLATED)
_11318_/A1                              0.750000    1.048456   -0.298456 (VIOLATED)
_11326_/A1                              0.750000    1.048456   -0.298456 (VIOLATED)
_11330_/B1                              0.750000    1.048456   -0.298456 (VIOLATED)
_11341_/A1                              0.750000    1.048456   -0.298456 (VIOLATED)
_11345_/B1                              0.750000    1.048456   -0.298456 (VIOLATED)
_11356_/A1                              0.750000    1.048456   -0.298456 (VIOLATED)
_11360_/B1                              0.750000    1.048456   -0.298456 (VIOLATED)
_11367_/B1                              0.750000    1.048456   -0.298456 (VIOLATED)
_11373_/B1                              0.750000    1.048456   -0.298456 (VIOLATED)
_11378_/B1                              0.750000    1.048456   -0.298456 (VIOLATED)
_11385_/C                               0.750000    1.048456   -0.298456 (VIOLATED)
_11390_/B1                              0.750000    1.048456   -0.298456 (VIOLATED)
_11395_/B1                              0.750000    1.048456   -0.298456 (VIOLATED)
_11402_/C                               0.750000    1.048456   -0.298456 (VIOLATED)
_11407_/B1                              0.750000    1.048456   -0.298456 (VIOLATED)
_11412_/B1                              0.750000    1.048456   -0.298456 (VIOLATED)
_11419_/C                               0.750000    1.048456   -0.298456 (VIOLATED)
_11424_/B1                              0.750000    1.048456   -0.298456 (VIOLATED)
_11429_/B1                              0.750000    1.048456   -0.298456 (VIOLATED)
_11436_/C                               0.750000    1.048456   -0.298456 (VIOLATED)
_11440_/B1                              0.750000    1.048456   -0.298456 (VIOLATED)
_11448_/A1                              0.750000    1.048456   -0.298456 (VIOLATED)
_11821_/Y                               0.750000    1.038009   -0.288009 (VIOLATED)
_11841_/S                               0.750000    1.038009   -0.288009 (VIOLATED)
_11842_/S                               0.750000    1.038009   -0.288009 (VIOLATED)
_11844_/S                               0.750000    1.038009   -0.288009 (VIOLATED)
_11845_/S                               0.750000    1.038009   -0.288009 (VIOLATED)
_11848_/S                               0.750000    1.038009   -0.288009 (VIOLATED)
_11849_/S                               0.750000    1.038009   -0.288009 (VIOLATED)
_11851_/S                               0.750000    1.038009   -0.288009 (VIOLATED)
_11852_/S                               0.750000    1.038009   -0.288009 (VIOLATED)
_11854_/S                               0.750000    1.038009   -0.288009 (VIOLATED)
_11855_/S                               0.750000    1.038009   -0.288009 (VIOLATED)
_11857_/S                               0.750000    1.038009   -0.288009 (VIOLATED)
_11858_/S                               0.750000    1.038009   -0.288009 (VIOLATED)
_11861_/S                               0.750000    1.038009   -0.288009 (VIOLATED)
_11862_/S                               0.750000    1.038009   -0.288009 (VIOLATED)
_11864_/S                               0.750000    1.038009   -0.288009 (VIOLATED)
_11865_/S                               0.750000    1.038009   -0.288009 (VIOLATED)
_11919_/B2                              0.750000    1.038009   -0.288009 (VIOLATED)
_12061_/A1                              0.750000    1.038009   -0.288009 (VIOLATED)
_12079_/A1                              0.750000    1.038009   -0.288009 (VIOLATED)
_12100_/A1                              0.750000    1.038009   -0.288009 (VIOLATED)
_12110_/A                               0.750000    1.038009   -0.288009 (VIOLATED)
_12137_/A1                              0.750000    1.038009   -0.288009 (VIOLATED)
_12155_/S                               0.750000    1.038009   -0.288009 (VIOLATED)
_12196_/A                               0.750000    1.038009   -0.288009 (VIOLATED)
_12197_/A1                              0.750000    1.038009   -0.288009 (VIOLATED)
_12206_/A                               0.750000    1.038009   -0.288009 (VIOLATED)
_12247_/A1_N                            0.750000    1.038009   -0.288009 (VIOLATED)
_12253_/S                               0.750000    1.038009   -0.288009 (VIOLATED)
_12269_/A                               0.750000    1.038009   -0.288009 (VIOLATED)
_12299_/B2                              0.750000    1.038009   -0.288009 (VIOLATED)
_12305_/A1                              0.750000    1.038009   -0.288009 (VIOLATED)
_12313_/A1                              0.750000    1.038009   -0.288009 (VIOLATED)
_09879_/Y                               0.750000    1.028064   -0.278064 (VIOLATED)
_12823_/A                               0.750000    1.028064   -0.278064 (VIOLATED)
_12824_/A2                              0.750000    1.028064   -0.278064 (VIOLATED)
_12826_/A                               0.750000    1.028064   -0.278064 (VIOLATED)
_12834_/C1                              0.750000    1.028064   -0.278064 (VIOLATED)
_12851_/A2                              0.750000    1.028064   -0.278064 (VIOLATED)
_12855_/A                               0.750000    1.028064   -0.278064 (VIOLATED)
_12864_/A                               0.750000    1.028064   -0.278064 (VIOLATED)
_12865_/A2                              0.750000    1.028064   -0.278064 (VIOLATED)
_12866_/A                               0.750000    1.028064   -0.278064 (VIOLATED)
_12875_/A2                              0.750000    1.028064   -0.278064 (VIOLATED)
_12889_/A2                              0.750000    1.028064   -0.278064 (VIOLATED)
_12905_/A2                              0.750000    1.028064   -0.278064 (VIOLATED)
_12908_/A1                              0.750000    1.028064   -0.278064 (VIOLATED)
_12910_/A                               0.750000    1.028064   -0.278064 (VIOLATED)
_12912_/A                               0.750000    1.028064   -0.278064 (VIOLATED)
_12922_/A2                              0.750000    1.028064   -0.278064 (VIOLATED)
_12928_/A2                              0.750000    1.028064   -0.278064 (VIOLATED)
_12933_/B1                              0.750000    1.028064   -0.278064 (VIOLATED)
_12934_/A2                              0.750000    1.028064   -0.278064 (VIOLATED)
_12983_/A2                              0.750000    1.028064   -0.278064 (VIOLATED)
_12991_/A2                              0.750000    1.028064   -0.278064 (VIOLATED)
_13017_/A                               0.750000    1.028064   -0.278064 (VIOLATED)
_13030_/B1                              0.750000    1.028064   -0.278064 (VIOLATED)
_13031_/A2                              0.750000    1.028064   -0.278064 (VIOLATED)
_13069_/A2                              0.750000    1.028064   -0.278064 (VIOLATED)
_13080_/B1                              0.750000    1.028064   -0.278064 (VIOLATED)
_13093_/C1                              0.750000    1.028064   -0.278064 (VIOLATED)
_13124_/C1                              0.750000    1.028064   -0.278064 (VIOLATED)
_13125_/A2                              0.750000    1.028064   -0.278064 (VIOLATED)
_13133_/A2                              0.750000    1.028064   -0.278064 (VIOLATED)
_13136_/B1                              0.750000    1.028064   -0.278064 (VIOLATED)
_13138_/S                               0.750000    1.028064   -0.278064 (VIOLATED)
_13174_/A2                              0.750000    1.028064   -0.278064 (VIOLATED)
_13187_/A2                              0.750000    1.028064   -0.278064 (VIOLATED)
_11831_/X                               0.750000    1.022122   -0.272122 (VIOLATED)
_11832_/B                               0.750000    1.022122   -0.272122 (VIOLATED)
_11833_/B                               0.750000    1.022122   -0.272122 (VIOLATED)
_11868_/S                               0.750000    1.022122   -0.272122 (VIOLATED)
_11882_/S                               0.750000    1.022122   -0.272122 (VIOLATED)
_11897_/S                               0.750000    1.022122   -0.272122 (VIOLATED)
_11901_/S                               0.750000    1.022122   -0.272122 (VIOLATED)
_11937_/A1                              0.750000    1.022122   -0.272122 (VIOLATED)
_11946_/S                               0.750000    1.022122   -0.272122 (VIOLATED)
_11953_/S                               0.750000    1.022122   -0.272122 (VIOLATED)
_11962_/S                               0.750000    1.022122   -0.272122 (VIOLATED)
_11969_/A                               0.750000    1.022122   -0.272122 (VIOLATED)
_11984_/S                               0.750000    1.022122   -0.272122 (VIOLATED)
_11988_/S                               0.750000    1.022122   -0.272122 (VIOLATED)
_11992_/S                               0.750000    1.022122   -0.272122 (VIOLATED)
_11997_/S                               0.750000    1.022122   -0.272122 (VIOLATED)
_12001_/A1                              0.750000    1.022122   -0.272122 (VIOLATED)
_12015_/S                               0.750000    1.022122   -0.272122 (VIOLATED)
_12018_/S                               0.750000    1.022122   -0.272122 (VIOLATED)
_12021_/S                               0.750000    1.022122   -0.272122 (VIOLATED)
_12024_/S                               0.750000    1.022122   -0.272122 (VIOLATED)
_12039_/S                               0.750000    1.022122   -0.272122 (VIOLATED)
_12056_/S                               0.750000    1.022122   -0.272122 (VIOLATED)
_12058_/S                               0.750000    1.022122   -0.272122 (VIOLATED)
_12073_/A1                              0.750000    1.022122   -0.272122 (VIOLATED)
_12075_/S                               0.750000    1.022122   -0.272122 (VIOLATED)
_12093_/S                               0.750000    1.022122   -0.272122 (VIOLATED)
_13257_/X                               0.750000    1.012626   -0.262626 (VIOLATED)
_13258_/S                               0.750000    1.012626   -0.262626 (VIOLATED)
_13259_/S                               0.750000    1.012626   -0.262626 (VIOLATED)
_13260_/S                               0.750000    1.012626   -0.262626 (VIOLATED)
_13261_/S                               0.750000    1.012626   -0.262626 (VIOLATED)
_13262_/S                               0.750000    1.012626   -0.262626 (VIOLATED)
_13263_/S                               0.750000    1.012626   -0.262626 (VIOLATED)
_13264_/S                               0.750000    1.012626   -0.262626 (VIOLATED)
_13265_/S                               0.750000    1.012626   -0.262626 (VIOLATED)
_13266_/S                               0.750000    1.012626   -0.262626 (VIOLATED)
_13267_/S                               0.750000    1.012626   -0.262626 (VIOLATED)
_13268_/S                               0.750000    1.012626   -0.262626 (VIOLATED)
_13269_/S                               0.750000    1.012626   -0.262626 (VIOLATED)
_13270_/S                               0.750000    1.012626   -0.262626 (VIOLATED)
_13271_/S                               0.750000    1.012626   -0.262626 (VIOLATED)
_13272_/S                               0.750000    1.012626   -0.262626 (VIOLATED)
_13273_/S                               0.750000    1.012626   -0.262626 (VIOLATED)
_13275_/S                               0.750000    1.012626   -0.262626 (VIOLATED)
_13277_/S                               0.750000    1.012626   -0.262626 (VIOLATED)
_13279_/S                               0.750000    1.012626   -0.262626 (VIOLATED)
_13281_/S                               0.750000    1.012626   -0.262626 (VIOLATED)
_13283_/S                               0.750000    1.012626   -0.262626 (VIOLATED)
_13285_/S                               0.750000    1.012626   -0.262626 (VIOLATED)
_13287_/S                               0.750000    1.012626   -0.262626 (VIOLATED)
_13289_/S                               0.750000    1.012626   -0.262626 (VIOLATED)
_13291_/S                               0.750000    1.012626   -0.262626 (VIOLATED)
_13293_/S                               0.750000    1.012626   -0.262626 (VIOLATED)
_13295_/S                               0.750000    1.012626   -0.262626 (VIOLATED)
_13297_/S                               0.750000    1.012626   -0.262626 (VIOLATED)
_13299_/S                               0.750000    1.012626   -0.262626 (VIOLATED)
_13301_/S                               0.750000    1.012626   -0.262626 (VIOLATED)
_13303_/S                               0.750000    1.012626   -0.262626 (VIOLATED)
_13305_/S                               0.750000    1.012626   -0.262626 (VIOLATED)
_13310_/S                               0.750000    1.012626   -0.262626 (VIOLATED)
_13307_/X                               0.750000    1.012609   -0.262609 (VIOLATED)
_13309_/S                               0.750000    1.012609   -0.262609 (VIOLATED)
_13312_/S                               0.750000    1.012609   -0.262609 (VIOLATED)
_13314_/S                               0.750000    1.012609   -0.262609 (VIOLATED)
_13316_/S                               0.750000    1.012609   -0.262609 (VIOLATED)
_13318_/S                               0.750000    1.012609   -0.262609 (VIOLATED)
_13320_/S                               0.750000    1.012609   -0.262609 (VIOLATED)
_13322_/S                               0.750000    1.012609   -0.262609 (VIOLATED)
_13324_/S                               0.750000    1.012609   -0.262609 (VIOLATED)
_13326_/S                               0.750000    1.012609   -0.262609 (VIOLATED)
_13328_/S                               0.750000    1.012609   -0.262609 (VIOLATED)
_13330_/S                               0.750000    1.012609   -0.262609 (VIOLATED)
_13332_/S                               0.750000    1.012609   -0.262609 (VIOLATED)
_13334_/S                               0.750000    1.012609   -0.262609 (VIOLATED)
_13336_/S                               0.750000    1.012609   -0.262609 (VIOLATED)
_13338_/S                               0.750000    1.012609   -0.262609 (VIOLATED)
_13340_/S                               0.750000    1.012609   -0.262609 (VIOLATED)
_13342_/S                               0.750000    1.012609   -0.262609 (VIOLATED)
_13344_/S                               0.750000    1.012609   -0.262609 (VIOLATED)
_13346_/S                               0.750000    1.012609   -0.262609 (VIOLATED)
_13348_/S                               0.750000    1.012609   -0.262609 (VIOLATED)
_13350_/S                               0.750000    1.012609   -0.262609 (VIOLATED)
_13352_/S                               0.750000    1.012609   -0.262609 (VIOLATED)
_13354_/S                               0.750000    1.012609   -0.262609 (VIOLATED)
_13356_/S                               0.750000    1.012609   -0.262609 (VIOLATED)
_13358_/S                               0.750000    1.012609   -0.262609 (VIOLATED)
_13360_/S                               0.750000    1.012609   -0.262609 (VIOLATED)
_13362_/S                               0.750000    1.012609   -0.262609 (VIOLATED)
_13364_/S                               0.750000    1.012609   -0.262609 (VIOLATED)
_13366_/S                               0.750000    1.012609   -0.262609 (VIOLATED)
_13368_/S                               0.750000    1.012609   -0.262609 (VIOLATED)
_13370_/S                               0.750000    1.012609   -0.262609 (VIOLATED)
_13372_/S                               0.750000    1.012609   -0.262609 (VIOLATED)
_13374_/S                               0.750000    1.012609   -0.262609 (VIOLATED)
_12481_/X                               0.750000    0.988051   -0.238051 (VIOLATED)
_12486_/S                               0.750000    0.988051   -0.238051 (VIOLATED)
_12489_/B1                              0.750000    0.988051   -0.238051 (VIOLATED)
_12490_/B2                              0.750000    0.988051   -0.238051 (VIOLATED)
_12493_/B1                              0.750000    0.988051   -0.238051 (VIOLATED)
_12494_/B2                              0.750000    0.988051   -0.238051 (VIOLATED)
_12497_/B1                              0.750000    0.988051   -0.238051 (VIOLATED)
_12498_/A2                              0.750000    0.988051   -0.238051 (VIOLATED)
_12501_/B1                              0.750000    0.988051   -0.238051 (VIOLATED)
_12502_/B2                              0.750000    0.988051   -0.238051 (VIOLATED)
_12505_/B1                              0.750000    0.988051   -0.238051 (VIOLATED)
_12506_/A2                              0.750000    0.988051   -0.238051 (VIOLATED)
_12509_/S                               0.750000    0.988051   -0.238051 (VIOLATED)
_12512_/B1                              0.750000    0.988051   -0.238051 (VIOLATED)
_12513_/A2                              0.750000    0.988051   -0.238051 (VIOLATED)
_12516_/C1                              0.750000    0.988051   -0.238051 (VIOLATED)
_12517_/A2                              0.750000    0.988051   -0.238051 (VIOLATED)
_12520_/B1                              0.750000    0.988051   -0.238051 (VIOLATED)
_12521_/A2                              0.750000    0.988051   -0.238051 (VIOLATED)
_12524_/B1                              0.750000    0.988051   -0.238051 (VIOLATED)
_12525_/A2                              0.750000    0.988051   -0.238051 (VIOLATED)
_12528_/B1                              0.750000    0.988051   -0.238051 (VIOLATED)
_12529_/A2                              0.750000    0.988051   -0.238051 (VIOLATED)
_12532_/B1                              0.750000    0.988051   -0.238051 (VIOLATED)
_12533_/A2                              0.750000    0.988051   -0.238051 (VIOLATED)
_12536_/C1                              0.750000    0.988051   -0.238051 (VIOLATED)
_12537_/A2                              0.750000    0.988051   -0.238051 (VIOLATED)
_12540_/B1                              0.750000    0.988051   -0.238051 (VIOLATED)
_12541_/A2                              0.750000    0.988051   -0.238051 (VIOLATED)
_12544_/B1                              0.750000    0.988051   -0.238051 (VIOLATED)
_12545_/A2                              0.750000    0.988051   -0.238051 (VIOLATED)
_12549_/S                               0.750000    0.988051   -0.238051 (VIOLATED)
_12552_/B1                              0.750000    0.988051   -0.238051 (VIOLATED)
_12553_/A2                              0.750000    0.988051   -0.238051 (VIOLATED)
_12556_/B1                              0.750000    0.988051   -0.238051 (VIOLATED)
_12557_/A2                              0.750000    0.988051   -0.238051 (VIOLATED)
_12561_/S                               0.750000    0.988051   -0.238051 (VIOLATED)
_12564_/B1                              0.750000    0.988051   -0.238051 (VIOLATED)
_12565_/A2                              0.750000    0.988051   -0.238051 (VIOLATED)
_12568_/B1                              0.750000    0.988051   -0.238051 (VIOLATED)
_12569_/A2                              0.750000    0.988051   -0.238051 (VIOLATED)
_12573_/S                               0.750000    0.988051   -0.238051 (VIOLATED)
_12576_/B1                              0.750000    0.988051   -0.238051 (VIOLATED)
_12577_/A2                              0.750000    0.988051   -0.238051 (VIOLATED)
_12580_/B1                              0.750000    0.988051   -0.238051 (VIOLATED)
_12581_/A2                              0.750000    0.988051   -0.238051 (VIOLATED)
_12585_/S                               0.750000    0.988051   -0.238051 (VIOLATED)
_12588_/B1                              0.750000    0.988051   -0.238051 (VIOLATED)
_12589_/A2                              0.750000    0.988051   -0.238051 (VIOLATED)
_12592_/B1                              0.750000    0.988051   -0.238051 (VIOLATED)
_12593_/A2                              0.750000    0.988051   -0.238051 (VIOLATED)
_12597_/S                               0.750000    0.988051   -0.238051 (VIOLATED)
_12600_/B1                              0.750000    0.988051   -0.238051 (VIOLATED)
_12601_/A2                              0.750000    0.988051   -0.238051 (VIOLATED)
_12605_/S                               0.750000    0.988051   -0.238051 (VIOLATED)
_07180_/Y                               0.750000    0.978636   -0.228636 (VIOLATED)
_07182_/B                               0.750000    0.978636   -0.228636 (VIOLATED)
_07183_/A2                              0.750000    0.978636   -0.228636 (VIOLATED)
_07335_/A1                              0.750000    0.978636   -0.228636 (VIOLATED)
_07702_/A2                              0.750000    0.978636   -0.228636 (VIOLATED)
_07762_/A2                              0.750000    0.978636   -0.228636 (VIOLATED)
_07815_/A2                              0.750000    0.978636   -0.228636 (VIOLATED)
_07874_/A2                              0.750000    0.978636   -0.228636 (VIOLATED)
_07920_/A2                              0.750000    0.978636   -0.228636 (VIOLATED)
_07971_/A2                              0.750000    0.978636   -0.228636 (VIOLATED)
_08017_/A2                              0.750000    0.978636   -0.228636 (VIOLATED)
_08077_/A2                              0.750000    0.978636   -0.228636 (VIOLATED)
_08133_/A2                              0.750000    0.978636   -0.228636 (VIOLATED)
_08182_/A2                              0.750000    0.978636   -0.228636 (VIOLATED)
_08229_/A2                              0.750000    0.978636   -0.228636 (VIOLATED)
_08296_/A2                              0.750000    0.978636   -0.228636 (VIOLATED)
_08345_/A2                              0.750000    0.978636   -0.228636 (VIOLATED)
_08402_/A2                              0.750000    0.978636   -0.228636 (VIOLATED)
_08445_/A2                              0.750000    0.978636   -0.228636 (VIOLATED)
_08511_/A2                              0.750000    0.978636   -0.228636 (VIOLATED)
_08549_/A2                              0.750000    0.978636   -0.228636 (VIOLATED)
_08617_/A2                              0.750000    0.978636   -0.228636 (VIOLATED)
_08658_/A2                              0.750000    0.978636   -0.228636 (VIOLATED)
_08709_/A2                              0.750000    0.978636   -0.228636 (VIOLATED)
_08777_/A2                              0.750000    0.978636   -0.228636 (VIOLATED)
_08825_/A2                              0.750000    0.978636   -0.228636 (VIOLATED)
_08875_/A2                              0.750000    0.978636   -0.228636 (VIOLATED)
_08919_/A2                              0.750000    0.978636   -0.228636 (VIOLATED)
_08965_/A2                              0.750000    0.978636   -0.228636 (VIOLATED)
_09014_/A2                              0.750000    0.978636   -0.228636 (VIOLATED)
_09064_/A2                              0.750000    0.978636   -0.228636 (VIOLATED)
_09117_/A2                              0.750000    0.978636   -0.228636 (VIOLATED)
_09169_/A2                              0.750000    0.978636   -0.228636 (VIOLATED)
_09218_/A2                              0.750000    0.978636   -0.228636 (VIOLATED)
_09245_/A2                              0.750000    0.978636   -0.228636 (VIOLATED)
_09375_/B                               0.750000    0.978636   -0.228636 (VIOLATED)
_10207_/A1                              0.750000    0.978636   -0.228636 (VIOLATED)
_11917_/Y                               0.750000    0.969600   -0.219600 (VIOLATED)
_11918_/A                               0.750000    0.969600   -0.219600 (VIOLATED)
_11920_/B1                              0.750000    0.969600   -0.219600 (VIOLATED)
_11981_/B2                              0.750000    0.969600   -0.219600 (VIOLATED)
_12012_/B1                              0.750000    0.969600   -0.219600 (VIOLATED)
_12048_/B1                              0.750000    0.969600   -0.219600 (VIOLATED)
_12065_/A2                              0.750000    0.969600   -0.219600 (VIOLATED)
_12083_/A2                              0.750000    0.969600   -0.219600 (VIOLATED)
_12103_/A2                              0.750000    0.969600   -0.219600 (VIOLATED)
_12114_/A2                              0.750000    0.969600   -0.219600 (VIOLATED)
_12126_/B2                              0.750000    0.969600   -0.219600 (VIOLATED)
_12138_/B1                              0.750000    0.969600   -0.219600 (VIOLATED)
_12150_/A2                              0.750000    0.969600   -0.219600 (VIOLATED)
_12159_/A2                              0.750000    0.969600   -0.219600 (VIOLATED)
_12170_/B1                              0.750000    0.969600   -0.219600 (VIOLATED)
_12182_/A2                              0.750000    0.969600   -0.219600 (VIOLATED)
_12193_/B1                              0.750000    0.969600   -0.219600 (VIOLATED)
_12201_/A2                              0.750000    0.969600   -0.219600 (VIOLATED)
_12207_/B2                              0.750000    0.969600   -0.219600 (VIOLATED)
_12217_/B1                              0.750000    0.969600   -0.219600 (VIOLATED)
_12225_/A2                              0.750000    0.969600   -0.219600 (VIOLATED)
_12234_/B1                              0.750000    0.969600   -0.219600 (VIOLATED)
_12241_/A2                              0.750000    0.969600   -0.219600 (VIOLATED)
_12248_/A2                              0.750000    0.969600   -0.219600 (VIOLATED)
_12256_/B1                              0.750000    0.969600   -0.219600 (VIOLATED)
_12265_/B1                              0.750000    0.969600   -0.219600 (VIOLATED)
_12274_/A2                              0.750000    0.969600   -0.219600 (VIOLATED)
_12280_/A2                              0.750000    0.969600   -0.219600 (VIOLATED)
_12284_/A2                              0.750000    0.969600   -0.219600 (VIOLATED)
_12294_/A2                              0.750000    0.969600   -0.219600 (VIOLATED)
_12303_/A2                              0.750000    0.969600   -0.219600 (VIOLATED)
_12306_/A2                              0.750000    0.969600   -0.219600 (VIOLATED)
_12316_/A2                              0.750000    0.969600   -0.219600 (VIOLATED)
_11828_/Y                               0.750000    0.938991   -0.188991 (VIOLATED)
_11829_/B                               0.750000    0.938991   -0.188991 (VIOLATED)
_11839_/A1                              0.750000    0.938991   -0.188991 (VIOLATED)
_11898_/S                               0.750000    0.938991   -0.188991 (VIOLATED)
_11899_/A                               0.750000    0.938991   -0.188991 (VIOLATED)
_11938_/A1                              0.750000    0.938991   -0.188991 (VIOLATED)
_11954_/S                               0.750000    0.938991   -0.188991 (VIOLATED)
_11971_/S                               0.750000    0.938991   -0.188991 (VIOLATED)
_11999_/A1                              0.750000    0.938991   -0.188991 (VIOLATED)
_12003_/A1                              0.750000    0.938991   -0.188991 (VIOLATED)
_12025_/S                               0.750000    0.938991   -0.188991 (VIOLATED)
_12028_/A1                              0.750000    0.938991   -0.188991 (VIOLATED)
_12038_/S                               0.750000    0.938991   -0.188991 (VIOLATED)
_12052_/A1                              0.750000    0.938991   -0.188991 (VIOLATED)
_12057_/S                               0.750000    0.938991   -0.188991 (VIOLATED)
_12059_/S                               0.750000    0.938991   -0.188991 (VIOLATED)
_12068_/A1                              0.750000    0.938991   -0.188991 (VIOLATED)
_12077_/A1                              0.750000    0.938991   -0.188991 (VIOLATED)
_12091_/S                               0.750000    0.938991   -0.188991 (VIOLATED)
_12092_/A                               0.750000    0.938991   -0.188991 (VIOLATED)
_12094_/A1                              0.750000    0.938991   -0.188991 (VIOLATED)
_12186_/A1                              0.750000    0.938991   -0.188991 (VIOLATED)
_11244_/Y                               0.750000    0.925361   -0.175361 (VIOLATED)
_11248_/C1                              0.750000    0.925361   -0.175361 (VIOLATED)
_11256_/C1                              0.750000    0.925361   -0.175361 (VIOLATED)
_11263_/C1                              0.750000    0.925361   -0.175361 (VIOLATED)
_11270_/C1                              0.750000    0.925361   -0.175361 (VIOLATED)
_11276_/C1                              0.750000    0.925361   -0.175361 (VIOLATED)
_11283_/C1                              0.750000    0.925361   -0.175361 (VIOLATED)
_11290_/C1                              0.750000    0.925361   -0.175361 (VIOLATED)
_11297_/C1                              0.750000    0.925361   -0.175361 (VIOLATED)
_11304_/C1                              0.750000    0.925361   -0.175361 (VIOLATED)
_11312_/C1                              0.750000    0.925361   -0.175361 (VIOLATED)
_11319_/C1                              0.750000    0.925361   -0.175361 (VIOLATED)
_11327_/C1                              0.750000    0.925361   -0.175361 (VIOLATED)
_11334_/C1                              0.750000    0.925361   -0.175361 (VIOLATED)
_11342_/C1                              0.750000    0.925361   -0.175361 (VIOLATED)
_11349_/C1                              0.750000    0.925361   -0.175361 (VIOLATED)
_11357_/C1                              0.750000    0.925361   -0.175361 (VIOLATED)
_11364_/C1                              0.750000    0.925361   -0.175361 (VIOLATED)
_11370_/C1                              0.750000    0.925361   -0.175361 (VIOLATED)
_11376_/C1                              0.750000    0.925361   -0.175361 (VIOLATED)
_11381_/C1                              0.750000    0.925361   -0.175361 (VIOLATED)
_11387_/C1                              0.750000    0.925361   -0.175361 (VIOLATED)
_11393_/C1                              0.750000    0.925361   -0.175361 (VIOLATED)
_11398_/C1                              0.750000    0.925361   -0.175361 (VIOLATED)
_11404_/C1                              0.750000    0.925361   -0.175361 (VIOLATED)
_11410_/C1                              0.750000    0.925361   -0.175361 (VIOLATED)
_11415_/C1                              0.750000    0.925361   -0.175361 (VIOLATED)
_11421_/C1                              0.750000    0.925361   -0.175361 (VIOLATED)
_11427_/C1                              0.750000    0.925361   -0.175361 (VIOLATED)
_11432_/C1                              0.750000    0.925361   -0.175361 (VIOLATED)
_11438_/C1                              0.750000    0.925361   -0.175361 (VIOLATED)
_11443_/C1                              0.750000    0.925361   -0.175361 (VIOLATED)
_11449_/C1                              0.750000    0.925361   -0.175361 (VIOLATED)
_09848_/Y                               0.750000    0.909972   -0.159972 (VIOLATED)
_11248_/B2                              0.750000    0.909972   -0.159972 (VIOLATED)
_11256_/B2                              0.750000    0.909972   -0.159972 (VIOLATED)
_11263_/B2                              0.750000    0.909972   -0.159972 (VIOLATED)
_11270_/B2                              0.750000    0.909972   -0.159972 (VIOLATED)
_11276_/B2                              0.750000    0.909972   -0.159972 (VIOLATED)
_11283_/B2                              0.750000    0.909972   -0.159972 (VIOLATED)
_11290_/B2                              0.750000    0.909972   -0.159972 (VIOLATED)
_11297_/B2                              0.750000    0.909972   -0.159972 (VIOLATED)
_11304_/B2                              0.750000    0.909972   -0.159972 (VIOLATED)
_11312_/B2                              0.750000    0.909972   -0.159972 (VIOLATED)
_11319_/B2                              0.750000    0.909972   -0.159972 (VIOLATED)
_11327_/B2                              0.750000    0.909972   -0.159972 (VIOLATED)
_11334_/B2                              0.750000    0.909972   -0.159972 (VIOLATED)
_11342_/B2                              0.750000    0.909972   -0.159972 (VIOLATED)
_11349_/B2                              0.750000    0.909972   -0.159972 (VIOLATED)
_11357_/B2                              0.750000    0.909972   -0.159972 (VIOLATED)
_11364_/B2                              0.750000    0.909972   -0.159972 (VIOLATED)
_11370_/B2                              0.750000    0.909972   -0.159972 (VIOLATED)
_11376_/B2                              0.750000    0.909972   -0.159972 (VIOLATED)
_11381_/B2                              0.750000    0.909972   -0.159972 (VIOLATED)
_11387_/B2                              0.750000    0.909972   -0.159972 (VIOLATED)
_11393_/B2                              0.750000    0.909972   -0.159972 (VIOLATED)
_11398_/B2                              0.750000    0.909972   -0.159972 (VIOLATED)
_11404_/B2                              0.750000    0.909972   -0.159972 (VIOLATED)
_11410_/B2                              0.750000    0.909972   -0.159972 (VIOLATED)
_11415_/B2                              0.750000    0.909972   -0.159972 (VIOLATED)
_11421_/B2                              0.750000    0.909972   -0.159972 (VIOLATED)
_11427_/B2                              0.750000    0.909972   -0.159972 (VIOLATED)
_11432_/B2                              0.750000    0.909972   -0.159972 (VIOLATED)
_11438_/B2                              0.750000    0.909972   -0.159972 (VIOLATED)
_11443_/B2                              0.750000    0.909972   -0.159972 (VIOLATED)
_11449_/B2                              0.750000    0.909972   -0.159972 (VIOLATED)
_11693_/B2                              0.750000    0.909972   -0.159972 (VIOLATED)
_11708_/A2                              0.750000    0.909972   -0.159972 (VIOLATED)
_11819_/Y                               0.750000    0.904127   -0.154127 (VIOLATED)
_11903_/A1                              0.750000    0.904127   -0.154127 (VIOLATED)
_11939_/A1                              0.750000    0.904127   -0.154127 (VIOLATED)
_11973_/S                               0.750000    0.904127   -0.154127 (VIOLATED)
_12000_/S                               0.750000    0.904127   -0.154127 (VIOLATED)
_12004_/A1                              0.750000    0.904127   -0.154127 (VIOLATED)
_12026_/S                               0.750000    0.904127   -0.154127 (VIOLATED)
_12042_/S                               0.750000    0.904127   -0.154127 (VIOLATED)
_12044_/A1                              0.750000    0.904127   -0.154127 (VIOLATED)
_12060_/S                               0.750000    0.904127   -0.154127 (VIOLATED)
_12074_/C1                              0.750000    0.904127   -0.154127 (VIOLATED)
_12078_/A1                              0.750000    0.904127   -0.154127 (VIOLATED)
_12095_/S                               0.750000    0.904127   -0.154127 (VIOLATED)
_12107_/A1                              0.750000    0.904127   -0.154127 (VIOLATED)
_12118_/A1                              0.750000    0.904127   -0.154127 (VIOLATED)
_12121_/C1                              0.750000    0.904127   -0.154127 (VIOLATED)
_12132_/C1                              0.750000    0.904127   -0.154127 (VIOLATED)
_12134_/A1                              0.750000    0.904127   -0.154127 (VIOLATED)
_12143_/A1                              0.750000    0.904127   -0.154127 (VIOLATED)
_12154_/A1                              0.750000    0.904127   -0.154127 (VIOLATED)
_12165_/A1                              0.750000    0.904127   -0.154127 (VIOLATED)
_12175_/A                               0.750000    0.904127   -0.154127 (VIOLATED)
_12176_/A1                              0.750000    0.904127   -0.154127 (VIOLATED)
_12184_/A1                              0.750000    0.904127   -0.154127 (VIOLATED)
_12205_/A1                              0.750000    0.904127   -0.154127 (VIOLATED)
_07348_/Y                               0.750000    0.890490   -0.140490 (VIOLATED)
_09902_/A2                              0.750000    0.890490   -0.140490 (VIOLATED)
_09954_/A2                              0.750000    0.890490   -0.140490 (VIOLATED)
_10002_/B1                              0.750000    0.890490   -0.140490 (VIOLATED)
_10014_/A2                              0.750000    0.890490   -0.140490 (VIOLATED)
_10044_/B1                              0.750000    0.890490   -0.140490 (VIOLATED)
_10061_/B1                              0.750000    0.890490   -0.140490 (VIOLATED)
_10083_/B1                              0.750000    0.890490   -0.140490 (VIOLATED)
_10115_/B1                              0.750000    0.890490   -0.140490 (VIOLATED)
_10132_/A2                              0.750000    0.890490   -0.140490 (VIOLATED)
_10153_/A2                              0.750000    0.890490   -0.140490 (VIOLATED)
_10170_/B1                              0.750000    0.890490   -0.140490 (VIOLATED)
_10189_/A2                              0.750000    0.890490   -0.140490 (VIOLATED)
_10211_/B1                              0.750000    0.890490   -0.140490 (VIOLATED)
_10228_/B1                              0.750000    0.890490   -0.140490 (VIOLATED)
_10246_/A2                              0.750000    0.890490   -0.140490 (VIOLATED)
_10264_/B1                              0.750000    0.890490   -0.140490 (VIOLATED)
_10287_/B1                              0.750000    0.890490   -0.140490 (VIOLATED)
_10307_/A2                              0.750000    0.890490   -0.140490 (VIOLATED)
_10325_/B1                              0.750000    0.890490   -0.140490 (VIOLATED)
_10346_/A2                              0.750000    0.890490   -0.140490 (VIOLATED)
_10362_/B1                              0.750000    0.890490   -0.140490 (VIOLATED)
_10385_/A2                              0.750000    0.890490   -0.140490 (VIOLATED)
_10405_/B1                              0.750000    0.890490   -0.140490 (VIOLATED)
_10424_/B1                              0.750000    0.890490   -0.140490 (VIOLATED)
_10453_/B1                              0.750000    0.890490   -0.140490 (VIOLATED)
_10470_/B1                              0.750000    0.890490   -0.140490 (VIOLATED)
_10495_/B1                              0.750000    0.890490   -0.140490 (VIOLATED)
_10508_/B1                              0.750000    0.890490   -0.140490 (VIOLATED)
_10528_/B1                              0.750000    0.890490   -0.140490 (VIOLATED)
_10549_/B1                              0.750000    0.890490   -0.140490 (VIOLATED)
_10568_/B1                              0.750000    0.890490   -0.140490 (VIOLATED)
_10588_/A2                              0.750000    0.890490   -0.140490 (VIOLATED)
_11016_/A                               0.750000    0.890490   -0.140490 (VIOLATED)
_11020_/Y                               0.750000    0.883527   -0.133527 (VIOLATED)
_11021_/B                               0.750000    0.883527   -0.133527 (VIOLATED)
_11022_/B1                              0.750000    0.883527   -0.133527 (VIOLATED)
_11027_/B1                              0.750000    0.883527   -0.133527 (VIOLATED)
_11031_/B1                              0.750000    0.883527   -0.133527 (VIOLATED)
_11037_/B1                              0.750000    0.883527   -0.133527 (VIOLATED)
_11042_/B1                              0.750000    0.883527   -0.133527 (VIOLATED)
_11047_/B1                              0.750000    0.883527   -0.133527 (VIOLATED)
_11052_/B1                              0.750000    0.883527   -0.133527 (VIOLATED)
_11057_/B1                              0.750000    0.883527   -0.133527 (VIOLATED)
_11062_/B1                              0.750000    0.883527   -0.133527 (VIOLATED)
_11067_/B1                              0.750000    0.883527   -0.133527 (VIOLATED)
_11072_/B1                              0.750000    0.883527   -0.133527 (VIOLATED)
_11077_/B1                              0.750000    0.883527   -0.133527 (VIOLATED)
_11082_/B1                              0.750000    0.883527   -0.133527 (VIOLATED)
_11087_/B1                              0.750000    0.883527   -0.133527 (VIOLATED)
_11092_/B1                              0.750000    0.883527   -0.133527 (VIOLATED)
_11097_/B1                              0.750000    0.883527   -0.133527 (VIOLATED)
_11102_/B1                              0.750000    0.883527   -0.133527 (VIOLATED)
_11107_/B1                              0.750000    0.883527   -0.133527 (VIOLATED)
_11112_/B1                              0.750000    0.883527   -0.133527 (VIOLATED)
_11117_/B1                              0.750000    0.883527   -0.133527 (VIOLATED)
_11122_/B1                              0.750000    0.883527   -0.133527 (VIOLATED)
_11127_/B1                              0.750000    0.883527   -0.133527 (VIOLATED)
_11132_/B1                              0.750000    0.883527   -0.133527 (VIOLATED)
_11137_/B1                              0.750000    0.883527   -0.133527 (VIOLATED)
_11142_/B1                              0.750000    0.883527   -0.133527 (VIOLATED)
_11147_/B1                              0.750000    0.883527   -0.133527 (VIOLATED)
_11152_/B1                              0.750000    0.883527   -0.133527 (VIOLATED)
_11157_/B1                              0.750000    0.883527   -0.133527 (VIOLATED)
_11162_/B1                              0.750000    0.883527   -0.133527 (VIOLATED)
_11167_/B1                              0.750000    0.883527   -0.133527 (VIOLATED)
_11173_/B1                              0.750000    0.883527   -0.133527 (VIOLATED)
_11698_/B                               0.750000    0.883527   -0.133527 (VIOLATED)
_11827_/Y                               0.750000    0.875413   -0.125413 (VIOLATED)
_11902_/A1                              0.750000    0.875413   -0.125413 (VIOLATED)
_11989_/S                               0.750000    0.875413   -0.125413 (VIOLATED)
_11998_/A                               0.750000    0.875413   -0.125413 (VIOLATED)
_12019_/S                               0.750000    0.875413   -0.125413 (VIOLATED)
_12040_/A                               0.750000    0.875413   -0.125413 (VIOLATED)
_12041_/A1                              0.750000    0.875413   -0.125413 (VIOLATED)
_12043_/A1                              0.750000    0.875413   -0.125413 (VIOLATED)
_12073_/B1                              0.750000    0.875413   -0.125413 (VIOLATED)
_12074_/A1                              0.750000    0.875413   -0.125413 (VIOLATED)
_12076_/A                               0.750000    0.875413   -0.125413 (VIOLATED)
_12096_/A1                              0.750000    0.875413   -0.125413 (VIOLATED)
_12108_/S                               0.750000    0.875413   -0.125413 (VIOLATED)
_12120_/A                               0.750000    0.875413   -0.125413 (VIOLATED)
_12121_/A1                              0.750000    0.875413   -0.125413 (VIOLATED)
_12131_/A                               0.750000    0.875413   -0.125413 (VIOLATED)
_12132_/A1                              0.750000    0.875413   -0.125413 (VIOLATED)
_12141_/S                               0.750000    0.875413   -0.125413 (VIOLATED)
_12152_/S                               0.750000    0.875413   -0.125413 (VIOLATED)
_12163_/S                               0.750000    0.875413   -0.125413 (VIOLATED)
_12174_/S                               0.750000    0.875413   -0.125413 (VIOLATED)
_12185_/A                               0.750000    0.875413   -0.125413 (VIOLATED)
_10761_/Y                               0.750000    0.872123   -0.122124 (VIOLATED)
_10762_/B                               0.750000    0.872123   -0.122124 (VIOLATED)
_10778_/C1                              0.750000    0.872123   -0.122124 (VIOLATED)
_10786_/C1                              0.750000    0.872123   -0.122124 (VIOLATED)
_10795_/A1                              0.750000    0.872123   -0.122124 (VIOLATED)
_10802_/C1                              0.750000    0.872123   -0.122124 (VIOLATED)
_10810_/C1                              0.750000    0.872123   -0.122124 (VIOLATED)
_10819_/A1                              0.750000    0.872123   -0.122124 (VIOLATED)
_10826_/C1                              0.750000    0.872123   -0.122124 (VIOLATED)
_10836_/A1                              0.750000    0.872123   -0.122124 (VIOLATED)
_10847_/A1                              0.750000    0.872123   -0.122124 (VIOLATED)
_10856_/A1                              0.750000    0.872123   -0.122124 (VIOLATED)
_10865_/A1                              0.750000    0.872123   -0.122124 (VIOLATED)
_10874_/A1                              0.750000    0.872123   -0.122124 (VIOLATED)
_10883_/A1                              0.750000    0.872123   -0.122124 (VIOLATED)
_10892_/A1                              0.750000    0.872123   -0.122124 (VIOLATED)
_10901_/A1                              0.750000    0.872123   -0.122124 (VIOLATED)
_10909_/A1                              0.750000    0.872123   -0.122124 (VIOLATED)
_10915_/C1                              0.750000    0.872123   -0.122124 (VIOLATED)
_13548_/A2                              0.750000    0.872123   -0.122124 (VIOLATED)
_13549_/A2                              0.750000    0.872123   -0.122124 (VIOLATED)
_11015_/Y                               0.750000    0.867747   -0.117747 (VIOLATED)
_11017_/A                               0.750000    0.867747   -0.117747 (VIOLATED)
_11018_/A2                              0.750000    0.867747   -0.117747 (VIOLATED)
_11019_/B                               0.750000    0.867747   -0.117747 (VIOLATED)
_11026_/B                               0.750000    0.867747   -0.117747 (VIOLATED)
_11034_/A2                              0.750000    0.867747   -0.117747 (VIOLATED)
_11036_/B                               0.750000    0.867747   -0.117747 (VIOLATED)
_11045_/A2                              0.750000    0.867747   -0.117747 (VIOLATED)
_11050_/A2                              0.750000    0.867747   -0.117747 (VIOLATED)
_11055_/A2                              0.750000    0.867747   -0.117747 (VIOLATED)
_11060_/A2                              0.750000    0.867747   -0.117747 (VIOLATED)
_11065_/A2                              0.750000    0.867747   -0.117747 (VIOLATED)
_11070_/A2                              0.750000    0.867747   -0.117747 (VIOLATED)
_11075_/A2                              0.750000    0.867747   -0.117747 (VIOLATED)
_11080_/A2                              0.750000    0.867747   -0.117747 (VIOLATED)
_11085_/A2                              0.750000    0.867747   -0.117747 (VIOLATED)
_11090_/A2                              0.750000    0.867747   -0.117747 (VIOLATED)
_11095_/A2                              0.750000    0.867747   -0.117747 (VIOLATED)
_11100_/A2                              0.750000    0.867747   -0.117747 (VIOLATED)
_11105_/A2                              0.750000    0.867747   -0.117747 (VIOLATED)
_11110_/A2                              0.750000    0.867747   -0.117747 (VIOLATED)
_11115_/A2                              0.750000    0.867747   -0.117747 (VIOLATED)
_11120_/A2                              0.750000    0.867747   -0.117747 (VIOLATED)
_11125_/A2                              0.750000    0.867747   -0.117747 (VIOLATED)
_11130_/A2                              0.750000    0.867747   -0.117747 (VIOLATED)
_11135_/A2                              0.750000    0.867747   -0.117747 (VIOLATED)
_11140_/A2                              0.750000    0.867747   -0.117747 (VIOLATED)
_11145_/A2                              0.750000    0.867747   -0.117747 (VIOLATED)
_11150_/A2                              0.750000    0.867747   -0.117747 (VIOLATED)
_11155_/A2                              0.750000    0.867747   -0.117747 (VIOLATED)
_11160_/A2                              0.750000    0.867747   -0.117747 (VIOLATED)
_11165_/A2                              0.750000    0.867747   -0.117747 (VIOLATED)
_11170_/A2                              0.750000    0.867747   -0.117747 (VIOLATED)
_11172_/B                               0.750000    0.867747   -0.117747 (VIOLATED)
_11691_/B1_N                            0.750000    0.867747   -0.117747 (VIOLATED)
_11694_/A2                              0.750000    0.867747   -0.117747 (VIOLATED)
_07276_/Y                               0.750000    0.865020   -0.115020 (VIOLATED)
_07279_/A1                              0.750000    0.865020   -0.115020 (VIOLATED)
_07583_/A2                              0.750000    0.865020   -0.115020 (VIOLATED)
_07759_/A2                              0.750000    0.865020   -0.115020 (VIOLATED)
_07814_/A2                              0.750000    0.865020   -0.115020 (VIOLATED)
_07872_/A2                              0.750000    0.865020   -0.115020 (VIOLATED)
_07924_/A2                              0.750000    0.865020   -0.115020 (VIOLATED)
_07985_/A2                              0.750000    0.865020   -0.115020 (VIOLATED)
_08032_/A2                              0.750000    0.865020   -0.115020 (VIOLATED)
_08083_/A2                              0.750000    0.865020   -0.115020 (VIOLATED)
_08134_/A2                              0.750000    0.865020   -0.115020 (VIOLATED)
_08191_/A2                              0.750000    0.865020   -0.115020 (VIOLATED)
_08230_/B1                              0.750000    0.865020   -0.115020 (VIOLATED)
_08290_/A2                              0.750000    0.865020   -0.115020 (VIOLATED)
_08358_/A2                              0.750000    0.865020   -0.115020 (VIOLATED)
_08400_/A2                              0.750000    0.865020   -0.115020 (VIOLATED)
_08446_/B1                              0.750000    0.865020   -0.115020 (VIOLATED)
_08502_/A2                              0.750000    0.865020   -0.115020 (VIOLATED)
_08555_/A2                              0.750000    0.865020   -0.115020 (VIOLATED)
_08616_/A2                              0.750000    0.865020   -0.115020 (VIOLATED)
_08668_/A2                              0.750000    0.865020   -0.115020 (VIOLATED)
_08713_/A2                              0.750000    0.865020   -0.115020 (VIOLATED)
_08776_/A2                              0.750000    0.865020   -0.115020 (VIOLATED)
_08821_/A2                              0.750000    0.865020   -0.115020 (VIOLATED)
_08863_/A2                              0.750000    0.865020   -0.115020 (VIOLATED)
_08923_/A2                              0.750000    0.865020   -0.115020 (VIOLATED)
_08977_/A2                              0.750000    0.865020   -0.115020 (VIOLATED)
_09017_/A2                              0.750000    0.865020   -0.115020 (VIOLATED)
_09064_/B1                              0.750000    0.865020   -0.115020 (VIOLATED)
_09124_/A2                              0.750000    0.865020   -0.115020 (VIOLATED)
_09169_/B1                              0.750000    0.865020   -0.115020 (VIOLATED)
_09229_/A2                              0.750000    0.865020   -0.115020 (VIOLATED)
_09256_/A2                              0.750000    0.865020   -0.115020 (VIOLATED)
crash_dump_o[97]                        0.750000    0.860114   -0.110114 (VIOLATED)
_09872_/A                               0.750000    0.860114   -0.110114 (VIOLATED)
_09883_/B1                              0.750000    0.860114   -0.110114 (VIOLATED)
_11022_/A1                              0.750000    0.860114   -0.110114 (VIOLATED)
_12486_/A0                              0.750000    0.860114   -0.110114 (VIOLATED)
_12740_/S                               0.750000    0.860114   -0.110114 (VIOLATED)
_12742_/A_N                             0.750000    0.860114   -0.110114 (VIOLATED)
_12743_/A1                              0.750000    0.860114   -0.110114 (VIOLATED)
_12744_/A1                              0.750000    0.860114   -0.110114 (VIOLATED)
_12748_/S1                              0.750000    0.860114   -0.110114 (VIOLATED)
_12750_/S1                              0.750000    0.860114   -0.110114 (VIOLATED)
_12754_/S1                              0.750000    0.860114   -0.110114 (VIOLATED)
_12764_/S1                              0.750000    0.860114   -0.110114 (VIOLATED)
_12767_/S1                              0.750000    0.860114   -0.110114 (VIOLATED)
_12771_/S1                              0.750000    0.860114   -0.110114 (VIOLATED)
_12773_/S1                              0.750000    0.860114   -0.110114 (VIOLATED)
_12778_/A                               0.750000    0.860114   -0.110114 (VIOLATED)
_12779_/A1                              0.750000    0.860114   -0.110114 (VIOLATED)
_12780_/A1                              0.750000    0.860114   -0.110114 (VIOLATED)
_12782_/S1                              0.750000    0.860114   -0.110114 (VIOLATED)
_12788_/S1                              0.750000    0.860114   -0.110114 (VIOLATED)
_12791_/S1                              0.750000    0.860114   -0.110114 (VIOLATED)
_12804_/S1                              0.750000    0.860114   -0.110114 (VIOLATED)
_12806_/S1                              0.750000    0.860114   -0.110114 (VIOLATED)
_12809_/S1                              0.750000    0.860114   -0.110114 (VIOLATED)
_12949_/S                               0.750000    0.860114   -0.110114 (VIOLATED)
_12967_/S                               0.750000    0.860114   -0.110114 (VIOLATED)
_12974_/S                               0.750000    0.860114   -0.110114 (VIOLATED)
_12987_/S                               0.750000    0.860114   -0.110114 (VIOLATED)
_12994_/S                               0.750000    0.860114   -0.110114 (VIOLATED)
_13006_/S                               0.750000    0.860114   -0.110114 (VIOLATED)
_13020_/S                               0.750000    0.860114   -0.110114 (VIOLATED)
_13033_/S                               0.750000    0.860114   -0.110114 (VIOLATED)
_13045_/A_N                             0.750000    0.860114   -0.110114 (VIOLATED)
_13046_/A1                              0.750000    0.860114   -0.110114 (VIOLATED)
_13060_/A_N                             0.750000    0.860114   -0.110114 (VIOLATED)
_13061_/A1                              0.750000    0.860114   -0.110114 (VIOLATED)
_13072_/S                               0.750000    0.860114   -0.110114 (VIOLATED)
_13083_/S                               0.750000    0.860114   -0.110114 (VIOLATED)
_13097_/S                               0.750000    0.860114   -0.110114 (VIOLATED)
_13108_/S                               0.750000    0.860114   -0.110114 (VIOLATED)
_13118_/S                               0.750000    0.860114   -0.110114 (VIOLATED)
_13127_/S                               0.750000    0.860114   -0.110114 (VIOLATED)
_13136_/A1                              0.750000    0.860114   -0.110114 (VIOLATED)
_13138_/A0                              0.750000    0.860114   -0.110114 (VIOLATED)
_13171_/A1                              0.750000    0.860114   -0.110114 (VIOLATED)
_13173_/A1                              0.750000    0.860114   -0.110114 (VIOLATED)
_14949_/Q                               0.750000    0.860114   -0.110114 (VIOLATED)
_07347_/Y                               0.750000    0.859213   -0.109213 (VIOLATED)
_09899_/A2                              0.750000    0.859213   -0.109213 (VIOLATED)
_09953_/B1                              0.750000    0.859213   -0.109213 (VIOLATED)
_10001_/B1                              0.750000    0.859213   -0.109213 (VIOLATED)
_10016_/A2                              0.750000    0.859213   -0.109213 (VIOLATED)
_10046_/A2                              0.750000    0.859213   -0.109213 (VIOLATED)
_10061_/A2                              0.750000    0.859213   -0.109213 (VIOLATED)
_10083_/A2                              0.750000    0.859213   -0.109213 (VIOLATED)
_10113_/B1                              0.750000    0.859213   -0.109213 (VIOLATED)
_10131_/A2                              0.750000    0.859213   -0.109213 (VIOLATED)
_10155_/B1                              0.750000    0.859213   -0.109213 (VIOLATED)
_10170_/A2                              0.750000    0.859213   -0.109213 (VIOLATED)
_10190_/A2                              0.750000    0.859213   -0.109213 (VIOLATED)
_10212_/B1                              0.750000    0.859213   -0.109213 (VIOLATED)
_10226_/A2                              0.750000    0.859213   -0.109213 (VIOLATED)
_10250_/A2                              0.750000    0.859213   -0.109213 (VIOLATED)
_10264_/A2                              0.750000    0.859213   -0.109213 (VIOLATED)
_10287_/A2                              0.750000    0.859213   -0.109213 (VIOLATED)
_10309_/A2                              0.750000    0.859213   -0.109213 (VIOLATED)
_10325_/A2                              0.750000    0.859213   -0.109213 (VIOLATED)
_10344_/B1                              0.750000    0.859213   -0.109213 (VIOLATED)
_10361_/B1                              0.750000    0.859213   -0.109213 (VIOLATED)
_10386_/B1                              0.750000    0.859213   -0.109213 (VIOLATED)
_10404_/B1                              0.750000    0.859213   -0.109213 (VIOLATED)
_10426_/A2                              0.750000    0.859213   -0.109213 (VIOLATED)
_10451_/A2                              0.750000    0.859213   -0.109213 (VIOLATED)
_10467_/B1                              0.750000    0.859213   -0.109213 (VIOLATED)
_10494_/B1                              0.750000    0.859213   -0.109213 (VIOLATED)
_10508_/A2                              0.750000    0.859213   -0.109213 (VIOLATED)
_10531_/B1                              0.750000    0.859213   -0.109213 (VIOLATED)
_10549_/A2                              0.750000    0.859213   -0.109213 (VIOLATED)
_10573_/A2                              0.750000    0.859213   -0.109213 (VIOLATED)
_10591_/B1                              0.750000    0.859213   -0.109213 (VIOLATED)
_11501_/A                               0.750000    0.859213   -0.109213 (VIOLATED)
_07274_/Y                               0.750000    0.849226   -0.099226 (VIOLATED)
_07275_/B                               0.750000    0.849226   -0.099226 (VIOLATED)
_07592_/A2                              0.750000    0.849226   -0.099226 (VIOLATED)
_07701_/A2                              0.750000    0.849226   -0.099226 (VIOLATED)
_07763_/A2                              0.750000    0.849226   -0.099226 (VIOLATED)
_07811_/A2                              0.750000    0.849226   -0.099226 (VIOLATED)
_07873_/A2                              0.750000    0.849226   -0.099226 (VIOLATED)
_07921_/B1                              0.750000    0.849226   -0.099226 (VIOLATED)
_07976_/A2                              0.750000    0.849226   -0.099226 (VIOLATED)
_08027_/B1                              0.750000    0.849226   -0.099226 (VIOLATED)
_08080_/B1                              0.750000    0.849226   -0.099226 (VIOLATED)
_08121_/B                               0.750000    0.849226   -0.099226 (VIOLATED)
_08184_/A2                              0.750000    0.849226   -0.099226 (VIOLATED)
_08241_/A2                              0.750000    0.849226   -0.099226 (VIOLATED)
_08286_/A2                              0.750000    0.849226   -0.099226 (VIOLATED)
_08351_/A2                              0.750000    0.849226   -0.099226 (VIOLATED)
_08394_/A2                              0.750000    0.849226   -0.099226 (VIOLATED)
_08446_/A2                              0.750000    0.849226   -0.099226 (VIOLATED)
_08517_/A2                              0.750000    0.849226   -0.099226 (VIOLATED)
_08566_/A2                              0.750000    0.849226   -0.099226 (VIOLATED)
_08607_/A2                              0.750000    0.849226   -0.099226 (VIOLATED)
_08669_/A2                              0.750000    0.849226   -0.099226 (VIOLATED)
_08717_/A2                              0.750000    0.849226   -0.099226 (VIOLATED)
_08769_/A2                              0.750000    0.849226   -0.099226 (VIOLATED)
_08824_/A2                              0.750000    0.849226   -0.099226 (VIOLATED)
_08877_/A2                              0.750000    0.849226   -0.099226 (VIOLATED)
_08930_/A2                              0.750000    0.849226   -0.099226 (VIOLATED)
_08973_/A2                              0.750000    0.849226   -0.099226 (VIOLATED)
_09014_/B1                              0.750000    0.849226   -0.099226 (VIOLATED)
_09066_/A2                              0.750000    0.849226   -0.099226 (VIOLATED)
_09127_/A2                              0.750000    0.849226   -0.099226 (VIOLATED)
_09180_/A2                              0.750000    0.849226   -0.099226 (VIOLATED)
_09219_/A2                              0.750000    0.849226   -0.099226 (VIOLATED)
_09259_/A2                              0.750000    0.849226   -0.099226 (VIOLATED)
_07554_/Y                               0.750000    0.847664   -0.097664 (VIOLATED)
_07586_/B1                              0.750000    0.847664   -0.097664 (VIOLATED)
_07684_/A2                              0.750000    0.847664   -0.097664 (VIOLATED)
_07771_/B1                              0.750000    0.847664   -0.097664 (VIOLATED)
_07819_/B1                              0.750000    0.847664   -0.097664 (VIOLATED)
_07878_/B1                              0.750000    0.847664   -0.097664 (VIOLATED)
_07931_/B1                              0.750000    0.847664   -0.097664 (VIOLATED)
_07980_/B1                              0.750000    0.847664   -0.097664 (VIOLATED)
_08029_/A2                              0.750000    0.847664   -0.097664 (VIOLATED)
_08072_/B1                              0.750000    0.847664   -0.097664 (VIOLATED)
_08139_/B1                              0.750000    0.847664   -0.097664 (VIOLATED)
_08178_/A2                              0.750000    0.847664   -0.097664 (VIOLATED)
_08225_/A2                              0.750000    0.847664   -0.097664 (VIOLATED)
_08297_/B1                              0.750000    0.847664   -0.097664 (VIOLATED)
_08355_/B1                              0.750000    0.847664   -0.097664 (VIOLATED)
_08404_/B1                              0.750000    0.847664   -0.097664 (VIOLATED)
_08441_/B1                              0.750000    0.847664   -0.097664 (VIOLATED)
_08512_/B1                              0.750000    0.847664   -0.097664 (VIOLATED)
_08559_/B1                              0.750000    0.847664   -0.097664 (VIOLATED)
_08614_/B1                              0.750000    0.847664   -0.097664 (VIOLATED)
_08660_/A2                              0.750000    0.847664   -0.097664 (VIOLATED)
_08721_/B1                              0.750000    0.847664   -0.097664 (VIOLATED)
_08761_/B1                              0.750000    0.847664   -0.097664 (VIOLATED)
_08819_/B1                              0.750000    0.847664   -0.097664 (VIOLATED)
_08871_/B1                              0.750000    0.847664   -0.097664 (VIOLATED)
_08914_/A2                              0.750000    0.847664   -0.097664 (VIOLATED)
_08968_/A2                              0.750000    0.847664   -0.097664 (VIOLATED)
_09025_/B1                              0.750000    0.847664   -0.097664 (VIOLATED)
_09070_/B1                              0.750000    0.847664   -0.097664 (VIOLATED)
_09112_/B1                              0.750000    0.847664   -0.097664 (VIOLATED)
_09178_/B1                              0.750000    0.847664   -0.097664 (VIOLATED)
_09227_/A2                              0.750000    0.847664   -0.097664 (VIOLATED)
_09250_/B1                              0.750000    0.847664   -0.097664 (VIOLATED)
_07564_/Y                               0.750000    0.846829   -0.096829 (VIOLATED)
_07587_/B1                              0.750000    0.846829   -0.096829 (VIOLATED)
_07684_/B1                              0.750000    0.846829   -0.096829 (VIOLATED)
_07770_/B1                              0.750000    0.846829   -0.096829 (VIOLATED)
_07807_/B1                              0.750000    0.846829   -0.096829 (VIOLATED)
_07879_/B1                              0.750000    0.846829   -0.096829 (VIOLATED)
_07930_/B1                              0.750000    0.846829   -0.096829 (VIOLATED)
_07981_/B1                              0.750000    0.846829   -0.096829 (VIOLATED)
_08029_/B1                              0.750000    0.846829   -0.096829 (VIOLATED)
_08073_/B1                              0.750000    0.846829   -0.096829 (VIOLATED)
_08140_/B1                              0.750000    0.846829   -0.096829 (VIOLATED)
_08178_/B1                              0.750000    0.846829   -0.096829 (VIOLATED)
_08225_/B1                              0.750000    0.846829   -0.096829 (VIOLATED)
_08298_/B1                              0.750000    0.846829   -0.096829 (VIOLATED)
_08354_/B1                              0.750000    0.846829   -0.096829 (VIOLATED)
_08405_/B1                              0.750000    0.846829   -0.096829 (VIOLATED)
_08442_/B1                              0.750000    0.846829   -0.096829 (VIOLATED)
_08513_/B1                              0.750000    0.846829   -0.096829 (VIOLATED)
_08560_/B1                              0.750000    0.846829   -0.096829 (VIOLATED)
_08602_/B1                              0.750000    0.846829   -0.096829 (VIOLATED)
_08662_/A2                              0.750000    0.846829   -0.096829 (VIOLATED)
_08707_/B1                              0.750000    0.846829   -0.096829 (VIOLATED)
_08762_/B1                              0.750000    0.846829   -0.096829 (VIOLATED)
_08818_/B1                              0.750000    0.846829   -0.096829 (VIOLATED)
_08872_/B1                              0.750000    0.846829   -0.096829 (VIOLATED)
_08914_/B1                              0.750000    0.846829   -0.096829 (VIOLATED)
_08968_/B1                              0.750000    0.846829   -0.096829 (VIOLATED)
_09026_/B1                              0.750000    0.846829   -0.096829 (VIOLATED)
_09071_/B1                              0.750000    0.846829   -0.096829 (VIOLATED)
_09113_/B1                              0.750000    0.846829   -0.096829 (VIOLATED)
_09179_/B1                              0.750000    0.846829   -0.096829 (VIOLATED)
_09225_/A2                              0.750000    0.846829   -0.096829 (VIOLATED)
_09249_/B1                              0.750000    0.846829   -0.096829 (VIOLATED)
_09895_/Y                               0.750000    0.844810   -0.094810 (VIOLATED)
_09897_/A2                              0.750000    0.844810   -0.094810 (VIOLATED)
_09951_/B1                              0.750000    0.844810   -0.094810 (VIOLATED)
_09999_/B1                              0.750000    0.844810   -0.094810 (VIOLATED)
_10016_/B1                              0.750000    0.844810   -0.094810 (VIOLATED)
_10043_/B1                              0.750000    0.844810   -0.094810 (VIOLATED)
_10062_/A2                              0.750000    0.844810   -0.094810 (VIOLATED)
_10079_/B1                              0.750000    0.844810   -0.094810 (VIOLATED)
_10114_/B1                              0.750000    0.844810   -0.094810 (VIOLATED)
_10131_/B1                              0.750000    0.844810   -0.094810 (VIOLATED)
_10153_/B1                              0.750000    0.844810   -0.094810 (VIOLATED)
_10171_/B1                              0.750000    0.844810   -0.094810 (VIOLATED)
_10189_/B1                              0.750000    0.844810   -0.094810 (VIOLATED)
_10210_/A2                              0.750000    0.844810   -0.094810 (VIOLATED)
_10226_/B1                              0.750000    0.844810   -0.094810 (VIOLATED)
_10246_/B1                              0.750000    0.844810   -0.094810 (VIOLATED)
_10262_/B1                              0.750000    0.844810   -0.094810 (VIOLATED)
_10290_/B1                              0.750000    0.844810   -0.094810 (VIOLATED)
_10307_/B1                              0.750000    0.844810   -0.094810 (VIOLATED)
_10324_/B1                              0.750000    0.844810   -0.094810 (VIOLATED)
_10343_/B1                              0.750000    0.844810   -0.094810 (VIOLATED)
_10364_/B1                              0.750000    0.844810   -0.094810 (VIOLATED)
_10385_/B1                              0.750000    0.844810   -0.094810 (VIOLATED)
_10407_/B1                              0.750000    0.844810   -0.094810 (VIOLATED)
_10425_/B1                              0.750000    0.844810   -0.094810 (VIOLATED)
_10451_/B1                              0.750000    0.844810   -0.094810 (VIOLATED)
_10468_/A2                              0.750000    0.844810   -0.094810 (VIOLATED)
_10491_/B1                              0.750000    0.844810   -0.094810 (VIOLATED)
_10511_/B1                              0.750000    0.844810   -0.094810 (VIOLATED)
_10530_/B1                              0.750000    0.844810   -0.094810 (VIOLATED)
_10550_/B1                              0.750000    0.844810   -0.094810 (VIOLATED)
_10571_/A2                              0.750000    0.844810   -0.094810 (VIOLATED)
_10588_/B1                              0.750000    0.844810   -0.094810 (VIOLATED)
_07541_/Y                               0.750000    0.843150   -0.093150 (VIOLATED)
_07583_/B1                              0.750000    0.843150   -0.093150 (VIOLATED)
_07704_/A2                              0.750000    0.843150   -0.093150 (VIOLATED)
_07765_/A2                              0.750000    0.843150   -0.093150 (VIOLATED)
_07817_/B1                              0.750000    0.843150   -0.093150 (VIOLATED)
_07882_/A2                              0.750000    0.843150   -0.093150 (VIOLATED)
_07934_/A2                              0.750000    0.843150   -0.093150 (VIOLATED)
_07972_/A2                              0.750000    0.843150   -0.093150 (VIOLATED)
_08026_/A2                              0.750000    0.843150   -0.093150 (VIOLATED)
_08087_/A2                              0.750000    0.843150   -0.093150 (VIOLATED)
_08141_/A2                              0.750000    0.843150   -0.093150 (VIOLATED)
_08189_/A2                              0.750000    0.843150   -0.093150 (VIOLATED)
_08239_/A2                              0.750000    0.843150   -0.093150 (VIOLATED)
_08288_/A2                              0.750000    0.843150   -0.093150 (VIOLATED)
_08352_/A2                              0.750000    0.843150   -0.093150 (VIOLATED)
_08396_/A2                              0.750000    0.843150   -0.093150 (VIOLATED)
_08456_/A2                              0.750000    0.843150   -0.093150 (VIOLATED)
_08505_/A2                              0.750000    0.843150   -0.093150 (VIOLATED)
_08549_/B1                              0.750000    0.843150   -0.093150 (VIOLATED)
_08616_/B1                              0.750000    0.843150   -0.093150 (VIOLATED)
_08655_/A2                              0.750000    0.843150   -0.093150 (VIOLATED)
_08723_/B1                              0.750000    0.843150   -0.093150 (VIOLATED)
_08766_/A2                              0.750000    0.843150   -0.093150 (VIOLATED)
_08815_/B1                              0.750000    0.843150   -0.093150 (VIOLATED)
_08877_/B1                              0.750000    0.843150   -0.093150 (VIOLATED)
_08919_/B1                              0.750000    0.843150   -0.093150 (VIOLATED)
_08971_/A2                              0.750000    0.843150   -0.093150 (VIOLATED)
_09019_/B1                              0.750000    0.843150   -0.093150 (VIOLATED)
_09076_/A2                              0.750000    0.843150   -0.093150 (VIOLATED)
_09128_/A2                              0.750000    0.843150   -0.093150 (VIOLATED)
_09171_/A2                              0.750000    0.843150   -0.093150 (VIOLATED)
_09228_/A2                              0.750000    0.843150   -0.093150 (VIOLATED)
_09260_/A2                              0.750000    0.843150   -0.093150 (VIOLATED)
_12609_/Y                               0.750000    0.841920   -0.091920 (VIOLATED)
_12610_/B1                              0.750000    0.841920   -0.091920 (VIOLATED)
_12612_/B1                              0.750000    0.841920   -0.091920 (VIOLATED)
_12614_/B1                              0.750000    0.841920   -0.091920 (VIOLATED)
_12616_/B1                              0.750000    0.841920   -0.091920 (VIOLATED)
_12618_/B1                              0.750000    0.841920   -0.091920 (VIOLATED)
_12620_/B1                              0.750000    0.841920   -0.091920 (VIOLATED)
_12622_/B1                              0.750000    0.841920   -0.091920 (VIOLATED)
_12624_/B1                              0.750000    0.841920   -0.091920 (VIOLATED)
_12626_/B1                              0.750000    0.841920   -0.091920 (VIOLATED)
_12628_/B1                              0.750000    0.841920   -0.091920 (VIOLATED)
_12630_/B1                              0.750000    0.841920   -0.091920 (VIOLATED)
_12632_/B1                              0.750000    0.841920   -0.091920 (VIOLATED)
_12634_/B1                              0.750000    0.841920   -0.091920 (VIOLATED)
_12636_/B1                              0.750000    0.841920   -0.091920 (VIOLATED)
_12638_/B1                              0.750000    0.841920   -0.091920 (VIOLATED)
_12640_/B1                              0.750000    0.841920   -0.091920 (VIOLATED)
_12642_/B1                              0.750000    0.841920   -0.091920 (VIOLATED)
_12644_/B1                              0.750000    0.841920   -0.091920 (VIOLATED)
_12646_/B1                              0.750000    0.841920   -0.091920 (VIOLATED)
_12648_/B1                              0.750000    0.841920   -0.091920 (VIOLATED)
_12651_/B1                              0.750000    0.841920   -0.091920 (VIOLATED)
_12652_/B1                              0.750000    0.841920   -0.091920 (VIOLATED)
_12655_/S                               0.750000    0.841920   -0.091920 (VIOLATED)
_12656_/B1                              0.750000    0.841920   -0.091920 (VIOLATED)
_12658_/B1                              0.750000    0.841920   -0.091920 (VIOLATED)
_12660_/B1                              0.750000    0.841920   -0.091920 (VIOLATED)
_12662_/B1                              0.750000    0.841920   -0.091920 (VIOLATED)
_12665_/S                               0.750000    0.841920   -0.091920 (VIOLATED)
_12666_/B1                              0.750000    0.841920   -0.091920 (VIOLATED)
_12668_/B1                              0.750000    0.841920   -0.091920 (VIOLATED)
_12670_/B1                              0.750000    0.841920   -0.091920 (VIOLATED)
_07573_/Y                               0.750000    0.818846   -0.068846 (VIOLATED)
_07593_/A2                              0.750000    0.818846   -0.068846 (VIOLATED)
_07702_/B1                              0.750000    0.818846   -0.068846 (VIOLATED)
_07766_/A2                              0.750000    0.818846   -0.068846 (VIOLATED)
_07810_/A2                              0.750000    0.818846   -0.068846 (VIOLATED)
_07881_/A2                              0.750000    0.818846   -0.068846 (VIOLATED)
_07927_/B1                              0.750000    0.818846   -0.068846 (VIOLATED)
_07970_/B1                              0.750000    0.818846   -0.068846 (VIOLATED)
_08033_/B1                              0.750000    0.818846   -0.068846 (VIOLATED)
_08078_/B1                              0.750000    0.818846   -0.068846 (VIOLATED)
_08187_/B1                              0.750000    0.818846   -0.068846 (VIOLATED)
_08227_/A2                              0.750000    0.818846   -0.068846 (VIOLATED)
_08288_/B1                              0.750000    0.818846   -0.068846 (VIOLATED)
_08351_/B1                              0.750000    0.818846   -0.068846 (VIOLATED)
_08398_/A2                              0.750000    0.818846   -0.068846 (VIOLATED)
_08450_/B1                              0.750000    0.818846   -0.068846 (VIOLATED)
_08508_/B1                              0.750000    0.818846   -0.068846 (VIOLATED)
_08551_/B1                              0.750000    0.818846   -0.068846 (VIOLATED)
_08608_/B1                              0.750000    0.818846   -0.068846 (VIOLATED)
_08654_/B1                              0.750000    0.818846   -0.068846 (VIOLATED)
_08719_/A2                              0.750000    0.818846   -0.068846 (VIOLATED)
_08766_/B1                              0.750000    0.818846   -0.068846 (VIOLATED)
_08814_/A2                              0.750000    0.818846   -0.068846 (VIOLATED)
_08875_/B1                              0.750000    0.818846   -0.068846 (VIOLATED)
_08921_/B1                              0.750000    0.818846   -0.068846 (VIOLATED)
_08963_/B1                              0.750000    0.818846   -0.068846 (VIOLATED)
_09021_/B1                              0.750000    0.818846   -0.068846 (VIOLATED)
_09075_/B1                              0.750000    0.818846   -0.068846 (VIOLATED)
_09120_/B1                              0.750000    0.818846   -0.068846 (VIOLATED)
_09173_/A2                              0.750000    0.818846   -0.068846 (VIOLATED)
_09229_/B1                              0.750000    0.818846   -0.068846 (VIOLATED)
_09255_/B1                              0.750000    0.818846   -0.068846 (VIOLATED)
_07708_/X                               0.750000    0.796423   -0.046423 (VIOLATED)
_07709_/A                               0.750000    0.796423   -0.046423 (VIOLATED)
_07710_/S                               0.750000    0.796423   -0.046423 (VIOLATED)
_07712_/B                               0.750000    0.796423   -0.046423 (VIOLATED)
_07713_/B                               0.750000    0.796423   -0.046423 (VIOLATED)
_11815_/B                               0.750000    0.796423   -0.046423 (VIOLATED)
_11817_/A2                              0.750000    0.796423   -0.046423 (VIOLATED)
_11843_/S                               0.750000    0.796423   -0.046423 (VIOLATED)
_11846_/S                               0.750000    0.796423   -0.046423 (VIOLATED)
_11850_/S                               0.750000    0.796423   -0.046423 (VIOLATED)
_11856_/S                               0.750000    0.796423   -0.046423 (VIOLATED)
_11859_/S                               0.750000    0.796423   -0.046423 (VIOLATED)
_11863_/S                               0.750000    0.796423   -0.046423 (VIOLATED)
_11866_/S                               0.750000    0.796423   -0.046423 (VIOLATED)
_11873_/S                               0.750000    0.796423   -0.046423 (VIOLATED)
_11877_/S                               0.750000    0.796423   -0.046423 (VIOLATED)
_11880_/S                               0.750000    0.796423   -0.046423 (VIOLATED)
_11885_/S                               0.750000    0.796423   -0.046423 (VIOLATED)
_11888_/S                               0.750000    0.796423   -0.046423 (VIOLATED)
_11892_/S                               0.750000    0.796423   -0.046423 (VIOLATED)
_11895_/S                               0.750000    0.796423   -0.046423 (VIOLATED)
_11913_/A2                              0.750000    0.796423   -0.046423 (VIOLATED)
_11940_/S                               0.750000    0.796423   -0.046423 (VIOLATED)
_11947_/S                               0.750000    0.796423   -0.046423 (VIOLATED)
_11021_/Y                               0.750000    0.795057   -0.045057 (VIOLATED)
_11023_/A2                              0.750000    0.795057   -0.045057 (VIOLATED)
_11028_/A2                              0.750000    0.795057   -0.045057 (VIOLATED)
_11032_/A2                              0.750000    0.795057   -0.045057 (VIOLATED)
_11038_/A2                              0.750000    0.795057   -0.045057 (VIOLATED)
_11043_/A2                              0.750000    0.795057   -0.045057 (VIOLATED)
_11048_/A2                              0.750000    0.795057   -0.045057 (VIOLATED)
_11053_/A2                              0.750000    0.795057   -0.045057 (VIOLATED)
_11058_/A2                              0.750000    0.795057   -0.045057 (VIOLATED)
_11063_/A2                              0.750000    0.795057   -0.045057 (VIOLATED)
_11068_/A2                              0.750000    0.795057   -0.045057 (VIOLATED)
_11073_/A2                              0.750000    0.795057   -0.045057 (VIOLATED)
_11078_/A2                              0.750000    0.795057   -0.045057 (VIOLATED)
_11083_/A2                              0.750000    0.795057   -0.045057 (VIOLATED)
_11088_/A2                              0.750000    0.795057   -0.045057 (VIOLATED)
_11093_/A2                              0.750000    0.795057   -0.045057 (VIOLATED)
_11098_/A2                              0.750000    0.795057   -0.045057 (VIOLATED)
_11103_/A2                              0.750000    0.795057   -0.045057 (VIOLATED)
_11108_/A2                              0.750000    0.795057   -0.045057 (VIOLATED)
_11113_/A2                              0.750000    0.795057   -0.045057 (VIOLATED)
_11118_/A2                              0.750000    0.795057   -0.045057 (VIOLATED)
_11123_/A2                              0.750000    0.795057   -0.045057 (VIOLATED)
_11128_/A2                              0.750000    0.795057   -0.045057 (VIOLATED)
_11133_/A2                              0.750000    0.795057   -0.045057 (VIOLATED)
_11138_/A2                              0.750000    0.795057   -0.045057 (VIOLATED)
_11143_/A2                              0.750000    0.795057   -0.045057 (VIOLATED)
_11148_/A2                              0.750000    0.795057   -0.045057 (VIOLATED)
_11153_/A2                              0.750000    0.795057   -0.045057 (VIOLATED)
_11158_/A2                              0.750000    0.795057   -0.045057 (VIOLATED)
_11163_/A2                              0.750000    0.795057   -0.045057 (VIOLATED)
_11168_/A2                              0.750000    0.795057   -0.045057 (VIOLATED)
_11174_/A2                              0.750000    0.795057   -0.045057 (VIOLATED)
_07546_/Y                               0.750000    0.794149   -0.044149 (VIOLATED)
_07584_/A2                              0.750000    0.794149   -0.044149 (VIOLATED)
_07695_/A2                              0.750000    0.794149   -0.044149 (VIOLATED)
_07769_/A2                              0.750000    0.794149   -0.044149 (VIOLATED)
_07812_/B1                              0.750000    0.794149   -0.044149 (VIOLATED)
_07868_/A2                              0.750000    0.794149   -0.044149 (VIOLATED)
_07918_/A2                              0.750000    0.794149   -0.044149 (VIOLATED)
_07978_/A2                              0.750000    0.794149   -0.044149 (VIOLATED)
_08028_/A2                              0.750000    0.794149   -0.044149 (VIOLATED)
_08193_/B1                              0.750000    0.794149   -0.044149 (VIOLATED)
_08228_/A2                              0.750000    0.794149   -0.044149 (VIOLATED)
_08300_/B1                              0.750000    0.794149   -0.044149 (VIOLATED)
_08352_/B1                              0.750000    0.794149   -0.044149 (VIOLATED)
_08408_/A2                              0.750000    0.794149   -0.044149 (VIOLATED)
_08458_/A2                              0.750000    0.794149   -0.044149 (VIOLATED)
_08510_/A2                              0.750000    0.794149   -0.044149 (VIOLATED)
_08556_/A2                              0.750000    0.794149   -0.044149 (VIOLATED)
_08611_/B1                              0.750000    0.794149   -0.044149 (VIOLATED)
_08668_/B1                              0.750000    0.794149   -0.044149 (VIOLATED)
_08722_/A2                              0.750000    0.794149   -0.044149 (VIOLATED)
_08777_/B1                              0.750000    0.794149   -0.044149 (VIOLATED)
_08825_/B1                              0.750000    0.794149   -0.044149 (VIOLATED)
_08876_/A2                              0.750000    0.794149   -0.044149 (VIOLATED)
_08920_/A2                              0.750000    0.794149   -0.044149 (VIOLATED)
_08967_/A2                              0.750000    0.794149   -0.044149 (VIOLATED)
_09028_/B1                              0.750000    0.794149   -0.044149 (VIOLATED)
_09063_/B1                              0.750000    0.794149   -0.044149 (VIOLATED)
_09129_/B1                              0.750000    0.794149   -0.044149 (VIOLATED)
_09175_/B1                              0.750000    0.794149   -0.044149 (VIOLATED)
_09230_/A2                              0.750000    0.794149   -0.044149 (VIOLATED)
_09248_/A2                              0.750000    0.794149   -0.044149 (VIOLATED)
_07574_/Y                               0.750000    0.793611   -0.043611 (VIOLATED)
_07773_/B1                              0.750000    0.793611   -0.043611 (VIOLATED)
_07822_/B1                              0.750000    0.793611   -0.043611 (VIOLATED)
_07870_/B1                              0.750000    0.793611   -0.043611 (VIOLATED)
_07919_/A2                              0.750000    0.793611   -0.043611 (VIOLATED)
_07979_/B1                              0.750000    0.793611   -0.043611 (VIOLATED)
_08026_/B1                              0.750000    0.793611   -0.043611 (VIOLATED)
_08087_/B1                              0.750000    0.793611   -0.043611 (VIOLATED)
_08120_/A2                              0.750000    0.793611   -0.043611 (VIOLATED)
_08188_/B1                              0.750000    0.793611   -0.043611 (VIOLATED)
_08238_/A2                              0.750000    0.793611   -0.043611 (VIOLATED)
_08301_/B1                              0.750000    0.793611   -0.043611 (VIOLATED)
_08344_/B1                              0.750000    0.793611   -0.043611 (VIOLATED)
_08408_/B1                              0.750000    0.793611   -0.043611 (VIOLATED)
_08456_/B1                              0.750000    0.793611   -0.043611 (VIOLATED)
_08507_/B1                              0.750000    0.793611   -0.043611 (VIOLATED)
_08558_/A2                              0.750000    0.793611   -0.043611 (VIOLATED)
_08604_/B1                              0.750000    0.793611   -0.043611 (VIOLATED)
_08669_/B1                              0.750000    0.793611   -0.043611 (VIOLATED)
_08717_/B1                              0.750000    0.793611   -0.043611 (VIOLATED)
_08775_/B1                              0.750000    0.793611   -0.043611 (VIOLATED)
_08814_/B1                              0.750000    0.793611   -0.043611 (VIOLATED)
_08876_/B1                              0.750000    0.793611   -0.043611 (VIOLATED)
_08916_/A2                              0.750000    0.793611   -0.043611 (VIOLATED)
_08976_/B1                              0.750000    0.793611   -0.043611 (VIOLATED)
_09016_/B1                              0.750000    0.793611   -0.043611 (VIOLATED)
_09067_/B1                              0.750000    0.793611   -0.043611 (VIOLATED)
_09116_/A2                              0.750000    0.793611   -0.043611 (VIOLATED)
_09177_/B1                              0.750000    0.793611   -0.043611 (VIOLATED)
_09216_/B1                              0.750000    0.793611   -0.043611 (VIOLATED)
_09254_/A2                              0.750000    0.793611   -0.043611 (VIOLATED)
_09868_/S                               0.750000    0.766593   -0.016593 (VIOLATED)
_09869_/S                               0.750000    0.766593   -0.016593 (VIOLATED)
_09870_/S                               0.750000    0.766593   -0.016593 (VIOLATED)
_09874_/A1                              0.750000    0.766593   -0.016593 (VIOLATED)
_09876_/A                               0.750000    0.766593   -0.016593 (VIOLATED)
_09881_/S                               0.750000    0.766593   -0.016593 (VIOLATED)
_09882_/S                               0.750000    0.766593   -0.016593 (VIOLATED)
_12747_/S                               0.750000    0.766593   -0.016593 (VIOLATED)
_12748_/S0                              0.750000    0.766593   -0.016593 (VIOLATED)
_12749_/S                               0.750000    0.766593   -0.016593 (VIOLATED)
_12750_/S0                              0.750000    0.766593   -0.016593 (VIOLATED)
_12753_/S                               0.750000    0.766593   -0.016593 (VIOLATED)
_12754_/S0                              0.750000    0.766593   -0.016593 (VIOLATED)
_12763_/S                               0.750000    0.766593   -0.016593 (VIOLATED)
_12764_/S0                              0.750000    0.766593   -0.016593 (VIOLATED)
_12766_/S                               0.750000    0.766593   -0.016593 (VIOLATED)
_12767_/S0                              0.750000    0.766593   -0.016593 (VIOLATED)
_12770_/S                               0.750000    0.766593   -0.016593 (VIOLATED)
_12771_/S0                              0.750000    0.766593   -0.016593 (VIOLATED)
_12772_/S                               0.750000    0.766593   -0.016593 (VIOLATED)
_12773_/S0                              0.750000    0.766593   -0.016593 (VIOLATED)
_12775_/B                               0.750000    0.766593   -0.016593 (VIOLATED)
_12776_/A1                              0.750000    0.766593   -0.016593 (VIOLATED)
_12777_/S                               0.750000    0.766593   -0.016593 (VIOLATED)
_12781_/S                               0.750000    0.766593   -0.016593 (VIOLATED)
_12782_/S0                              0.750000    0.766593   -0.016593 (VIOLATED)
_12787_/S                               0.750000    0.766593   -0.016593 (VIOLATED)
_12788_/S0                              0.750000    0.766593   -0.016593 (VIOLATED)
_12790_/S                               0.750000    0.766593   -0.016593 (VIOLATED)
_12791_/S0                              0.750000    0.766593   -0.016593 (VIOLATED)
_12803_/S                               0.750000    0.766593   -0.016593 (VIOLATED)
_12804_/S0                              0.750000    0.766593   -0.016593 (VIOLATED)
_12805_/S                               0.750000    0.766593   -0.016593 (VIOLATED)
_12806_/S0                              0.750000    0.766593   -0.016593 (VIOLATED)
_12808_/S                               0.750000    0.766593   -0.016593 (VIOLATED)
_12809_/S0                              0.750000    0.766593   -0.016593 (VIOLATED)
_13135_/B1                              0.750000    0.766593   -0.016593 (VIOLATED)
_13256_/A                               0.750000    0.766593   -0.016593 (VIOLATED)
_13306_/D_N                             0.750000    0.766593   -0.016593 (VIOLATED)
_15152_/Q                               0.750000    0.766593   -0.016593 (VIOLATED)
_12780_/Y                               0.750000    0.759840   -0.009840 (VIOLATED)
_12785_/A                               0.750000    0.759840   -0.009840 (VIOLATED)
_12799_/A                               0.750000    0.759840   -0.009840 (VIOLATED)
_12815_/A2                              0.750000    0.759840   -0.009840 (VIOLATED)
_12828_/A                               0.750000    0.759840   -0.009840 (VIOLATED)
_12845_/A                               0.750000    0.759840   -0.009840 (VIOLATED)
_12913_/B                               0.750000    0.759840   -0.009840 (VIOLATED)
_12916_/B1                              0.750000    0.759840   -0.009840 (VIOLATED)
_12920_/A1                              0.750000    0.759840   -0.009840 (VIOLATED)
_12923_/A2                              0.750000    0.759840   -0.009840 (VIOLATED)
_12929_/A2                              0.750000    0.759840   -0.009840 (VIOLATED)
_12963_/A                               0.750000    0.759840   -0.009840 (VIOLATED)
_12995_/S                               0.750000    0.759840   -0.009840 (VIOLATED)
_13003_/A1                              0.750000    0.759840   -0.009840 (VIOLATED)
_13009_/A1                              0.750000    0.759840   -0.009840 (VIOLATED)
_13057_/B1                              0.750000    0.759840   -0.009840 (VIOLATED)
_13058_/A                               0.750000    0.759840   -0.009840 (VIOLATED)
_13065_/A2                              0.750000    0.759840   -0.009840 (VIOLATED)
_13067_/A1                              0.750000    0.759840   -0.009840 (VIOLATED)
_13100_/A2                              0.750000    0.759840   -0.009840 (VIOLATED)
_13121_/A1                              0.750000    0.759840   -0.009840 (VIOLATED)
_13129_/A1                              0.750000    0.759840   -0.009840 (VIOLATED)
_11820_/Y                               0.750000    0.759399   -0.009399 (VIOLATED)
_11825_/A                               0.750000    0.759399   -0.009399 (VIOLATED)
_11826_/A                               0.750000    0.759399   -0.009399 (VIOLATED)
_11840_/A1                              0.750000    0.759399   -0.009399 (VIOLATED)
_11902_/B1                              0.750000    0.759399   -0.009399 (VIOLATED)
_12030_/A1                              0.750000    0.759399   -0.009399 (VIOLATED)
_12053_/A1                              0.750000    0.759399   -0.009399 (VIOLATED)
_12069_/A1                              0.750000    0.759399   -0.009399 (VIOLATED)
_12098_/A1                              0.750000    0.759399   -0.009399 (VIOLATED)
_12109_/S                               0.750000    0.759399   -0.009399 (VIOLATED)
_12122_/A1                              0.750000    0.759399   -0.009399 (VIOLATED)
_12133_/A1                              0.750000    0.759399   -0.009399 (VIOLATED)
_12142_/S                               0.750000    0.759399   -0.009399 (VIOLATED)
_12153_/S                               0.750000    0.759399   -0.009399 (VIOLATED)
_12164_/S                               0.750000    0.759399   -0.009399 (VIOLATED)
_12173_/A1                              0.750000    0.759399   -0.009399 (VIOLATED)
_12186_/B1                              0.750000    0.759399   -0.009399 (VIOLATED)
_12187_/A1                              0.750000    0.759399   -0.009399 (VIOLATED)
_07443_/X                               0.750000    0.754271   -0.004271 (VIOLATED)
_07454_/B                               0.750000    0.754271   -0.004271 (VIOLATED)
_07457_/A                               0.750000    0.754271   -0.004271 (VIOLATED)
_07732_/A2                              0.750000    0.754271   -0.004271 (VIOLATED)
_07784_/A2                              0.750000    0.754271   -0.004271 (VIOLATED)
_07838_/A2                              0.750000    0.754271   -0.004271 (VIOLATED)
_07913_/A2                              0.750000    0.754271   -0.004271 (VIOLATED)
_07914_/A2                              0.750000    0.754271   -0.004271 (VIOLATED)
_07966_/A2                              0.750000    0.754271   -0.004271 (VIOLATED)
_07967_/A2                              0.750000    0.754271   -0.004271 (VIOLATED)
_08015_/A2                              0.750000    0.754271   -0.004271 (VIOLATED)
_08016_/A2                              0.750000    0.754271   -0.004271 (VIOLATED)
_08065_/A2                              0.750000    0.754271   -0.004271 (VIOLATED)
_08066_/A2                              0.750000    0.754271   -0.004271 (VIOLATED)
_08118_/A2                              0.750000    0.754271   -0.004271 (VIOLATED)
_08119_/A2                              0.750000    0.754271   -0.004271 (VIOLATED)
_08174_/A2                              0.750000    0.754271   -0.004271 (VIOLATED)
_08175_/A2                              0.750000    0.754271   -0.004271 (VIOLATED)
_08222_/A2                              0.750000    0.754271   -0.004271 (VIOLATED)
_08223_/A2                              0.750000    0.754271   -0.004271 (VIOLATED)
_08282_/A2                              0.750000    0.754271   -0.004271 (VIOLATED)
_08283_/A2                              0.750000    0.754271   -0.004271 (VIOLATED)
_08337_/A2                              0.750000    0.754271   -0.004271 (VIOLATED)
_08338_/A2                              0.750000    0.754271   -0.004271 (VIOLATED)
_08390_/A2                              0.750000    0.754271   -0.004271 (VIOLATED)
_08391_/A2                              0.750000    0.754271   -0.004271 (VIOLATED)
_08439_/A2                              0.750000    0.754271   -0.004271 (VIOLATED)
_08440_/A2                              0.750000    0.754271   -0.004271 (VIOLATED)
_08497_/A2                              0.750000    0.754271   -0.004271 (VIOLATED)
_08498_/A2                              0.750000    0.754271   -0.004271 (VIOLATED)
_08547_/A2                              0.750000    0.754271   -0.004271 (VIOLATED)
_08548_/A2                              0.750000    0.754271   -0.004271 (VIOLATED)
_08598_/A2                              0.750000    0.754271   -0.004271 (VIOLATED)
_08599_/A2                              0.750000    0.754271   -0.004271 (VIOLATED)
_08649_/A2                              0.750000    0.754271   -0.004271 (VIOLATED)
_08650_/A2                              0.750000    0.754271   -0.004271 (VIOLATED)
_08705_/A2                              0.750000    0.754271   -0.004271 (VIOLATED)
_08706_/A2                              0.750000    0.754271   -0.004271 (VIOLATED)
_08757_/A2                              0.750000    0.754271   -0.004271 (VIOLATED)
_08758_/A2                              0.750000    0.754271   -0.004271 (VIOLATED)
_08809_/A2                              0.750000    0.754271   -0.004271 (VIOLATED)
_08810_/A2                              0.750000    0.754271   -0.004271 (VIOLATED)
_08860_/A2                              0.750000    0.754271   -0.004271 (VIOLATED)
_08861_/A2                              0.750000    0.754271   -0.004271 (VIOLATED)
_08912_/A2                              0.750000    0.754271   -0.004271 (VIOLATED)
_08913_/A2                              0.750000    0.754271   -0.004271 (VIOLATED)
_08960_/A2                              0.750000    0.754271   -0.004271 (VIOLATED)
_08961_/A2                              0.750000    0.754271   -0.004271 (VIOLATED)
_09011_/A2                              0.750000    0.754271   -0.004271 (VIOLATED)
_09012_/A2                              0.750000    0.754271   -0.004271 (VIOLATED)
_09060_/A2                              0.750000    0.754271   -0.004271 (VIOLATED)
_09061_/A2                              0.750000    0.754271   -0.004271 (VIOLATED)
_09109_/A2                              0.750000    0.754271   -0.004271 (VIOLATED)
_09110_/A2                              0.750000    0.754271   -0.004271 (VIOLATED)
_09163_/A2                              0.750000    0.754271   -0.004271 (VIOLATED)
_09164_/A2                              0.750000    0.754271   -0.004271 (VIOLATED)
_09213_/A2                              0.750000    0.754271   -0.004271 (VIOLATED)
_09214_/A2                              0.750000    0.754271   -0.004271 (VIOLATED)
_09286_/A2                              0.750000    0.754271   -0.004271 (VIOLATED)
_09287_/A2                              0.750000    0.754271   -0.004271 (VIOLATED)

max fanout

Pin                                   Limit Fanout  Slack
---------------------------------------------------------
rst_ni                                   10   1871  -1861 (VIOLATED)
_07191_/Y                                10     99    -89 (VIOLATED)
_09352_/Y                                10     82    -72 (VIOLATED)
_09878_/X                                10     82    -72 (VIOLATED)
_10601_/X                                10     81    -71 (VIOLATED)
_09909_/X                                10     79    -69 (VIOLATED)
_10094_/X                                10     77    -67 (VIOLATED)
_09847_/X                                10     76    -66 (VIOLATED)
_07176_/Y                                10     69    -59 (VIOLATED)
_15093_/Q                                10     66    -56 (VIOLATED)
_07443_/X                                10     59    -49 (VIOLATED)
_09416_/Y                                10     59    -49 (VIOLATED)
_12481_/X                                10     54    -44 (VIOLATED)
_07138_/Y                                10     52    -42 (VIOLATED)
_14949_/Q                                10     46    -36 (VIOLATED)
_10605_/X                                10     45    -35 (VIOLATED)
_09417_/X                                10     44    -34 (VIOLATED)
_11542_/X                                10     43    -33 (VIOLATED)
_11012_/Y                                10     42    -32 (VIOLATED)
_09840_/X                                10     41    -31 (VIOLATED)
_09846_/Y                                10     41    -31 (VIOLATED)
_15088_/Q                                10     41    -31 (VIOLATED)
_09411_/X                                10     40    -30 (VIOLATED)
_11822_/X                                10     40    -30 (VIOLATED)
_15152_/Q                                10     39    -29 (VIOLATED)
_15153_/Q                                10     39    -29 (VIOLATED)
_07413_/X                                10     37    -27 (VIOLATED)
_09413_/X                                10     37    -27 (VIOLATED)
_15089_/Q                                10     37    -27 (VIOLATED)
_07180_/Y                                10     36    -26 (VIOLATED)
_11905_/Y                                10     36    -26 (VIOLATED)
_15154_/Q                                10     36    -26 (VIOLATED)
_15289_/Q                                10     36    -26 (VIOLATED)
_09908_/X                                10     35    -25 (VIOLATED)
_11015_/Y                                10     35    -25 (VIOLATED)
_09848_/Y                                10     34    -24 (VIOLATED)
_09879_/Y                                10     34    -24 (VIOLATED)
_10768_/X                                10     34    -24 (VIOLATED)
_07200_/X                                10     33    -23 (VIOLATED)
_07274_/Y                                10     33    -23 (VIOLATED)
_07347_/Y                                10     33    -23 (VIOLATED)
_07348_/Y                                10     33    -23 (VIOLATED)
_07453_/X                                10     33    -23 (VIOLATED)
_07531_/X                                10     33    -23 (VIOLATED)
_10096_/X                                10     33    -23 (VIOLATED)
_11020_/Y                                10     33    -23 (VIOLATED)
_11714_/X                                10     33    -23 (VIOLATED)
_13222_/X                                10     33    -23 (VIOLATED)
_13257_/X                                10     33    -23 (VIOLATED)
_13307_/X                                10     33    -23 (VIOLATED)
_07276_/Y                                10     32    -22 (VIOLATED)
_07457_/Y                                10     32    -22 (VIOLATED)
_07461_/Y                                10     32    -22 (VIOLATED)
_07463_/X                                10     32    -22 (VIOLATED)
_07465_/X                                10     32    -22 (VIOLATED)
_07466_/X                                10     32    -22 (VIOLATED)
_07468_/X                                10     32    -22 (VIOLATED)
_07470_/X                                10     32    -22 (VIOLATED)
_07473_/X                                10     32    -22 (VIOLATED)
_07475_/X                                10     32    -22 (VIOLATED)
_07479_/X                                10     32    -22 (VIOLATED)
_07481_/X                                10     32    -22 (VIOLATED)
_07482_/X                                10     32    -22 (VIOLATED)
_07483_/X                                10     32    -22 (VIOLATED)
_07486_/X                                10     32    -22 (VIOLATED)
_07488_/X                                10     32    -22 (VIOLATED)
_07489_/X                                10     32    -22 (VIOLATED)
_07490_/X                                10     32    -22 (VIOLATED)
_07492_/X                                10     32    -22 (VIOLATED)
_07493_/X                                10     32    -22 (VIOLATED)
_07495_/X                                10     32    -22 (VIOLATED)
_07496_/X                                10     32    -22 (VIOLATED)
_07498_/X                                10     32    -22 (VIOLATED)
_07499_/X                                10     32    -22 (VIOLATED)
_07501_/X                                10     32    -22 (VIOLATED)
_07502_/X                                10     32    -22 (VIOLATED)
_07503_/X                                10     32    -22 (VIOLATED)
_07504_/X                                10     32    -22 (VIOLATED)
_07505_/X                                10     32    -22 (VIOLATED)
_07506_/X                                10     32    -22 (VIOLATED)
_07507_/X                                10     32    -22 (VIOLATED)
_07508_/X                                10     32    -22 (VIOLATED)
_07541_/Y                                10     32    -22 (VIOLATED)
_07542_/X                                10     32    -22 (VIOLATED)
_07554_/Y                                10     32    -22 (VIOLATED)
_07564_/Y                                10     32    -22 (VIOLATED)
_07578_/X                                10     32    -22 (VIOLATED)
_07634_/X                                10     32    -22 (VIOLATED)
_07711_/Y                                10     32    -22 (VIOLATED)
_09843_/X                                10     32    -22 (VIOLATED)
_09895_/Y                                10     32    -22 (VIOLATED)
_10764_/X                                10     32    -22 (VIOLATED)
_10766_/X                                10     32    -22 (VIOLATED)
_10767_/X                                10     32    -22 (VIOLATED)
_11196_/Y                                10     32    -22 (VIOLATED)
_11244_/Y                                10     32    -22 (VIOLATED)
_11245_/X                                10     32    -22 (VIOLATED)
_11458_/X                                10     32    -22 (VIOLATED)
_11501_/X                                10     32    -22 (VIOLATED)
_11821_/Y                                10     32    -22 (VIOLATED)
_11917_/Y                                10     32    -22 (VIOLATED)
_12366_/X                                10     32    -22 (VIOLATED)
_13377_/X                                10     32    -22 (VIOLATED)
_13414_/X                                10     32    -22 (VIOLATED)
_13447_/X                                10     32    -22 (VIOLATED)
_13480_/X                                10     32    -22 (VIOLATED)
_13515_/X                                10     32    -22 (VIOLATED)
_13551_/X                                10     32    -22 (VIOLATED)
_13584_/X                                10     32    -22 (VIOLATED)
_13619_/X                                10     32    -22 (VIOLATED)
_13652_/X                                10     32    -22 (VIOLATED)
_13685_/X                                10     32    -22 (VIOLATED)
_13718_/X                                10     32    -22 (VIOLATED)
_13751_/X                                10     32    -22 (VIOLATED)
_13784_/X                                10     32    -22 (VIOLATED)
_13817_/X                                10     32    -22 (VIOLATED)
_13850_/X                                10     32    -22 (VIOLATED)
_13883_/X                                10     32    -22 (VIOLATED)
_13916_/X                                10     32    -22 (VIOLATED)
_13949_/X                                10     32    -22 (VIOLATED)
_13982_/X                                10     32    -22 (VIOLATED)
_14015_/X                                10     32    -22 (VIOLATED)
_14048_/X                                10     32    -22 (VIOLATED)
_14081_/X                                10     32    -22 (VIOLATED)
_14114_/X                                10     32    -22 (VIOLATED)
_14147_/X                                10     32    -22 (VIOLATED)
_14180_/X                                10     32    -22 (VIOLATED)
_14213_/X                                10     32    -22 (VIOLATED)
_14246_/X                                10     32    -22 (VIOLATED)
_14279_/X                                10     32    -22 (VIOLATED)
_14312_/X                                10     32    -22 (VIOLATED)
_14348_/X                                10     32    -22 (VIOLATED)
_15090_/Q                                10     32    -22 (VIOLATED)
_07460_/X                                10     31    -21 (VIOLATED)
_07477_/X                                10     31    -21 (VIOLATED)
_07485_/X                                10     31    -21 (VIOLATED)
_07532_/Y                                10     31    -21 (VIOLATED)
_07555_/X                                10     31    -21 (VIOLATED)
_07569_/X                                10     31    -21 (VIOLATED)
_07571_/X                                10     31    -21 (VIOLATED)
_07573_/Y                                10     31    -21 (VIOLATED)
_07651_/Y                                10     31    -21 (VIOLATED)
_10779_/X                                10     31    -21 (VIOLATED)
_10787_/X                                10     31    -21 (VIOLATED)
_10795_/X                                10     31    -21 (VIOLATED)
_10803_/X                                10     31    -21 (VIOLATED)
_10811_/X                                10     31    -21 (VIOLATED)
_10819_/X                                10     31    -21 (VIOLATED)
_10827_/X                                10     31    -21 (VIOLATED)
_10836_/X                                10     31    -21 (VIOLATED)
_10847_/X                                10     31    -21 (VIOLATED)
_10856_/X                                10     31    -21 (VIOLATED)
_10865_/X                                10     31    -21 (VIOLATED)
_10874_/X                                10     31    -21 (VIOLATED)
_10883_/X                                10     31    -21 (VIOLATED)
_10892_/X                                10     31    -21 (VIOLATED)
_10901_/X                                10     31    -21 (VIOLATED)
_10909_/X                                10     31    -21 (VIOLATED)
_10916_/X                                10     31    -21 (VIOLATED)
_10920_/X                                10     31    -21 (VIOLATED)
_10924_/X                                10     31    -21 (VIOLATED)
_10928_/X                                10     31    -21 (VIOLATED)
_10934_/X                                10     31    -21 (VIOLATED)
_10938_/X                                10     31    -21 (VIOLATED)
_10942_/X                                10     31    -21 (VIOLATED)
_10946_/X                                10     31    -21 (VIOLATED)
_10950_/X                                10     31    -21 (VIOLATED)
_10954_/X                                10     31    -21 (VIOLATED)
_10958_/X                                10     31    -21 (VIOLATED)
_10962_/X                                10     31    -21 (VIOLATED)
_10966_/X                                10     31    -21 (VIOLATED)
_10970_/X                                10     31    -21 (VIOLATED)
_10974_/X                                10     31    -21 (VIOLATED)
_10978_/X                                10     31    -21 (VIOLATED)
_11017_/Y                                10     31    -21 (VIOLATED)
_11021_/Y                                10     31    -21 (VIOLATED)
_11251_/Y                                10     31    -21 (VIOLATED)
_12609_/Y                                10     31    -21 (VIOLATED)
_07546_/Y                                10     30    -20 (VIOLATED)
_07560_/X                                10     30    -20 (VIOLATED)
_07565_/X                                10     30    -20 (VIOLATED)
_07567_/X                                10     30    -20 (VIOLATED)
_07574_/Y                                10     30    -20 (VIOLATED)
_07580_/X                                10     30    -20 (VIOLATED)
_13191_/X                                10     30    -20 (VIOLATED)
_07190_/X                                10     29    -19 (VIOLATED)
_07266_/X                                10     29    -19 (VIOLATED)
_07336_/X                                10     29    -19 (VIOLATED)
_07544_/X                                10     29    -19 (VIOLATED)
_07549_/X                                10     29    -19 (VIOLATED)
_07558_/X                                10     29    -19 (VIOLATED)
_15091_/Q                                10     29    -19 (VIOLATED)
_15092_/Q                                10     29    -19 (VIOLATED)
_07458_/X                                10     28    -18 (VIOLATED)
_07536_/X                                10     28    -18 (VIOLATED)
_07547_/X                                10     28    -18 (VIOLATED)
_07562_/X                                10     28    -18 (VIOLATED)
_07576_/X                                10     28    -18 (VIOLATED)
_07582_/X                                10     28    -18 (VIOLATED)
_09451_/X                                10     28    -18 (VIOLATED)
_09898_/X                                10     28    -18 (VIOLATED)
_09901_/X                                10     28    -18 (VIOLATED)
_11835_/Y                                10     28    -18 (VIOLATED)
_07288_/X                                10     27    -17 (VIOLATED)
_07538_/X                                10     27    -17 (VIOLATED)
_07552_/X                                10     27    -17 (VIOLATED)
_07715_/Y                                10     27    -17 (VIOLATED)
_07407_/X                                10     26    -16 (VIOLATED)
_11831_/X                                10     26    -16 (VIOLATED)
_12334_/X                                10     26    -16 (VIOLATED)
_07354_/X                                10     25    -15 (VIOLATED)
_10602_/X                                10     25    -15 (VIOLATED)
_09452_/Y                                10     24    -14 (VIOLATED)
_11790_/X                                10     24    -14 (VIOLATED)
_11819_/Y                                10     24    -14 (VIOLATED)
_12335_/Y                                10     24    -14 (VIOLATED)
_12817_/Y                                10     24    -14 (VIOLATED)
_07708_/X                                10     23    -13 (VIOLATED)
_09855_/X                                10     23    -13 (VIOLATED)
_12608_/X                                10     23    -13 (VIOLATED)
_12745_/Y                                10     23    -13 (VIOLATED)
_14859_/Q                                10     23    -13 (VIOLATED)
_07262_/Y                                10     22    -12 (VIOLATED)
_09894_/Y                                10     22    -12 (VIOLATED)
_15087_/Q                                10     22    -12 (VIOLATED)
_07529_/X                                10     21    -11 (VIOLATED)
_07717_/Y                                10     21    -11 (VIOLATED)
_09996_/X                                10     21    -11 (VIOLATED)
_11827_/Y                                10     21    -11 (VIOLATED)
_11828_/Y                                10     21    -11 (VIOLATED)
_12780_/Y                                10     21    -11 (VIOLATED)
_14858_/Q                                10     21    -11 (VIOLATED)
_15084_/Q                                10     21    -11 (VIOLATED)
_15085_/Q                                10     21    -11 (VIOLATED)
_15086_/Q                                10     21    -11 (VIOLATED)
_07275_/X                                10     20    -10 (VIOLATED)
_09941_/Y                                10     20    -10 (VIOLATED)
_10761_/Y                                10     20    -10 (VIOLATED)
_11541_/Y                                10     20    -10 (VIOLATED)
_11904_/X                                10     20    -10 (VIOLATED)
_15133_/Q                                10     20    -10 (VIOLATED)
_07302_/Y                                10     19     -9 (VIOLATED)
_07712_/X                                10     19     -9 (VIOLATED)
_15083_/Q                                10     19     -9 (VIOLATED)
_15100_/Q                                10     19     -9 (VIOLATED)
_07263_/Y                                10     18     -8 (VIOLATED)
_07530_/Y                                10     18     -8 (VIOLATED)
_07709_/Y                                10     18     -8 (VIOLATED)
_09473_/X                                10     18     -8 (VIOLATED)
_09529_/X                                10     18     -8 (VIOLATED)
_10771_/X                                10     18     -8 (VIOLATED)
_10773_/X                                10     18     -8 (VIOLATED)
_11177_/X                                10     18     -8 (VIOLATED)
_10770_/Y                                10     17     -7 (VIOLATED)
_11820_/Y                                10     17     -7 (VIOLATED)
_12750_/X                                10     17     -7 (VIOLATED)
_14853_/Q                                10     17     -7 (VIOLATED)
_15081_/Q                                10     17     -7 (VIOLATED)
_07713_/Y                                10     16     -6 (VIOLATED)
_10915_/X                                10     16     -6 (VIOLATED)
_11362_/X                                10     16     -6 (VIOLATED)
_12754_/X                                10     16     -6 (VIOLATED)
_12797_/Y                                10     16     -6 (VIOLATED)
_14850_/Q                                10     16     -6 (VIOLATED)
_14851_/Q                                10     16     -6 (VIOLATED)
_14852_/Q                                10     16     -6 (VIOLATED)
_15067_/Q                                10     16     -6 (VIOLATED)
_10763_/X                                10     15     -5 (VIOLATED)
_12816_/Y                                10     15     -5 (VIOLATED)
_12829_/X                                10     15     -5 (VIOLATED)
_15097_/Q                                10     15     -5 (VIOLATED)
_07319_/X                                10     14     -4 (VIOLATED)
_09738_/Y                                10     14     -4 (VIOLATED)
_12771_/X                                10     14     -4 (VIOLATED)
_14792_/Q                                10     14     -4 (VIOLATED)
_15082_/Q                                10     14     -4 (VIOLATED)
_15096_/Q                                10     14     -4 (VIOLATED)
_15098_/Q                                10     14     -4 (VIOLATED)
_07408_/Y                                10     13     -3 (VIOLATED)
_07714_/X                                10     13     -3 (VIOLATED)
_07718_/X                                10     13     -3 (VIOLATED)
_10006_/X                                10     13     -3 (VIOLATED)
_10030_/X                                10     13     -3 (VIOLATED)
_10048_/X                                10     13     -3 (VIOLATED)
_10123_/X                                10     13     -3 (VIOLATED)
_10197_/X                                10     13     -3 (VIOLATED)
_10580_/X                                10     13     -3 (VIOLATED)
_11921_/X                                10     13     -3 (VIOLATED)
_12740_/X                                10     13     -3 (VIOLATED)
_12748_/X                                10     13     -3 (VIOLATED)
_12758_/X                                10     13     -3 (VIOLATED)
_12773_/X                                10     13     -3 (VIOLATED)
_12782_/X                                10     13     -3 (VIOLATED)
_12788_/X                                10     13     -3 (VIOLATED)
_12840_/X                                10     13     -3 (VIOLATED)
_14458_/Q                                10     13     -3 (VIOLATED)
_15074_/Q                                10     13     -3 (VIOLATED)
_15099_/Q                                10     13     -3 (VIOLATED)
_07166_/X                                10     12     -2 (VIOLATED)
_07170_/Y                                10     12     -2 (VIOLATED)
_07265_/X                                10     12     -2 (VIOLATED)
_07278_/X                                10     12     -2 (VIOLATED)
_07332_/X                                10     12     -2 (VIOLATED)
_07441_/Y                                10     12     -2 (VIOLATED)
_08307_/X                                10     12     -2 (VIOLATED)
_10067_/Y                                10     12     -2 (VIOLATED)
_10086_/X                                10     12     -2 (VIOLATED)
_10272_/X                                10     12     -2 (VIOLATED)
_10314_/Y                                10     12     -2 (VIOLATED)
_10333_/X                                10     12     -2 (VIOLATED)
_10353_/X                                10     12     -2 (VIOLATED)
_10372_/Y                                10     12     -2 (VIOLATED)
_10392_/X                                10     12     -2 (VIOLATED)
_10412_/Y                                10     12     -2 (VIOLATED)
_10478_/Y                                10     12     -2 (VIOLATED)
_10559_/X                                10     12     -2 (VIOLATED)
_11909_/X                                10     12     -2 (VIOLATED)
_12767_/X                                10     12     -2 (VIOLATED)
_12791_/X                                10     12     -2 (VIOLATED)
_12849_/Y                                10     12     -2 (VIOLATED)
_13548_/X                                10     12     -2 (VIOLATED)
_14459_/Q                                10     12     -2 (VIOLATED)
_15095_/Q                                10     12     -2 (VIOLATED)
_07194_/Y                                10     11        (VIOLATED)
_07375_/X                                10     11        (VIOLATED)
_08306_/X                                10     11        (VIOLATED)
_09963_/X                                10     11        (VIOLATED)
_10252_/X                                10     11        (VIOLATED)
_10433_/X                                10     11        (VIOLATED)
_10457_/X                                10     11        (VIOLATED)
_10519_/X                                10     11        (VIOLATED)
_10539_/Y                                10     11        (VIOLATED)
_10598_/X                                10     11        (VIOLATED)
_11925_/X                                10     11        (VIOLATED)
_12764_/X                                10     11        (VIOLATED)
_15075_/Q                                10     11        (VIOLATED)
_15094_/Q                                10     11        (VIOLATED)
_15134_/Q                                10     11        (VIOLATED)

max capacitance

Pin                                        Limit         Cap       Slack
------------------------------------------------------------------------
rst_ni                                  0.200000    6.756588   -6.556588 (VIOLATED)
_07651_/Y                               0.141917    0.278187   -0.136270 (VIOLATED)
_09352_/Y                               0.141917    0.266730   -0.124813 (VIOLATED)
_07191_/Y                               0.141917    0.259820   -0.117903 (VIOLATED)
_09416_/Y                               0.128184    0.218331   -0.090147 (VIOLATED)
_10094_/X                               0.200000    0.273325   -0.073325 (VIOLATED)
_09909_/X                               0.200000    0.264292   -0.064292 (VIOLATED)
_10601_/X                               0.200000    0.261303   -0.061303 (VIOLATED)
_09878_/X                               0.200000    0.254586   -0.054586 (VIOLATED)
_09847_/X                               0.200000    0.234920   -0.034920 (VIOLATED)
_07176_/Y                               0.141917    0.176738   -0.034821 (VIOLATED)



===========================================================================
report_parasitic_annotation -report_unannotated
============================================================================
Found 9997 unannotated drivers.
 boot_addr_i[0]
 boot_addr_i[10]
 boot_addr_i[11]
 boot_addr_i[12]
 boot_addr_i[13]
 boot_addr_i[14]
 boot_addr_i[15]
 boot_addr_i[16]
 boot_addr_i[17]
 boot_addr_i[18]
 boot_addr_i[19]
 boot_addr_i[1]
 boot_addr_i[20]
 boot_addr_i[21]
 boot_addr_i[22]
 boot_addr_i[23]
 boot_addr_i[24]
 boot_addr_i[25]
 boot_addr_i[26]
 boot_addr_i[27]
 boot_addr_i[28]
 boot_addr_i[29]
 boot_addr_i[2]
 boot_addr_i[30]
 boot_addr_i[31]
 boot_addr_i[3]
 boot_addr_i[4]
 boot_addr_i[5]
 boot_addr_i[6]
 boot_addr_i[7]
 boot_addr_i[8]
 boot_addr_i[9]
 cheriot_enable_i[0]
 cheriot_enable_i[1]
 cheriot_enable_i[2]
 cheriot_enable_i[3]
 clk_i
 data_err_i
 data_gnt_i
 data_rdata_i[0]
 data_rdata_i[10]
 data_rdata_i[11]
 data_rdata_i[12]
 data_rdata_i[13]
 data_rdata_i[14]
 data_rdata_i[15]
 data_rdata_i[16]
 data_rdata_i[17]
 data_rdata_i[18]
 data_rdata_i[19]
 data_rdata_i[1]
 data_rdata_i[20]
 data_rdata_i[21]
 data_rdata_i[22]
 data_rdata_i[23]
 data_rdata_i[24]
 data_rdata_i[25]
 data_rdata_i[26]
 data_rdata_i[27]
 data_rdata_i[28]
 data_rdata_i[29]
 data_rdata_i[2]
 data_rdata_i[30]
 data_rdata_i[31]
 data_rdata_i[3]
 data_rdata_i[4]
 data_rdata_i[5]
 data_rdata_i[6]
 data_rdata_i[7]
 data_rdata_i[8]
 data_rdata_i[9]
 data_rdata_intg_i[0]
 data_rdata_intg_i[1]
 data_rdata_intg_i[2]
 data_rdata_intg_i[3]
 data_rdata_intg_i[4]
 data_rdata_intg_i[5]
 data_rdata_intg_i[6]
 data_rvalid_i
 data_tag_i
 debug_req_i
 fetch_enable_i[0]
 fetch_enable_i[1]
 fetch_enable_i[2]
 fetch_enable_i[3]
 hart_id_i[0]
 hart_id_i[10]
 hart_id_i[11]
 hart_id_i[12]
 hart_id_i[13]
 hart_id_i[14]
 hart_id_i[15]
 hart_id_i[16]
 hart_id_i[17]
 hart_id_i[18]
 hart_id_i[19]
 hart_id_i[1]
 hart_id_i[20]
 hart_id_i[21]
 hart_id_i[22]
 hart_id_i[23]
 hart_id_i[24]
 hart_id_i[25]
 hart_id_i[26]
 hart_id_i[27]
 hart_id_i[28]
 hart_id_i[29]
 hart_id_i[2]
 hart_id_i[30]
 hart_id_i[31]
 hart_id_i[3]
 hart_id_i[4]
 hart_id_i[5]
 hart_id_i[6]
 hart_id_i[7]
 hart_id_i[8]
 hart_id_i[9]
 instr_err_i
 instr_gnt_i
 instr_rdata_i[0]
 instr_rdata_i[10]
 instr_rdata_i[11]
 instr_rdata_i[12]
 instr_rdata_i[13]
 instr_rdata_i[14]
 instr_rdata_i[15]
 instr_rdata_i[16]
 instr_rdata_i[17]
 instr_rdata_i[18]
 instr_rdata_i[19]
 instr_rdata_i[1]
 instr_rdata_i[20]
 instr_rdata_i[21]
 instr_rdata_i[22]
 instr_rdata_i[23]
 instr_rdata_i[24]
 instr_rdata_i[25]
 instr_rdata_i[26]
 instr_rdata_i[27]
 instr_rdata_i[28]
 instr_rdata_i[29]
 instr_rdata_i[2]
 instr_rdata_i[30]
 instr_rdata_i[31]
 instr_rdata_i[3]
 instr_rdata_i[4]
 instr_rdata_i[5]
 instr_rdata_i[6]
 instr_rdata_i[7]
 instr_rdata_i[8]
 instr_rdata_i[9]
 instr_rdata_intg_i[0]
 instr_rdata_intg_i[1]
 instr_rdata_intg_i[2]
 instr_rdata_intg_i[3]
 instr_rdata_intg_i[4]
 instr_rdata_intg_i[5]
 instr_rdata_intg_i[6]
 instr_rvalid_i
 irq_external_i
 irq_fast_i[0]
 irq_fast_i[10]
 irq_fast_i[11]
 irq_fast_i[12]
 irq_fast_i[13]
 irq_fast_i[14]
 irq_fast_i[1]
 irq_fast_i[2]
 irq_fast_i[3]
 irq_fast_i[4]
 irq_fast_i[5]
 irq_fast_i[6]
 irq_fast_i[7]
 irq_fast_i[8]
 irq_fast_i[9]
 irq_nm_i
 irq_software_i
 irq_timer_i
 mcounteren_writable_i[0]
 mcounteren_writable_i[1]
 mcounteren_writable_i[2]
 mcounteren_writable_i[3]
 ram_cfg_icache_data_i[0]
 ram_cfg_icache_data_i[10]
 ram_cfg_icache_data_i[11]
 ram_cfg_icache_data_i[12]
 ram_cfg_icache_data_i[13]
 ram_cfg_icache_data_i[14]
 ram_cfg_icache_data_i[15]
 ram_cfg_icache_data_i[16]
 ram_cfg_icache_data_i[17]
 ram_cfg_icache_data_i[18]
 ram_cfg_icache_data_i[19]
 ram_cfg_icache_data_i[1]
 ram_cfg_icache_data_i[20]
 ram_cfg_icache_data_i[21]
 ram_cfg_icache_data_i[22]
 ram_cfg_icache_data_i[23]
 ram_cfg_icache_data_i[2]
 ram_cfg_icache_data_i[3]
 ram_cfg_icache_data_i[4]
 ram_cfg_icache_data_i[5]
 ram_cfg_icache_data_i[6]
 ram_cfg_icache_data_i[7]
 ram_cfg_icache_data_i[8]
 ram_cfg_icache_data_i[9]
 ram_cfg_icache_tag_i[0]
 ram_cfg_icache_tag_i[10]
 ram_cfg_icache_tag_i[11]
 ram_cfg_icache_tag_i[12]
 ram_cfg_icache_tag_i[13]
 ram_cfg_icache_tag_i[14]
 ram_cfg_icache_tag_i[15]
 ram_cfg_icache_tag_i[16]
 ram_cfg_icache_tag_i[17]
 ram_cfg_icache_tag_i[18]
 ram_cfg_icache_tag_i[19]
 ram_cfg_icache_tag_i[1]
 ram_cfg_icache_tag_i[20]
 ram_cfg_icache_tag_i[21]
 ram_cfg_icache_tag_i[22]
 ram_cfg_icache_tag_i[23]
 ram_cfg_icache_tag_i[2]
 ram_cfg_icache_tag_i[3]
 ram_cfg_icache_tag_i[4]
 ram_cfg_icache_tag_i[5]
 ram_cfg_icache_tag_i[6]
 ram_cfg_icache_tag_i[7]
 ram_cfg_icache_tag_i[8]
 ram_cfg_icache_tag_i[9]
 rst_ni
 scan_rst_ni
 scramble_key_i[0]
 scramble_key_i[100]
 scramble_key_i[101]
 scramble_key_i[102]
 scramble_key_i[103]
 scramble_key_i[104]
 scramble_key_i[105]
 scramble_key_i[106]
 scramble_key_i[107]
 scramble_key_i[108]
 scramble_key_i[109]
 scramble_key_i[10]
 scramble_key_i[110]
 scramble_key_i[111]
 scramble_key_i[112]
 scramble_key_i[113]
 scramble_key_i[114]
 scramble_key_i[115]
 scramble_key_i[116]
 scramble_key_i[117]
 scramble_key_i[118]
 scramble_key_i[119]
 scramble_key_i[11]
 scramble_key_i[120]
 scramble_key_i[121]
 scramble_key_i[122]
 scramble_key_i[123]
 scramble_key_i[124]
 scramble_key_i[125]
 scramble_key_i[126]
 scramble_key_i[127]
 scramble_key_i[12]
 scramble_key_i[13]
 scramble_key_i[14]
 scramble_key_i[15]
 scramble_key_i[16]
 scramble_key_i[17]
 scramble_key_i[18]
 scramble_key_i[19]
 scramble_key_i[1]
 scramble_key_i[20]
 scramble_key_i[21]
 scramble_key_i[22]
 scramble_key_i[23]
 scramble_key_i[24]
 scramble_key_i[25]
 scramble_key_i[26]
 scramble_key_i[27]
 scramble_key_i[28]
 scramble_key_i[29]
 scramble_key_i[2]
 scramble_key_i[30]
 scramble_key_i[31]
 scramble_key_i[32]
 scramble_key_i[33]
 scramble_key_i[34]
 scramble_key_i[35]
 scramble_key_i[36]
 scramble_key_i[37]
 scramble_key_i[38]
 scramble_key_i[39]
 scramble_key_i[3]
 scramble_key_i[40]
 scramble_key_i[41]
 scramble_key_i[42]
 scramble_key_i[43]
 scramble_key_i[44]
 scramble_key_i[45]
 scramble_key_i[46]
 scramble_key_i[47]
 scramble_key_i[48]
 scramble_key_i[49]
 scramble_key_i[4]
 scramble_key_i[50]
 scramble_key_i[51]
 scramble_key_i[52]
 scramble_key_i[53]
 scramble_key_i[54]
 scramble_key_i[55]
 scramble_key_i[56]
 scramble_key_i[57]
 scramble_key_i[58]
 scramble_key_i[59]
 scramble_key_i[5]
 scramble_key_i[60]
 scramble_key_i[61]
 scramble_key_i[62]
 scramble_key_i[63]
 scramble_key_i[64]
 scramble_key_i[65]
 scramble_key_i[66]
 scramble_key_i[67]
 scramble_key_i[68]
 scramble_key_i[69]
 scramble_key_i[6]
 scramble_key_i[70]
 scramble_key_i[71]
 scramble_key_i[72]
 scramble_key_i[73]
 scramble_key_i[74]
 scramble_key_i[75]
 scramble_key_i[76]
 scramble_key_i[77]
 scramble_key_i[78]
 scramble_key_i[79]
 scramble_key_i[7]
 scramble_key_i[80]
 scramble_key_i[81]
 scramble_key_i[82]
 scramble_key_i[83]
 scramble_key_i[84]
 scramble_key_i[85]
 scramble_key_i[86]
 scramble_key_i[87]
 scramble_key_i[88]
 scramble_key_i[89]
 scramble_key_i[8]
 scramble_key_i[90]
 scramble_key_i[91]
 scramble_key_i[92]
 scramble_key_i[93]
 scramble_key_i[94]
 scramble_key_i[95]
 scramble_key_i[96]
 scramble_key_i[97]
 scramble_key_i[98]
 scramble_key_i[99]
 scramble_key_i[9]
 scramble_key_valid_i
 scramble_nonce_i[0]
 scramble_nonce_i[10]
 scramble_nonce_i[11]
 scramble_nonce_i[12]
 scramble_nonce_i[13]
 scramble_nonce_i[14]
 scramble_nonce_i[15]
 scramble_nonce_i[16]
 scramble_nonce_i[17]
 scramble_nonce_i[18]
 scramble_nonce_i[19]
 scramble_nonce_i[1]
 scramble_nonce_i[20]
 scramble_nonce_i[21]
 scramble_nonce_i[22]
 scramble_nonce_i[23]
 scramble_nonce_i[24]
 scramble_nonce_i[25]
 scramble_nonce_i[26]
 scramble_nonce_i[27]
 scramble_nonce_i[28]
 scramble_nonce_i[29]
 scramble_nonce_i[2]
 scramble_nonce_i[30]
 scramble_nonce_i[31]
 scramble_nonce_i[32]
 scramble_nonce_i[33]
 scramble_nonce_i[34]
 scramble_nonce_i[35]
 scramble_nonce_i[36]
 scramble_nonce_i[37]
 scramble_nonce_i[38]
 scramble_nonce_i[39]
 scramble_nonce_i[3]
 scramble_nonce_i[40]
 scramble_nonce_i[41]
 scramble_nonce_i[42]
 scramble_nonce_i[43]
 scramble_nonce_i[44]
 scramble_nonce_i[45]
 scramble_nonce_i[46]
 scramble_nonce_i[47]
 scramble_nonce_i[48]
 scramble_nonce_i[49]
 scramble_nonce_i[4]
 scramble_nonce_i[50]
 scramble_nonce_i[51]
 scramble_nonce_i[52]
 scramble_nonce_i[53]
 scramble_nonce_i[54]
 scramble_nonce_i[55]
 scramble_nonce_i[56]
 scramble_nonce_i[57]
 scramble_nonce_i[58]
 scramble_nonce_i[59]
 scramble_nonce_i[5]
 scramble_nonce_i[60]
 scramble_nonce_i[61]
 scramble_nonce_i[62]
 scramble_nonce_i[63]
 scramble_nonce_i[6]
 scramble_nonce_i[7]
 scramble_nonce_i[8]
 scramble_nonce_i[9]
 test_en_i
 trvk_heap_base_addr_i[0]
 trvk_heap_base_addr_i[10]
 trvk_heap_base_addr_i[11]
 trvk_heap_base_addr_i[12]
 trvk_heap_base_addr_i[13]
 trvk_heap_base_addr_i[14]
 trvk_heap_base_addr_i[15]
 trvk_heap_base_addr_i[16]
 trvk_heap_base_addr_i[17]
 trvk_heap_base_addr_i[18]
 trvk_heap_base_addr_i[19]
 trvk_heap_base_addr_i[1]
 trvk_heap_base_addr_i[20]
 trvk_heap_base_addr_i[21]
 trvk_heap_base_addr_i[22]
 trvk_heap_base_addr_i[23]
 trvk_heap_base_addr_i[24]
 trvk_heap_base_addr_i[25]
 trvk_heap_base_addr_i[26]
 trvk_heap_base_addr_i[27]
 trvk_heap_base_addr_i[28]
 trvk_heap_base_addr_i[29]
 trvk_heap_base_addr_i[2]
 trvk_heap_base_addr_i[30]
 trvk_heap_base_addr_i[31]
 trvk_heap_base_addr_i[3]
 trvk_heap_base_addr_i[4]
 trvk_heap_base_addr_i[5]
 trvk_heap_base_addr_i[6]
 trvk_heap_base_addr_i[7]
 trvk_heap_base_addr_i[8]
 trvk_heap_base_addr_i[9]
 trvk_revbm_err_i
 trvk_revbm_gnt_i
 trvk_revbm_rdata_i[0]
 trvk_revbm_rdata_i[10]
 trvk_revbm_rdata_i[11]
 trvk_revbm_rdata_i[12]
 trvk_revbm_rdata_i[13]
 trvk_revbm_rdata_i[14]
 trvk_revbm_rdata_i[15]
 trvk_revbm_rdata_i[16]
 trvk_revbm_rdata_i[17]
 trvk_revbm_rdata_i[18]
 trvk_revbm_rdata_i[19]
 trvk_revbm_rdata_i[1]
 trvk_revbm_rdata_i[20]
 trvk_revbm_rdata_i[21]
 trvk_revbm_rdata_i[22]
 trvk_revbm_rdata_i[23]
 trvk_revbm_rdata_i[24]
 trvk_revbm_rdata_i[25]
 trvk_revbm_rdata_i[26]
 trvk_revbm_rdata_i[27]
 trvk_revbm_rdata_i[28]
 trvk_revbm_rdata_i[29]
 trvk_revbm_rdata_i[2]
 trvk_revbm_rdata_i[30]
 trvk_revbm_rdata_i[31]
 trvk_revbm_rdata_i[3]
 trvk_revbm_rdata_i[4]
 trvk_revbm_rdata_i[5]
 trvk_revbm_rdata_i[6]
 trvk_revbm_rdata_i[7]
 trvk_revbm_rdata_i[8]
 trvk_revbm_rdata_i[9]
 trvk_revbm_rdata_intg_i[0]
 trvk_revbm_rdata_intg_i[1]
 trvk_revbm_rdata_intg_i[2]
 trvk_revbm_rdata_intg_i[3]
 trvk_revbm_rdata_intg_i[4]
 trvk_revbm_rdata_intg_i[5]
 trvk_revbm_rdata_intg_i[6]
 trvk_revbm_rvalid_i
 _07127_/Y
 _07128_/Y
 _07129_/Y
 _07130_/Y
 _07131_/Y
 _07132_/Y
 _07133_/Y
 _07134_/Y
 _07135_/Y
 _07136_/Y
 _07137_/Y
 _07138_/Y
 _07139_/Y
 _07140_/Y
 _07141_/Y
 _07142_/Y
 _07143_/Y
 _07144_/Y
 _07145_/Y
 _07146_/Y
 _07147_/Y
 _07148_/Y
 _07149_/Y
 _07150_/Y
 _07151_/X
 _07152_/X
 _07153_/X
 _07154_/Y
 _07155_/X
 _07156_/X
 _07157_/Y
 _07158_/X
 _07159_/X
 _07160_/Y
 _07161_/X
 _07162_/X
 _07163_/X
 _07164_/X
 _07165_/Y
 _07166_/X
 _07167_/X
 _07168_/Y
 _07169_/Y
 _07170_/Y
 _07171_/Y
 _07172_/X
 _07173_/Y
 _07174_/X
 _07175_/X
 _07176_/Y
 _07177_/Y
 _07178_/Y
 _07179_/X
 _07180_/Y
 _07181_/Y
 _07182_/Y
 _07183_/X
 _07184_/X
 _07185_/Y
 _07186_/X
 _07187_/X
 _07188_/X
 _07189_/X
 _07190_/X
 _07191_/Y
 _07192_/X
 _07193_/X
 _07194_/Y
 _07195_/Y
 _07196_/Y
 _07197_/Y
 _07198_/X
 _07199_/Y
 _07200_/X
 _07201_/Y
 _07202_/X
 _07203_/X
 _07204_/X
 _07205_/Y
 _07206_/X
 _07207_/X
 _07208_/Y
 _07209_/X
 _07210_/Y
 _07211_/X
 _07212_/X
 _07213_/Y
 _07214_/X
 _07215_/X
 _07216_/X
 _07217_/Y
 _07218_/Y
 _07219_/X
 _07220_/X
 _07221_/Y
 _07222_/Y
 _07223_/X
 _07224_/X
 _07225_/X
 _07226_/X
 _07227_/Y
 _07228_/X
 _07229_/X
 _07230_/X
 _07231_/Y
 _07232_/Y
 _07233_/X
 _07234_/Y
 _07235_/Y
 _07236_/X
 _07237_/Y
 _07238_/X
 _07239_/Y
 _07240_/Y
 _07241_/X
 _07242_/X
 _07243_/Y
 _07244_/X
 _07245_/X
 _07246_/Y
 _07247_/X
 _07248_/Y
 _07249_/X
 _07250_/X
 _07251_/X
 _07252_/X
 _07253_/X
 _07254_/X
 _07255_/X
 _07256_/X
 _07257_/X
 _07258_/X
 _07259_/X
 _07260_/X
 _07261_/X
 _07262_/Y
 _07263_/Y
 _07264_/Y
 _07265_/X
 _07266_/X
 _07267_/Y
 _07268_/X
 _07269_/Y
 _07270_/Y
 _07271_/X
 _07272_/X
 _07273_/X
 _07274_/Y
 _07275_/X
 _07276_/Y
 _07277_/X
 _07278_/X
 _07279_/X
 _07280_/X
 _07281_/Y
 _07282_/Y
 _07283_/X
 _07284_/X
 _07285_/Y
 _07286_/X
 _07287_/X
 _07288_/X
 _07289_/X
 _07290_/X
 _07291_/Y
 _07292_/Y
 _07293_/X
 _07294_/X
 _07295_/Y
 _07296_/X
 _07297_/Y
 _07298_/X
 _07299_/X
 _07300_/X
 _07301_/X
 _07302_/Y
 _07303_/Y
 _07304_/X
 _07305_/X
 _07306_/X
 _07307_/X
 _07308_/Y
 _07309_/X
 _07310_/X
 _07311_/X
 _07312_/Y
 _07313_/X
 _07314_/X
 _07315_/Y
 _07316_/X
 _07317_/Y
 _07318_/X
 _07319_/X
 _07320_/X
 _07321_/X
 _07322_/X
 _07323_/X
 _07324_/X
 _07325_/X
 _07326_/X
 _07327_/X
 _07328_/X
 _07329_/X
 _07330_/X
 _07331_/Y
 _07332_/X
 _07333_/X
 _07334_/X
 _07335_/X
 _07336_/X
 _07337_/X
 _07338_/X
 _07339_/X
 _07340_/X
 _07341_/X
 _07342_/Y
 _07343_/X
 _07344_/Y
 _07345_/X
 _07346_/Y
 _07347_/Y
 _07348_/Y
 _07349_/Y
 _07350_/Y
 _07351_/Y
 _07352_/Y
 _07353_/X
 _07354_/X
 _07355_/X
 _07356_/Y
 _07357_/Y
 _07358_/X
 _07359_/X
 _07360_/Y
 _07361_/X
 _07362_/X
 _07363_/Y
 _07364_/Y
 _07365_/Y
 _07366_/X
 _07367_/X
 _07368_/Y
 _07369_/Y
 _07370_/Y
 _07371_/X
 _07372_/Y
 _07373_/X
 _07374_/Y
 _07375_/X
 _07376_/X
 _07377_/Y
 _07378_/Y
 _07379_/X
 _07380_/Y
 _07381_/Y
 _07382_/Y
 _07383_/Y
 _07384_/Y
 _07385_/X
 _07386_/Y
 _07387_/Y
 _07388_/X
 _07389_/X
 _07390_/Y
 _07391_/X
 _07392_/X
 _07393_/Y
 _07394_/X
 _07395_/Y
 _07396_/X
 _07397_/X
 _07398_/X
 _07399_/X
 _07400_/X
 _07401_/X
 _07402_/X
 _07403_/X
 _07404_/X
 _07405_/Y
 _07406_/X
 _07407_/X
 _07408_/Y
 _07409_/Y
 _07410_/Y
 _07411_/X
 _07412_/Y
 _07413_/X
 _07414_/X
 _07415_/Y
 _07416_/Y
 _07417_/X
 _07418_/Y
 _07419_/Y
 _07420_/X
 _07421_/X
 _07422_/Y
 _07423_/X
 _07424_/X
 _07425_/X
 _07426_/X
 _07427_/Y
 _07428_/X
 _07429_/X
 _07430_/X
 _07431_/X
 _07432_/Y
 _07433_/Y
 _07434_/X
 _07435_/X
 _07436_/Y
 _07437_/Y
 _07438_/X
 _07439_/Y
 _07440_/Y
 _07441_/Y
 _07442_/X
 _07443_/X
 _07444_/X
 _07445_/Y
 _07446_/X
 _07447_/X
 _07448_/Y
 _07449_/X
 _07450_/Y
 _07451_/X
 _07452_/Y
 _07453_/X
 _07454_/X
 _07455_/X
 _07456_/X
 _07457_/Y
 _07458_/X
 _07459_/X
 _07460_/X
 _07461_/Y
 _07462_/X
 _07463_/X
 _07464_/X
 _07465_/X
 _07466_/X
 _07467_/X
 _07468_/X
 _07469_/X
 _07470_/X
 _07471_/X
 _07472_/X
 _07473_/X
 _07474_/Y
 _07475_/X
 _07476_/X
 _07477_/X
 _07478_/X
 _07479_/X
 _07480_/X
 _07481_/X
 _07482_/X
 _07483_/X
 _07484_/Y
 _07485_/X
 _07486_/X
 _07487_/Y
 _07488_/X
 _07489_/X
 _07490_/X
 _07491_/X
 _07492_/X
 _07493_/X
 _07494_/X
 _07495_/X
 _07496_/X
 _07497_/Y
 _07498_/X
 _07499_/X
 _07500_/X
 _07501_/X
 _07502_/X
 _07503_/X
 _07504_/X
 _07505_/X
 _07506_/X
 _07507_/X
 _07508_/X
 _07509_/X
 _07510_/X
 _07511_/X
 _07512_/X
 _07513_/X
 _07514_/X
 _07515_/X
 _07516_/X
 _07517_/X
 _07518_/X
 _07519_/X
 _07520_/X
 _07521_/X
 _07522_/X
 _07523_/X
 _07524_/X
 _07525_/X
 _07526_/X
 _07527_/X
 _07528_/Y
 _07529_/X
 _07530_/Y
 _07531_/X
 _07532_/Y
 _07533_/X
 _07534_/X
 _07535_/X
 _07536_/X
 _07537_/X
 _07538_/X
 _07539_/X
 _07540_/X
 _07541_/Y
 _07542_/X
 _07543_/X
 _07544_/X
 _07545_/X
 _07546_/Y
 _07547_/X
 _07548_/X
 _07549_/X
 _07550_/X
 _07551_/X
 _07552_/X
 _07553_/X
 _07554_/Y
 _07555_/X
 _07556_/X
 _07557_/X
 _07558_/X
 _07559_/X
 _07560_/X
 _07561_/X
 _07562_/X
 _07563_/X
 _07564_/Y
 _07565_/X
 _07566_/X
 _07567_/X
 _07568_/X
 _07569_/X
 _07570_/X
 _07571_/X
 _07572_/X
 _07573_/Y
 _07574_/Y
 _07575_/X
 _07576_/X
 _07577_/X
 _07578_/X
 _07579_/X
 _07580_/X
 _07581_/X
 _07582_/X
 _07583_/X
 _07584_/X
 _07585_/X
 _07586_/X
 _07587_/X
 _07588_/X
 _07589_/X
 _07590_/X
 _07591_/X
 _07592_/X
 _07593_/X
 _07594_/X
 _07595_/X
 _07596_/Y
 _07597_/Y
 _07598_/X
 _07599_/X
 _07600_/X
 _07601_/Y
 _07602_/X
 _07603_/X
 _07604_/Y
 _07605_/Y
 _07606_/Y
 _07607_/X
 _07608_/X
 _07609_/Y
 _07610_/X
 _07611_/Y
 _07612_/X
 _07613_/Y
 _07614_/X
 _07615_/X
 _07616_/X
 _07617_/X
 _07618_/X
 _07619_/X
 _07620_/Y
 _07621_/X
 _07622_/X
 _07623_/Y
 _07624_/X
 _07625_/Y
 _07626_/Y
 _07627_/X
 _07628_/Y
 _07629_/Y
 _07630_/X
 _07631_/Y
 _07632_/X
 _07633_/Y
 _07634_/X
 _07635_/X
 _07636_/X
 _07637_/X
 _07638_/X
 _07639_/X
 _07640_/X
 _07641_/Y
 _07642_/X
 _07643_/X
 _07644_/X
 _07645_/X
 _07646_/X
 _07647_/X
 _07648_/X
 _07649_/Y
 _07650_/X
 _07651_/Y
 _07652_/X
 _07653_/Y
 _07654_/X
 _07655_/X
 _07656_/X
 _07657_/X
 _07658_/X
 _07659_/X
 _07660_/X
 _07661_/X
 _07662_/X
 _07663_/X
 _07664_/X
 _07665_/X
 _07666_/X
 _07667_/X
 _07668_/X
 _07669_/X
 _07670_/X
 _07671_/X
 _07672_/X
 _07673_/X
 _07674_/X
 _07675_/X
 _07676_/X
 _07677_/X
 _07678_/X
 _07679_/X
 _07680_/X
 _07681_/X
 _07682_/X
 _07683_/X
 _07684_/X
 _07685_/X
 _07686_/X
 _07687_/X
 _07688_/X
 _07689_/X
 _07690_/X
 _07691_/X
 _07692_/X
 _07693_/X
 _07694_/X
 _07695_/X
 _07696_/X
 _07697_/X
 _07698_/X
 _07699_/X
 _07700_/X
 _07701_/X
 _07702_/X
 _07703_/X
 _07704_/X
 _07705_/X
 _07706_/X
 _07707_/X
 _07708_/X
 _07709_/Y
 _07710_/X
 _07711_/Y
 _07712_/X
 _07713_/Y
 _07714_/X
 _07715_/Y
 _07716_/Y
 _07717_/Y
 _07718_/X
 _07719_/Y
 _07720_/Y
 _07721_/Y
 _07722_/X
 _07723_/Y
 _07724_/X
 _07725_/X
 _07726_/X
 _07727_/Y
 _07728_/X
 _07729_/Y
 _07730_/X
 _07731_/X
 _07732_/X
 _07733_/X
 _07734_/X
 _07735_/X
 _07736_/X
 _07737_/X
 _07738_/X
 _07739_/X
 _07740_/X
 _07741_/X
 _07742_/X
 _07743_/X
 _07744_/X
 _07745_/X
 _07746_/X
 _07747_/X
 _07748_/X
 _07749_/X
 _07750_/X
 _07751_/X
 _07752_/X
 _07753_/Y
 _07754_/Y
 _07755_/X
 _07756_/X
 _07757_/X
 _07758_/X
 _07759_/X
 _07760_/X
 _07761_/X
 _07762_/X
 _07763_/X
 _07764_/X
 _07765_/X
 _07766_/X
 _07767_/X
 _07768_/X
 _07769_/X
 _07770_/X
 _07771_/X
 _07772_/X
 _07773_/X
 _07774_/X
 _07775_/Y
 _07776_/Y
 _07777_/Y
 _07778_/X
 _07779_/X
 _07780_/X
 _07781_/Y
 _07782_/X
 _07783_/X
 _07784_/X
 _07785_/X
 _07786_/X
 _07787_/X
 _07788_/X
 _07789_/X
 _07790_/X
 _07791_/X
 _07792_/X
 _07793_/X
 _07794_/X
 _07795_/X
 _07796_/X
 _07797_/X
 _07798_/X
 _07799_/X
 _07800_/X
 _07801_/X
 _07802_/X
 _07803_/X
 _07804_/X
 _07805_/X
 _07806_/X
 _07807_/X
 _07808_/X
 _07809_/X
 _07810_/X
 _07811_/X
 _07812_/X
 _07813_/X
 _07814_/X
 _07815_/X
 _07816_/X
 _07817_/X
 _07818_/X
 _07819_/X
 _07820_/X
 _07821_/X
 _07822_/X
 _07823_/X
 _07824_/X
 _07825_/X
 _07826_/X
 _07827_/Y
 _07828_/Y
 _07829_/Y
 _07830_/X
 _07831_/X
 _07832_/X
 _07833_/X
 _07834_/Y
 _07835_/Y
 _07836_/X
 _07837_/X
 _07838_/X
 _07839_/X
 _07840_/X
 _07841_/X
 _07842_/X
 _07843_/X
 _07844_/X
 _07845_/X
 _07846_/X
 _07847_/X
 _07848_/X
 _07849_/X
 _07850_/X
 _07851_/X
 _07852_/X
 _07853_/X
 _07854_/X
 _07855_/X
 _07856_/X
 _07857_/X
 _07858_/X
 _07859_/X
 _07860_/Y
 _07861_/X
 _07862_/X
 _07863_/X
 _07864_/X
 _07865_/X
 _07866_/X
 _07867_/X
 _07868_/X
 _07869_/X
 _07870_/X
 _07871_/X
 _07872_/X
 _07873_/X
 _07874_/X
 _07875_/X
 _07876_/X
 _07877_/Y
 _07878_/X
 _07879_/X
 _07880_/Y
 _07881_/X
 _07882_/X
 _07883_/Y
 _07884_/Y
 _07885_/Y
 _07886_/Y
 _07887_/Y
 _07888_/X
 _07889_/X
 _07890_/Y
 _07891_/Y
 _07892_/X
 _07893_/Y
 _07894_/X
 _07895_/X
 _07896_/X
 _07897_/X
 _07898_/X
 _07899_/X
 _07900_/X
 _07901_/X
 _07902_/X
 _07903_/X
 _07904_/X
 _07905_/X
 _07906_/X
 _07907_/X
 _07908_/X
 _07909_/X
 _07910_/X
 _07911_/X
 _07912_/X
 _07913_/X
 _07914_/X
 _07915_/Y
 _07916_/X
 _07917_/X
 _07918_/X
 _07919_/X
 _07920_/X
 _07921_/X
 _07922_/X
 _07923_/X
 _07924_/X
 _07925_/X
 _07926_/X
 _07927_/X
 _07928_/X
 _07929_/X
 _07930_/X
 _07931_/X
 _07932_/X
 _07933_/X
 _07934_/X
 _07935_/X
 _07936_/X
 _07937_/X
 _07938_/Y
 _07939_/Y
 _07940_/Y
 _07941_/Y
 _07942_/Y
 _07943_/X
 _07944_/X
 _07945_/Y
 _07946_/Y
 _07947_/X
 _07948_/X
 _07949_/X
 _07950_/X
 _07951_/X
 _07952_/X
 _07953_/X
 _07954_/X
 _07955_/X
 _07956_/X
 _07957_/X
 _07958_/X
 _07959_/X
 _07960_/X
 _07961_/X
 _07962_/X
 _07963_/X
 _07964_/X
 _07965_/X
 _07966_/X
 _07967_/X
 _07968_/X
 _07969_/X
 _07970_/X
 _07971_/X
 _07972_/X
 _07973_/X
 _07974_/X
 _07975_/X
 _07976_/X
 _07977_/X
 _07978_/X
 _07979_/X
 _07980_/X
 _07981_/X
 _07982_/X
 _07983_/X
 _07984_/X
 _07985_/X
 _07986_/X
 _07987_/X
 _07988_/Y
 _07989_/Y
 _07990_/X
 _07991_/X
 _07992_/Y
 _07993_/Y
 _07994_/X
 _07995_/Y
 _07996_/X
 _07997_/X
 _07998_/X
 _07999_/X
 _08000_/X
 _08001_/X
 _08002_/X
 _08003_/X
 _08004_/X
 _08005_/X
 _08006_/X
 _08007_/X
 _08008_/X
 _08009_/X
 _08010_/X
 _08011_/X
 _08012_/X
 _08013_/X
 _08014_/X
 _08015_/X
 _08016_/X
 _08017_/X
 _08018_/X
 _08019_/X
 _08020_/X
 _08021_/X
 _08022_/X
 _08023_/X
 _08024_/X
 _08025_/X
 _08026_/X
 _08027_/X
 _08028_/X
 _08029_/X
 _08030_/X
 _08031_/X
 _08032_/X
 _08033_/X
 _08034_/X
 _08035_/X
 _08036_/Y
 _08037_/Y
 _08038_/Y
 _08039_/Y
 _08040_/X
 _08041_/X
 _08042_/X
 _08043_/X
 _08044_/X
 _08045_/X
 _08046_/X
 _08047_/X
 _08048_/X
 _08049_/X
 _08050_/X
 _08051_/X
 _08052_/X
 _08053_/X
 _08054_/X
 _08055_/X
 _08056_/X
 _08057_/X
 _08058_/X
 _08059_/X
 _08060_/X
 _08061_/X
 _08062_/X
 _08063_/X
 _08064_/X
 _08065_/X
 _08066_/X
 _08067_/X
 _08068_/X
 _08069_/X
 _08070_/X
 _08071_/X
 _08072_/X
 _08073_/X
 _08074_/X
 _08075_/X
 _08076_/X
 _08077_/X
 _08078_/X
 _08079_/X
 _08080_/X
 _08081_/X
 _08082_/X
 _08083_/X
 _08084_/X
 _08085_/X
 _08086_/X
 _08087_/X
 _08088_/X
 _08089_/X
 _08090_/X
 _08091_/X
 _08092_/X
 _08093_/X
 _08094_/Y
 _08095_/X
 _08096_/X
 _08097_/Y
 _08098_/Y
 _08099_/X
 _08100_/X
 _08101_/X
 _08102_/X
 _08103_/X
 _08104_/X
 _08105_/X
 _08106_/X
 _08107_/X
 _08108_/X
 _08109_/X
 _08110_/X
 _08111_/X
 _08112_/X
 _08113_/X
 _08114_/X
 _08115_/X
 _08116_/X
 _08117_/X
 _08118_/X
 _08119_/X
 _08120_/X
 _08121_/X
 _08122_/X
 _08123_/X
 _08124_/X
 _08125_/X
 _08126_/X
 _08127_/X
 _08128_/X
 _08129_/X
 _08130_/Y
 _08131_/X
 _08132_/X
 _08133_/Y
 _08134_/X
 _08135_/X
 _08136_/Y
 _08137_/X
 _08138_/Y
 _08139_/X
 _08140_/X
 _08141_/X
 _08142_/Y
 _08143_/X
 _08144_/X
 _08145_/Y
 _08146_/Y
 _08147_/X
 _08148_/Y
 _08149_/X
 _08150_/X
 _08151_/X
 _08152_/Y
 _08153_/Y
 _08154_/Y
 _08155_/X
 _08156_/X
 _08157_/X
 _08158_/X
 _08159_/X
 _08160_/X
 _08161_/X
 _08162_/X
 _08163_/X
 _08164_/X
 _08165_/X
 _08166_/X
 _08167_/X
 _08168_/X
 _08169_/X
 _08170_/X
 _08171_/X
 _08172_/X
 _08173_/X
 _08174_/X
 _08175_/X
 _08176_/X
 _08177_/X
 _08178_/X
 _08179_/X
 _08180_/X
 _08181_/X
 _08182_/X
 _08183_/X
 _08184_/X
 _08185_/X
 _08186_/X
 _08187_/X
 _08188_/X
 _08189_/X
 _08190_/X
 _08191_/Y
 _08192_/Y
 _08193_/X
 _08194_/X
 _08195_/Y
 _08196_/X
 _08197_/X
 _08198_/Y
 _08199_/Y
 _08200_/X
 _08201_/Y
 _08202_/Y
 _08203_/X
 _08204_/X
 _08205_/X
 _08206_/X
 _08207_/X
 _08208_/X
 _08209_/X
 _08210_/X
 _08211_/X
 _08212_/X
 _08213_/X
 _08214_/X
 _08215_/X
 _08216_/X
 _08217_/X
 _08218_/X
 _08219_/X
 _08220_/X
 _08221_/X
 _08222_/X
 _08223_/X
 _08224_/X
 _08225_/X
 _08226_/X
 _08227_/X
 _08228_/X
 _08229_/X
 _08230_/X
 _08231_/X
 _08232_/X
 _08233_/X
 _08234_/X
 _08235_/X
 _08236_/X
 _08237_/X
 _08238_/X
 _08239_/X
 _08240_/X
 _08241_/X
 _08242_/X
 _08243_/X
 _08244_/X
 _08245_/X
 _08246_/X
 _08247_/X
 _08248_/X
 _08249_/X
 _08250_/X
 _08251_/Y
 _08252_/X
 _08253_/Y
 _08254_/X
 _08255_/X
 _08256_/X
 _08257_/X
 _08258_/X
 _08259_/X
 _08260_/Y
 _08261_/X
 _08262_/X
 _08263_/X
 _08264_/X
 _08265_/X
 _08266_/X
 _08267_/X
 _08268_/X
 _08269_/X
 _08270_/X
 _08271_/X
 _08272_/X
 _08273_/X
 _08274_/X
 _08275_/X
 _08276_/X
 _08277_/X
 _08278_/X
 _08279_/X
 _08280_/X
 _08281_/X
 _08282_/X
 _08283_/X
 _08284_/X
 _08285_/X
 _08286_/X
 _08287_/X
 _08288_/X
 _08289_/X
 _08290_/X
 _08291_/X
 _08292_/X
 _08293_/X
 _08294_/X
 _08295_/X
 _08296_/X
 _08297_/X
 _08298_/X
 _08299_/X
 _08300_/X
 _08301_/X
 _08302_/X
 _08303_/Y
 _08304_/X
 _08305_/Y
 _08306_/X
 _08307_/X
 _08308_/X
 _08309_/X
 _08310_/X
 _08311_/X
 _08312_/Y
 _08313_/Y
 _08314_/X
 _08315_/Y
 _08316_/Y
 _08317_/Y
 _08318_/X
 _08319_/X
 _08320_/X
 _08321_/X
 _08322_/X
 _08323_/X
 _08324_/X
 _08325_/X
 _08326_/X
 _08327_/X
 _08328_/X
 _08329_/X
 _08330_/X
 _08331_/X
 _08332_/X
 _08333_/X
 _08334_/X
 _08335_/X
 _08336_/X
 _08337_/X
 _08338_/X
 _08339_/Y
 _08340_/X
 _08341_/X
 _08342_/X
 _08343_/X
 _08344_/X
 _08345_/X
 _08346_/X
 _08347_/X
 _08348_/X
 _08349_/X
 _08350_/X
 _08351_/X
 _08352_/X
 _08353_/X
 _08354_/X
 _08355_/X
 _08356_/X
 _08357_/X
 _08358_/X
 _08359_/X
 _08360_/X
 _08361_/X
 _08362_/Y
 _08363_/X
 _08364_/Y
 _08365_/X
 _08366_/X
 _08367_/Y
 _08368_/X
 _08369_/Y
 _08370_/Y
 _08371_/X
 _08372_/X
 _08373_/X
 _08374_/X
 _08375_/X
 _08376_/X
 _08377_/X
 _08378_/X
 _08379_/X
 _08380_/X
 _08381_/X
 _08382_/X
 _08383_/X
 _08384_/X
 _08385_/X
 _08386_/X
 _08387_/X
 _08388_/X
 _08389_/X
 _08390_/X
 _08391_/X
 _08392_/X
 _08393_/X
 _08394_/X
 _08395_/X
 _08396_/X
 _08397_/X
 _08398_/X
 _08399_/X
 _08400_/X
 _08401_/X
 _08402_/X
 _08403_/X
 _08404_/X
 _08405_/X
 _08406_/X
 _08407_/X
 _08408_/X
 _08409_/X
 _08410_/X
 _08411_/X
 _08412_/Y
 _08413_/X
 _08414_/X
 _08415_/Y
 _08416_/Y
 _08417_/Y
 _08418_/X
 _08419_/Y
 _08420_/X
 _08421_/X
 _08422_/X
 _08423_/X
 _08424_/X
 _08425_/X
 _08426_/X
 _08427_/X
 _08428_/X
 _08429_/X
 _08430_/X
 _08431_/X
 _08432_/X
 _08433_/X
 _08434_/X
 _08435_/X
 _08436_/X
 _08437_/X
 _08438_/X
 _08439_/X
 _08440_/X
 _08441_/X
 _08442_/X
 _08443_/X
 _08444_/X
 _08445_/X
 _08446_/X
 _08447_/X
 _08448_/X
 _08449_/X
 _08450_/X
 _08451_/X
 _08452_/X
 _08453_/X
 _08454_/X
 _08455_/X
 _08456_/X
 _08457_/X
 _08458_/X
 _08459_/X
 _08460_/X
 _08461_/X
 _08462_/X
 _08463_/X
 _08464_/Y
 _08465_/Y
 _08466_/X
 _08467_/X
 _08468_/Y
 _08469_/X
 _08470_/Y
 _08471_/X
 _08472_/X
 _08473_/Y
 _08474_/Y
 _08475_/X
 _08476_/Y
 _08477_/Y
 _08478_/X
 _08479_/X
 _08480_/X
 _08481_/X
 _08482_/X
 _08483_/X
 _08484_/X
 _08485_/X
 _08486_/X
 _08487_/X
 _08488_/X
 _08489_/X
 _08490_/X
 _08491_/X
 _08492_/X
 _08493_/X
 _08494_/X
 _08495_/X
 _08496_/X
 _08497_/X
 _08498_/X
 _08499_/Y
 _08500_/X
 _08501_/X
 _08502_/X
 _08503_/X
 _08504_/X
 _08505_/X
 _08506_/X
 _08507_/X
 _08508_/X
 _08509_/X
 _08510_/X
 _08511_/X
 _08512_/X
 _08513_/X
 _08514_/X
 _08515_/X
 _08516_/X
 _08517_/X
 _08518_/X
 _08519_/Y
 _08520_/Y
 _08521_/X
 _08522_/Y
 _08523_/X
 _08524_/Y
 _08525_/Y
 _08526_/X
 _08527_/Y
 _08528_/X
 _08529_/X
 _08530_/X
 _08531_/X
 _08532_/X
 _08533_/X
 _08534_/X
 _08535_/X
 _08536_/X
 _08537_/X
 _08538_/X
 _08539_/X
 _08540_/X
 _08541_/X
 _08542_/X
 _08543_/X
 _08544_/X
 _08545_/X
 _08546_/X
 _08547_/X
 _08548_/X
 _08549_/X
 _08550_/X
 _08551_/X
 _08552_/X
 _08553_/X
 _08554_/X
 _08555_/X
 _08556_/X
 _08557_/X
 _08558_/X
 _08559_/X
 _08560_/X
 _08561_/X
 _08562_/X
 _08563_/X
 _08564_/X
 _08565_/X
 _08566_/X
 _08567_/X
 _08568_/X
 _08569_/X
 _08570_/X
 _08571_/Y
 _08572_/X
 _08573_/X
 _08574_/Y
 _08575_/Y
 _08576_/X
 _08577_/Y
 _08578_/Y
 _08579_/X
 _08580_/X
 _08581_/X
 _08582_/X
 _08583_/X
 _08584_/X
 _08585_/X
 _08586_/X
 _08587_/X
 _08588_/X
 _08589_/X
 _08590_/X
 _08591_/X
 _08592_/X
 _08593_/X
 _08594_/X
 _08595_/X
 _08596_/X
 _08597_/X
 _08598_/X
 _08599_/X
 _08600_/Y
 _08601_/X
 _08602_/X
 _08603_/X
 _08604_/X
 _08605_/X
 _08606_/X
 _08607_/X
 _08608_/X
 _08609_/X
 _08610_/X
 _08611_/X
 _08612_/X
 _08613_/X
 _08614_/X
 _08615_/X
 _08616_/X
 _08617_/X
 _08618_/X
 _08619_/X
 _08620_/Y
 _08621_/Y
 _08622_/X
 _08623_/Y
 _08624_/Y
 _08625_/X
 _08626_/X
 _08627_/X
 _08628_/Y
 _08629_/X
 _08630_/X
 _08631_/X
 _08632_/X
 _08633_/X
 _08634_/X
 _08635_/X
 _08636_/X
 _08637_/X
 _08638_/X
 _08639_/X
 _08640_/X
 _08641_/X
 _08642_/X
 _08643_/X
 _08644_/X
 _08645_/X
 _08646_/X
 _08647_/X
 _08648_/Y
 _08649_/X
 _08650_/Y
 _08651_/Y
 _08652_/Y
 _08653_/X
 _08654_/X
 _08655_/X
 _08656_/X
 _08657_/X
 _08658_/X
 _08659_/X
 _08660_/X
 _08661_/X
 _08662_/X
 _08663_/X
 _08664_/X
 _08665_/X
 _08666_/X
 _08667_/X
 _08668_/X
 _08669_/X
 _08670_/X
 _08671_/Y
 _08672_/Y
 _08673_/X
 _08674_/X
 _08675_/X
 _08676_/Y
 _08677_/Y
 _08678_/X
 _08679_/X
 _08680_/X
 _08681_/X
 _08682_/Y
 _08683_/X
 _08684_/Y
 _08685_/X
 _08686_/X
 _08687_/X
 _08688_/X
 _08689_/X
 _08690_/X
 _08691_/X
 _08692_/X
 _08693_/X
 _08694_/X
 _08695_/X
 _08696_/X
 _08697_/X
 _08698_/X
 _08699_/X
 _08700_/X
 _08701_/X
 _08702_/X
 _08703_/X
 _08704_/X
 _08705_/X
 _08706_/X
 _08707_/X
 _08708_/X
 _08709_/X
 _08710_/X
 _08711_/X
 _08712_/X
 _08713_/X
 _08714_/X
 _08715_/X
 _08716_/X
 _08717_/X
 _08718_/X
 _08719_/X
 _08720_/X
 _08721_/X
 _08722_/X
 _08723_/X
 _08724_/X
 _08725_/X
 _08726_/X
 _08727_/X
 _08728_/Y
 _08729_/X
 _08730_/X
 _08731_/X
 _08732_/Y
 _08733_/Y
 _08734_/X
 _08735_/Y
 _08736_/Y
 _08737_/Y
 _08738_/X
 _08739_/X
 _08740_/X
 _08741_/X
 _08742_/X
 _08743_/X
 _08744_/X
 _08745_/X
 _08746_/X
 _08747_/X
 _08748_/X
 _08749_/X
 _08750_/X
 _08751_/X
 _08752_/X
 _08753_/X
 _08754_/X
 _08755_/X
 _08756_/X
 _08757_/X
 _08758_/X
 _08759_/Y
 _08760_/X
 _08761_/X
 _08762_/X
 _08763_/X
 _08764_/X
 _08765_/X
 _08766_/X
 _08767_/X
 _08768_/X
 _08769_/X
 _08770_/X
 _08771_/X
 _08772_/X
 _08773_/X
 _08774_/X
 _08775_/X
 _08776_/X
 _08777_/X
 _08778_/X
 _08779_/Y
 _08780_/Y
 _08781_/X
 _08782_/Y
 _08783_/Y
 _08784_/X
 _08785_/X
 _08786_/Y
 _08787_/X
 _08788_/Y
 _08789_/Y
 _08790_/X
 _08791_/X
 _08792_/X
 _08793_/X
 _08794_/X
 _08795_/X
 _08796_/X
 _08797_/X
 _08798_/X
 _08799_/X
 _08800_/X
 _08801_/X
 _08802_/X
 _08803_/X
 _08804_/X
 _08805_/X
 _08806_/X
 _08807_/X
 _08808_/X
 _08809_/X
 _08810_/X
 _08811_/Y
 _08812_/X
 _08813_/X
 _08814_/X
 _08815_/X
 _08816_/X
 _08817_/X
 _08818_/X
 _08819_/X
 _08820_/X
 _08821_/X
 _08822_/X
 _08823_/X
 _08824_/X
 _08825_/X
 _08826_/X
 _08827_/X
 _08828_/X
 _08829_/X
 _08830_/Y
 _08831_/Y
 _08832_/Y
 _08833_/X
 _08834_/Y
 _08835_/Y
 _08836_/X
 _08837_/Y
 _08838_/X
 _08839_/X
 _08840_/Y
 _08841_/X
 _08842_/X
 _08843_/X
 _08844_/X
 _08845_/X
 _08846_/X
 _08847_/X
 _08848_/X
 _08849_/X
 _08850_/X
 _08851_/X
 _08852_/X
 _08853_/X
 _08854_/X
 _08855_/X
 _08856_/X
 _08857_/X
 _08858_/X
 _08859_/X
 _08860_/X
 _08861_/X
 _08862_/Y
 _08863_/X
 _08864_/X
 _08865_/X
 _08866_/X
 _08867_/X
 _08868_/X
 _08869_/X
 _08870_/X
 _08871_/X
 _08872_/X
 _08873_/X
 _08874_/X
 _08875_/X
 _08876_/X
 _08877_/X
 _08878_/X
 _08879_/X
 _08880_/X
 _08881_/X
 _08882_/X
 _08883_/Y
 _08884_/Y
 _08885_/Y
 _08886_/X
 _08887_/X
 _08888_/X
 _08889_/X
 _08890_/X
 _08891_/Y
 _08892_/X
 _08893_/X
 _08894_/X
 _08895_/X
 _08896_/X
 _08897_/X
 _08898_/X
 _08899_/X
 _08900_/X
 _08901_/X
 _08902_/X
 _08903_/X
 _08904_/X
 _08905_/X
 _08906_/X
 _08907_/X
 _08908_/X
 _08909_/X
 _08910_/X
 _08911_/X
 _08912_/X
 _08913_/X
 _08914_/X
 _08915_/X
 _08916_/X
 _08917_/X
 _08918_/X
 _08919_/X
 _08920_/X
 _08921_/X
 _08922_/X
 _08923_/X
 _08924_/X
 _08925_/X
 _08926_/X
 _08927_/X
 _08928_/X
 _08929_/X
 _08930_/X
 _08931_/X
 _08932_/X
 _08933_/X
 _08934_/X
 _08935_/X
 _08936_/Y
 _08937_/Y
 _08938_/X
 _08939_/X
 _08940_/X
 _08941_/X
 _08942_/X
 _08943_/X
 _08944_/X
 _08945_/X
 _08946_/X
 _08947_/X
 _08948_/X
 _08949_/X
 _08950_/X
 _08951_/X
 _08952_/X
 _08953_/X
 _08954_/X
 _08955_/X
 _08956_/X
 _08957_/X
 _08958_/X
 _08959_/X
 _08960_/X
 _08961_/X
 _08962_/Y
 _08963_/X
 _08964_/X
 _08965_/X
 _08966_/X
 _08967_/X
 _08968_/X
 _08969_/X
 _08970_/X
 _08971_/X
 _08972_/X
 _08973_/X
 _08974_/X
 _08975_/X
 _08976_/X
 _08977_/X
 _08978_/X
 _08979_/X
 _08980_/X
 _08981_/X
 _08982_/X
 _08983_/Y
 _08984_/Y
 _08985_/X
 _08986_/X
 _08987_/Y
 _08988_/X
 _08989_/Y
 _08990_/X
 _08991_/Y
 _08992_/X
 _08993_/X
 _08994_/X
 _08995_/X
 _08996_/X
 _08997_/X
 _08998_/X
 _08999_/X
 _09000_/X
 _09001_/X
 _09002_/X
 _09003_/X
 _09004_/X
 _09005_/X
 _09006_/X
 _09007_/X
 _09008_/X
 _09009_/X
 _09010_/X
 _09011_/X
 _09012_/X
 _09013_/X
 _09014_/X
 _09015_/X
 _09016_/X
 _09017_/X
 _09018_/X
 _09019_/X
 _09020_/X
 _09021_/X
 _09022_/X
 _09023_/X
 _09024_/X
 _09025_/X
 _09026_/X
 _09027_/X
 _09028_/X
 _09029_/X
 _09030_/X
 _09031_/Y
 _09032_/X
 _09033_/X
 _09034_/X
 _09035_/Y
 _09036_/Y
 _09037_/X
 _09038_/X
 _09039_/X
 _09040_/Y
 _09041_/X
 _09042_/X
 _09043_/X
 _09044_/X
 _09045_/X
 _09046_/X
 _09047_/X
 _09048_/X
 _09049_/X
 _09050_/X
 _09051_/X
 _09052_/X
 _09053_/X
 _09054_/X
 _09055_/X
 _09056_/X
 _09057_/X
 _09058_/X
 _09059_/X
 _09060_/X
 _09061_/X
 _09062_/X
 _09063_/X
 _09064_/X
 _09065_/X
 _09066_/X
 _09067_/X
 _09068_/X
 _09069_/X
 _09070_/X
 _09071_/X
 _09072_/X
 _09073_/X
 _09074_/X
 _09075_/X
 _09076_/X
 _09077_/X
 _09078_/X
 _09079_/X
 _09080_/X
 _09081_/X
 _09082_/X
 _09083_/X
 _09084_/X
 _09085_/Y
 _09086_/Y
 _09087_/X
 _09088_/X
 _09089_/Y
 _09090_/X
 _09091_/X
 _09092_/X
 _09093_/X
 _09094_/X
 _09095_/X
 _09096_/X
 _09097_/X
 _09098_/X
 _09099_/X
 _09100_/X
 _09101_/X
 _09102_/X
 _09103_/X
 _09104_/X
 _09105_/X
 _09106_/X
 _09107_/X
 _09108_/X
 _09109_/X
 _09110_/Y
 _09111_/Y
 _09112_/X
 _09113_/X
 _09114_/X
 _09115_/X
 _09116_/X
 _09117_/X
 _09118_/X
 _09119_/X
 _09120_/X
 _09121_/X
 _09122_/X
 _09123_/X
 _09124_/X
 _09125_/X
 _09126_/X
 _09127_/X
 _09128_/X
 _09129_/X
 _09130_/X
 _09131_/Y
 _09132_/Y
 _09133_/X
 _09134_/X
 _09135_/Y
 _09136_/Y
 _09137_/X
 _09138_/Y
 _09139_/X
 _09140_/Y
 _09141_/Y
 _09142_/X
 _09143_/X
 _09144_/X
 _09145_/X
 _09146_/X
 _09147_/X
 _09148_/X
 _09149_/X
 _09150_/X
 _09151_/X
 _09152_/X
 _09153_/X
 _09154_/X
 _09155_/X
 _09156_/X
 _09157_/X
 _09158_/X
 _09159_/X
 _09160_/X
 _09161_/X
 _09162_/X
 _09163_/X
 _09164_/X
 _09165_/Y
 _09166_/X
 _09167_/X
 _09168_/X
 _09169_/X
 _09170_/X
 _09171_/X
 _09172_/X
 _09173_/X
 _09174_/X
 _09175_/X
 _09176_/X
 _09177_/X
 _09178_/X
 _09179_/X
 _09180_/X
 _09181_/X
 _09182_/X
 _09183_/X
 _09184_/X
 _09185_/X
 _09186_/Y
 _09187_/X
 _09188_/Y
 _09189_/Y
 _09190_/X
 _09191_/Y
 _09192_/Y
 _09193_/Y
 _09194_/X
 _09195_/X
 _09196_/X
 _09197_/X
 _09198_/X
 _09199_/X
 _09200_/X
 _09201_/X
 _09202_/X
 _09203_/X
 _09204_/X
 _09205_/X
 _09206_/X
 _09207_/X
 _09208_/X
 _09209_/X
 _09210_/X
 _09211_/X
 _09212_/X
 _09213_/X
 _09214_/X
 _09215_/X
 _09216_/X
 _09217_/X
 _09218_/X
 _09219_/X
 _09220_/X
 _09221_/X
 _09222_/X
 _09223_/X
 _09224_/X
 _09225_/X
 _09226_/X
 _09227_/X
 _09228_/X
 _09229_/X
 _09230_/X
 _09231_/X
 _09232_/X
 _09233_/X
 _09234_/X
 _09235_/X
 _09236_/X
 _09237_/X
 _09238_/Y
 _09239_/X
 _09240_/Y
 _09241_/Y
 _09242_/X
 _09243_/X
 _09244_/X
 _09245_/X
 _09246_/X
 _09247_/X
 _09248_/X
 _09249_/X
 _09250_/X
 _09251_/X
 _09252_/X
 _09253_/X
 _09254_/X
 _09255_/X
 _09256_/X
 _09257_/X
 _09258_/X
 _09259_/X
 _09260_/X
 _09261_/X
 _09262_/X
 _09263_/X
 _09264_/Y
 _09265_/Y
 _09266_/X
 _09267_/X
 _09268_/X
 _09269_/X
 _09270_/X
 _09271_/X
 _09272_/X
 _09273_/X
 _09274_/X
 _09275_/X
 _09276_/X
 _09277_/X
 _09278_/X
 _09279_/X
 _09280_/X
 _09281_/X
 _09282_/X
 _09283_/X
 _09284_/X
 _09285_/X
 _09286_/X
 _09287_/Y
 _09288_/Y
 _09289_/Y
 _09290_/X
 _09291_/Y
 _09292_/X
 _09293_/X
 _09294_/Y
 _09295_/Y
 _09296_/Y
 _09297_/X
 _09298_/Y
 _09299_/X
 _09300_/Y
 _09301_/X
 _09302_/Y
 _09303_/X
 _09304_/X
 _09305_/Y
 _09306_/X
 _09307_/Y
 _09308_/X
 _09309_/Y
 _09310_/X
 _09311_/Y
 _09312_/Y
 _09313_/Y
 _09314_/X
 _09315_/Y
 _09316_/X
 _09317_/X
 _09318_/Y
 _09319_/Y
 _09320_/X
 _09321_/X
 _09322_/X
 _09323_/X
 _09324_/X
 _09325_/X
 _09326_/X
 _09327_/X
 _09328_/X
 _09329_/X
 _09330_/X
 _09331_/X
 _09332_/Y
 _09333_/Y
 _09334_/X
 _09335_/X
 _09336_/Y
 _09337_/Y
 _09338_/X
 _09339_/X
 _09340_/Y
 _09341_/Y
 _09342_/X
 _09343_/Y
 _09344_/Y
 _09345_/X
 _09346_/Y
 _09347_/X
 _09348_/X
 _09349_/X
 _09350_/X
 _09351_/Y
 _09352_/Y
 _09353_/X
 _09354_/X
 _09355_/X
 _09356_/X
 _09357_/X
 _09358_/X
 _09359_/X
 _09360_/Y
 _09361_/X
 _09362_/X
 _09363_/Y
 _09364_/Y
 _09365_/X
 _09366_/X
 _09367_/Y
 _09368_/Y
 _09369_/Y
 _09370_/X
 _09371_/X
 _09372_/Y
 _09373_/X
 _09374_/Y
 _09375_/X
 _09376_/X
 _09377_/X
 _09378_/Y
 _09379_/Y
 _09380_/X
 _09381_/Y
 _09382_/Y
 _09383_/Y
 _09384_/X
 _09385_/Y
 _09386_/Y
 _09387_/X
 _09388_/X
 _09389_/Y
 _09390_/X
 _09391_/Y
 _09392_/Y
 _09393_/Y
 _09394_/Y
 _09395_/X
 _09396_/Y
 _09397_/X
 _09398_/Y
 _09399_/X
 _09400_/X
 _09401_/X
 _09402_/X
 _09403_/Y
 _09404_/X
 _09405_/X
 _09406_/X
 _09407_/Y
 _09408_/X
 _09409_/X
 _09410_/X
 _09411_/X
 _09412_/Y
 _09413_/X
 _09414_/Y
 _09415_/X
 _09416_/Y
 _09417_/X
 _09418_/X
 _09419_/Y
 _09420_/X
 _09421_/Y
 _09422_/X
 _09423_/Y
 _09424_/X
 _09425_/X
 _09426_/Y
 _09427_/Y
 _09428_/Y
 _09429_/X
 _09430_/X
 _09431_/X
 _09432_/Y
 _09433_/X
 _09434_/X
 _09435_/X
 _09436_/X
 _09437_/X
 _09438_/Y
 _09439_/X
 _09440_/X
 _09441_/Y
 _09442_/X
 _09443_/Y
 _09444_/X
 _09445_/X
 _09446_/Y
 _09447_/Y
 _09448_/X
 _09449_/Y
 _09450_/X
 _09451_/X
 _09452_/Y
 _09453_/X
 _09454_/X
 _09455_/Y
 _09456_/X
 _09457_/X
 _09458_/X
 _09459_/X
 _09460_/X
 _09461_/X
 _09462_/X
 _09463_/Y
 _09464_/X
 _09465_/Y
 _09466_/X
 _09467_/Y
 _09468_/Y
 _09469_/X
 _09470_/X
 _09471_/X
 _09472_/Y
 _09473_/X
 _09474_/X
 _09475_/X
 _09476_/X
 _09477_/Y
 _09478_/Y
 _09479_/X
 _09480_/X
 _09481_/Y
 _09482_/Y
 _09483_/Y
 _09484_/X
 _09485_/X
 _09486_/X
 _09487_/Y
 _09488_/X
 _09489_/Y
 _09490_/Y
 _09491_/X
 _09492_/X
 _09493_/Y
 _09494_/X
 _09495_/X
 _09496_/X
 _09497_/Y
 _09498_/Y
 _09499_/X
 _09500_/Y
 _09501_/Y
 _09502_/X
 _09503_/Y
 _09504_/Y
 _09505_/X
 _09506_/Y
 _09507_/Y
 _09508_/X
 _09509_/Y
 _09510_/Y
 _09511_/X
 _09512_/X
 _09513_/X
 _09514_/X
 _09515_/X
 _09516_/Y
 _09517_/X
 _09518_/X
 _09519_/X
 _09520_/Y
 _09521_/X
 _09522_/Y
 _09523_/Y
 _09524_/X
 _09525_/X
 _09526_/X
 _09527_/Y
 _09528_/X
 _09529_/X
 _09530_/X
 _09531_/Y
 _09532_/X
 _09533_/Y
 _09534_/Y
 _09535_/Y
 _09536_/X
 _09537_/X
 _09538_/Y
 _09539_/X
 _09540_/X
 _09541_/Y
 _09542_/X
 _09543_/X
 _09544_/Y
 _09545_/Y
 _09546_/X
 _09547_/Y
 _09548_/X
 _09549_/X
 _09550_/Y
 _09551_/X
 _09552_/Y
 _09553_/Y
 _09554_/Y
 _09555_/X
 _09556_/X
 _09557_/X
 _09558_/X
 _09559_/X
 _09560_/X
 _09561_/Y
 _09562_/Y
 _09563_/Y
 _09564_/X
 _09565_/X
 _09566_/X
 _09567_/X
 _09568_/Y
 _09569_/Y
 _09570_/X
 _09571_/X
 _09572_/Y
 _09573_/X
 _09574_/X
 _09575_/Y
 _09576_/Y
 _09577_/X
 _09578_/Y
 _09579_/X
 _09580_/X
 _09581_/X
 _09582_/X
 _09583_/X
 _09584_/Y
 _09585_/Y
 _09586_/Y
 _09587_/X
 _09588_/X
 _09589_/X
 _09590_/X
 _09591_/X
 _09592_/X
 _09593_/Y
 _09594_/X
 _09595_/X
 _09596_/X
 _09597_/X
 _09598_/X
 _09599_/X
 _09600_/X
 _09601_/Y
 _09602_/Y
 _09603_/X
 _09604_/X
 _09605_/X
 _09606_/X
 _09607_/X
 _09608_/X
 _09609_/X
 _09610_/X
 _09611_/X
 _09612_/X
 _09613_/X
 _09614_/X
 _09615_/X
 _09616_/Y
 _09617_/Y
 _09618_/X
 _09619_/X
 _09620_/X
 _09621_/X
 _09622_/X
 _09623_/X
 _09624_/Y
 _09625_/Y
 _09626_/X
 _09627_/X
 _09628_/X
 _09629_/X
 _09630_/X
 _09631_/X
 _09632_/Y
 _09633_/Y
 _09634_/X
 _09635_/X
 _09636_/X
 _09637_/X
 _09638_/X
 _09639_/X
 _09640_/Y
 _09641_/Y
 _09642_/X
 _09643_/X
 _09644_/X
 _09645_/X
 _09646_/X
 _09647_/X
 _09648_/X
 _09649_/X
 _09650_/X
 _09651_/X
 _09652_/X
 _09653_/X
 _09654_/X
 _09655_/Y
 _09656_/Y
 _09657_/X
 _09658_/X
 _09659_/X
 _09660_/X
 _09661_/X
 _09662_/X
 _09663_/Y
 _09664_/Y
 _09665_/X
 _09666_/X
 _09667_/X
 _09668_/X
 _09669_/X
 _09670_/X
 _09671_/X
 _09672_/Y
 _09673_/X
 _09674_/X
 _09675_/X
 _09676_/X
 _09677_/X
 _09678_/X
 _09679_/Y
 _09680_/Y
 _09681_/X
 _09682_/X
 _09683_/X
 _09684_/X
 _09685_/X
 _09686_/Y
 _09687_/Y
 _09688_/X
 _09689_/X
 _09690_/X
 _09691_/X
 _09692_/X
 _09693_/Y
 _09694_/Y
 _09695_/X
 _09696_/X
 _09697_/X
 _09698_/X
 _09699_/X
 _09700_/X
 _09701_/X
 _09702_/X
 _09703_/X
 _09704_/X
 _09705_/X
 _09706_/X
 _09707_/X
 _09708_/X
 _09709_/X
 _09710_/X
 _09711_/X
 _09712_/X
 _09713_/X
 _09714_/X
 _09715_/X
 _09716_/Y
 _09717_/X
 _09718_/X
 _09719_/X
 _09720_/Y
 _09721_/X
 _09722_/X
 _09723_/X
 _09724_/Y
 _09725_/X
 _09726_/Y
 _09727_/X
 _09728_/X
 _09729_/X
 _09730_/X
 _09731_/Y
 _09732_/X
 _09733_/X
 _09734_/Y
 _09735_/Y
 _09736_/X
 _09737_/X
 _09738_/Y
 _09739_/X
 _09740_/X
 _09741_/Y
 _09742_/X
 _09743_/X
 _09744_/X
 _09745_/X
 _09746_/Y
 _09747_/Y
 _09748_/Y
 _09749_/X
 _09750_/X
 _09751_/Y
 _09752_/X
 _09753_/X
 _09754_/Y
 _09755_/X
 _09756_/X
 _09757_/X
 _09758_/X
 _09759_/X
 _09760_/Y
 _09761_/Y
 _09762_/X
 _09763_/X
 _09764_/X
 _09765_/Y
 _09766_/X
 _09767_/X
 _09768_/Y
 _09769_/X
 _09770_/X
 _09771_/X
 _09772_/X
 _09773_/Y
 _09774_/Y
 _09775_/X
 _09776_/X
 _09777_/X
 _09778_/Y
 _09779_/X
 _09780_/Y
 _09781_/Y
 _09782_/X
 _09783_/X
 _09784_/X
 _09785_/X
 _09786_/X
 _09787_/Y
 _09788_/X
 _09789_/X
 _09790_/X
 _09791_/X
 _09792_/Y
 _09793_/Y
 _09794_/Y
 _09795_/X
 _09796_/X
 _09797_/X
 _09798_/X
 _09799_/Y
 _09800_/Y
 _09801_/X
 _09802_/X
 _09803_/Y
 _09804_/Y
 _09805_/X
 _09806_/Y
 _09807_/X
 _09808_/X
 _09809_/Y
 _09810_/X
 _09811_/X
 _09812_/Y
 _09813_/X
 _09814_/X
 _09815_/Y
 _09816_/X
 _09817_/X
 _09818_/Y
 _09819_/X
 _09820_/X
 _09821_/X
 _09822_/X
 _09823_/Y
 _09824_/Y
 _09825_/X
 _09826_/X
 _09827_/Y
 _09828_/X
 _09829_/Y
 _09830_/X
 _09831_/X
 _09832_/X
 _09833_/X
 _09834_/Y
 _09835_/X
 _09836_/X
 _09837_/Y
 _09838_/X
 _09839_/Y
 _09840_/X
 _09841_/Y
 _09842_/X
 _09843_/X
 _09844_/Y
 _09845_/X
 _09846_/Y
 _09847_/X
 _09848_/Y
 _09849_/X
 _09850_/X
 _09851_/Y
 _09852_/X
 _09853_/X
 _09854_/X
 _09855_/X
 _09856_/Y
 _09857_/X
 _09858_/Y
 _09859_/X
 _09860_/Y
 _09861_/Y
 _09862_/X
 _09863_/X
 _09864_/Y
 _09865_/X
 _09866_/X
 _09867_/X
 _09868_/X
 _09869_/X
 _09870_/X
 _09871_/X
 _09872_/Y
 _09873_/Y
 _09874_/Y
 _09875_/Y
 _09876_/X
 _09877_/X
 _09878_/X
 _09879_/Y
 _09880_/X
 _09881_/X
 _09882_/X
 _09883_/X
 _09884_/X
 _09885_/Y
 _09886_/Y
 _09887_/Y
 _09888_/X
 _09889_/Y
 _09890_/X
 _09891_/X
 _09892_/X
 _09893_/Y
 _09894_/Y
 _09895_/Y
 _09896_/Y
 _09897_/X
 _09898_/X
 _09899_/X
 _09900_/X
 _09901_/X
 _09902_/X
 _09903_/X
 _09904_/X
 _09905_/X
 _09906_/X
 _09907_/X
 _09908_/X
 _09909_/X
 _09910_/Y
 _09911_/X
 _09912_/X
 _09913_/X
 _09914_/X
 _09915_/X
 _09916_/X
 _09917_/Y
 _09918_/X
 _09919_/Y
 _09920_/X
 _09921_/Y
 _09922_/X
 _09923_/Y
 _09924_/X
 _09925_/Y
 _09926_/X
 _09927_/Y
 _09928_/X
 _09929_/X
 _09930_/X
 _09931_/Y
 _09932_/X
 _09933_/Y
 _09934_/X
 _09935_/Y
 _09936_/X
 _09937_/X
 _09938_/X
 _09939_/X
 _09940_/X
 _09941_/Y
 _09942_/Y
 _09943_/X
 _09944_/Y
 _09945_/Y
 _09946_/X
 _09947_/X
 _09948_/Y
 _09949_/Y
 _09950_/X
 _09951_/X
 _09952_/X
 _09953_/X
 _09954_/X
 _09955_/X
 _09956_/X
 _09957_/X
 _09958_/Y
 _09959_/X
 _09960_/X
 _09961_/Y
 _09962_/X
 _09963_/X
 _09964_/X
 _09965_/X
 _09966_/X
 _09967_/X
 _09968_/X
 _09969_/Y
 _09970_/X
 _09971_/Y
 _09972_/Y
 _09973_/X
 _09974_/X
 _09975_/X
 _09976_/X
 _09977_/X
 _09978_/X
 _09979_/X
 _09980_/X
 _09981_/X
 _09982_/X
 _09983_/X
 _09984_/Y
 _09985_/X
 _09986_/Y
 _09987_/Y
 _09988_/Y
 _09989_/Y
 _09990_/X
 _09991_/X
 _09992_/X
 _09993_/X
 _09994_/X
 _09995_/X
 _09996_/X
 _09997_/X
 _09998_/X
 _09999_/X
 _10000_/X
 _10001_/X
 _10002_/X
 _10003_/X
 _10004_/X
 _10005_/X
 _10006_/X
 _10007_/X
 _10008_/X
 _10009_/X
 _10010_/X
 _10011_/X
 _10012_/X
 _10013_/X
 _10014_/X
 _10015_/X
 _10016_/X
 _10017_/X
 _10018_/Y
 _10019_/X
 _10020_/Y
 _10021_/X
 _10022_/X
 _10023_/X
 _10024_/Y
 _10025_/Y
 _10026_/X
 _10027_/X
 _10028_/Y
 _10029_/Y
 _10030_/X
 _10031_/X
 _10032_/X
 _10033_/X
 _10034_/X
 _10035_/X
 _10036_/X
 _10037_/X
 _10038_/X
 _10039_/X
 _10040_/X
 _10041_/X
 _10042_/X
 _10043_/X
 _10044_/X
 _10045_/X
 _10046_/X
 _10047_/Y
 _10048_/X
 _10049_/X
 _10050_/Y
 _10051_/X
 _10052_/Y
 _10053_/X
 _10054_/Y
 _10055_/X
 _10056_/X
 _10057_/X
 _10058_/X
 _10059_/X
 _10060_/X
 _10061_/X
 _10062_/X
 _10063_/X
 _10064_/Y
 _10065_/Y
 _10066_/X
 _10067_/Y
 _10068_/X
 _10069_/Y
 _10070_/X
 _10071_/Y
 _10072_/Y
 _10073_/X
 _10074_/X
 _10075_/X
 _10076_/X
 _10077_/X
 _10078_/X
 _10079_/X
 _10080_/X
 _10081_/X
 _10082_/X
 _10083_/X
 _10084_/X
 _10085_/X
 _10086_/X
 _10087_/X
 _10088_/X
 _10089_/Y
 _10090_/X
 _10091_/Y
 _10092_/Y
 _10093_/X
 _10094_/X
 _10095_/Y
 _10096_/X
 _10097_/X
 _10098_/X
 _10099_/X
 _10100_/X
 _10101_/Y
 _10102_/X
 _10103_/X
 _10104_/Y
 _10105_/X
 _10106_/Y
 _10107_/Y
 _10108_/X
 _10109_/X
 _10110_/X
 _10111_/X
 _10112_/X
 _10113_/X
 _10114_/X
 _10115_/X
 _10116_/X
 _10117_/Y
 _10118_/Y
 _10119_/X
 _10120_/X
 _10121_/X
 _10122_/Y
 _10123_/X
 _10124_/X
 _10125_/X
 _10126_/X
 _10127_/X
 _10128_/X
 _10129_/X
 _10130_/X
 _10131_/X
 _10132_/X
 _10133_/X
 _10134_/X
 _10135_/X
 _10136_/X
 _10137_/X
 _10138_/X
 _10139_/X
 _10140_/Y
 _10141_/X
 _10142_/X
 _10143_/X
 _10144_/Y
 _10145_/Y
 _10146_/X
 _10147_/Y
 _10148_/Y
 _10149_/X
 _10150_/X
 _10151_/X
 _10152_/X
 _10153_/X
 _10154_/X
 _10155_/X
 _10156_/X
 _10157_/X
 _10158_/X
 _10159_/X
 _10160_/X
 _10161_/X
 _10162_/X
 _10163_/Y
 _10164_/Y
 _10165_/X
 _10166_/X
 _10167_/X
 _10168_/X
 _10169_/Y
 _10170_/X
 _10171_/X
 _10172_/X
 _10173_/X
 _10174_/X
 _10175_/Y
 _10176_/X
 _10177_/X
 _10178_/X
 _10179_/X
 _10180_/X
 _10181_/X
 _10182_/X
 _10183_/X
 _10184_/X
 _10185_/X
 _10186_/X
 _10187_/X
 _10188_/X
 _10189_/X
 _10190_/X
 _10191_/X
 _10192_/X
 _10193_/X
 _10194_/X
 _10195_/Y
 _10196_/Y
 _10197_/X
 _10198_/X
 _10199_/X
 _10200_/Y
 _10201_/Y
 _10202_/Y
 _10203_/X
 _10204_/X
 _10205_/X
 _10206_/X
 _10207_/X
 _10208_/X
 _10209_/X
 _10210_/X
 _10211_/X
 _10212_/X
 _10213_/X
 _10214_/X
 _10215_/Y
 _10216_/X
 _10217_/X
 _10218_/X
 _10219_/X
 _10220_/X
 _10221_/X
 _10222_/X
 _10223_/X
 _10224_/X
 _10225_/X
 _10226_/X
 _10227_/X
 _10228_/X
 _10229_/X
 _10230_/X
 _10231_/Y
 _10232_/X
 _10233_/X
 _10234_/X
 _10235_/X
 _10236_/X
 _10237_/X
 _10238_/Y
 _10239_/Y
 _10240_/X
 _10241_/Y
 _10242_/X
 _10243_/X
 _10244_/X
 _10245_/X
 _10246_/X
 _10247_/X
 _10248_/X
 _10249_/X
 _10250_/X
 _10251_/X
 _10252_/X
 _10253_/X
 _10254_/X
 _10255_/Y
 _10256_/Y
 _10257_/Y
 _10258_/X
 _10259_/X
 _10260_/X
 _10261_/X
 _10262_/X
 _10263_/X
 _10264_/X
 _10265_/X
 _10266_/X
 _10267_/X
 _10268_/X
 _10269_/X
 _10270_/X
 _10271_/Y
 _10272_/X
 _10273_/X
 _10274_/X
 _10275_/X
 _10276_/X
 _10277_/X
 _10278_/X
 _10279_/Y
 _10280_/Y
 _10281_/X
 _10282_/X
 _10283_/X
 _10284_/X
 _10285_/X
 _10286_/X
 _10287_/X
 _10288_/X
 _10289_/X
 _10290_/X
 _10291_/X
 _10292_/X
 _10293_/X
 _10294_/X
 _10295_/X
 _10296_/X
 _10297_/X
 _10298_/X
 _10299_/X
 _10300_/X
 _10301_/Y
 _10302_/Y
 _10303_/X
 _10304_/X
 _10305_/X
 _10306_/X
 _10307_/X
 _10308_/X
 _10309_/X
 _10310_/X
 _10311_/X
 _10312_/Y
 _10313_/X
 _10314_/Y
 _10315_/X
 _10316_/X
 _10317_/Y
 _10318_/Y
 _10319_/Y
 _10320_/X
 _10321_/X
 _10322_/X
 _10323_/X
 _10324_/X
 _10325_/X
 _10326_/X
 _10327_/X
 _10328_/X
 _10329_/X
 _10330_/X
 _10331_/X
 _10332_/Y
 _10333_/X
 _10334_/X
 _10335_/X
 _10336_/X
 _10337_/X
 _10338_/Y
 _10339_/Y
 _10340_/Y
 _10341_/X
 _10342_/X
 _10343_/X
 _10344_/X
 _10345_/X
 _10346_/X
 _10347_/X
 _10348_/X
 _10349_/X
 _10350_/X
 _10351_/X
 _10352_/X
 _10353_/X
 _10354_/X
 _10355_/X
 _10356_/X
 _10357_/X
 _10358_/X
 _10359_/X
 _10360_/Y
 _10361_/X
 _10362_/X
 _10363_/X
 _10364_/X
 _10365_/X
 _10366_/Y
 _10367_/X
 _10368_/X
 _10369_/Y
 _10370_/X
 _10371_/X
 _10372_/Y
 _10373_/X
 _10374_/X
 _10375_/X
 _10376_/Y
 _10377_/Y
 _10378_/X
 _10379_/Y
 _10380_/X
 _10381_/X
 _10382_/X
 _10383_/X
 _10384_/X
 _10385_/X
 _10386_/X
 _10387_/X
 _10388_/X
 _10389_/X
 _10390_/X
 _10391_/Y
 _10392_/X
 _10393_/X
 _10394_/X
 _10395_/X
 _10396_/X
 _10397_/X
 _10398_/Y
 _10399_/X
 _10400_/X
 _10401_/Y
 _10402_/X
 _10403_/X
 _10404_/X
 _10405_/X
 _10406_/X
 _10407_/X
 _10408_/X
 _10409_/X
 _10410_/Y
 _10411_/X
 _10412_/Y
 _10413_/X
 _10414_/X
 _10415_/Y
 _10416_/X
 _10417_/Y
 _10418_/Y
 _10419_/X
 _10420_/X
 _10421_/Y
 _10422_/X
 _10423_/X
 _10424_/X
 _10425_/X
 _10426_/X
 _10427_/X
 _10428_/X
 _10429_/X
 _10430_/X
 _10431_/Y
 _10432_/X
 _10433_/X
 _10434_/X
 _10435_/X
 _10436_/Y
 _10437_/X
 _10438_/Y
 _10439_/Y
 _10440_/X
 _10441_/X
 _10442_/X
 _10443_/X
 _10444_/Y
 _10445_/Y
 _10446_/X
 _10447_/X
 _10448_/X
 _10449_/X
 _10450_/X
 _10451_/X
 _10452_/X
 _10453_/X
 _10454_/X
 _10455_/X
 _10456_/Y
 _10457_/X
 _10458_/X
 _10459_/X
 _10460_/X
 _10461_/X
 _10462_/Y
 _10463_/X
 _10464_/Y
 _10465_/X
 _10466_/X
 _10467_/X
 _10468_/X
 _10469_/X
 _10470_/X
 _10471_/X
 _10472_/X
 _10473_/X
 _10474_/X
 _10475_/X
 _10476_/Y
 _10477_/X
 _10478_/Y
 _10479_/X
 _10480_/X
 _10481_/X
 _10482_/Y
 _10483_/X
 _10484_/X
 _10485_/X
 _10486_/X
 _10487_/Y
 _10488_/X
 _10489_/X
 _10490_/X
 _10491_/X
 _10492_/X
 _10493_/X
 _10494_/X
 _10495_/X
 _10496_/Y
 _10497_/X
 _10498_/X
 _10499_/X
 _10500_/X
 _10501_/Y
 _10502_/Y
 _10503_/X
 _10504_/Y
 _10505_/Y
 _10506_/X
 _10507_/X
 _10508_/X
 _10509_/X
 _10510_/X
 _10511_/X
 _10512_/X
 _10513_/Y
 _10514_/X
 _10515_/X
 _10516_/X
 _10517_/Y
 _10518_/Y
 _10519_/X
 _10520_/X
 _10521_/X
 _10522_/X
 _10523_/Y
 _10524_/Y
 _10525_/X
 _10526_/X
 _10527_/X
 _10528_/X
 _10529_/X
 _10530_/X
 _10531_/X
 _10532_/X
 _10533_/X
 _10534_/Y
 _10535_/X
 _10536_/X
 _10537_/Y
 _10538_/X
 _10539_/Y
 _10540_/X
 _10541_/X
 _10542_/Y
 _10543_/Y
 _10544_/X
 _10545_/Y
 _10546_/X
 _10547_/X
 _10548_/X
 _10549_/X
 _10550_/X
 _10551_/X
 _10552_/X
 _10553_/X
 _10554_/X
 _10555_/X
 _10556_/X
 _10557_/Y
 _10558_/X
 _10559_/X
 _10560_/X
 _10561_/X
 _10562_/X
 _10563_/X
 _10564_/Y
 _10565_/X
 _10566_/X
 _10567_/X
 _10568_/X
 _10569_/X
 _10570_/X
 _10571_/X
 _10572_/X
 _10573_/X
 _10574_/X
 _10575_/X
 _10576_/X
 _10577_/X
 _10578_/Y
 _10579_/Y
 _10580_/X
 _10581_/X
 _10582_/X
 _10583_/Y
 _10584_/X
 _10585_/X
 _10586_/X
 _10587_/X
 _10588_/X
 _10589_/X
 _10590_/X
 _10591_/X
 _10592_/X
 _10593_/X
 _10594_/Y
 _10595_/X
 _10596_/X
 _10597_/X
 _10598_/X
 _10599_/X
 _10600_/X
 _10601_/X
 _10602_/X
 _10603_/Y
 _10604_/Y
 _10605_/X
 _10606_/Y
 _10607_/Y
 _10608_/X
 _10609_/Y
 _10610_/X
 _10611_/X
 _10612_/X
 _10613_/X
 _10614_/Y
 _10615_/X
 _10616_/Y
 _10617_/X
 _10618_/X
 _10619_/X
 _10620_/Y
 _10621_/Y
 _10622_/X
 _10623_/X
 _10624_/Y
 _10625_/X
 _10626_/X
 _10627_/X
 _10628_/X
 _10629_/X
 _10630_/Y
 _10631_/Y
 _10632_/X
 _10633_/X
 _10634_/X
 _10635_/Y
 _10636_/Y
 _10637_/X
 _10638_/X
 _10639_/Y
 _10640_/X
 _10641_/X
 _10642_/X
 _10643_/X
 _10644_/X
 _10645_/Y
 _10646_/X
 _10647_/Y
 _10648_/X
 _10649_/X
 _10650_/Y
 _10651_/Y
 _10652_/X
 _10653_/X
 _10654_/X
 _10655_/X
 _10656_/X
 _10657_/X
 _10658_/Y
 _10659_/Y
 _10660_/X
 _10661_/X
 _10662_/X
 _10663_/Y
 _10664_/Y
 _10665_/X
 _10666_/X
 _10667_/X
 _10668_/X
 _10669_/X
 _10670_/X
 _10671_/Y
 _10672_/Y
 _10673_/X
 _10674_/X
 _10675_/X
 _10676_/Y
 _10677_/Y
 _10678_/X
 _10679_/X
 _10680_/X
 _10681_/X
 _10682_/X
 _10683_/X
 _10684_/Y
 _10685_/Y
 _10686_/X
 _10687_/X
 _10688_/X
 _10689_/Y
 _10690_/Y
 _10691_/X
 _10692_/X
 _10693_/Y
 _10694_/X
 _10695_/X
 _10696_/X
 _10697_/X
 _10698_/X
 _10699_/Y
 _10700_/Y
 _10701_/X
 _10702_/X
 _10703_/X
 _10704_/Y
 _10705_/Y
 _10706_/X
 _10707_/X
 _10708_/Y
 _10709_/X
 _10710_/X
 _10711_/X
 _10712_/X
 _10713_/X
 _10714_/Y
 _10715_/Y
 _10716_/X
 _10717_/X
 _10718_/X
 _10719_/Y
 _10720_/Y
 _10721_/X
 _10722_/X
 _10723_/X
 _10724_/Y
 _10725_/Y
 _10726_/Y
 _10727_/X
 _10728_/X
 _10729_/Y
 _10730_/Y
 _10731_/X
 _10732_/X
 _10733_/X
 _10734_/X
 _10735_/Y
 _10736_/Y
 _10737_/X
 _10738_/X
 _10739_/Y
 _10740_/X
 _10741_/X
 _10742_/X
 _10743_/X
 _10744_/X
 _10745_/Y
 _10746_/X
 _10747_/Y
 _10748_/X
 _10749_/X
 _10750_/Y
 _10751_/X
 _10752_/Y
 _10753_/X
 _10754_/X
 _10755_/Y
 _10756_/Y
 _10757_/X
 _10758_/X
 _10759_/X
 _10760_/Y
 _10761_/Y
 _10762_/Y
 _10763_/X
 _10764_/X
 _10765_/Y
 _10766_/X
 _10767_/X
 _10768_/X
 _10769_/X
 _10770_/Y
 _10771_/X
 _10772_/X
 _10773_/X
 _10774_/Y
 _10775_/X
 _10776_/X
 _10777_/X
 _10778_/X
 _10779_/X
 _10780_/X
 _10781_/X
 _10782_/X
 _10783_/X
 _10784_/X
 _10785_/X
 _10786_/X
 _10787_/X
 _10788_/X
 _10789_/X
 _10790_/X
 _10791_/X
 _10792_/X
 _10793_/X
 _10794_/X
 _10795_/X
 _10796_/X
 _10797_/X
 _10798_/X
 _10799_/X
 _10800_/X
 _10801_/X
 _10802_/X
 _10803_/X
 _10804_/X
 _10805_/X
 _10806_/X
 _10807_/X
 _10808_/X
 _10809_/X
 _10810_/X
 _10811_/X
 _10812_/X
 _10813_/X
 _10814_/X
 _10815_/X
 _10816_/X
 _10817_/X
 _10818_/X
 _10819_/X
 _10820_/X
 _10821_/X
 _10822_/X
 _10823_/X
 _10824_/X
 _10825_/X
 _10826_/X
 _10827_/X
 _10828_/X
 _10829_/X
 _10830_/X
 _10831_/X
 _10832_/X
 _10833_/X
 _10834_/X
 _10835_/X
 _10836_/X
 _10837_/X
 _10838_/X
 _10839_/X
 _10840_/X
 _10841_/X
 _10842_/X
 _10843_/X
 _10844_/X
 _10845_/X
 _10846_/X
 _10847_/X
 _10848_/X
 _10849_/X
 _10850_/X
 _10851_/X
 _10852_/X
 _10853_/X
 _10854_/X
 _10855_/X
 _10856_/X
 _10857_/X
 _10858_/X
 _10859_/X
 _10860_/X
 _10861_/X
 _10862_/X
 _10863_/X
 _10864_/X
 _10865_/X
 _10866_/X
 _10867_/X
 _10868_/X
 _10869_/X
 _10870_/X
 _10871_/X
 _10872_/X
 _10873_/X
 _10874_/X
 _10875_/X
 _10876_/X
 _10877_/X
 _10878_/X
 _10879_/X
 _10880_/X
 _10881_/X
 _10882_/X
 _10883_/X
 _10884_/X
 _10885_/X
 _10886_/X
 _10887_/X
 _10888_/X
 _10889_/X
 _10890_/X
 _10891_/X
 _10892_/X
 _10893_/X
 _10894_/X
 _10895_/X
 _10896_/X
 _10897_/X
 _10898_/X
 _10899_/X
 _10900_/X
 _10901_/X
 _10902_/X
 _10903_/X
 _10904_/X
 _10905_/X
 _10906_/X
 _10907_/X
 _10908_/X
 _10909_/X
 _10910_/X
 _10911_/X
 _10912_/X
 _10913_/X
 _10914_/X
 _10915_/X
 _10916_/X
 _10917_/X
 _10918_/X
 _10919_/X
 _10920_/X
 _10921_/X
 _10922_/X
 _10923_/X
 _10924_/X
 _10925_/X
 _10926_/X
 _10927_/X
 _10928_/X
 _10929_/X
 _10930_/X
 _10931_/X
 _10932_/X
 _10933_/X
 _10934_/X
 _10935_/X
 _10936_/X
 _10937_/X
 _10938_/X
 _10939_/X
 _10940_/X
 _10941_/X
 _10942_/X
 _10943_/X
 _10944_/X
 _10945_/X
 _10946_/X
 _10947_/X
 _10948_/X
 _10949_/X
 _10950_/X
 _10951_/X
 _10952_/X
 _10953_/X
 _10954_/X
 _10955_/X
 _10956_/X
 _10957_/X
 _10958_/X
 _10959_/X
 _10960_/X
 _10961_/X
 _10962_/X
 _10963_/X
 _10964_/X
 _10965_/X
 _10966_/X
 _10967_/X
 _10968_/X
 _10969_/X
 _10970_/X
 _10971_/X
 _10972_/X
 _10973_/X
 _10974_/X
 _10975_/X
 _10976_/X
 _10977_/X
 _10978_/X
 _10979_/X
 _10980_/X
 _10981_/X
 _10982_/X
 _10983_/X
 _10984_/X
 _10985_/X
 _10986_/X
 _10987_/X
 _10988_/X
 _10989_/X
 _10990_/X
 _10991_/X
 _10992_/X
 _10993_/X
 _10994_/X
 _10995_/X
 _10996_/X
 _10997_/X
 _10998_/X
 _10999_/X
 _11000_/X
 _11001_/X
 _11002_/X
 _11003_/X
 _11004_/X
 _11005_/X
 _11006_/X
 _11007_/X
 _11008_/X
 _11009_/X
 _11010_/X
 _11011_/X
 _11012_/Y
 _11013_/Y
 _11014_/Y
 _11015_/Y
 _11016_/Y
 _11017_/Y
 _11018_/X
 _11019_/X
 _11020_/Y
 _11021_/Y
 _11022_/X
 _11023_/X
 _11024_/X
 _11025_/X
 _11026_/X
 _11027_/X
 _11028_/X
 _11029_/X
 _11030_/X
 _11031_/X
 _11032_/X
 _11033_/X
 _11034_/X
 _11035_/X
 _11036_/X
 _11037_/X
 _11038_/X
 _11039_/X
 _11040_/X
 _11041_/X
 _11042_/X
 _11043_/X
 _11044_/X
 _11045_/X
 _11046_/X
 _11047_/X
 _11048_/X
 _11049_/X
 _11050_/X
 _11051_/X
 _11052_/X
 _11053_/X
 _11054_/X
 _11055_/X
 _11056_/X
 _11057_/X
 _11058_/X
 _11059_/X
 _11060_/X
 _11061_/X
 _11062_/X
 _11063_/X
 _11064_/X
 _11065_/X
 _11066_/X
 _11067_/X
 _11068_/X
 _11069_/X
 _11070_/X
 _11071_/X
 _11072_/X
 _11073_/X
 _11074_/X
 _11075_/X
 _11076_/X
 _11077_/X
 _11078_/X
 _11079_/X
 _11080_/X
 _11081_/X
 _11082_/X
 _11083_/X
 _11084_/X
 _11085_/X
 _11086_/X
 _11087_/X
 _11088_/X
 _11089_/X
 _11090_/X
 _11091_/X
 _11092_/X
 _11093_/X
 _11094_/X
 _11095_/X
 _11096_/X
 _11097_/X
 _11098_/X
 _11099_/X
 _11100_/X
 _11101_/X
 _11102_/X
 _11103_/X
 _11104_/X
 _11105_/X
 _11106_/X
 _11107_/X
 _11108_/X
 _11109_/X
 _11110_/X
 _11111_/X
 _11112_/X
 _11113_/X
 _11114_/X
 _11115_/X
 _11116_/X
 _11117_/X
 _11118_/X
 _11119_/X
 _11120_/X
 _11121_/X
 _11122_/X
 _11123_/X
 _11124_/X
 _11125_/X
 _11126_/X
 _11127_/X
 _11128_/X
 _11129_/X
 _11130_/X
 _11131_/X
 _11132_/X
 _11133_/X
 _11134_/X
 _11135_/X
 _11136_/X
 _11137_/X
 _11138_/X
 _11139_/X
 _11140_/X
 _11141_/X
 _11142_/X
 _11143_/X
 _11144_/X
 _11145_/X
 _11146_/X
 _11147_/X
 _11148_/X
 _11149_/X
 _11150_/X
 _11151_/X
 _11152_/X
 _11153_/X
 _11154_/X
 _11155_/X
 _11156_/X
 _11157_/X
 _11158_/X
 _11159_/X
 _11160_/X
 _11161_/X
 _11162_/X
 _11163_/X
 _11164_/X
 _11165_/X
 _11166_/X
 _11167_/X
 _11168_/X
 _11169_/X
 _11170_/X
 _11171_/X
 _11172_/X
 _11173_/X
 _11174_/X
 _11175_/X
 _11176_/X
 _11177_/X
 _11178_/X
 _11179_/X
 _11180_/X
 _11181_/X
 _11182_/X
 _11183_/X
 _11184_/X
 _11185_/X
 _11186_/X
 _11187_/X
 _11188_/X
 _11189_/X
 _11190_/X
 _11191_/X
 _11192_/X
 _11193_/X
 _11194_/X
 _11195_/X
 _11196_/Y
 _11197_/X
 _11198_/X
 _11199_/X
 _11200_/X
 _11201_/X
 _11202_/X
 _11203_/X
 _11204_/X
 _11205_/X
 _11206_/X
 _11207_/X
 _11208_/X
 _11209_/X
 _11210_/X
 _11211_/X
 _11212_/X
 _11213_/X
 _11214_/X
 _11215_/X
 _11216_/X
 _11217_/X
 _11218_/X
 _11219_/X
 _11220_/X
 _11221_/X
 _11222_/X
 _11223_/X
 _11224_/X
 _11225_/X
 _11226_/X
 _11227_/X
 _11228_/X
 _11229_/X
 _11230_/X
 _11231_/X
 _11232_/X
 _11233_/X
 _11234_/X
 _11235_/X
 _11236_/Y
 _11237_/X
 _11238_/X
 _11239_/X
 _11240_/X
 _11241_/X
 _11242_/X
 _11243_/X
 _11244_/Y
 _11245_/X
 _11246_/X
 _11247_/X
 _11248_/X
 _11249_/X
 _11250_/X
 _11251_/Y
 _11252_/Y
 _11253_/X
 _11254_/X
 _11255_/X
 _11256_/X
 _11257_/X
 _11258_/X
 _11259_/Y
 _11260_/X
 _11261_/X
 _11262_/X
 _11263_/X
 _11264_/X
 _11265_/X
 _11266_/X
 _11267_/X
 _11268_/X
 _11269_/X
 _11270_/X
 _11271_/X
 _11272_/Y
 _11273_/Y
 _11274_/X
 _11275_/X
 _11276_/X
 _11277_/X
 _11278_/X
 _11279_/X
 _11280_/X
 _11281_/X
 _11282_/X
 _11283_/X
 _11284_/X
 _11285_/X
 _11286_/X
 _11287_/X
 _11288_/X
 _11289_/X
 _11290_/X
 _11291_/X
 _11292_/X
 _11293_/X
 _11294_/X
 _11295_/X
 _11296_/X
 _11297_/X
 _11298_/X
 _11299_/X
 _11300_/Y
 _11301_/X
 _11302_/X
 _11303_/X
 _11304_/X
 _11305_/X
 _11306_/X
 _11307_/X
 _11308_/Y
 _11309_/X
 _11310_/X
 _11311_/X
 _11312_/X
 _11313_/X
 _11314_/X
 _11315_/Y
 _11316_/X
 _11317_/X
 _11318_/X
 _11319_/X
 _11320_/X
 _11321_/X
 _11322_/X
 _11323_/Y
 _11324_/X
 _11325_/X
 _11326_/X
 _11327_/X
 _11328_/X
 _11329_/X
 _11330_/Y
 _11331_/X
 _11332_/X
 _11333_/X
 _11334_/X
 _11335_/X
 _11336_/X
 _11337_/Y
 _11338_/X
 _11339_/X
 _11340_/X
 _11341_/X
 _11342_/X
 _11343_/X
 _11344_/X
 _11345_/Y
 _11346_/X
 _11347_/X
 _11348_/X
 _11349_/X
 _11350_/X
 _11351_/X
 _11352_/Y
 _11353_/X
 _11354_/X
 _11355_/X
 _11356_/X
 _11357_/X
 _11358_/X
 _11359_/X
 _11360_/Y
 _11361_/Y
 _11362_/X
 _11363_/X
 _11364_/X
 _11365_/X
 _11366_/X
 _11367_/Y
 _11368_/Y
 _11369_/X
 _11370_/X
 _11371_/X
 _11372_/X
 _11373_/Y
 _11374_/Y
 _11375_/X
 _11376_/X
 _11377_/X
 _11378_/Y
 _11379_/Y
 _11380_/X
 _11381_/X
 _11382_/X
 _11383_/X
 _11384_/X
 _11385_/X
 _11386_/X
 _11387_/X
 _11388_/X
 _11389_/X
 _11390_/Y
 _11391_/Y
 _11392_/X
 _11393_/X
 _11394_/X
 _11395_/Y
 _11396_/Y
 _11397_/X
 _11398_/X
 _11399_/X
 _11400_/X
 _11401_/X
 _11402_/X
 _11403_/X
 _11404_/X
 _11405_/X
 _11406_/X
 _11407_/Y
 _11408_/Y
 _11409_/X
 _11410_/X
 _11411_/X
 _11412_/Y
 _11413_/Y
 _11414_/X
 _11415_/X
 _11416_/X
 _11417_/X
 _11418_/X
 _11419_/X
 _11420_/X
 _11421_/X
 _11422_/X
 _11423_/X
 _11424_/Y
 _11425_/Y
 _11426_/X
 _11427_/X
 _11428_/X
 _11429_/Y
 _11430_/Y
 _11431_/X
 _11432_/X
 _11433_/X
 _11434_/X
 _11435_/X
 _11436_/X
 _11437_/X
 _11438_/X
 _11439_/X
 _11440_/Y
 _11441_/Y
 _11442_/X
 _11443_/X
 _11444_/X
 _11445_/X
 _11446_/Y
 _11447_/X
 _11448_/X
 _11449_/X
 _11450_/X
 _11451_/Y
 _11452_/Y
 _11453_/X
 _11454_/Y
 _11455_/X
 _11456_/X
 _11457_/X
 _11458_/X
 _11459_/X
 _11460_/X
 _11461_/X
 _11462_/X
 _11463_/X
 _11464_/X
 _11465_/X
 _11466_/X
 _11467_/X
 _11468_/X
 _11469_/X
 _11470_/X
 _11471_/X
 _11472_/X
 _11473_/X
 _11474_/X
 _11475_/X
 _11476_/X
 _11477_/X
 _11478_/X
 _11479_/X
 _11480_/X
 _11481_/X
 _11482_/X
 _11483_/X
 _11484_/X
 _11485_/X
 _11486_/X
 _11487_/X
 _11488_/X
 _11489_/X
 _11490_/X
 _11491_/X
 _11492_/X
 _11493_/X
 _11494_/X
 _11495_/X
 _11496_/X
 _11497_/X
 _11498_/X
 _11499_/X
 _11500_/X
 _11501_/X
 _11502_/X
 _11503_/X
 _11504_/X
 _11505_/X
 _11506_/X
 _11507_/X
 _11508_/X
 _11509_/X
 _11510_/X
 _11511_/X
 _11512_/X
 _11513_/X
 _11514_/X
 _11515_/X
 _11516_/X
 _11517_/X
 _11518_/X
 _11519_/X
 _11520_/X
 _11521_/X
 _11522_/X
 _11523_/X
 _11524_/X
 _11525_/X
 _11526_/X
 _11527_/X
 _11528_/X
 _11529_/X
 _11530_/X
 _11531_/X
 _11532_/X
 _11533_/X
 _11534_/X
 _11535_/X
 _11536_/X
 _11537_/X
 _11538_/X
 _11539_/Y
 _11540_/Y
 _11541_/Y
 _11542_/X
 _11543_/X
 _11544_/Y
 _11545_/Y
 _11546_/X
 _11547_/X
 _11548_/Y
 _11549_/X
 _11550_/Y
 _11551_/X
 _11552_/Y
 _11553_/X
 _11554_/X
 _11555_/X
 _11556_/X
 _11557_/X
 _11558_/Y
 _11559_/X
 _11560_/Y
 _11561_/X
 _11562_/Y
 _11563_/X
 _11564_/X
 _11565_/X
 _11566_/X
 _11567_/X
 _11568_/Y
 _11569_/X
 _11570_/X
 _11571_/X
 _11572_/X
 _11573_/Y
 _11574_/X
 _11575_/X
 _11576_/X
 _11577_/X
 _11578_/Y
 _11579_/X
 _11580_/Y
 _11581_/X
 _11582_/Y
 _11583_/X
 _11584_/X
 _11585_/Y
 _11586_/X
 _11587_/Y
 _11588_/X
 _11589_/Y
 _11590_/Y
 _11591_/X
 _11592_/Y
 _11593_/X
 _11594_/Y
 _11595_/X
 _11596_/X
 _11597_/X
 _11598_/Y
 _11599_/X
 _11600_/X
 _11601_/X
 _11602_/Y
 _11603_/X
 _11604_/X
 _11605_/X
 _11606_/X
 _11607_/Y
 _11608_/X
 _11609_/X
 _11610_/X
 _11611_/Y
 _11612_/X
 _11613_/X
 _11614_/X
 _11615_/X
 _11616_/Y
 _11617_/X
 _11618_/Y
 _11619_/X
 _11620_/X
 _11621_/X
 _11622_/Y
 _11623_/X
 _11624_/X
 _11625_/X
 _11626_/Y
 _11627_/X
 _11628_/X
 _11629_/X
 _11630_/X
 _11631_/X
 _11632_/Y
 _11633_/X
 _11634_/X
 _11635_/X
 _11636_/X
 _11637_/Y
 _11638_/X
 _11639_/X
 _11640_/Y
 _11641_/X
 _11642_/X
 _11643_/Y
 _11644_/X
 _11645_/Y
 _11646_/Y
 _11647_/X
 _11648_/Y
 _11649_/X
 _11650_/X
 _11651_/Y
 _11652_/X
 _11653_/X
 _11654_/Y
 _11655_/X
 _11656_/X
 _11657_/X
 _11658_/X
 _11659_/Y
 _11660_/X
 _11661_/X
 _11662_/X
 _11663_/X
 _11664_/X
 _11665_/Y
 _11666_/Y
 _11667_/X
 _11668_/Y
 _11669_/X
 _11670_/X
 _11671_/X
 _11672_/Y
 _11673_/X
 _11674_/X
 _11675_/X
 _11676_/Y
 _11677_/X
 _11678_/X
 _11679_/X
 _11680_/Y
 _11681_/X
 _11682_/X
 _11683_/Y
 _11684_/Y
 _11685_/Y
 _11686_/X
 _11687_/X
 _11688_/Y
 _11689_/X
 _11690_/X
 _11691_/X
 _11692_/X
 _11693_/X
 _11694_/X
 _11695_/X
 _11696_/X
 _11697_/X
 _11698_/X
 _11699_/X
 _11700_/X
 _11701_/X
 _11702_/X
 _11703_/X
 _11704_/X
 _11705_/X
 _11706_/X
 _11707_/X
 _11708_/X
 _11709_/Y
 _11710_/X
 _11711_/X
 _11712_/X
 _11713_/X
 _11714_/X
 _11715_/X
 _11716_/X
 _11717_/X
 _11718_/X
 _11719_/Y
 _11720_/X
 _11721_/X
 _11722_/X
 _11723_/X
 _11724_/X
 _11725_/X
 _11726_/Y
 _11727_/X
 _11728_/X
 _11729_/X
 _11730_/X
 _11731_/X
 _11732_/X
 _11733_/X
 _11734_/X
 _11735_/X
 _11736_/X
 _11737_/Y
 _11738_/X
 _11739_/X
 _11740_/X
 _11741_/X
 _11742_/X
 _11743_/X
 _11744_/X
 _11745_/X
 _11746_/X
 _11747_/X
 _11748_/Y
 _11749_/X
 _11750_/X
 _11751_/Y
 _11752_/X
 _11753_/X
 _11754_/X
 _11755_/X
 _11756_/X
 _11757_/X
 _11758_/X
 _11759_/X
 _11760_/X
 _11761_/X
 _11762_/Y
 _11763_/X
 _11764_/X
 _11765_/X
 _11766_/X
 _11767_/X
 _11768_/X
 _11769_/Y
 _11770_/X
 _11771_/X
 _11772_/X
 _11773_/X
 _11774_/X
 _11775_/X
 _11776_/X
 _11777_/X
 _11778_/X
 _11779_/X
 _11780_/X
 _11781_/X
 _11782_/X
 _11783_/X
 _11784_/X
 _11785_/X
 _11786_/X
 _11787_/X
 _11788_/Y
 _11789_/Y
 _11790_/X
 _11791_/X
 _11792_/X
 _11793_/X
 _11794_/X
 _11795_/X
 _11796_/X
 _11797_/X
 _11798_/X
 _11799_/X
 _11800_/X
 _11801_/X
 _11802_/X
 _11803_/X
 _11804_/X
 _11805_/X
 _11806_/X
 _11807_/X
 _11808_/X
 _11809_/X
 _11810_/X
 _11811_/X
 _11812_/X
 _11813_/X
 _11814_/X
 _11815_/Y
 _11816_/X
 _11817_/X
 _11818_/X
 _11819_/Y
 _11820_/Y
 _11821_/Y
 _11822_/X
 _11823_/X
 _11824_/Y
 _11825_/Y
 _11826_/X
 _11827_/Y
 _11828_/Y
 _11829_/Y
 _11830_/Y
 _11831_/X
 _11832_/Y
 _11833_/X
 _11834_/Y
 _11835_/Y
 _11836_/X
 _11837_/X
 _11838_/Y
 _11839_/X
 _11840_/Y
 _11841_/X
 _11842_/X
 _11843_/X
 _11844_/X
 _11845_/X
 _11846_/X
 _11847_/X
 _11848_/X
 _11849_/X
 _11850_/X
 _11851_/X
 _11852_/X
 _11853_/X
 _11854_/X
 _11855_/X
 _11856_/X
 _11857_/X
 _11858_/X
 _11859_/X
 _11860_/X
 _11861_/X
 _11862_/X
 _11863_/X
 _11864_/X
 _11865_/X
 _11866_/X
 _11867_/X
 _11868_/X
 _11869_/X
 _11870_/X
 _11871_/X
 _11872_/X
 _11873_/X
 _11874_/X
 _11875_/X
 _11876_/X
 _11877_/X
 _11878_/X
 _11879_/X
 _11880_/X
 _11881_/X
 _11882_/X
 _11883_/X
 _11884_/X
 _11885_/X
 _11886_/X
 _11887_/X
 _11888_/X
 _11889_/X
 _11890_/X
 _11891_/X
 _11892_/X
 _11893_/X
 _11894_/X
 _11895_/X
 _11896_/X
 _11897_/X
 _11898_/X
 _11899_/X
 _11900_/X
 _11901_/X
 _11902_/X
 _11903_/X
 _11904_/X
 _11905_/Y
 _11906_/Y
 _11907_/Y
 _11908_/Y
 _11909_/X
 _11910_/Y
 _11911_/Y
 _11912_/X
 _11913_/X
 _11914_/X
 _11915_/Y
 _11916_/Y
 _11917_/Y
 _11918_/Y
 _11919_/X
 _11920_/X
 _11921_/X
 _11922_/Y
 _11923_/X
 _11924_/Y
 _11925_/X
 _11926_/X
 _11927_/X
 _11928_/Y
 _11929_/Y
 _11930_/X
 _11931_/Y
 _11932_/X
 _11933_/X
 _11934_/X
 _11935_/Y
 _11936_/Y
 _11937_/X
 _11938_/Y
 _11939_/X
 _11940_/X
 _11941_/X
 _11942_/X
 _11943_/X
 _11944_/X
 _11945_/X
 _11946_/X
 _11947_/X
 _11948_/X
 _11949_/X
 _11950_/X
 _11951_/X
 _11952_/X
 _11953_/X
 _11954_/X
 _11955_/X
 _11956_/X
 _11957_/Y
 _11958_/X
 _11959_/X
 _11960_/X
 _11961_/Y
 _11962_/X
 _11963_/X
 _11964_/X
 _11965_/X
 _11966_/X
 _11967_/X
 _11968_/X
 _11969_/X
 _11970_/Y
 _11971_/X
 _11972_/Y
 _11973_/X
 _11974_/X
 _11975_/X
 _11976_/X
 _11977_/Y
 _11978_/X
 _11979_/Y
 _11980_/X
 _11981_/X
 _11982_/X
 _11983_/X
 _11984_/X
 _11985_/X
 _11986_/Y
 _11987_/X
 _11988_/X
 _11989_/X
 _11990_/X
 _11991_/Y
 _11992_/X
 _11993_/X
 _11994_/Y
 _11995_/X
 _11996_/Y
 _11997_/X
 _11998_/X
 _11999_/Y
 _12000_/X
 _12001_/X
 _12002_/Y
 _12003_/Y
 _12004_/X
 _12005_/X
 _12006_/X
 _12007_/X
 _12008_/X
 _12009_/Y
 _12010_/Y
 _12011_/X
 _12012_/X
 _12013_/X
 _12014_/X
 _12015_/X
 _12016_/X
 _12017_/X
 _12018_/X
 _12019_/X
 _12020_/X
 _12021_/X
 _12022_/X
 _12023_/X
 _12024_/X
 _12025_/X
 _12026_/X
 _12027_/Y
 _12028_/X
 _12029_/Y
 _12030_/Y
 _12031_/X
 _12032_/Y
 _12033_/X
 _12034_/X
 _12035_/Y
 _12036_/X
 _12037_/X
 _12038_/X
 _12039_/X
 _12040_/Y
 _12041_/X
 _12042_/X
 _12043_/X
 _12044_/X
 _12045_/X
 _12046_/X
 _12047_/X
 _12048_/X
 _12049_/X
 _12050_/X
 _12051_/Y
 _12052_/X
 _12053_/Y
 _12054_/X
 _12055_/X
 _12056_/X
 _12057_/X
 _12058_/X
 _12059_/X
 _12060_/X
 _12061_/X
 _12062_/X
 _12063_/Y
 _12064_/X
 _12065_/X
 _12066_/X
 _12067_/Y
 _12068_/X
 _12069_/Y
 _12070_/X
 _12071_/X
 _12072_/Y
 _12073_/Y
 _12074_/X
 _12075_/X
 _12076_/X
 _12077_/Y
 _12078_/X
 _12079_/X
 _12080_/X
 _12081_/Y
 _12082_/X
 _12083_/X
 _12084_/X
 _12085_/X
 _12086_/Y
 _12087_/X
 _12088_/Y
 _12089_/X
 _12090_/X
 _12091_/X
 _12092_/Y
 _12093_/X
 _12094_/X
 _12095_/X
 _12096_/Y
 _12097_/Y
 _12098_/X
 _12099_/Y
 _12100_/X
 _12101_/X
 _12102_/X
 _12103_/X
 _12104_/X
 _12105_/Y
 _12106_/X
 _12107_/X
 _12108_/X
 _12109_/X
 _12110_/X
 _12111_/X
 _12112_/X
 _12113_/X
 _12114_/X
 _12115_/X
 _12116_/Y
 _12117_/Y
 _12118_/X
 _12119_/X
 _12120_/Y
 _12121_/X
 _12122_/X
 _12123_/Y
 _12124_/X
 _12125_/X
 _12126_/X
 _12127_/X
 _12128_/X
 _12129_/X
 _12130_/Y
 _12131_/Y
 _12132_/X
 _12133_/X
 _12134_/Y
 _12135_/X
 _12136_/X
 _12137_/Y
 _12138_/X
 _12139_/X
 _12140_/X
 _12141_/X
 _12142_/X
 _12143_/Y
 _12144_/Y
 _12145_/X
 _12146_/Y
 _12147_/X
 _12148_/X
 _12149_/X
 _12150_/X
 _12151_/X
 _12152_/X
 _12153_/X
 _12154_/X
 _12155_/X
 _12156_/X
 _12157_/Y
 _12158_/X
 _12159_/X
 _12160_/Y
 _12161_/Y
 _12162_/X
 _12163_/X
 _12164_/X
 _12165_/X
 _12166_/Y
 _12167_/X
 _12168_/X
 _12169_/X
 _12170_/X
 _12171_/X
 _12172_/X
 _12173_/Y
 _12174_/X
 _12175_/Y
 _12176_/X
 _12177_/X
 _12178_/Y
 _12179_/X
 _12180_/X
 _12181_/X
 _12182_/X
 _12183_/X
 _12184_/X
 _12185_/Y
 _12186_/Y
 _12187_/X
 _12188_/Y
 _12189_/X
 _12190_/Y
 _12191_/X
 _12192_/X
 _12193_/X
 _12194_/X
 _12195_/X
 _12196_/Y
 _12197_/X
 _12198_/Y
 _12199_/X
 _12200_/X
 _12201_/Y
 _12202_/X
 _12203_/X
 _12204_/Y
 _12205_/X
 _12206_/X
 _12207_/X
 _12208_/X
 _12209_/X
 _12210_/X
 _12211_/X
 _12212_/X
 _12213_/X
 _12214_/X
 _12215_/Y
 _12216_/X
 _12217_/X
 _12218_/X
 _12219_/X
 _12220_/Y
 _12221_/Y
 _12222_/X
 _12223_/X
 _12224_/X
 _12225_/X
 _12226_/X
 _12227_/X
 _12228_/Y
 _12229_/X
 _12230_/X
 _12231_/Y
 _12232_/X
 _12233_/Y
 _12234_/X
 _12235_/X
 _12236_/X
 _12237_/X
 _12238_/Y
 _12239_/X
 _12240_/X
 _12241_/Y
 _12242_/Y
 _12243_/X
 _12244_/Y
 _12245_/Y
 _12246_/X
 _12247_/X
 _12248_/X
 _12249_/X
 _12250_/X
 _12251_/X
 _12252_/X
 _12253_/X
 _12254_/X
 _12255_/Y
 _12256_/X
 _12257_/Y
 _12258_/X
 _12259_/X
 _12260_/Y
 _12261_/X
 _12262_/X
 _12263_/X
 _12264_/X
 _12265_/X
 _12266_/X
 _12267_/X
 _12268_/Y
 _12269_/X
 _12270_/X
 _12271_/X
 _12272_/Y
 _12273_/X
 _12274_/X
 _12275_/X
 _12276_/X
 _12277_/X
 _12278_/Y
 _12279_/X
 _12280_/Y
 _12281_/X
 _12282_/X
 _12283_/X
 _12284_/Y
 _12285_/X
 _12286_/Y
 _12287_/X
 _12288_/X
 _12289_/X
 _12290_/Y
 _12291_/X
 _12292_/Y
 _12293_/X
 _12294_/X
 _12295_/X
 _12296_/X
 _12297_/X
 _12298_/Y
 _12299_/X
 _12300_/Y
 _12301_/X
 _12302_/X
 _12303_/X
 _12304_/X
 _12305_/X
 _12306_/Y
 _12307_/X
 _12308_/Y
 _12309_/X
 _12310_/X
 _12311_/X
 _12312_/X
 _12313_/X
 _12314_/X
 _12315_/X
 _12316_/X
 _12317_/X
 _12318_/X
 _12319_/Y
 _12320_/X
 _12321_/X
 _12322_/X
 _12323_/X
 _12324_/X
 _12325_/X
 _12326_/X
 _12327_/X
 _12328_/X
 _12329_/X
 _12330_/X
 _12331_/X
 _12332_/Y
 _12333_/X
 _12334_/X
 _12335_/Y
 _12336_/X
 _12337_/X
 _12338_/X
 _12339_/X
 _12340_/X
 _12341_/X
 _12342_/X
 _12343_/X
 _12344_/X
 _12345_/X
 _12346_/X
 _12347_/X
 _12348_/X
 _12349_/X
 _12350_/X
 _12351_/X
 _12352_/X
 _12353_/X
 _12354_/X
 _12355_/X
 _12356_/X
 _12357_/X
 _12358_/X
 _12359_/X
 _12360_/X
 _12361_/X
 _12362_/X
 _12363_/Y
 _12364_/X
 _12365_/Y
 _12366_/X
 _12367_/Y
 _12368_/X
 _12369_/Y
 _12370_/X
 _12371_/X
 _12372_/X
 _12373_/X
 _12374_/X
 _12375_/X
 _12376_/X
 _12377_/X
 _12378_/X
 _12379_/X
 _12380_/X
 _12381_/X
 _12382_/X
 _12383_/X
 _12384_/X
 _12385_/X
 _12386_/X
 _12387_/X
 _12388_/X
 _12389_/X
 _12390_/X
 _12391_/X
 _12392_/X
 _12393_/X
 _12394_/X
 _12395_/X
 _12396_/X
 _12397_/X
 _12398_/X
 _12399_/X
 _12400_/X
 _12401_/X
 _12402_/Y
 _12403_/X
 _12404_/Y
 _12405_/X
 _12406_/X
 _12407_/X
 _12408_/Y
 _12409_/X
 _12410_/X
 _12411_/X
 _12412_/X
 _12413_/X
 _12414_/X
 _12415_/X
 _12416_/X
 _12417_/Y
 _12418_/X
 _12419_/Y
 _12420_/X
 _12421_/X
 _12422_/Y
 _12423_/X
 _12424_/X
 _12425_/Y
 _12426_/X
 _12427_/X
 _12428_/X
 _12429_/Y
 _12430_/Y
 _12431_/X
 _12432_/Y
 _12433_/X
 _12434_/Y
 _12435_/X
 _12436_/Y
 _12437_/X
 _12438_/Y
 _12439_/X
 _12440_/Y
 _12441_/Y
 _12442_/X
 _12443_/X
 _12444_/X
 _12445_/Y
 _12446_/X
 _12447_/X
 _12448_/Y
 _12449_/X
 _12450_/Y
 _12451_/Y
 _12452_/Y
 _12453_/X
 _12454_/X
 _12455_/Y
 _12456_/X
 _12457_/Y
 _12458_/X
 _12459_/Y
 _12460_/X
 _12461_/Y
 _12462_/X
 _12463_/Y
 _12464_/X
 _12465_/X
 _12466_/Y
 _12467_/X
 _12468_/X
 _12469_/X
 _12470_/Y
 _12471_/X
 _12472_/Y
 _12473_/X
 _12474_/X
 _12475_/X
 _12476_/Y
 _12477_/X
 _12478_/X
 _12479_/Y
 _12480_/X
 _12481_/X
 _12482_/Y
 _12483_/Y
 _12484_/X
 _12485_/X
 _12486_/X
 _12487_/X
 _12488_/Y
 _12489_/X
 _12490_/X
 _12491_/X
 _12492_/Y
 _12493_/X
 _12494_/X
 _12495_/X
 _12496_/Y
 _12497_/Y
 _12498_/X
 _12499_/X
 _12500_/Y
 _12501_/X
 _12502_/X
 _12503_/X
 _12504_/Y
 _12505_/Y
 _12506_/X
 _12507_/Y
 _12508_/Y
 _12509_/X
 _12510_/X
 _12511_/Y
 _12512_/Y
 _12513_/X
 _12514_/X
 _12515_/Y
 _12516_/X
 _12517_/X
 _12518_/X
 _12519_/Y
 _12520_/Y
 _12521_/X
 _12522_/X
 _12523_/Y
 _12524_/Y
 _12525_/X
 _12526_/X
 _12527_/Y
 _12528_/Y
 _12529_/X
 _12530_/X
 _12531_/Y
 _12532_/Y
 _12533_/X
 _12534_/X
 _12535_/Y
 _12536_/X
 _12537_/X
 _12538_/X
 _12539_/Y
 _12540_/Y
 _12541_/X
 _12542_/X
 _12543_/Y
 _12544_/Y
 _12545_/X
 _12546_/Y
 _12547_/X
 _12548_/X
 _12549_/X
 _12550_/X
 _12551_/Y
 _12552_/Y
 _12553_/X
 _12554_/X
 _12555_/Y
 _12556_/Y
 _12557_/X
 _12558_/Y
 _12559_/X
 _12560_/X
 _12561_/X
 _12562_/X
 _12563_/Y
 _12564_/Y
 _12565_/X
 _12566_/X
 _12567_/Y
 _12568_/Y
 _12569_/X
 _12570_/Y
 _12571_/X
 _12572_/X
 _12573_/X
 _12574_/X
 _12575_/Y
 _12576_/Y
 _12577_/X
 _12578_/X
 _12579_/Y
 _12580_/Y
 _12581_/X
 _12582_/Y
 _12583_/X
 _12584_/X
 _12585_/X
 _12586_/X
 _12587_/Y
 _12588_/Y
 _12589_/X
 _12590_/X
 _12591_/Y
 _12592_/Y
 _12593_/X
 _12594_/Y
 _12595_/X
 _12596_/X
 _12597_/X
 _12598_/X
 _12599_/Y
 _12600_/Y
 _12601_/X
 _12602_/X
 _12603_/Y
 _12604_/X
 _12605_/X
 _12606_/X
 _12607_/X
 _12608_/X
 _12609_/Y
 _12610_/X
 _12611_/X
 _12612_/X
 _12613_/X
 _12614_/X
 _12615_/X
 _12616_/X
 _12617_/X
 _12618_/X
 _12619_/X
 _12620_/X
 _12621_/X
 _12622_/X
 _12623_/X
 _12624_/X
 _12625_/X
 _12626_/X
 _12627_/X
 _12628_/X
 _12629_/X
 _12630_/X
 _12631_/X
 _12632_/X
 _12633_/X
 _12634_/X
 _12635_/X
 _12636_/X
 _12637_/X
 _12638_/X
 _12639_/X
 _12640_/X
 _12641_/X
 _12642_/X
 _12643_/X
 _12644_/X
 _12645_/X
 _12646_/X
 _12647_/X
 _12648_/X
 _12649_/X
 _12650_/X
 _12651_/X
 _12652_/X
 _12653_/X
 _12654_/X
 _12655_/X
 _12656_/X
 _12657_/X
 _12658_/X
 _12659_/X
 _12660_/X
 _12661_/X
 _12662_/X
 _12663_/X
 _12664_/X
 _12665_/X
 _12666_/X
 _12667_/X
 _12668_/X
 _12669_/X
 _12670_/X
 _12671_/X
 _12672_/X
 _12673_/X
 _12674_/X
 _12675_/X
 _12676_/X
 _12677_/X
 _12678_/X
 _12679_/X
 _12680_/X
 _12681_/X
 _12682_/X
 _12683_/X
 _12684_/X
 _12685_/X
 _12686_/X
 _12687_/X
 _12688_/X
 _12689_/X
 _12690_/X
 _12691_/X
 _12692_/X
 _12693_/X
 _12694_/X
 _12695_/X
 _12696_/X
 _12697_/X
 _12698_/X
 _12699_/X
 _12700_/X
 _12701_/X
 _12702_/X
 _12703_/X
 _12704_/X
 _12705_/X
 _12706_/X
 _12707_/X
 _12708_/X
 _12709_/Y
 _12710_/Y
 _12711_/X
 _12712_/Y
 _12713_/X
 _12714_/X
 _12715_/X
 _12716_/Y
 _12717_/X
 _12718_/X
 _12719_/X
 _12720_/X
 _12721_/Y
 _12722_/X
 _12723_/X
 _12724_/X
 _12725_/X
 _12726_/X
 _12727_/Y
 _12728_/X
 _12729_/X
 _12730_/X
 _12731_/X
 _12732_/X
 _12733_/X
 _12734_/Y
 _12735_/Y
 _12736_/X
 _12737_/X
 _12738_/X
 _12739_/Y
 _12740_/X
 _12741_/Y
 _12742_/X
 _12743_/X
 _12744_/Y
 _12745_/Y
 _12746_/Y
 _12747_/X
 _12748_/X
 _12749_/X
 _12750_/X
 _12751_/Y
 _12752_/X
 _12753_/X
 _12754_/X
 _12755_/Y
 _12756_/X
 _12757_/Y
 _12758_/X
 _12759_/Y
 _12760_/Y
 _12761_/X
 _12762_/X
 _12763_/X
 _12764_/X
 _12765_/Y
 _12766_/X
 _12767_/X
 _12768_/Y
 _12769_/X
 _12770_/X
 _12771_/X
 _12772_/X
 _12773_/X
 _12774_/Y
 _12775_/Y
 _12776_/Y
 _12777_/X
 _12778_/Y
 _12779_/X
 _12780_/Y
 _12781_/X
 _12782_/X
 _12783_/Y
 _12784_/X
 _12785_/Y
 _12786_/X
 _12787_/X
 _12788_/X
 _12789_/Y
 _12790_/X
 _12791_/X
 _12792_/Y
 _12793_/Y
 _12794_/Y
 _12795_/X
 _12796_/X
 _12797_/Y
 _12798_/Y
 _12799_/Y
 _12800_/Y
 _12801_/Y
 _12802_/Y
 _12803_/X
 _12804_/X
 _12805_/X
 _12806_/X
 _12807_/X
 _12808_/X
 _12809_/X
 _12810_/Y
 _12811_/Y
 _12812_/X
 _12813_/Y
 _12814_/Y
 _12815_/X
 _12816_/Y
 _12817_/Y
 _12818_/Y
 _12819_/Y
 _12820_/Y
 _12821_/X
 _12822_/X
 _12823_/Y
 _12824_/X
 _12825_/Y
 _12826_/X
 _12827_/X
 _12828_/Y
 _12829_/X
 _12830_/Y
 _12831_/Y
 _12832_/Y
 _12833_/X
 _12834_/X
 _12835_/X
 _12836_/Y
 _12837_/Y
 _12838_/X
 _12839_/Y
 _12840_/X
 _12841_/Y
 _12842_/X
 _12843_/Y
 _12844_/X
 _12845_/Y
 _12846_/X
 _12847_/X
 _12848_/X
 _12849_/Y
 _12850_/X
 _12851_/X
 _12852_/X
 _12853_/X
 _12854_/X
 _12855_/X
 _12856_/X
 _12857_/X
 _12858_/X
 _12859_/X
 _12860_/X
 _12861_/X
 _12862_/X
 _12863_/X
 _12864_/Y
 _12865_/X
 _12866_/Y
 _12867_/Y
 _12868_/X
 _12869_/X
 _12870_/Y
 _12871_/Y
 _12872_/X
 _12873_/X
 _12874_/X
 _12875_/X
 _12876_/Y
 _12877_/X
 _12878_/X
 _12879_/X
 _12880_/X
 _12881_/X
 _12882_/X
 _12883_/X
 _12884_/X
 _12885_/X
 _12886_/Y
 _12887_/X
 _12888_/X
 _12889_/X
 _12890_/Y
 _12891_/X
 _12892_/X
 _12893_/X
 _12894_/X
 _12895_/Y
 _12896_/X
 _12897_/X
 _12898_/X
 _12899_/X
 _12900_/X
 _12901_/X
 _12902_/X
 _12903_/X
 _12904_/X
 _12905_/X
 _12906_/X
 _12907_/X
 _12908_/X
 _12909_/X
 _12910_/X
 _12911_/X
 _12912_/Y
 _12913_/Y
 _12914_/Y
 _12915_/Y
 _12916_/X
 _12917_/X
 _12918_/X
 _12919_/Y
 _12920_/X
 _12921_/X
 _12922_/X
 _12923_/Y
 _12924_/X
 _12925_/Y
 _12926_/Y
 _12927_/X
 _12928_/X
 _12929_/X
 _12930_/Y
 _12931_/X
 _12932_/X
 _12933_/Y
 _12934_/X
 _12935_/X
 _12936_/Y
 _12937_/X
 _12938_/X
 _12939_/X
 _12940_/X
 _12941_/X
 _12942_/X
 _12943_/X
 _12944_/X
 _12945_/Y
 _12946_/X
 _12947_/X
 _12948_/X
 _12949_/X
 _12950_/X
 _12951_/X
 _12952_/Y
 _12953_/X
 _12954_/X
 _12955_/X
 _12956_/X
 _12957_/Y
 _12958_/X
 _12959_/X
 _12960_/X
 _12961_/Y
 _12962_/X
 _12963_/X
 _12964_/X
 _12965_/Y
 _12966_/X
 _12967_/X
 _12968_/X
 _12969_/X
 _12970_/X
 _12971_/X
 _12972_/X
 _12973_/X
 _12974_/X
 _12975_/Y
 _12976_/X
 _12977_/X
 _12978_/X
 _12979_/X
 _12980_/X
 _12981_/X
 _12982_/X
 _12983_/X
 _12984_/X
 _12985_/X
 _12986_/X
 _12987_/X
 _12988_/X
 _12989_/X
 _12990_/X
 _12991_/X
 _12992_/X
 _12993_/X
 _12994_/X
 _12995_/X
 _12996_/X
 _12997_/X
 _12998_/X
 _12999_/X
 _13000_/X
 _13001_/X
 _13002_/X
 _13003_/X
 _13004_/X
 _13005_/X
 _13006_/X
 _13007_/X
 _13008_/X
 _13009_/X
 _13010_/X
 _13011_/X
 _13012_/X
 _13013_/X
 _13014_/X
 _13015_/X
 _13016_/X
 _13017_/X
 _13018_/X
 _13019_/X
 _13020_/X
 _13021_/X
 _13022_/X
 _13023_/X
 _13024_/X
 _13025_/Y
 _13026_/X
 _13027_/X
 _13028_/X
 _13029_/Y
 _13030_/Y
 _13031_/X
 _13032_/X
 _13033_/X
 _13034_/X
 _13035_/X
 _13036_/X
 _13037_/X
 _13038_/X
 _13039_/X
 _13040_/X
 _13041_/X
 _13042_/X
 _13043_/X
 _13044_/X
 _13045_/X
 _13046_/Y
 _13047_/Y
 _13048_/X
 _13049_/X
 _13050_/Y
 _13051_/X
 _13052_/X
 _13053_/X
 _13054_/X
 _13055_/X
 _13056_/X
 _13057_/X
 _13058_/X
 _13059_/X
 _13060_/X
 _13061_/Y
 _13062_/Y
 _13063_/X
 _13064_/Y
 _13065_/X
 _13066_/Y
 _13067_/X
 _13068_/X
 _13069_/X
 _13070_/X
 _13071_/X
 _13072_/X
 _13073_/X
 _13074_/X
 _13075_/X
 _13076_/X
 _13077_/X
 _13078_/X
 _13079_/X
 _13080_/X
 _13081_/X
 _13082_/X
 _13083_/X
 _13084_/X
 _13085_/X
 _13086_/X
 _13087_/Y
 _13088_/Y
 _13089_/X
 _13090_/X
 _13091_/X
 _13092_/X
 _13093_/X
 _13094_/X
 _13095_/X
 _13096_/Y
 _13097_/X
 _13098_/X
 _13099_/Y
 _13100_/X
 _13101_/X
 _13102_/Y
 _13103_/X
 _13104_/X
 _13105_/Y
 _13106_/X
 _13107_/X
 _13108_/X
 _13109_/X
 _13110_/X
 _13111_/X
 _13112_/Y
 _13113_/X
 _13114_/X
 _13115_/X
 _13116_/X
 _13117_/X
 _13118_/X
 _13119_/X
 _13120_/X
 _13121_/X
 _13122_/X
 _13123_/X
 _13124_/Y
 _13125_/Y
 _13126_/X
 _13127_/X
 _13128_/X
 _13129_/X
 _13130_/X
 _13131_/X
 _13132_/X
 _13133_/X
 _13134_/X
 _13135_/X
 _13136_/X
 _13137_/X
 _13138_/X
 _13139_/X
 _13140_/X
 _13141_/X
 _13142_/X
 _13143_/X
 _13144_/X
 _13145_/X
 _13146_/X
 _13147_/X
 _13148_/X
 _13149_/X
 _13150_/X
 _13151_/X
 _13152_/X
 _13153_/X
 _13154_/X
 _13155_/X
 _13156_/X
 _13157_/X
 _13158_/X
 _13159_/X
 _13160_/X
 _13161_/X
 _13162_/X
 _13163_/X
 _13164_/X
 _13165_/X
 _13166_/X
 _13167_/X
 _13168_/X
 _13169_/X
 _13170_/X
 _13171_/Y
 _13172_/X
 _13173_/X
 _13174_/X
 _13175_/X
 _13176_/X
 _13177_/X
 _13178_/X
 _13179_/X
 _13180_/X
 _13181_/X
 _13182_/X
 _13183_/X
 _13184_/X
 _13185_/X
 _13186_/X
 _13187_/X
 _13188_/X
 _13189_/X
 _13190_/X
 _13191_/X
 _13192_/X
 _13193_/X
 _13194_/X
 _13195_/X
 _13196_/X
 _13197_/X
 _13198_/X
 _13199_/X
 _13200_/X
 _13201_/X
 _13202_/X
 _13203_/X
 _13204_/X
 _13205_/X
 _13206_/X
 _13207_/X
 _13208_/X
 _13209_/X
 _13210_/X
 _13211_/X
 _13212_/X
 _13213_/X
 _13214_/X
 _13215_/X
 _13216_/X
 _13217_/X
 _13218_/X
 _13219_/X
 _13220_/X
 _13221_/X
 _13222_/X
 _13223_/X
 _13224_/X
 _13225_/X
 _13226_/X
 _13227_/X
 _13228_/X
 _13229_/X
 _13230_/X
 _13231_/X
 _13232_/X
 _13233_/X
 _13234_/X
 _13235_/X
 _13236_/X
 _13237_/X
 _13238_/X
 _13239_/X
 _13240_/X
 _13241_/X
 _13242_/X
 _13243_/X
 _13244_/X
 _13245_/X
 _13246_/X
 _13247_/X
 _13248_/X
 _13249_/X
 _13250_/X
 _13251_/X
 _13252_/X
 _13253_/X
 _13254_/X
 _13255_/X
 _13256_/X
 _13257_/X
 _13258_/X
 _13259_/X
 _13260_/X
 _13261_/X
 _13262_/X
 _13263_/X
 _13264_/X
 _13265_/X
 _13266_/X
 _13267_/X
 _13268_/X
 _13269_/X
 _13270_/X
 _13271_/X
 _13272_/X
 _13273_/X
 _13274_/X
 _13275_/X
 _13276_/X
 _13277_/X
 _13278_/X
 _13279_/X
 _13280_/X
 _13281_/X
 _13282_/X
 _13283_/X
 _13284_/X
 _13285_/X
 _13286_/X
 _13287_/X
 _13288_/X
 _13289_/X
 _13290_/X
 _13291_/X
 _13292_/X
 _13293_/X
 _13294_/X
 _13295_/X
 _13296_/X
 _13297_/X
 _13298_/X
 _13299_/X
 _13300_/X
 _13301_/X
 _13302_/X
 _13303_/X
 _13304_/X
 _13305_/X
 _13306_/X
 _13307_/X
 _13308_/X
 _13309_/X
 _13310_/X
 _13311_/X
 _13312_/X
 _13313_/X
 _13314_/X
 _13315_/X
 _13316_/X
 _13317_/X
 _13318_/X
 _13319_/X
 _13320_/X
 _13321_/X
 _13322_/X
 _13323_/X
 _13324_/X
 _13325_/X
 _13326_/X
 _13327_/X
 _13328_/X
 _13329_/X
 _13330_/X
 _13331_/X
 _13332_/X
 _13333_/X
 _13334_/X
 _13335_/X
 _13336_/X
 _13337_/X
 _13338_/X
 _13339_/X
 _13340_/X
 _13341_/X
 _13342_/X
 _13343_/X
 _13344_/X
 _13345_/X
 _13346_/X
 _13347_/X
 _13348_/X
 _13349_/X
 _13350_/X
 _13351_/X
 _13352_/X
 _13353_/X
 _13354_/X
 _13355_/X
 _13356_/X
 _13357_/X
 _13358_/X
 _13359_/X
 _13360_/X
 _13361_/X
 _13362_/X
 _13363_/X
 _13364_/X
 _13365_/X
 _13366_/X
 _13367_/X
 _13368_/X
 _13369_/X
 _13370_/X
 _13371_/X
 _13372_/X
 _13373_/X
 _13374_/X
 _13375_/X
 _13376_/Y
 _13377_/X
 _13378_/X
 _13379_/X
 _13380_/X
 _13381_/X
 _13382_/X
 _13383_/X
 _13384_/X
 _13385_/X
 _13386_/X
 _13387_/X
 _13388_/X
 _13389_/X
 _13390_/X
 _13391_/X
 _13392_/X
 _13393_/X
 _13394_/X
 _13395_/X
 _13396_/X
 _13397_/X
 _13398_/X
 _13399_/X
 _13400_/X
 _13401_/X
 _13402_/X
 _13403_/X
 _13404_/X
 _13405_/X
 _13406_/X
 _13407_/X
 _13408_/X
 _13409_/X
 _13410_/X
 _13411_/Y
 _13412_/X
 _13413_/Y
 _13414_/X
 _13415_/X
 _13416_/X
 _13417_/X
 _13418_/X
 _13419_/X
 _13420_/X
 _13421_/X
 _13422_/X
 _13423_/X
 _13424_/X
 _13425_/X
 _13426_/X
 _13427_/X
 _13428_/X
 _13429_/X
 _13430_/X
 _13431_/X
 _13432_/X
 _13433_/X
 _13434_/X
 _13435_/X
 _13436_/X
 _13437_/X
 _13438_/X
 _13439_/X
 _13440_/X
 _13441_/X
 _13442_/X
 _13443_/X
 _13444_/X
 _13445_/X
 _13446_/X
 _13447_/X
 _13448_/X
 _13449_/X
 _13450_/X
 _13451_/X
 _13452_/X
 _13453_/X
 _13454_/X
 _13455_/X
 _13456_/X
 _13457_/X
 _13458_/X
 _13459_/X
 _13460_/X
 _13461_/X
 _13462_/X
 _13463_/X
 _13464_/X
 _13465_/X
 _13466_/X
 _13467_/X
 _13468_/X
 _13469_/X
 _13470_/X
 _13471_/X
 _13472_/X
 _13473_/X
 _13474_/X
 _13475_/X
 _13476_/X
 _13477_/X
 _13478_/X
 _13479_/X
 _13480_/X
 _13481_/X
 _13482_/X
 _13483_/X
 _13484_/X
 _13485_/X
 _13486_/X
 _13487_/X
 _13488_/X
 _13489_/X
 _13490_/X
 _13491_/X
 _13492_/X
 _13493_/X
 _13494_/X
 _13495_/X
 _13496_/X
 _13497_/X
 _13498_/X
 _13499_/X
 _13500_/X
 _13501_/X
 _13502_/X
 _13503_/X
 _13504_/X
 _13505_/X
 _13506_/X
 _13507_/X
 _13508_/X
 _13509_/X
 _13510_/X
 _13511_/X
 _13512_/X
 _13513_/X
 _13514_/Y
 _13515_/X
 _13516_/X
 _13517_/X
 _13518_/X
 _13519_/X
 _13520_/X
 _13521_/X
 _13522_/X
 _13523_/X
 _13524_/X
 _13525_/X
 _13526_/X
 _13527_/X
 _13528_/X
 _13529_/X
 _13530_/X
 _13531_/X
 _13532_/X
 _13533_/X
 _13534_/X
 _13535_/X
 _13536_/X
 _13537_/X
 _13538_/X
 _13539_/X
 _13540_/X
 _13541_/X
 _13542_/X
 _13543_/X
 _13544_/X
 _13545_/X
 _13546_/X
 _13547_/X
 _13548_/X
 _13549_/Y
 _13550_/X
 _13551_/X
 _13552_/X
 _13553_/X
 _13554_/X
 _13555_/X
 _13556_/X
 _13557_/X
 _13558_/X
 _13559_/X
 _13560_/X
 _13561_/X
 _13562_/X
 _13563_/X
 _13564_/X
 _13565_/X
 _13566_/X
 _13567_/X
 _13568_/X
 _13569_/X
 _13570_/X
 _13571_/X
 _13572_/X
 _13573_/X
 _13574_/X
 _13575_/X
 _13576_/X
 _13577_/X
 _13578_/X
 _13579_/X
 _13580_/X
 _13581_/X
 _13582_/X
 _13583_/X
 _13584_/X
 _13585_/X
 _13586_/X
 _13587_/X
 _13588_/X
 _13589_/X
 _13590_/X
 _13591_/X
 _13592_/X
 _13593_/X
 _13594_/X
 _13595_/X
 _13596_/X
 _13597_/X
 _13598_/X
 _13599_/X
 _13600_/X
 _13601_/X
 _13602_/X
 _13603_/X
 _13604_/X
 _13605_/X
 _13606_/X
 _13607_/X
 _13608_/X
 _13609_/X
 _13610_/X
 _13611_/X
 _13612_/X
 _13613_/X
 _13614_/X
 _13615_/X
 _13616_/X
 _13617_/X
 _13618_/Y
 _13619_/X
 _13620_/X
 _13621_/X
 _13622_/X
 _13623_/X
 _13624_/X
 _13625_/X
 _13626_/X
 _13627_/X
 _13628_/X
 _13629_/X
 _13630_/X
 _13631_/X
 _13632_/X
 _13633_/X
 _13634_/X
 _13635_/X
 _13636_/X
 _13637_/X
 _13638_/X
 _13639_/X
 _13640_/X
 _13641_/X
 _13642_/X
 _13643_/X
 _13644_/X
 _13645_/X
 _13646_/X
 _13647_/X
 _13648_/X
 _13649_/X
 _13650_/X
 _13651_/X
 _13652_/X
 _13653_/X
 _13654_/X
 _13655_/X
 _13656_/X
 _13657_/X
 _13658_/X
 _13659_/X
 _13660_/X
 _13661_/X
 _13662_/X
 _13663_/X
 _13664_/X
 _13665_/X
 _13666_/X
 _13667_/X
 _13668_/X
 _13669_/X
 _13670_/X
 _13671_/X
 _13672_/X
 _13673_/X
 _13674_/X
 _13675_/X
 _13676_/X
 _13677_/X
 _13678_/X
 _13679_/X
 _13680_/X
 _13681_/X
 _13682_/X
 _13683_/X
 _13684_/X
 _13685_/X
 _13686_/X
 _13687_/X
 _13688_/X
 _13689_/X
 _13690_/X
 _13691_/X
 _13692_/X
 _13693_/X
 _13694_/X
 _13695_/X
 _13696_/X
 _13697_/X
 _13698_/X
 _13699_/X
 _13700_/X
 _13701_/X
 _13702_/X
 _13703_/X
 _13704_/X
 _13705_/X
 _13706_/X
 _13707_/X
 _13708_/X
 _13709_/X
 _13710_/X
 _13711_/X
 _13712_/X
 _13713_/X
 _13714_/X
 _13715_/X
 _13716_/X
 _13717_/X
 _13718_/X
 _13719_/X
 _13720_/X
 _13721_/X
 _13722_/X
 _13723_/X
 _13724_/X
 _13725_/X
 _13726_/X
 _13727_/X
 _13728_/X
 _13729_/X
 _13730_/X
 _13731_/X
 _13732_/X
 _13733_/X
 _13734_/X
 _13735_/X
 _13736_/X
 _13737_/X
 _13738_/X
 _13739_/X
 _13740_/X
 _13741_/X
 _13742_/X
 _13743_/X
 _13744_/X
 _13745_/X
 _13746_/X
 _13747_/X
 _13748_/X
 _13749_/X
 _13750_/X
 _13751_/X
 _13752_/X
 _13753_/X
 _13754_/X
 _13755_/X
 _13756_/X
 _13757_/X
 _13758_/X
 _13759_/X
 _13760_/X
 _13761_/X
 _13762_/X
 _13763_/X
 _13764_/X
 _13765_/X
 _13766_/X
 _13767_/X
 _13768_/X
 _13769_/X
 _13770_/X
 _13771_/X
 _13772_/X
 _13773_/X
 _13774_/X
 _13775_/X
 _13776_/X
 _13777_/X
 _13778_/X
 _13779_/X
 _13780_/X
 _13781_/X
 _13782_/X
 _13783_/X
 _13784_/X
 _13785_/X
 _13786_/X
 _13787_/X
 _13788_/X
 _13789_/X
 _13790_/X
 _13791_/X
 _13792_/X
 _13793_/X
 _13794_/X
 _13795_/X
 _13796_/X
 _13797_/X
 _13798_/X
 _13799_/X
 _13800_/X
 _13801_/X
 _13802_/X
 _13803_/X
 _13804_/X
 _13805_/X
 _13806_/X
 _13807_/X
 _13808_/X
 _13809_/X
 _13810_/X
 _13811_/X
 _13812_/X
 _13813_/X
 _13814_/X
 _13815_/X
 _13816_/X
 _13817_/X
 _13818_/X
 _13819_/X
 _13820_/X
 _13821_/X
 _13822_/X
 _13823_/X
 _13824_/X
 _13825_/X
 _13826_/X
 _13827_/X
 _13828_/X
 _13829_/X
 _13830_/X
 _13831_/X
 _13832_/X
 _13833_/X
 _13834_/X
 _13835_/X
 _13836_/X
 _13837_/X
 _13838_/X
 _13839_/X
 _13840_/X
 _13841_/X
 _13842_/X
 _13843_/X
 _13844_/X
 _13845_/X
 _13846_/X
 _13847_/X
 _13848_/X
 _13849_/X
 _13850_/X
 _13851_/X
 _13852_/X
 _13853_/X
 _13854_/X
 _13855_/X
 _13856_/X
 _13857_/X
 _13858_/X
 _13859_/X
 _13860_/X
 _13861_/X
 _13862_/X
 _13863_/X
 _13864_/X
 _13865_/X
 _13866_/X
 _13867_/X
 _13868_/X
 _13869_/X
 _13870_/X
 _13871_/X
 _13872_/X
 _13873_/X
 _13874_/X
 _13875_/X
 _13876_/X
 _13877_/X
 _13878_/X
 _13879_/X
 _13880_/X
 _13881_/X
 _13882_/X
 _13883_/X
 _13884_/X
 _13885_/X
 _13886_/X
 _13887_/X
 _13888_/X
 _13889_/X
 _13890_/X
 _13891_/X
 _13892_/X
 _13893_/X
 _13894_/X
 _13895_/X
 _13896_/X
 _13897_/X
 _13898_/X
 _13899_/X
 _13900_/X
 _13901_/X
 _13902_/X
 _13903_/X
 _13904_/X
 _13905_/X
 _13906_/X
 _13907_/X
 _13908_/X
 _13909_/X
 _13910_/X
 _13911_/X
 _13912_/X
 _13913_/X
 _13914_/X
 _13915_/X
 _13916_/X
 _13917_/X
 _13918_/X
 _13919_/X
 _13920_/X
 _13921_/X
 _13922_/X
 _13923_/X
 _13924_/X
 _13925_/X
 _13926_/X
 _13927_/X
 _13928_/X
 _13929_/X
 _13930_/X
 _13931_/X
 _13932_/X
 _13933_/X
 _13934_/X
 _13935_/X
 _13936_/X
 _13937_/X
 _13938_/X
 _13939_/X
 _13940_/X
 _13941_/X
 _13942_/X
 _13943_/X
 _13944_/X
 _13945_/X
 _13946_/X
 _13947_/X
 _13948_/X
 _13949_/X
 _13950_/X
 _13951_/X
 _13952_/X
 _13953_/X
 _13954_/X
 _13955_/X
 _13956_/X
 _13957_/X
 _13958_/X
 _13959_/X
 _13960_/X
 _13961_/X
 _13962_/X
 _13963_/X
 _13964_/X
 _13965_/X
 _13966_/X
 _13967_/X
 _13968_/X
 _13969_/X
 _13970_/X
 _13971_/X
 _13972_/X
 _13973_/X
 _13974_/X
 _13975_/X
 _13976_/X
 _13977_/X
 _13978_/X
 _13979_/X
 _13980_/X
 _13981_/X
 _13982_/X
 _13983_/X
 _13984_/X
 _13985_/X
 _13986_/X
 _13987_/X
 _13988_/X
 _13989_/X
 _13990_/X
 _13991_/X
 _13992_/X
 _13993_/X
 _13994_/X
 _13995_/X
 _13996_/X
 _13997_/X
 _13998_/X
 _13999_/X
 _14000_/X
 _14001_/X
 _14002_/X
 _14003_/X
 _14004_/X
 _14005_/X
 _14006_/X
 _14007_/X
 _14008_/X
 _14009_/X
 _14010_/X
 _14011_/X
 _14012_/X
 _14013_/X
 _14014_/X
 _14015_/X
 _14016_/X
 _14017_/X
 _14018_/X
 _14019_/X
 _14020_/X
 _14021_/X
 _14022_/X
 _14023_/X
 _14024_/X
 _14025_/X
 _14026_/X
 _14027_/X
 _14028_/X
 _14029_/X
 _14030_/X
 _14031_/X
 _14032_/X
 _14033_/X
 _14034_/X
 _14035_/X
 _14036_/X
 _14037_/X
 _14038_/X
 _14039_/X
 _14040_/X
 _14041_/X
 _14042_/X
 _14043_/X
 _14044_/X
 _14045_/X
 _14046_/X
 _14047_/X
 _14048_/X
 _14049_/X
 _14050_/X
 _14051_/X
 _14052_/X
 _14053_/X
 _14054_/X
 _14055_/X
 _14056_/X
 _14057_/X
 _14058_/X
 _14059_/X
 _14060_/X
 _14061_/X
 _14062_/X
 _14063_/X
 _14064_/X
 _14065_/X
 _14066_/X
 _14067_/X
 _14068_/X
 _14069_/X
 _14070_/X
 _14071_/X
 _14072_/X
 _14073_/X
 _14074_/X
 _14075_/X
 _14076_/X
 _14077_/X
 _14078_/X
 _14079_/X
 _14080_/X
 _14081_/X
 _14082_/X
 _14083_/X
 _14084_/X
 _14085_/X
 _14086_/X
 _14087_/X
 _14088_/X
 _14089_/X
 _14090_/X
 _14091_/X
 _14092_/X
 _14093_/X
 _14094_/X
 _14095_/X
 _14096_/X
 _14097_/X
 _14098_/X
 _14099_/X
 _14100_/X
 _14101_/X
 _14102_/X
 _14103_/X
 _14104_/X
 _14105_/X
 _14106_/X
 _14107_/X
 _14108_/X
 _14109_/X
 _14110_/X
 _14111_/X
 _14112_/X
 _14113_/X
 _14114_/X
 _14115_/X
 _14116_/X
 _14117_/X
 _14118_/X
 _14119_/X
 _14120_/X
 _14121_/X
 _14122_/X
 _14123_/X
 _14124_/X
 _14125_/X
 _14126_/X
 _14127_/X
 _14128_/X
 _14129_/X
 _14130_/X
 _14131_/X
 _14132_/X
 _14133_/X
 _14134_/X
 _14135_/X
 _14136_/X
 _14137_/X
 _14138_/X
 _14139_/X
 _14140_/X
 _14141_/X
 _14142_/X
 _14143_/X
 _14144_/X
 _14145_/X
 _14146_/X
 _14147_/X
 _14148_/X
 _14149_/X
 _14150_/X
 _14151_/X
 _14152_/X
 _14153_/X
 _14154_/X
 _14155_/X
 _14156_/X
 _14157_/X
 _14158_/X
 _14159_/X
 _14160_/X
 _14161_/X
 _14162_/X
 _14163_/X
 _14164_/X
 _14165_/X
 _14166_/X
 _14167_/X
 _14168_/X
 _14169_/X
 _14170_/X
 _14171_/X
 _14172_/X
 _14173_/X
 _14174_/X
 _14175_/X
 _14176_/X
 _14177_/X
 _14178_/X
 _14179_/X
 _14180_/X
 _14181_/X
 _14182_/X
 _14183_/X
 _14184_/X
 _14185_/X
 _14186_/X
 _14187_/X
 _14188_/X
 _14189_/X
 _14190_/X
 _14191_/X
 _14192_/X
 _14193_/X
 _14194_/X
 _14195_/X
 _14196_/X
 _14197_/X
 _14198_/X
 _14199_/X
 _14200_/X
 _14201_/X
 _14202_/X
 _14203_/X
 _14204_/X
 _14205_/X
 _14206_/X
 _14207_/X
 _14208_/X
 _14209_/X
 _14210_/X
 _14211_/X
 _14212_/X
 _14213_/X
 _14214_/X
 _14215_/X
 _14216_/X
 _14217_/X
 _14218_/X
 _14219_/X
 _14220_/X
 _14221_/X
 _14222_/X
 _14223_/X
 _14224_/X
 _14225_/X
 _14226_/X
 _14227_/X
 _14228_/X
 _14229_/X
 _14230_/X
 _14231_/X
 _14232_/X
 _14233_/X
 _14234_/X
 _14235_/X
 _14236_/X
 _14237_/X
 _14238_/X
 _14239_/X
 _14240_/X
 _14241_/X
 _14242_/X
 _14243_/X
 _14244_/X
 _14245_/X
 _14246_/X
 _14247_/X
 _14248_/X
 _14249_/X
 _14250_/X
 _14251_/X
 _14252_/X
 _14253_/X
 _14254_/X
 _14255_/X
 _14256_/X
 _14257_/X
 _14258_/X
 _14259_/X
 _14260_/X
 _14261_/X
 _14262_/X
 _14263_/X
 _14264_/X
 _14265_/X
 _14266_/X
 _14267_/X
 _14268_/X
 _14269_/X
 _14270_/X
 _14271_/X
 _14272_/X
 _14273_/X
 _14274_/X
 _14275_/X
 _14276_/X
 _14277_/X
 _14278_/X
 _14279_/X
 _14280_/X
 _14281_/X
 _14282_/X
 _14283_/X
 _14284_/X
 _14285_/X
 _14286_/X
 _14287_/X
 _14288_/X
 _14289_/X
 _14290_/X
 _14291_/X
 _14292_/X
 _14293_/X
 _14294_/X
 _14295_/X
 _14296_/X
 _14297_/X
 _14298_/X
 _14299_/X
 _14300_/X
 _14301_/X
 _14302_/X
 _14303_/X
 _14304_/X
 _14305_/X
 _14306_/X
 _14307_/X
 _14308_/X
 _14309_/X
 _14310_/X
 _14311_/X
 _14312_/X
 _14313_/X
 _14314_/X
 _14315_/X
 _14316_/X
 _14317_/X
 _14318_/X
 _14319_/X
 _14320_/X
 _14321_/X
 _14322_/X
 _14323_/X
 _14324_/X
 _14325_/X
 _14326_/X
 _14327_/X
 _14328_/X
 _14329_/X
 _14330_/X
 _14331_/X
 _14332_/X
 _14333_/X
 _14334_/X
 _14335_/X
 _14336_/X
 _14337_/X
 _14338_/X
 _14339_/X
 _14340_/X
 _14341_/X
 _14342_/X
 _14343_/X
 _14344_/X
 _14345_/X
 _14346_/X
 _14347_/X
 _14348_/X
 _14349_/X
 _14350_/X
 _14351_/X
 _14352_/X
 _14353_/X
 _14354_/X
 _14355_/X
 _14356_/X
 _14357_/X
 _14358_/X
 _14359_/X
 _14360_/X
 _14361_/X
 _14362_/X
 _14363_/X
 _14364_/X
 _14365_/X
 _14366_/X
 _14367_/X
 _14368_/X
 _14369_/X
 _14370_/X
 _14371_/X
 _14372_/X
 _14373_/X
 _14374_/X
 _14375_/X
 _14376_/X
 _14377_/X
 _14378_/X
 _14379_/X
 _14380_/X
 _14381_/X
 _14382_/Q
 _14383_/Q
 _14384_/Q
 _14385_/Q
 _14386_/Q
 _14387_/Q
 _14388_/Q
 _14389_/Q
 _14390_/Q
 _14391_/Q
 _14392_/Q
 _14393_/Q
 _14394_/Q
 _14395_/Q
 _14396_/Q
 _14397_/Q
 _14398_/Q
 _14399_/Q
 _14400_/Q
 _14401_/Q
 _14402_/Q
 _14403_/Q
 _14404_/Q
 _14405_/Q
 _14406_/Q
 _14407_/Q
 _14408_/Q
 _14409_/Q
 _14410_/Q
 _14411_/Q
 _14412_/Q
 _14413_/Q
 _14414_/Q
 _14415_/Q
 _14416_/Q
 _14417_/Q
 _14418_/Q
 _14419_/Q
 _14420_/Q
 _14421_/Q
 _14422_/Q
 _14423_/Q
 _14424_/Q
 _14425_/Q
 _14426_/Q
 _14427_/Q
 _14428_/Q
 _14429_/Q
 _14430_/Q
 _14431_/Q
 _14432_/Q
 _14433_/Q
 _14434_/Q
 _14435_/Q
 _14436_/Q
 _14437_/Q
 _14438_/Q
 _14439_/Q
 _14440_/Q
 _14441_/Q
 _14442_/Q
 _14443_/Q
 _14444_/Q
 _14445_/Q
 _14446_/Q
 _14447_/Q
 _14448_/Q
 _14449_/Q
 _14450_/Q
 _14451_/Q
 _14452_/Q
 _14453_/Q
 _14454_/Q
 _14455_/Q
 _14456_/Q
 _14457_/Q
 _14458_/Q
 _14459_/Q
 _14460_/Q
 _14461_/Q
 _14462_/Q
 _14463_/Q
 _14464_/Q
 _14465_/Q
 _14466_/Q
 _14467_/Q
 _14468_/Q
 _14469_/Q
 _14470_/Q
 _14471_/Q
 _14472_/Q
 _14473_/Q
 _14474_/Q
 _14475_/Q
 _14476_/Q
 _14477_/Q
 _14478_/Q
 _14479_/Q
 _14480_/Q
 _14481_/Q
 _14482_/Q
 _14483_/Q
 _14484_/Q
 _14485_/Q
 _14486_/Q
 _14487_/Q
 _14488_/Q
 _14489_/Q
 _14490_/Q
 _14491_/Q
 _14492_/Q
 _14493_/Q
 _14494_/Q
 _14495_/Q
 _14496_/Q
 _14497_/Q
 _14498_/Q
 _14499_/Q
 _14500_/Q
 _14501_/Q
 _14502_/Q
 _14503_/Q
 _14504_/Q
 _14505_/Q
 _14506_/Q
 _14507_/Q
 _14508_/Q
 _14509_/Q
 _14510_/Q
 _14511_/Q
 _14512_/Q
 _14513_/Q
 _14514_/Q
 _14515_/Q
 _14516_/Q
 _14517_/Q
 _14518_/Q
 _14519_/Q
 _14520_/Q
 _14521_/Q
 _14522_/Q
 _14523_/Q
 _14524_/Q
 _14525_/Q
 _14526_/Q
 _14527_/Q
 _14528_/Q
 _14529_/Q
 _14530_/Q
 _14531_/Q
 _14532_/Q
 _14533_/Q
 _14534_/Q
 _14535_/Q
 _14536_/Q
 _14537_/Q
 _14538_/Q
 _14539_/Q
 _14540_/Q
 _14541_/Q
 _14542_/Q
 _14543_/Q
 _14544_/Q
 _14545_/Q
 _14546_/Q
 _14547_/Q
 _14548_/Q
 _14549_/Q
 _14550_/Q
 _14551_/Q
 _14552_/Q
 _14553_/Q
 _14554_/Q
 _14555_/Q
 _14556_/Q
 _14557_/Q
 _14558_/Q
 _14559_/Q
 _14560_/Q
 _14561_/Q
 _14562_/Q
 _14563_/Q
 _14564_/Q
 _14565_/Q
 _14566_/Q
 _14567_/Q
 _14568_/Q
 _14569_/Q
 _14570_/Q
 _14571_/Q
 _14572_/Q
 _14573_/Q
 _14574_/Q
 _14575_/Q
 _14576_/Q
 _14577_/Q
 _14578_/Q
 _14579_/Q
 _14580_/Q
 _14581_/Q
 _14582_/Q
 _14583_/Q
 _14584_/Q
 _14585_/Q
 _14586_/Q
 _14587_/Q
 _14588_/Q
 _14589_/Q
 _14590_/Q
 _14591_/Q
 _14592_/Q
 _14593_/Q
 _14594_/Q
 _14595_/Q
 _14596_/Q
 _14597_/Q
 _14598_/Q
 _14599_/Q
 _14600_/Q
 _14601_/Q
 _14602_/Q
 _14603_/Q
 _14604_/Q
 _14605_/Q
 _14606_/Q
 _14607_/Q
 _14608_/Q
 _14609_/Q
 _14610_/Q
 _14611_/Q
 _14612_/Q
 _14613_/Q
 _14614_/Q
 _14615_/Q
 _14616_/Q
 _14617_/Q
 _14618_/Q
 _14619_/Q
 _14620_/Q
 _14621_/Q
 _14622_/Q
 _14623_/Q
 _14624_/Q
 _14625_/Q
 _14626_/Q
 _14627_/Q
 _14628_/Q
 _14629_/Q
 _14630_/Q
 _14631_/Q
 _14632_/Q
 _14633_/Q
 _14634_/Q
 _14635_/Q
 _14636_/Q
 _14637_/Q
 _14638_/Q
 _14639_/Q
 _14640_/Q
 _14641_/Q
 _14642_/Q
 _14643_/Q
 _14644_/Q
 _14645_/Q
 _14646_/Q
 _14647_/Q
 _14648_/Q
 _14649_/Q
 _14650_/Q
 _14651_/Q
 _14652_/Q
 _14653_/Q
 _14654_/Q
 _14655_/Q
 _14656_/Q
 _14657_/Q
 _14658_/Q
 _14659_/Q
 _14660_/Q
 _14661_/Q
 _14662_/Q
 _14663_/Q
 _14664_/Q
 _14665_/Q
 _14666_/Q
 _14667_/Q
 _14668_/Q
 _14669_/Q
 _14670_/Q
 _14671_/Q
 _14672_/Q
 _14673_/Q
 _14674_/Q
 _14675_/Q
 _14676_/Q
 _14677_/Q
 _14678_/Q
 _14679_/Q
 _14680_/Q
 _14681_/Q
 _14682_/Q
 _14683_/Q
 _14684_/Q
 _14685_/Q
 _14686_/Q
 _14687_/Q
 _14688_/Q
 _14689_/Q
 _14690_/Q
 _14691_/Q
 _14692_/Q
 _14693_/Q
 _14694_/Q
 _14695_/Q
 _14696_/Q
 _14697_/Q
 _14698_/Q
 _14699_/Q
 _14700_/Q
 _14701_/Q
 _14702_/Q
 _14703_/Q
 _14704_/Q
 _14705_/Q
 _14706_/Q
 _14707_/Q
 _14708_/Q
 _14709_/Q
 _14710_/Q
 _14711_/Q
 _14712_/Q
 _14713_/Q
 _14714_/Q
 _14715_/Q
 _14716_/Q
 _14717_/Q
 _14718_/Q
 _14719_/Q
 _14720_/Q
 _14721_/Q
 _14722_/Q
 _14723_/Q
 _14724_/Q
 _14725_/Q
 _14726_/Q
 _14727_/Q
 _14728_/Q
 _14729_/Q
 _14730_/Q
 _14731_/Q
 _14732_/Q
 _14733_/Q
 _14734_/Q
 _14735_/Q
 _14736_/Q
 _14737_/Q
 _14738_/Q
 _14739_/Q
 _14740_/Q
 _14741_/Q
 _14742_/Q
 _14743_/Q
 _14744_/Q
 _14745_/Q
 _14746_/Q
 _14747_/Q
 _14748_/Q
 _14749_/Q
 _14750_/Q
 _14751_/Q
 _14752_/Q
 _14753_/Q
 _14754_/Q
 _14755_/Q
 _14756_/Q
 _14757_/Q
 _14758_/Q
 _14759_/Q
 _14760_/Q
 _14761_/Q
 _14762_/Q
 _14763_/Q
 _14764_/Q
 _14765_/Q
 _14766_/Q
 _14767_/Q
 _14768_/Q
 _14769_/Q
 _14770_/Q
 _14771_/Q
 _14772_/Q
 _14773_/Q
 _14774_/Q
 _14775_/Q
 _14776_/Q
 _14777_/Q
 _14778_/Q
 _14779_/Q
 _14780_/Q
 _14781_/Q
 _14782_/Q
 _14783_/Q
 _14784_/Q
 _14785_/Q
 _14786_/Q
 _14787_/Q
 _14788_/Q
 _14789_/Q
 _14790_/Q
 _14791_/Q
 _14792_/Q
 _14793_/Q
 _14794_/Q
 _14795_/Q
 _14796_/Q
 _14797_/Q
 _14798_/Q
 _14799_/Q
 _14800_/Q
 _14801_/Q
 _14802_/Q
 _14803_/Q
 _14804_/Q
 _14805_/Q
 _14806_/Q
 _14807_/Q
 _14808_/Q
 _14809_/Q
 _14810_/Q
 _14811_/Q
 _14812_/Q
 _14813_/Q
 _14814_/Q
 _14815_/Q
 _14816_/Q
 _14817_/Q
 _14818_/Q
 _14819_/Q
 _14820_/Q
 _14821_/Q
 _14822_/Q
 _14823_/Q
 _14824_/Q
 _14825_/Q
 _14826_/Q
 _14827_/Q
 _14828_/Q
 _14829_/Q
 _14830_/Q
 _14831_/Q
 _14832_/Q
 _14833_/Q
 _14834_/Q
 _14835_/Q
 _14836_/Q
 _14837_/Q
 _14838_/Q
 _14839_/Q
 _14840_/Q
 _14841_/Q
 _14842_/Q
 _14843_/Q
 _14844_/Q
 _14845_/Q
 _14846_/Q
 _14847_/Q
 _14848_/Q
 _14849_/Q
 _14850_/Q
 _14851_/Q
 _14852_/Q
 _14853_/Q
 _14854_/Q
 _14855_/Q
 _14856_/Q
 _14857_/Q
 _14858_/Q
 _14859_/Q
 _14860_/Q
 _14861_/Q
 _14862_/Q
 _14863_/Q
 _14864_/Q
 _14865_/Q
 _14866_/Q
 _14867_/Q
 _14868_/Q
 _14869_/Q
 _14870_/Q
 _14871_/Q
 _14872_/Q
 _14873_/Q
 _14874_/Q
 _14875_/Q
 _14876_/Q
 _14877_/Q
 _14878_/Q
 _14879_/Q
 _14880_/Q
 _14881_/Q
 _14882_/Q
 _14883_/Q
 _14884_/Q
 _14885_/Q
 _14886_/Q
 _14887_/Q
 _14888_/Q
 _14889_/Q
 _14890_/Q
 _14891_/Q
 _14892_/Q
 _14893_/Q
 _14894_/Q
 _14895_/Q
 _14896_/Q
 _14897_/Q
 _14898_/Q
 _14899_/Q
 _14900_/Q
 _14901_/Q
 _14902_/Q
 _14903_/Q
 _14904_/Q
 _14905_/Q
 _14906_/Q
 _14907_/Q
 _14908_/Q
 _14909_/Q
 _14910_/Q
 _14911_/Q
 _14912_/Q
 _14913_/Q
 _14914_/Q
 _14915_/Q
 _14916_/Q
 _14917_/Q
 _14918_/Q
 _14919_/Q
 _14920_/Q
 _14921_/Q
 _14922_/Q
 _14923_/Q
 _14924_/Q
 _14925_/Q
 _14926_/Q
 _14927_/Q
 _14928_/Q
 _14929_/Q
 _14930_/Q
 _14931_/Q
 _14932_/Q
 _14933_/Q
 _14934_/Q
 _14935_/Q
 _14936_/Q
 _14937_/Q
 _14938_/Q
 _14939_/Q
 _14940_/Q
 _14941_/Q
 _14942_/Q
 _14943_/Q
 _14944_/Q
 _14945_/Q
 _14946_/Q
 _14947_/Q
 _14948_/Q
 _14949_/Q
 _14950_/Q
 _14951_/Q
 _14952_/Q
 _14953_/Q
 _14954_/Q
 _14955_/Q
 _14956_/Q
 _14957_/Q
 _14958_/Q
 _14959_/Q
 _14960_/Q
 _14961_/Q
 _14962_/Q
 _14963_/Q
 _14964_/Q
 _14965_/Q
 _14966_/Q
 _14967_/Q
 _14968_/Q
 _14969_/Q
 _14970_/Q
 _14971_/Q
 _14972_/Q
 _14973_/Q
 _14974_/Q
 _14975_/Q
 _14976_/Q
 _14977_/Q
 _14978_/Q
 _14979_/Q
 _14980_/Q
 _14981_/Q
 _14982_/Q
 _14983_/Q
 _14984_/Q
 _14985_/Q
 _14986_/Q
 _14987_/Q
 _14988_/Q
 _14989_/Q
 _14990_/Q
 _14991_/Q
 _14992_/Q
 _14993_/Q
 _14994_/Q
 _14995_/Q
 _14996_/Q
 _14997_/Q
 _14998_/Q
 _14999_/Q
 _15000_/Q
 _15001_/Q
 _15002_/Q
 _15003_/Q
 _15004_/Q
 _15005_/Q
 _15006_/Q
 _15007_/Q
 _15008_/Q
 _15009_/Q
 _15010_/Q
 _15011_/Q
 _15012_/Q
 _15013_/Q
 _15014_/Q
 _15015_/Q
 _15016_/Q
 _15017_/Q
 _15018_/Q
 _15019_/Q
 _15020_/Q
 _15021_/Q
 _15022_/Q
 _15023_/Q
 _15024_/Q
 _15025_/Q
 _15026_/Q
 _15027_/Q
 _15028_/Q
 _15029_/Q
 _15030_/Q
 _15031_/Q
 _15032_/Q
 _15033_/Q
 _15034_/Q
 _15035_/Q
 _15036_/Q
 _15037_/Q
 _15038_/Q
 _15039_/Q
 _15040_/Q
 _15041_/Q
 _15042_/Q
 _15043_/Q
 _15044_/Q
 _15045_/Q
 _15046_/Q
 _15047_/Q
 _15048_/Q
 _15049_/Q
 _15050_/Q
 _15051_/Q
 _15052_/Q
 _15053_/Q
 _15054_/Q
 _15055_/Q
 _15056_/Q
 _15057_/Q
 _15058_/Q
 _15059_/Q
 _15060_/Q
 _15061_/Q
 _15062_/Q
 _15063_/Q
 _15064_/Q
 _15065_/Q
 _15066_/Q
 _15067_/Q
 _15068_/Q
 _15069_/Q
 _15070_/Q
 _15071_/Q
 _15072_/Q
 _15073_/Q
 _15074_/Q
 _15075_/Q
 _15076_/Q
 _15077_/Q
 _15078_/Q
 _15079_/Q
 _15080_/Q
 _15081_/Q
 _15082_/Q
 _15083_/Q
 _15084_/Q
 _15085_/Q
 _15086_/Q
 _15087_/Q
 _15088_/Q
 _15089_/Q
 _15090_/Q
 _15091_/Q
 _15092_/Q
 _15093_/Q
 _15094_/Q
 _15095_/Q
 _15096_/Q
 _15097_/Q
 _15098_/Q
 _15099_/Q
 _15100_/Q
 _15101_/Q
 _15102_/Q
 _15103_/Q
 _15104_/Q
 _15105_/Q
 _15106_/Q
 _15107_/Q
 _15108_/Q
 _15109_/Q
 _15110_/Q
 _15111_/Q
 _15112_/Q
 _15113_/Q
 _15114_/Q
 _15115_/Q
 _15116_/Q
 _15117_/Q
 _15118_/Q
 _15119_/Q
 _15120_/Q
 _15121_/Q
 _15122_/Q
 _15123_/Q
 _15124_/Q
 _15125_/Q
 _15126_/Q
 _15127_/Q
 _15128_/Q
 _15129_/Q
 _15130_/Q
 _15131_/Q
 _15132_/Q
 _15133_/Q
 _15134_/Q
 _15135_/Q
 _15136_/Q
 _15137_/Q
 _15138_/Q
 _15139_/Q
 _15140_/Q
 _15141_/Q
 _15142_/Q
 _15143_/Q
 _15144_/Q
 _15145_/Q
 _15146_/Q
 _15147_/Q
 _15148_/Q
 _15149_/Q
 _15150_/Q
 _15151_/Q
 _15152_/Q
 _15153_/Q
 _15154_/Q
 _15155_/Q
 _15156_/Q
 _15157_/Q
 _15158_/Q
 _15159_/Q
 _15160_/Q
 _15161_/Q
 _15162_/Q
 _15163_/Q
 _15164_/Q
 _15165_/Q
 _15166_/Q
 _15167_/Q
 _15168_/Q
 _15169_/Q
 _15170_/Q
 _15171_/Q
 _15172_/Q
 _15173_/Q
 _15174_/Q
 _15175_/Q
 _15176_/Q
 _15177_/Q
 _15178_/Q
 _15179_/Q
 _15180_/Q
 _15181_/Q
 _15182_/Q
 _15183_/Q
 _15184_/Q
 _15185_/Q
 _15186_/Q
 _15187_/Q
 _15188_/Q
 _15189_/Q
 _15190_/Q
 _15191_/Q
 _15192_/Q
 _15193_/Q
 _15194_/Q
 _15195_/Q
 _15196_/Q
 _15197_/Q
 _15198_/Q
 _15199_/Q
 _15200_/Q
 _15201_/Q
 _15202_/Q
 _15203_/Q
 _15204_/Q
 _15205_/Q
 _15206_/Q
 _15207_/Q
 _15208_/Q
 _15209_/Q
 _15210_/Q
 _15211_/Q
 _15212_/Q
 _15213_/Q
 _15214_/Q
 _15215_/Q
 _15216_/Q
 _15217_/Q
 _15218_/Q
 _15219_/Q
 _15220_/Q
 _15221_/Q
 _15222_/Q
 _15223_/Q
 _15224_/Q
 _15225_/Q
 _15226_/Q
 _15227_/Q
 _15228_/Q
 _15229_/Q
 _15230_/Q
 _15231_/Q
 _15232_/Q
 _15233_/Q
 _15234_/Q
 _15235_/Q
 _15236_/Q
 _15237_/Q
 _15238_/Q
 _15239_/Q
 _15240_/Q
 _15241_/Q
 _15242_/Q
 _15243_/Q
 _15244_/Q
 _15245_/Q
 _15246_/Q
 _15247_/Q
 _15248_/Q
 _15249_/Q
 _15250_/Q
 _15251_/Q
 _15252_/Q
 _15253_/Q
 _15254_/Q
 _15255_/Q
 _15256_/Q
 _15257_/Q
 _15258_/Q
 _15259_/Q
 _15260_/Q
 _15261_/Q
 _15262_/Q
 _15263_/Q
 _15264_/Q
 _15265_/Q
 _15266_/Q
 _15267_/Q
 _15268_/Q
 _15269_/Q
 _15270_/Q
 _15271_/Q
 _15272_/Q
 _15273_/Q
 _15274_/Q
 _15275_/Q
 _15276_/Q
 _15277_/Q
 _15278_/Q
 _15279_/Q
 _15280_/Q
 _15281_/Q
 _15282_/Q
 _15283_/Q
 _15284_/Q
 _15285_/Q
 _15286_/Q
 _15287_/Q
 _15288_/Q
 _15289_/Q
 _15290_/Q
 _15291_/Q
 _15292_/Q
 _15293_/Q
 _15294_/Q
 _15295_/Q
 _15296_/Q
 _15297_/Q
 _15298_/Q
 _15299_/Q
 _15300_/Q
 _15301_/Q
 _15302_/Q
 _15303_/Q
 _15304_/Q
 _15305_/Q
 _15306_/Q
 _15307_/Q
 _15308_/Q
 _15309_/Q
 _15310_/Q
 _15311_/Q
 _15312_/Q
 _15313_/Q
 _15314_/Q
 _15315_/Q
 _15316_/Q
 _15317_/Q
 _15318_/Q
 _15319_/Q
 _15320_/Q
 _15321_/Q
 _15322_/Q
 _15323_/Q
 _15324_/Q
 _15325_/Q
 _15326_/Q
 _15327_/Q
 _15328_/Q
 _15329_/Q
 _15330_/Q
 _15331_/Q
 _15332_/Q
 _15333_/Q
 _15334_/Q
 _15335_/Q
 _15336_/Q
 _15337_/Q
 _15338_/Q
 _15339_/Q
 _15340_/Q
 _15341_/Q
 _15342_/Q
 _15343_/Q
 _15344_/Q
 _15345_/Q
 _15346_/Q
 _15347_/Q
 _15348_/Q
 _15349_/Q
 _15350_/Q
 _15351_/Q
 _15352_/Q
 _15353_/Q
 _15354_/Q
 _15355_/Q
 _15356_/Q
 _15357_/Q
 _15358_/Q
 _15359_/Q
 _15360_/Q
 _15361_/Q
 _15362_/Q
 _15363_/Q
 _15364_/Q
 _15365_/Q
 _15366_/Q
 _15367_/Q
 _15368_/Q
 _15369_/Q
 _15370_/Q
 _15371_/Q
 _15372_/Q
 _15373_/Q
 _15374_/Q
 _15375_/Q
 _15376_/Q
 _15377_/Q
 _15378_/Q
 _15379_/Q
 _15380_/Q
 _15381_/Q
 _15382_/Q
 _15383_/Q
 _15384_/Q
 _15385_/Q
 _15386_/Q
 _15387_/Q
 _15388_/Q
 _15389_/Q
 _15390_/Q
 _15391_/Q
 _15392_/Q
 _15393_/Q
 _15394_/Q
 _15395_/Q
 _15396_/Q
 _15397_/Q
 _15398_/Q
 _15399_/Q
 _15400_/Q
 _15401_/Q
 _15402_/Q
 _15403_/Q
 _15404_/Q
 _15405_/Q
 _15406_/Q
 _15407_/Q
 _15408_/Q
 _15409_/Q
 _15410_/Q
 _15411_/Q
 _15412_/Q
 _15413_/Q
 _15414_/Q
 _15415_/Q
 _15416_/Q
 _15417_/Q
 _15418_/Q
 _15419_/Q
 _15420_/Q
 _15421_/Q
 _15422_/Q
 _15423_/Q
 _15424_/Q
 _15425_/Q
 _15426_/Q
 _15427_/Q
 _15428_/Q
 _15429_/Q
 _15430_/Q
 _15431_/Q
 _15432_/Q
 _15433_/Q
 _15434_/Q
 _15435_/Q
 _15436_/Q
 _15437_/Q
 _15438_/Q
 _15439_/Q
 _15440_/Q
 _15441_/Q
 _15442_/Q
 _15443_/Q
 _15444_/Q
 _15445_/Q
 _15446_/Q
 _15447_/Q
 _15448_/Q
 _15449_/Q
 _15450_/Q
 _15451_/Q
 _15452_/Q
 _15453_/Q
 _15454_/Q
 _15455_/Q
 _15456_/Q
 _15457_/Q
 _15458_/Q
 _15459_/Q
 _15460_/Q
 _15461_/Q
 _15462_/Q
 _15463_/Q
 _15464_/Q
 _15465_/Q
 _15466_/Q
 _15467_/Q
 _15468_/Q
 _15469_/Q
 _15470_/Q
 _15471_/Q
 _15472_/Q
 _15473_/Q
 _15474_/Q
 _15475_/Q
 _15476_/Q
 _15477_/Q
 _15478_/Q
 _15479_/Q
 _15480_/Q
 _15481_/Q
 _15482_/Q
 _15483_/Q
 _15484_/Q
 _15485_/Q
 _15486_/Q
 _15487_/Q
 _15488_/Q
 _15489_/Q
 _15490_/Q
 _15491_/Q
 _15492_/Q
 _15493_/Q
 _15494_/Q
 _15495_/Q
 _15496_/Q
 _15497_/Q
 _15498_/Q
 _15499_/Q
 _15500_/Q
 _15501_/Q
 _15502_/Q
 _15503_/Q
 _15504_/Q
 _15505_/Q
 _15506_/Q
 _15507_/Q
 _15508_/Q
 _15509_/Q
 _15510_/Q
 _15511_/Q
 _15512_/Q
 _15513_/Q
 _15514_/Q
 _15515_/Q
 _15516_/Q
 _15517_/Q
 _15518_/Q
 _15519_/Q
 _15520_/Q
 _15521_/Q
 _15522_/Q
 _15523_/Q
 _15524_/Q
 _15525_/Q
 _15526_/Q
 _15527_/Q
 _15528_/Q
 _15529_/Q
 _15530_/Q
 _15531_/Q
 _15532_/Q
 _15533_/Q
 _15534_/Q
 _15535_/Q
 _15536_/Q
 _15537_/Q
 _15538_/Q
 _15539_/Q
 _15540_/Q
 _15541_/Q
 _15542_/Q
 _15543_/Q
 _15544_/Q
 _15545_/Q
 _15546_/Q
 _15547_/Q
 _15548_/Q
 _15549_/Q
 _15550_/Q
 _15551_/Q
 _15552_/Q
 _15553_/Q
 _15554_/Q
 _15555_/Q
 _15556_/Q
 _15557_/Q
 _15558_/Q
 _15559_/Q
 _15560_/Q
 _15561_/Q
 _15562_/Q
 _15563_/Q
 _15564_/Q
 _15565_/Q
 _15566_/Q
 _15567_/Q
 _15568_/Q
 _15569_/Q
 _15570_/Q
 _15571_/Q
 _15572_/Q
 _15573_/Q
 _15574_/Q
 _15575_/Q
 _15576_/Q
 _15577_/Q
 _15578_/Q
 _15579_/Q
 _15580_/Q
 _15581_/Q
 _15582_/Q
 _15583_/Q
 _15584_/Q
 _15585_/Q
 _15586_/Q
 _15587_/Q
 _15588_/Q
 _15589_/Q
 _15590_/Q
 _15591_/Q
 _15592_/Q
 _15593_/Q
 _15594_/Q
 _15595_/Q
 _15596_/Q
 _15597_/Q
 _15598_/Q
 _15599_/Q
 _15600_/Q
 _15601_/Q
 _15602_/Q
 _15603_/Q
 _15604_/Q
 _15605_/Q
 _15606_/Q
 _15607_/Q
 _15608_/Q
 _15609_/Q
 _15610_/Q
 _15611_/Q
 _15612_/Q
 _15613_/Q
 _15614_/Q
 _15615_/Q
 _15616_/Q
 _15617_/Q
 _15618_/Q
 _15619_/Q
 _15620_/Q
 _15621_/Q
 _15622_/Q
 _15623_/Q
 _15624_/Q
 _15625_/Q
 _15626_/Q
 _15627_/Q
 _15628_/Q
 _15629_/Q
 _15630_/Q
 _15631_/Q
 _15632_/Q
 _15633_/Q
 _15634_/Q
 _15635_/Q
 _15636_/Q
 _15637_/Q
 _15638_/Q
 _15639_/Q
 _15640_/Q
 _15641_/Q
 _15642_/Q
 _15643_/Q
 _15644_/Q
 _15645_/Q
 _15646_/Q
 _15647_/Q
 _15648_/Q
 _15649_/Q
 _15650_/Q
 _15651_/Q
 _15652_/Q
 _15653_/Q
 _15654_/Q
 _15655_/Q
 _15656_/Q
 _15657_/Q
 _15658_/Q
 _15659_/Q
 _15660_/Q
 _15661_/Q
 _15662_/Q
 _15663_/Q
 _15664_/Q
 _15665_/Q
 _15666_/Q
 _15667_/Q
 _15668_/Q
 _15669_/Q
 _15670_/Q
 _15671_/Q
 _15672_/Q
 _15673_/Q
 _15674_/Q
 _15675_/Q
 _15676_/Q
 _15677_/Q
 _15678_/Q
 _15679_/Q
 _15680_/Q
 _15681_/Q
 _15682_/Q
 _15683_/Q
 _15684_/Q
 _15685_/Q
 _15686_/Q
 _15687_/Q
 _15688_/Q
 _15689_/Q
 _15690_/Q
 _15691_/Q
 _15692_/Q
 _15693_/Q
 _15694_/Q
 _15695_/Q
 _15696_/Q
 _15697_/Q
 _15698_/Q
 _15699_/Q
 _15700_/Q
 _15701_/Q
 _15702_/Q
 _15703_/Q
 _15704_/Q
 _15705_/Q
 _15706_/Q
 _15707_/Q
 _15708_/Q
 _15709_/Q
 _15710_/Q
 _15711_/Q
 _15712_/Q
 _15713_/Q
 _15714_/Q
 _15715_/Q
 _15716_/Q
 _15717_/Q
 _15718_/Q
 _15719_/Q
 _15720_/Q
 _15721_/Q
 _15722_/Q
 _15723_/Q
 _15724_/Q
 _15725_/Q
 _15726_/Q
 _15727_/Q
 _15728_/Q
 _15729_/Q
 _15730_/Q
 _15731_/Q
 _15732_/Q
 _15733_/Q
 _15734_/Q
 _15735_/Q
 _15736_/Q
 _15737_/Q
 _15738_/Q
 _15739_/Q
 _15740_/Q
 _15741_/Q
 _15742_/Q
 _15743_/Q
 _15744_/Q
 _15745_/Q
 _15746_/Q
 _15747_/Q
 _15748_/Q
 _15749_/Q
 _15750_/Q
 _15751_/Q
 _15752_/Q
 _15753_/Q
 _15754_/Q
 _15755_/Q
 _15756_/Q
 _15757_/Q
 _15758_/Q
 _15759_/Q
 _15760_/Q
 _15761_/Q
 _15762_/Q
 _15763_/Q
 _15764_/Q
 _15765_/Q
 _15766_/Q
 _15767_/Q
 _15768_/Q
 _15769_/Q
 _15770_/Q
 _15771_/Q
 _15772_/Q
 _15773_/Q
 _15774_/Q
 _15775_/Q
 _15776_/Q
 _15777_/Q
 _15778_/Q
 _15779_/Q
 _15780_/Q
 _15781_/Q
 _15782_/Q
 _15783_/Q
 _15784_/Q
 _15785_/Q
 _15786_/Q
 _15787_/Q
 _15788_/Q
 _15789_/Q
 _15790_/Q
 _15791_/Q
 _15792_/Q
 _15793_/Q
 _15794_/Q
 _15795_/Q
 _15796_/Q
 _15797_/Q
 _15798_/Q
 _15799_/Q
 _15800_/Q
 _15801_/Q
 _15802_/Q
 _15803_/Q
 _15804_/Q
 _15805_/Q
 _15806_/Q
 _15807_/Q
 _15808_/Q
 _15809_/Q
 _15810_/Q
 _15811_/Q
 _15812_/Q
 _15813_/Q
 _15814_/Q
 _15815_/Q
 _15816_/Q
 _15817_/Q
 _15818_/Q
 _15819_/Q
 _15820_/Q
 _15821_/Q
 _15822_/Q
 _15823_/Q
 _15824_/Q
 _15825_/Q
 _15826_/Q
 _15827_/Q
 _15828_/Q
 _15829_/Q
 _15830_/Q
 _15831_/Q
 _15832_/Q
 _15833_/Q
 _15834_/Q
 _15835_/Q
 _15836_/Q
 _15837_/Q
 _15838_/Q
 _15839_/Q
 _15840_/Q
 _15841_/Q
 _15842_/Q
 _15843_/Q
 _15844_/Q
 _15845_/Q
 _15846_/Q
 _15847_/Q
 _15848_/Q
 _15849_/Q
 _15850_/Q
 _15851_/Q
 _15852_/Q
 _15853_/Q
 _15854_/Q
 _15855_/Q
 _15856_/Q
 _15857_/Q
 _15858_/Q
 _15859_/Q
 _15860_/Q
 _15861_/Q
 _15862_/Q
 _15863_/Q
 _15864_/Q
 _15865_/Q
 _15866_/Q
 _15867_/Q
 _15868_/Q
 _15869_/Q
 _15870_/Q
 _15871_/Q
 _15872_/Q
 _15873_/Q
 _15874_/Q
 _15875_/Q
 _15876_/Q
 _15877_/Q
 _15878_/Q
 _15879_/Q
 _15880_/Q
 _15881_/Q
 _15882_/Q
 _15883_/Q
 _15884_/Q
 _15885_/Q
 _15886_/Q
 _15887_/Q
 _15888_/Q
 _15889_/Q
 _15890_/Q
 _15891_/Q
 _15892_/Q
 _15893_/Q
 _15894_/Q
 _15895_/Q
 _15896_/Q
 _15897_/Q
 _15898_/Q
 _15899_/Q
 _15900_/Q
 _15901_/Q
 _15902_/Q
 _15903_/Q
 _15904_/Q
 _15905_/Q
 _15906_/Q
 _15907_/Q
 _15908_/Q
 _15909_/Q
 _15910_/Q
 _15911_/Q
 _15912_/Q
 _15913_/Q
 _15914_/Q
 _15915_/Q
 _15916_/Q
 _15917_/Q
 _15918_/Q
 _15919_/Q
 _15920_/Q
 _15921_/Q
 _15922_/Q
 _15923_/Q
 _15924_/Q
 _15925_/Q
 _15926_/Q
 _15927_/Q
 _15928_/Q
 _15929_/Q
 _15930_/Q
 _15931_/Q
 _15932_/Q
 _15933_/Q
 _15934_/Q
 _15935_/Q
 _15936_/Q
 _15937_/Q
 _15938_/Q
 _15939_/Q
 _15940_/Q
 _15941_/Q
 _15942_/Q
 _15943_/Q
 _15944_/Q
 _15945_/Q
 _15946_/Q
 _15947_/Q
 _15948_/Q
 _15949_/Q
 _15950_/Q
 _15951_/Q
 _15952_/Q
 _15953_/Q
 _15954_/Q
 _15955_/Q
 _15956_/Q
 _15957_/Q
 _15958_/Q
 _15959_/Q
 _15960_/Q
 _15961_/Q
 _15962_/Q
 _15963_/Q
 _15964_/Q
 _15965_/Q
 _15966_/Q
 _15967_/Q
 _15968_/Q
 _15969_/Q
 _15970_/Q
 _15971_/Q
 _15972_/Q
 _15973_/Q
 _15974_/Q
 _15975_/Q
 _15976_/Q
 _15977_/Q
 _15978_/Q
 _15979_/Q
 _15980_/Q
 _15981_/Q
 _15982_/Q
 _15983_/Q
 _15984_/Q
 _15985_/Q
 _15986_/Q
 _15987_/Q
 _15988_/Q
 _15989_/Q
 _15990_/Q
 _15991_/Q
 _15992_/Q
 _15993_/Q
 _15994_/Q
 _15995_/Q
 _15996_/Q
 _15997_/Q
 _15998_/Q
 _15999_/Q
 _16000_/Q
 _16001_/Q
 _16002_/Q
 _16003_/Q
 _16004_/Q
 _16005_/Q
 _16006_/Q
 _16007_/Q
 _16008_/Q
 _16009_/Q
 _16010_/Q
 _16011_/Q
 _16012_/Q
 _16013_/Q
 _16014_/Q
 _16015_/Q
 _16016_/Q
 _16017_/Q
 _16018_/Q
 _16019_/Q
 _16020_/Q
 _16021_/Q
 _16022_/Q
 _16023_/Q
 _16024_/Q
 _16025_/Q
 _16026_/Q
 _16027_/Q
 _16028_/Q
 _16029_/Q
 _16030_/Q
 _16031_/Q
 _16032_/Q
 _16033_/Q
 _16034_/Q
 _16035_/Q
 _16036_/Q
 _16037_/Q
 _16038_/Q
 _16039_/Q
 _16040_/Q
 _16041_/Q
 _16042_/Q
 _16043_/Q
 _16044_/Q
 _16045_/Q
 _16046_/Q
 _16047_/Q
 _16048_/Q
 _16049_/Q
 _16050_/Q
 _16051_/Q
 _16052_/Q
 _16053_/Q
 _16054_/Q
 _16055_/Q
 _16056_/Q
 _16057_/Q
 _16058_/Q
 _16059_/Q
 _16060_/Q
 _16061_/Q
 _16062_/Q
 _16063_/Q
 _16064_/Q
 _16065_/Q
 _16066_/Q
 _16067_/Q
 _16068_/Q
 _16069_/Q
 _16070_/Q
 _16071_/Q
 _16072_/Q
 _16073_/Q
 _16074_/Q
 _16075_/Q
 _16076_/Q
 _16077_/Q
 _16078_/Q
 _16079_/Q
 _16080_/Q
 _16081_/Q
 _16082_/Q
 _16083_/Q
 _16084_/Q
 _16085_/Q
 _16086_/Q
 _16087_/Q
 _16088_/Q
 _16089_/Q
 _16090_/Q
 _16091_/Q
 _16092_/Q
 _16093_/Q
 _16094_/Q
 _16095_/Q
 _16096_/Q
 _16097_/Q
 _16098_/Q
 _16099_/Q
 _16100_/Q
 _16101_/Q
 _16102_/Q
 _16103_/Q
 _16104_/Q
 _16105_/Q
 _16106_/Q
 _16107_/Q
 _16108_/Q
 _16109_/Q
 _16110_/Q
 _16111_/Q
 _16112_/Q
 _16113_/Q
 _16114_/Q
 _16115_/Q
 _16116_/Q
 _16117_/Q
 _16118_/Q
 _16119_/Q
 _16120_/Q
 _16121_/Q
 _16122_/Q
 _16123_/Q
 _16124_/Q
 _16125_/Q
 _16126_/Q
 _16127_/Q
 _16128_/Q
 _16129_/Q
 _16130_/Q
 _16131_/Q
 _16132_/Q
 _16133_/Q
 _16134_/Q
 _16135_/Q
 _16136_/Q
 _16137_/Q
 _16138_/Q
 _16139_/Q
 _16140_/Q
 _16141_/Q
 _16142_/Q
 _16143_/Q
 _16144_/Q
 _16145_/Q
 _16146_/Q
 _16147_/Q
 _16148_/Q
 _16149_/Q
 _16150_/Q
 _16151_/Q
 _16152_/Q
 _16153_/Q
 _16154_/Q
 _16155_/Q
 _16156_/Q
 _16157_/Q
 _16158_/Q
 _16159_/Q
 _16160_/Q
 _16161_/Q
 _16162_/Q
 _16163_/Q
 _16164_/Q
 _16165_/Q
 _16166_/Q
 _16167_/Q
 _16168_/Q
 _16169_/Q
 _16170_/Q
 _16171_/Q
 _16172_/Q
 _16173_/Q
 _16174_/Q
 _16175_/Q
 _16176_/Q
 _16177_/Q
 _16178_/Q
 _16179_/Q
 _16180_/Q
 _16181_/Q
 _16182_/Q
 _16183_/Q
 _16184_/Q
 _16185_/Q
 _16186_/Q
 _16187_/Q
 _16188_/Q
 _16189_/Q
 _16190_/Q
 _16191_/Q
 _16192_/Q
 _16193_/Q
 _16194_/Q
 _16195_/Q
 _16196_/Q
 _16197_/Q
 _16198_/Q
 _16199_/Q
 _16200_/Q
 _16201_/Q
 _16202_/Q
 _16203_/Q
 _16204_/Q
 _16205_/Q
 _16206_/Q
 _16207_/Q
 _16208_/Q
 _16209_/Q
 _16210_/Q
 _16211_/Q
 _16212_/Q
 _16213_/Q
 _16214_/Q
 _16215_/Q
 _16216_/Q
 _16217_/Q
 _16218_/Q
 _16219_/Q
 _16220_/Q
 _16221_/Q
 _16222_/Q
 _16223_/Q
 _16224_/Q
 _16225_/Q
 _16226_/Q
 _16227_/Q
 _16228_/Q
 _16229_/Q
 _16230_/Q
 _16231_/Q
 _16232_/Q
 _16233_/Q
 _16234_/Q
 _16235_/Q
 _16236_/Q
 _16237_/Q
 _16238_/Q
 _16239_/Q
 _16240_/Q
 _16241_/Q
 _16242_/Q
 _16243_/Q
 _16244_/Q
 _16245_/Q
 _16246_/Q
 _16247_/Q
 _16248_/Q
 _16249_/Q
 _16250_/Q
 _16251_/Q
 _16252_/Q
 _16253_/HI
 _16253_/LO
 _16254_/HI
 _16254_/LO
 _16255_/HI
 _16255_/LO
 _16256_/HI
 _16256_/LO
 _16257_/HI
 _16257_/LO
 _16258_/HI
 _16258_/LO
 _16259_/HI
 _16259_/LO
 _16260_/HI
 _16260_/LO
 _16261_/HI
 _16261_/LO
 _16262_/HI
 _16262_/LO
 _16263_/HI
 _16263_/LO
 _16264_/HI
 _16264_/LO
 _16265_/HI
 _16265_/LO
 _16266_/HI
 _16266_/LO
 _16267_/HI
 _16267_/LO
 _16268_/HI
 _16268_/LO
 _16269_/HI
 _16269_/LO
 _16270_/HI
 _16270_/LO
 _16271_/HI
 _16271_/LO
 _16272_/HI
 _16272_/LO
 _16273_/HI
 _16273_/LO
 _16274_/HI
 _16274_/LO
 _16275_/HI
 _16275_/LO
 _16276_/HI
 _16276_/LO
 _16277_/HI
 _16277_/LO
 _16278_/HI
 _16278_/LO
 _16279_/HI
 _16279_/LO
 _16280_/HI
 _16280_/LO
 _16281_/HI
 _16281_/LO
 _16282_/HI
 _16282_/LO
 _16283_/HI
 _16283_/LO
 _16284_/HI
 _16284_/LO
 _16285_/HI
 _16285_/LO
 _16286_/HI
 _16286_/LO
 _16287_/HI
 _16287_/LO
 _16288_/HI
 _16288_/LO
 _16289_/HI
 _16289_/LO
 _16290_/HI
 _16290_/LO
 _16291_/HI
 _16291_/LO
 _16292_/HI
 _16292_/LO
 _16293_/HI
 _16293_/LO
 _16294_/HI
 _16294_/LO
 _16295_/HI
 _16295_/LO
 _16296_/HI
 _16296_/LO
 _16297_/HI
 _16297_/LO
 _16298_/HI
 _16298_/LO
 _16299_/HI
 _16299_/LO
 _16300_/HI
 _16300_/LO
 _16301_/HI
 _16301_/LO
 _16302_/HI
 _16302_/LO
 _16303_/HI
 _16303_/LO
 _16304_/HI
 _16304_/LO
 _16305_/HI
 _16305_/LO
 _16306_/HI
 _16306_/LO
 _16307_/HI
 _16307_/LO
 _16308_/HI
 _16308_/LO
 _16309_/HI
 _16309_/LO
 _16310_/HI
 _16310_/LO
 _16311_/HI
 _16311_/LO
 _16312_/HI
 _16312_/LO
 _16313_/HI
 _16313_/LO
 _16314_/HI
 _16314_/LO
 _16315_/HI
 _16315_/LO
 _16316_/HI
 _16316_/LO
 _16317_/HI
 _16317_/LO
 _16318_/HI
 _16318_/LO
 _16319_/HI
 _16319_/LO
 _16320_/HI
 _16320_/LO
 _16321_/HI
 _16321_/LO
 _16322_/HI
 _16322_/LO
 _16323_/HI
 _16323_/LO
 _16324_/HI
 _16324_/LO
 _16325_/HI
 _16325_/LO
 _16326_/HI
 _16326_/LO
 _16327_/HI
 _16327_/LO
 _16328_/HI
 _16328_/LO
 _16329_/HI
 _16329_/LO
 _16330_/HI
 _16330_/LO
 _16331_/HI
 _16331_/LO
 _16332_/HI
 _16332_/LO
 _16333_/HI
 _16333_/LO
 _16334_/HI
 _16334_/LO
 _16335_/HI
 _16335_/LO
 _16336_/HI
 _16336_/LO
 _16337_/HI
 _16337_/LO
 _16338_/HI
 _16338_/LO
 _16339_/HI
 _16339_/LO
 _16340_/HI
 _16340_/LO
 _16341_/HI
 _16341_/LO
 _16342_/HI
 _16342_/LO
 _16343_/HI
 _16343_/LO
 _16344_/HI
 _16344_/LO
 _16345_/HI
 _16345_/LO
 _16346_/HI
 _16346_/LO
 _16347_/HI
 _16347_/LO
 _16348_/HI
 _16348_/LO
 _16349_/HI
 _16349_/LO
 _16350_/HI
 _16350_/LO
 _16351_/HI
 _16351_/LO
 _16352_/HI
 _16352_/LO
 _16353_/HI
 _16353_/LO
 _16354_/HI
 _16354_/LO
 _16355_/HI
 _16355_/LO
 _16356_/HI
 _16356_/LO
 _16357_/HI
 _16357_/LO
 _16358_/HI
 _16358_/LO
 _16359_/HI
 _16359_/LO
 _16360_/HI
 _16360_/LO
 _16361_/HI
 _16361_/LO
 _16362_/HI
 _16362_/LO
 _16363_/HI
 _16363_/LO
 _16364_/HI
 _16364_/LO
 _16365_/HI
 _16365_/LO
 _16366_/HI
 _16366_/LO
 _16367_/HI
 _16367_/LO
 _16368_/HI
 _16368_/LO
 _16369_/HI
 _16369_/LO
 _16370_/HI
 _16370_/LO
 _16371_/HI
 _16371_/LO
 _16372_/HI
 _16372_/LO
 _16373_/HI
 _16373_/LO
 _16374_/HI
 _16374_/LO
 _16375_/HI
 _16375_/LO
 _16376_/HI
 _16376_/LO
 _16377_/HI
 _16377_/LO
 _16378_/HI
 _16378_/LO
 _16379_/HI
 _16379_/LO
 _16380_/HI
 _16380_/LO
 _16381_/HI
 _16381_/LO
 _16382_/HI
 _16382_/LO
 _16383_/HI
 _16383_/LO
 _16384_/HI
 _16384_/LO
 _16385_/HI
 _16385_/LO
 _16386_/HI
 _16386_/LO
 _16387_/HI
 _16387_/LO
 _16388_/HI
 _16388_/LO
 _16389_/HI
 _16389_/LO
 _16390_/HI
 _16390_/LO
 _16391_/HI
 _16391_/LO
 _16392_/HI
 _16392_/LO
 _16393_/HI
 _16393_/LO
 _16394_/HI
 _16394_/LO
 _16395_/HI
 _16395_/LO
 _16396_/HI
 _16396_/LO
 _16397_/HI
 _16397_/LO
 _16398_/HI
 _16398_/LO
 _16399_/HI
 _16399_/LO
 _16400_/HI
 _16400_/LO
 _16401_/HI
 _16401_/LO
 _16402_/HI
 _16402_/LO
 _16403_/HI
 _16403_/LO
 _16404_/HI
 _16404_/LO
 _16405_/HI
 _16405_/LO
 _16406_/HI
 _16406_/LO
 _16407_/HI
 _16407_/LO
 _16408_/HI
 _16408_/LO
 _16409_/HI
 _16409_/LO
 _16410_/HI
 _16410_/LO
 _16411_/HI
 _16411_/LO
 _16412_/HI
 _16412_/LO
 _16413_/HI
 _16413_/LO
 _16414_/HI
 _16414_/LO
 _16415_/HI
 _16415_/LO
 _16416_/HI
 _16416_/LO
 _16417_/HI
 _16417_/LO
 _16418_/HI
 _16418_/LO
 _16419_/HI
 _16419_/LO
 _16420_/HI
 _16420_/LO
 _16421_/HI
 _16421_/LO
 _16422_/HI
 _16422_/LO
 _16423_/X
 _16424_/X
 _16425_/X
 _16426_/X
 _16427_/X
 _16428_/X
 _16429_/X
 _16430_/X
 _16431_/X
 _16432_/X
 _16433_/X
 _16434_/X
 _16435_/X
 _16436_/X
 _16437_/X
 _16438_/X
 _16439_/X
 _16440_/X
 _16441_/X
 _16442_/X
 _16443_/X
 _16444_/X
 _16445_/X
 _16446_/X
 _16447_/X
 _16448_/X
 _16449_/X
 _16450_/X
 _16451_/X
 _16452_/X
 core_clock_gate_i.u_icg/GCLK
Found 0 partially unannotated drivers.

===========================================================================
max slew violation count 3949
max fanout violation count 338
max cap violation count 11
============================================================================

===========================================================================
check_setup -verbose -unconstrained_endpoints -multiple_clock -no_clock -no_input_delay -loops -generated_clocks
===========================================================================
Warning: There are 170 unconstrained endpoints.
  alert_major_bus_o
  alert_major_internal_o
  alert_minor_o
  crash_dump_o[128]
  crash_dump_o[96]
  data_addr_o[0]
  data_addr_o[1]
  data_addr_shadow_o[0]
  data_addr_shadow_o[10]
  data_addr_shadow_o[11]
  data_addr_shadow_o[12]
  data_addr_shadow_o[13]
  data_addr_shadow_o[14]
  data_addr_shadow_o[15]
  data_addr_shadow_o[16]
  data_addr_shadow_o[17]
  data_addr_shadow_o[18]
  data_addr_shadow_o[19]
  data_addr_shadow_o[1]
  data_addr_shadow_o[20]
  data_addr_shadow_o[21]
  data_addr_shadow_o[22]
  data_addr_shadow_o[23]
  data_addr_shadow_o[24]
  data_addr_shadow_o[25]
  data_addr_shadow_o[26]
  data_addr_shadow_o[27]
  data_addr_shadow_o[28]
  data_addr_shadow_o[29]
  data_addr_shadow_o[2]
  data_addr_shadow_o[30]
  data_addr_shadow_o[31]
  data_addr_shadow_o[3]
  data_addr_shadow_o[4]
  data_addr_shadow_o[5]
  data_addr_shadow_o[6]
  data_addr_shadow_o[7]
  data_addr_shadow_o[8]
  data_addr_shadow_o[9]
  data_be_shadow_o[0]
  data_be_shadow_o[1]
  data_be_shadow_o[2]
  data_be_shadow_o[3]
  data_req_shadow_o
  data_tag_o
  data_wdata_intg_o[0]
  data_wdata_intg_o[1]
  data_wdata_intg_o[2]
  data_wdata_intg_o[3]
  data_wdata_intg_o[4]
  data_wdata_intg_o[5]
  data_wdata_intg_o[6]
  data_wdata_intg_shadow_o[0]
  data_wdata_intg_shadow_o[1]
  data_wdata_intg_shadow_o[2]
  data_wdata_intg_shadow_o[3]
  data_wdata_intg_shadow_o[4]
  data_wdata_intg_shadow_o[5]
  data_wdata_intg_shadow_o[6]
  data_wdata_shadow_o[0]
  data_wdata_shadow_o[10]
  data_wdata_shadow_o[11]
  data_wdata_shadow_o[12]
  data_wdata_shadow_o[13]
  data_wdata_shadow_o[14]
  data_wdata_shadow_o[15]
  data_wdata_shadow_o[16]
  data_wdata_shadow_o[17]
  data_wdata_shadow_o[18]
  data_wdata_shadow_o[19]
  data_wdata_shadow_o[1]
  data_wdata_shadow_o[20]
  data_wdata_shadow_o[21]
  data_wdata_shadow_o[22]
  data_wdata_shadow_o[23]
  data_wdata_shadow_o[24]
  data_wdata_shadow_o[25]
  data_wdata_shadow_o[26]
  data_wdata_shadow_o[27]
  data_wdata_shadow_o[28]
  data_wdata_shadow_o[29]
  data_wdata_shadow_o[2]
  data_wdata_shadow_o[30]
  data_wdata_shadow_o[31]
  data_wdata_shadow_o[3]
  data_wdata_shadow_o[4]
  data_wdata_shadow_o[5]
  data_wdata_shadow_o[6]
  data_wdata_shadow_o[7]
  data_wdata_shadow_o[8]
  data_wdata_shadow_o[9]
  data_we_shadow_o
  instr_addr_o[0]
  instr_addr_o[1]
  instr_addr_shadow_o[0]
  instr_addr_shadow_o[10]
  instr_addr_shadow_o[11]
  instr_addr_shadow_o[12]
  instr_addr_shadow_o[13]
  instr_addr_shadow_o[14]
  instr_addr_shadow_o[15]
  instr_addr_shadow_o[16]
  instr_addr_shadow_o[17]
  instr_addr_shadow_o[18]
  instr_addr_shadow_o[19]
  instr_addr_shadow_o[1]
  instr_addr_shadow_o[20]
  instr_addr_shadow_o[21]
  instr_addr_shadow_o[22]
  instr_addr_shadow_o[23]
  instr_addr_shadow_o[24]
  instr_addr_shadow_o[25]
  instr_addr_shadow_o[26]
  instr_addr_shadow_o[27]
  instr_addr_shadow_o[28]
  instr_addr_shadow_o[29]
  instr_addr_shadow_o[2]
  instr_addr_shadow_o[30]
  instr_addr_shadow_o[31]
  instr_addr_shadow_o[3]
  instr_addr_shadow_o[4]
  instr_addr_shadow_o[5]
  instr_addr_shadow_o[6]
  instr_addr_shadow_o[7]
  instr_addr_shadow_o[8]
  instr_addr_shadow_o[9]
  instr_req_shadow_o
  lockstep_cmp_en_o[0]
  lockstep_cmp_en_o[1]
  lockstep_cmp_en_o[2]
  lockstep_cmp_en_o[3]
  ram_cfg_icache_data_o[0]
  ram_cfg_icache_data_o[1]
  ram_cfg_icache_tag_o[0]
  ram_cfg_icache_tag_o[1]
  scramble_req_o
  trvk_revbm_addr_o[0]
  trvk_revbm_addr_o[10]
  trvk_revbm_addr_o[11]
  trvk_revbm_addr_o[12]
  trvk_revbm_addr_o[13]
  trvk_revbm_addr_o[14]
  trvk_revbm_addr_o[15]
  trvk_revbm_addr_o[16]
  trvk_revbm_addr_o[17]
  trvk_revbm_addr_o[18]
  trvk_revbm_addr_o[19]
  trvk_revbm_addr_o[1]
  trvk_revbm_addr_o[20]
  trvk_revbm_addr_o[21]
  trvk_revbm_addr_o[22]
  trvk_revbm_addr_o[23]
  trvk_revbm_addr_o[24]
  trvk_revbm_addr_o[25]
  trvk_revbm_addr_o[26]
  trvk_revbm_addr_o[27]
  trvk_revbm_addr_o[28]
  trvk_revbm_addr_o[29]
  trvk_revbm_addr_o[2]
  trvk_revbm_addr_o[30]
  trvk_revbm_addr_o[31]
  trvk_revbm_addr_o[3]
  trvk_revbm_addr_o[4]
  trvk_revbm_addr_o[5]
  trvk_revbm_addr_o[6]
  trvk_revbm_addr_o[7]
  trvk_revbm_addr_o[8]
  trvk_revbm_addr_o[9]
  trvk_revbm_req_o
  _14984_/D
