
 /----------------------------------------------------------------------------\
 |  yosys -- Yosys Open SYnthesis Suite                                       |
 |  Copyright (C) 2012 - 2024  Claire Xenia Wolf <claire@yosyshq.com>         |
 |  Distributed under an ISC-like license, type "license" to see terms        |
 \----------------------------------------------------------------------------/
 Yosys 0.46 (git sha1 e97731b9dda91fa5fa53ed87df7c34163ba59a41, clang++ 17.0.6 -fPIC -O3)
Loaded SDC plugin

1. Executing Liberty frontend: /pdk/volare/sky130/versions/0fe599b2afb6708d281543108caf8310912f54af/sky130A/libs.ref/sky130_fd_sc_hd/lib/sky130_fd_sc_hd__tt_025C_1v80.lib
Imported 428 cell types from liberty file.
[INFO] Using SDC file '/work/runs/fathom-20260905T140607Z/06-yosys-synthesis/synthesis.abc.sdc' for ABC…

2. Executing Verilog-2005 frontend: /work/src/ibex_alu.v
Parsing SystemVerilog input from `/work/src/ibex_alu.v' to AST representation.
Storing AST representation for module `$abstract\ibex_alu'.
Successfully finished Verilog frontend.

3. Executing Verilog-2005 frontend: /work/src/ibex_branch_predict.v
Parsing SystemVerilog input from `/work/src/ibex_branch_predict.v' to AST representation.
Storing AST representation for module `$abstract\ibex_branch_predict'.
Successfully finished Verilog frontend.

4. Executing Verilog-2005 frontend: /work/src/ibex_cheriot_ex.v
Parsing SystemVerilog input from `/work/src/ibex_cheriot_ex.v' to AST representation.
Storing AST representation for module `$abstract\ibex_cheriot_ex'.
Successfully finished Verilog frontend.

5. Executing Verilog-2005 frontend: /work/src/ibex_compressed_decoder.v
Parsing SystemVerilog input from `/work/src/ibex_compressed_decoder.v' to AST representation.
Storing AST representation for module `$abstract\ibex_compressed_decoder'.
Successfully finished Verilog frontend.

6. Executing Verilog-2005 frontend: /work/src/ibex_controller.v
Parsing SystemVerilog input from `/work/src/ibex_controller.v' to AST representation.
Storing AST representation for module `$abstract\ibex_controller'.
Successfully finished Verilog frontend.

7. Executing Verilog-2005 frontend: /work/src/ibex_core.v
Parsing SystemVerilog input from `/work/src/ibex_core.v' to AST representation.
Storing AST representation for module `$abstract\ibex_core'.
Successfully finished Verilog frontend.

8. Executing Verilog-2005 frontend: /work/src/ibex_counter.v
Parsing SystemVerilog input from `/work/src/ibex_counter.v' to AST representation.
Storing AST representation for module `$abstract\ibex_counter'.
Successfully finished Verilog frontend.

9. Executing Verilog-2005 frontend: /work/src/ibex_cs_registers.v
Parsing SystemVerilog input from `/work/src/ibex_cs_registers.v' to AST representation.
Storing AST representation for module `$abstract\ibex_cs_registers'.
Successfully finished Verilog frontend.

10. Executing Verilog-2005 frontend: /work/src/ibex_csr.v
Parsing SystemVerilog input from `/work/src/ibex_csr.v' to AST representation.
Storing AST representation for module `$abstract\ibex_csr'.
Successfully finished Verilog frontend.

11. Executing Verilog-2005 frontend: /work/src/ibex_decoder.v
Parsing SystemVerilog input from `/work/src/ibex_decoder.v' to AST representation.
Storing AST representation for module `$abstract\ibex_decoder'.
Successfully finished Verilog frontend.

12. Executing Verilog-2005 frontend: /work/src/ibex_dummy_instr.v
Parsing SystemVerilog input from `/work/src/ibex_dummy_instr.v' to AST representation.
Storing AST representation for module `$abstract\ibex_dummy_instr'.
Successfully finished Verilog frontend.

13. Executing Verilog-2005 frontend: /work/src/ibex_ex_block.v
Parsing SystemVerilog input from `/work/src/ibex_ex_block.v' to AST representation.
Storing AST representation for module `$abstract\ibex_ex_block'.
Successfully finished Verilog frontend.

14. Executing Verilog-2005 frontend: /work/src/ibex_fetch_fifo.v
Parsing SystemVerilog input from `/work/src/ibex_fetch_fifo.v' to AST representation.
Storing AST representation for module `$abstract\ibex_fetch_fifo'.
Successfully finished Verilog frontend.

15. Executing Verilog-2005 frontend: /work/src/ibex_icache.v
Parsing SystemVerilog input from `/work/src/ibex_icache.v' to AST representation.
Storing AST representation for module `$abstract\ibex_icache'.
Successfully finished Verilog frontend.

16. Executing Verilog-2005 frontend: /work/src/ibex_id_stage.v
Parsing SystemVerilog input from `/work/src/ibex_id_stage.v' to AST representation.
Storing AST representation for module `$abstract\ibex_id_stage'.
Successfully finished Verilog frontend.

17. Executing Verilog-2005 frontend: /work/src/ibex_if_stage.v
Parsing SystemVerilog input from `/work/src/ibex_if_stage.v' to AST representation.
Storing AST representation for module `$abstract\ibex_if_stage'.
Successfully finished Verilog frontend.

18. Executing Verilog-2005 frontend: /work/src/ibex_load_store_unit.v
Parsing SystemVerilog input from `/work/src/ibex_load_store_unit.v' to AST representation.
Storing AST representation for module `$abstract\ibex_load_store_unit'.
Successfully finished Verilog frontend.

19. Executing Verilog-2005 frontend: /work/src/ibex_lockstep.v
Parsing SystemVerilog input from `/work/src/ibex_lockstep.v' to AST representation.
Storing AST representation for module `$abstract\ibex_lockstep'.
Successfully finished Verilog frontend.

20. Executing Verilog-2005 frontend: /work/src/ibex_multdiv_fast.v
Parsing SystemVerilog input from `/work/src/ibex_multdiv_fast.v' to AST representation.
Storing AST representation for module `$abstract\ibex_multdiv_fast'.
Successfully finished Verilog frontend.

21. Executing Verilog-2005 frontend: /work/src/ibex_multdiv_slow.v
Parsing SystemVerilog input from `/work/src/ibex_multdiv_slow.v' to AST representation.
Storing AST representation for module `$abstract\ibex_multdiv_slow'.
Successfully finished Verilog frontend.

22. Executing Verilog-2005 frontend: /work/src/ibex_pmp.v
Parsing SystemVerilog input from `/work/src/ibex_pmp.v' to AST representation.
Storing AST representation for module `$abstract\ibex_pmp'.
Successfully finished Verilog frontend.

23. Executing Verilog-2005 frontend: /work/src/ibex_prefetch_buffer.v
Parsing SystemVerilog input from `/work/src/ibex_prefetch_buffer.v' to AST representation.
Storing AST representation for module `$abstract\ibex_prefetch_buffer'.
Successfully finished Verilog frontend.

24. Executing Verilog-2005 frontend: /work/src/ibex_register_file_ff.v
Parsing SystemVerilog input from `/work/src/ibex_register_file_ff.v' to AST representation.
Storing AST representation for module `$abstract\ibex_register_file_ff'.
Successfully finished Verilog frontend.

25. Executing Verilog-2005 frontend: /work/src/ibex_register_file_fpga.v
Parsing SystemVerilog input from `/work/src/ibex_register_file_fpga.v' to AST representation.
Storing AST representation for module `$abstract\ibex_register_file_fpga'.
Successfully finished Verilog frontend.

26. Executing Verilog-2005 frontend: /work/src/ibex_register_file_latch.v
Parsing SystemVerilog input from `/work/src/ibex_register_file_latch.v' to AST representation.
Storing AST representation for module `$abstract\ibex_register_file_latch'.
Successfully finished Verilog frontend.

27. Executing Verilog-2005 frontend: /work/src/ibex_top.v
Parsing SystemVerilog input from `/work/src/ibex_top.v' to AST representation.
Storing AST representation for module `$abstract\ibex_top'.
Successfully finished Verilog frontend.

28. Executing Verilog-2005 frontend: /work/src/ibex_trvk.v
Parsing SystemVerilog input from `/work/src/ibex_trvk.v' to AST representation.
Storing AST representation for module `$abstract\ibex_trvk'.
Successfully finished Verilog frontend.

29. Executing Verilog-2005 frontend: /work/src/ibex_wb_stage.v
Parsing SystemVerilog input from `/work/src/ibex_wb_stage.v' to AST representation.
Storing AST representation for module `$abstract\ibex_wb_stage'.
Successfully finished Verilog frontend.

30. Executing Verilog-2005 frontend: /work/src/prim_and2.v
Parsing SystemVerilog input from `/work/src/prim_and2.v' to AST representation.
Storing AST representation for module `$abstract\prim_generic_and2'.
Successfully finished Verilog frontend.

31. Executing Verilog-2005 frontend: /work/src/prim_buf.v
Parsing SystemVerilog input from `/work/src/prim_buf.v' to AST representation.
Storing AST representation for module `$abstract\prim_generic_buf'.
Successfully finished Verilog frontend.

32. Executing Verilog-2005 frontend: /work/src/prim_clock_gating.v
Parsing SystemVerilog input from `/work/src/prim_clock_gating.v' to AST representation.
Storing AST representation for module `$abstract\prim_generic_clock_gating'.
Successfully finished Verilog frontend.

33. Executing Verilog-2005 frontend: /work/src/prim_clock_mux2.v
Parsing SystemVerilog input from `/work/src/prim_clock_mux2.v' to AST representation.
Storing AST representation for module `$abstract\prim_generic_clock_mux2'.
Successfully finished Verilog frontend.

34. Executing Verilog-2005 frontend: /work/src/prim_count.v
Parsing SystemVerilog input from `/work/src/prim_count.v' to AST representation.
Storing AST representation for module `$abstract\prim_count'.
Successfully finished Verilog frontend.

35. Executing Verilog-2005 frontend: /work/src/prim_flop.v
Parsing SystemVerilog input from `/work/src/prim_flop.v' to AST representation.
Storing AST representation for module `$abstract\prim_generic_flop'.
Successfully finished Verilog frontend.

36. Executing Verilog-2005 frontend: /work/src/prim_lfsr.v
Parsing SystemVerilog input from `/work/src/prim_lfsr.v' to AST representation.
Storing AST representation for module `$abstract\prim_lfsr'.
Successfully finished Verilog frontend.

37. Executing Verilog-2005 frontend: /work/src/prim_secded_inv_39_32_dec.v
Parsing SystemVerilog input from `/work/src/prim_secded_inv_39_32_dec.v' to AST representation.
Storing AST representation for module `$abstract\prim_secded_inv_39_32_dec'.
Successfully finished Verilog frontend.

38. Executing Verilog-2005 frontend: /work/src/prim_secded_inv_39_32_enc.v
Parsing SystemVerilog input from `/work/src/prim_secded_inv_39_32_enc.v' to AST representation.
Storing AST representation for module `$abstract\prim_secded_inv_39_32_enc'.
Successfully finished Verilog frontend.
Parameter \BaseIsa = 0

39. Executing AST frontend in derive mode using pre-parsed AST for module `\ibex_top'.
Parameter \BaseIsa = 0
Generating RTLIL representation for module `$paramod\ibex_top\BaseIsa=32'00000000000000000000000000000000'.
Parameter \RV32M = 0

40. Executing AST frontend in derive mode using pre-parsed AST for module `\ibex_top'.
Parameter \RV32M = 0
Generating RTLIL representation for module `$paramod\ibex_top\RV32M=32'00000000000000000000000000000000'.
Parameter \RV32B = 0

41. Executing AST frontend in derive mode using pre-parsed AST for module `\ibex_top'.
Parameter \RV32B = 0
Generating RTLIL representation for module `$paramod\ibex_top\RV32B=32'00000000000000000000000000000000'.
Parameter \RV32ZC = 0

42. Executing AST frontend in derive mode using pre-parsed AST for module `\ibex_top'.
Parameter \RV32ZC = 0
Generating RTLIL representation for module `$paramod\ibex_top\RV32ZC=32'00000000000000000000000000000000'.
Parameter \WritebackStage = 1

43. Executing AST frontend in derive mode using pre-parsed AST for module `\ibex_top'.
Parameter \WritebackStage = 1
Generating RTLIL representation for module `$paramod\ibex_top\WritebackStage=32'00000000000000000000000000000001'.
Parameter \BranchTargetALU = 0

44. Executing AST frontend in derive mode using pre-parsed AST for module `\ibex_top'.
Parameter \BranchTargetALU = 0
Generating RTLIL representation for module `$paramod\ibex_top\BranchTargetALU=32'00000000000000000000000000000000'.
Parameter \ICache = 0

45. Executing AST frontend in derive mode using pre-parsed AST for module `\ibex_top'.
Parameter \ICache = 0
Generating RTLIL representation for module `$paramod\ibex_top\ICache=32'00000000000000000000000000000000'.
Parameter \BranchPredictor = 0

46. Executing AST frontend in derive mode using pre-parsed AST for module `\ibex_top'.
Parameter \BranchPredictor = 0
Generating RTLIL representation for module `$paramod\ibex_top\BranchPredictor=32'00000000000000000000000000000000'.
Parameter \SecureIbex = 0

47. Executing AST frontend in derive mode using pre-parsed AST for module `\ibex_top'.
Parameter \SecureIbex = 0
Generating RTLIL representation for module `$paramod\ibex_top\SecureIbex=32'00000000000000000000000000000000'.
Parameter \PMPEnable = 0

48. Executing AST frontend in derive mode using pre-parsed AST for module `\ibex_top'.
Parameter \PMPEnable = 0
Generating RTLIL representation for module `$paramod\ibex_top\PMPEnable=32'00000000000000000000000000000000'.
Parameter \RegFile = 0

49. Executing AST frontend in derive mode using pre-parsed AST for module `\ibex_top'.
Parameter \RegFile = 0
Generating RTLIL representation for module `$paramod\ibex_top\RegFile=32'00000000000000000000000000000000'.
Parameter \DbgTriggerEn = 0

50. Executing AST frontend in derive mode using pre-parsed AST for module `\ibex_top'.
Parameter \DbgTriggerEn = 0
Generating RTLIL representation for module `$paramod\ibex_top\DbgTriggerEn=32'00000000000000000000000000000000'.

51. Executing HIERARCHY pass (managing design hierarchy).

52. Executing AST frontend in derive mode using pre-parsed AST for module `\ibex_top'.
Generating RTLIL representation for module `\ibex_top'.

52.1. Analyzing design hierarchy..
Top module:  \ibex_top
Parameter \BaseIsa = 0
Parameter \RV32E = 1'0
Parameter \DataWidth = 32
Parameter \DummyInstructions = 1'0
Parameter \WordZeroVal = 0

52.2. Executing AST frontend in derive mode using pre-parsed AST for module `\ibex_register_file_ff'.
Parameter \BaseIsa = 0
Parameter \RV32E = 1'0
Parameter \DataWidth = 32
Parameter \DummyInstructions = 1'0
Parameter \WordZeroVal = 0
Generating RTLIL representation for module `$paramod$40ece52504ff00c302be66a0111a4ec3d1608ab5\ibex_register_file_ff'.
Parameter \BaseIsa = 0
Parameter \PMPEnable = 1'0
Parameter \PMPGranularity = 0
Parameter \PMPNumRegions = 4
Parameter \PMPRstCfg = 96'000000000000000000000000000000000000000000000000000000000000000000000000000000000000000000000000
Parameter \PMPRstAddr = 544'0000000000000000000000000000000000000000000000000000000000000000000000000000000000000000000000000000000000000000000000000000000000000000000000000000000000000000000000000000000000000000000000000000000000000000000000000000000000000000000000000000000000000000000000000000000000000000000000000000000000000000000000000000000000000000000000000000000000000000000000000000000000000000000000000000000000000000000000000000000000000000000000000000000000000000000000000000000000000000000000000000000000000000000000000000000000000000000000000000000000000000
Parameter \PMPRstMsecCfg = 3'000
Parameter \MHPMCounterNum = 0
Parameter \MHPMCounterWidth = 40
Parameter \RV32E = 1'0
Parameter \RV32M = 0
Parameter \RV32B = 0
Parameter \RV32ZC = 0
Parameter \BranchTargetALU = 1'0
Parameter \WritebackStage = 1'1
Parameter \ICache = 1'0
Parameter \ICacheECC = 1'0
Parameter \ICacheTweakInfection = 1'0
Parameter \BusSizeECC = 32
Parameter \TagSizeECC = 22
Parameter \LineSizeECC = 64
Parameter \BranchPredictor = 1'0
Parameter \DbgTriggerEn = 1'0
Parameter \DbgHwBreakNum = 1
Parameter \ResetAll = 1'1
Parameter \RndCnstLfsrSeed = 32'10101100010100110011101111110100
Parameter \RndCnstLfsrPerm = 160'0001111000110101111011001011101001000110011111111101000110110001001011101001010110000001010100101100000001001111101001000011100001111000101010001101101011101101
Parameter \SecureIbex = 1'0
Parameter \DummyInstructions = 1'0
Parameter \RegFileECC = 1'0
Parameter \RegFileDataWidth = 32
Parameter \RegFileCapEccWidth = 35
Parameter \MemECC = 1'0
Parameter \MemDataWidth = 32
Parameter \DmBaseAddr = 437321728
Parameter \DmAddrMask = 4095
Parameter \DmHaltAddr = 437323776
Parameter \DmExceptionAddr = 437323784
Parameter \CsrMvendorId = 0
Parameter \CsrMimpId = 0

52.3. Executing AST frontend in derive mode using pre-parsed AST for module `\ibex_core'.
Parameter \BaseIsa = 0
Parameter \PMPEnable = 1'0
Parameter \PMPGranularity = 0
Parameter \PMPNumRegions = 4
Parameter \PMPRstCfg = 96'000000000000000000000000000000000000000000000000000000000000000000000000000000000000000000000000
Parameter \PMPRstAddr = 544'0000000000000000000000000000000000000000000000000000000000000000000000000000000000000000000000000000000000000000000000000000000000000000000000000000000000000000000000000000000000000000000000000000000000000000000000000000000000000000000000000000000000000000000000000000000000000000000000000000000000000000000000000000000000000000000000000000000000000000000000000000000000000000000000000000000000000000000000000000000000000000000000000000000000000000000000000000000000000000000000000000000000000000000000000000000000000000000000000000000000000000
Parameter \PMPRstMsecCfg = 3'000
Parameter \MHPMCounterNum = 0
Parameter \MHPMCounterWidth = 40
Parameter \RV32E = 1'0
Parameter \RV32M = 0
Parameter \RV32B = 0
Parameter \RV32ZC = 0
Parameter \BranchTargetALU = 1'0
Parameter \WritebackStage = 1'1
Parameter \ICache = 1'0
Parameter \ICacheECC = 1'0
Parameter \ICacheTweakInfection = 1'0
Parameter \BusSizeECC = 32
Parameter \TagSizeECC = 22
Parameter \LineSizeECC = 64
Parameter \BranchPredictor = 1'0
Parameter \DbgTriggerEn = 1'0
Parameter \DbgHwBreakNum = 1
Parameter \ResetAll = 1'1
Parameter \RndCnstLfsrSeed = 32'10101100010100110011101111110100
Parameter \RndCnstLfsrPerm = 160'0001111000110101111011001011101001000110011111111101000110110001001011101001010110000001010100101100000001001111101001000011100001111000101010001101101011101101
Parameter \SecureIbex = 1'0
Parameter \DummyInstructions = 1'0
Parameter \RegFileECC = 1'0
Parameter \RegFileDataWidth = 32
Parameter \RegFileCapEccWidth = 35
Parameter \MemECC = 1'0
Parameter \MemDataWidth = 32
Parameter \DmBaseAddr = 437321728
Parameter \DmAddrMask = 4095
Parameter \DmHaltAddr = 437323776
Parameter \DmExceptionAddr = 437323784
Parameter \CsrMvendorId = 0
Parameter \CsrMimpId = 0
Generating RTLIL representation for module `$paramod$02c313747c8f25d335ac7182387c56521505fa11\ibex_core'.
Parameter \Width = 4

52.4. Executing AST frontend in derive mode using pre-parsed AST for module `\prim_generic_buf'.
Parameter \Width = 4
Generating RTLIL representation for module `$paramod\prim_generic_buf\Width=s32'00000000000000000000000000000100'.
Parameter \Width = 4
Found cached RTLIL representation for module `$paramod\prim_generic_buf\Width=s32'00000000000000000000000000000100'.

52.5. Executing AST frontend in derive mode using pre-parsed AST for module `\prim_generic_clock_gating'.
Generating RTLIL representation for module `\prim_generic_clock_gating'.

52.6. Analyzing design hierarchy..
Top module:  \ibex_top
Used module:     $paramod$40ece52504ff00c302be66a0111a4ec3d1608ab5\ibex_register_file_ff
Used module:     $paramod$02c313747c8f25d335ac7182387c56521505fa11\ibex_core
Used module:     $paramod\prim_generic_buf\Width=s32'00000000000000000000000000000100
Used module:     \prim_generic_clock_gating
Parameter \BaseIsa = 0
Parameter \DbgTriggerEn = 1'0
Parameter \DbgHwBreakNum = 1
Parameter \DataIndTiming = 1'0
Parameter \DummyInstructions = 1'0
Parameter \ShadowCSR = 1'0
Parameter \ICache = 1'0
Parameter \MHPMCounterNum = 0
Parameter \MHPMCounterWidth = 40
Parameter \PMPEnable = 1'0
Parameter \PMPGranularity = 0
Parameter \PMPNumRegions = 4
Parameter \PMPRstCfg = 96'000000000000000000000000000000000000000000000000000000000000000000000000000000000000000000000000
Parameter \PMPRstAddr = 544'0000000000000000000000000000000000000000000000000000000000000000000000000000000000000000000000000000000000000000000000000000000000000000000000000000000000000000000000000000000000000000000000000000000000000000000000000000000000000000000000000000000000000000000000000000000000000000000000000000000000000000000000000000000000000000000000000000000000000000000000000000000000000000000000000000000000000000000000000000000000000000000000000000000000000000000000000000000000000000000000000000000000000000000000000000000000000000000000000000000000000000
Parameter \PMPRstMsecCfg = 3'000
Parameter \RV32E = 1'0
Parameter \RV32M = 0
Parameter \RV32B = 0
Parameter \CsrMvendorId = 0
Parameter \CsrMimpId = 0

52.7. Executing AST frontend in derive mode using pre-parsed AST for module `\ibex_cs_registers'.
Parameter \BaseIsa = 0
Parameter \DbgTriggerEn = 1'0
Parameter \DbgHwBreakNum = 1
Parameter \DataIndTiming = 1'0
Parameter \DummyInstructions = 1'0
Parameter \ShadowCSR = 1'0
Parameter \ICache = 1'0
Parameter \MHPMCounterNum = 0
Parameter \MHPMCounterWidth = 40
Parameter \PMPEnable = 1'0
Parameter \PMPGranularity = 0
Parameter \PMPNumRegions = 4
Parameter \PMPRstCfg = 96'000000000000000000000000000000000000000000000000000000000000000000000000000000000000000000000000
Parameter \PMPRstAddr = 544'0000000000000000000000000000000000000000000000000000000000000000000000000000000000000000000000000000000000000000000000000000000000000000000000000000000000000000000000000000000000000000000000000000000000000000000000000000000000000000000000000000000000000000000000000000000000000000000000000000000000000000000000000000000000000000000000000000000000000000000000000000000000000000000000000000000000000000000000000000000000000000000000000000000000000000000000000000000000000000000000000000000000000000000000000000000000000000000000000000000000000000
Parameter \PMPRstMsecCfg = 3'000
Parameter \RV32E = 1'0
Parameter \RV32M = 0
Parameter \RV32B = 0
Parameter \CsrMvendorId = 0
Parameter \CsrMimpId = 0
Generating RTLIL representation for module `$paramod$38aa04165534c75a0a4935f073a2885eaa0a33f1\ibex_cs_registers'.
Warning: Replacing memory \pmp_addr_rdata with list of registers. See /work/src/ibex_cs_registers.v:1148
Warning: Replacing memory \mhpmevent with list of registers. See /work/src/ibex_cs_registers.v:1213
Parameter \ResetAll = 1'1
Parameter \WritebackStage = 1'1
Parameter \DummyInstructions = 1'0

52.8. Executing AST frontend in derive mode using pre-parsed AST for module `\ibex_wb_stage'.
Parameter \ResetAll = 1'1
Parameter \WritebackStage = 1'1
Parameter \DummyInstructions = 1'0
Generating RTLIL representation for module `$paramod\ibex_wb_stage\ResetAll=1'1\WritebackStage=1'1\DummyInstructions=1'0'.
Parameter \BaseIsa = 0
Parameter \MemECC = 1'0
Parameter \MemDataWidth = 32

52.9. Executing AST frontend in derive mode using pre-parsed AST for module `\ibex_load_store_unit'.
Parameter \BaseIsa = 0
Parameter \MemECC = 1'0
Parameter \MemDataWidth = 32
Generating RTLIL representation for module `$paramod$a1f82ff8dd7f02ea405ce72f1e83a511ee16121c\ibex_load_store_unit'.
Parameter \RV32M = 0
Parameter \RV32B = 0
Parameter \BranchTargetALU = 1'0

52.10. Executing AST frontend in derive mode using pre-parsed AST for module `\ibex_ex_block'.
Parameter \RV32M = 0
Parameter \RV32B = 0
Parameter \BranchTargetALU = 1'0
Generating RTLIL representation for module `$paramod$fa37c86f6ef8a85a222bbe1925a5f939cfc5b900\ibex_ex_block'.
Parameter \RV32E = 1'0
Parameter \RV32M = 0
Parameter \RV32B = 0
Parameter \DataIndTiming = 1'0
Parameter \BranchTargetALU = 1'0
Parameter \WritebackStage = 1'1
Parameter \BranchPredictor = 1'0
Parameter \MemECC = 1'0
Parameter \BaseIsa = 0

52.11. Executing AST frontend in derive mode using pre-parsed AST for module `\ibex_id_stage'.
Parameter \RV32E = 1'0
Parameter \RV32M = 0
Parameter \RV32B = 0
Parameter \DataIndTiming = 1'0
Parameter \BranchTargetALU = 1'0
Parameter \WritebackStage = 1'1
Parameter \BranchPredictor = 1'0
Parameter \MemECC = 1'0
Parameter \BaseIsa = 0
Generating RTLIL representation for module `$paramod$b9b2e5d491bd09fc2169df619ac80edcbdafa2a9\ibex_id_stage'.
Parameter \BaseIsa = 0
Parameter \DmHaltAddr = 437323776
Parameter \DmExceptionAddr = 437323784
Parameter \DummyInstructions = 1'0
Parameter \ICache = 1'0
Parameter \RV32ZC = 0
Parameter \ICacheECC = 1'0
Parameter \ICacheTweakInfection = 1'0
Parameter \BusSizeECC = 32
Parameter \TagSizeECC = 22
Parameter \LineSizeECC = 64
Parameter \PCIncrCheck = 1'0
Parameter \ResetAll = 1'1
Parameter \RndCnstLfsrSeed = 32'10101100010100110011101111110100
Parameter \RndCnstLfsrPerm = 160'0001111000110101111011001011101001000110011111111101000110110001001011101001010110000001010100101100000001001111101001000011100001111000101010001101101011101101
Parameter \BranchPredictor = 1'0
Parameter \MemECC = 1'0
Parameter \MemDataWidth = 32

52.12. Executing AST frontend in derive mode using pre-parsed AST for module `\ibex_if_stage'.
Parameter \BaseIsa = 0
Parameter \DmHaltAddr = 437323776
Parameter \DmExceptionAddr = 437323784
Parameter \DummyInstructions = 1'0
Parameter \ICache = 1'0
Parameter \RV32ZC = 0
Parameter \ICacheECC = 1'0
Parameter \ICacheTweakInfection = 1'0
Parameter \BusSizeECC = 32
Parameter \TagSizeECC = 22
Parameter \LineSizeECC = 64
Parameter \PCIncrCheck = 1'0
Parameter \ResetAll = 1'1
Parameter \RndCnstLfsrSeed = 32'10101100010100110011101111110100
Parameter \RndCnstLfsrPerm = 160'0001111000110101111011001011101001000110011111111101000110110001001011101001010110000001010100101100000001001111101001000011100001111000101010001101101011101101
Parameter \BranchPredictor = 1'0
Parameter \MemECC = 1'0
Parameter \MemDataWidth = 32
Generating RTLIL representation for module `$paramod$9965f29857664148d24e0207d195fc610cce17ac\ibex_if_stage'.
Reprocessing module $paramod$02c313747c8f25d335ac7182387c56521505fa11\ibex_core because instantiated module $paramod$a1f82ff8dd7f02ea405ce72f1e83a511ee16121c\ibex_load_store_unit has become available.
Generating RTLIL representation for module `$paramod$02c313747c8f25d335ac7182387c56521505fa11\ibex_core'.

52.13. Analyzing design hierarchy..
Top module:  \ibex_top
Used module:     $paramod$40ece52504ff00c302be66a0111a4ec3d1608ab5\ibex_register_file_ff
Used module:     $paramod$02c313747c8f25d335ac7182387c56521505fa11\ibex_core
Used module:     $paramod\prim_generic_buf\Width=s32'00000000000000000000000000000100
Used module:     \prim_generic_clock_gating
Parameter \BaseIsa = 0
Parameter \DbgTriggerEn = 1'0
Parameter \DbgHwBreakNum = 1
Parameter \DataIndTiming = 1'0
Parameter \DummyInstructions = 1'0
Parameter \ShadowCSR = 1'0
Parameter \ICache = 1'0
Parameter \MHPMCounterNum = 0
Parameter \MHPMCounterWidth = 40
Parameter \PMPEnable = 1'0
Parameter \PMPGranularity = 0
Parameter \PMPNumRegions = 4
Parameter \PMPRstCfg = 96'000000000000000000000000000000000000000000000000000000000000000000000000000000000000000000000000
Parameter \PMPRstAddr = 544'0000000000000000000000000000000000000000000000000000000000000000000000000000000000000000000000000000000000000000000000000000000000000000000000000000000000000000000000000000000000000000000000000000000000000000000000000000000000000000000000000000000000000000000000000000000000000000000000000000000000000000000000000000000000000000000000000000000000000000000000000000000000000000000000000000000000000000000000000000000000000000000000000000000000000000000000000000000000000000000000000000000000000000000000000000000000000000000000000000000000000000
Parameter \PMPRstMsecCfg = 3'000
Parameter \RV32E = 1'0
Parameter \RV32M = 0
Parameter \RV32B = 0
Parameter \CsrMvendorId = 0
Parameter \CsrMimpId = 0
Found cached RTLIL representation for module `$paramod$38aa04165534c75a0a4935f073a2885eaa0a33f1\ibex_cs_registers'.
Parameter \ResetAll = 1'1
Parameter \WritebackStage = 1'1
Parameter \DummyInstructions = 1'0
Found cached RTLIL representation for module `$paramod\ibex_wb_stage\ResetAll=1'1\WritebackStage=1'1\DummyInstructions=1'0'.
Parameter \BaseIsa = 0
Parameter \MemECC = 1'0
Parameter \MemDataWidth = 32
Found cached RTLIL representation for module `$paramod$a1f82ff8dd7f02ea405ce72f1e83a511ee16121c\ibex_load_store_unit'.
Parameter \RV32M = 0
Parameter \RV32B = 0
Parameter \BranchTargetALU = 1'0
Found cached RTLIL representation for module `$paramod$fa37c86f6ef8a85a222bbe1925a5f939cfc5b900\ibex_ex_block'.
Parameter \RV32E = 1'0
Parameter \RV32M = 0
Parameter \RV32B = 0
Parameter \DataIndTiming = 1'0
Parameter \BranchTargetALU = 1'0
Parameter \WritebackStage = 1'1
Parameter \BranchPredictor = 1'0
Parameter \MemECC = 1'0
Parameter \BaseIsa = 0
Found cached RTLIL representation for module `$paramod$b9b2e5d491bd09fc2169df619ac80edcbdafa2a9\ibex_id_stage'.
Parameter \BaseIsa = 0
Parameter \DmHaltAddr = 437323776
Parameter \DmExceptionAddr = 437323784
Parameter \DummyInstructions = 1'0
Parameter \ICache = 1'0
Parameter \RV32ZC = 0
Parameter \ICacheECC = 1'0
Parameter \ICacheTweakInfection = 1'0
Parameter \BusSizeECC = 32
Parameter \TagSizeECC = 22
Parameter \LineSizeECC = 64
Parameter \PCIncrCheck = 1'0
Parameter \ResetAll = 1'1
Parameter \RndCnstLfsrSeed = 32'10101100010100110011101111110100
Parameter \RndCnstLfsrPerm = 160'0001111000110101111011001011101001000110011111111101000110110001001011101001010110000001010100101100000001001111101001000011100001111000101010001101101011101101
Parameter \BranchPredictor = 1'0
Parameter \MemECC = 1'0
Parameter \MemDataWidth = 32
Found cached RTLIL representation for module `$paramod$9965f29857664148d24e0207d195fc610cce17ac\ibex_if_stage'.

52.14. Analyzing design hierarchy..
Top module:  \ibex_top
Used module:     $paramod$40ece52504ff00c302be66a0111a4ec3d1608ab5\ibex_register_file_ff
Used module:     $paramod$02c313747c8f25d335ac7182387c56521505fa11\ibex_core
Used module:         $paramod$38aa04165534c75a0a4935f073a2885eaa0a33f1\ibex_cs_registers
Used module:         $paramod\ibex_wb_stage\ResetAll=1'1\WritebackStage=1'1\DummyInstructions=1'0
Used module:         $paramod$a1f82ff8dd7f02ea405ce72f1e83a511ee16121c\ibex_load_store_unit
Used module:         $paramod$fa37c86f6ef8a85a222bbe1925a5f939cfc5b900\ibex_ex_block
Used module:         $paramod$b9b2e5d491bd09fc2169df619ac80edcbdafa2a9\ibex_id_stage
Used module:         $paramod$9965f29857664148d24e0207d195fc610cce17ac\ibex_if_stage
Used module:     $paramod\prim_generic_buf\Width=s32'00000000000000000000000000000100
Used module:     \prim_generic_clock_gating
Parameter \ResetAll = 1'1

52.15. Executing AST frontend in derive mode using pre-parsed AST for module `\ibex_prefetch_buffer'.
Parameter \ResetAll = 1'1
Generating RTLIL representation for module `$paramod\ibex_prefetch_buffer\ResetAll=1'1'.
Parameter \RV32ZC = 0
Parameter \ResetAll = 1'1
Parameter \BaseIsa = 0

52.16. Executing AST frontend in derive mode using pre-parsed AST for module `\ibex_compressed_decoder'.
Parameter \RV32ZC = 0
Parameter \ResetAll = 1'1
Parameter \BaseIsa = 0
Generating RTLIL representation for module `$paramod$7cc7cec1e088fedd9ad9b2063ed6f6f72cf9bb0e\ibex_compressed_decoder'.
Parameter \BaseIsa = 0
Parameter \WritebackStage = 1'1
Parameter \BranchPredictor = 1'0
Parameter \MemECC = 1'0

52.17. Executing AST frontend in derive mode using pre-parsed AST for module `\ibex_controller'.
Parameter \BaseIsa = 0
Parameter \WritebackStage = 1'1
Parameter \BranchPredictor = 1'0
Parameter \MemECC = 1'0
Generating RTLIL representation for module `$paramod$ad32fe27c0dd24fa98ff040673e62dee8d3b63ce\ibex_controller'.
Parameter \RV32E = 1'0
Parameter \RV32M = 0
Parameter \RV32B = 0
Parameter \BranchTargetALU = 1'0
Parameter \BaseIsa = 0

52.18. Executing AST frontend in derive mode using pre-parsed AST for module `\ibex_decoder'.
Parameter \RV32E = 1'0
Parameter \RV32M = 0
Parameter \RV32B = 0
Parameter \BranchTargetALU = 1'0
Parameter \BaseIsa = 0
Generating RTLIL representation for module `$paramod$e6b6d8eec746808c1a487eeea1c00388e00f4eee\ibex_decoder'.
Parameter \RV32B = 0

52.19. Executing AST frontend in derive mode using pre-parsed AST for module `\ibex_alu'.
Parameter \RV32B = 0
Generating RTLIL representation for module `$paramod\ibex_alu\RV32B=s32'00000000000000000000000000000000'.
Parameter \Width = 8
Parameter \ShadowCopy = 1'0
Parameter \ResetValue = 1'0

52.20. Executing AST frontend in derive mode using pre-parsed AST for module `\ibex_csr'.
Parameter \Width = 8
Parameter \ShadowCopy = 1'0
Parameter \ResetValue = 1'0
Generating RTLIL representation for module `$paramod$a088b13b9337f1e1fba58a671f47d7c7701ffa49\ibex_csr'.
Parameter \Width = 3
Parameter \ShadowCopy = 1'0
Parameter \ResetValue = 1'0

52.21. Executing AST frontend in derive mode using pre-parsed AST for module `\ibex_csr'.
Parameter \Width = 3
Parameter \ShadowCopy = 1'0
Parameter \ResetValue = 1'0
Generating RTLIL representation for module `$paramod$754dd1babe3bd40f26e46b58533db04a63dcfb60\ibex_csr'.
Parameter \CounterWidth = 64
Parameter \ProvideValUpd = 1

52.22. Executing AST frontend in derive mode using pre-parsed AST for module `\ibex_counter'.
Parameter \CounterWidth = 64
Parameter \ProvideValUpd = 1
Generating RTLIL representation for module `$paramod$c16eccae153ba9fb8fce8498c4f7e85e78010c3f\ibex_counter'.
Parameter \CounterWidth = 64

52.23. Executing AST frontend in derive mode using pre-parsed AST for module `\ibex_counter'.
Parameter \CounterWidth = 64
Generating RTLIL representation for module `$paramod\ibex_counter\CounterWidth=s32'00000000000000000000000001000000'.
Parameter \Width = 7
Parameter \ShadowCopy = 1'0
Parameter \ResetValue = 1'0

52.24. Executing AST frontend in derive mode using pre-parsed AST for module `\ibex_csr'.
Parameter \Width = 7
Parameter \ShadowCopy = 1'0
Parameter \ResetValue = 1'0
Generating RTLIL representation for module `$paramod$34601000fe8707ce2501f5ed778e152043201712\ibex_csr'.
Parameter \Width = 32
Parameter \ShadowCopy = 1'0
Parameter \ResetValue = 1'0

52.25. Executing AST frontend in derive mode using pre-parsed AST for module `\ibex_csr'.
Parameter \Width = 32
Parameter \ShadowCopy = 1'0
Parameter \ResetValue = 1'0
Generating RTLIL representation for module `$paramod$85ba01ab5a28334786aba5877c1fe04472f39fba\ibex_csr'.
Parameter \Width = 3
Parameter \ShadowCopy = 1'0
Parameter \ResetValue = 3'100

52.26. Executing AST frontend in derive mode using pre-parsed AST for module `\ibex_csr'.
Parameter \Width = 3
Parameter \ShadowCopy = 1'0
Parameter \ResetValue = 3'100
Generating RTLIL representation for module `$paramod$410b37fbfbfa994790f1902c150d2be939cadb3b\ibex_csr'.
Parameter \Width = 32
Parameter \ShadowCopy = 1'0
Parameter \ResetValue = 1'0
Found cached RTLIL representation for module `$paramod$85ba01ab5a28334786aba5877c1fe04472f39fba\ibex_csr'.
Parameter \Width = 32
Parameter \ShadowCopy = 1'0
Parameter \ResetValue = 1'0
Found cached RTLIL representation for module `$paramod$85ba01ab5a28334786aba5877c1fe04472f39fba\ibex_csr'.
Parameter \Width = 32
Parameter \ShadowCopy = 1'0
Parameter \ResetValue = 1'0
Found cached RTLIL representation for module `$paramod$85ba01ab5a28334786aba5877c1fe04472f39fba\ibex_csr'.
Parameter \Width = 32
Parameter \ShadowCopy = 1'0
Parameter \ResetValue = 1073741827

52.27. Executing AST frontend in derive mode using pre-parsed AST for module `\ibex_csr'.
Parameter \Width = 32
Parameter \ShadowCopy = 1'0
Parameter \ResetValue = 1073741827
Generating RTLIL representation for module `$paramod$9a435d8f6db004a67362aa9a56f32ea481a74dbe\ibex_csr'.
Parameter \Width = 32
Parameter \ShadowCopy = 1'0
Parameter \ResetValue = 1

52.28. Executing AST frontend in derive mode using pre-parsed AST for module `\ibex_csr'.
Parameter \Width = 32
Parameter \ShadowCopy = 1'0
Parameter \ResetValue = 1
Generating RTLIL representation for module `$paramod$4f46e25470a27719ee9ca03cee1a0827eff766f7\ibex_csr'.
Parameter \Width = 32
Parameter \ShadowCopy = 1'0
Parameter \ResetValue = 1'0
Found cached RTLIL representation for module `$paramod$85ba01ab5a28334786aba5877c1fe04472f39fba\ibex_csr'.
Parameter \Width = 7
Parameter \ShadowCopy = 1'0
Parameter \ResetValue = 1'0
Found cached RTLIL representation for module `$paramod$34601000fe8707ce2501f5ed778e152043201712\ibex_csr'.
Parameter \Width = 32
Parameter \ShadowCopy = 1'0
Parameter \ResetValue = 1'0
Found cached RTLIL representation for module `$paramod$85ba01ab5a28334786aba5877c1fe04472f39fba\ibex_csr'.
Parameter \Width = 18
Parameter \ShadowCopy = 1'0
Parameter \ResetValue = 1'0

52.29. Executing AST frontend in derive mode using pre-parsed AST for module `\ibex_csr'.
Parameter \Width = 18
Parameter \ShadowCopy = 1'0
Parameter \ResetValue = 1'0
Generating RTLIL representation for module `$paramod$e55993a14b1fbc43320d549f521b710ed37596c6\ibex_csr'.
Parameter \Width = 32
Parameter \ShadowCopy = 1'0
Parameter \ResetValue = 1'0
Found cached RTLIL representation for module `$paramod$85ba01ab5a28334786aba5877c1fe04472f39fba\ibex_csr'.
Parameter \Width = 6
Parameter \ShadowCopy = 1'0
Parameter \ResetValue = 6'010000

52.30. Executing AST frontend in derive mode using pre-parsed AST for module `\ibex_csr'.
Parameter \Width = 6
Parameter \ShadowCopy = 1'0
Parameter \ResetValue = 6'010000
Generating RTLIL representation for module `$paramod$5714e31d82f2b8816750797f158ebea69a089104\ibex_csr'.
Reprocessing module $paramod$38aa04165534c75a0a4935f073a2885eaa0a33f1\ibex_cs_registers because instantiated module $paramod\ibex_counter\CounterWidth=s32'00000000000000000000000001000000 has become available.
Generating RTLIL representation for module `$paramod$38aa04165534c75a0a4935f073a2885eaa0a33f1\ibex_cs_registers'.
Warning: Replacing memory \pmp_addr_rdata with list of registers. See /work/src/ibex_cs_registers.v:1148
Warning: Replacing memory \mhpmevent with list of registers. See /work/src/ibex_cs_registers.v:1213

52.31. Analyzing design hierarchy..
Top module:  \ibex_top
Used module:     $paramod$40ece52504ff00c302be66a0111a4ec3d1608ab5\ibex_register_file_ff
Used module:     $paramod$02c313747c8f25d335ac7182387c56521505fa11\ibex_core
Used module:         $paramod$38aa04165534c75a0a4935f073a2885eaa0a33f1\ibex_cs_registers
Used module:         $paramod\ibex_wb_stage\ResetAll=1'1\WritebackStage=1'1\DummyInstructions=1'0
Used module:         $paramod$a1f82ff8dd7f02ea405ce72f1e83a511ee16121c\ibex_load_store_unit
Used module:         $paramod$fa37c86f6ef8a85a222bbe1925a5f939cfc5b900\ibex_ex_block
Used module:             $paramod\ibex_alu\RV32B=s32'00000000000000000000000000000000
Used module:         $paramod$b9b2e5d491bd09fc2169df619ac80edcbdafa2a9\ibex_id_stage
Used module:             $paramod$ad32fe27c0dd24fa98ff040673e62dee8d3b63ce\ibex_controller
Used module:             $paramod$e6b6d8eec746808c1a487eeea1c00388e00f4eee\ibex_decoder
Used module:         $paramod$9965f29857664148d24e0207d195fc610cce17ac\ibex_if_stage
Used module:             $paramod\ibex_prefetch_buffer\ResetAll=1'1
Used module:             $paramod$7cc7cec1e088fedd9ad9b2063ed6f6f72cf9bb0e\ibex_compressed_decoder
Used module:     $paramod\prim_generic_buf\Width=s32'00000000000000000000000000000100
Used module:     \prim_generic_clock_gating
Parameter \Width = 8
Parameter \ShadowCopy = 1'0
Parameter \ResetValue = 1'0
Found cached RTLIL representation for module `$paramod$a088b13b9337f1e1fba58a671f47d7c7701ffa49\ibex_csr'.
Parameter \Width = 3
Parameter \ShadowCopy = 1'0
Parameter \ResetValue = 1'0
Found cached RTLIL representation for module `$paramod$754dd1babe3bd40f26e46b58533db04a63dcfb60\ibex_csr'.
Parameter \CounterWidth = 64
Parameter \ProvideValUpd = 1
Found cached RTLIL representation for module `$paramod$c16eccae153ba9fb8fce8498c4f7e85e78010c3f\ibex_counter'.
Parameter \CounterWidth = 64
Found cached RTLIL representation for module `$paramod\ibex_counter\CounterWidth=s32'00000000000000000000000001000000'.
Parameter \Width = 7
Parameter \ShadowCopy = 1'0
Parameter \ResetValue = 1'0
Found cached RTLIL representation for module `$paramod$34601000fe8707ce2501f5ed778e152043201712\ibex_csr'.
Parameter \Width = 32
Parameter \ShadowCopy = 1'0
Parameter \ResetValue = 1'0
Found cached RTLIL representation for module `$paramod$85ba01ab5a28334786aba5877c1fe04472f39fba\ibex_csr'.
Parameter \Width = 3
Parameter \ShadowCopy = 1'0
Parameter \ResetValue = 3'100
Found cached RTLIL representation for module `$paramod$410b37fbfbfa994790f1902c150d2be939cadb3b\ibex_csr'.
Parameter \Width = 32
Parameter \ShadowCopy = 1'0
Parameter \ResetValue = 1'0
Found cached RTLIL representation for module `$paramod$85ba01ab5a28334786aba5877c1fe04472f39fba\ibex_csr'.
Parameter \Width = 32
Parameter \ShadowCopy = 1'0
Parameter \ResetValue = 1'0
Found cached RTLIL representation for module `$paramod$85ba01ab5a28334786aba5877c1fe04472f39fba\ibex_csr'.
Parameter \Width = 32
Parameter \ShadowCopy = 1'0
Parameter \ResetValue = 1'0
Found cached RTLIL representation for module `$paramod$85ba01ab5a28334786aba5877c1fe04472f39fba\ibex_csr'.
Parameter \Width = 32
Parameter \ShadowCopy = 1'0
Parameter \ResetValue = 1073741827
Found cached RTLIL representation for module `$paramod$9a435d8f6db004a67362aa9a56f32ea481a74dbe\ibex_csr'.
Parameter \Width = 32
Parameter \ShadowCopy = 1'0
Parameter \ResetValue = 1
Found cached RTLIL representation for module `$paramod$4f46e25470a27719ee9ca03cee1a0827eff766f7\ibex_csr'.
Parameter \Width = 32
Parameter \ShadowCopy = 1'0
Parameter \ResetValue = 1'0
Found cached RTLIL representation for module `$paramod$85ba01ab5a28334786aba5877c1fe04472f39fba\ibex_csr'.
Parameter \Width = 7
Parameter \ShadowCopy = 1'0
Parameter \ResetValue = 1'0
Found cached RTLIL representation for module `$paramod$34601000fe8707ce2501f5ed778e152043201712\ibex_csr'.
Parameter \Width = 32
Parameter \ShadowCopy = 1'0
Parameter \ResetValue = 1'0
Found cached RTLIL representation for module `$paramod$85ba01ab5a28334786aba5877c1fe04472f39fba\ibex_csr'.
Parameter \Width = 18
Parameter \ShadowCopy = 1'0
Parameter \ResetValue = 1'0
Found cached RTLIL representation for module `$paramod$e55993a14b1fbc43320d549f521b710ed37596c6\ibex_csr'.
Parameter \Width = 32
Parameter \ShadowCopy = 1'0
Parameter \ResetValue = 1'0
Found cached RTLIL representation for module `$paramod$85ba01ab5a28334786aba5877c1fe04472f39fba\ibex_csr'.
Parameter \Width = 6
Parameter \ShadowCopy = 1'0
Parameter \ResetValue = 6'010000
Found cached RTLIL representation for module `$paramod$5714e31d82f2b8816750797f158ebea69a089104\ibex_csr'.
Parameter \NUM_REQS = 2
Parameter \ResetAll = 1'1

52.32. Executing AST frontend in derive mode using pre-parsed AST for module `\ibex_fetch_fifo'.
Parameter \NUM_REQS = 2
Parameter \ResetAll = 1'1
Generating RTLIL representation for module `$paramod\ibex_fetch_fifo\NUM_REQS=32'00000000000000000000000000000010\ResetAll=1'1'.

52.33. Analyzing design hierarchy..
Top module:  \ibex_top
Used module:     $paramod$40ece52504ff00c302be66a0111a4ec3d1608ab5\ibex_register_file_ff
Used module:     $paramod$02c313747c8f25d335ac7182387c56521505fa11\ibex_core
Used module:         $paramod$38aa04165534c75a0a4935f073a2885eaa0a33f1\ibex_cs_registers
Used module:             $paramod$a088b13b9337f1e1fba58a671f47d7c7701ffa49\ibex_csr
Used module:             $paramod$754dd1babe3bd40f26e46b58533db04a63dcfb60\ibex_csr
Used module:             $paramod$c16eccae153ba9fb8fce8498c4f7e85e78010c3f\ibex_counter
Used module:             $paramod\ibex_counter\CounterWidth=s32'00000000000000000000000001000000
Used module:             $paramod$34601000fe8707ce2501f5ed778e152043201712\ibex_csr
Used module:             $paramod$85ba01ab5a28334786aba5877c1fe04472f39fba\ibex_csr
Used module:             $paramod$410b37fbfbfa994790f1902c150d2be939cadb3b\ibex_csr
Used module:             $paramod$9a435d8f6db004a67362aa9a56f32ea481a74dbe\ibex_csr
Used module:             $paramod$4f46e25470a27719ee9ca03cee1a0827eff766f7\ibex_csr
Used module:             $paramod$e55993a14b1fbc43320d549f521b710ed37596c6\ibex_csr
Used module:             $paramod$5714e31d82f2b8816750797f158ebea69a089104\ibex_csr
Used module:         $paramod\ibex_wb_stage\ResetAll=1'1\WritebackStage=1'1\DummyInstructions=1'0
Used module:         $paramod$a1f82ff8dd7f02ea405ce72f1e83a511ee16121c\ibex_load_store_unit
Used module:         $paramod$fa37c86f6ef8a85a222bbe1925a5f939cfc5b900\ibex_ex_block
Used module:             $paramod\ibex_alu\RV32B=s32'00000000000000000000000000000000
Used module:         $paramod$b9b2e5d491bd09fc2169df619ac80edcbdafa2a9\ibex_id_stage
Used module:             $paramod$ad32fe27c0dd24fa98ff040673e62dee8d3b63ce\ibex_controller
Used module:             $paramod$e6b6d8eec746808c1a487eeea1c00388e00f4eee\ibex_decoder
Used module:         $paramod$9965f29857664148d24e0207d195fc610cce17ac\ibex_if_stage
Used module:             $paramod\ibex_prefetch_buffer\ResetAll=1'1
Used module:                 $paramod\ibex_fetch_fifo\NUM_REQS=32'00000000000000000000000000000010\ResetAll=1'1
Used module:             $paramod$7cc7cec1e088fedd9ad9b2063ed6f6f72cf9bb0e\ibex_compressed_decoder
Used module:     $paramod\prim_generic_buf\Width=s32'00000000000000000000000000000100
Used module:     \prim_generic_clock_gating

52.34. Analyzing design hierarchy..
Top module:  \ibex_top
Used module:     $paramod$40ece52504ff00c302be66a0111a4ec3d1608ab5\ibex_register_file_ff
Used module:     $paramod$02c313747c8f25d335ac7182387c56521505fa11\ibex_core
Used module:         $paramod$38aa04165534c75a0a4935f073a2885eaa0a33f1\ibex_cs_registers
Used module:             $paramod$a088b13b9337f1e1fba58a671f47d7c7701ffa49\ibex_csr
Used module:             $paramod$754dd1babe3bd40f26e46b58533db04a63dcfb60\ibex_csr
Used module:             $paramod$c16eccae153ba9fb8fce8498c4f7e85e78010c3f\ibex_counter
Used module:             $paramod\ibex_counter\CounterWidth=s32'00000000000000000000000001000000
Used module:             $paramod$34601000fe8707ce2501f5ed778e152043201712\ibex_csr
Used module:             $paramod$85ba01ab5a28334786aba5877c1fe04472f39fba\ibex_csr
Used module:             $paramod$410b37fbfbfa994790f1902c150d2be939cadb3b\ibex_csr
Used module:             $paramod$9a435d8f6db004a67362aa9a56f32ea481a74dbe\ibex_csr
Used module:             $paramod$4f46e25470a27719ee9ca03cee1a0827eff766f7\ibex_csr
Used module:             $paramod$e55993a14b1fbc43320d549f521b710ed37596c6\ibex_csr
Used module:             $paramod$5714e31d82f2b8816750797f158ebea69a089104\ibex_csr
Used module:         $paramod\ibex_wb_stage\ResetAll=1'1\WritebackStage=1'1\DummyInstructions=1'0
Used module:         $paramod$a1f82ff8dd7f02ea405ce72f1e83a511ee16121c\ibex_load_store_unit
Used module:         $paramod$fa37c86f6ef8a85a222bbe1925a5f939cfc5b900\ibex_ex_block
Used module:             $paramod\ibex_alu\RV32B=s32'00000000000000000000000000000000
Used module:         $paramod$b9b2e5d491bd09fc2169df619ac80edcbdafa2a9\ibex_id_stage
Used module:             $paramod$ad32fe27c0dd24fa98ff040673e62dee8d3b63ce\ibex_controller
Used module:             $paramod$e6b6d8eec746808c1a487eeea1c00388e00f4eee\ibex_decoder
Used module:         $paramod$9965f29857664148d24e0207d195fc610cce17ac\ibex_if_stage
Used module:             $paramod\ibex_prefetch_buffer\ResetAll=1'1
Used module:                 $paramod\ibex_fetch_fifo\NUM_REQS=32'00000000000000000000000000000010\ResetAll=1'1
Used module:             $paramod$7cc7cec1e088fedd9ad9b2063ed6f6f72cf9bb0e\ibex_compressed_decoder
Used module:     $paramod\prim_generic_buf\Width=s32'00000000000000000000000000000100
Used module:     \prim_generic_clock_gating
Removing unused module `$abstract\prim_secded_inv_39_32_enc'.
Removing unused module `$abstract\prim_secded_inv_39_32_dec'.
Removing unused module `$abstract\prim_lfsr'.
Removing unused module `$abstract\prim_generic_flop'.
Removing unused module `$abstract\prim_count'.
Removing unused module `$abstract\prim_generic_clock_mux2'.
Removing unused module `$abstract\prim_generic_clock_gating'.
Removing unused module `$abstract\prim_generic_buf'.
Removing unused module `$abstract\prim_generic_and2'.
Removing unused module `$abstract\ibex_wb_stage'.
Removing unused module `$abstract\ibex_trvk'.
Removing unused module `$abstract\ibex_top'.
Removing unused module `$abstract\ibex_register_file_latch'.
Removing unused module `$abstract\ibex_register_file_fpga'.
Removing unused module `$abstract\ibex_register_file_ff'.
Removing unused module `$abstract\ibex_prefetch_buffer'.
Removing unused module `$abstract\ibex_pmp'.
Removing unused module `$abstract\ibex_multdiv_slow'.
Removing unused module `$abstract\ibex_multdiv_fast'.
Removing unused module `$abstract\ibex_lockstep'.
Removing unused module `$abstract\ibex_load_store_unit'.
Removing unused module `$abstract\ibex_if_stage'.
Removing unused module `$abstract\ibex_id_stage'.
Removing unused module `$abstract\ibex_icache'.
Removing unused module `$abstract\ibex_fetch_fifo'.
Removing unused module `$abstract\ibex_ex_block'.
Removing unused module `$abstract\ibex_dummy_instr'.
Removing unused module `$abstract\ibex_decoder'.
Removing unused module `$abstract\ibex_csr'.
Removing unused module `$abstract\ibex_cs_registers'.
Removing unused module `$abstract\ibex_counter'.
Removing unused module `$abstract\ibex_core'.
Removing unused module `$abstract\ibex_controller'.
Removing unused module `$abstract\ibex_compressed_decoder'.
Removing unused module `$abstract\ibex_cheriot_ex'.
Removing unused module `$abstract\ibex_branch_predict'.
Removing unused module `$abstract\ibex_alu'.
Removed 37 unused modules.
Renaming module ibex_top to ibex_top.

53. Generating Graphviz representation of design.
Writing dot description to `/work/runs/fathom-20260905T140607Z/06-yosys-synthesis/hierarchy.dot'.
Dumping module ibex_top to page 1.

54. Executing TRIBUF pass.

55. Executing HIERARCHY pass (managing design hierarchy).

55.1. Analyzing design hierarchy..
Top module:  \ibex_top
Used module:     $paramod$40ece52504ff00c302be66a0111a4ec3d1608ab5\ibex_register_file_ff
Used module:     $paramod$02c313747c8f25d335ac7182387c56521505fa11\ibex_core
Used module:         $paramod$38aa04165534c75a0a4935f073a2885eaa0a33f1\ibex_cs_registers
Used module:             $paramod$a088b13b9337f1e1fba58a671f47d7c7701ffa49\ibex_csr
Used module:             $paramod$754dd1babe3bd40f26e46b58533db04a63dcfb60\ibex_csr
Used module:             $paramod$c16eccae153ba9fb8fce8498c4f7e85e78010c3f\ibex_counter
Used module:             $paramod\ibex_counter\CounterWidth=s32'00000000000000000000000001000000
Used module:             $paramod$34601000fe8707ce2501f5ed778e152043201712\ibex_csr
Used module:             $paramod$85ba01ab5a28334786aba5877c1fe04472f39fba\ibex_csr
Used module:             $paramod$410b37fbfbfa994790f1902c150d2be939cadb3b\ibex_csr
Used module:             $paramod$9a435d8f6db004a67362aa9a56f32ea481a74dbe\ibex_csr
Used module:             $paramod$4f46e25470a27719ee9ca03cee1a0827eff766f7\ibex_csr
Used module:             $paramod$e55993a14b1fbc43320d549f521b710ed37596c6\ibex_csr
Used module:             $paramod$5714e31d82f2b8816750797f158ebea69a089104\ibex_csr
Used module:         $paramod\ibex_wb_stage\ResetAll=1'1\WritebackStage=1'1\DummyInstructions=1'0
Used module:         $paramod$a1f82ff8dd7f02ea405ce72f1e83a511ee16121c\ibex_load_store_unit
Used module:         $paramod$fa37c86f6ef8a85a222bbe1925a5f939cfc5b900\ibex_ex_block
Used module:             $paramod\ibex_alu\RV32B=s32'00000000000000000000000000000000
Used module:         $paramod$b9b2e5d491bd09fc2169df619ac80edcbdafa2a9\ibex_id_stage
Used module:             $paramod$ad32fe27c0dd24fa98ff040673e62dee8d3b63ce\ibex_controller
Used module:             $paramod$e6b6d8eec746808c1a487eeea1c00388e00f4eee\ibex_decoder
Used module:         $paramod$9965f29857664148d24e0207d195fc610cce17ac\ibex_if_stage
Used module:             $paramod\ibex_prefetch_buffer\ResetAll=1'1
Used module:                 $paramod\ibex_fetch_fifo\NUM_REQS=32'00000000000000000000000000000010\ResetAll=1'1
Used module:             $paramod$7cc7cec1e088fedd9ad9b2063ed6f6f72cf9bb0e\ibex_compressed_decoder
Used module:     $paramod\prim_generic_buf\Width=s32'00000000000000000000000000000100
Used module:     \prim_generic_clock_gating

55.2. Analyzing design hierarchy..
Top module:  \ibex_top
Used module:     $paramod$40ece52504ff00c302be66a0111a4ec3d1608ab5\ibex_register_file_ff
Used module:     $paramod$02c313747c8f25d335ac7182387c56521505fa11\ibex_core
Used module:         $paramod$38aa04165534c75a0a4935f073a2885eaa0a33f1\ibex_cs_registers
Used module:             $paramod$a088b13b9337f1e1fba58a671f47d7c7701ffa49\ibex_csr
Used module:             $paramod$754dd1babe3bd40f26e46b58533db04a63dcfb60\ibex_csr
Used module:             $paramod$c16eccae153ba9fb8fce8498c4f7e85e78010c3f\ibex_counter
Used module:             $paramod\ibex_counter\CounterWidth=s32'00000000000000000000000001000000
Used module:             $paramod$34601000fe8707ce2501f5ed778e152043201712\ibex_csr
Used module:             $paramod$85ba01ab5a28334786aba5877c1fe04472f39fba\ibex_csr
Used module:             $paramod$410b37fbfbfa994790f1902c150d2be939cadb3b\ibex_csr
Used module:             $paramod$9a435d8f6db004a67362aa9a56f32ea481a74dbe\ibex_csr
Used module:             $paramod$4f46e25470a27719ee9ca03cee1a0827eff766f7\ibex_csr
Used module:             $paramod$e55993a14b1fbc43320d549f521b710ed37596c6\ibex_csr
Used module:             $paramod$5714e31d82f2b8816750797f158ebea69a089104\ibex_csr
Used module:         $paramod\ibex_wb_stage\ResetAll=1'1\WritebackStage=1'1\DummyInstructions=1'0
Used module:         $paramod$a1f82ff8dd7f02ea405ce72f1e83a511ee16121c\ibex_load_store_unit
Used module:         $paramod$fa37c86f6ef8a85a222bbe1925a5f939cfc5b900\ibex_ex_block
Used module:             $paramod\ibex_alu\RV32B=s32'00000000000000000000000000000000
Used module:         $paramod$b9b2e5d491bd09fc2169df619ac80edcbdafa2a9\ibex_id_stage
Used module:             $paramod$ad32fe27c0dd24fa98ff040673e62dee8d3b63ce\ibex_controller
Used module:             $paramod$e6b6d8eec746808c1a487eeea1c00388e00f4eee\ibex_decoder
Used module:         $paramod$9965f29857664148d24e0207d195fc610cce17ac\ibex_if_stage
Used module:             $paramod\ibex_prefetch_buffer\ResetAll=1'1
Used module:                 $paramod\ibex_fetch_fifo\NUM_REQS=32'00000000000000000000000000000010\ResetAll=1'1
Used module:             $paramod$7cc7cec1e088fedd9ad9b2063ed6f6f72cf9bb0e\ibex_compressed_decoder
Used module:     $paramod\prim_generic_buf\Width=s32'00000000000000000000000000000100
Used module:     \prim_generic_clock_gating
Removed 0 unused modules.

56. Executing PROC_CLEAN pass (remove empty switches from decision trees).
Found and cleaned up 1 empty switch in `$paramod\ibex_alu\RV32B=s32'00000000000000000000000000000000.$proc$/work/src/ibex_alu.v:861$2460'.
Found and cleaned up 1 empty switch in `$paramod\ibex_alu\RV32B=s32'00000000000000000000000000000000.$proc$/work/src/ibex_alu.v:247$2459'.
Found and cleaned up 1 empty switch in `$paramod\ibex_alu\RV32B=s32'00000000000000000000000000000000.$proc$/work/src/ibex_alu.v:231$2448'.
Found and cleaned up 2 empty switches in `$paramod\ibex_alu\RV32B=s32'00000000000000000000000000000000.$proc$/work/src/ibex_alu.v:200$2442'.
Found and cleaned up 1 empty switch in `$paramod\ibex_alu\RV32B=s32'00000000000000000000000000000000.$proc$/work/src/ibex_alu.v:180$2440'.
Found and cleaned up 1 empty switch in `$paramod\ibex_alu\RV32B=s32'00000000000000000000000000000000.$proc$/work/src/ibex_alu.v:171$2434'.
Found and cleaned up 1 empty switch in `$paramod\ibex_alu\RV32B=s32'00000000000000000000000000000000.$proc$/work/src/ibex_alu.v:123$2426'.
Found and cleaned up 1 empty switch in `$paramod\ibex_alu\RV32B=s32'00000000000000000000000000000000.$proc$/work/src/ibex_alu.v:114$2421'.
Found and cleaned up 1 empty switch in `$paramod\ibex_alu\RV32B=s32'00000000000000000000000000000000.$proc$/work/src/ibex_alu.v:103$2419'.
Found and cleaned up 1 empty switch in `$paramod\ibex_alu\RV32B=s32'00000000000000000000000000000000.$proc$/work/src/ibex_alu.v:87$2417'.
Found and cleaned up 1 empty switch in `$paramod\ibex_alu\RV32B=s32'00000000000000000000000000000000.$proc$/work/src/ibex_alu.v:74$2415'.
Found and cleaned up 4 empty switches in `$paramod\ibex_alu\RV32B=s32'00000000000000000000000000000000.$proc$/work/src/ibex_alu.v:51$2414'.
Found and cleaned up 43 empty switches in `$paramod$e6b6d8eec746808c1a487eeea1c00388e00f4eee\ibex_decoder.$proc$/work/src/ibex_decoder.v:682$2386'.
Found and cleaned up 4 empty switches in `$paramod$e6b6d8eec746808c1a487eeea1c00388e00f4eee\ibex_decoder.$proc$/work/src/ibex_decoder.v:228$2324'.
Found and cleaned up 1 empty switch in `$paramod$e6b6d8eec746808c1a487eeea1c00388e00f4eee\ibex_decoder.$proc$/work/src/ibex_decoder.v:221$2318'.
Found and cleaned up 1 empty switch in `$paramod$ad32fe27c0dd24fa98ff040673e62dee8d3b63ce\ibex_controller.$proc$/work/src/ibex_controller.v:279$2295'.
Found and cleaned up 3 empty switches in `$paramod$ad32fe27c0dd24fa98ff040673e62dee8d3b63ce\ibex_controller.$proc$/work/src/ibex_controller.v:437$2204'.
Found and cleaned up 1 empty switch in `$paramod$ad32fe27c0dd24fa98ff040673e62dee8d3b63ce\ibex_controller.$proc$/work/src/ibex_controller.v:399$2196'.
Found and cleaned up 5 empty switches in `$paramod$7cc7cec1e088fedd9ad9b2063ed6f6f72cf9bb0e\ibex_compressed_decoder.$proc$/work/src/ibex_compressed_decoder.v:203$2065'.
Found and cleaned up 1 empty switch in `$paramod$b9b2e5d491bd09fc2169df619ac80edcbdafa2a9\ibex_id_stage.$proc$/work/src/ibex_id_stage.v:467$1731'.
Found and cleaned up 4 empty switches in `$paramod$b9b2e5d491bd09fc2169df619ac80edcbdafa2a9\ibex_id_stage.$proc$/work/src/ibex_id_stage.v:754$1678'.
Found and cleaned up 1 empty switch in `$paramod$b9b2e5d491bd09fc2169df619ac80edcbdafa2a9\ibex_id_stage.$proc$/work/src/ibex_id_stage.v:499$1632'.
Found and cleaned up 1 empty switch in `$paramod$b9b2e5d491bd09fc2169df619ac80edcbdafa2a9\ibex_id_stage.$proc$/work/src/ibex_id_stage.v:406$1626'.
Found and cleaned up 1 empty switch in `$paramod$a1f82ff8dd7f02ea405ce72f1e83a511ee16121c\ibex_load_store_unit.$proc$/work/src/ibex_load_store_unit.v:504$1545'.
Found and cleaned up 1 empty switch in `$paramod$a1f82ff8dd7f02ea405ce72f1e83a511ee16121c\ibex_load_store_unit.$proc$/work/src/ibex_load_store_unit.v:356$1512'.
Found and cleaned up 1 empty switch in `$paramod$a1f82ff8dd7f02ea405ce72f1e83a511ee16121c\ibex_load_store_unit.$proc$/work/src/ibex_load_store_unit.v:322$1497'.
Found and cleaned up 1 empty switch in `$paramod$a1f82ff8dd7f02ea405ce72f1e83a511ee16121c\ibex_load_store_unit.$proc$/work/src/ibex_load_store_unit.v:294$1492'.
Found and cleaned up 1 empty switch in `$paramod$a1f82ff8dd7f02ea405ce72f1e83a511ee16121c\ibex_load_store_unit.$proc$/work/src/ibex_load_store_unit.v:266$1487'.
Found and cleaned up 1 empty switch in `$paramod$a1f82ff8dd7f02ea405ce72f1e83a511ee16121c\ibex_load_store_unit.$proc$/work/src/ibex_load_store_unit.v:254$1486'.
Found and cleaned up 1 empty switch in `$paramod$a1f82ff8dd7f02ea405ce72f1e83a511ee16121c\ibex_load_store_unit.$proc$/work/src/ibex_load_store_unit.v:214$1461'.
Found and cleaned up 1 empty switch in `$paramod$a1f82ff8dd7f02ea405ce72f1e83a511ee16121c\ibex_load_store_unit.$proc$/work/src/ibex_load_store_unit.v:191$1460'.
Found and cleaned up 1 empty switch in `$paramod$a1f82ff8dd7f02ea405ce72f1e83a511ee16121c\ibex_load_store_unit.$proc$/work/src/ibex_load_store_unit.v:139$1454'.
Found and cleaned up 1 empty switch in `$paramod$9965f29857664148d24e0207d195fc610cce17ac\ibex_if_stage.$proc$/work/src/ibex_if_stage.v:254$1823'.
Found and cleaned up 1 empty switch in `$paramod$9965f29857664148d24e0207d195fc610cce17ac\ibex_if_stage.$proc$/work/src/ibex_if_stage.v:238$1812'.
Found and cleaned up 1 empty switch in `$paramod$40ece52504ff00c302be66a0111a4ec3d1608ab5\ibex_register_file_ff.$proc$/work/src/ibex_register_file_ff.v:156$851'.
Found and cleaned up 1 empty switch in `$paramod$c16eccae153ba9fb8fce8498c4f7e85e78010c3f\ibex_counter.$proc$/work/src/ibex_counter.v:28$2477'.
Found and cleaned up 1 empty switch in `$paramod\ibex_fetch_fifo\NUM_REQS=32'00000000000000000000000000000010\ResetAll=1'1.$proc$/work/src/ibex_fetch_fifo.v:72$2840'.
Found and cleaned up 33 empty switches in `$paramod$38aa04165534c75a0a4935f073a2885eaa0a33f1\ibex_cs_registers.$proc$/work/src/ibex_cs_registers.v:1206$2741'.
Found and cleaned up 1 empty switch in `$paramod$38aa04165534c75a0a4935f073a2885eaa0a33f1\ibex_cs_registers.$proc$/work/src/ibex_cs_registers.v:1182$2740'.
Found and cleaned up 1 empty switch in `$paramod$38aa04165534c75a0a4935f073a2885eaa0a33f1\ibex_cs_registers.$proc$/work/src/ibex_cs_registers.v:1172$2738'.
Found and cleaned up 1 empty switch in `$paramod$38aa04165534c75a0a4935f073a2885eaa0a33f1\ibex_cs_registers.$proc$/work/src/ibex_cs_registers.v:1162$2736'.
Found and cleaned up 1 empty switch in `$paramod$38aa04165534c75a0a4935f073a2885eaa0a33f1\ibex_cs_registers.$proc$/work/src/ibex_cs_registers.v:763$2706'.
Found and cleaned up 1 empty switch in `$paramod$38aa04165534c75a0a4935f073a2885eaa0a33f1\ibex_cs_registers.$proc$/work/src/ibex_cs_registers.v:731$2684'.
Found and cleaned up 1 empty switch in `$paramod$38aa04165534c75a0a4935f073a2885eaa0a33f1\ibex_cs_registers.$proc$/work/src/ibex_cs_registers.v:571$2624'.
Found and cleaned up 1 empty switch in `$paramod$38aa04165534c75a0a4935f073a2885eaa0a33f1\ibex_cs_registers.$proc$/work/src/ibex_cs_registers.v:401$2546'.
Found and cleaned up 1 empty switch in `$paramod\ibex_counter\CounterWidth=s32'00000000000000000000000001000000.$proc$/work/src/ibex_counter.v:28$2483'.
Cleaned up 136 empty switches.

57. Executing PROC_RMDEAD pass (remove dead branches from decision trees).
Marked 1 switch rules as full_case in process $proc$/work/src/ibex_top.v:293$773 in module ibex_top.
Marked 1 switch rules as full_case in process $proc$/work/src/ibex_csr.v:19$2474 in module $paramod$754dd1babe3bd40f26e46b58533db04a63dcfb60\ibex_csr.
Marked 1 switch rules as full_case in process $proc$/work/src/ibex_csr.v:19$2472 in module $paramod$a088b13b9337f1e1fba58a671f47d7c7701ffa49\ibex_csr.
Marked 1 switch rules as full_case in process $proc$/work/src/ibex_alu.v:180$2440 in module $paramod\ibex_alu\RV32B=s32'00000000000000000000000000000000.
Marked 1 switch rules as full_case in process $proc$/work/src/ibex_alu.v:171$2434 in module $paramod\ibex_alu\RV32B=s32'00000000000000000000000000000000.
Marked 1 switch rules as full_case in process $proc$/work/src/ibex_alu.v:114$2421 in module $paramod\ibex_alu\RV32B=s32'00000000000000000000000000000000.
Removed 1 dead cases from process $proc$/work/src/ibex_decoder.v:682$2386 in module $paramod$e6b6d8eec746808c1a487eeea1c00388e00f4eee\ibex_decoder.
Marked 9 switch rules as full_case in process $proc$/work/src/ibex_decoder.v:682$2386 in module $paramod$e6b6d8eec746808c1a487eeea1c00388e00f4eee\ibex_decoder.
Removed 2 dead cases from process $proc$/work/src/ibex_decoder.v:228$2324 in module $paramod$e6b6d8eec746808c1a487eeea1c00388e00f4eee\ibex_decoder.
Marked 30 switch rules as full_case in process $proc$/work/src/ibex_decoder.v:228$2324 in module $paramod$e6b6d8eec746808c1a487eeea1c00388e00f4eee\ibex_decoder.
Marked 1 switch rules as full_case in process $proc$/work/src/ibex_decoder.v:221$2318 in module $paramod$e6b6d8eec746808c1a487eeea1c00388e00f4eee\ibex_decoder.
Marked 9 switch rules as full_case in process $proc$/work/src/ibex_controller.v:279$2295 in module $paramod$ad32fe27c0dd24fa98ff040673e62dee8d3b63ce\ibex_controller.
Marked 1 switch rules as full_case in process $proc$/work/src/ibex_controller.v:724$2291 in module $paramod$ad32fe27c0dd24fa98ff040673e62dee8d3b63ce\ibex_controller.
Marked 36 switch rules as full_case in process $proc$/work/src/ibex_controller.v:437$2204 in module $paramod$ad32fe27c0dd24fa98ff040673e62dee8d3b63ce\ibex_controller.
Marked 1 switch rules as full_case in process $proc$/work/src/ibex_controller.v:412$2202 in module $paramod$ad32fe27c0dd24fa98ff040673e62dee8d3b63ce\ibex_controller.
Marked 15 switch rules as full_case in process $proc$/work/src/ibex_controller.v:399$2196 in module $paramod$ad32fe27c0dd24fa98ff040673e62dee8d3b63ce\ibex_controller.
Marked 1 switch rules as full_case in process $proc$/work/src/ibex_compressed_decoder.v:553$2111 in module $paramod$7cc7cec1e088fedd9ad9b2063ed6f6f72cf9bb0e\ibex_compressed_decoder.
Marked 1 switch rules as full_case in process $proc$/work/src/ibex_compressed_decoder.v:546$2108 in module $paramod$7cc7cec1e088fedd9ad9b2063ed6f6f72cf9bb0e\ibex_compressed_decoder.
Removed 6 dead cases from process $proc$/work/src/ibex_compressed_decoder.v:203$2065 in module $paramod$7cc7cec1e088fedd9ad9b2063ed6f6f72cf9bb0e\ibex_compressed_decoder.
Marked 22 switch rules as full_case in process $proc$/work/src/ibex_compressed_decoder.v:203$2065 in module $paramod$7cc7cec1e088fedd9ad9b2063ed6f6f72cf9bb0e\ibex_compressed_decoder.
Marked 1 switch rules as full_case in process $proc$/work/src/ibex_prefetch_buffer.v:123$2047 in module $paramod\ibex_prefetch_buffer\ResetAll=1'1.
Marked 1 switch rules as full_case in process $proc$/work/src/ibex_prefetch_buffer.v:107$2045 in module $paramod\ibex_prefetch_buffer\ResetAll=1'1.
Marked 1 switch rules as full_case in process $proc$/work/src/ibex_prefetch_buffer.v:155$2043 in module $paramod\ibex_prefetch_buffer\ResetAll=1'1.
Marked 1 switch rules as full_case in process $proc$/work/src/ibex_id_stage.v:710$1737 in module $paramod$b9b2e5d491bd09fc2169df619ac80edcbdafa2a9\ibex_id_stage.
Marked 1 switch rules as full_case in process $proc$/work/src/ibex_id_stage.v:489$1735 in module $paramod$b9b2e5d491bd09fc2169df619ac80edcbdafa2a9\ibex_id_stage.
Marked 1 switch rules as full_case in process $proc$/work/src/ibex_id_stage.v:489$1733 in module $paramod$b9b2e5d491bd09fc2169df619ac80edcbdafa2a9\ibex_id_stage.
Removed 1 dead cases from process $proc$/work/src/ibex_id_stage.v:754$1678 in module $paramod$b9b2e5d491bd09fc2169df619ac80edcbdafa2a9\ibex_id_stage.
Marked 7 switch rules as full_case in process $proc$/work/src/ibex_id_stage.v:754$1678 in module $paramod$b9b2e5d491bd09fc2169df619ac80edcbdafa2a9\ibex_id_stage.
Marked 1 switch rules as full_case in process $proc$/work/src/ibex_id_stage.v:748$1676 in module $paramod$b9b2e5d491bd09fc2169df619ac80edcbdafa2a9\ibex_id_stage.
Marked 1 switch rules as full_case in process $proc$/work/src/ibex_id_stage.v:719$1670 in module $paramod$b9b2e5d491bd09fc2169df619ac80edcbdafa2a9\ibex_id_stage.
Removed 1 dead cases from process $proc$/work/src/ibex_id_stage.v:499$1632 in module $paramod$b9b2e5d491bd09fc2169df619ac80edcbdafa2a9\ibex_id_stage.
Removed 1 dead cases from process $proc$/work/src/ibex_id_stage.v:406$1626 in module $paramod$b9b2e5d491bd09fc2169df619ac80edcbdafa2a9\ibex_id_stage.
Marked 1 switch rules as full_case in process $proc$/work/src/ibex_load_store_unit.v:527$1554 in module $paramod$a1f82ff8dd7f02ea405ce72f1e83a511ee16121c\ibex_load_store_unit.
Marked 4 switch rules as full_case in process $proc$/work/src/ibex_load_store_unit.v:504$1545 in module $paramod$a1f82ff8dd7f02ea405ce72f1e83a511ee16121c\ibex_load_store_unit.
Marked 17 switch rules as full_case in process $proc$/work/src/ibex_load_store_unit.v:356$1512 in module $paramod$a1f82ff8dd7f02ea405ce72f1e83a511ee16121c\ibex_load_store_unit.
Removed 1 dead cases from process $proc$/work/src/ibex_load_store_unit.v:322$1497 in module $paramod$a1f82ff8dd7f02ea405ce72f1e83a511ee16121c\ibex_load_store_unit.
Removed 1 dead cases from process $proc$/work/src/ibex_load_store_unit.v:294$1492 in module $paramod$a1f82ff8dd7f02ea405ce72f1e83a511ee16121c\ibex_load_store_unit.
Marked 4 switch rules as full_case in process $proc$/work/src/ibex_load_store_unit.v:294$1492 in module $paramod$a1f82ff8dd7f02ea405ce72f1e83a511ee16121c\ibex_load_store_unit.
Removed 1 dead cases from process $proc$/work/src/ibex_load_store_unit.v:266$1487 in module $paramod$a1f82ff8dd7f02ea405ce72f1e83a511ee16121c\ibex_load_store_unit.
Marked 4 switch rules as full_case in process $proc$/work/src/ibex_load_store_unit.v:266$1487 in module $paramod$a1f82ff8dd7f02ea405ce72f1e83a511ee16121c\ibex_load_store_unit.
Removed 1 dead cases from process $proc$/work/src/ibex_load_store_unit.v:254$1486 in module $paramod$a1f82ff8dd7f02ea405ce72f1e83a511ee16121c\ibex_load_store_unit.
Marked 1 switch rules as full_case in process $proc$/work/src/ibex_load_store_unit.v:249$1484 in module $paramod$a1f82ff8dd7f02ea405ce72f1e83a511ee16121c\ibex_load_store_unit.
Marked 1 switch rules as full_case in process $proc$/work/src/ibex_load_store_unit.v:235$1481 in module $paramod$a1f82ff8dd7f02ea405ce72f1e83a511ee16121c\ibex_load_store_unit.
Marked 1 switch rules as full_case in process $proc$/work/src/ibex_load_store_unit.v:230$1479 in module $paramod$a1f82ff8dd7f02ea405ce72f1e83a511ee16121c\ibex_load_store_unit.
Marked 3 switch rules as full_case in process $proc$/work/src/ibex_load_store_unit.v:214$1461 in module $paramod$a1f82ff8dd7f02ea405ce72f1e83a511ee16121c\ibex_load_store_unit.
Removed 1 dead cases from process $proc$/work/src/ibex_load_store_unit.v:191$1460 in module $paramod$a1f82ff8dd7f02ea405ce72f1e83a511ee16121c\ibex_load_store_unit.
Removed 5 dead cases from process $proc$/work/src/ibex_load_store_unit.v:139$1454 in module $paramod$a1f82ff8dd7f02ea405ce72f1e83a511ee16121c\ibex_load_store_unit.
Marked 3 switch rules as full_case in process $proc$/work/src/ibex_load_store_unit.v:139$1454 in module $paramod$a1f82ff8dd7f02ea405ce72f1e83a511ee16121c\ibex_load_store_unit.
Marked 1 switch rules as full_case in process $proc$/work/src/ibex_wb_stage.v:134$1411 in module $paramod\ibex_wb_stage\ResetAll=1'1\WritebackStage=1'1\DummyInstructions=1'0.
Marked 1 switch rules as full_case in process $proc$/work/src/ibex_wb_stage.v:128$1409 in module $paramod\ibex_wb_stage\ResetAll=1'1\WritebackStage=1'1\DummyInstructions=1'0.
Marked 1 switch rules as full_case in process $proc$/work/src/ibex_csr.v:19$2500 in module $paramod$5714e31d82f2b8816750797f158ebea69a089104\ibex_csr.
Marked 1 switch rules as full_case in process $proc$/work/src/ibex_if_stage.v:493$1906 in module $paramod$9965f29857664148d24e0207d195fc610cce17ac\ibex_if_stage.
Marked 1 switch rules as full_case in process $proc$/work/src/ibex_if_stage.v:479$1901 in module $paramod$9965f29857664148d24e0207d195fc610cce17ac\ibex_if_stage.
Removed 1 dead cases from process $proc$/work/src/ibex_if_stage.v:238$1812 in module $paramod$9965f29857664148d24e0207d195fc610cce17ac\ibex_if_stage.
Marked 1 switch rules as full_case in process $proc$/work/src/ibex_if_stage.v:238$1812 in module $paramod$9965f29857664148d24e0207d195fc610cce17ac\ibex_if_stage.
Removed 1 dead cases from process $proc$/work/src/ibex_register_file_ff.v:0$985 in module $paramod$40ece52504ff00c302be66a0111a4ec3d1608ab5\ibex_register_file_ff.
Marked 1 switch rules as full_case in process $proc$/work/src/ibex_register_file_ff.v:0$985 in module $paramod$40ece52504ff00c302be66a0111a4ec3d1608ab5\ibex_register_file_ff.
Removed 1 dead cases from process $proc$/work/src/ibex_register_file_ff.v:0$982 in module $paramod$40ece52504ff00c302be66a0111a4ec3d1608ab5\ibex_register_file_ff.
Marked 1 switch rules as full_case in process $proc$/work/src/ibex_register_file_ff.v:0$982 in module $paramod$40ece52504ff00c302be66a0111a4ec3d1608ab5\ibex_register_file_ff.
Marked 1 switch rules as full_case in process $proc$/work/src/ibex_register_file_ff.v:171$976 in module $paramod$40ece52504ff00c302be66a0111a4ec3d1608ab5\ibex_register_file_ff.
Marked 1 switch rules as full_case in process $proc$/work/src/ibex_register_file_ff.v:171$974 in module $paramod$40ece52504ff00c302be66a0111a4ec3d1608ab5\ibex_register_file_ff.
Marked 1 switch rules as full_case in process $proc$/work/src/ibex_register_file_ff.v:171$972 in module $paramod$40ece52504ff00c302be66a0111a4ec3d1608ab5\ibex_register_file_ff.
Marked 1 switch rules as full_case in process $proc$/work/src/ibex_register_file_ff.v:171$970 in module $paramod$40ece52504ff00c302be66a0111a4ec3d1608ab5\ibex_register_file_ff.
Marked 1 switch rules as full_case in process $proc$/work/src/ibex_register_file_ff.v:171$968 in module $paramod$40ece52504ff00c302be66a0111a4ec3d1608ab5\ibex_register_file_ff.
Marked 1 switch rules as full_case in process $proc$/work/src/ibex_register_file_ff.v:171$966 in module $paramod$40ece52504ff00c302be66a0111a4ec3d1608ab5\ibex_register_file_ff.
Marked 1 switch rules as full_case in process $proc$/work/src/ibex_register_file_ff.v:171$964 in module $paramod$40ece52504ff00c302be66a0111a4ec3d1608ab5\ibex_register_file_ff.
Marked 1 switch rules as full_case in process $proc$/work/src/ibex_register_file_ff.v:171$962 in module $paramod$40ece52504ff00c302be66a0111a4ec3d1608ab5\ibex_register_file_ff.
Marked 1 switch rules as full_case in process $proc$/work/src/ibex_register_file_ff.v:171$960 in module $paramod$40ece52504ff00c302be66a0111a4ec3d1608ab5\ibex_register_file_ff.
Marked 1 switch rules as full_case in process $proc$/work/src/ibex_register_file_ff.v:171$958 in module $paramod$40ece52504ff00c302be66a0111a4ec3d1608ab5\ibex_register_file_ff.
Marked 1 switch rules as full_case in process $proc$/work/src/ibex_register_file_ff.v:171$956 in module $paramod$40ece52504ff00c302be66a0111a4ec3d1608ab5\ibex_register_file_ff.
Marked 1 switch rules as full_case in process $proc$/work/src/ibex_register_file_ff.v:171$954 in module $paramod$40ece52504ff00c302be66a0111a4ec3d1608ab5\ibex_register_file_ff.
Marked 1 switch rules as full_case in process $proc$/work/src/ibex_register_file_ff.v:171$952 in module $paramod$40ece52504ff00c302be66a0111a4ec3d1608ab5\ibex_register_file_ff.
Marked 1 switch rules as full_case in process $proc$/work/src/ibex_register_file_ff.v:171$950 in module $paramod$40ece52504ff00c302be66a0111a4ec3d1608ab5\ibex_register_file_ff.
Marked 1 switch rules as full_case in process $proc$/work/src/ibex_register_file_ff.v:171$948 in module $paramod$40ece52504ff00c302be66a0111a4ec3d1608ab5\ibex_register_file_ff.
Marked 1 switch rules as full_case in process $proc$/work/src/ibex_register_file_ff.v:171$946 in module $paramod$40ece52504ff00c302be66a0111a4ec3d1608ab5\ibex_register_file_ff.
Marked 1 switch rules as full_case in process $proc$/work/src/ibex_register_file_ff.v:171$944 in module $paramod$40ece52504ff00c302be66a0111a4ec3d1608ab5\ibex_register_file_ff.
Marked 1 switch rules as full_case in process $proc$/work/src/ibex_register_file_ff.v:171$942 in module $paramod$40ece52504ff00c302be66a0111a4ec3d1608ab5\ibex_register_file_ff.
Marked 1 switch rules as full_case in process $proc$/work/src/ibex_register_file_ff.v:171$940 in module $paramod$40ece52504ff00c302be66a0111a4ec3d1608ab5\ibex_register_file_ff.
Marked 1 switch rules as full_case in process $proc$/work/src/ibex_register_file_ff.v:171$938 in module $paramod$40ece52504ff00c302be66a0111a4ec3d1608ab5\ibex_register_file_ff.
Marked 1 switch rules as full_case in process $proc$/work/src/ibex_register_file_ff.v:171$936 in module $paramod$40ece52504ff00c302be66a0111a4ec3d1608ab5\ibex_register_file_ff.
Marked 1 switch rules as full_case in process $proc$/work/src/ibex_register_file_ff.v:171$934 in module $paramod$40ece52504ff00c302be66a0111a4ec3d1608ab5\ibex_register_file_ff.
Marked 1 switch rules as full_case in process $proc$/work/src/ibex_register_file_ff.v:171$932 in module $paramod$40ece52504ff00c302be66a0111a4ec3d1608ab5\ibex_register_file_ff.
Marked 1 switch rules as full_case in process $proc$/work/src/ibex_register_file_ff.v:171$930 in module $paramod$40ece52504ff00c302be66a0111a4ec3d1608ab5\ibex_register_file_ff.
Marked 1 switch rules as full_case in process $proc$/work/src/ibex_register_file_ff.v:171$928 in module $paramod$40ece52504ff00c302be66a0111a4ec3d1608ab5\ibex_register_file_ff.
Marked 1 switch rules as full_case in process $proc$/work/src/ibex_register_file_ff.v:171$926 in module $paramod$40ece52504ff00c302be66a0111a4ec3d1608ab5\ibex_register_file_ff.
Marked 1 switch rules as full_case in process $proc$/work/src/ibex_register_file_ff.v:171$924 in module $paramod$40ece52504ff00c302be66a0111a4ec3d1608ab5\ibex_register_file_ff.
Marked 1 switch rules as full_case in process $proc$/work/src/ibex_register_file_ff.v:171$922 in module $paramod$40ece52504ff00c302be66a0111a4ec3d1608ab5\ibex_register_file_ff.
Marked 1 switch rules as full_case in process $proc$/work/src/ibex_register_file_ff.v:171$920 in module $paramod$40ece52504ff00c302be66a0111a4ec3d1608ab5\ibex_register_file_ff.
Marked 1 switch rules as full_case in process $proc$/work/src/ibex_register_file_ff.v:171$918 in module $paramod$40ece52504ff00c302be66a0111a4ec3d1608ab5\ibex_register_file_ff.
Marked 1 switch rules as full_case in process $proc$/work/src/ibex_register_file_ff.v:171$916 in module $paramod$40ece52504ff00c302be66a0111a4ec3d1608ab5\ibex_register_file_ff.
Marked 1 switch rules as full_case in process $proc$/work/src/ibex_counter.v:56$2479 in module $paramod$c16eccae153ba9fb8fce8498c4f7e85e78010c3f\ibex_counter.
Marked 3 switch rules as full_case in process $proc$/work/src/ibex_counter.v:28$2477 in module $paramod$c16eccae153ba9fb8fce8498c4f7e85e78010c3f\ibex_counter.
Marked 1 switch rules as full_case in process $proc$/work/src/ibex_fetch_fifo.v:148$2894 in module $paramod\ibex_fetch_fifo\NUM_REQS=32'00000000000000000000000000000010\ResetAll=1'1.
Marked 1 switch rules as full_case in process $proc$/work/src/ibex_fetch_fifo.v:148$2892 in module $paramod\ibex_fetch_fifo\NUM_REQS=32'00000000000000000000000000000010\ResetAll=1'1.
Marked 1 switch rules as full_case in process $proc$/work/src/ibex_fetch_fifo.v:148$2890 in module $paramod\ibex_fetch_fifo\NUM_REQS=32'00000000000000000000000000000010\ResetAll=1'1.
Marked 1 switch rules as full_case in process $proc$/work/src/ibex_fetch_fifo.v:97$2861 in module $paramod\ibex_fetch_fifo\NUM_REQS=32'00000000000000000000000000000010\ResetAll=1'1.
Marked 1 switch rules as full_case in process $proc$/work/src/ibex_fetch_fifo.v:138$2859 in module $paramod\ibex_fetch_fifo\NUM_REQS=32'00000000000000000000000000000010\ResetAll=1'1.
Marked 2 switch rules as full_case in process $proc$/work/src/ibex_fetch_fifo.v:72$2840 in module $paramod\ibex_fetch_fifo\NUM_REQS=32'00000000000000000000000000000010\ResetAll=1'1.
Marked 1 switch rules as full_case in process $proc$/work/src/ibex_cs_registers.v:1306$2744 in module $paramod$38aa04165534c75a0a4935f073a2885eaa0a33f1\ibex_cs_registers.
Marked 1 switch rules as full_case in process $proc$/work/src/ibex_cs_registers.v:1172$2738 in module $paramod$38aa04165534c75a0a4935f073a2885eaa0a33f1\ibex_cs_registers.
Marked 1 switch rules as full_case in process $proc$/work/src/ibex_cs_registers.v:1162$2736 in module $paramod$38aa04165534c75a0a4935f073a2885eaa0a33f1\ibex_cs_registers.
Removed 1 dead cases from process $proc$/work/src/ibex_cs_registers.v:731$2684 in module $paramod$38aa04165534c75a0a4935f073a2885eaa0a33f1\ibex_cs_registers.
Marked 1 switch rules as full_case in process $proc$/work/src/ibex_cs_registers.v:724$2681 in module $paramod$38aa04165534c75a0a4935f073a2885eaa0a33f1\ibex_cs_registers.
Marked 9 switch rules as full_case in process $proc$/work/src/ibex_cs_registers.v:571$2624 in module $paramod$38aa04165534c75a0a4935f073a2885eaa0a33f1\ibex_cs_registers.
Removed 5 dead cases from process $proc$/work/src/ibex_cs_registers.v:401$2546 in module $paramod$38aa04165534c75a0a4935f073a2885eaa0a33f1\ibex_cs_registers.
Marked 14 switch rules as full_case in process $proc$/work/src/ibex_cs_registers.v:401$2546 in module $paramod$38aa04165534c75a0a4935f073a2885eaa0a33f1\ibex_cs_registers.
Marked 1 switch rules as full_case in process $proc$/work/src/ibex_csr.v:19$2498 in module $paramod$e55993a14b1fbc43320d549f521b710ed37596c6\ibex_csr.
Marked 1 switch rules as full_case in process $proc$/work/src/ibex_csr.v:19$2496 in module $paramod$4f46e25470a27719ee9ca03cee1a0827eff766f7\ibex_csr.
Marked 1 switch rules as full_case in process $proc$/work/src/ibex_csr.v:19$2494 in module $paramod$9a435d8f6db004a67362aa9a56f32ea481a74dbe\ibex_csr.
Marked 1 switch rules as full_case in process $proc$/work/src/ibex_csr.v:19$2492 in module $paramod$410b37fbfbfa994790f1902c150d2be939cadb3b\ibex_csr.
Marked 1 switch rules as full_case in process $proc$/work/src/ibex_csr.v:19$2490 in module $paramod$85ba01ab5a28334786aba5877c1fe04472f39fba\ibex_csr.
Marked 1 switch rules as full_case in process $proc$/work/src/ibex_csr.v:19$2488 in module $paramod$34601000fe8707ce2501f5ed778e152043201712\ibex_csr.
Marked 1 switch rules as full_case in process $proc$/work/src/ibex_counter.v:56$2485 in module $paramod\ibex_counter\CounterWidth=s32'00000000000000000000000001000000.
Marked 3 switch rules as full_case in process $proc$/work/src/ibex_counter.v:28$2483 in module $paramod\ibex_counter\CounterWidth=s32'00000000000000000000000001000000.
Removed a total of 31 dead cases.

58. Executing PROC_PRUNE pass (remove redundant assignments in processes).
Removed 34 redundant assignments.
Promoted 552 assignments to connections.

59. Executing PROC_INIT pass (extract init attributes).

60. Executing PROC_ARST pass (detect async resets in processes).
Found async reset \rst_ni in `\ibex_top.$proc$/work/src/ibex_top.v:293$773'.
Found async reset \rst_ni in `$paramod$754dd1babe3bd40f26e46b58533db04a63dcfb60\ibex_csr.$proc$/work/src/ibex_csr.v:19$2474'.
Found async reset \rst_ni in `$paramod$a088b13b9337f1e1fba58a671f47d7c7701ffa49\ibex_csr.$proc$/work/src/ibex_csr.v:19$2472'.
Found async reset \rst_ni in `$paramod$ad32fe27c0dd24fa98ff040673e62dee8d3b63ce\ibex_controller.$proc$/work/src/ibex_controller.v:724$2291'.
Found async reset \rst_ni in `$paramod$ad32fe27c0dd24fa98ff040673e62dee8d3b63ce\ibex_controller.$proc$/work/src/ibex_controller.v:412$2202'.
Found async reset \rst_ni in `$paramod$7cc7cec1e088fedd9ad9b2063ed6f6f72cf9bb0e\ibex_compressed_decoder.$proc$/work/src/ibex_compressed_decoder.v:553$2111'.
Found async reset \rst_ni in `$paramod$7cc7cec1e088fedd9ad9b2063ed6f6f72cf9bb0e\ibex_compressed_decoder.$proc$/work/src/ibex_compressed_decoder.v:546$2108'.
Found async reset \rst_ni in `$paramod\ibex_prefetch_buffer\ResetAll=1'1.$proc$/work/src/ibex_prefetch_buffer.v:123$2047'.
Found async reset \rst_ni in `$paramod\ibex_prefetch_buffer\ResetAll=1'1.$proc$/work/src/ibex_prefetch_buffer.v:107$2045'.
Found async reset \rst_ni in `$paramod\ibex_prefetch_buffer\ResetAll=1'1.$proc$/work/src/ibex_prefetch_buffer.v:155$2043'.
Found async reset \rst_ni in `$paramod$b9b2e5d491bd09fc2169df619ac80edcbdafa2a9\ibex_id_stage.$proc$/work/src/ibex_id_stage.v:710$1737'.
Found async reset \rst_ni in `$paramod$b9b2e5d491bd09fc2169df619ac80edcbdafa2a9\ibex_id_stage.$proc$/work/src/ibex_id_stage.v:489$1735'.
Found async reset \rst_ni in `$paramod$b9b2e5d491bd09fc2169df619ac80edcbdafa2a9\ibex_id_stage.$proc$/work/src/ibex_id_stage.v:489$1733'.
Found async reset \rst_ni in `$paramod$b9b2e5d491bd09fc2169df619ac80edcbdafa2a9\ibex_id_stage.$proc$/work/src/ibex_id_stage.v:748$1676'.
Found async reset \rst_ni in `$paramod$b9b2e5d491bd09fc2169df619ac80edcbdafa2a9\ibex_id_stage.$proc$/work/src/ibex_id_stage.v:719$1670'.
Found async reset \rst_ni in `$paramod$a1f82ff8dd7f02ea405ce72f1e83a511ee16121c\ibex_load_store_unit.$proc$/work/src/ibex_load_store_unit.v:527$1554'.
Found async reset \rst_ni in `$paramod$a1f82ff8dd7f02ea405ce72f1e83a511ee16121c\ibex_load_store_unit.$proc$/work/src/ibex_load_store_unit.v:249$1484'.
Found async reset \rst_ni in `$paramod$a1f82ff8dd7f02ea405ce72f1e83a511ee16121c\ibex_load_store_unit.$proc$/work/src/ibex_load_store_unit.v:235$1481'.
Found async reset \rst_ni in `$paramod$a1f82ff8dd7f02ea405ce72f1e83a511ee16121c\ibex_load_store_unit.$proc$/work/src/ibex_load_store_unit.v:230$1479'.
Found async reset \rst_ni in `$paramod\ibex_wb_stage\ResetAll=1'1\WritebackStage=1'1\DummyInstructions=1'0.$proc$/work/src/ibex_wb_stage.v:134$1411'.
Found async reset \rst_ni in `$paramod\ibex_wb_stage\ResetAll=1'1\WritebackStage=1'1\DummyInstructions=1'0.$proc$/work/src/ibex_wb_stage.v:128$1409'.
Found async reset \rst_ni in `$paramod$5714e31d82f2b8816750797f158ebea69a089104\ibex_csr.$proc$/work/src/ibex_csr.v:19$2500'.
Found async reset \rst_ni in `$paramod$9965f29857664148d24e0207d195fc610cce17ac\ibex_if_stage.$proc$/work/src/ibex_if_stage.v:493$1906'.
Found async reset \rst_ni in `$paramod$9965f29857664148d24e0207d195fc610cce17ac\ibex_if_stage.$proc$/work/src/ibex_if_stage.v:479$1901'.
Found async reset \rst_ni in `$paramod$40ece52504ff00c302be66a0111a4ec3d1608ab5\ibex_register_file_ff.$proc$/work/src/ibex_register_file_ff.v:171$976'.
Found async reset \rst_ni in `$paramod$40ece52504ff00c302be66a0111a4ec3d1608ab5\ibex_register_file_ff.$proc$/work/src/ibex_register_file_ff.v:171$974'.
Found async reset \rst_ni in `$paramod$40ece52504ff00c302be66a0111a4ec3d1608ab5\ibex_register_file_ff.$proc$/work/src/ibex_register_file_ff.v:171$972'.
Found async reset \rst_ni in `$paramod$40ece52504ff00c302be66a0111a4ec3d1608ab5\ibex_register_file_ff.$proc$/work/src/ibex_register_file_ff.v:171$970'.
Found async reset \rst_ni in `$paramod$40ece52504ff00c302be66a0111a4ec3d1608ab5\ibex_register_file_ff.$proc$/work/src/ibex_register_file_ff.v:171$968'.
Found async reset \rst_ni in `$paramod$40ece52504ff00c302be66a0111a4ec3d1608ab5\ibex_register_file_ff.$proc$/work/src/ibex_register_file_ff.v:171$966'.
Found async reset \rst_ni in `$paramod$40ece52504ff00c302be66a0111a4ec3d1608ab5\ibex_register_file_ff.$proc$/work/src/ibex_register_file_ff.v:171$964'.
Found async reset \rst_ni in `$paramod$40ece52504ff00c302be66a0111a4ec3d1608ab5\ibex_register_file_ff.$proc$/work/src/ibex_register_file_ff.v:171$962'.
Found async reset \rst_ni in `$paramod$40ece52504ff00c302be66a0111a4ec3d1608ab5\ibex_register_file_ff.$proc$/work/src/ibex_register_file_ff.v:171$960'.
Found async reset \rst_ni in `$paramod$40ece52504ff00c302be66a0111a4ec3d1608ab5\ibex_register_file_ff.$proc$/work/src/ibex_register_file_ff.v:171$958'.
Found async reset \rst_ni in `$paramod$40ece52504ff00c302be66a0111a4ec3d1608ab5\ibex_register_file_ff.$proc$/work/src/ibex_register_file_ff.v:171$956'.
Found async reset \rst_ni in `$paramod$40ece52504ff00c302be66a0111a4ec3d1608ab5\ibex_register_file_ff.$proc$/work/src/ibex_register_file_ff.v:171$954'.
Found async reset \rst_ni in `$paramod$40ece52504ff00c302be66a0111a4ec3d1608ab5\ibex_register_file_ff.$proc$/work/src/ibex_register_file_ff.v:171$952'.
Found async reset \rst_ni in `$paramod$40ece52504ff00c302be66a0111a4ec3d1608ab5\ibex_register_file_ff.$proc$/work/src/ibex_register_file_ff.v:171$950'.
Found async reset \rst_ni in `$paramod$40ece52504ff00c302be66a0111a4ec3d1608ab5\ibex_register_file_ff.$proc$/work/src/ibex_register_file_ff.v:171$948'.
Found async reset \rst_ni in `$paramod$40ece52504ff00c302be66a0111a4ec3d1608ab5\ibex_register_file_ff.$proc$/work/src/ibex_register_file_ff.v:171$946'.
Found async reset \rst_ni in `$paramod$40ece52504ff00c302be66a0111a4ec3d1608ab5\ibex_register_file_ff.$proc$/work/src/ibex_register_file_ff.v:171$944'.
Found async reset \rst_ni in `$paramod$40ece52504ff00c302be66a0111a4ec3d1608ab5\ibex_register_file_ff.$proc$/work/src/ibex_register_file_ff.v:171$942'.
Found async reset \rst_ni in `$paramod$40ece52504ff00c302be66a0111a4ec3d1608ab5\ibex_register_file_ff.$proc$/work/src/ibex_register_file_ff.v:171$940'.
Found async reset \rst_ni in `$paramod$40ece52504ff00c302be66a0111a4ec3d1608ab5\ibex_register_file_ff.$proc$/work/src/ibex_register_file_ff.v:171$938'.
Found async reset \rst_ni in `$paramod$40ece52504ff00c302be66a0111a4ec3d1608ab5\ibex_register_file_ff.$proc$/work/src/ibex_register_file_ff.v:171$936'.
Found async reset \rst_ni in `$paramod$40ece52504ff00c302be66a0111a4ec3d1608ab5\ibex_register_file_ff.$proc$/work/src/ibex_register_file_ff.v:171$934'.
Found async reset \rst_ni in `$paramod$40ece52504ff00c302be66a0111a4ec3d1608ab5\ibex_register_file_ff.$proc$/work/src/ibex_register_file_ff.v:171$932'.
Found async reset \rst_ni in `$paramod$40ece52504ff00c302be66a0111a4ec3d1608ab5\ibex_register_file_ff.$proc$/work/src/ibex_register_file_ff.v:171$930'.
Found async reset \rst_ni in `$paramod$40ece52504ff00c302be66a0111a4ec3d1608ab5\ibex_register_file_ff.$proc$/work/src/ibex_register_file_ff.v:171$928'.
Found async reset \rst_ni in `$paramod$40ece52504ff00c302be66a0111a4ec3d1608ab5\ibex_register_file_ff.$proc$/work/src/ibex_register_file_ff.v:171$926'.
Found async reset \rst_ni in `$paramod$40ece52504ff00c302be66a0111a4ec3d1608ab5\ibex_register_file_ff.$proc$/work/src/ibex_register_file_ff.v:171$924'.
Found async reset \rst_ni in `$paramod$40ece52504ff00c302be66a0111a4ec3d1608ab5\ibex_register_file_ff.$proc$/work/src/ibex_register_file_ff.v:171$922'.
Found async reset \rst_ni in `$paramod$40ece52504ff00c302be66a0111a4ec3d1608ab5\ibex_register_file_ff.$proc$/work/src/ibex_register_file_ff.v:171$920'.
Found async reset \rst_ni in `$paramod$40ece52504ff00c302be66a0111a4ec3d1608ab5\ibex_register_file_ff.$proc$/work/src/ibex_register_file_ff.v:171$918'.
Found async reset \rst_ni in `$paramod$40ece52504ff00c302be66a0111a4ec3d1608ab5\ibex_register_file_ff.$proc$/work/src/ibex_register_file_ff.v:171$916'.
Found async reset \rst_ni in `$paramod$c16eccae153ba9fb8fce8498c4f7e85e78010c3f\ibex_counter.$proc$/work/src/ibex_counter.v:56$2479'.
Found async reset \rst_ni in `$paramod\ibex_fetch_fifo\NUM_REQS=32'00000000000000000000000000000010\ResetAll=1'1.$proc$/work/src/ibex_fetch_fifo.v:148$2894'.
Found async reset \rst_ni in `$paramod\ibex_fetch_fifo\NUM_REQS=32'00000000000000000000000000000010\ResetAll=1'1.$proc$/work/src/ibex_fetch_fifo.v:148$2892'.
Found async reset \rst_ni in `$paramod\ibex_fetch_fifo\NUM_REQS=32'00000000000000000000000000000010\ResetAll=1'1.$proc$/work/src/ibex_fetch_fifo.v:148$2890'.
Found async reset \rst_ni in `$paramod\ibex_fetch_fifo\NUM_REQS=32'00000000000000000000000000000010\ResetAll=1'1.$proc$/work/src/ibex_fetch_fifo.v:97$2861'.
Found async reset \rst_ni in `$paramod\ibex_fetch_fifo\NUM_REQS=32'00000000000000000000000000000010\ResetAll=1'1.$proc$/work/src/ibex_fetch_fifo.v:138$2859'.
Found async reset \rst_ni in `$paramod$38aa04165534c75a0a4935f073a2885eaa0a33f1\ibex_cs_registers.$proc$/work/src/ibex_cs_registers.v:1306$2744'.
Found async reset \rst_ni in `$paramod$38aa04165534c75a0a4935f073a2885eaa0a33f1\ibex_cs_registers.$proc$/work/src/ibex_cs_registers.v:724$2681'.
Found async reset \rst_ni in `$paramod$e55993a14b1fbc43320d549f521b710ed37596c6\ibex_csr.$proc$/work/src/ibex_csr.v:19$2498'.
Found async reset \rst_ni in `$paramod$4f46e25470a27719ee9ca03cee1a0827eff766f7\ibex_csr.$proc$/work/src/ibex_csr.v:19$2496'.
Found async reset \rst_ni in `$paramod$9a435d8f6db004a67362aa9a56f32ea481a74dbe\ibex_csr.$proc$/work/src/ibex_csr.v:19$2494'.
Found async reset \rst_ni in `$paramod$410b37fbfbfa994790f1902c150d2be939cadb3b\ibex_csr.$proc$/work/src/ibex_csr.v:19$2492'.
Found async reset \rst_ni in `$paramod$85ba01ab5a28334786aba5877c1fe04472f39fba\ibex_csr.$proc$/work/src/ibex_csr.v:19$2490'.
Found async reset \rst_ni in `$paramod$34601000fe8707ce2501f5ed778e152043201712\ibex_csr.$proc$/work/src/ibex_csr.v:19$2488'.
Found async reset \rst_ni in `$paramod\ibex_counter\CounterWidth=s32'00000000000000000000000001000000.$proc$/work/src/ibex_counter.v:56$2485'.

61. Executing PROC_ROM pass (convert switches to ROMs).
Converted 3 switches.
<suppressed ~317 debug messages>

62. Executing PROC_MUX pass (convert decision trees to multiplexers).
Creating decoders for process `\ibex_top.$proc$/work/src/ibex_top.v:542$800'.
Creating decoders for process `\ibex_top.$proc$/work/src/ibex_top.v:556$783'.
Creating decoders for process `\ibex_top.$proc$/work/src/ibex_top.v:553$782'.
Creating decoders for process `\ibex_top.$proc$/work/src/ibex_top.v:550$781'.
Creating decoders for process `\ibex_top.$proc$/work/src/ibex_top.v:546$780'.
Creating decoders for process `\ibex_top.$proc$/work/src/ibex_top.v:293$773'.
     1/1: $0\core_busy_q[3:0]
Creating decoders for process `$paramod$754dd1babe3bd40f26e46b58533db04a63dcfb60\ibex_csr.$proc$/work/src/ibex_csr.v:19$2474'.
     1/1: $0\rdata_q[2:0]
Creating decoders for process `$paramod$a088b13b9337f1e1fba58a671f47d7c7701ffa49\ibex_csr.$proc$/work/src/ibex_csr.v:19$2472'.
     1/1: $0\rdata_q[7:0]
Creating decoders for process `$paramod\ibex_alu\RV32B=s32'00000000000000000000000000000000.$proc$/work/src/ibex_alu.v:0$2471'.
Creating decoders for process `$paramod\ibex_alu\RV32B=s32'00000000000000000000000000000000.$proc$/work/src/ibex_alu.v:858$2470'.
Creating decoders for process `$paramod\ibex_alu\RV32B=s32'00000000000000000000000000000000.$proc$/work/src/ibex_alu.v:855$2469'.
Creating decoders for process `$paramod\ibex_alu\RV32B=s32'00000000000000000000000000000000.$proc$/work/src/ibex_alu.v:852$2468'.
Creating decoders for process `$paramod\ibex_alu\RV32B=s32'00000000000000000000000000000000.$proc$/work/src/ibex_alu.v:849$2467'.
Creating decoders for process `$paramod\ibex_alu\RV32B=s32'00000000000000000000000000000000.$proc$/work/src/ibex_alu.v:846$2466'.
Creating decoders for process `$paramod\ibex_alu\RV32B=s32'00000000000000000000000000000000.$proc$/work/src/ibex_alu.v:843$2465'.
Creating decoders for process `$paramod\ibex_alu\RV32B=s32'00000000000000000000000000000000.$proc$/work/src/ibex_alu.v:839$2464'.
Creating decoders for process `$paramod\ibex_alu\RV32B=s32'00000000000000000000000000000000.$proc$/work/src/ibex_alu.v:836$2463'.
Creating decoders for process `$paramod\ibex_alu\RV32B=s32'00000000000000000000000000000000.$proc$/work/src/ibex_alu.v:833$2462'.
Creating decoders for process `$paramod\ibex_alu\RV32B=s32'00000000000000000000000000000000.$proc$/work/src/ibex_alu.v:829$2461'.
Creating decoders for process `$paramod\ibex_alu\RV32B=s32'00000000000000000000000000000000.$proc$/work/src/ibex_alu.v:861$2460'.
     1/1: $1\result_o[31:0]
Creating decoders for process `$paramod\ibex_alu\RV32B=s32'00000000000000000000000000000000.$proc$/work/src/ibex_alu.v:247$2459'.
     1/1: $1\bwlogic_result[31:0]
Creating decoders for process `$paramod\ibex_alu\RV32B=s32'00000000000000000000000000000000.$proc$/work/src/ibex_alu.v:231$2448'.
     1/1: $1\bwlogic_op_b_negate[0:0]
Creating decoders for process `$paramod\ibex_alu\RV32B=s32'00000000000000000000000000000000.$proc$/work/src/ibex_alu.v:200$2442'.
Creating decoders for process `$paramod\ibex_alu\RV32B=s32'00000000000000000000000000000000.$proc$/work/src/ibex_alu.v:180$2440'.
     1/2: $2\shift_left[0:0]
     2/2: $1\shift_left[0:0]
Creating decoders for process `$paramod\ibex_alu\RV32B=s32'00000000000000000000000000000000.$proc$/work/src/ibex_alu.v:171$2434'.
     1/1: $1\shift_amt[4:0]
Creating decoders for process `$paramod\ibex_alu\RV32B=s32'00000000000000000000000000000000.$proc$/work/src/ibex_alu.v:169$2432'.
Creating decoders for process `$paramod\ibex_alu\RV32B=s32'00000000000000000000000000000000.$proc$/work/src/ibex_alu.v:123$2426'.
     1/1: $1\cmp_result[0:0]
Creating decoders for process `$paramod\ibex_alu\RV32B=s32'00000000000000000000000000000000.$proc$/work/src/ibex_alu.v:114$2421'.
     1/1: $1\is_greater_equal[0:0]
Creating decoders for process `$paramod\ibex_alu\RV32B=s32'00000000000000000000000000000000.$proc$/work/src/ibex_alu.v:103$2419'.
     1/1: $1\cmp_signed[0:0]
Creating decoders for process `$paramod\ibex_alu\RV32B=s32'00000000000000000000000000000000.$proc$/work/src/ibex_alu.v:87$2417'.
     1/1: $1\adder_in_b[32:0]
Creating decoders for process `$paramod\ibex_alu\RV32B=s32'00000000000000000000000000000000.$proc$/work/src/ibex_alu.v:74$2415'.
     1/1: $1\adder_in_a[32:0]
Creating decoders for process `$paramod\ibex_alu\RV32B=s32'00000000000000000000000000000000.$proc$/work/src/ibex_alu.v:51$2414'.
     1/1: $1\adder_op_b_negate[0:0]
Creating decoders for process `$paramod$e6b6d8eec746808c1a487eeea1c00388e00f4eee\ibex_decoder.$proc$/work/src/ibex_decoder.v:0$2413'.
Creating decoders for process `$paramod$e6b6d8eec746808c1a487eeea1c00388e00f4eee\ibex_decoder.$proc$/work/src/ibex_decoder.v:186$2411'.
Creating decoders for process `$paramod$e6b6d8eec746808c1a487eeea1c00388e00f4eee\ibex_decoder.$proc$/work/src/ibex_decoder.v:682$2386'.
     1/49: $9\alu_op_a_mux_sel_o[1:0]
     2/49: $9\alu_op_b_mux_sel_o[0:0]
     3/49: $8\alu_op_a_mux_sel_o[1:0]
     4/49: $2\imm_a_mux_sel_o[0:0]
     5/49: $15\alu_operator_o[6:0]
     6/49: $8\imm_b_mux_sel_o[2:0]
     7/49: $8\alu_op_b_mux_sel_o[0:0]
     8/49: $7\alu_op_a_mux_sel_o[1:0]
     9/49: $7\alu_op_b_mux_sel_o[0:0]
    10/49: $6\alu_op_a_mux_sel_o[1:0]
    11/49: $14\alu_operator_o[6:0]
    12/49: $7\imm_b_mux_sel_o[2:0]
    13/49: $13\alu_operator_o[6:0]
    14/49: $3\div_sel_o[0:0]
    15/49: $3\mult_sel_o[0:0]
    16/49: $2\div_sel_o[0:0]
    17/49: $2\mult_sel_o[0:0]
    18/49: $12\alu_operator_o[6:0]
    19/49: $11\alu_operator_o[6:0]
    20/49: $10\alu_operator_o[6:0]
    21/49: $9\alu_operator_o[6:0]
    22/49: $8\alu_operator_o[6:0]
    23/49: $7\alu_operator_o[6:0]
    24/49: $6\alu_op_b_mux_sel_o[0:0]
    25/49: $6\imm_b_mux_sel_o[2:0]
    26/49: $6\alu_operator_o[6:0]
    27/49: $5\imm_b_mux_sel_o[2:0]
    28/49: $5\alu_op_b_mux_sel_o[0:0]
    29/49: $5\alu_op_a_mux_sel_o[1:0]
    30/49: $4\alu_op_b_mux_sel_o[0:0]
    31/49: $4\alu_op_a_mux_sel_o[1:0]
    32/49: $5\alu_operator_o[6:0]
    33/49: $4\imm_b_mux_sel_o[2:0]
    34/49: $4\alu_operator_o[6:0]
    35/49: $3\alu_operator_o[6:0]
    36/49: $3\imm_b_mux_sel_o[2:0]
    37/49: $3\alu_op_b_mux_sel_o[0:0]
    38/49: $3\alu_op_a_mux_sel_o[1:0]
    39/49: $2\alu_operator_o[6:0]
    40/49: $2\imm_b_mux_sel_o[2:0]
    41/49: $2\alu_op_b_mux_sel_o[0:0]
    42/49: $2\alu_op_a_mux_sel_o[1:0]
    43/49: $1\alu_op_b_mux_sel_o[0:0]
    44/49: $1\alu_op_a_mux_sel_o[1:0]
    45/49: $1\alu_operator_o[6:0]
    46/49: $1\imm_b_mux_sel_o[2:0]
    47/49: $1\div_sel_o[0:0]
    48/49: $1\mult_sel_o[0:0]
    49/49: $1\imm_a_mux_sel_o[0:0]
Creating decoders for process `$paramod$e6b6d8eec746808c1a487eeea1c00388e00f4eee\ibex_decoder.$proc$/work/src/ibex_decoder.v:228$2324'.
     1/253: $3\csr_access_o[0:0]
     2/253: $2\branch_in_dec_o[0:0]
     3/253: $8\jump_set_o[0:0]
     4/253: $5\jump_in_dec_o[0:0]
     5/253: $2\data_we_o[0:0]
     6/253: $7\data_req_o[0:0]
     7/253: $11\rf_we[0:0]
     8/253: $39\illegal_insn[0:0]
     9/253: $1\cheriot_operator_o[25:0] [25:23]
    10/253: $11\cheriot_adder_b_sel_o[1:0]
    11/253: $11\cheriot_adder_a_sel_o[2:0]
    12/253: $38\illegal_insn[0:0]
    13/253: $10\rf_we[0:0]
    14/253: $6\rf_ren_a_o[0:0]
    15/253: $11\instr_is_cheriot_o[0:0]
    16/253: $45\cheriot_operator_o[22:22]
    17/253: $1\cheriot_operator_o[25:0] [22]
    18/253: $44\cheriot_operator_o[9:9]
    19/253: $37\illegal_insn[0:0]
    20/253: $10\cheriot_setaddr_sel_o[2:0]
    21/253: $10\cheriot_adder_b_sel_o[1:0]
    22/253: $10\cheriot_adder_a_sel_o[2:0]
    23/253: $42\cheriot_operator_o[6:6]
    24/253: $36\illegal_insn[0:0]
    25/253: $8\cheriot_setbounds_sel_o[2:0]
    26/253: $43\cheriot_operator_o[9:9]
    27/253: $15\cheriot_operator_o[14:0] [9]
    28/253: $15\cheriot_operator_o[14:0] [6]
    29/253: $37\cheriot_operator_o[8:7] [1]
    30/253: $36\cheriot_operator_o[5:1] [3]
    31/253: $36\cheriot_operator_o[5:1] [1]
    32/253: $38\cheriot_operator_o[11:10] [0]
    33/253: $36\cheriot_operator_o[5:1] [2]
    34/253: $7\cheriot_setbounds_sel_o[2:0]
    35/253: $35\illegal_insn[0:0]
    36/253: $9\cheriot_setaddr_sel_o[2:0]
    37/253: $9\cheriot_adder_b_sel_o[1:0]
    38/253: $9\cheriot_adder_a_sel_o[2:0]
    39/253: $41\cheriot_operator_o[25:25]
    40/253: $40\cheriot_operator_o[16:16]
    41/253: $39\cheriot_operator_o[13:13]
    42/253: $36\cheriot_operator_o[5:1] [4]
    43/253: $37\cheriot_operator_o[8:7] [0]
    44/253: $36\cheriot_operator_o[5:1] [0]
    45/253: $8\cheriot_setaddr_sel_o[2:0]
    46/253: $34\cheriot_operator_o[18:18]
    47/253: $34\illegal_insn[0:0]
    48/253: $6\cheriot_setbounds_sel_o[2:0]
    49/253: $8\cheriot_adder_b_sel_o[1:0]
    50/253: $8\cheriot_adder_a_sel_o[2:0]
    51/253: $35\cheriot_operator_o[25:25]
    52/253: $33\cheriot_operator_o[16:16]
    53/253: $32\cheriot_operator_o[13:13]
    54/253: $31\cheriot_operator_o[11:10]
    55/253: $30\cheriot_operator_o[8:7]
    56/253: $29\cheriot_operator_o[5:1]
    57/253: $5\rf_ren_b_o[0:0]
    58/253: $21\cheriot_operator_o[14:10] [3]
    59/253: $21\cheriot_operator_o[14:10] [1:0]
    60/253: $32\illegal_insn[0:0]
    61/253: $4\cheriot_setbounds_sel_o[2:0]
    62/253: $4\cheriot_cap_field_sel_o[2:0]
    63/253: $24\cheriot_operator_o[25:23] [1:0]
    64/253: $21\cheriot_operator_o[14:10] [2]
    65/253: { $5\cheriot_cap_field_sel_o[2:0] $25\cheriot_operator_o[0:0] $33\illegal_insn[0:0] $5\cheriot_setbounds_sel_o[2:0] $28\cheriot_operator_o[24:23] $27\cheriot_operator_o[14:14] $26\cheriot_operator_o[12:12] }
    66/253: $19\cheriot_operator_o[5:0] [0]
    67/253: $7\cheriot_setaddr_sel_o[2:0]
    68/253: $7\cheriot_adder_b_sel_o[1:0]
    69/253: $7\cheriot_adder_a_sel_o[2:0]
    70/253: $24\cheriot_operator_o[25:23] [2]
    71/253: $23\cheriot_operator_o[18:18]
    72/253: $22\cheriot_operator_o[16:16]
    73/253: $21\cheriot_operator_o[14:10] [4]
    74/253: $20\cheriot_operator_o[8:7]
    75/253: $19\cheriot_operator_o[5:0] [5:1]
    76/253: $4\rf_ren_b_o[0:0]
    77/253: $31\illegal_insn[0:0]
    78/253: $3\cheriot_setbounds_sel_o[2:0]
    79/253: $6\cheriot_setaddr_sel_o[2:0]
    80/253: $6\cheriot_adder_b_sel_o[1:0]
    81/253: $6\cheriot_adder_a_sel_o[2:0]
    82/253: $3\cheriot_cap_field_sel_o[2:0]
    83/253: $18\cheriot_operator_o[25:23]
    84/253: $17\cheriot_operator_o[18:18]
    85/253: $16\cheriot_operator_o[16:16]
    86/253: $15\cheriot_operator_o[14:0] [8:7]
    87/253: $15\cheriot_operator_o[14:0] [5:0]
    88/253: $38\cheriot_operator_o[11:10] [1]
    89/253: $3\rf_ren_b_o[0:0]
    90/253: $15\cheriot_operator_o[14:0] [14:10]
    91/253: $30\illegal_insn[0:0]
    92/253: $2\cheriot_setbounds_sel_o[2:0]
    93/253: $5\cheriot_setaddr_sel_o[2:0]
    94/253: $5\cheriot_adder_b_sel_o[1:0]
    95/253: $5\cheriot_adder_a_sel_o[2:0]
    96/253: $2\cheriot_cap_field_sel_o[2:0]
    97/253: $14\cheriot_operator_o[25:23]
    98/253: $13\cheriot_operator_o[18:18]
    99/253: $12\cheriot_operator_o[16:16]
   100/253: $11\cheriot_operator_o[14:0]
   101/253: $2\rf_ren_b_o[0:0]
   102/253: $9\rf_we[0:0]
   103/253: $5\rf_ren_a_o[0:0]
   104/253: $10\instr_is_cheriot_o[0:0]
   105/253: $1\cheriot_operator_o[25:0] [20]
   106/253: $1\cheriot_operator_o[25:0] [21]
   107/253: $3\csr_illegal[0:0]
   108/253: $4\rf_ren_a_o[0:0]
   109/253: $29\illegal_insn[0:0]
   110/253: $3\ecall_insn_o[0:0]
   111/253: $28\illegal_insn[0:0]
   112/253: $3\wfi_insn_o[0:0]
   113/253: $3\dret_insn_o[0:0]
   114/253: $3\mret_insn_o[0:0]
   115/253: $3\ebrk_insn_o[0:0]
   116/253: $27\illegal_insn[0:0]
   117/253: $2\wfi_insn_o[0:0]
   118/253: $2\ecall_insn_o[0:0]
   119/253: $2\dret_insn_o[0:0]
   120/253: $2\mret_insn_o[0:0]
   121/253: $2\ebrk_insn_o[0:0]
   122/253: $8\rf_we[0:0]
   123/253: $2\csr_illegal[0:0]
   124/253: $2\csr_cheriot_always_ok_o[0:0]
   125/253: $2\rf_wdata_sel_o[0:0]
   126/253: $3\rf_ren_a_o[0:0]
   127/253: $2\csr_access_o[0:0]
   128/253: $2\csr_op[1:0]
   129/253: $1\cheriot_operator_o[25:0] [19]
   130/253: $7\jump_set_o[0:0]
   131/253: $7\rf_we[0:0]
   132/253: $26\illegal_insn[0:0]
   133/253: $4\jump_in_dec_o[0:0]
   134/253: $6\jump_set_o[0:0]
   135/253: $2\icache_inval_o[0:0]
   136/253: $1\cheriot_operator_o[25:0] [18]
   137/253: $3\multdiv_signed_mode_o[1:0]
   138/253: $3\multdiv_operator_o[1:0]
   139/253: $24\illegal_insn[0:0]
   140/253: $2\multdiv_signed_mode_o[1:0]
   141/253: $2\multdiv_operator_o[1:0]
   142/253: $1\cheriot_operator_o[25:0] [17]
   143/253: $22\illegal_insn[0:0]
   144/253: $21\illegal_insn[0:0]
   145/253: $20\illegal_insn[0:0]
   146/253: $19\illegal_insn[0:0]
   147/253: $18\illegal_insn[0:0]
   148/253: $17\illegal_insn[0:0]
   149/253: $16\illegal_insn[0:0]
   150/253: $15\illegal_insn[0:0]
   151/253: $14\illegal_insn[0:0]
   152/253: $1\cheriot_operator_o[25:0] [15]
   153/253: $4\cheriot_adder_b_sel_o[1:0]
   154/253: $4\cheriot_adder_a_sel_o[2:0]
   155/253: $6\rf_we[0:0]
   156/253: $13\illegal_insn[0:0]
   157/253: $9\instr_is_cheriot_o[0:0]
   158/253: $10\cheriot_operator_o[21:21]
   159/253: $1\cheriot_operator_o[25:0] [16]
   160/253: $11\cheriot_setaddr_sel_o[2:0]
   161/253: $6\data_req_o[0:0]
   162/253: $6\cheriot_data_req_o[0:0]
   163/253: $8\instr_is_cheriot_o[0:0]
   164/253: $9\cheriot_operator_o[15:15]
   165/253: $11\illegal_insn[0:0]
   166/253: $3\data_type_o[1:0]
   167/253: $10\illegal_insn[0:0]
   168/253: $7\instr_is_cheriot_o[0:0]
   169/253: $5\cheriot_data_req_o[0:0]
   170/253: $8\cheriot_operator_o[15:15]
   171/253: $5\data_req_o[0:0]
   172/253: $3\csr_op[1:0]
   173/253: $1\cheriot_operator_o[25:0] [14:0]
   174/253: $12\illegal_insn[0:0]
   175/253: $9\illegal_insn[0:0]
   176/253: $4\data_req_o[0:0]
   177/253: $4\cheriot_data_req_o[0:0]
   178/253: $6\instr_is_cheriot_o[0:0]
   179/253: $7\cheriot_operator_o[17:17]
   180/253: $8\illegal_insn[0:0]
   181/253: $5\instr_is_cheriot_o[0:0]
   182/253: $3\cheriot_data_req_o[0:0]
   183/253: $6\cheriot_operator_o[17:17]
   184/253: $3\data_req_o[0:0]
   185/253: $7\illegal_insn[0:0]
   186/253: $4\instr_is_cheriot_o[0:0]
   187/253: $2\cheriot_data_req_o[0:0]
   188/253: $5\cheriot_operator_o[17:17]
   189/253: $2\data_req_o[0:0]
   190/253: $9\cheriot_setbounds_sel_o[2:0]
   191/253: $4\cheriot_setaddr_sel_o[2:0]
   192/253: $2\data_type_o[1:0]
   193/253: $3\icache_inval_o[0:0]
   194/253: $5\jump_set_o[0:0]
   195/253: $5\rf_we[0:0]
   196/253: $4\illegal_insn[0:0]
   197/253: $4\cheriot_operator_o[19:19]
   198/253: $3\illegal_insn[0:0]
   199/253: $3\cheriot_setaddr_sel_o[2:0]
   200/253: $3\cheriot_adder_b_sel_o[1:0]
   201/253: $3\cheriot_adder_a_sel_o[2:0]
   202/253: $4\rf_we[0:0]
   203/253: $2\rf_ren_a_o[0:0]
   204/253: $3\instr_is_cheriot_o[0:0]
   205/253: $3\cheriot_operator_o[19:19]
   206/253: $3\jump_in_dec_o[0:0]
   207/253: $4\jump_set_o[0:0]
   208/253: $25\illegal_insn[0:0]
   209/253: $6\illegal_insn[0:0]
   210/253: $5\illegal_insn[0:0]
   211/253: $3\rf_we[0:0]
   212/253: $2\cheriot_setaddr_sel_o[2:0]
   213/253: $2\cheriot_adder_b_sel_o[1:0]
   214/253: $2\cheriot_adder_a_sel_o[2:0]
   215/253: $2\rf_we[0:0]
   216/253: $2\illegal_insn[0:0]
   217/253: $2\instr_is_cheriot_o[0:0]
   218/253: $2\cheriot_operator_o[20:20]
   219/253: $2\jump_in_dec_o[0:0]
   220/253: $2\jump_set_o[0:0]
   221/253: $1\rf_we[0:0]
   222/253: $1\illegal_insn[0:0]
   223/253: $1\instr_is_cheriot_o[0:0]
   224/253: $1\jump_in_dec_o[0:0]
   225/253: $1\jump_set_o[0:0]
   226/253: $1\cheriot_setaddr_sel_o[2:0]
   227/253: $1\cheriot_adder_b_sel_o[1:0]
   228/253: $1\cheriot_adder_a_sel_o[2:0]
   229/253: $23\illegal_insn[0:0]
   230/253: $1\csr_illegal[0:0]
   231/253: $1\branch_in_dec_o[0:0]
   232/253: $1\data_sign_extension_o[0:0]
   233/253: $1\data_type_o[1:0]
   234/253: $1\cheriot_data_req_o[0:0]
   235/253: $1\csr_cheriot_always_ok_o[0:0]
   236/253: $1\multdiv_signed_mode_o[1:0]
   237/253: $1\multdiv_operator_o[1:0]
   238/253: $1\rf_wdata_sel_o[0:0]
   239/253: $1\wfi_insn_o[0:0]
   240/253: $1\ecall_insn_o[0:0]
   241/253: $1\dret_insn_o[0:0]
   242/253: $1\mret_insn_o[0:0]
   243/253: $1\ebrk_insn_o[0:0]
   244/253: $1\cheriot_setbounds_sel_o[2:0]
   245/253: $1\cheriot_cap_field_sel_o[2:0]
   246/253: $3\jump_set_o[0:0]
   247/253: $1\rf_ren_b_o[0:0]
   248/253: $1\rf_ren_a_o[0:0]
   249/253: $1\csr_access_o[0:0]
   250/253: $1\icache_inval_o[0:0]
   251/253: $1\csr_op[1:0]
   252/253: $1\data_we_o[0:0]
   253/253: $1\data_req_o[0:0]
Creating decoders for process `$paramod$e6b6d8eec746808c1a487eeea1c00388e00f4eee\ibex_decoder.$proc$/work/src/ibex_decoder.v:221$2318'.
     1/1: $1\csr_op_o[1:0]
Creating decoders for process `$paramod$ad32fe27c0dd24fa98ff040673e62dee8d3b63ce\ibex_controller.$proc$/work/src/ibex_controller.v:0$2311'.
Creating decoders for process `$paramod$ad32fe27c0dd24fa98ff040673e62dee8d3b63ce\ibex_controller.$proc$/work/src/ibex_controller.v:779$2310'.
Creating decoders for process `$paramod$ad32fe27c0dd24fa98ff040673e62dee8d3b63ce\ibex_controller.$proc$/work/src/ibex_controller.v:776$2309'.
Creating decoders for process `$paramod$ad32fe27c0dd24fa98ff040673e62dee8d3b63ce\ibex_controller.$proc$/work/src/ibex_controller.v:773$2308'.
Creating decoders for process `$paramod$ad32fe27c0dd24fa98ff040673e62dee8d3b63ce\ibex_controller.$proc$/work/src/ibex_controller.v:770$2307'.
Creating decoders for process `$paramod$ad32fe27c0dd24fa98ff040673e62dee8d3b63ce\ibex_controller.$proc$/work/src/ibex_controller.v:279$2295'.
     1/45: $9\cheriot_asr_err_prio[0:0]
     2/45: $8\cheriot_ex_err_prio[0:0]
     3/45: $8\cheriot_asr_err_prio[0:0]
     4/45: $7\ebrk_insn_prio[0:0]
     5/45: $7\cheriot_asr_err_prio[0:0]
     6/45: $7\cheriot_ex_err_prio[0:0]
     7/45: $6\ecall_insn_prio[0:0]
     8/45: $6\cheriot_asr_err_prio[0:0]
     9/45: $6\cheriot_ex_err_prio[0:0]
    10/45: $6\ebrk_insn_prio[0:0]
    11/45: $5\illegal_insn_prio[0:0]
    12/45: $5\cheriot_asr_err_prio[0:0]
    13/45: $5\cheriot_ex_err_prio[0:0]
    14/45: $5\ebrk_insn_prio[0:0]
    15/45: $5\ecall_insn_prio[0:0]
    16/45: $4\instr_fetch_err_prio[0:0]
    17/45: $4\cheriot_asr_err_prio[0:0]
    18/45: $4\cheriot_ex_err_prio[0:0]
    19/45: $4\ebrk_insn_prio[0:0]
    20/45: $4\ecall_insn_prio[0:0]
    21/45: $4\illegal_insn_prio[0:0]
    22/45: $3\cheriot_wb_err_prio[0:0]
    23/45: $3\cheriot_asr_err_prio[0:0]
    24/45: $3\cheriot_ex_err_prio[0:0]
    25/45: $3\ebrk_insn_prio[0:0]
    26/45: $3\ecall_insn_prio[0:0]
    27/45: $3\illegal_insn_prio[0:0]
    28/45: $3\instr_fetch_err_prio[0:0]
    29/45: $2\load_err_prio[0:0]
    30/45: $2\cheriot_asr_err_prio[0:0]
    31/45: $2\cheriot_wb_err_prio[0:0]
    32/45: $2\cheriot_ex_err_prio[0:0]
    33/45: $2\ebrk_insn_prio[0:0]
    34/45: $2\ecall_insn_prio[0:0]
    35/45: $2\illegal_insn_prio[0:0]
    36/45: $2\instr_fetch_err_prio[0:0]
    37/45: $1\store_err_prio[0:0]
    38/45: $1\cheriot_asr_err_prio[0:0]
    39/45: $1\cheriot_wb_err_prio[0:0]
    40/45: $1\cheriot_ex_err_prio[0:0]
    41/45: $1\load_err_prio[0:0]
    42/45: $1\ebrk_insn_prio[0:0]
    43/45: $1\ecall_insn_prio[0:0]
    44/45: $1\illegal_insn_prio[0:0]
    45/45: $1\instr_fetch_err_prio[0:0]
Creating decoders for process `$paramod$ad32fe27c0dd24fa98ff040673e62dee8d3b63ce\ibex_controller.$proc$/work/src/ibex_controller.v:724$2291'.
     1/9: $0\illegal_insn_q[0:0]
     2/9: $0\exc_req_q[0:0]
     3/9: $0\store_err_q[0:0]
     4/9: $0\load_err_q[0:0]
     5/9: $0\enter_debug_mode_prio_q[0:0]
     6/9: $0\debug_mode_q[0:0]
     7/9: $0\do_single_step_q[0:0]
     8/9: $0\nmi_mode_q[0:0]
     9/9: $0\ctrl_fsm_cs[3:0]
Creating decoders for process `$paramod$ad32fe27c0dd24fa98ff040673e62dee8d3b63ce\ibex_controller.$proc$/work/src/ibex_controller.v:437$2204'.
     1/138: $8\halt_if[0:0]
     2/138: $17\ctrl_fsm_ns[3:0]
     3/138: $16\ctrl_fsm_ns[3:0]
     4/138: $4\csr_restore_dret_id_o[0:0]
     5/138: $4\debug_mode_d[0:0]
     6/138: $8\pc_set_o[0:0]
     7/138: $4\pc_mux_o[2:0]
     8/138: $15\ctrl_fsm_ns[3:0]
     9/138: $6\nmi_mode_d[0:0]
    10/138: $5\nmi_mode_d[0:0]
    11/138: $3\csr_restore_mret_id_o[0:0]
    12/138: $7\pc_set_o[0:0]
    13/138: $3\pc_mux_o[2:0]
    14/138: $3\debug_mode_d[0:0]
    15/138: $14\ctrl_fsm_ns[3:0]
    16/138: $3\csr_restore_dret_id_o[0:0]
    17/138: $17\csr_mtval_o[31:0]
    18/138: $18\exc_cause_o[6:0]
    19/138: $16\csr_mtval_o[31:0]
    20/138: $17\exc_cause_o[6:0]
    21/138: $15\csr_mtval_o[31:0]
    22/138: $16\exc_cause_o[6:0]
    23/138: $14\csr_mtval_o[31:0]
    24/138: $15\exc_cause_o[6:0]
    25/138: $13\csr_mtval_o[31:0]
    26/138: $14\exc_cause_o[6:0]
    27/138: $12\csr_mtval_o[31:0]
    28/138: $13\exc_cause_o[6:0]
    29/138: $11\csr_mtval_o[31:0]
    30/138: $12\exc_cause_o[6:0]
    31/138: $10\csr_mtval_o[31:0]
    32/138: $4\flush_id[0:0]
    33/138: $13\ctrl_fsm_ns[3:0]
    34/138: $6\csr_save_cause_o[0:0]
    35/138: $6\csr_save_id_o[0:0]
    36/138: $6\pc_set_o[0:0]
    37/138: $9\csr_mtval_o[31:0]
    38/138: $11\exc_cause_o[6:0]
    39/138: $5\csr_mepcc_clrtag_o[0:0]
    40/138: $8\csr_mtval_o[31:0]
    41/138: $10\exc_cause_o[6:0]
    42/138: $7\csr_mtval_o[31:0]
    43/138: $9\exc_cause_o[6:0]
    44/138: $4\csr_mepcc_clrtag_o[0:0]
    45/138: $6\csr_mtval_o[31:0]
    46/138: $3\csr_mepcc_clrtag_o[0:0]
    47/138: $8\exc_cause_o[6:0]
    48/138: $12\ctrl_fsm_ns[3:0]
    49/138: $3\flush_id[0:0]
    50/138: $5\csr_save_cause_o[0:0]
    51/138: $5\csr_save_id_o[0:0]
    52/138: $5\pc_set_o[0:0]
    53/138: $3\csr_save_wb_o[0:0]
    54/138: $4\csr_save_id_o[0:0]
    55/138: $11\ctrl_fsm_ns[3:0]
    56/138: $2\flush_id[0:0]
    57/138: $5\csr_mtval_o[31:0]
    58/138: $2\csr_mepcc_clrtag_o[0:0]
    59/138: $4\csr_save_cause_o[0:0]
    60/138: $3\csr_save_id_o[0:0]
    61/138: $7\exc_cause_o[6:0]
    62/138: $4\pc_set_o[0:0]
    63/138: $2\csr_save_wb_o[0:0]
    64/138: $2\exc_pc_mux_o[1:0]
    65/138: $2\pc_mux_o[2:0]
    66/138: $2\debug_mode_d[0:0]
    67/138: $4\nmi_mode_d[0:0]
    68/138: $2\csr_restore_dret_id_o[0:0]
    69/138: $2\csr_restore_mret_id_o[0:0]
    70/138: $2\debug_csr_save_o[0:0]
    71/138: $2\csr_save_id_o[0:0]
    72/138: $3\csr_save_cause_o[0:0]
    73/138: $6\exc_cause_o[6:0]
    74/138: $5\exc_cause_o[6:0]
    75/138: $4\exc_cause_o[6:0]
    76/138: $4\sv2v_cast_5$func$/work/src/ibex_controller.v:552$2115.$result[4:0]$2236
    77/138: $4\sv2v_cast_5$func$/work/src/ibex_controller.v:552$2115.inp[4:0]$2237
    78/138: $4\csr_mtval_o[31:0]
    79/138: $3\nmi_mode_d[0:0]
    80/138: $3\csr_mtval_o[31:0]
    81/138: $3\exc_cause_o[6:0]
    82/138: $3\sv2v_cast_5$func$/work/src/ibex_controller.v:552$2115.inp[4:0]$2231
    83/138: $3\sv2v_cast_5$func$/work/src/ibex_controller.v:552$2115.$result[4:0]$2230
    84/138: $2\sv2v_cast_5$func$/work/src/ibex_controller.v:552$2115.inp[4:0]$2227
    85/138: $2\sv2v_cast_5$func$/work/src/ibex_controller.v:552$2115.$result[4:0]$2226
    86/138: $2\nmi_mode_d[0:0]
    87/138: $2\csr_mtval_o[31:0]
    88/138: $2\exc_cause_o[6:0]
    89/138: $2\csr_save_cause_o[0:0]
    90/138: $2\csr_save_if_o[0:0]
    91/138: $3\pc_set_o[0:0]
    92/138: $7\halt_if[0:0]
    93/138: $10\ctrl_fsm_ns[3:0]
    94/138: $6\halt_if[0:0]
    95/138: $9\ctrl_fsm_ns[3:0]
    96/138: $5\halt_if[0:0]
    97/138: $8\ctrl_fsm_ns[3:0]
    98/138: $4\halt_if[0:0]
    99/138: $2\perf_jump_o[0:0]
   100/138: $2\perf_tbranch_o[0:0]
   101/138: $2\pc_set_o[0:0]
   102/138: $7\ctrl_fsm_ns[3:0]
   103/138: $6\ctrl_fsm_ns[3:0]
   104/138: $2\retain_id[0:0]
   105/138: $3\halt_if[0:0]
   106/138: $5\ctrl_fsm_ns[3:0]
   107/138: $2\halt_if[0:0]
   108/138: $4\ctrl_fsm_ns[3:0]
   109/138: $3\ctrl_fsm_ns[3:0]
   110/138: $2\ctrl_fsm_ns[3:0]
   111/138: $2\ctrl_busy_o[0:0]
   112/138: $1\ctrl_fsm_ns[3:0]
   113/138: $1\pc_set_o[0:0]
   114/138: $1\pc_mux_o[2:0]
   115/138: $1\instr_req_o[0:0]
   116/138: $1\sv2v_cast_5$func$/work/src/ibex_controller.v:552$2115.inp[4:0]$2208
   117/138: $1\sv2v_cast_5$func$/work/src/ibex_controller.v:552$2115.$result[4:0]$2207
   118/138: $1\retain_id[0:0]
   119/138: $1\halt_if[0:0]
   120/138: $1\debug_mode_d[0:0]
   121/138: $1\nmi_mode_d[0:0]
   122/138: $1\controller_run_o[0:0]
   123/138: $1\flush_id[0:0]
   124/138: $1\perf_tbranch_o[0:0]
   125/138: $1\perf_jump_o[0:0]
   126/138: $1\debug_csr_save_o[0:0]
   127/138: $1\debug_mode_entering_o[0:0]
   128/138: $1\csr_mtval_o[31:0]
   129/138: $1\csr_mepcc_clrtag_o[0:0]
   130/138: $1\csr_save_cause_o[0:0]
   131/138: $1\csr_restore_dret_id_o[0:0]
   132/138: $1\csr_restore_mret_id_o[0:0]
   133/138: $1\csr_save_wb_o[0:0]
   134/138: $1\csr_save_id_o[0:0]
   135/138: $1\csr_save_if_o[0:0]
   136/138: $1\exc_cause_o[6:0]
   137/138: $1\exc_pc_mux_o[1:0]
   138/138: $1\ctrl_busy_o[0:0]
Creating decoders for process `$paramod$ad32fe27c0dd24fa98ff040673e62dee8d3b63ce\ibex_controller.$proc$/work/src/ibex_controller.v:412$2202'.
     1/1: $0\debug_cause_q[2:0]
Creating decoders for process `$paramod$ad32fe27c0dd24fa98ff040673e62dee8d3b63ce\ibex_controller.$proc$/work/src/ibex_controller.v:399$2196'.
     1/15: $15\mfip_id[3:0]
     2/15: $14\mfip_id[3:0]
     3/15: $13\mfip_id[3:0]
     4/15: $12\mfip_id[3:0]
     5/15: $11\mfip_id[3:0]
     6/15: $10\mfip_id[3:0]
     7/15: $9\mfip_id[3:0]
     8/15: $8\mfip_id[3:0]
     9/15: $7\mfip_id[3:0]
    10/15: $6\mfip_id[3:0]
    11/15: $5\mfip_id[3:0]
    12/15: $4\mfip_id[3:0]
    13/15: $3\mfip_id[3:0]
    14/15: $2\mfip_id[3:0]
    15/15: $1\mfip_id[3:0]
Creating decoders for process `$paramod$7cc7cec1e088fedd9ad9b2063ed6f6f72cf9bb0e\ibex_compressed_decoder.$proc$/work/src/ibex_compressed_decoder.v:0$2114'.
Creating decoders for process `$paramod$7cc7cec1e088fedd9ad9b2063ed6f6f72cf9bb0e\ibex_compressed_decoder.$proc$/work/src/ibex_compressed_decoder.v:553$2111'.
     1/2: $0\cm_sp_offset_q[4:0]
     2/2: $0\cm_rlist_q[4:0]
Creating decoders for process `$paramod$7cc7cec1e088fedd9ad9b2063ed6f6f72cf9bb0e\ibex_compressed_decoder.$proc$/work/src/ibex_compressed_decoder.v:546$2108'.
     1/1: $0\cm_state_q[2:0]
Creating decoders for process `$paramod$7cc7cec1e088fedd9ad9b2063ed6f6f72cf9bb0e\ibex_compressed_decoder.$proc$/work/src/ibex_compressed_decoder.v:203$2065'.
     1/44: $20\instr_o[31:0]
     2/44: $24\illegal_instr_o[0:0]
     3/44: $23\illegal_instr_o[0:0]
     4/44: $22\illegal_instr_o[0:0]
     5/44: $19\instr_o[31:0]
     6/44: $18\instr_o[31:0]
     7/44: $21\illegal_instr_o[0:0]
     8/44: $17\instr_o[31:0]
     9/44: $20\illegal_instr_o[0:0]
    10/44: $19\illegal_instr_o[0:0]
    11/44: $16\instr_o[31:0]
    12/44: $18\illegal_instr_o[0:0]
    13/44: $17\illegal_instr_o[0:0]
    14/44: $15\instr_o[31:0]
    15/44: $16\illegal_instr_o[0:0]
    16/44: $15\illegal_instr_o[0:0]
    17/44: $14\instr_o[31:0]
    18/44: $14\illegal_instr_o[0:0]
    19/44: $13\instr_o[31:0]
    20/44: $13\illegal_instr_o[0:0]
    21/44: $12\illegal_instr_o[0:0]
    22/44: $12\instr_o[31:0]
    23/44: $11\illegal_instr_o[0:0]
    24/44: $10\illegal_instr_o[0:0]
    25/44: $11\instr_o[31:0]
    26/44: $9\illegal_instr_o[0:0]
    27/44: $10\instr_o[31:0]
    28/44: $8\illegal_instr_o[0:0]
    29/44: $9\instr_o[31:0]
    30/44: $8\instr_o[31:0]
    31/44: $7\instr_o[31:0]
    32/44: $6\instr_o[31:0]
    33/44: $7\illegal_instr_o[0:0]
    34/44: $5\instr_o[31:0]
    35/44: $6\illegal_instr_o[0:0]
    36/44: $5\illegal_instr_o[0:0]
    37/44: $4\instr_o[31:0]
    38/44: $4\illegal_instr_o[0:0]
    39/44: $3\illegal_instr_o[0:0]
    40/44: $3\instr_o[31:0]
    41/44: $2\illegal_instr_o[0:0]
    42/44: $2\instr_o[31:0]
    43/44: $1\illegal_instr_o[0:0]
    44/44: $1\instr_o[31:0]
Creating decoders for process `$paramod\ibex_prefetch_buffer\ResetAll=1'1.$proc$/work/src/ibex_prefetch_buffer.v:123$2047'.
     1/1: $0\fetch_addr_q[31:0]
Creating decoders for process `$paramod\ibex_prefetch_buffer\ResetAll=1'1.$proc$/work/src/ibex_prefetch_buffer.v:107$2045'.
     1/1: $0\stored_addr_q[31:0]
Creating decoders for process `$paramod\ibex_prefetch_buffer\ResetAll=1'1.$proc$/work/src/ibex_prefetch_buffer.v:155$2043'.
     1/4: $0\branch_discard_q[1:0]
     2/4: $0\rdata_outstanding_q[1:0]
     3/4: $0\discard_req_q[0:0]
     4/4: $0\valid_req_q[0:0]
Creating decoders for process `$paramod$02c313747c8f25d335ac7182387c56521505fa11\ibex_core.$proc$/work/src/ibex_core.v:0$2011'.
Creating decoders for process `$paramod$02c313747c8f25d335ac7182387c56521505fa11\ibex_core.$proc$/work/src/ibex_core.v:0$2005'.
Creating decoders for process `$paramod$02c313747c8f25d335ac7182387c56521505fa11\ibex_core.$proc$/work/src/ibex_core.v:0$1954'.
Creating decoders for process `$paramod$02c313747c8f25d335ac7182387c56521505fa11\ibex_core.$proc$/work/src/ibex_core.v:0$1948'.
Creating decoders for process `$paramod$b9b2e5d491bd09fc2169df619ac80edcbdafa2a9\ibex_id_stage.$proc$/work/src/ibex_id_stage.v:0$1810'.
Creating decoders for process `$paramod$b9b2e5d491bd09fc2169df619ac80edcbdafa2a9\ibex_id_stage.$proc$/work/src/ibex_id_stage.v:710$1737'.
     1/1: $0\g_branch_set_flop.branch_set_raw_q[0:0]
Creating decoders for process `$paramod$b9b2e5d491bd09fc2169df619ac80edcbdafa2a9\ibex_id_stage.$proc$/work/src/ibex_id_stage.v:489$1735'.
     1/1: $0\imd_val_q[33:0]
Creating decoders for process `$paramod$b9b2e5d491bd09fc2169df619ac80edcbdafa2a9\ibex_id_stage.$proc$/work/src/ibex_id_stage.v:489$1733'.
     1/1: $0\imd_val_q[67:34]
Creating decoders for process `$paramod$b9b2e5d491bd09fc2169df619ac80edcbdafa2a9\ibex_id_stage.$proc$/work/src/ibex_id_stage.v:467$1731'.
     1/1: $1\imm_b[31:0]
Creating decoders for process `$paramod$b9b2e5d491bd09fc2169df619ac80edcbdafa2a9\ibex_id_stage.$proc$/work/src/ibex_id_stage.v:466$1730'.
Creating decoders for process `$paramod$b9b2e5d491bd09fc2169df619ac80edcbdafa2a9\ibex_id_stage.$proc$/work/src/ibex_id_stage.v:463$1729'.
Creating decoders for process `$paramod$b9b2e5d491bd09fc2169df619ac80edcbdafa2a9\ibex_id_stage.$proc$/work/src/ibex_id_stage.v:754$1678'.
     1/40: $10\id_fsm_d[0:0]
     2/40: $4\stall_jump[0:0]
     3/40: $4\stall_branch[0:0]
     4/40: $5\stall_multdiv[0:0]
     5/40: $5\rf_we_raw[0:0]
     6/40: $4\stall_multdiv[0:0]
     7/40: $4\rf_we_raw[0:0]
     8/40: $9\id_fsm_d[0:0]
     9/40: $8\id_fsm_d[0:0]
    10/40: $7\id_fsm_d[0:0]
    11/40: $6\id_fsm_d[0:0]
    12/40: $5\id_fsm_d[0:0]
    13/40: $4\id_fsm_d[0:0]
    14/40: $3\id_fsm_d[0:0]
    15/40: $3\stall_alu[0:0]
    16/40: $3\rf_we_raw[0:0]
    17/40: $3\stall_jump[0:0]
    18/40: $3\stall_branch[0:0]
    19/40: $3\stall_multdiv[0:0]
    20/40: $3\jump_set_raw[0:0]
    21/40: $3\branch_set_raw_d[0:0]
    22/40: $3\perf_branch_o[0:0]
    23/40: $2\id_fsm_d[0:0]
    24/40: $2\stall_alu[0:0]
    25/40: $2\rf_we_raw[0:0]
    26/40: $2\stall_jump[0:0]
    27/40: $2\stall_branch[0:0]
    28/40: $2\stall_multdiv[0:0]
    29/40: $2\jump_set_raw[0:0]
    30/40: $2\branch_set_raw_d[0:0]
    31/40: $2\perf_branch_o[0:0]
    32/40: $1\id_fsm_d[0:0]
    33/40: $1\stall_alu[0:0]
    34/40: $1\rf_we_raw[0:0]
    35/40: $1\stall_jump[0:0]
    36/40: $1\stall_branch[0:0]
    37/40: $1\stall_multdiv[0:0]
    38/40: $1\jump_set_raw[0:0]
    39/40: $1\branch_set_raw_d[0:0]
    40/40: $1\perf_branch_o[0:0]
Creating decoders for process `$paramod$b9b2e5d491bd09fc2169df619ac80edcbdafa2a9\ibex_id_stage.$proc$/work/src/ibex_id_stage.v:748$1676'.
     1/1: $0\id_fsm_q[0:0]
Creating decoders for process `$paramod$b9b2e5d491bd09fc2169df619ac80edcbdafa2a9\ibex_id_stage.$proc$/work/src/ibex_id_stage.v:719$1670'.
     1/1: $0\branch_jump_set_done_q[0:0]
Creating decoders for process `$paramod$b9b2e5d491bd09fc2169df619ac80edcbdafa2a9\ibex_id_stage.$proc$/work/src/ibex_id_stage.v:499$1632'.
     1/1: $1\rf_wdata_id_o[31:0]
Creating decoders for process `$paramod$b9b2e5d491bd09fc2169df619ac80edcbdafa2a9\ibex_id_stage.$proc$/work/src/ibex_id_stage.v:406$1626'.
     1/1: $1\alu_operand_a[31:0]
Creating decoders for process `$paramod$a1f82ff8dd7f02ea405ce72f1e83a511ee16121c\ibex_load_store_unit.$proc$/work/src/ibex_load_store_unit.v:0$1603'.
Creating decoders for process `$paramod$a1f82ff8dd7f02ea405ce72f1e83a511ee16121c\ibex_load_store_unit.$proc$/work/src/ibex_load_store_unit.v:527$1554'.
     1/11: $0\cap_rx_fsm_q[2:0]
     2/11: $0\cheriot_err_q[0:0]
     3/11: $0\lsu_err_q[0:0]
     4/11: $0\pmp_err_q[0:0]
     5/11: $0\handle_misaligned_q[0:0]
     6/11: $0\ls_fsm_cs[3:0]
     7/11: $0\cap_lsw_tag_q[0:0]
     8/11: $0\cap_lsw_data_q[31:0]
     9/11: $0\cap_lsw_err_q[0:0]
    10/11: $0\resp_lc_clrperm_q[2:0]
    11/11: $0\resp_is_cap_q[0:0]
Creating decoders for process `$paramod$a1f82ff8dd7f02ea405ce72f1e83a511ee16121c\ibex_load_store_unit.$proc$/work/src/ibex_load_store_unit.v:504$1545'.
     1/5: $5\cap_rx_fsm_d[2:0]
     2/5: $4\cap_rx_fsm_d[2:0]
     3/5: $3\cap_rx_fsm_d[2:0]
     4/5: $2\cap_rx_fsm_d[2:0]
     5/5: $1\cap_rx_fsm_d[2:0]
Creating decoders for process `$paramod$a1f82ff8dd7f02ea405ce72f1e83a511ee16121c\ibex_load_store_unit.$proc$/work/src/ibex_load_store_unit.v:356$1512'.
     1/94: $18\ls_fsm_ns[3:0]
     2/94: $17\ls_fsm_ns[3:0]
     3/94: $7\data_req_o[0:0]
     4/94: $4\addr_incr_req_o[0:0]
     5/94: $16\ls_fsm_ns[3:0]
     6/94: $15\ls_fsm_ns[3:0]
     7/94: $14\ls_fsm_ns[3:0]
     8/94: $6\data_req_o[0:0]
     9/94: $3\addr_incr_req_o[0:0]
    10/94: $12\addr_update[0:0]
    11/94: $10\ctrl_update[0:0]
    12/94: $13\ls_fsm_ns[3:0]
    13/94: $12\ls_fsm_ns[3:0]
    14/94: $9\ctrl_update[0:0]
    15/94: $11\addr_update[0:0]
    16/94: $5\data_req_o[0:0]
    17/94: $2\addr_incr_req_o[0:0]
    18/94: $11\ls_fsm_ns[3:0]
    19/94: $3\rdata_update[0:0]
    20/94: $10\addr_update[0:0]
    21/94: $6\lsu_err_d[0:0]
    22/94: $6\pmp_err_d[0:0]
    23/94: $9\handle_misaligned_d[0:0]
    24/94: $10\ls_fsm_ns[3:0]
    25/94: $9\addr_update[0:0]
    26/94: $8\ctrl_update[0:0]
    27/94: $8\handle_misaligned_d[0:0]
    28/94: $9\ls_fsm_ns[3:0]
    29/94: $7\handle_misaligned_d[0:0]
    30/94: $8\addr_update[0:0]
    31/94: $8\ls_fsm_ns[3:0]
    32/94: $2\rdata_update[0:0]
    33/94: $5\lsu_err_d[0:0]
    34/94: $5\pmp_err_d[0:0]
    35/94: $7\ls_fsm_ns[3:0]
    36/94: $6\handle_misaligned_d[0:0]
    37/94: $7\ctrl_update[0:0]
    38/94: $7\addr_update[0:0]
    39/94: $6\ls_fsm_ns[3:0]
    40/94: $5\handle_misaligned_d[0:0]
    41/94: $6\addr_update[0:0]
    42/94: $6\ctrl_update[0:0]
    43/94: $5\ls_fsm_ns[3:0]
    44/94: $4\handle_misaligned_d[0:0]
    45/94: $5\ctrl_update[0:0]
    46/94: $5\addr_update[0:0]
    47/94: $4\lsu_go[0:0]
    48/94: $4\perf_store_o[0:0]
    49/94: $4\perf_load_o[0:0]
    50/94: $4\lsu_err_d[0:0]
    51/94: $4\pmp_err_d[0:0]
    52/94: $4\cheriot_err_d[0:0]
    53/94: $4\data_req_o[0:0]
    54/94: $4\ls_fsm_ns[3:0]
    55/94: $4\addr_update[0:0]
    56/94: $4\ctrl_update[0:0]
    57/94: $3\ls_fsm_ns[3:0]
    58/94: $3\ctrl_update[0:0]
    59/94: $3\addr_update[0:0]
    60/94: $3\lsu_go_goodcap[0:0]
    61/94: $3\lsu_go[0:0]
    62/94: $3\perf_store_o[0:0]
    63/94: $3\perf_load_o[0:0]
    64/94: $3\lsu_err_d[0:0]
    65/94: $3\pmp_err_d[0:0]
    66/94: $3\cheriot_err_d[0:0]
    67/94: $3\data_req_o[0:0]
    68/94: $3\handle_misaligned_d[0:0]
    69/94: $2\ls_fsm_ns[3:0]
    70/94: $2\lsu_go[0:0]
    71/94: $2\perf_load_o[0:0]
    72/94: $2\lsu_err_d[0:0]
    73/94: $2\pmp_err_d[0:0]
    74/94: $2\addr_update[0:0]
    75/94: $2\ctrl_update[0:0]
    76/94: $2\cheriot_err_d[0:0]
    77/94: $2\data_req_o[0:0]
    78/94: $2\lsu_go_goodcap[0:0]
    79/94: $2\handle_misaligned_d[0:0]
    80/94: $2\perf_store_o[0:0]
    81/94: $1\ls_fsm_ns[3:0]
    82/94: $1\lsu_go_goodcap[0:0]
    83/94: $1\lsu_go[0:0]
    84/94: $1\cheriot_err_d[0:0]
    85/94: $1\lsu_err_d[0:0]
    86/94: $1\pmp_err_d[0:0]
    87/94: $1\handle_misaligned_d[0:0]
    88/94: $1\ctrl_update[0:0]
    89/94: $1\addr_update[0:0]
    90/94: $1\perf_store_o[0:0]
    91/94: $1\perf_load_o[0:0]
    92/94: $1\data_req_o[0:0]
    93/94: $1\rdata_update[0:0]
    94/94: $1\addr_incr_req_o[0:0]
Creating decoders for process `$paramod$a1f82ff8dd7f02ea405ce72f1e83a511ee16121c\ibex_load_store_unit.$proc$/work/src/ibex_load_store_unit.v:322$1497'.
     1/1: $1\data_rdata_ext[31:0]
Creating decoders for process `$paramod$a1f82ff8dd7f02ea405ce72f1e83a511ee16121c\ibex_load_store_unit.$proc$/work/src/ibex_load_store_unit.v:294$1492'.
     1/5: $5\rdata_b_ext[31:0]
     2/5: $4\rdata_b_ext[31:0]
     3/5: $3\rdata_b_ext[31:0]
     4/5: $2\rdata_b_ext[31:0]
     5/5: $1\rdata_b_ext[31:0]
Creating decoders for process `$paramod$a1f82ff8dd7f02ea405ce72f1e83a511ee16121c\ibex_load_store_unit.$proc$/work/src/ibex_load_store_unit.v:266$1487'.
     1/5: $5\rdata_h_ext[31:0]
     2/5: $4\rdata_h_ext[31:0]
     3/5: $3\rdata_h_ext[31:0]
     4/5: $2\rdata_h_ext[31:0]
     5/5: $1\rdata_h_ext[31:0]
Creating decoders for process `$paramod$a1f82ff8dd7f02ea405ce72f1e83a511ee16121c\ibex_load_store_unit.$proc$/work/src/ibex_load_store_unit.v:254$1486'.
     1/1: $1\rdata_w_ext[31:0]
Creating decoders for process `$paramod$a1f82ff8dd7f02ea405ce72f1e83a511ee16121c\ibex_load_store_unit.$proc$/work/src/ibex_load_store_unit.v:249$1484'.
     1/1: $0\addr_last_q[31:0]
Creating decoders for process `$paramod$a1f82ff8dd7f02ea405ce72f1e83a511ee16121c\ibex_load_store_unit.$proc$/work/src/ibex_load_store_unit.v:235$1481'.
     1/4: $0\data_we_q[0:0]
     2/4: $0\data_sign_ext_q[0:0]
     3/4: $0\data_type_q[1:0]
     4/4: $0\rdata_offset_q[1:0]
Creating decoders for process `$paramod$a1f82ff8dd7f02ea405ce72f1e83a511ee16121c\ibex_load_store_unit.$proc$/work/src/ibex_load_store_unit.v:230$1479'.
     1/1: $0\rdata_q[23:0]
Creating decoders for process `$paramod$a1f82ff8dd7f02ea405ce72f1e83a511ee16121c\ibex_load_store_unit.$proc$/work/src/ibex_load_store_unit.v:214$1461'.
     1/13: $1\data_wdata_tag[0:0]
     2/13: $2\data_wdata_tag[0:0]
     3/13: $2\data_wdata_data[31:0]
     4/13: $2\ibex_cheriot_pkg_cheriot_cap_to_mem$func$/work/src/ibex_load_store_unit.v:219$1449.$result[32:0]$1475
     5/13: $2\ibex_cheriot_pkg_cheriot_cap_to_mem$func$/work/src/ibex_load_store_unit.v:219$1449.unused_cap_corr[1:0]$1478
     6/13: $2\ibex_cheriot_pkg_cheriot_cap_to_mem$func$/work/src/ibex_load_store_unit.v:219$1449.cap_bits[34:0]$1477
     7/13: $2\ibex_cheriot_pkg_cheriot_cap_to_mem$func$/work/src/ibex_load_store_unit.v:219$1449.cap[34:0]$1476
     8/13: $1\ibex_cheriot_pkg_cheriot_cap_to_mem$func$/work/src/ibex_load_store_unit.v:219$1449.unused_cap_corr[1:0]$1472
     9/13: $1\ibex_cheriot_pkg_cheriot_cap_to_mem$func$/work/src/ibex_load_store_unit.v:219$1449.cap_bits[34:0]$1471
    10/13: $1\ibex_cheriot_pkg_cheriot_cap_to_mem$func$/work/src/ibex_load_store_unit.v:219$1449.cap[34:0]$1470
    11/13: $1\ibex_cheriot_pkg_cheriot_cap_to_mem$func$/work/src/ibex_load_store_unit.v:219$1449.$result[32:0]$1469
    12/13: $1\data_wdata_data[31:0]
    13/13: { $3\data_wdata_tag[0:0] $3\data_wdata_data[31:0] }
Creating decoders for process `$paramod$a1f82ff8dd7f02ea405ce72f1e83a511ee16121c\ibex_load_store_unit.$proc$/work/src/ibex_load_store_unit.v:191$1460'.
     1/1: $1\wdata_int[31:0]
Creating decoders for process `$paramod$a1f82ff8dd7f02ea405ce72f1e83a511ee16121c\ibex_load_store_unit.$proc$/work/src/ibex_load_store_unit.v:139$1454'.
     1/8: $8\data_be[3:0]
     2/8: $7\data_be[3:0]
     3/8: $6\data_be[3:0]
     4/8: $5\data_be[3:0]
     5/8: $4\data_be[3:0]
     6/8: $3\data_be[3:0]
     7/8: $2\data_be[3:0]
     8/8: $1\data_be[3:0]
Creating decoders for process `$paramod\ibex_wb_stage\ResetAll=1'1\WritebackStage=1'1\DummyInstructions=1'0.$proc$/work/src/ibex_wb_stage.v:0$1442'.
Creating decoders for process `$paramod\ibex_wb_stage\ResetAll=1'1\WritebackStage=1'1\DummyInstructions=1'0.$proc$/work/src/ibex_wb_stage.v:134$1411'.
     1/13: $0\g_writeback_stage.cheriot_rf_wcap_q[34:0]
     2/13: $0\g_writeback_stage.cheriot_rf_wdata_q[31:0]
     3/13: $0\g_writeback_stage.cheriot_rf_we_q[0:0]
     4/13: $0\g_writeback_stage.wb_cheriot_store_q[0:0]
     5/13: $0\g_writeback_stage.wb_cheriot_load_q[0:0]
     6/13: $0\g_writeback_stage.wb_is_cheriot_q[0:0]
     7/13: $0\g_writeback_stage.wb_instr_type_q[1:0]
     8/13: $0\g_writeback_stage.wb_count_q[0:0]
     9/13: $0\g_writeback_stage.wb_compressed_q[0:0]
    10/13: $0\g_writeback_stage.wb_pc_q[31:0]
    11/13: $0\g_writeback_stage.rf_waddr_wb_q[4:0]
    12/13: $0\g_writeback_stage.rf_we_wb_q[0:0]
    13/13: $0\g_writeback_stage.rf_wdata_wb_q[31:0]
Creating decoders for process `$paramod\ibex_wb_stage\ResetAll=1'1\WritebackStage=1'1\DummyInstructions=1'0.$proc$/work/src/ibex_wb_stage.v:128$1409'.
     1/1: $0\g_writeback_stage.wb_valid_q[0:0]
Creating decoders for process `$paramod$5714e31d82f2b8816750797f158ebea69a089104\ibex_csr.$proc$/work/src/ibex_csr.v:19$2500'.
     1/1: $0\rdata_q[5:0]
Creating decoders for process `$paramod$9965f29857664148d24e0207d195fc610cce17ac\ibex_if_stage.$proc$/work/src/ibex_if_stage.v:0$1917'.
Creating decoders for process `$paramod$9965f29857664148d24e0207d195fc610cce17ac\ibex_if_stage.$proc$/work/src/ibex_if_stage.v:560$1909'.
Creating decoders for process `$paramod$9965f29857664148d24e0207d195fc610cce17ac\ibex_if_stage.$proc$/work/src/ibex_if_stage.v:557$1908'.
Creating decoders for process `$paramod$9965f29857664148d24e0207d195fc610cce17ac\ibex_if_stage.$proc$/work/src/ibex_if_stage.v:493$1906'.
     1/10: $0\pc_id_o[31:0]
     2/10: $0\illegal_c_insn_id_o[0:0]
     3/10: $0\instr_fetch_err_plus2_o[0:0]
     4/10: $0\instr_fetch_err_o[0:0]
     5/10: $0\instr_expanded_id_o[15:0]
     6/10: $0\instr_gets_expanded_id_o[1:0]
     7/10: $0\instr_is_compressed_id_o[0:0]
     8/10: $0\instr_rdata_c_id_o[15:0]
     9/10: $0\instr_rdata_alu_id_o[31:0]
    10/10: $0\instr_rdata_id_o[31:0]
Creating decoders for process `$paramod$9965f29857664148d24e0207d195fc610cce17ac\ibex_if_stage.$proc$/work/src/ibex_if_stage.v:474$1905'.
Creating decoders for process `$paramod$9965f29857664148d24e0207d195fc610cce17ac\ibex_if_stage.$proc$/work/src/ibex_if_stage.v:479$1901'.
     1/2: $0\instr_new_id_q[0:0]
     2/2: $0\instr_valid_id_q[0:0]
Creating decoders for process `$paramod$9965f29857664148d24e0207d195fc610cce17ac\ibex_if_stage.$proc$/work/src/ibex_if_stage.v:254$1823'.
     1/1: $1\fetch_addr_n[31:0]
Creating decoders for process `$paramod$9965f29857664148d24e0207d195fc610cce17ac\ibex_if_stage.$proc$/work/src/ibex_if_stage.v:238$1812'.
     1/2: $1\exc_pc[31:0]
     2/2: $1\irq_vec[4:0]
Creating decoders for process `$paramod$40ece52504ff00c302be66a0111a4ec3d1608ab5\ibex_register_file_ff.$proc$/work/src/ibex_register_file_ff.v:0$988'.
Creating decoders for process `$paramod$40ece52504ff00c302be66a0111a4ec3d1608ab5\ibex_register_file_ff.$proc$/work/src/ibex_register_file_ff.v:0$985'.
     1/1: $1$mem2reg_rd$\g_plain_rf.rf_reg$/work/src/ibex_register_file_ff.v:195$850_DATA[31:0]$987
Creating decoders for process `$paramod$40ece52504ff00c302be66a0111a4ec3d1608ab5\ibex_register_file_ff.$proc$/work/src/ibex_register_file_ff.v:0$982'.
     1/1: $1$mem2reg_rd$\g_plain_rf.rf_reg$/work/src/ibex_register_file_ff.v:194$849_DATA[31:0]$984
Creating decoders for process `$paramod$40ece52504ff00c302be66a0111a4ec3d1608ab5\ibex_register_file_ff.$proc$/work/src/ibex_register_file_ff.v:0$981'.
Creating decoders for process `$paramod$40ece52504ff00c302be66a0111a4ec3d1608ab5\ibex_register_file_ff.$proc$/work/src/ibex_register_file_ff.v:171$976'.
     1/1: $0\g_plain_rf.g_rf_flops[31].rf_reg_q[31:0]
Creating decoders for process `$paramod$40ece52504ff00c302be66a0111a4ec3d1608ab5\ibex_register_file_ff.$proc$/work/src/ibex_register_file_ff.v:171$974'.
     1/1: $0\g_plain_rf.g_rf_flops[30].rf_reg_q[31:0]
Creating decoders for process `$paramod$40ece52504ff00c302be66a0111a4ec3d1608ab5\ibex_register_file_ff.$proc$/work/src/ibex_register_file_ff.v:171$972'.
     1/1: $0\g_plain_rf.g_rf_flops[29].rf_reg_q[31:0]
Creating decoders for process `$paramod$40ece52504ff00c302be66a0111a4ec3d1608ab5\ibex_register_file_ff.$proc$/work/src/ibex_register_file_ff.v:171$970'.
     1/1: $0\g_plain_rf.g_rf_flops[28].rf_reg_q[31:0]
Creating decoders for process `$paramod$40ece52504ff00c302be66a0111a4ec3d1608ab5\ibex_register_file_ff.$proc$/work/src/ibex_register_file_ff.v:171$968'.
     1/1: $0\g_plain_rf.g_rf_flops[27].rf_reg_q[31:0]
Creating decoders for process `$paramod$40ece52504ff00c302be66a0111a4ec3d1608ab5\ibex_register_file_ff.$proc$/work/src/ibex_register_file_ff.v:171$966'.
     1/1: $0\g_plain_rf.g_rf_flops[26].rf_reg_q[31:0]
Creating decoders for process `$paramod$40ece52504ff00c302be66a0111a4ec3d1608ab5\ibex_register_file_ff.$proc$/work/src/ibex_register_file_ff.v:171$964'.
     1/1: $0\g_plain_rf.g_rf_flops[25].rf_reg_q[31:0]
Creating decoders for process `$paramod$40ece52504ff00c302be66a0111a4ec3d1608ab5\ibex_register_file_ff.$proc$/work/src/ibex_register_file_ff.v:171$962'.
     1/1: $0\g_plain_rf.g_rf_flops[24].rf_reg_q[31:0]
Creating decoders for process `$paramod$40ece52504ff00c302be66a0111a4ec3d1608ab5\ibex_register_file_ff.$proc$/work/src/ibex_register_file_ff.v:171$960'.
     1/1: $0\g_plain_rf.g_rf_flops[23].rf_reg_q[31:0]
Creating decoders for process `$paramod$40ece52504ff00c302be66a0111a4ec3d1608ab5\ibex_register_file_ff.$proc$/work/src/ibex_register_file_ff.v:171$958'.
     1/1: $0\g_plain_rf.g_rf_flops[22].rf_reg_q[31:0]
Creating decoders for process `$paramod$40ece52504ff00c302be66a0111a4ec3d1608ab5\ibex_register_file_ff.$proc$/work/src/ibex_register_file_ff.v:171$956'.
     1/1: $0\g_plain_rf.g_rf_flops[21].rf_reg_q[31:0]
Creating decoders for process `$paramod$40ece52504ff00c302be66a0111a4ec3d1608ab5\ibex_register_file_ff.$proc$/work/src/ibex_register_file_ff.v:171$954'.
     1/1: $0\g_plain_rf.g_rf_flops[20].rf_reg_q[31:0]
Creating decoders for process `$paramod$40ece52504ff00c302be66a0111a4ec3d1608ab5\ibex_register_file_ff.$proc$/work/src/ibex_register_file_ff.v:171$952'.
     1/1: $0\g_plain_rf.g_rf_flops[19].rf_reg_q[31:0]
Creating decoders for process `$paramod$40ece52504ff00c302be66a0111a4ec3d1608ab5\ibex_register_file_ff.$proc$/work/src/ibex_register_file_ff.v:171$950'.
     1/1: $0\g_plain_rf.g_rf_flops[18].rf_reg_q[31:0]
Creating decoders for process `$paramod$40ece52504ff00c302be66a0111a4ec3d1608ab5\ibex_register_file_ff.$proc$/work/src/ibex_register_file_ff.v:171$948'.
     1/1: $0\g_plain_rf.g_rf_flops[17].rf_reg_q[31:0]
Creating decoders for process `$paramod$40ece52504ff00c302be66a0111a4ec3d1608ab5\ibex_register_file_ff.$proc$/work/src/ibex_register_file_ff.v:171$946'.
     1/1: $0\g_plain_rf.g_rf_flops[16].rf_reg_q[31:0]
Creating decoders for process `$paramod$40ece52504ff00c302be66a0111a4ec3d1608ab5\ibex_register_file_ff.$proc$/work/src/ibex_register_file_ff.v:171$944'.
     1/1: $0\g_plain_rf.g_rf_flops[15].rf_reg_q[31:0]
Creating decoders for process `$paramod$40ece52504ff00c302be66a0111a4ec3d1608ab5\ibex_register_file_ff.$proc$/work/src/ibex_register_file_ff.v:171$942'.
     1/1: $0\g_plain_rf.g_rf_flops[14].rf_reg_q[31:0]
Creating decoders for process `$paramod$40ece52504ff00c302be66a0111a4ec3d1608ab5\ibex_register_file_ff.$proc$/work/src/ibex_register_file_ff.v:171$940'.
     1/1: $0\g_plain_rf.g_rf_flops[13].rf_reg_q[31:0]
Creating decoders for process `$paramod$40ece52504ff00c302be66a0111a4ec3d1608ab5\ibex_register_file_ff.$proc$/work/src/ibex_register_file_ff.v:171$938'.
     1/1: $0\g_plain_rf.g_rf_flops[12].rf_reg_q[31:0]
Creating decoders for process `$paramod$40ece52504ff00c302be66a0111a4ec3d1608ab5\ibex_register_file_ff.$proc$/work/src/ibex_register_file_ff.v:171$936'.
     1/1: $0\g_plain_rf.g_rf_flops[11].rf_reg_q[31:0]
Creating decoders for process `$paramod$40ece52504ff00c302be66a0111a4ec3d1608ab5\ibex_register_file_ff.$proc$/work/src/ibex_register_file_ff.v:171$934'.
     1/1: $0\g_plain_rf.g_rf_flops[10].rf_reg_q[31:0]
Creating decoders for process `$paramod$40ece52504ff00c302be66a0111a4ec3d1608ab5\ibex_register_file_ff.$proc$/work/src/ibex_register_file_ff.v:171$932'.
     1/1: $0\g_plain_rf.g_rf_flops[9].rf_reg_q[31:0]
Creating decoders for process `$paramod$40ece52504ff00c302be66a0111a4ec3d1608ab5\ibex_register_file_ff.$proc$/work/src/ibex_register_file_ff.v:171$930'.
     1/1: $0\g_plain_rf.g_rf_flops[8].rf_reg_q[31:0]
Creating decoders for process `$paramod$40ece52504ff00c302be66a0111a4ec3d1608ab5\ibex_register_file_ff.$proc$/work/src/ibex_register_file_ff.v:171$928'.
     1/1: $0\g_plain_rf.g_rf_flops[7].rf_reg_q[31:0]
Creating decoders for process `$paramod$40ece52504ff00c302be66a0111a4ec3d1608ab5\ibex_register_file_ff.$proc$/work/src/ibex_register_file_ff.v:171$926'.
     1/1: $0\g_plain_rf.g_rf_flops[6].rf_reg_q[31:0]
Creating decoders for process `$paramod$40ece52504ff00c302be66a0111a4ec3d1608ab5\ibex_register_file_ff.$proc$/work/src/ibex_register_file_ff.v:171$924'.
     1/1: $0\g_plain_rf.g_rf_flops[5].rf_reg_q[31:0]
Creating decoders for process `$paramod$40ece52504ff00c302be66a0111a4ec3d1608ab5\ibex_register_file_ff.$proc$/work/src/ibex_register_file_ff.v:171$922'.
     1/1: $0\g_plain_rf.g_rf_flops[4].rf_reg_q[31:0]
Creating decoders for process `$paramod$40ece52504ff00c302be66a0111a4ec3d1608ab5\ibex_register_file_ff.$proc$/work/src/ibex_register_file_ff.v:171$920'.
     1/1: $0\g_plain_rf.g_rf_flops[3].rf_reg_q[31:0]
Creating decoders for process `$paramod$40ece52504ff00c302be66a0111a4ec3d1608ab5\ibex_register_file_ff.$proc$/work/src/ibex_register_file_ff.v:171$918'.
     1/1: $0\g_plain_rf.g_rf_flops[2].rf_reg_q[31:0]
Creating decoders for process `$paramod$40ece52504ff00c302be66a0111a4ec3d1608ab5\ibex_register_file_ff.$proc$/work/src/ibex_register_file_ff.v:171$916'.
     1/1: $0\g_plain_rf.g_rf_flops[1].rf_reg_q[31:0]
Creating decoders for process `$paramod$40ece52504ff00c302be66a0111a4ec3d1608ab5\ibex_register_file_ff.$proc$/work/src/ibex_register_file_ff.v:156$851'.
Creating decoders for process `$paramod$c16eccae153ba9fb8fce8498c4f7e85e78010c3f\ibex_counter.$proc$/work/src/ibex_counter.v:0$2481'.
Creating decoders for process `$paramod$c16eccae153ba9fb8fce8498c4f7e85e78010c3f\ibex_counter.$proc$/work/src/ibex_counter.v:56$2479'.
     1/1: $0\counter_q[63:0]
Creating decoders for process `$paramod$c16eccae153ba9fb8fce8498c4f7e85e78010c3f\ibex_counter.$proc$/work/src/ibex_counter.v:28$2477'.
     1/4: $2\counter_d[63:0]
     2/4: $1\counter_d[63:0]
     3/4: $1\counter_load[63:0] [63:32]
     4/4: $1\counter_load[63:0] [31:0]
Creating decoders for process `$paramod\ibex_fetch_fifo\NUM_REQS=32'00000000000000000000000000000010\ResetAll=1'1.$proc$/work/src/ibex_fetch_fifo.v:0$2896'.
Creating decoders for process `$paramod\ibex_fetch_fifo\NUM_REQS=32'00000000000000000000000000000010\ResetAll=1'1.$proc$/work/src/ibex_fetch_fifo.v:148$2894'.
     1/2: $0\rdata_q[95:64]
     2/2: $0\err_q[2:2]
Creating decoders for process `$paramod\ibex_fetch_fifo\NUM_REQS=32'00000000000000000000000000000010\ResetAll=1'1.$proc$/work/src/ibex_fetch_fifo.v:148$2892'.
     1/2: $0\rdata_q[63:32]
     2/2: $0\err_q[1:1]
Creating decoders for process `$paramod\ibex_fetch_fifo\NUM_REQS=32'00000000000000000000000000000010\ResetAll=1'1.$proc$/work/src/ibex_fetch_fifo.v:148$2890'.
     1/2: $0\rdata_q[31:0]
     2/2: $0\err_q[0:0]
Creating decoders for process `$paramod\ibex_fetch_fifo\NUM_REQS=32'00000000000000000000000000000010\ResetAll=1'1.$proc$/work/src/ibex_fetch_fifo.v:97$2861'.
     1/1: $0\instr_addr_q[30:0]
Creating decoders for process `$paramod\ibex_fetch_fifo\NUM_REQS=32'00000000000000000000000000000010\ResetAll=1'1.$proc$/work/src/ibex_fetch_fifo.v:138$2859'.
     1/1: $0\valid_q[2:0]
Creating decoders for process `$paramod\ibex_fetch_fifo\NUM_REQS=32'00000000000000000000000000000010\ResetAll=1'1.$proc$/work/src/ibex_fetch_fifo.v:72$2840'.
     1/5: $2\out_valid_o[0:0]
     2/5: $1\out_valid_o[0:0]
     3/5: $1\out_err_plus2_o[0:0]
     4/5: $1\out_err_o[0:0]
     5/5: $1\out_rdata_o[31:0]
Creating decoders for process `$paramod$38aa04165534c75a0a4935f073a2885eaa0a33f1\ibex_cs_registers.$proc$/work/src/ibex_cs_registers.v:0$2810'.
Creating decoders for process `$paramod$38aa04165534c75a0a4935f073a2885eaa0a33f1\ibex_cs_registers.$proc$/work/src/ibex_cs_registers.v:0$2806'.
Creating decoders for process `$paramod$38aa04165534c75a0a4935f073a2885eaa0a33f1\ibex_cs_registers.$proc$/work/src/ibex_cs_registers.v:1909$2781'.
Creating decoders for process `$paramod$38aa04165534c75a0a4935f073a2885eaa0a33f1\ibex_cs_registers.$proc$/work/src/ibex_cs_registers.v:1906$2780'.
Creating decoders for process `$paramod$38aa04165534c75a0a4935f073a2885eaa0a33f1\ibex_cs_registers.$proc$/work/src/ibex_cs_registers.v:1903$2779'.
Creating decoders for process `$paramod$38aa04165534c75a0a4935f073a2885eaa0a33f1\ibex_cs_registers.$proc$/work/src/ibex_cs_registers.v:1900$2778'.
Creating decoders for process `$paramod$38aa04165534c75a0a4935f073a2885eaa0a33f1\ibex_cs_registers.$proc$/work/src/ibex_cs_registers.v:1897$2777'.
Creating decoders for process `$paramod$38aa04165534c75a0a4935f073a2885eaa0a33f1\ibex_cs_registers.$proc$/work/src/ibex_cs_registers.v:1894$2776'.
Creating decoders for process `$paramod$38aa04165534c75a0a4935f073a2885eaa0a33f1\ibex_cs_registers.$proc$/work/src/ibex_cs_registers.v:1891$2775'.
Creating decoders for process `$paramod$38aa04165534c75a0a4935f073a2885eaa0a33f1\ibex_cs_registers.$proc$/work/src/ibex_cs_registers.v:1887$2774'.
Creating decoders for process `$paramod$38aa04165534c75a0a4935f073a2885eaa0a33f1\ibex_cs_registers.$proc$/work/src/ibex_cs_registers.v:1884$2773'.
Creating decoders for process `$paramod$38aa04165534c75a0a4935f073a2885eaa0a33f1\ibex_cs_registers.$proc$/work/src/ibex_cs_registers.v:1148$2770'.
Creating decoders for process `$paramod$38aa04165534c75a0a4935f073a2885eaa0a33f1\ibex_cs_registers.$proc$/work/src/ibex_cs_registers.v:1148$2769'.
Creating decoders for process `$paramod$38aa04165534c75a0a4935f073a2885eaa0a33f1\ibex_cs_registers.$proc$/work/src/ibex_cs_registers.v:1148$2768'.
Creating decoders for process `$paramod$38aa04165534c75a0a4935f073a2885eaa0a33f1\ibex_cs_registers.$proc$/work/src/ibex_cs_registers.v:1148$2767'.
Creating decoders for process `$paramod$38aa04165534c75a0a4935f073a2885eaa0a33f1\ibex_cs_registers.$proc$/work/src/ibex_cs_registers.v:1148$2766'.
Creating decoders for process `$paramod$38aa04165534c75a0a4935f073a2885eaa0a33f1\ibex_cs_registers.$proc$/work/src/ibex_cs_registers.v:1148$2765'.
Creating decoders for process `$paramod$38aa04165534c75a0a4935f073a2885eaa0a33f1\ibex_cs_registers.$proc$/work/src/ibex_cs_registers.v:1148$2764'.
Creating decoders for process `$paramod$38aa04165534c75a0a4935f073a2885eaa0a33f1\ibex_cs_registers.$proc$/work/src/ibex_cs_registers.v:1148$2763'.
Creating decoders for process `$paramod$38aa04165534c75a0a4935f073a2885eaa0a33f1\ibex_cs_registers.$proc$/work/src/ibex_cs_registers.v:1148$2762'.
Creating decoders for process `$paramod$38aa04165534c75a0a4935f073a2885eaa0a33f1\ibex_cs_registers.$proc$/work/src/ibex_cs_registers.v:1148$2761'.
Creating decoders for process `$paramod$38aa04165534c75a0a4935f073a2885eaa0a33f1\ibex_cs_registers.$proc$/work/src/ibex_cs_registers.v:1148$2760'.
Creating decoders for process `$paramod$38aa04165534c75a0a4935f073a2885eaa0a33f1\ibex_cs_registers.$proc$/work/src/ibex_cs_registers.v:1148$2759'.
Creating decoders for process `$paramod$38aa04165534c75a0a4935f073a2885eaa0a33f1\ibex_cs_registers.$proc$/work/src/ibex_cs_registers.v:1148$2758'.
Creating decoders for process `$paramod$38aa04165534c75a0a4935f073a2885eaa0a33f1\ibex_cs_registers.$proc$/work/src/ibex_cs_registers.v:1148$2757'.
Creating decoders for process `$paramod$38aa04165534c75a0a4935f073a2885eaa0a33f1\ibex_cs_registers.$proc$/work/src/ibex_cs_registers.v:1148$2756'.
Creating decoders for process `$paramod$38aa04165534c75a0a4935f073a2885eaa0a33f1\ibex_cs_registers.$proc$/work/src/ibex_cs_registers.v:1148$2755'.
Creating decoders for process `$paramod$38aa04165534c75a0a4935f073a2885eaa0a33f1\ibex_cs_registers.$proc$/work/src/ibex_cs_registers.v:1306$2744'.
     1/1: $0\mcountinhibit_q[2:0]
Creating decoders for process `$paramod$38aa04165534c75a0a4935f073a2885eaa0a33f1\ibex_cs_registers.$proc$/work/src/ibex_cs_registers.v:1206$2741'.
Creating decoders for process `$paramod$38aa04165534c75a0a4935f073a2885eaa0a33f1\ibex_cs_registers.$proc$/work/src/ibex_cs_registers.v:1182$2740'.
Creating decoders for process `$paramod$38aa04165534c75a0a4935f073a2885eaa0a33f1\ibex_cs_registers.$proc$/work/src/ibex_cs_registers.v:1172$2738'.
     1/3: $1\mcounteren_d[2:0] [2]
     2/3: $1\mcounteren_d[2:0] [0]
     3/3: $1\mcounteren_d[2:0] [1]
Creating decoders for process `$paramod$38aa04165534c75a0a4935f073a2885eaa0a33f1\ibex_cs_registers.$proc$/work/src/ibex_cs_registers.v:1162$2736'.
     1/3: $1\mcountinhibit_d[2:0] [2]
     2/3: $1\mcountinhibit_d[2:0] [0]
     3/3: $1\mcountinhibit_d[2:0] [1]
Creating decoders for process `$paramod$38aa04165534c75a0a4935f073a2885eaa0a33f1\ibex_cs_registers.$proc$/work/src/ibex_cs_registers.v:763$2706'.
Creating decoders for process `$paramod$38aa04165534c75a0a4935f073a2885eaa0a33f1\ibex_cs_registers.$proc$/work/src/ibex_cs_registers.v:731$2684'.
     1/1: $1\csr_wdata_int[31:0]
Creating decoders for process `$paramod$38aa04165534c75a0a4935f073a2885eaa0a33f1\ibex_cs_registers.$proc$/work/src/ibex_cs_registers.v:724$2681'.
     1/1: $0\priv_lvl_q[1:0]
Creating decoders for process `$paramod$38aa04165534c75a0a4935f073a2885eaa0a33f1\ibex_cs_registers.$proc$/work/src/ibex_cs_registers.v:571$2624'.
     1/136: $3\cpuctrlsts_part_d[7:6] [1]
     2/136: $6\mcause_en[0:0]
     3/136: $4\mepc_d[31:0]
     4/136: $6\mepc_en[0:0]
     5/136: $8\mstatus_d[4:2] [1:0]
     6/136: $8\mstatus_d[4:2] [2]
     7/136: $7\mstatus_d[1:1]
     8/136: $4\mstatus_d[5:1] [3:1]
     9/136: $4\mstatus_d[5:1] [0]
    10/136: $4\mstatus_d[5:1] [4]
    11/136: $5\double_fault_seen_o[0:0]
    12/136: $6\cpuctrlsts_part_d[7:6] [0]
    13/136: $4\double_fault_seen_o[0:0]
    14/136: $7\cpuctrlsts_part_d[7:7]
    15/136: $6\cpuctrlsts_part_we[0:0]
    16/136: $5\cpuctrlsts_part_we[0:0]
    17/136: $5\cpuctrlsts_part_d[7:6]
    18/136: $3\double_fault_seen_o[0:0]
    19/136: $3\mstack_en[0:0]
    20/136: $3\mcause_d[6:0]
    21/136: $5\mcause_en[0:0]
    22/136: $3\mepc_d[31:0]
    23/136: $5\mepc_en[0:0]
    24/136: $6\cpuctrlsts_part_d[7:6] [1]
    25/136: $6\mstatus_d[5:2] [1:0]
    26/136: $6\mstatus_d[5:2] [2]
    27/136: $5\mstatus_en[0:0]
    28/136: $3\mtval_d[31:0]
    29/136: $5\mtval_en[0:0]
    30/136: $4\depc_en[0:0]
    31/136: $2\depc_d[31:0]
    32/136: $4\dcsr_en[0:0]
    33/136: $7\dcsr_d[8:6]
    34/136: $6\dcsr_d[1:0]
    35/136: $4\cpuctrlsts_part_we[0:0]
    36/136: $4\cpuctrlsts_part_d[7:6]
    37/136: $2\mstack_en[0:0]
    38/136: $4\mtval_en[0:0]
    39/136: $2\mtval_d[31:0]
    40/136: $4\mcause_en[0:0]
    41/136: $2\mcause_d[6:0]
    42/136: $4\mepc_en[0:0]
    43/136: $2\mepc_d[31:0]
    44/136: $4\mstatus_en[0:0]
    45/136: $5\mstatus_d[5:2]
    46/136: $2\double_fault_seen_o[0:0]
    47/136: $2\exception_pc[31:0]
    48/136: $3\cpuctrlsts_part_we[0:0]
    49/136: $3\cpuctrlsts_part_d[7:6] [0]
    50/136: $1\mstack_en[0:0]
    51/136: $3\depc_en[0:0]
    52/136: $1\depc_d[31:0]
    53/136: $3\dcsr_en[0:0]
    54/136: $5\dcsr_d[8:6]
    55/136: $4\dcsr_d[1:0]
    56/136: $3\mtval_en[0:0]
    57/136: $1\mtval_d[31:0]
    58/136: $3\mcause_en[0:0]
    59/136: $1\mcause_d[6:0]
    60/136: $3\mepc_en[0:0]
    61/136: $1\mepc_d[31:0]
    62/136: $3\mstatus_en[0:0]
    63/136: $4\mcause_d[6:0]
    64/136: $1\double_fault_seen_o[0:0]
    65/136: $1\priv_lvl_d[1:0]
    66/136: $1\exception_pc[31:0]
    67/136: $6\mstatus_d[5:2] [3]
    68/136: $2\dcsr_d[31:0] [31:28]
    69/136: $2\dcsr_d[31:0] [15]
    70/136: $2\dcsr_d[31:0] [14]
    71/136: $2\dcsr_d[31:0] [10]
    72/136: $2\dcsr_d[31:0] [9]
    73/136: $2\dcsr_d[31:0] [11]
    74/136: $2\dcsr_d[31:0] [13:12]
    75/136: $2\dcsr_d[31:0] [27:16]
    76/136: $2\dcsr_d[31:0] [1:0]
    77/136: $2\mstatus_d[5:0] [5:4]
    78/136: $2\mstatus_d[5:0] [3:2]
    79/136: $2\mstatus_d[5:0] [1:0]
    80/136: $2\dcsr_d[31:0] [2]
    81/136: $2\dcsr_d[31:0] [8:6]
    82/136: $2\dcsr_d[31:0] [5]
    83/136: $3\dcsr_d[1:0]
    84/136: $2\dcsr_d[31:0] [3]
    85/136: $3\mstatus_d[3:2]
    86/136: $2\sv2v_cast_2$func$/work/src/ibex_cs_registers.v:614$2525.$result[1:0]$2642
    87/136: $2\sv2v_cast_2$func$/work/src/ibex_cs_registers.v:614$2525.inp[1:0]$2643
    88/136: $2\mstatus_en[0:0]
    89/136: $2$bitselwrite$pos$/work/src/ibex_cs_registers.v:646$2527[4:0]$2645
    90/136: $2$bitselwrite$pos$/work/src/ibex_cs_registers.v:645$2526[4:0]$2644
    91/136: $2\cpuctrlsts_part_we[0:0]
    92/136: $2\cpuctrlsts_part_d[7:0]
    93/136: $2\mhpmcounterh_we[31:0]
    94/136: $2\mhpmcounter_we[31:0]
    95/136: $2\mcounteren_we[0:0]
    96/136: $2\mcountinhibit_we[0:0]
    97/136: $2\cdbg_ctrl_en[0:0]
    98/136: $2\mshwmb_en[0:0]
    99/136: $2\mshwm_en[0:0]
   100/136: $2\dscratch1_en[0:0]
   101/136: $2\dscratch0_en[0:0]
   102/136: $2\depc_en[0:0]
   103/136: $2\dcsr_en[0:0]
   104/136: $2\dcsr_d[31:0] [4]
   105/136: $2\mtvec_en[0:0]
   106/136: $2\mtval_en[0:0]
   107/136: $2\mcause_en[0:0]
   108/136: $2\mepc_en[0:0]
   109/136: $2\mscratch_en[0:0]
   110/136: $2\mie_en[0:0]
   111/136: $1$bitselwrite$pos$/work/src/ibex_cs_registers.v:646$2527[4:0]$2641
   112/136: $1$bitselwrite$pos$/work/src/ibex_cs_registers.v:645$2526[4:0]$2640
   113/136: $1\sv2v_cast_2$func$/work/src/ibex_cs_registers.v:614$2525.inp[1:0]$2639
   114/136: $1\sv2v_cast_2$func$/work/src/ibex_cs_registers.v:614$2525.$result[1:0]$2638
   115/136: $1\cpuctrlsts_part_we[0:0]
   116/136: $1\cpuctrlsts_part_d[7:0]
   117/136: $1\mhpmcounterh_we[31:0]
   118/136: $1\mhpmcounter_we[31:0]
   119/136: $1\mcounteren_we[0:0]
   120/136: $1\mcountinhibit_we[0:0]
   121/136: $1\cdbg_ctrl_en[0:0]
   122/136: $1\mshwmb_en[0:0]
   123/136: $1\mshwm_en[0:0]
   124/136: $1\dscratch1_en[0:0]
   125/136: $1\dscratch0_en[0:0]
   126/136: $1\depc_en[0:0]
   127/136: $1\dcsr_en[0:0]
   128/136: $1\dcsr_d[31:0]
   129/136: $1\mtvec_en[0:0]
   130/136: $1\mtval_en[0:0]
   131/136: $1\mcause_en[0:0]
   132/136: $1\mepc_en[0:0]
   133/136: $1\mscratch_en[0:0]
   134/136: $1\mie_en[0:0]
   135/136: $1\mstatus_en[0:0]
   136/136: $1\mstatus_d[5:0]
Creating decoders for process `$paramod$38aa04165534c75a0a4935f073a2885eaa0a33f1\ibex_cs_registers.$proc$/work/src/ibex_cs_registers.v:401$2546'.
     1/50: $10\illegal_csr[0:0]
     2/50: $9\illegal_csr[0:0]
     3/50: $1\csr_rdata_int[31:0] [31]
     4/50: $8\illegal_csr[0:0]
     5/50: $1\csr_rdata_int[31:0] [30:22]
     6/50: $7\illegal_csr[0:0]
     7/50: $1\csr_rdata_int[31:0] [21]
     8/50: $6\illegal_csr[0:0]
     9/50: $1\csr_rdata_int[31:0] [20:18]
    10/50: $1\csr_rdata_int[31:0] [2:0]
    11/50: $8\csr_rdata_int[31:0]
    12/50: $7\csr_rdata_int[31:0]
    13/50: $6\csr_rdata_int[31:0]
    14/50: $1\csr_rdata_int[31:0] [17]
    15/50: $5\illegal_csr[0:0]
    16/50: $2$mem2reg_rd$\mhpmevent$/work/src/ibex_cs_registers.v:504$2532_DATA[31:0]$2584
    17/50: $4\csr_rdata_int[31:0] [0]
    18/50: $4\csr_rdata_int[31:0] [1]
    19/50: $4\csr_rdata_int[31:0] [2]
    20/50: $4\illegal_csr[0:0]
    21/50: $1\csr_rdata_int[31:0] [16]
    22/50: $3\csr_rdata_int[31:0]
    23/50: $1\csr_rdata_int[31:0] [10:8]
    24/50: $2\csr_rdata_int[31:0]
    25/50: $1\csr_rdata_int[31:0] [7]
    26/50: $2$mem2reg_rd$\mhpmcounter$/work/src/ibex_cs_registers.v:508$2535_DATA[63:0]$2587
    27/50: $4\csr_rdata_int[31:0] [31:3]
    28/50: $1\csr_rdata_int[31:0] [11]
    29/50: $1\csr_rdata_int[31:0] [3]
    30/50: $3\illegal_csr[0:0]
    31/50: $1\csr_rdata_int[31:0] [6:4]
    32/50: $2\illegal_csr[0:0]
    33/50: $2$mem2reg_rd$\mhpmcounter$/work/src/ibex_cs_registers.v:506$2534_DATA[63:0]$2586
    34/50: $1\csr_rdata_int[31:0] [15:13]
    35/50: $2$mem2reg_rd$\mhpmcounter$/work/src/ibex_cs_registers.v:512$2536_DATA[63:0]$2592
    36/50: $5\csr_rdata_int[31:0]
    37/50: $2$mem2reg_rd$\mhpmcounter$/work/src/ibex_cs_registers.v:505$2533_DATA[63:0]$2585
    38/50: $1\csr_rdata_int[31:0] [12]
    39/50: $1$mem2reg_rd$\mhpmcounter$/work/src/ibex_cs_registers.v:512$2536_DATA[63:0]$2566
    40/50: $1$mem2reg_rd$\mhpmcounter$/work/src/ibex_cs_registers.v:512$2536_ADDR[4:0]$2565
    41/50: $1$mem2reg_rd$\mhpmcounter$/work/src/ibex_cs_registers.v:508$2535_DATA[63:0]$2564
    42/50: $1$mem2reg_rd$\mhpmcounter$/work/src/ibex_cs_registers.v:508$2535_ADDR[4:0]$2563
    43/50: $1$mem2reg_rd$\mhpmcounter$/work/src/ibex_cs_registers.v:506$2534_DATA[63:0]$2562
    44/50: $1$mem2reg_rd$\mhpmcounter$/work/src/ibex_cs_registers.v:506$2534_ADDR[4:0]$2561
    45/50: $1$mem2reg_rd$\mhpmcounter$/work/src/ibex_cs_registers.v:505$2533_DATA[63:0]$2560
    46/50: $1$mem2reg_rd$\mhpmcounter$/work/src/ibex_cs_registers.v:505$2533_ADDR[4:0]$2559
    47/50: $1$mem2reg_rd$\mhpmevent$/work/src/ibex_cs_registers.v:504$2532_DATA[31:0]$2558
    48/50: $1$mem2reg_rd$\mhpmevent$/work/src/ibex_cs_registers.v:504$2532_ADDR[4:0]$2557
    49/50: $1\illegal_csr[0:0]
    50/50: $1\dbg_csr[0:0]
Creating decoders for process `$paramod$e55993a14b1fbc43320d549f521b710ed37596c6\ibex_csr.$proc$/work/src/ibex_csr.v:19$2498'.
     1/1: $0\rdata_q[17:0]
Creating decoders for process `$paramod$4f46e25470a27719ee9ca03cee1a0827eff766f7\ibex_csr.$proc$/work/src/ibex_csr.v:19$2496'.
     1/1: $0\rdata_q[31:0]
Creating decoders for process `$paramod$9a435d8f6db004a67362aa9a56f32ea481a74dbe\ibex_csr.$proc$/work/src/ibex_csr.v:19$2494'.
     1/1: $0\rdata_q[31:0]
Creating decoders for process `$paramod$410b37fbfbfa994790f1902c150d2be939cadb3b\ibex_csr.$proc$/work/src/ibex_csr.v:19$2492'.
     1/1: $0\rdata_q[2:0]
Creating decoders for process `$paramod$85ba01ab5a28334786aba5877c1fe04472f39fba\ibex_csr.$proc$/work/src/ibex_csr.v:19$2490'.
     1/1: $0\rdata_q[31:0]
Creating decoders for process `$paramod$34601000fe8707ce2501f5ed778e152043201712\ibex_csr.$proc$/work/src/ibex_csr.v:19$2488'.
     1/1: $0\rdata_q[6:0]
Creating decoders for process `$paramod\ibex_counter\CounterWidth=s32'00000000000000000000000001000000.$proc$/work/src/ibex_counter.v:0$2487'.
Creating decoders for process `$paramod\ibex_counter\CounterWidth=s32'00000000000000000000000001000000.$proc$/work/src/ibex_counter.v:56$2485'.
     1/1: $0\counter_q[63:0]
Creating decoders for process `$paramod\ibex_counter\CounterWidth=s32'00000000000000000000000001000000.$proc$/work/src/ibex_counter.v:28$2483'.
     1/4: $2\counter_d[63:0]
     2/4: $1\counter_d[63:0]
     3/4: $1\counter_load[63:0] [63:32]
     4/4: $1\counter_load[63:0] [31:0]

63. Executing PROC_DLATCH pass (convert process syncs to latches).
No latch inferred for signal `\ibex_top.\gen_noscramble.unused_scramble_inputs' from process `\ibex_top.$proc$/work/src/ibex_top.v:542$800'.
No latch inferred for signal `\ibex_top.\scramble_key_valid_q' from process `\ibex_top.$proc$/work/src/ibex_top.v:556$783'.
No latch inferred for signal `\ibex_top.\scramble_nonce_q' from process `\ibex_top.$proc$/work/src/ibex_top.v:553$782'.
No latch inferred for signal `\ibex_top.\scramble_key_q' from process `\ibex_top.$proc$/work/src/ibex_top.v:550$781'.
No latch inferred for signal `\ibex_top.\scramble_req_q' from process `\ibex_top.$proc$/work/src/ibex_top.v:546$780'.
No latch inferred for signal `$paramod\ibex_alu\RV32B=s32'00000000000000000000000000000000.\_sv2v_0' from process `$paramod\ibex_alu\RV32B=s32'00000000000000000000000000000000.$proc$/work/src/ibex_alu.v:0$2471'.
No latch inferred for signal `$paramod\ibex_alu\RV32B=s32'00000000000000000000000000000000.\imd_val_we_o' from process `$paramod\ibex_alu\RV32B=s32'00000000000000000000000000000000.$proc$/work/src/ibex_alu.v:858$2470'.
No latch inferred for signal `$paramod\ibex_alu\RV32B=s32'00000000000000000000000000000000.\imd_val_d_o' from process `$paramod\ibex_alu\RV32B=s32'00000000000000000000000000000000.$proc$/work/src/ibex_alu.v:855$2469'.
No latch inferred for signal `$paramod\ibex_alu\RV32B=s32'00000000000000000000000000000000.\multicycle_result' from process `$paramod\ibex_alu\RV32B=s32'00000000000000000000000000000000.$proc$/work/src/ibex_alu.v:852$2468'.
No latch inferred for signal `$paramod\ibex_alu\RV32B=s32'00000000000000000000000000000000.\clmul_result' from process `$paramod\ibex_alu\RV32B=s32'00000000000000000000000000000000.$proc$/work/src/ibex_alu.v:849$2467'.
No latch inferred for signal `$paramod\ibex_alu\RV32B=s32'00000000000000000000000000000000.\invbutterfly_result' from process `$paramod\ibex_alu\RV32B=s32'00000000000000000000000000000000.$proc$/work/src/ibex_alu.v:846$2466'.
No latch inferred for signal `$paramod\ibex_alu\RV32B=s32'00000000000000000000000000000000.\butterfly_result' from process `$paramod\ibex_alu\RV32B=s32'00000000000000000000000000000000.$proc$/work/src/ibex_alu.v:843$2465'.
No latch inferred for signal `$paramod\ibex_alu\RV32B=s32'00000000000000000000000000000000.\shuffle_result' from process `$paramod\ibex_alu\RV32B=s32'00000000000000000000000000000000.$proc$/work/src/ibex_alu.v:839$2464'.
No latch inferred for signal `$paramod\ibex_alu\RV32B=s32'00000000000000000000000000000000.\rev_result' from process `$paramod\ibex_alu\RV32B=s32'00000000000000000000000000000000.$proc$/work/src/ibex_alu.v:836$2463'.
No latch inferred for signal `$paramod\ibex_alu\RV32B=s32'00000000000000000000000000000000.\singlebit_result' from process `$paramod\ibex_alu\RV32B=s32'00000000000000000000000000000000.$proc$/work/src/ibex_alu.v:833$2462'.
No latch inferred for signal `$paramod\ibex_alu\RV32B=s32'00000000000000000000000000000000.\pack_result' from process `$paramod\ibex_alu\RV32B=s32'00000000000000000000000000000000.$proc$/work/src/ibex_alu.v:829$2461'.
No latch inferred for signal `$paramod\ibex_alu\RV32B=s32'00000000000000000000000000000000.\result_o' from process `$paramod\ibex_alu\RV32B=s32'00000000000000000000000000000000.$proc$/work/src/ibex_alu.v:861$2460'.
No latch inferred for signal `$paramod\ibex_alu\RV32B=s32'00000000000000000000000000000000.\bwlogic_result' from process `$paramod\ibex_alu\RV32B=s32'00000000000000000000000000000000.$proc$/work/src/ibex_alu.v:247$2459'.
No latch inferred for signal `$paramod\ibex_alu\RV32B=s32'00000000000000000000000000000000.\bwlogic_op_b_negate' from process `$paramod\ibex_alu\RV32B=s32'00000000000000000000000000000000.$proc$/work/src/ibex_alu.v:231$2448'.
No latch inferred for signal `$paramod\ibex_alu\RV32B=s32'00000000000000000000000000000000.\shift_operand' from process `$paramod\ibex_alu\RV32B=s32'00000000000000000000000000000000.$proc$/work/src/ibex_alu.v:200$2442'.
No latch inferred for signal `$paramod\ibex_alu\RV32B=s32'00000000000000000000000000000000.\shift_result_ext_signed' from process `$paramod\ibex_alu\RV32B=s32'00000000000000000000000000000000.$proc$/work/src/ibex_alu.v:200$2442'.
No latch inferred for signal `$paramod\ibex_alu\RV32B=s32'00000000000000000000000000000000.\shift_result_ext' from process `$paramod\ibex_alu\RV32B=s32'00000000000000000000000000000000.$proc$/work/src/ibex_alu.v:200$2442'.
No latch inferred for signal `$paramod\ibex_alu\RV32B=s32'00000000000000000000000000000000.\unused_shift_result_ext' from process `$paramod\ibex_alu\RV32B=s32'00000000000000000000000000000000.$proc$/work/src/ibex_alu.v:200$2442'.
No latch inferred for signal `$paramod\ibex_alu\RV32B=s32'00000000000000000000000000000000.\shift_result' from process `$paramod\ibex_alu\RV32B=s32'00000000000000000000000000000000.$proc$/work/src/ibex_alu.v:200$2442'.
No latch inferred for signal `$paramod\ibex_alu\RV32B=s32'00000000000000000000000000000000.\shift_result_rev' from process `$paramod\ibex_alu\RV32B=s32'00000000000000000000000000000000.$proc$/work/src/ibex_alu.v:200$2442'.
No latch inferred for signal `$paramod\ibex_alu\RV32B=s32'00000000000000000000000000000000.\sv2v_autoblock_1.i' from process `$paramod\ibex_alu\RV32B=s32'00000000000000000000000000000000.$proc$/work/src/ibex_alu.v:200$2442'.
No latch inferred for signal `$paramod\ibex_alu\RV32B=s32'00000000000000000000000000000000.\shift_left' from process `$paramod\ibex_alu\RV32B=s32'00000000000000000000000000000000.$proc$/work/src/ibex_alu.v:180$2440'.
No latch inferred for signal `$paramod\ibex_alu\RV32B=s32'00000000000000000000000000000000.\shift_amt [4:0]' from process `$paramod\ibex_alu\RV32B=s32'00000000000000000000000000000000.$proc$/work/src/ibex_alu.v:171$2434'.
No latch inferred for signal `$paramod\ibex_alu\RV32B=s32'00000000000000000000000000000000.\shift_amt [5]' from process `$paramod\ibex_alu\RV32B=s32'00000000000000000000000000000000.$proc$/work/src/ibex_alu.v:169$2432'.
No latch inferred for signal `$paramod\ibex_alu\RV32B=s32'00000000000000000000000000000000.\cmp_result' from process `$paramod\ibex_alu\RV32B=s32'00000000000000000000000000000000.$proc$/work/src/ibex_alu.v:123$2426'.
No latch inferred for signal `$paramod\ibex_alu\RV32B=s32'00000000000000000000000000000000.\is_greater_equal' from process `$paramod\ibex_alu\RV32B=s32'00000000000000000000000000000000.$proc$/work/src/ibex_alu.v:114$2421'.
No latch inferred for signal `$paramod\ibex_alu\RV32B=s32'00000000000000000000000000000000.\cmp_signed' from process `$paramod\ibex_alu\RV32B=s32'00000000000000000000000000000000.$proc$/work/src/ibex_alu.v:103$2419'.
No latch inferred for signal `$paramod\ibex_alu\RV32B=s32'00000000000000000000000000000000.\adder_in_b' from process `$paramod\ibex_alu\RV32B=s32'00000000000000000000000000000000.$proc$/work/src/ibex_alu.v:87$2417'.
No latch inferred for signal `$paramod\ibex_alu\RV32B=s32'00000000000000000000000000000000.\adder_in_a' from process `$paramod\ibex_alu\RV32B=s32'00000000000000000000000000000000.$proc$/work/src/ibex_alu.v:74$2415'.
No latch inferred for signal `$paramod\ibex_alu\RV32B=s32'00000000000000000000000000000000.\adder_op_a_shift1' from process `$paramod\ibex_alu\RV32B=s32'00000000000000000000000000000000.$proc$/work/src/ibex_alu.v:51$2414'.
No latch inferred for signal `$paramod\ibex_alu\RV32B=s32'00000000000000000000000000000000.\adder_op_a_shift2' from process `$paramod\ibex_alu\RV32B=s32'00000000000000000000000000000000.$proc$/work/src/ibex_alu.v:51$2414'.
No latch inferred for signal `$paramod\ibex_alu\RV32B=s32'00000000000000000000000000000000.\adder_op_a_shift3' from process `$paramod\ibex_alu\RV32B=s32'00000000000000000000000000000000.$proc$/work/src/ibex_alu.v:51$2414'.
No latch inferred for signal `$paramod\ibex_alu\RV32B=s32'00000000000000000000000000000000.\adder_op_b_negate' from process `$paramod\ibex_alu\RV32B=s32'00000000000000000000000000000000.$proc$/work/src/ibex_alu.v:51$2414'.
No latch inferred for signal `$paramod$e6b6d8eec746808c1a487eeea1c00388e00f4eee\ibex_decoder.\_sv2v_0' from process `$paramod$e6b6d8eec746808c1a487eeea1c00388e00f4eee\ibex_decoder.$proc$/work/src/ibex_decoder.v:0$2413'.
No latch inferred for signal `$paramod$e6b6d8eec746808c1a487eeea1c00388e00f4eee\ibex_decoder.\use_rs3_q' from process `$paramod$e6b6d8eec746808c1a487eeea1c00388e00f4eee\ibex_decoder.$proc$/work/src/ibex_decoder.v:186$2411'.
No latch inferred for signal `$paramod$e6b6d8eec746808c1a487eeea1c00388e00f4eee\ibex_decoder.\imm_a_mux_sel_o' from process `$paramod$e6b6d8eec746808c1a487eeea1c00388e00f4eee\ibex_decoder.$proc$/work/src/ibex_decoder.v:682$2386'.
No latch inferred for signal `$paramod$e6b6d8eec746808c1a487eeea1c00388e00f4eee\ibex_decoder.\imm_b_mux_sel_o' from process `$paramod$e6b6d8eec746808c1a487eeea1c00388e00f4eee\ibex_decoder.$proc$/work/src/ibex_decoder.v:682$2386'.
No latch inferred for signal `$paramod$e6b6d8eec746808c1a487eeea1c00388e00f4eee\ibex_decoder.\bt_a_mux_sel_o' from process `$paramod$e6b6d8eec746808c1a487eeea1c00388e00f4eee\ibex_decoder.$proc$/work/src/ibex_decoder.v:682$2386'.
No latch inferred for signal `$paramod$e6b6d8eec746808c1a487eeea1c00388e00f4eee\ibex_decoder.\bt_b_mux_sel_o' from process `$paramod$e6b6d8eec746808c1a487eeea1c00388e00f4eee\ibex_decoder.$proc$/work/src/ibex_decoder.v:682$2386'.
No latch inferred for signal `$paramod$e6b6d8eec746808c1a487eeea1c00388e00f4eee\ibex_decoder.\alu_operator_o' from process `$paramod$e6b6d8eec746808c1a487eeea1c00388e00f4eee\ibex_decoder.$proc$/work/src/ibex_decoder.v:682$2386'.
No latch inferred for signal `$paramod$e6b6d8eec746808c1a487eeea1c00388e00f4eee\ibex_decoder.\alu_op_a_mux_sel_o' from process `$paramod$e6b6d8eec746808c1a487eeea1c00388e00f4eee\ibex_decoder.$proc$/work/src/ibex_decoder.v:682$2386'.
No latch inferred for signal `$paramod$e6b6d8eec746808c1a487eeea1c00388e00f4eee\ibex_decoder.\alu_op_b_mux_sel_o' from process `$paramod$e6b6d8eec746808c1a487eeea1c00388e00f4eee\ibex_decoder.$proc$/work/src/ibex_decoder.v:682$2386'.
No latch inferred for signal `$paramod$e6b6d8eec746808c1a487eeea1c00388e00f4eee\ibex_decoder.\alu_multicycle_o' from process `$paramod$e6b6d8eec746808c1a487eeea1c00388e00f4eee\ibex_decoder.$proc$/work/src/ibex_decoder.v:682$2386'.
No latch inferred for signal `$paramod$e6b6d8eec746808c1a487eeea1c00388e00f4eee\ibex_decoder.\mult_sel_o' from process `$paramod$e6b6d8eec746808c1a487eeea1c00388e00f4eee\ibex_decoder.$proc$/work/src/ibex_decoder.v:682$2386'.
No latch inferred for signal `$paramod$e6b6d8eec746808c1a487eeea1c00388e00f4eee\ibex_decoder.\div_sel_o' from process `$paramod$e6b6d8eec746808c1a487eeea1c00388e00f4eee\ibex_decoder.$proc$/work/src/ibex_decoder.v:682$2386'.
No latch inferred for signal `$paramod$e6b6d8eec746808c1a487eeea1c00388e00f4eee\ibex_decoder.\use_rs3_d' from process `$paramod$e6b6d8eec746808c1a487eeea1c00388e00f4eee\ibex_decoder.$proc$/work/src/ibex_decoder.v:682$2386'.
No latch inferred for signal `$paramod$e6b6d8eec746808c1a487eeea1c00388e00f4eee\ibex_decoder.\opcode_alu' from process `$paramod$e6b6d8eec746808c1a487eeea1c00388e00f4eee\ibex_decoder.$proc$/work/src/ibex_decoder.v:682$2386'.
No latch inferred for signal `$paramod$e6b6d8eec746808c1a487eeea1c00388e00f4eee\ibex_decoder.\data_req_o' from process `$paramod$e6b6d8eec746808c1a487eeea1c00388e00f4eee\ibex_decoder.$proc$/work/src/ibex_decoder.v:228$2324'.
No latch inferred for signal `$paramod$e6b6d8eec746808c1a487eeea1c00388e00f4eee\ibex_decoder.\data_we_o' from process `$paramod$e6b6d8eec746808c1a487eeea1c00388e00f4eee\ibex_decoder.$proc$/work/src/ibex_decoder.v:228$2324'.
No latch inferred for signal `$paramod$e6b6d8eec746808c1a487eeea1c00388e00f4eee\ibex_decoder.\csr_op' from process `$paramod$e6b6d8eec746808c1a487eeea1c00388e00f4eee\ibex_decoder.$proc$/work/src/ibex_decoder.v:228$2324'.
No latch inferred for signal `$paramod$e6b6d8eec746808c1a487eeea1c00388e00f4eee\ibex_decoder.\icache_inval_o' from process `$paramod$e6b6d8eec746808c1a487eeea1c00388e00f4eee\ibex_decoder.$proc$/work/src/ibex_decoder.v:228$2324'.
No latch inferred for signal `$paramod$e6b6d8eec746808c1a487eeea1c00388e00f4eee\ibex_decoder.\csr_access_o' from process `$paramod$e6b6d8eec746808c1a487eeea1c00388e00f4eee\ibex_decoder.$proc$/work/src/ibex_decoder.v:228$2324'.
No latch inferred for signal `$paramod$e6b6d8eec746808c1a487eeea1c00388e00f4eee\ibex_decoder.\rf_ren_a_o' from process `$paramod$e6b6d8eec746808c1a487eeea1c00388e00f4eee\ibex_decoder.$proc$/work/src/ibex_decoder.v:228$2324'.
No latch inferred for signal `$paramod$e6b6d8eec746808c1a487eeea1c00388e00f4eee\ibex_decoder.\rf_ren_b_o' from process `$paramod$e6b6d8eec746808c1a487eeea1c00388e00f4eee\ibex_decoder.$proc$/work/src/ibex_decoder.v:228$2324'.
No latch inferred for signal `$paramod$e6b6d8eec746808c1a487eeea1c00388e00f4eee\ibex_decoder.\cheriot_operator_o' from process `$paramod$e6b6d8eec746808c1a487eeea1c00388e00f4eee\ibex_decoder.$proc$/work/src/ibex_decoder.v:228$2324'.
No latch inferred for signal `$paramod$e6b6d8eec746808c1a487eeea1c00388e00f4eee\ibex_decoder.\cheriot_cap_field_sel_o' from process `$paramod$e6b6d8eec746808c1a487eeea1c00388e00f4eee\ibex_decoder.$proc$/work/src/ibex_decoder.v:228$2324'.
No latch inferred for signal `$paramod$e6b6d8eec746808c1a487eeea1c00388e00f4eee\ibex_decoder.\cheriot_adder_a_sel_o' from process `$paramod$e6b6d8eec746808c1a487eeea1c00388e00f4eee\ibex_decoder.$proc$/work/src/ibex_decoder.v:228$2324'.
No latch inferred for signal `$paramod$e6b6d8eec746808c1a487eeea1c00388e00f4eee\ibex_decoder.\cheriot_adder_b_sel_o' from process `$paramod$e6b6d8eec746808c1a487eeea1c00388e00f4eee\ibex_decoder.$proc$/work/src/ibex_decoder.v:228$2324'.
No latch inferred for signal `$paramod$e6b6d8eec746808c1a487eeea1c00388e00f4eee\ibex_decoder.\cheriot_setaddr_sel_o' from process `$paramod$e6b6d8eec746808c1a487eeea1c00388e00f4eee\ibex_decoder.$proc$/work/src/ibex_decoder.v:228$2324'.
No latch inferred for signal `$paramod$e6b6d8eec746808c1a487eeea1c00388e00f4eee\ibex_decoder.\cheriot_setbounds_sel_o' from process `$paramod$e6b6d8eec746808c1a487eeea1c00388e00f4eee\ibex_decoder.$proc$/work/src/ibex_decoder.v:228$2324'.
No latch inferred for signal `$paramod$e6b6d8eec746808c1a487eeea1c00388e00f4eee\ibex_decoder.\ebrk_insn_o' from process `$paramod$e6b6d8eec746808c1a487eeea1c00388e00f4eee\ibex_decoder.$proc$/work/src/ibex_decoder.v:228$2324'.
No latch inferred for signal `$paramod$e6b6d8eec746808c1a487eeea1c00388e00f4eee\ibex_decoder.\mret_insn_o' from process `$paramod$e6b6d8eec746808c1a487eeea1c00388e00f4eee\ibex_decoder.$proc$/work/src/ibex_decoder.v:228$2324'.
No latch inferred for signal `$paramod$e6b6d8eec746808c1a487eeea1c00388e00f4eee\ibex_decoder.\dret_insn_o' from process `$paramod$e6b6d8eec746808c1a487eeea1c00388e00f4eee\ibex_decoder.$proc$/work/src/ibex_decoder.v:228$2324'.
No latch inferred for signal `$paramod$e6b6d8eec746808c1a487eeea1c00388e00f4eee\ibex_decoder.\ecall_insn_o' from process `$paramod$e6b6d8eec746808c1a487eeea1c00388e00f4eee\ibex_decoder.$proc$/work/src/ibex_decoder.v:228$2324'.
No latch inferred for signal `$paramod$e6b6d8eec746808c1a487eeea1c00388e00f4eee\ibex_decoder.\wfi_insn_o' from process `$paramod$e6b6d8eec746808c1a487eeea1c00388e00f4eee\ibex_decoder.$proc$/work/src/ibex_decoder.v:228$2324'.
No latch inferred for signal `$paramod$e6b6d8eec746808c1a487eeea1c00388e00f4eee\ibex_decoder.\jump_set_o' from process `$paramod$e6b6d8eec746808c1a487eeea1c00388e00f4eee\ibex_decoder.$proc$/work/src/ibex_decoder.v:228$2324'.
No latch inferred for signal `$paramod$e6b6d8eec746808c1a487eeea1c00388e00f4eee\ibex_decoder.\rf_wdata_sel_o' from process `$paramod$e6b6d8eec746808c1a487eeea1c00388e00f4eee\ibex_decoder.$proc$/work/src/ibex_decoder.v:228$2324'.
No latch inferred for signal `$paramod$e6b6d8eec746808c1a487eeea1c00388e00f4eee\ibex_decoder.\multdiv_operator_o' from process `$paramod$e6b6d8eec746808c1a487eeea1c00388e00f4eee\ibex_decoder.$proc$/work/src/ibex_decoder.v:228$2324'.
No latch inferred for signal `$paramod$e6b6d8eec746808c1a487eeea1c00388e00f4eee\ibex_decoder.\multdiv_signed_mode_o' from process `$paramod$e6b6d8eec746808c1a487eeea1c00388e00f4eee\ibex_decoder.$proc$/work/src/ibex_decoder.v:228$2324'.
No latch inferred for signal `$paramod$e6b6d8eec746808c1a487eeea1c00388e00f4eee\ibex_decoder.\csr_cheriot_always_ok_o' from process `$paramod$e6b6d8eec746808c1a487eeea1c00388e00f4eee\ibex_decoder.$proc$/work/src/ibex_decoder.v:228$2324'.
No latch inferred for signal `$paramod$e6b6d8eec746808c1a487eeea1c00388e00f4eee\ibex_decoder.\cheriot_data_req_o' from process `$paramod$e6b6d8eec746808c1a487eeea1c00388e00f4eee\ibex_decoder.$proc$/work/src/ibex_decoder.v:228$2324'.
No latch inferred for signal `$paramod$e6b6d8eec746808c1a487eeea1c00388e00f4eee\ibex_decoder.\data_type_o' from process `$paramod$e6b6d8eec746808c1a487eeea1c00388e00f4eee\ibex_decoder.$proc$/work/src/ibex_decoder.v:228$2324'.
No latch inferred for signal `$paramod$e6b6d8eec746808c1a487eeea1c00388e00f4eee\ibex_decoder.\data_sign_extension_o' from process `$paramod$e6b6d8eec746808c1a487eeea1c00388e00f4eee\ibex_decoder.$proc$/work/src/ibex_decoder.v:228$2324'.
No latch inferred for signal `$paramod$e6b6d8eec746808c1a487eeea1c00388e00f4eee\ibex_decoder.\jump_in_dec_o' from process `$paramod$e6b6d8eec746808c1a487eeea1c00388e00f4eee\ibex_decoder.$proc$/work/src/ibex_decoder.v:228$2324'.
No latch inferred for signal `$paramod$e6b6d8eec746808c1a487eeea1c00388e00f4eee\ibex_decoder.\branch_in_dec_o' from process `$paramod$e6b6d8eec746808c1a487eeea1c00388e00f4eee\ibex_decoder.$proc$/work/src/ibex_decoder.v:228$2324'.
No latch inferred for signal `$paramod$e6b6d8eec746808c1a487eeea1c00388e00f4eee\ibex_decoder.\instr_is_cheriot_o' from process `$paramod$e6b6d8eec746808c1a487eeea1c00388e00f4eee\ibex_decoder.$proc$/work/src/ibex_decoder.v:228$2324'.
No latch inferred for signal `$paramod$e6b6d8eec746808c1a487eeea1c00388e00f4eee\ibex_decoder.\illegal_insn' from process `$paramod$e6b6d8eec746808c1a487eeea1c00388e00f4eee\ibex_decoder.$proc$/work/src/ibex_decoder.v:228$2324'.
No latch inferred for signal `$paramod$e6b6d8eec746808c1a487eeea1c00388e00f4eee\ibex_decoder.\csr_illegal' from process `$paramod$e6b6d8eec746808c1a487eeea1c00388e00f4eee\ibex_decoder.$proc$/work/src/ibex_decoder.v:228$2324'.
No latch inferred for signal `$paramod$e6b6d8eec746808c1a487eeea1c00388e00f4eee\ibex_decoder.\rf_we' from process `$paramod$e6b6d8eec746808c1a487eeea1c00388e00f4eee\ibex_decoder.$proc$/work/src/ibex_decoder.v:228$2324'.
No latch inferred for signal `$paramod$e6b6d8eec746808c1a487eeea1c00388e00f4eee\ibex_decoder.\opcode' from process `$paramod$e6b6d8eec746808c1a487eeea1c00388e00f4eee\ibex_decoder.$proc$/work/src/ibex_decoder.v:228$2324'.
No latch inferred for signal `$paramod$e6b6d8eec746808c1a487eeea1c00388e00f4eee\ibex_decoder.\csr_op_o' from process `$paramod$e6b6d8eec746808c1a487eeea1c00388e00f4eee\ibex_decoder.$proc$/work/src/ibex_decoder.v:221$2318'.
No latch inferred for signal `$paramod$ad32fe27c0dd24fa98ff040673e62dee8d3b63ce\ibex_controller.\_sv2v_0' from process `$paramod$ad32fe27c0dd24fa98ff040673e62dee8d3b63ce\ibex_controller.$proc$/work/src/ibex_controller.v:0$2311'.
No latch inferred for signal `$paramod$ad32fe27c0dd24fa98ff040673e62dee8d3b63ce\ibex_controller.\cheriot_asr_err_q' from process `$paramod$ad32fe27c0dd24fa98ff040673e62dee8d3b63ce\ibex_controller.$proc$/work/src/ibex_controller.v:779$2310'.
No latch inferred for signal `$paramod$ad32fe27c0dd24fa98ff040673e62dee8d3b63ce\ibex_controller.\cheriot_wb_err_q' from process `$paramod$ad32fe27c0dd24fa98ff040673e62dee8d3b63ce\ibex_controller.$proc$/work/src/ibex_controller.v:776$2309'.
No latch inferred for signal `$paramod$ad32fe27c0dd24fa98ff040673e62dee8d3b63ce\ibex_controller.\cheriot_ex_err_q' from process `$paramod$ad32fe27c0dd24fa98ff040673e62dee8d3b63ce\ibex_controller.$proc$/work/src/ibex_controller.v:773$2308'.
No latch inferred for signal `$paramod$ad32fe27c0dd24fa98ff040673e62dee8d3b63ce\ibex_controller.\lsu_err_is_cheriot_q' from process `$paramod$ad32fe27c0dd24fa98ff040673e62dee8d3b63ce\ibex_controller.$proc$/work/src/ibex_controller.v:770$2307'.
No latch inferred for signal `$paramod$ad32fe27c0dd24fa98ff040673e62dee8d3b63ce\ibex_controller.\instr_fetch_err_prio' from process `$paramod$ad32fe27c0dd24fa98ff040673e62dee8d3b63ce\ibex_controller.$proc$/work/src/ibex_controller.v:279$2295'.
No latch inferred for signal `$paramod$ad32fe27c0dd24fa98ff040673e62dee8d3b63ce\ibex_controller.\illegal_insn_prio' from process `$paramod$ad32fe27c0dd24fa98ff040673e62dee8d3b63ce\ibex_controller.$proc$/work/src/ibex_controller.v:279$2295'.
No latch inferred for signal `$paramod$ad32fe27c0dd24fa98ff040673e62dee8d3b63ce\ibex_controller.\ecall_insn_prio' from process `$paramod$ad32fe27c0dd24fa98ff040673e62dee8d3b63ce\ibex_controller.$proc$/work/src/ibex_controller.v:279$2295'.
No latch inferred for signal `$paramod$ad32fe27c0dd24fa98ff040673e62dee8d3b63ce\ibex_controller.\ebrk_insn_prio' from process `$paramod$ad32fe27c0dd24fa98ff040673e62dee8d3b63ce\ibex_controller.$proc$/work/src/ibex_controller.v:279$2295'.
No latch inferred for signal `$paramod$ad32fe27c0dd24fa98ff040673e62dee8d3b63ce\ibex_controller.\store_err_prio' from process `$paramod$ad32fe27c0dd24fa98ff040673e62dee8d3b63ce\ibex_controller.$proc$/work/src/ibex_controller.v:279$2295'.
No latch inferred for signal `$paramod$ad32fe27c0dd24fa98ff040673e62dee8d3b63ce\ibex_controller.\load_err_prio' from process `$paramod$ad32fe27c0dd24fa98ff040673e62dee8d3b63ce\ibex_controller.$proc$/work/src/ibex_controller.v:279$2295'.
No latch inferred for signal `$paramod$ad32fe27c0dd24fa98ff040673e62dee8d3b63ce\ibex_controller.\cheriot_ex_err_prio' from process `$paramod$ad32fe27c0dd24fa98ff040673e62dee8d3b63ce\ibex_controller.$proc$/work/src/ibex_controller.v:279$2295'.
No latch inferred for signal `$paramod$ad32fe27c0dd24fa98ff040673e62dee8d3b63ce\ibex_controller.\cheriot_wb_err_prio' from process `$paramod$ad32fe27c0dd24fa98ff040673e62dee8d3b63ce\ibex_controller.$proc$/work/src/ibex_controller.v:279$2295'.
No latch inferred for signal `$paramod$ad32fe27c0dd24fa98ff040673e62dee8d3b63ce\ibex_controller.\cheriot_asr_err_prio' from process `$paramod$ad32fe27c0dd24fa98ff040673e62dee8d3b63ce\ibex_controller.$proc$/work/src/ibex_controller.v:279$2295'.
No latch inferred for signal `$paramod$ad32fe27c0dd24fa98ff040673e62dee8d3b63ce\ibex_controller.\instr_req_o' from process `$paramod$ad32fe27c0dd24fa98ff040673e62dee8d3b63ce\ibex_controller.$proc$/work/src/ibex_controller.v:437$2204'.
No latch inferred for signal `$paramod$ad32fe27c0dd24fa98ff040673e62dee8d3b63ce\ibex_controller.\ctrl_busy_o' from process `$paramod$ad32fe27c0dd24fa98ff040673e62dee8d3b63ce\ibex_controller.$proc$/work/src/ibex_controller.v:437$2204'.
No latch inferred for signal `$paramod$ad32fe27c0dd24fa98ff040673e62dee8d3b63ce\ibex_controller.\pc_set_o' from process `$paramod$ad32fe27c0dd24fa98ff040673e62dee8d3b63ce\ibex_controller.$proc$/work/src/ibex_controller.v:437$2204'.
No latch inferred for signal `$paramod$ad32fe27c0dd24fa98ff040673e62dee8d3b63ce\ibex_controller.\pc_mux_o' from process `$paramod$ad32fe27c0dd24fa98ff040673e62dee8d3b63ce\ibex_controller.$proc$/work/src/ibex_controller.v:437$2204'.
No latch inferred for signal `$paramod$ad32fe27c0dd24fa98ff040673e62dee8d3b63ce\ibex_controller.\nt_branch_mispredict_o' from process `$paramod$ad32fe27c0dd24fa98ff040673e62dee8d3b63ce\ibex_controller.$proc$/work/src/ibex_controller.v:437$2204'.
No latch inferred for signal `$paramod$ad32fe27c0dd24fa98ff040673e62dee8d3b63ce\ibex_controller.\exc_pc_mux_o' from process `$paramod$ad32fe27c0dd24fa98ff040673e62dee8d3b63ce\ibex_controller.$proc$/work/src/ibex_controller.v:437$2204'.
No latch inferred for signal `$paramod$ad32fe27c0dd24fa98ff040673e62dee8d3b63ce\ibex_controller.\exc_cause_o' from process `$paramod$ad32fe27c0dd24fa98ff040673e62dee8d3b63ce\ibex_controller.$proc$/work/src/ibex_controller.v:437$2204'.
No latch inferred for signal `$paramod$ad32fe27c0dd24fa98ff040673e62dee8d3b63ce\ibex_controller.\csr_save_if_o' from process `$paramod$ad32fe27c0dd24fa98ff040673e62dee8d3b63ce\ibex_controller.$proc$/work/src/ibex_controller.v:437$2204'.
No latch inferred for signal `$paramod$ad32fe27c0dd24fa98ff040673e62dee8d3b63ce\ibex_controller.\csr_save_id_o' from process `$paramod$ad32fe27c0dd24fa98ff040673e62dee8d3b63ce\ibex_controller.$proc$/work/src/ibex_controller.v:437$2204'.
No latch inferred for signal `$paramod$ad32fe27c0dd24fa98ff040673e62dee8d3b63ce\ibex_controller.\csr_save_wb_o' from process `$paramod$ad32fe27c0dd24fa98ff040673e62dee8d3b63ce\ibex_controller.$proc$/work/src/ibex_controller.v:437$2204'.
No latch inferred for signal `$paramod$ad32fe27c0dd24fa98ff040673e62dee8d3b63ce\ibex_controller.\csr_restore_mret_id_o' from process `$paramod$ad32fe27c0dd24fa98ff040673e62dee8d3b63ce\ibex_controller.$proc$/work/src/ibex_controller.v:437$2204'.
No latch inferred for signal `$paramod$ad32fe27c0dd24fa98ff040673e62dee8d3b63ce\ibex_controller.\csr_restore_dret_id_o' from process `$paramod$ad32fe27c0dd24fa98ff040673e62dee8d3b63ce\ibex_controller.$proc$/work/src/ibex_controller.v:437$2204'.
No latch inferred for signal `$paramod$ad32fe27c0dd24fa98ff040673e62dee8d3b63ce\ibex_controller.\csr_save_cause_o' from process `$paramod$ad32fe27c0dd24fa98ff040673e62dee8d3b63ce\ibex_controller.$proc$/work/src/ibex_controller.v:437$2204'.
No latch inferred for signal `$paramod$ad32fe27c0dd24fa98ff040673e62dee8d3b63ce\ibex_controller.\csr_mepcc_clrtag_o' from process `$paramod$ad32fe27c0dd24fa98ff040673e62dee8d3b63ce\ibex_controller.$proc$/work/src/ibex_controller.v:437$2204'.
No latch inferred for signal `$paramod$ad32fe27c0dd24fa98ff040673e62dee8d3b63ce\ibex_controller.\csr_mtval_o' from process `$paramod$ad32fe27c0dd24fa98ff040673e62dee8d3b63ce\ibex_controller.$proc$/work/src/ibex_controller.v:437$2204'.
No latch inferred for signal `$paramod$ad32fe27c0dd24fa98ff040673e62dee8d3b63ce\ibex_controller.\debug_mode_entering_o' from process `$paramod$ad32fe27c0dd24fa98ff040673e62dee8d3b63ce\ibex_controller.$proc$/work/src/ibex_controller.v:437$2204'.
No latch inferred for signal `$paramod$ad32fe27c0dd24fa98ff040673e62dee8d3b63ce\ibex_controller.\debug_csr_save_o' from process `$paramod$ad32fe27c0dd24fa98ff040673e62dee8d3b63ce\ibex_controller.$proc$/work/src/ibex_controller.v:437$2204'.
No latch inferred for signal `$paramod$ad32fe27c0dd24fa98ff040673e62dee8d3b63ce\ibex_controller.\perf_jump_o' from process `$paramod$ad32fe27c0dd24fa98ff040673e62dee8d3b63ce\ibex_controller.$proc$/work/src/ibex_controller.v:437$2204'.
No latch inferred for signal `$paramod$ad32fe27c0dd24fa98ff040673e62dee8d3b63ce\ibex_controller.\perf_tbranch_o' from process `$paramod$ad32fe27c0dd24fa98ff040673e62dee8d3b63ce\ibex_controller.$proc$/work/src/ibex_controller.v:437$2204'.
No latch inferred for signal `$paramod$ad32fe27c0dd24fa98ff040673e62dee8d3b63ce\ibex_controller.\flush_id' from process `$paramod$ad32fe27c0dd24fa98ff040673e62dee8d3b63ce\ibex_controller.$proc$/work/src/ibex_controller.v:437$2204'.
No latch inferred for signal `$paramod$ad32fe27c0dd24fa98ff040673e62dee8d3b63ce\ibex_controller.\controller_run_o' from process `$paramod$ad32fe27c0dd24fa98ff040673e62dee8d3b63ce\ibex_controller.$proc$/work/src/ibex_controller.v:437$2204'.
No latch inferred for signal `$paramod$ad32fe27c0dd24fa98ff040673e62dee8d3b63ce\ibex_controller.\ctrl_fsm_ns' from process `$paramod$ad32fe27c0dd24fa98ff040673e62dee8d3b63ce\ibex_controller.$proc$/work/src/ibex_controller.v:437$2204'.
No latch inferred for signal `$paramod$ad32fe27c0dd24fa98ff040673e62dee8d3b63ce\ibex_controller.\nmi_mode_d' from process `$paramod$ad32fe27c0dd24fa98ff040673e62dee8d3b63ce\ibex_controller.$proc$/work/src/ibex_controller.v:437$2204'.
No latch inferred for signal `$paramod$ad32fe27c0dd24fa98ff040673e62dee8d3b63ce\ibex_controller.\debug_mode_d' from process `$paramod$ad32fe27c0dd24fa98ff040673e62dee8d3b63ce\ibex_controller.$proc$/work/src/ibex_controller.v:437$2204'.
No latch inferred for signal `$paramod$ad32fe27c0dd24fa98ff040673e62dee8d3b63ce\ibex_controller.\halt_if' from process `$paramod$ad32fe27c0dd24fa98ff040673e62dee8d3b63ce\ibex_controller.$proc$/work/src/ibex_controller.v:437$2204'.
No latch inferred for signal `$paramod$ad32fe27c0dd24fa98ff040673e62dee8d3b63ce\ibex_controller.\retain_id' from process `$paramod$ad32fe27c0dd24fa98ff040673e62dee8d3b63ce\ibex_controller.$proc$/work/src/ibex_controller.v:437$2204'.
No latch inferred for signal `$paramod$ad32fe27c0dd24fa98ff040673e62dee8d3b63ce\ibex_controller.\sv2v_cast_5$func$/work/src/ibex_controller.v:552$2115.$result' from process `$paramod$ad32fe27c0dd24fa98ff040673e62dee8d3b63ce\ibex_controller.$proc$/work/src/ibex_controller.v:437$2204'.
No latch inferred for signal `$paramod$ad32fe27c0dd24fa98ff040673e62dee8d3b63ce\ibex_controller.\sv2v_cast_5$func$/work/src/ibex_controller.v:552$2115.inp' from process `$paramod$ad32fe27c0dd24fa98ff040673e62dee8d3b63ce\ibex_controller.$proc$/work/src/ibex_controller.v:437$2204'.
No latch inferred for signal `$paramod$ad32fe27c0dd24fa98ff040673e62dee8d3b63ce\ibex_controller.\mfip_id' from process `$paramod$ad32fe27c0dd24fa98ff040673e62dee8d3b63ce\ibex_controller.$proc$/work/src/ibex_controller.v:399$2196'.
No latch inferred for signal `$paramod$ad32fe27c0dd24fa98ff040673e62dee8d3b63ce\ibex_controller.\gen_mfip_id.sv2v_autoblock_1.i' from process `$paramod$ad32fe27c0dd24fa98ff040673e62dee8d3b63ce\ibex_controller.$proc$/work/src/ibex_controller.v:399$2196'.
No latch inferred for signal `$paramod$7cc7cec1e088fedd9ad9b2063ed6f6f72cf9bb0e\ibex_compressed_decoder.\_sv2v_0' from process `$paramod$7cc7cec1e088fedd9ad9b2063ed6f6f72cf9bb0e\ibex_compressed_decoder.$proc$/work/src/ibex_compressed_decoder.v:0$2114'.
No latch inferred for signal `$paramod$7cc7cec1e088fedd9ad9b2063ed6f6f72cf9bb0e\ibex_compressed_decoder.\cm_sp_offset_d' from process `$paramod$7cc7cec1e088fedd9ad9b2063ed6f6f72cf9bb0e\ibex_compressed_decoder.$proc$/work/src/ibex_compressed_decoder.v:203$2065'.
No latch inferred for signal `$paramod$7cc7cec1e088fedd9ad9b2063ed6f6f72cf9bb0e\ibex_compressed_decoder.\cm_rlist_d' from process `$paramod$7cc7cec1e088fedd9ad9b2063ed6f6f72cf9bb0e\ibex_compressed_decoder.$proc$/work/src/ibex_compressed_decoder.v:203$2065'.
No latch inferred for signal `$paramod$7cc7cec1e088fedd9ad9b2063ed6f6f72cf9bb0e\ibex_compressed_decoder.\gets_expanded' from process `$paramod$7cc7cec1e088fedd9ad9b2063ed6f6f72cf9bb0e\ibex_compressed_decoder.$proc$/work/src/ibex_compressed_decoder.v:203$2065'.
No latch inferred for signal `$paramod$7cc7cec1e088fedd9ad9b2063ed6f6f72cf9bb0e\ibex_compressed_decoder.\cm_state_d' from process `$paramod$7cc7cec1e088fedd9ad9b2063ed6f6f72cf9bb0e\ibex_compressed_decoder.$proc$/work/src/ibex_compressed_decoder.v:203$2065'.
No latch inferred for signal `$paramod$7cc7cec1e088fedd9ad9b2063ed6f6f72cf9bb0e\ibex_compressed_decoder.\instr_o' from process `$paramod$7cc7cec1e088fedd9ad9b2063ed6f6f72cf9bb0e\ibex_compressed_decoder.$proc$/work/src/ibex_compressed_decoder.v:203$2065'.
No latch inferred for signal `$paramod$7cc7cec1e088fedd9ad9b2063ed6f6f72cf9bb0e\ibex_compressed_decoder.\illegal_instr_o' from process `$paramod$7cc7cec1e088fedd9ad9b2063ed6f6f72cf9bb0e\ibex_compressed_decoder.$proc$/work/src/ibex_compressed_decoder.v:203$2065'.
No latch inferred for signal `$paramod$02c313747c8f25d335ac7182387c56521505fa11\ibex_core.\pmp_req_err[0]' from process `$paramod$02c313747c8f25d335ac7182387c56521505fa11\ibex_core.$proc$/work/src/ibex_core.v:0$2011'.
No latch inferred for signal `$paramod$02c313747c8f25d335ac7182387c56521505fa11\ibex_core.\pmp_req_err[1]' from process `$paramod$02c313747c8f25d335ac7182387c56521505fa11\ibex_core.$proc$/work/src/ibex_core.v:0$2011'.
No latch inferred for signal `$paramod$02c313747c8f25d335ac7182387c56521505fa11\ibex_core.\pmp_req_err[2]' from process `$paramod$02c313747c8f25d335ac7182387c56521505fa11\ibex_core.$proc$/work/src/ibex_core.v:0$2011'.
No latch inferred for signal `$paramod$02c313747c8f25d335ac7182387c56521505fa11\ibex_core.\ibex_cheriot_pkg_cheriot_regcap_to_vec$func$/work/src/ibex_core.v:1096$1928.$result' from process `$paramod$02c313747c8f25d335ac7182387c56521505fa11\ibex_core.$proc$/work/src/ibex_core.v:0$2005'.
No latch inferred for signal `$paramod$02c313747c8f25d335ac7182387c56521505fa11\ibex_core.\ibex_cheriot_pkg_cheriot_regcap_to_vec$func$/work/src/ibex_core.v:1096$1933.$result' from process `$paramod$02c313747c8f25d335ac7182387c56521505fa11\ibex_core.$proc$/work/src/ibex_core.v:0$2005'.
No latch inferred for signal `$paramod$02c313747c8f25d335ac7182387c56521505fa11\ibex_core.\ibex_cheriot_pkg_cheriot_regcap_to_vec$func$/work/src/ibex_core.v:1096$1933.cap' from process `$paramod$02c313747c8f25d335ac7182387c56521505fa11\ibex_core.$proc$/work/src/ibex_core.v:0$2005'.
No latch inferred for signal `$paramod$02c313747c8f25d335ac7182387c56521505fa11\ibex_core.\sv2v_cast_11991$func$/work/src/ibex_core.v:1024$1934.$result' from process `$paramod$02c313747c8f25d335ac7182387c56521505fa11\ibex_core.$proc$/work/src/ibex_core.v:0$2005'.
No latch inferred for signal `$paramod$02c313747c8f25d335ac7182387c56521505fa11\ibex_core.\sv2v_cast_11991$func$/work/src/ibex_core.v:1024$1934.inp' from process `$paramod$02c313747c8f25d335ac7182387c56521505fa11\ibex_core.$proc$/work/src/ibex_core.v:0$2005'.
No latch inferred for signal `$paramod$02c313747c8f25d335ac7182387c56521505fa11\ibex_core.\ibex_cheriot_pkg_cheriot_vec_to_regcap$func$/work/src/ibex_core.v:274$1924.$result' from process `$paramod$02c313747c8f25d335ac7182387c56521505fa11\ibex_core.$proc$/work/src/ibex_core.v:0$1954'.
No latch inferred for signal `$paramod$02c313747c8f25d335ac7182387c56521505fa11\ibex_core.\ibex_cheriot_pkg_cheriot_vec_to_regcap$func$/work/src/ibex_core.v:274$1931.$result' from process `$paramod$02c313747c8f25d335ac7182387c56521505fa11\ibex_core.$proc$/work/src/ibex_core.v:0$1954'.
No latch inferred for signal `$paramod$02c313747c8f25d335ac7182387c56521505fa11\ibex_core.\ibex_cheriot_pkg_cheriot_vec_to_regcap$func$/work/src/ibex_core.v:274$1931.vec_in' from process `$paramod$02c313747c8f25d335ac7182387c56521505fa11\ibex_core.$proc$/work/src/ibex_core.v:0$1954'.
No latch inferred for signal `$paramod$02c313747c8f25d335ac7182387c56521505fa11\ibex_core.\sv2v_cast_89126$func$/work/src/ibex_core.v:271$1932.$result' from process `$paramod$02c313747c8f25d335ac7182387c56521505fa11\ibex_core.$proc$/work/src/ibex_core.v:0$1954'.
No latch inferred for signal `$paramod$02c313747c8f25d335ac7182387c56521505fa11\ibex_core.\sv2v_cast_89126$func$/work/src/ibex_core.v:271$1932.inp' from process `$paramod$02c313747c8f25d335ac7182387c56521505fa11\ibex_core.$proc$/work/src/ibex_core.v:0$1954'.
No latch inferred for signal `$paramod$02c313747c8f25d335ac7182387c56521505fa11\ibex_core.\ibex_cheriot_pkg_cheriot_vec_to_regcap$func$/work/src/ibex_core.v:273$1923.$result' from process `$paramod$02c313747c8f25d335ac7182387c56521505fa11\ibex_core.$proc$/work/src/ibex_core.v:0$1948'.
No latch inferred for signal `$paramod$02c313747c8f25d335ac7182387c56521505fa11\ibex_core.\ibex_cheriot_pkg_cheriot_vec_to_regcap$func$/work/src/ibex_core.v:273$1929.$result' from process `$paramod$02c313747c8f25d335ac7182387c56521505fa11\ibex_core.$proc$/work/src/ibex_core.v:0$1948'.
No latch inferred for signal `$paramod$02c313747c8f25d335ac7182387c56521505fa11\ibex_core.\ibex_cheriot_pkg_cheriot_vec_to_regcap$func$/work/src/ibex_core.v:273$1929.vec_in' from process `$paramod$02c313747c8f25d335ac7182387c56521505fa11\ibex_core.$proc$/work/src/ibex_core.v:0$1948'.
No latch inferred for signal `$paramod$02c313747c8f25d335ac7182387c56521505fa11\ibex_core.\sv2v_cast_89126$func$/work/src/ibex_core.v:271$1930.$result' from process `$paramod$02c313747c8f25d335ac7182387c56521505fa11\ibex_core.$proc$/work/src/ibex_core.v:0$1948'.
No latch inferred for signal `$paramod$02c313747c8f25d335ac7182387c56521505fa11\ibex_core.\sv2v_cast_89126$func$/work/src/ibex_core.v:271$1930.inp' from process `$paramod$02c313747c8f25d335ac7182387c56521505fa11\ibex_core.$proc$/work/src/ibex_core.v:0$1948'.
No latch inferred for signal `$paramod$b9b2e5d491bd09fc2169df619ac80edcbdafa2a9\ibex_id_stage.\_sv2v_0' from process `$paramod$b9b2e5d491bd09fc2169df619ac80edcbdafa2a9\ibex_id_stage.$proc$/work/src/ibex_id_stage.v:0$1810'.
No latch inferred for signal `$paramod$b9b2e5d491bd09fc2169df619ac80edcbdafa2a9\ibex_id_stage.\imm_b' from process `$paramod$b9b2e5d491bd09fc2169df619ac80edcbdafa2a9\ibex_id_stage.$proc$/work/src/ibex_id_stage.v:467$1731'.
No latch inferred for signal `$paramod$b9b2e5d491bd09fc2169df619ac80edcbdafa2a9\ibex_id_stage.\bt_b_operand_o' from process `$paramod$b9b2e5d491bd09fc2169df619ac80edcbdafa2a9\ibex_id_stage.$proc$/work/src/ibex_id_stage.v:466$1730'.
No latch inferred for signal `$paramod$b9b2e5d491bd09fc2169df619ac80edcbdafa2a9\ibex_id_stage.\bt_a_operand_o' from process `$paramod$b9b2e5d491bd09fc2169df619ac80edcbdafa2a9\ibex_id_stage.$proc$/work/src/ibex_id_stage.v:463$1729'.
No latch inferred for signal `$paramod$b9b2e5d491bd09fc2169df619ac80edcbdafa2a9\ibex_id_stage.\perf_branch_o' from process `$paramod$b9b2e5d491bd09fc2169df619ac80edcbdafa2a9\ibex_id_stage.$proc$/work/src/ibex_id_stage.v:754$1678'.
No latch inferred for signal `$paramod$b9b2e5d491bd09fc2169df619ac80edcbdafa2a9\ibex_id_stage.\branch_set_raw_d' from process `$paramod$b9b2e5d491bd09fc2169df619ac80edcbdafa2a9\ibex_id_stage.$proc$/work/src/ibex_id_stage.v:754$1678'.
No latch inferred for signal `$paramod$b9b2e5d491bd09fc2169df619ac80edcbdafa2a9\ibex_id_stage.\branch_not_set' from process `$paramod$b9b2e5d491bd09fc2169df619ac80edcbdafa2a9\ibex_id_stage.$proc$/work/src/ibex_id_stage.v:754$1678'.
No latch inferred for signal `$paramod$b9b2e5d491bd09fc2169df619ac80edcbdafa2a9\ibex_id_stage.\jump_set_raw' from process `$paramod$b9b2e5d491bd09fc2169df619ac80edcbdafa2a9\ibex_id_stage.$proc$/work/src/ibex_id_stage.v:754$1678'.
No latch inferred for signal `$paramod$b9b2e5d491bd09fc2169df619ac80edcbdafa2a9\ibex_id_stage.\stall_multdiv' from process `$paramod$b9b2e5d491bd09fc2169df619ac80edcbdafa2a9\ibex_id_stage.$proc$/work/src/ibex_id_stage.v:754$1678'.
No latch inferred for signal `$paramod$b9b2e5d491bd09fc2169df619ac80edcbdafa2a9\ibex_id_stage.\stall_branch' from process `$paramod$b9b2e5d491bd09fc2169df619ac80edcbdafa2a9\ibex_id_stage.$proc$/work/src/ibex_id_stage.v:754$1678'.
No latch inferred for signal `$paramod$b9b2e5d491bd09fc2169df619ac80edcbdafa2a9\ibex_id_stage.\stall_jump' from process `$paramod$b9b2e5d491bd09fc2169df619ac80edcbdafa2a9\ibex_id_stage.$proc$/work/src/ibex_id_stage.v:754$1678'.
No latch inferred for signal `$paramod$b9b2e5d491bd09fc2169df619ac80edcbdafa2a9\ibex_id_stage.\rf_we_raw' from process `$paramod$b9b2e5d491bd09fc2169df619ac80edcbdafa2a9\ibex_id_stage.$proc$/work/src/ibex_id_stage.v:754$1678'.
No latch inferred for signal `$paramod$b9b2e5d491bd09fc2169df619ac80edcbdafa2a9\ibex_id_stage.\stall_alu' from process `$paramod$b9b2e5d491bd09fc2169df619ac80edcbdafa2a9\ibex_id_stage.$proc$/work/src/ibex_id_stage.v:754$1678'.
No latch inferred for signal `$paramod$b9b2e5d491bd09fc2169df619ac80edcbdafa2a9\ibex_id_stage.\id_fsm_d' from process `$paramod$b9b2e5d491bd09fc2169df619ac80edcbdafa2a9\ibex_id_stage.$proc$/work/src/ibex_id_stage.v:754$1678'.
No latch inferred for signal `$paramod$b9b2e5d491bd09fc2169df619ac80edcbdafa2a9\ibex_id_stage.\rf_wdata_id_o' from process `$paramod$b9b2e5d491bd09fc2169df619ac80edcbdafa2a9\ibex_id_stage.$proc$/work/src/ibex_id_stage.v:499$1632'.
No latch inferred for signal `$paramod$b9b2e5d491bd09fc2169df619ac80edcbdafa2a9\ibex_id_stage.\alu_operand_a' from process `$paramod$b9b2e5d491bd09fc2169df619ac80edcbdafa2a9\ibex_id_stage.$proc$/work/src/ibex_id_stage.v:406$1626'.
No latch inferred for signal `$paramod$a1f82ff8dd7f02ea405ce72f1e83a511ee16121c\ibex_load_store_unit.\_sv2v_0' from process `$paramod$a1f82ff8dd7f02ea405ce72f1e83a511ee16121c\ibex_load_store_unit.$proc$/work/src/ibex_load_store_unit.v:0$1603'.
No latch inferred for signal `$paramod$a1f82ff8dd7f02ea405ce72f1e83a511ee16121c\ibex_load_store_unit.\cap_rx_fsm_d' from process `$paramod$a1f82ff8dd7f02ea405ce72f1e83a511ee16121c\ibex_load_store_unit.$proc$/work/src/ibex_load_store_unit.v:504$1545'.
No latch inferred for signal `$paramod$a1f82ff8dd7f02ea405ce72f1e83a511ee16121c\ibex_load_store_unit.\data_req_o' from process `$paramod$a1f82ff8dd7f02ea405ce72f1e83a511ee16121c\ibex_load_store_unit.$proc$/work/src/ibex_load_store_unit.v:356$1512'.
No latch inferred for signal `$paramod$a1f82ff8dd7f02ea405ce72f1e83a511ee16121c\ibex_load_store_unit.\addr_incr_req_o' from process `$paramod$a1f82ff8dd7f02ea405ce72f1e83a511ee16121c\ibex_load_store_unit.$proc$/work/src/ibex_load_store_unit.v:356$1512'.
No latch inferred for signal `$paramod$a1f82ff8dd7f02ea405ce72f1e83a511ee16121c\ibex_load_store_unit.\perf_load_o' from process `$paramod$a1f82ff8dd7f02ea405ce72f1e83a511ee16121c\ibex_load_store_unit.$proc$/work/src/ibex_load_store_unit.v:356$1512'.
No latch inferred for signal `$paramod$a1f82ff8dd7f02ea405ce72f1e83a511ee16121c\ibex_load_store_unit.\perf_store_o' from process `$paramod$a1f82ff8dd7f02ea405ce72f1e83a511ee16121c\ibex_load_store_unit.$proc$/work/src/ibex_load_store_unit.v:356$1512'.
No latch inferred for signal `$paramod$a1f82ff8dd7f02ea405ce72f1e83a511ee16121c\ibex_load_store_unit.\addr_update' from process `$paramod$a1f82ff8dd7f02ea405ce72f1e83a511ee16121c\ibex_load_store_unit.$proc$/work/src/ibex_load_store_unit.v:356$1512'.
No latch inferred for signal `$paramod$a1f82ff8dd7f02ea405ce72f1e83a511ee16121c\ibex_load_store_unit.\ctrl_update' from process `$paramod$a1f82ff8dd7f02ea405ce72f1e83a511ee16121c\ibex_load_store_unit.$proc$/work/src/ibex_load_store_unit.v:356$1512'.
No latch inferred for signal `$paramod$a1f82ff8dd7f02ea405ce72f1e83a511ee16121c\ibex_load_store_unit.\rdata_update' from process `$paramod$a1f82ff8dd7f02ea405ce72f1e83a511ee16121c\ibex_load_store_unit.$proc$/work/src/ibex_load_store_unit.v:356$1512'.
No latch inferred for signal `$paramod$a1f82ff8dd7f02ea405ce72f1e83a511ee16121c\ibex_load_store_unit.\handle_misaligned_d' from process `$paramod$a1f82ff8dd7f02ea405ce72f1e83a511ee16121c\ibex_load_store_unit.$proc$/work/src/ibex_load_store_unit.v:356$1512'.
No latch inferred for signal `$paramod$a1f82ff8dd7f02ea405ce72f1e83a511ee16121c\ibex_load_store_unit.\pmp_err_d' from process `$paramod$a1f82ff8dd7f02ea405ce72f1e83a511ee16121c\ibex_load_store_unit.$proc$/work/src/ibex_load_store_unit.v:356$1512'.
No latch inferred for signal `$paramod$a1f82ff8dd7f02ea405ce72f1e83a511ee16121c\ibex_load_store_unit.\lsu_err_d' from process `$paramod$a1f82ff8dd7f02ea405ce72f1e83a511ee16121c\ibex_load_store_unit.$proc$/work/src/ibex_load_store_unit.v:356$1512'.
No latch inferred for signal `$paramod$a1f82ff8dd7f02ea405ce72f1e83a511ee16121c\ibex_load_store_unit.\cheriot_err_d' from process `$paramod$a1f82ff8dd7f02ea405ce72f1e83a511ee16121c\ibex_load_store_unit.$proc$/work/src/ibex_load_store_unit.v:356$1512'.
No latch inferred for signal `$paramod$a1f82ff8dd7f02ea405ce72f1e83a511ee16121c\ibex_load_store_unit.\lsu_go' from process `$paramod$a1f82ff8dd7f02ea405ce72f1e83a511ee16121c\ibex_load_store_unit.$proc$/work/src/ibex_load_store_unit.v:356$1512'.
No latch inferred for signal `$paramod$a1f82ff8dd7f02ea405ce72f1e83a511ee16121c\ibex_load_store_unit.\lsu_go_goodcap' from process `$paramod$a1f82ff8dd7f02ea405ce72f1e83a511ee16121c\ibex_load_store_unit.$proc$/work/src/ibex_load_store_unit.v:356$1512'.
No latch inferred for signal `$paramod$a1f82ff8dd7f02ea405ce72f1e83a511ee16121c\ibex_load_store_unit.\ls_fsm_ns' from process `$paramod$a1f82ff8dd7f02ea405ce72f1e83a511ee16121c\ibex_load_store_unit.$proc$/work/src/ibex_load_store_unit.v:356$1512'.
No latch inferred for signal `$paramod$a1f82ff8dd7f02ea405ce72f1e83a511ee16121c\ibex_load_store_unit.\data_rdata_ext' from process `$paramod$a1f82ff8dd7f02ea405ce72f1e83a511ee16121c\ibex_load_store_unit.$proc$/work/src/ibex_load_store_unit.v:322$1497'.
No latch inferred for signal `$paramod$a1f82ff8dd7f02ea405ce72f1e83a511ee16121c\ibex_load_store_unit.\rdata_b_ext' from process `$paramod$a1f82ff8dd7f02ea405ce72f1e83a511ee16121c\ibex_load_store_unit.$proc$/work/src/ibex_load_store_unit.v:294$1492'.
No latch inferred for signal `$paramod$a1f82ff8dd7f02ea405ce72f1e83a511ee16121c\ibex_load_store_unit.\rdata_h_ext' from process `$paramod$a1f82ff8dd7f02ea405ce72f1e83a511ee16121c\ibex_load_store_unit.$proc$/work/src/ibex_load_store_unit.v:266$1487'.
No latch inferred for signal `$paramod$a1f82ff8dd7f02ea405ce72f1e83a511ee16121c\ibex_load_store_unit.\rdata_w_ext' from process `$paramod$a1f82ff8dd7f02ea405ce72f1e83a511ee16121c\ibex_load_store_unit.$proc$/work/src/ibex_load_store_unit.v:254$1486'.
No latch inferred for signal `$paramod$a1f82ff8dd7f02ea405ce72f1e83a511ee16121c\ibex_load_store_unit.\data_wdata_data' from process `$paramod$a1f82ff8dd7f02ea405ce72f1e83a511ee16121c\ibex_load_store_unit.$proc$/work/src/ibex_load_store_unit.v:214$1461'.
No latch inferred for signal `$paramod$a1f82ff8dd7f02ea405ce72f1e83a511ee16121c\ibex_load_store_unit.\data_wdata_tag' from process `$paramod$a1f82ff8dd7f02ea405ce72f1e83a511ee16121c\ibex_load_store_unit.$proc$/work/src/ibex_load_store_unit.v:214$1461'.
No latch inferred for signal `$paramod$a1f82ff8dd7f02ea405ce72f1e83a511ee16121c\ibex_load_store_unit.\ibex_cheriot_pkg_cheriot_cap_to_mem$func$/work/src/ibex_load_store_unit.v:219$1449.$result' from process `$paramod$a1f82ff8dd7f02ea405ce72f1e83a511ee16121c\ibex_load_store_unit.$proc$/work/src/ibex_load_store_unit.v:214$1461'.
No latch inferred for signal `$paramod$a1f82ff8dd7f02ea405ce72f1e83a511ee16121c\ibex_load_store_unit.\ibex_cheriot_pkg_cheriot_cap_to_mem$func$/work/src/ibex_load_store_unit.v:219$1449.cap' from process `$paramod$a1f82ff8dd7f02ea405ce72f1e83a511ee16121c\ibex_load_store_unit.$proc$/work/src/ibex_load_store_unit.v:214$1461'.
No latch inferred for signal `$paramod$a1f82ff8dd7f02ea405ce72f1e83a511ee16121c\ibex_load_store_unit.\ibex_cheriot_pkg_cheriot_cap_to_mem$func$/work/src/ibex_load_store_unit.v:219$1449.cap_bits' from process `$paramod$a1f82ff8dd7f02ea405ce72f1e83a511ee16121c\ibex_load_store_unit.$proc$/work/src/ibex_load_store_unit.v:214$1461'.
No latch inferred for signal `$paramod$a1f82ff8dd7f02ea405ce72f1e83a511ee16121c\ibex_load_store_unit.\ibex_cheriot_pkg_cheriot_cap_to_mem$func$/work/src/ibex_load_store_unit.v:219$1449.unused_cap_corr' from process `$paramod$a1f82ff8dd7f02ea405ce72f1e83a511ee16121c\ibex_load_store_unit.$proc$/work/src/ibex_load_store_unit.v:214$1461'.
No latch inferred for signal `$paramod$a1f82ff8dd7f02ea405ce72f1e83a511ee16121c\ibex_load_store_unit.\wdata_int' from process `$paramod$a1f82ff8dd7f02ea405ce72f1e83a511ee16121c\ibex_load_store_unit.$proc$/work/src/ibex_load_store_unit.v:191$1460'.
No latch inferred for signal `$paramod$a1f82ff8dd7f02ea405ce72f1e83a511ee16121c\ibex_load_store_unit.\data_be' from process `$paramod$a1f82ff8dd7f02ea405ce72f1e83a511ee16121c\ibex_load_store_unit.$proc$/work/src/ibex_load_store_unit.v:139$1454'.
No latch inferred for signal `$paramod\ibex_wb_stage\ResetAll=1'1\WritebackStage=1'1\DummyInstructions=1'0.\rf_wdata_wb_mux[0]' from process `$paramod\ibex_wb_stage\ResetAll=1'1\WritebackStage=1'1\DummyInstructions=1'0.$proc$/work/src/ibex_wb_stage.v:0$1442'.
No latch inferred for signal `$paramod\ibex_wb_stage\ResetAll=1'1\WritebackStage=1'1\DummyInstructions=1'0.\rf_wdata_wb_mux[1]' from process `$paramod\ibex_wb_stage\ResetAll=1'1\WritebackStage=1'1\DummyInstructions=1'0.$proc$/work/src/ibex_wb_stage.v:0$1442'.
No latch inferred for signal `$paramod$9965f29857664148d24e0207d195fc610cce17ac\ibex_if_stage.\_sv2v_0' from process `$paramod$9965f29857664148d24e0207d195fc610cce17ac\ibex_if_stage.$proc$/work/src/ibex_if_stage.v:0$1917'.
No latch inferred for signal `$paramod$9965f29857664148d24e0207d195fc610cce17ac\ibex_if_stage.\instr_fetch_cheriot_bound_vio_o' from process `$paramod$9965f29857664148d24e0207d195fc610cce17ac\ibex_if_stage.$proc$/work/src/ibex_if_stage.v:560$1909'.
No latch inferred for signal `$paramod$9965f29857664148d24e0207d195fc610cce17ac\ibex_if_stage.\instr_fetch_cheriot_acc_vio_o' from process `$paramod$9965f29857664148d24e0207d195fc610cce17ac\ibex_if_stage.$proc$/work/src/ibex_if_stage.v:557$1908'.
No latch inferred for signal `$paramod$9965f29857664148d24e0207d195fc610cce17ac\ibex_if_stage.\dummy_instr_id_o' from process `$paramod$9965f29857664148d24e0207d195fc610cce17ac\ibex_if_stage.$proc$/work/src/ibex_if_stage.v:474$1905'.
No latch inferred for signal `$paramod$9965f29857664148d24e0207d195fc610cce17ac\ibex_if_stage.\fetch_addr_n' from process `$paramod$9965f29857664148d24e0207d195fc610cce17ac\ibex_if_stage.$proc$/work/src/ibex_if_stage.v:254$1823'.
No latch inferred for signal `$paramod$9965f29857664148d24e0207d195fc610cce17ac\ibex_if_stage.\exc_pc' from process `$paramod$9965f29857664148d24e0207d195fc610cce17ac\ibex_if_stage.$proc$/work/src/ibex_if_stage.v:238$1812'.
No latch inferred for signal `$paramod$9965f29857664148d24e0207d195fc610cce17ac\ibex_if_stage.\irq_vec' from process `$paramod$9965f29857664148d24e0207d195fc610cce17ac\ibex_if_stage.$proc$/work/src/ibex_if_stage.v:238$1812'.
No latch inferred for signal `$paramod$40ece52504ff00c302be66a0111a4ec3d1608ab5\ibex_register_file_ff.\_sv2v_0' from process `$paramod$40ece52504ff00c302be66a0111a4ec3d1608ab5\ibex_register_file_ff.$proc$/work/src/ibex_register_file_ff.v:0$988'.
No latch inferred for signal `$paramod$40ece52504ff00c302be66a0111a4ec3d1608ab5\ibex_register_file_ff.$mem2reg_rd$\g_plain_rf.rf_reg$/work/src/ibex_register_file_ff.v:195$850_DATA' from process `$paramod$40ece52504ff00c302be66a0111a4ec3d1608ab5\ibex_register_file_ff.$proc$/work/src/ibex_register_file_ff.v:0$985'.
No latch inferred for signal `$paramod$40ece52504ff00c302be66a0111a4ec3d1608ab5\ibex_register_file_ff.$mem2reg_rd$\g_plain_rf.rf_reg$/work/src/ibex_register_file_ff.v:194$849_DATA' from process `$paramod$40ece52504ff00c302be66a0111a4ec3d1608ab5\ibex_register_file_ff.$proc$/work/src/ibex_register_file_ff.v:0$982'.
No latch inferred for signal `$paramod$40ece52504ff00c302be66a0111a4ec3d1608ab5\ibex_register_file_ff.\g_plain_rf.rf_reg[0]' from process `$paramod$40ece52504ff00c302be66a0111a4ec3d1608ab5\ibex_register_file_ff.$proc$/work/src/ibex_register_file_ff.v:0$981'.
No latch inferred for signal `$paramod$40ece52504ff00c302be66a0111a4ec3d1608ab5\ibex_register_file_ff.\g_plain_rf.rf_reg[1]' from process `$paramod$40ece52504ff00c302be66a0111a4ec3d1608ab5\ibex_register_file_ff.$proc$/work/src/ibex_register_file_ff.v:0$981'.
No latch inferred for signal `$paramod$40ece52504ff00c302be66a0111a4ec3d1608ab5\ibex_register_file_ff.\g_plain_rf.rf_reg[2]' from process `$paramod$40ece52504ff00c302be66a0111a4ec3d1608ab5\ibex_register_file_ff.$proc$/work/src/ibex_register_file_ff.v:0$981'.
No latch inferred for signal `$paramod$40ece52504ff00c302be66a0111a4ec3d1608ab5\ibex_register_file_ff.\g_plain_rf.rf_reg[3]' from process `$paramod$40ece52504ff00c302be66a0111a4ec3d1608ab5\ibex_register_file_ff.$proc$/work/src/ibex_register_file_ff.v:0$981'.
No latch inferred for signal `$paramod$40ece52504ff00c302be66a0111a4ec3d1608ab5\ibex_register_file_ff.\g_plain_rf.rf_reg[4]' from process `$paramod$40ece52504ff00c302be66a0111a4ec3d1608ab5\ibex_register_file_ff.$proc$/work/src/ibex_register_file_ff.v:0$981'.
No latch inferred for signal `$paramod$40ece52504ff00c302be66a0111a4ec3d1608ab5\ibex_register_file_ff.\g_plain_rf.rf_reg[5]' from process `$paramod$40ece52504ff00c302be66a0111a4ec3d1608ab5\ibex_register_file_ff.$proc$/work/src/ibex_register_file_ff.v:0$981'.
No latch inferred for signal `$paramod$40ece52504ff00c302be66a0111a4ec3d1608ab5\ibex_register_file_ff.\g_plain_rf.rf_reg[6]' from process `$paramod$40ece52504ff00c302be66a0111a4ec3d1608ab5\ibex_register_file_ff.$proc$/work/src/ibex_register_file_ff.v:0$981'.
No latch inferred for signal `$paramod$40ece52504ff00c302be66a0111a4ec3d1608ab5\ibex_register_file_ff.\g_plain_rf.rf_reg[7]' from process `$paramod$40ece52504ff00c302be66a0111a4ec3d1608ab5\ibex_register_file_ff.$proc$/work/src/ibex_register_file_ff.v:0$981'.
No latch inferred for signal `$paramod$40ece52504ff00c302be66a0111a4ec3d1608ab5\ibex_register_file_ff.\g_plain_rf.rf_reg[8]' from process `$paramod$40ece52504ff00c302be66a0111a4ec3d1608ab5\ibex_register_file_ff.$proc$/work/src/ibex_register_file_ff.v:0$981'.
No latch inferred for signal `$paramod$40ece52504ff00c302be66a0111a4ec3d1608ab5\ibex_register_file_ff.\g_plain_rf.rf_reg[9]' from process `$paramod$40ece52504ff00c302be66a0111a4ec3d1608ab5\ibex_register_file_ff.$proc$/work/src/ibex_register_file_ff.v:0$981'.
No latch inferred for signal `$paramod$40ece52504ff00c302be66a0111a4ec3d1608ab5\ibex_register_file_ff.\g_plain_rf.rf_reg[10]' from process `$paramod$40ece52504ff00c302be66a0111a4ec3d1608ab5\ibex_register_file_ff.$proc$/work/src/ibex_register_file_ff.v:0$981'.
No latch inferred for signal `$paramod$40ece52504ff00c302be66a0111a4ec3d1608ab5\ibex_register_file_ff.\g_plain_rf.rf_reg[11]' from process `$paramod$40ece52504ff00c302be66a0111a4ec3d1608ab5\ibex_register_file_ff.$proc$/work/src/ibex_register_file_ff.v:0$981'.
No latch inferred for signal `$paramod$40ece52504ff00c302be66a0111a4ec3d1608ab5\ibex_register_file_ff.\g_plain_rf.rf_reg[12]' from process `$paramod$40ece52504ff00c302be66a0111a4ec3d1608ab5\ibex_register_file_ff.$proc$/work/src/ibex_register_file_ff.v:0$981'.
No latch inferred for signal `$paramod$40ece52504ff00c302be66a0111a4ec3d1608ab5\ibex_register_file_ff.\g_plain_rf.rf_reg[13]' from process `$paramod$40ece52504ff00c302be66a0111a4ec3d1608ab5\ibex_register_file_ff.$proc$/work/src/ibex_register_file_ff.v:0$981'.
No latch inferred for signal `$paramod$40ece52504ff00c302be66a0111a4ec3d1608ab5\ibex_register_file_ff.\g_plain_rf.rf_reg[14]' from process `$paramod$40ece52504ff00c302be66a0111a4ec3d1608ab5\ibex_register_file_ff.$proc$/work/src/ibex_register_file_ff.v:0$981'.
No latch inferred for signal `$paramod$40ece52504ff00c302be66a0111a4ec3d1608ab5\ibex_register_file_ff.\g_plain_rf.rf_reg[15]' from process `$paramod$40ece52504ff00c302be66a0111a4ec3d1608ab5\ibex_register_file_ff.$proc$/work/src/ibex_register_file_ff.v:0$981'.
No latch inferred for signal `$paramod$40ece52504ff00c302be66a0111a4ec3d1608ab5\ibex_register_file_ff.\g_plain_rf.rf_reg[16]' from process `$paramod$40ece52504ff00c302be66a0111a4ec3d1608ab5\ibex_register_file_ff.$proc$/work/src/ibex_register_file_ff.v:0$981'.
No latch inferred for signal `$paramod$40ece52504ff00c302be66a0111a4ec3d1608ab5\ibex_register_file_ff.\g_plain_rf.rf_reg[17]' from process `$paramod$40ece52504ff00c302be66a0111a4ec3d1608ab5\ibex_register_file_ff.$proc$/work/src/ibex_register_file_ff.v:0$981'.
No latch inferred for signal `$paramod$40ece52504ff00c302be66a0111a4ec3d1608ab5\ibex_register_file_ff.\g_plain_rf.rf_reg[18]' from process `$paramod$40ece52504ff00c302be66a0111a4ec3d1608ab5\ibex_register_file_ff.$proc$/work/src/ibex_register_file_ff.v:0$981'.
No latch inferred for signal `$paramod$40ece52504ff00c302be66a0111a4ec3d1608ab5\ibex_register_file_ff.\g_plain_rf.rf_reg[19]' from process `$paramod$40ece52504ff00c302be66a0111a4ec3d1608ab5\ibex_register_file_ff.$proc$/work/src/ibex_register_file_ff.v:0$981'.
No latch inferred for signal `$paramod$40ece52504ff00c302be66a0111a4ec3d1608ab5\ibex_register_file_ff.\g_plain_rf.rf_reg[20]' from process `$paramod$40ece52504ff00c302be66a0111a4ec3d1608ab5\ibex_register_file_ff.$proc$/work/src/ibex_register_file_ff.v:0$981'.
No latch inferred for signal `$paramod$40ece52504ff00c302be66a0111a4ec3d1608ab5\ibex_register_file_ff.\g_plain_rf.rf_reg[21]' from process `$paramod$40ece52504ff00c302be66a0111a4ec3d1608ab5\ibex_register_file_ff.$proc$/work/src/ibex_register_file_ff.v:0$981'.
No latch inferred for signal `$paramod$40ece52504ff00c302be66a0111a4ec3d1608ab5\ibex_register_file_ff.\g_plain_rf.rf_reg[22]' from process `$paramod$40ece52504ff00c302be66a0111a4ec3d1608ab5\ibex_register_file_ff.$proc$/work/src/ibex_register_file_ff.v:0$981'.
No latch inferred for signal `$paramod$40ece52504ff00c302be66a0111a4ec3d1608ab5\ibex_register_file_ff.\g_plain_rf.rf_reg[23]' from process `$paramod$40ece52504ff00c302be66a0111a4ec3d1608ab5\ibex_register_file_ff.$proc$/work/src/ibex_register_file_ff.v:0$981'.
No latch inferred for signal `$paramod$40ece52504ff00c302be66a0111a4ec3d1608ab5\ibex_register_file_ff.\g_plain_rf.rf_reg[24]' from process `$paramod$40ece52504ff00c302be66a0111a4ec3d1608ab5\ibex_register_file_ff.$proc$/work/src/ibex_register_file_ff.v:0$981'.
No latch inferred for signal `$paramod$40ece52504ff00c302be66a0111a4ec3d1608ab5\ibex_register_file_ff.\g_plain_rf.rf_reg[25]' from process `$paramod$40ece52504ff00c302be66a0111a4ec3d1608ab5\ibex_register_file_ff.$proc$/work/src/ibex_register_file_ff.v:0$981'.
No latch inferred for signal `$paramod$40ece52504ff00c302be66a0111a4ec3d1608ab5\ibex_register_file_ff.\g_plain_rf.rf_reg[26]' from process `$paramod$40ece52504ff00c302be66a0111a4ec3d1608ab5\ibex_register_file_ff.$proc$/work/src/ibex_register_file_ff.v:0$981'.
No latch inferred for signal `$paramod$40ece52504ff00c302be66a0111a4ec3d1608ab5\ibex_register_file_ff.\g_plain_rf.rf_reg[27]' from process `$paramod$40ece52504ff00c302be66a0111a4ec3d1608ab5\ibex_register_file_ff.$proc$/work/src/ibex_register_file_ff.v:0$981'.
No latch inferred for signal `$paramod$40ece52504ff00c302be66a0111a4ec3d1608ab5\ibex_register_file_ff.\g_plain_rf.rf_reg[28]' from process `$paramod$40ece52504ff00c302be66a0111a4ec3d1608ab5\ibex_register_file_ff.$proc$/work/src/ibex_register_file_ff.v:0$981'.
No latch inferred for signal `$paramod$40ece52504ff00c302be66a0111a4ec3d1608ab5\ibex_register_file_ff.\g_plain_rf.rf_reg[29]' from process `$paramod$40ece52504ff00c302be66a0111a4ec3d1608ab5\ibex_register_file_ff.$proc$/work/src/ibex_register_file_ff.v:0$981'.
No latch inferred for signal `$paramod$40ece52504ff00c302be66a0111a4ec3d1608ab5\ibex_register_file_ff.\g_plain_rf.rf_reg[30]' from process `$paramod$40ece52504ff00c302be66a0111a4ec3d1608ab5\ibex_register_file_ff.$proc$/work/src/ibex_register_file_ff.v:0$981'.
No latch inferred for signal `$paramod$40ece52504ff00c302be66a0111a4ec3d1608ab5\ibex_register_file_ff.\g_plain_rf.rf_reg[31]' from process `$paramod$40ece52504ff00c302be66a0111a4ec3d1608ab5\ibex_register_file_ff.$proc$/work/src/ibex_register_file_ff.v:0$981'.
No latch inferred for signal `$paramod$40ece52504ff00c302be66a0111a4ec3d1608ab5\ibex_register_file_ff.\g_plain_rf.we_a_dec' from process `$paramod$40ece52504ff00c302be66a0111a4ec3d1608ab5\ibex_register_file_ff.$proc$/work/src/ibex_register_file_ff.v:156$851'.
No latch inferred for signal `$paramod$40ece52504ff00c302be66a0111a4ec3d1608ab5\ibex_register_file_ff.\g_plain_rf.we_a_decoder.sv2v_autoblock_2.i' from process `$paramod$40ece52504ff00c302be66a0111a4ec3d1608ab5\ibex_register_file_ff.$proc$/work/src/ibex_register_file_ff.v:156$851'.
No latch inferred for signal `$paramod$c16eccae153ba9fb8fce8498c4f7e85e78010c3f\ibex_counter.\_sv2v_0' from process `$paramod$c16eccae153ba9fb8fce8498c4f7e85e78010c3f\ibex_counter.$proc$/work/src/ibex_counter.v:0$2481'.
No latch inferred for signal `$paramod$c16eccae153ba9fb8fce8498c4f7e85e78010c3f\ibex_counter.\counter_load' from process `$paramod$c16eccae153ba9fb8fce8498c4f7e85e78010c3f\ibex_counter.$proc$/work/src/ibex_counter.v:28$2477'.
No latch inferred for signal `$paramod$c16eccae153ba9fb8fce8498c4f7e85e78010c3f\ibex_counter.\we' from process `$paramod$c16eccae153ba9fb8fce8498c4f7e85e78010c3f\ibex_counter.$proc$/work/src/ibex_counter.v:28$2477'.
No latch inferred for signal `$paramod$c16eccae153ba9fb8fce8498c4f7e85e78010c3f\ibex_counter.\counter_d' from process `$paramod$c16eccae153ba9fb8fce8498c4f7e85e78010c3f\ibex_counter.$proc$/work/src/ibex_counter.v:28$2477'.
No latch inferred for signal `$paramod\ibex_fetch_fifo\NUM_REQS=32'00000000000000000000000000000010\ResetAll=1'1.\_sv2v_0' from process `$paramod\ibex_fetch_fifo\NUM_REQS=32'00000000000000000000000000000010\ResetAll=1'1.$proc$/work/src/ibex_fetch_fifo.v:0$2896'.
No latch inferred for signal `$paramod\ibex_fetch_fifo\NUM_REQS=32'00000000000000000000000000000010\ResetAll=1'1.\out_err_plus2_o' from process `$paramod\ibex_fetch_fifo\NUM_REQS=32'00000000000000000000000000000010\ResetAll=1'1.$proc$/work/src/ibex_fetch_fifo.v:72$2840'.
No latch inferred for signal `$paramod\ibex_fetch_fifo\NUM_REQS=32'00000000000000000000000000000010\ResetAll=1'1.\out_err_o' from process `$paramod\ibex_fetch_fifo\NUM_REQS=32'00000000000000000000000000000010\ResetAll=1'1.$proc$/work/src/ibex_fetch_fifo.v:72$2840'.
No latch inferred for signal `$paramod\ibex_fetch_fifo\NUM_REQS=32'00000000000000000000000000000010\ResetAll=1'1.\out_rdata_o' from process `$paramod\ibex_fetch_fifo\NUM_REQS=32'00000000000000000000000000000010\ResetAll=1'1.$proc$/work/src/ibex_fetch_fifo.v:72$2840'.
No latch inferred for signal `$paramod\ibex_fetch_fifo\NUM_REQS=32'00000000000000000000000000000010\ResetAll=1'1.\out_valid_o' from process `$paramod\ibex_fetch_fifo\NUM_REQS=32'00000000000000000000000000000010\ResetAll=1'1.$proc$/work/src/ibex_fetch_fifo.v:72$2840'.
No latch inferred for signal `$paramod$38aa04165534c75a0a4935f073a2885eaa0a33f1\ibex_cs_registers.\_sv2v_0' from process `$paramod$38aa04165534c75a0a4935f073a2885eaa0a33f1\ibex_cs_registers.$proc$/work/src/ibex_cs_registers.v:0$2810'.
No latch inferred for signal `$paramod$38aa04165534c75a0a4935f073a2885eaa0a33f1\ibex_cs_registers.\pmp_cfg_rdata[0]' from process `$paramod$38aa04165534c75a0a4935f073a2885eaa0a33f1\ibex_cs_registers.$proc$/work/src/ibex_cs_registers.v:0$2806'.
No latch inferred for signal `$paramod$38aa04165534c75a0a4935f073a2885eaa0a33f1\ibex_cs_registers.\pmp_cfg_rdata[1]' from process `$paramod$38aa04165534c75a0a4935f073a2885eaa0a33f1\ibex_cs_registers.$proc$/work/src/ibex_cs_registers.v:0$2806'.
No latch inferred for signal `$paramod$38aa04165534c75a0a4935f073a2885eaa0a33f1\ibex_cs_registers.\pmp_cfg_rdata[2]' from process `$paramod$38aa04165534c75a0a4935f073a2885eaa0a33f1\ibex_cs_registers.$proc$/work/src/ibex_cs_registers.v:0$2806'.
No latch inferred for signal `$paramod$38aa04165534c75a0a4935f073a2885eaa0a33f1\ibex_cs_registers.\pmp_cfg_rdata[3]' from process `$paramod$38aa04165534c75a0a4935f073a2885eaa0a33f1\ibex_cs_registers.$proc$/work/src/ibex_cs_registers.v:0$2806'.
No latch inferred for signal `$paramod$38aa04165534c75a0a4935f073a2885eaa0a33f1\ibex_cs_registers.\pmp_cfg_rdata[4]' from process `$paramod$38aa04165534c75a0a4935f073a2885eaa0a33f1\ibex_cs_registers.$proc$/work/src/ibex_cs_registers.v:0$2806'.
No latch inferred for signal `$paramod$38aa04165534c75a0a4935f073a2885eaa0a33f1\ibex_cs_registers.\pmp_cfg_rdata[5]' from process `$paramod$38aa04165534c75a0a4935f073a2885eaa0a33f1\ibex_cs_registers.$proc$/work/src/ibex_cs_registers.v:0$2806'.
No latch inferred for signal `$paramod$38aa04165534c75a0a4935f073a2885eaa0a33f1\ibex_cs_registers.\pmp_cfg_rdata[6]' from process `$paramod$38aa04165534c75a0a4935f073a2885eaa0a33f1\ibex_cs_registers.$proc$/work/src/ibex_cs_registers.v:0$2806'.
No latch inferred for signal `$paramod$38aa04165534c75a0a4935f073a2885eaa0a33f1\ibex_cs_registers.\pmp_cfg_rdata[7]' from process `$paramod$38aa04165534c75a0a4935f073a2885eaa0a33f1\ibex_cs_registers.$proc$/work/src/ibex_cs_registers.v:0$2806'.
No latch inferred for signal `$paramod$38aa04165534c75a0a4935f073a2885eaa0a33f1\ibex_cs_registers.\pmp_cfg_rdata[8]' from process `$paramod$38aa04165534c75a0a4935f073a2885eaa0a33f1\ibex_cs_registers.$proc$/work/src/ibex_cs_registers.v:0$2806'.
No latch inferred for signal `$paramod$38aa04165534c75a0a4935f073a2885eaa0a33f1\ibex_cs_registers.\pmp_cfg_rdata[9]' from process `$paramod$38aa04165534c75a0a4935f073a2885eaa0a33f1\ibex_cs_registers.$proc$/work/src/ibex_cs_registers.v:0$2806'.
No latch inferred for signal `$paramod$38aa04165534c75a0a4935f073a2885eaa0a33f1\ibex_cs_registers.\pmp_cfg_rdata[10]' from process `$paramod$38aa04165534c75a0a4935f073a2885eaa0a33f1\ibex_cs_registers.$proc$/work/src/ibex_cs_registers.v:0$2806'.
No latch inferred for signal `$paramod$38aa04165534c75a0a4935f073a2885eaa0a33f1\ibex_cs_registers.\pmp_cfg_rdata[11]' from process `$paramod$38aa04165534c75a0a4935f073a2885eaa0a33f1\ibex_cs_registers.$proc$/work/src/ibex_cs_registers.v:0$2806'.
No latch inferred for signal `$paramod$38aa04165534c75a0a4935f073a2885eaa0a33f1\ibex_cs_registers.\pmp_cfg_rdata[12]' from process `$paramod$38aa04165534c75a0a4935f073a2885eaa0a33f1\ibex_cs_registers.$proc$/work/src/ibex_cs_registers.v:0$2806'.
No latch inferred for signal `$paramod$38aa04165534c75a0a4935f073a2885eaa0a33f1\ibex_cs_registers.\pmp_cfg_rdata[13]' from process `$paramod$38aa04165534c75a0a4935f073a2885eaa0a33f1\ibex_cs_registers.$proc$/work/src/ibex_cs_registers.v:0$2806'.
No latch inferred for signal `$paramod$38aa04165534c75a0a4935f073a2885eaa0a33f1\ibex_cs_registers.\pmp_cfg_rdata[14]' from process `$paramod$38aa04165534c75a0a4935f073a2885eaa0a33f1\ibex_cs_registers.$proc$/work/src/ibex_cs_registers.v:0$2806'.
No latch inferred for signal `$paramod$38aa04165534c75a0a4935f073a2885eaa0a33f1\ibex_cs_registers.\pmp_cfg_rdata[15]' from process `$paramod$38aa04165534c75a0a4935f073a2885eaa0a33f1\ibex_cs_registers.$proc$/work/src/ibex_cs_registers.v:0$2806'.
No latch inferred for signal `$paramod$38aa04165534c75a0a4935f073a2885eaa0a33f1\ibex_cs_registers.\mhpmcounter[0]' from process `$paramod$38aa04165534c75a0a4935f073a2885eaa0a33f1\ibex_cs_registers.$proc$/work/src/ibex_cs_registers.v:0$2806'.
No latch inferred for signal `$paramod$38aa04165534c75a0a4935f073a2885eaa0a33f1\ibex_cs_registers.\mhpmcounter[1]' from process `$paramod$38aa04165534c75a0a4935f073a2885eaa0a33f1\ibex_cs_registers.$proc$/work/src/ibex_cs_registers.v:0$2806'.
No latch inferred for signal `$paramod$38aa04165534c75a0a4935f073a2885eaa0a33f1\ibex_cs_registers.\mhpmcounter[2]' from process `$paramod$38aa04165534c75a0a4935f073a2885eaa0a33f1\ibex_cs_registers.$proc$/work/src/ibex_cs_registers.v:0$2806'.
No latch inferred for signal `$paramod$38aa04165534c75a0a4935f073a2885eaa0a33f1\ibex_cs_registers.\mhpmcounter[3]' from process `$paramod$38aa04165534c75a0a4935f073a2885eaa0a33f1\ibex_cs_registers.$proc$/work/src/ibex_cs_registers.v:0$2806'.
No latch inferred for signal `$paramod$38aa04165534c75a0a4935f073a2885eaa0a33f1\ibex_cs_registers.\mhpmcounter[4]' from process `$paramod$38aa04165534c75a0a4935f073a2885eaa0a33f1\ibex_cs_registers.$proc$/work/src/ibex_cs_registers.v:0$2806'.
No latch inferred for signal `$paramod$38aa04165534c75a0a4935f073a2885eaa0a33f1\ibex_cs_registers.\mhpmcounter[5]' from process `$paramod$38aa04165534c75a0a4935f073a2885eaa0a33f1\ibex_cs_registers.$proc$/work/src/ibex_cs_registers.v:0$2806'.
No latch inferred for signal `$paramod$38aa04165534c75a0a4935f073a2885eaa0a33f1\ibex_cs_registers.\mhpmcounter[6]' from process `$paramod$38aa04165534c75a0a4935f073a2885eaa0a33f1\ibex_cs_registers.$proc$/work/src/ibex_cs_registers.v:0$2806'.
No latch inferred for signal `$paramod$38aa04165534c75a0a4935f073a2885eaa0a33f1\ibex_cs_registers.\mhpmcounter[7]' from process `$paramod$38aa04165534c75a0a4935f073a2885eaa0a33f1\ibex_cs_registers.$proc$/work/src/ibex_cs_registers.v:0$2806'.
No latch inferred for signal `$paramod$38aa04165534c75a0a4935f073a2885eaa0a33f1\ibex_cs_registers.\mhpmcounter[8]' from process `$paramod$38aa04165534c75a0a4935f073a2885eaa0a33f1\ibex_cs_registers.$proc$/work/src/ibex_cs_registers.v:0$2806'.
No latch inferred for signal `$paramod$38aa04165534c75a0a4935f073a2885eaa0a33f1\ibex_cs_registers.\mhpmcounter[9]' from process `$paramod$38aa04165534c75a0a4935f073a2885eaa0a33f1\ibex_cs_registers.$proc$/work/src/ibex_cs_registers.v:0$2806'.
No latch inferred for signal `$paramod$38aa04165534c75a0a4935f073a2885eaa0a33f1\ibex_cs_registers.\mhpmcounter[10]' from process `$paramod$38aa04165534c75a0a4935f073a2885eaa0a33f1\ibex_cs_registers.$proc$/work/src/ibex_cs_registers.v:0$2806'.
No latch inferred for signal `$paramod$38aa04165534c75a0a4935f073a2885eaa0a33f1\ibex_cs_registers.\mhpmcounter[11]' from process `$paramod$38aa04165534c75a0a4935f073a2885eaa0a33f1\ibex_cs_registers.$proc$/work/src/ibex_cs_registers.v:0$2806'.
No latch inferred for signal `$paramod$38aa04165534c75a0a4935f073a2885eaa0a33f1\ibex_cs_registers.\mhpmcounter[12]' from process `$paramod$38aa04165534c75a0a4935f073a2885eaa0a33f1\ibex_cs_registers.$proc$/work/src/ibex_cs_registers.v:0$2806'.
No latch inferred for signal `$paramod$38aa04165534c75a0a4935f073a2885eaa0a33f1\ibex_cs_registers.\mhpmcounter[13]' from process `$paramod$38aa04165534c75a0a4935f073a2885eaa0a33f1\ibex_cs_registers.$proc$/work/src/ibex_cs_registers.v:0$2806'.
No latch inferred for signal `$paramod$38aa04165534c75a0a4935f073a2885eaa0a33f1\ibex_cs_registers.\mhpmcounter[14]' from process `$paramod$38aa04165534c75a0a4935f073a2885eaa0a33f1\ibex_cs_registers.$proc$/work/src/ibex_cs_registers.v:0$2806'.
No latch inferred for signal `$paramod$38aa04165534c75a0a4935f073a2885eaa0a33f1\ibex_cs_registers.\mhpmcounter[15]' from process `$paramod$38aa04165534c75a0a4935f073a2885eaa0a33f1\ibex_cs_registers.$proc$/work/src/ibex_cs_registers.v:0$2806'.
No latch inferred for signal `$paramod$38aa04165534c75a0a4935f073a2885eaa0a33f1\ibex_cs_registers.\mhpmcounter[16]' from process `$paramod$38aa04165534c75a0a4935f073a2885eaa0a33f1\ibex_cs_registers.$proc$/work/src/ibex_cs_registers.v:0$2806'.
No latch inferred for signal `$paramod$38aa04165534c75a0a4935f073a2885eaa0a33f1\ibex_cs_registers.\mhpmcounter[17]' from process `$paramod$38aa04165534c75a0a4935f073a2885eaa0a33f1\ibex_cs_registers.$proc$/work/src/ibex_cs_registers.v:0$2806'.
No latch inferred for signal `$paramod$38aa04165534c75a0a4935f073a2885eaa0a33f1\ibex_cs_registers.\mhpmcounter[18]' from process `$paramod$38aa04165534c75a0a4935f073a2885eaa0a33f1\ibex_cs_registers.$proc$/work/src/ibex_cs_registers.v:0$2806'.
No latch inferred for signal `$paramod$38aa04165534c75a0a4935f073a2885eaa0a33f1\ibex_cs_registers.\mhpmcounter[19]' from process `$paramod$38aa04165534c75a0a4935f073a2885eaa0a33f1\ibex_cs_registers.$proc$/work/src/ibex_cs_registers.v:0$2806'.
No latch inferred for signal `$paramod$38aa04165534c75a0a4935f073a2885eaa0a33f1\ibex_cs_registers.\mhpmcounter[20]' from process `$paramod$38aa04165534c75a0a4935f073a2885eaa0a33f1\ibex_cs_registers.$proc$/work/src/ibex_cs_registers.v:0$2806'.
No latch inferred for signal `$paramod$38aa04165534c75a0a4935f073a2885eaa0a33f1\ibex_cs_registers.\mhpmcounter[21]' from process `$paramod$38aa04165534c75a0a4935f073a2885eaa0a33f1\ibex_cs_registers.$proc$/work/src/ibex_cs_registers.v:0$2806'.
No latch inferred for signal `$paramod$38aa04165534c75a0a4935f073a2885eaa0a33f1\ibex_cs_registers.\mhpmcounter[22]' from process `$paramod$38aa04165534c75a0a4935f073a2885eaa0a33f1\ibex_cs_registers.$proc$/work/src/ibex_cs_registers.v:0$2806'.
No latch inferred for signal `$paramod$38aa04165534c75a0a4935f073a2885eaa0a33f1\ibex_cs_registers.\mhpmcounter[23]' from process `$paramod$38aa04165534c75a0a4935f073a2885eaa0a33f1\ibex_cs_registers.$proc$/work/src/ibex_cs_registers.v:0$2806'.
No latch inferred for signal `$paramod$38aa04165534c75a0a4935f073a2885eaa0a33f1\ibex_cs_registers.\mhpmcounter[24]' from process `$paramod$38aa04165534c75a0a4935f073a2885eaa0a33f1\ibex_cs_registers.$proc$/work/src/ibex_cs_registers.v:0$2806'.
No latch inferred for signal `$paramod$38aa04165534c75a0a4935f073a2885eaa0a33f1\ibex_cs_registers.\mhpmcounter[25]' from process `$paramod$38aa04165534c75a0a4935f073a2885eaa0a33f1\ibex_cs_registers.$proc$/work/src/ibex_cs_registers.v:0$2806'.
No latch inferred for signal `$paramod$38aa04165534c75a0a4935f073a2885eaa0a33f1\ibex_cs_registers.\mhpmcounter[26]' from process `$paramod$38aa04165534c75a0a4935f073a2885eaa0a33f1\ibex_cs_registers.$proc$/work/src/ibex_cs_registers.v:0$2806'.
No latch inferred for signal `$paramod$38aa04165534c75a0a4935f073a2885eaa0a33f1\ibex_cs_registers.\mhpmcounter[27]' from process `$paramod$38aa04165534c75a0a4935f073a2885eaa0a33f1\ibex_cs_registers.$proc$/work/src/ibex_cs_registers.v:0$2806'.
No latch inferred for signal `$paramod$38aa04165534c75a0a4935f073a2885eaa0a33f1\ibex_cs_registers.\mhpmcounter[28]' from process `$paramod$38aa04165534c75a0a4935f073a2885eaa0a33f1\ibex_cs_registers.$proc$/work/src/ibex_cs_registers.v:0$2806'.
No latch inferred for signal `$paramod$38aa04165534c75a0a4935f073a2885eaa0a33f1\ibex_cs_registers.\mhpmcounter[29]' from process `$paramod$38aa04165534c75a0a4935f073a2885eaa0a33f1\ibex_cs_registers.$proc$/work/src/ibex_cs_registers.v:0$2806'.
No latch inferred for signal `$paramod$38aa04165534c75a0a4935f073a2885eaa0a33f1\ibex_cs_registers.\mhpmcounter[30]' from process `$paramod$38aa04165534c75a0a4935f073a2885eaa0a33f1\ibex_cs_registers.$proc$/work/src/ibex_cs_registers.v:0$2806'.
No latch inferred for signal `$paramod$38aa04165534c75a0a4935f073a2885eaa0a33f1\ibex_cs_registers.\mhpmcounter[31]' from process `$paramod$38aa04165534c75a0a4935f073a2885eaa0a33f1\ibex_cs_registers.$proc$/work/src/ibex_cs_registers.v:0$2806'.
No latch inferred for signal `$paramod$38aa04165534c75a0a4935f073a2885eaa0a33f1\ibex_cs_registers.\dscratch1_cap' from process `$paramod$38aa04165534c75a0a4935f073a2885eaa0a33f1\ibex_cs_registers.$proc$/work/src/ibex_cs_registers.v:1909$2781'.
No latch inferred for signal `$paramod$38aa04165534c75a0a4935f073a2885eaa0a33f1\ibex_cs_registers.\dscratch0_cap' from process `$paramod$38aa04165534c75a0a4935f073a2885eaa0a33f1\ibex_cs_registers.$proc$/work/src/ibex_cs_registers.v:1906$2780'.
No latch inferred for signal `$paramod$38aa04165534c75a0a4935f073a2885eaa0a33f1\ibex_cs_registers.\depc_cap' from process `$paramod$38aa04165534c75a0a4935f073a2885eaa0a33f1\ibex_cs_registers.$proc$/work/src/ibex_cs_registers.v:1903$2779'.
No latch inferred for signal `$paramod$38aa04165534c75a0a4935f073a2885eaa0a33f1\ibex_cs_registers.\mtvec_cap' from process `$paramod$38aa04165534c75a0a4935f073a2885eaa0a33f1\ibex_cs_registers.$proc$/work/src/ibex_cs_registers.v:1900$2778'.
No latch inferred for signal `$paramod$38aa04165534c75a0a4935f073a2885eaa0a33f1\ibex_cs_registers.\mepc_cap' from process `$paramod$38aa04165534c75a0a4935f073a2885eaa0a33f1\ibex_cs_registers.$proc$/work/src/ibex_cs_registers.v:1897$2777'.
No latch inferred for signal `$paramod$38aa04165534c75a0a4935f073a2885eaa0a33f1\ibex_cs_registers.\pcc_cap_d' from process `$paramod$38aa04165534c75a0a4935f073a2885eaa0a33f1\ibex_cs_registers.$proc$/work/src/ibex_cs_registers.v:1894$2776'.
No latch inferred for signal `$paramod$38aa04165534c75a0a4935f073a2885eaa0a33f1\ibex_cs_registers.\pcc_cap_q' from process `$paramod$38aa04165534c75a0a4935f073a2885eaa0a33f1\ibex_cs_registers.$proc$/work/src/ibex_cs_registers.v:1891$2775'.
No latch inferred for signal `$paramod$38aa04165534c75a0a4935f073a2885eaa0a33f1\ibex_cs_registers.\cheriot_csr_rcap_o' from process `$paramod$38aa04165534c75a0a4935f073a2885eaa0a33f1\ibex_cs_registers.$proc$/work/src/ibex_cs_registers.v:1887$2774'.
No latch inferred for signal `$paramod$38aa04165534c75a0a4935f073a2885eaa0a33f1\ibex_cs_registers.\cheriot_csr_rdata_o' from process `$paramod$38aa04165534c75a0a4935f073a2885eaa0a33f1\ibex_cs_registers.$proc$/work/src/ibex_cs_registers.v:1884$2773'.
No latch inferred for signal `$paramod$38aa04165534c75a0a4935f073a2885eaa0a33f1\ibex_cs_registers.\pmp_addr_rdata[15]' from process `$paramod$38aa04165534c75a0a4935f073a2885eaa0a33f1\ibex_cs_registers.$proc$/work/src/ibex_cs_registers.v:1148$2770'.
No latch inferred for signal `$paramod$38aa04165534c75a0a4935f073a2885eaa0a33f1\ibex_cs_registers.\pmp_addr_rdata[14]' from process `$paramod$38aa04165534c75a0a4935f073a2885eaa0a33f1\ibex_cs_registers.$proc$/work/src/ibex_cs_registers.v:1148$2769'.
No latch inferred for signal `$paramod$38aa04165534c75a0a4935f073a2885eaa0a33f1\ibex_cs_registers.\pmp_addr_rdata[13]' from process `$paramod$38aa04165534c75a0a4935f073a2885eaa0a33f1\ibex_cs_registers.$proc$/work/src/ibex_cs_registers.v:1148$2768'.
No latch inferred for signal `$paramod$38aa04165534c75a0a4935f073a2885eaa0a33f1\ibex_cs_registers.\pmp_addr_rdata[12]' from process `$paramod$38aa04165534c75a0a4935f073a2885eaa0a33f1\ibex_cs_registers.$proc$/work/src/ibex_cs_registers.v:1148$2767'.
No latch inferred for signal `$paramod$38aa04165534c75a0a4935f073a2885eaa0a33f1\ibex_cs_registers.\pmp_addr_rdata[11]' from process `$paramod$38aa04165534c75a0a4935f073a2885eaa0a33f1\ibex_cs_registers.$proc$/work/src/ibex_cs_registers.v:1148$2766'.
No latch inferred for signal `$paramod$38aa04165534c75a0a4935f073a2885eaa0a33f1\ibex_cs_registers.\pmp_addr_rdata[10]' from process `$paramod$38aa04165534c75a0a4935f073a2885eaa0a33f1\ibex_cs_registers.$proc$/work/src/ibex_cs_registers.v:1148$2765'.
No latch inferred for signal `$paramod$38aa04165534c75a0a4935f073a2885eaa0a33f1\ibex_cs_registers.\pmp_addr_rdata[9]' from process `$paramod$38aa04165534c75a0a4935f073a2885eaa0a33f1\ibex_cs_registers.$proc$/work/src/ibex_cs_registers.v:1148$2764'.
No latch inferred for signal `$paramod$38aa04165534c75a0a4935f073a2885eaa0a33f1\ibex_cs_registers.\pmp_addr_rdata[8]' from process `$paramod$38aa04165534c75a0a4935f073a2885eaa0a33f1\ibex_cs_registers.$proc$/work/src/ibex_cs_registers.v:1148$2763'.
No latch inferred for signal `$paramod$38aa04165534c75a0a4935f073a2885eaa0a33f1\ibex_cs_registers.\pmp_addr_rdata[7]' from process `$paramod$38aa04165534c75a0a4935f073a2885eaa0a33f1\ibex_cs_registers.$proc$/work/src/ibex_cs_registers.v:1148$2762'.
No latch inferred for signal `$paramod$38aa04165534c75a0a4935f073a2885eaa0a33f1\ibex_cs_registers.\pmp_addr_rdata[6]' from process `$paramod$38aa04165534c75a0a4935f073a2885eaa0a33f1\ibex_cs_registers.$proc$/work/src/ibex_cs_registers.v:1148$2761'.
No latch inferred for signal `$paramod$38aa04165534c75a0a4935f073a2885eaa0a33f1\ibex_cs_registers.\pmp_addr_rdata[5]' from process `$paramod$38aa04165534c75a0a4935f073a2885eaa0a33f1\ibex_cs_registers.$proc$/work/src/ibex_cs_registers.v:1148$2760'.
No latch inferred for signal `$paramod$38aa04165534c75a0a4935f073a2885eaa0a33f1\ibex_cs_registers.\pmp_addr_rdata[4]' from process `$paramod$38aa04165534c75a0a4935f073a2885eaa0a33f1\ibex_cs_registers.$proc$/work/src/ibex_cs_registers.v:1148$2759'.
No latch inferred for signal `$paramod$38aa04165534c75a0a4935f073a2885eaa0a33f1\ibex_cs_registers.\pmp_addr_rdata[3]' from process `$paramod$38aa04165534c75a0a4935f073a2885eaa0a33f1\ibex_cs_registers.$proc$/work/src/ibex_cs_registers.v:1148$2758'.
No latch inferred for signal `$paramod$38aa04165534c75a0a4935f073a2885eaa0a33f1\ibex_cs_registers.\pmp_addr_rdata[2]' from process `$paramod$38aa04165534c75a0a4935f073a2885eaa0a33f1\ibex_cs_registers.$proc$/work/src/ibex_cs_registers.v:1148$2757'.
No latch inferred for signal `$paramod$38aa04165534c75a0a4935f073a2885eaa0a33f1\ibex_cs_registers.\pmp_addr_rdata[1]' from process `$paramod$38aa04165534c75a0a4935f073a2885eaa0a33f1\ibex_cs_registers.$proc$/work/src/ibex_cs_registers.v:1148$2756'.
No latch inferred for signal `$paramod$38aa04165534c75a0a4935f073a2885eaa0a33f1\ibex_cs_registers.\pmp_addr_rdata[0]' from process `$paramod$38aa04165534c75a0a4935f073a2885eaa0a33f1\ibex_cs_registers.$proc$/work/src/ibex_cs_registers.v:1148$2755'.
No latch inferred for signal `$paramod$38aa04165534c75a0a4935f073a2885eaa0a33f1\ibex_cs_registers.\gen_mhpmevent.sv2v_autoblock_2.i' from process `$paramod$38aa04165534c75a0a4935f073a2885eaa0a33f1\ibex_cs_registers.$proc$/work/src/ibex_cs_registers.v:1206$2741'.
No latch inferred for signal `$paramod$38aa04165534c75a0a4935f073a2885eaa0a33f1\ibex_cs_registers.\gen_mhpmevent.sv2v_autoblock_3.i' from process `$paramod$38aa04165534c75a0a4935f073a2885eaa0a33f1\ibex_cs_registers.$proc$/work/src/ibex_cs_registers.v:1206$2741'.
No latch inferred for signal `$paramod$38aa04165534c75a0a4935f073a2885eaa0a33f1\ibex_cs_registers.\mhpmevent[0]' from process `$paramod$38aa04165534c75a0a4935f073a2885eaa0a33f1\ibex_cs_registers.$proc$/work/src/ibex_cs_registers.v:1206$2741'.
No latch inferred for signal `$paramod$38aa04165534c75a0a4935f073a2885eaa0a33f1\ibex_cs_registers.\mhpmevent[1]' from process `$paramod$38aa04165534c75a0a4935f073a2885eaa0a33f1\ibex_cs_registers.$proc$/work/src/ibex_cs_registers.v:1206$2741'.
No latch inferred for signal `$paramod$38aa04165534c75a0a4935f073a2885eaa0a33f1\ibex_cs_registers.\mhpmevent[2]' from process `$paramod$38aa04165534c75a0a4935f073a2885eaa0a33f1\ibex_cs_registers.$proc$/work/src/ibex_cs_registers.v:1206$2741'.
No latch inferred for signal `$paramod$38aa04165534c75a0a4935f073a2885eaa0a33f1\ibex_cs_registers.\mhpmevent[3]' from process `$paramod$38aa04165534c75a0a4935f073a2885eaa0a33f1\ibex_cs_registers.$proc$/work/src/ibex_cs_registers.v:1206$2741'.
No latch inferred for signal `$paramod$38aa04165534c75a0a4935f073a2885eaa0a33f1\ibex_cs_registers.\mhpmevent[4]' from process `$paramod$38aa04165534c75a0a4935f073a2885eaa0a33f1\ibex_cs_registers.$proc$/work/src/ibex_cs_registers.v:1206$2741'.
No latch inferred for signal `$paramod$38aa04165534c75a0a4935f073a2885eaa0a33f1\ibex_cs_registers.\mhpmevent[5]' from process `$paramod$38aa04165534c75a0a4935f073a2885eaa0a33f1\ibex_cs_registers.$proc$/work/src/ibex_cs_registers.v:1206$2741'.
No latch inferred for signal `$paramod$38aa04165534c75a0a4935f073a2885eaa0a33f1\ibex_cs_registers.\mhpmevent[6]' from process `$paramod$38aa04165534c75a0a4935f073a2885eaa0a33f1\ibex_cs_registers.$proc$/work/src/ibex_cs_registers.v:1206$2741'.
No latch inferred for signal `$paramod$38aa04165534c75a0a4935f073a2885eaa0a33f1\ibex_cs_registers.\mhpmevent[7]' from process `$paramod$38aa04165534c75a0a4935f073a2885eaa0a33f1\ibex_cs_registers.$proc$/work/src/ibex_cs_registers.v:1206$2741'.
No latch inferred for signal `$paramod$38aa04165534c75a0a4935f073a2885eaa0a33f1\ibex_cs_registers.\mhpmevent[8]' from process `$paramod$38aa04165534c75a0a4935f073a2885eaa0a33f1\ibex_cs_registers.$proc$/work/src/ibex_cs_registers.v:1206$2741'.
No latch inferred for signal `$paramod$38aa04165534c75a0a4935f073a2885eaa0a33f1\ibex_cs_registers.\mhpmevent[9]' from process `$paramod$38aa04165534c75a0a4935f073a2885eaa0a33f1\ibex_cs_registers.$proc$/work/src/ibex_cs_registers.v:1206$2741'.
No latch inferred for signal `$paramod$38aa04165534c75a0a4935f073a2885eaa0a33f1\ibex_cs_registers.\mhpmevent[10]' from process `$paramod$38aa04165534c75a0a4935f073a2885eaa0a33f1\ibex_cs_registers.$proc$/work/src/ibex_cs_registers.v:1206$2741'.
No latch inferred for signal `$paramod$38aa04165534c75a0a4935f073a2885eaa0a33f1\ibex_cs_registers.\mhpmevent[11]' from process `$paramod$38aa04165534c75a0a4935f073a2885eaa0a33f1\ibex_cs_registers.$proc$/work/src/ibex_cs_registers.v:1206$2741'.
No latch inferred for signal `$paramod$38aa04165534c75a0a4935f073a2885eaa0a33f1\ibex_cs_registers.\mhpmevent[12]' from process `$paramod$38aa04165534c75a0a4935f073a2885eaa0a33f1\ibex_cs_registers.$proc$/work/src/ibex_cs_registers.v:1206$2741'.
No latch inferred for signal `$paramod$38aa04165534c75a0a4935f073a2885eaa0a33f1\ibex_cs_registers.\mhpmevent[13]' from process `$paramod$38aa04165534c75a0a4935f073a2885eaa0a33f1\ibex_cs_registers.$proc$/work/src/ibex_cs_registers.v:1206$2741'.
No latch inferred for signal `$paramod$38aa04165534c75a0a4935f073a2885eaa0a33f1\ibex_cs_registers.\mhpmevent[14]' from process `$paramod$38aa04165534c75a0a4935f073a2885eaa0a33f1\ibex_cs_registers.$proc$/work/src/ibex_cs_registers.v:1206$2741'.
No latch inferred for signal `$paramod$38aa04165534c75a0a4935f073a2885eaa0a33f1\ibex_cs_registers.\mhpmevent[15]' from process `$paramod$38aa04165534c75a0a4935f073a2885eaa0a33f1\ibex_cs_registers.$proc$/work/src/ibex_cs_registers.v:1206$2741'.
No latch inferred for signal `$paramod$38aa04165534c75a0a4935f073a2885eaa0a33f1\ibex_cs_registers.\mhpmevent[16]' from process `$paramod$38aa04165534c75a0a4935f073a2885eaa0a33f1\ibex_cs_registers.$proc$/work/src/ibex_cs_registers.v:1206$2741'.
No latch inferred for signal `$paramod$38aa04165534c75a0a4935f073a2885eaa0a33f1\ibex_cs_registers.\mhpmevent[17]' from process `$paramod$38aa04165534c75a0a4935f073a2885eaa0a33f1\ibex_cs_registers.$proc$/work/src/ibex_cs_registers.v:1206$2741'.
No latch inferred for signal `$paramod$38aa04165534c75a0a4935f073a2885eaa0a33f1\ibex_cs_registers.\mhpmevent[18]' from process `$paramod$38aa04165534c75a0a4935f073a2885eaa0a33f1\ibex_cs_registers.$proc$/work/src/ibex_cs_registers.v:1206$2741'.
No latch inferred for signal `$paramod$38aa04165534c75a0a4935f073a2885eaa0a33f1\ibex_cs_registers.\mhpmevent[19]' from process `$paramod$38aa04165534c75a0a4935f073a2885eaa0a33f1\ibex_cs_registers.$proc$/work/src/ibex_cs_registers.v:1206$2741'.
No latch inferred for signal `$paramod$38aa04165534c75a0a4935f073a2885eaa0a33f1\ibex_cs_registers.\mhpmevent[20]' from process `$paramod$38aa04165534c75a0a4935f073a2885eaa0a33f1\ibex_cs_registers.$proc$/work/src/ibex_cs_registers.v:1206$2741'.
No latch inferred for signal `$paramod$38aa04165534c75a0a4935f073a2885eaa0a33f1\ibex_cs_registers.\mhpmevent[21]' from process `$paramod$38aa04165534c75a0a4935f073a2885eaa0a33f1\ibex_cs_registers.$proc$/work/src/ibex_cs_registers.v:1206$2741'.
No latch inferred for signal `$paramod$38aa04165534c75a0a4935f073a2885eaa0a33f1\ibex_cs_registers.\mhpmevent[22]' from process `$paramod$38aa04165534c75a0a4935f073a2885eaa0a33f1\ibex_cs_registers.$proc$/work/src/ibex_cs_registers.v:1206$2741'.
No latch inferred for signal `$paramod$38aa04165534c75a0a4935f073a2885eaa0a33f1\ibex_cs_registers.\mhpmevent[23]' from process `$paramod$38aa04165534c75a0a4935f073a2885eaa0a33f1\ibex_cs_registers.$proc$/work/src/ibex_cs_registers.v:1206$2741'.
No latch inferred for signal `$paramod$38aa04165534c75a0a4935f073a2885eaa0a33f1\ibex_cs_registers.\mhpmevent[24]' from process `$paramod$38aa04165534c75a0a4935f073a2885eaa0a33f1\ibex_cs_registers.$proc$/work/src/ibex_cs_registers.v:1206$2741'.
No latch inferred for signal `$paramod$38aa04165534c75a0a4935f073a2885eaa0a33f1\ibex_cs_registers.\mhpmevent[25]' from process `$paramod$38aa04165534c75a0a4935f073a2885eaa0a33f1\ibex_cs_registers.$proc$/work/src/ibex_cs_registers.v:1206$2741'.
No latch inferred for signal `$paramod$38aa04165534c75a0a4935f073a2885eaa0a33f1\ibex_cs_registers.\mhpmevent[26]' from process `$paramod$38aa04165534c75a0a4935f073a2885eaa0a33f1\ibex_cs_registers.$proc$/work/src/ibex_cs_registers.v:1206$2741'.
No latch inferred for signal `$paramod$38aa04165534c75a0a4935f073a2885eaa0a33f1\ibex_cs_registers.\mhpmevent[27]' from process `$paramod$38aa04165534c75a0a4935f073a2885eaa0a33f1\ibex_cs_registers.$proc$/work/src/ibex_cs_registers.v:1206$2741'.
No latch inferred for signal `$paramod$38aa04165534c75a0a4935f073a2885eaa0a33f1\ibex_cs_registers.\mhpmevent[28]' from process `$paramod$38aa04165534c75a0a4935f073a2885eaa0a33f1\ibex_cs_registers.$proc$/work/src/ibex_cs_registers.v:1206$2741'.
No latch inferred for signal `$paramod$38aa04165534c75a0a4935f073a2885eaa0a33f1\ibex_cs_registers.\mhpmevent[29]' from process `$paramod$38aa04165534c75a0a4935f073a2885eaa0a33f1\ibex_cs_registers.$proc$/work/src/ibex_cs_registers.v:1206$2741'.
No latch inferred for signal `$paramod$38aa04165534c75a0a4935f073a2885eaa0a33f1\ibex_cs_registers.\mhpmevent[30]' from process `$paramod$38aa04165534c75a0a4935f073a2885eaa0a33f1\ibex_cs_registers.$proc$/work/src/ibex_cs_registers.v:1206$2741'.
No latch inferred for signal `$paramod$38aa04165534c75a0a4935f073a2885eaa0a33f1\ibex_cs_registers.\mhpmevent[31]' from process `$paramod$38aa04165534c75a0a4935f073a2885eaa0a33f1\ibex_cs_registers.$proc$/work/src/ibex_cs_registers.v:1206$2741'.
No latch inferred for signal `$paramod$38aa04165534c75a0a4935f073a2885eaa0a33f1\ibex_cs_registers.\mhpmcounter_incr' from process `$paramod$38aa04165534c75a0a4935f073a2885eaa0a33f1\ibex_cs_registers.$proc$/work/src/ibex_cs_registers.v:1182$2740'.
No latch inferred for signal `$paramod$38aa04165534c75a0a4935f073a2885eaa0a33f1\ibex_cs_registers.\gen_mhpmcounter_incr.sv2v_autoblock_1.i' from process `$paramod$38aa04165534c75a0a4935f073a2885eaa0a33f1\ibex_cs_registers.$proc$/work/src/ibex_cs_registers.v:1182$2740'.
No latch inferred for signal `$paramod$38aa04165534c75a0a4935f073a2885eaa0a33f1\ibex_cs_registers.\mcounteren_d' from process `$paramod$38aa04165534c75a0a4935f073a2885eaa0a33f1\ibex_cs_registers.$proc$/work/src/ibex_cs_registers.v:1172$2738'.
No latch inferred for signal `$paramod$38aa04165534c75a0a4935f073a2885eaa0a33f1\ibex_cs_registers.\mcountinhibit_d' from process `$paramod$38aa04165534c75a0a4935f073a2885eaa0a33f1\ibex_cs_registers.$proc$/work/src/ibex_cs_registers.v:1162$2736'.
No latch inferred for signal `$paramod$38aa04165534c75a0a4935f073a2885eaa0a33f1\ibex_cs_registers.\mstatus_d_combi' from process `$paramod$38aa04165534c75a0a4935f073a2885eaa0a33f1\ibex_cs_registers.$proc$/work/src/ibex_cs_registers.v:763$2706'.
No latch inferred for signal `$paramod$38aa04165534c75a0a4935f073a2885eaa0a33f1\ibex_cs_registers.\csr_wdata_int' from process `$paramod$38aa04165534c75a0a4935f073a2885eaa0a33f1\ibex_cs_registers.$proc$/work/src/ibex_cs_registers.v:731$2684'.
No latch inferred for signal `$paramod$38aa04165534c75a0a4935f073a2885eaa0a33f1\ibex_cs_registers.\double_fault_seen_o' from process `$paramod$38aa04165534c75a0a4935f073a2885eaa0a33f1\ibex_cs_registers.$proc$/work/src/ibex_cs_registers.v:571$2624'.
No latch inferred for signal `$paramod$38aa04165534c75a0a4935f073a2885eaa0a33f1\ibex_cs_registers.\exception_pc' from process `$paramod$38aa04165534c75a0a4935f073a2885eaa0a33f1\ibex_cs_registers.$proc$/work/src/ibex_cs_registers.v:571$2624'.
No latch inferred for signal `$paramod$38aa04165534c75a0a4935f073a2885eaa0a33f1\ibex_cs_registers.\priv_lvl_d' from process `$paramod$38aa04165534c75a0a4935f073a2885eaa0a33f1\ibex_cs_registers.$proc$/work/src/ibex_cs_registers.v:571$2624'.
No latch inferred for signal `$paramod$38aa04165534c75a0a4935f073a2885eaa0a33f1\ibex_cs_registers.\mstatus_d' from process `$paramod$38aa04165534c75a0a4935f073a2885eaa0a33f1\ibex_cs_registers.$proc$/work/src/ibex_cs_registers.v:571$2624'.
No latch inferred for signal `$paramod$38aa04165534c75a0a4935f073a2885eaa0a33f1\ibex_cs_registers.\mstatus_en' from process `$paramod$38aa04165534c75a0a4935f073a2885eaa0a33f1\ibex_cs_registers.$proc$/work/src/ibex_cs_registers.v:571$2624'.
No latch inferred for signal `$paramod$38aa04165534c75a0a4935f073a2885eaa0a33f1\ibex_cs_registers.\mie_en' from process `$paramod$38aa04165534c75a0a4935f073a2885eaa0a33f1\ibex_cs_registers.$proc$/work/src/ibex_cs_registers.v:571$2624'.
No latch inferred for signal `$paramod$38aa04165534c75a0a4935f073a2885eaa0a33f1\ibex_cs_registers.\mscratch_en' from process `$paramod$38aa04165534c75a0a4935f073a2885eaa0a33f1\ibex_cs_registers.$proc$/work/src/ibex_cs_registers.v:571$2624'.
No latch inferred for signal `$paramod$38aa04165534c75a0a4935f073a2885eaa0a33f1\ibex_cs_registers.\mepc_d' from process `$paramod$38aa04165534c75a0a4935f073a2885eaa0a33f1\ibex_cs_registers.$proc$/work/src/ibex_cs_registers.v:571$2624'.
No latch inferred for signal `$paramod$38aa04165534c75a0a4935f073a2885eaa0a33f1\ibex_cs_registers.\mepc_en' from process `$paramod$38aa04165534c75a0a4935f073a2885eaa0a33f1\ibex_cs_registers.$proc$/work/src/ibex_cs_registers.v:571$2624'.
No latch inferred for signal `$paramod$38aa04165534c75a0a4935f073a2885eaa0a33f1\ibex_cs_registers.\mcause_d' from process `$paramod$38aa04165534c75a0a4935f073a2885eaa0a33f1\ibex_cs_registers.$proc$/work/src/ibex_cs_registers.v:571$2624'.
No latch inferred for signal `$paramod$38aa04165534c75a0a4935f073a2885eaa0a33f1\ibex_cs_registers.\mcause_en' from process `$paramod$38aa04165534c75a0a4935f073a2885eaa0a33f1\ibex_cs_registers.$proc$/work/src/ibex_cs_registers.v:571$2624'.
No latch inferred for signal `$paramod$38aa04165534c75a0a4935f073a2885eaa0a33f1\ibex_cs_registers.\mtval_d' from process `$paramod$38aa04165534c75a0a4935f073a2885eaa0a33f1\ibex_cs_registers.$proc$/work/src/ibex_cs_registers.v:571$2624'.
No latch inferred for signal `$paramod$38aa04165534c75a0a4935f073a2885eaa0a33f1\ibex_cs_registers.\mtval_en' from process `$paramod$38aa04165534c75a0a4935f073a2885eaa0a33f1\ibex_cs_registers.$proc$/work/src/ibex_cs_registers.v:571$2624'.
No latch inferred for signal `$paramod$38aa04165534c75a0a4935f073a2885eaa0a33f1\ibex_cs_registers.\mtvec_d' from process `$paramod$38aa04165534c75a0a4935f073a2885eaa0a33f1\ibex_cs_registers.$proc$/work/src/ibex_cs_registers.v:571$2624'.
No latch inferred for signal `$paramod$38aa04165534c75a0a4935f073a2885eaa0a33f1\ibex_cs_registers.\mtvec_en' from process `$paramod$38aa04165534c75a0a4935f073a2885eaa0a33f1\ibex_cs_registers.$proc$/work/src/ibex_cs_registers.v:571$2624'.
No latch inferred for signal `$paramod$38aa04165534c75a0a4935f073a2885eaa0a33f1\ibex_cs_registers.\dcsr_d' from process `$paramod$38aa04165534c75a0a4935f073a2885eaa0a33f1\ibex_cs_registers.$proc$/work/src/ibex_cs_registers.v:571$2624'.
No latch inferred for signal `$paramod$38aa04165534c75a0a4935f073a2885eaa0a33f1\ibex_cs_registers.\dcsr_en' from process `$paramod$38aa04165534c75a0a4935f073a2885eaa0a33f1\ibex_cs_registers.$proc$/work/src/ibex_cs_registers.v:571$2624'.
No latch inferred for signal `$paramod$38aa04165534c75a0a4935f073a2885eaa0a33f1\ibex_cs_registers.\depc_d' from process `$paramod$38aa04165534c75a0a4935f073a2885eaa0a33f1\ibex_cs_registers.$proc$/work/src/ibex_cs_registers.v:571$2624'.
No latch inferred for signal `$paramod$38aa04165534c75a0a4935f073a2885eaa0a33f1\ibex_cs_registers.\depc_en' from process `$paramod$38aa04165534c75a0a4935f073a2885eaa0a33f1\ibex_cs_registers.$proc$/work/src/ibex_cs_registers.v:571$2624'.
No latch inferred for signal `$paramod$38aa04165534c75a0a4935f073a2885eaa0a33f1\ibex_cs_registers.\dscratch0_en' from process `$paramod$38aa04165534c75a0a4935f073a2885eaa0a33f1\ibex_cs_registers.$proc$/work/src/ibex_cs_registers.v:571$2624'.
No latch inferred for signal `$paramod$38aa04165534c75a0a4935f073a2885eaa0a33f1\ibex_cs_registers.\dscratch1_en' from process `$paramod$38aa04165534c75a0a4935f073a2885eaa0a33f1\ibex_cs_registers.$proc$/work/src/ibex_cs_registers.v:571$2624'.
No latch inferred for signal `$paramod$38aa04165534c75a0a4935f073a2885eaa0a33f1\ibex_cs_registers.\mshwm_en' from process `$paramod$38aa04165534c75a0a4935f073a2885eaa0a33f1\ibex_cs_registers.$proc$/work/src/ibex_cs_registers.v:571$2624'.
No latch inferred for signal `$paramod$38aa04165534c75a0a4935f073a2885eaa0a33f1\ibex_cs_registers.\mshwmb_en' from process `$paramod$38aa04165534c75a0a4935f073a2885eaa0a33f1\ibex_cs_registers.$proc$/work/src/ibex_cs_registers.v:571$2624'.
No latch inferred for signal `$paramod$38aa04165534c75a0a4935f073a2885eaa0a33f1\ibex_cs_registers.\cdbg_ctrl_en' from process `$paramod$38aa04165534c75a0a4935f073a2885eaa0a33f1\ibex_cs_registers.$proc$/work/src/ibex_cs_registers.v:571$2624'.
No latch inferred for signal `$paramod$38aa04165534c75a0a4935f073a2885eaa0a33f1\ibex_cs_registers.\mstack_d' from process `$paramod$38aa04165534c75a0a4935f073a2885eaa0a33f1\ibex_cs_registers.$proc$/work/src/ibex_cs_registers.v:571$2624'.
No latch inferred for signal `$paramod$38aa04165534c75a0a4935f073a2885eaa0a33f1\ibex_cs_registers.\mstack_en' from process `$paramod$38aa04165534c75a0a4935f073a2885eaa0a33f1\ibex_cs_registers.$proc$/work/src/ibex_cs_registers.v:571$2624'.
No latch inferred for signal `$paramod$38aa04165534c75a0a4935f073a2885eaa0a33f1\ibex_cs_registers.\mstack_epc_d' from process `$paramod$38aa04165534c75a0a4935f073a2885eaa0a33f1\ibex_cs_registers.$proc$/work/src/ibex_cs_registers.v:571$2624'.
No latch inferred for signal `$paramod$38aa04165534c75a0a4935f073a2885eaa0a33f1\ibex_cs_registers.\mstack_cause_d' from process `$paramod$38aa04165534c75a0a4935f073a2885eaa0a33f1\ibex_cs_registers.$proc$/work/src/ibex_cs_registers.v:571$2624'.
No latch inferred for signal `$paramod$38aa04165534c75a0a4935f073a2885eaa0a33f1\ibex_cs_registers.\mcountinhibit_we' from process `$paramod$38aa04165534c75a0a4935f073a2885eaa0a33f1\ibex_cs_registers.$proc$/work/src/ibex_cs_registers.v:571$2624'.
No latch inferred for signal `$paramod$38aa04165534c75a0a4935f073a2885eaa0a33f1\ibex_cs_registers.\mcounteren_we' from process `$paramod$38aa04165534c75a0a4935f073a2885eaa0a33f1\ibex_cs_registers.$proc$/work/src/ibex_cs_registers.v:571$2624'.
No latch inferred for signal `$paramod$38aa04165534c75a0a4935f073a2885eaa0a33f1\ibex_cs_registers.\mhpmcounter_we' from process `$paramod$38aa04165534c75a0a4935f073a2885eaa0a33f1\ibex_cs_registers.$proc$/work/src/ibex_cs_registers.v:571$2624'.
No latch inferred for signal `$paramod$38aa04165534c75a0a4935f073a2885eaa0a33f1\ibex_cs_registers.\mhpmcounterh_we' from process `$paramod$38aa04165534c75a0a4935f073a2885eaa0a33f1\ibex_cs_registers.$proc$/work/src/ibex_cs_registers.v:571$2624'.
No latch inferred for signal `$paramod$38aa04165534c75a0a4935f073a2885eaa0a33f1\ibex_cs_registers.\cpuctrlsts_part_d' from process `$paramod$38aa04165534c75a0a4935f073a2885eaa0a33f1\ibex_cs_registers.$proc$/work/src/ibex_cs_registers.v:571$2624'.
No latch inferred for signal `$paramod$38aa04165534c75a0a4935f073a2885eaa0a33f1\ibex_cs_registers.\cpuctrlsts_part_we' from process `$paramod$38aa04165534c75a0a4935f073a2885eaa0a33f1\ibex_cs_registers.$proc$/work/src/ibex_cs_registers.v:571$2624'.
No latch inferred for signal `$paramod$38aa04165534c75a0a4935f073a2885eaa0a33f1\ibex_cs_registers.\sv2v_cast_2$func$/work/src/ibex_cs_registers.v:614$2525.$result' from process `$paramod$38aa04165534c75a0a4935f073a2885eaa0a33f1\ibex_cs_registers.$proc$/work/src/ibex_cs_registers.v:571$2624'.
No latch inferred for signal `$paramod$38aa04165534c75a0a4935f073a2885eaa0a33f1\ibex_cs_registers.\sv2v_cast_2$func$/work/src/ibex_cs_registers.v:614$2525.inp' from process `$paramod$38aa04165534c75a0a4935f073a2885eaa0a33f1\ibex_cs_registers.$proc$/work/src/ibex_cs_registers.v:571$2624'.
No latch inferred for signal `$paramod$38aa04165534c75a0a4935f073a2885eaa0a33f1\ibex_cs_registers.$bitselwrite$pos$/work/src/ibex_cs_registers.v:645$2526' from process `$paramod$38aa04165534c75a0a4935f073a2885eaa0a33f1\ibex_cs_registers.$proc$/work/src/ibex_cs_registers.v:571$2624'.
No latch inferred for signal `$paramod$38aa04165534c75a0a4935f073a2885eaa0a33f1\ibex_cs_registers.$bitselwrite$pos$/work/src/ibex_cs_registers.v:646$2527' from process `$paramod$38aa04165534c75a0a4935f073a2885eaa0a33f1\ibex_cs_registers.$proc$/work/src/ibex_cs_registers.v:571$2624'.
No latch inferred for signal `$paramod$38aa04165534c75a0a4935f073a2885eaa0a33f1\ibex_cs_registers.\csr_rdata_int' from process `$paramod$38aa04165534c75a0a4935f073a2885eaa0a33f1\ibex_cs_registers.$proc$/work/src/ibex_cs_registers.v:401$2546'.
No latch inferred for signal `$paramod$38aa04165534c75a0a4935f073a2885eaa0a33f1\ibex_cs_registers.\dbg_csr' from process `$paramod$38aa04165534c75a0a4935f073a2885eaa0a33f1\ibex_cs_registers.$proc$/work/src/ibex_cs_registers.v:401$2546'.
No latch inferred for signal `$paramod$38aa04165534c75a0a4935f073a2885eaa0a33f1\ibex_cs_registers.\illegal_csr' from process `$paramod$38aa04165534c75a0a4935f073a2885eaa0a33f1\ibex_cs_registers.$proc$/work/src/ibex_cs_registers.v:401$2546'.
No latch inferred for signal `$paramod$38aa04165534c75a0a4935f073a2885eaa0a33f1\ibex_cs_registers.$mem2reg_rd$\mhpmevent$/work/src/ibex_cs_registers.v:504$2532_ADDR' from process `$paramod$38aa04165534c75a0a4935f073a2885eaa0a33f1\ibex_cs_registers.$proc$/work/src/ibex_cs_registers.v:401$2546'.
No latch inferred for signal `$paramod$38aa04165534c75a0a4935f073a2885eaa0a33f1\ibex_cs_registers.$mem2reg_rd$\mhpmevent$/work/src/ibex_cs_registers.v:504$2532_DATA' from process `$paramod$38aa04165534c75a0a4935f073a2885eaa0a33f1\ibex_cs_registers.$proc$/work/src/ibex_cs_registers.v:401$2546'.
No latch inferred for signal `$paramod$38aa04165534c75a0a4935f073a2885eaa0a33f1\ibex_cs_registers.$mem2reg_rd$\mhpmcounter$/work/src/ibex_cs_registers.v:505$2533_ADDR' from process `$paramod$38aa04165534c75a0a4935f073a2885eaa0a33f1\ibex_cs_registers.$proc$/work/src/ibex_cs_registers.v:401$2546'.
No latch inferred for signal `$paramod$38aa04165534c75a0a4935f073a2885eaa0a33f1\ibex_cs_registers.$mem2reg_rd$\mhpmcounter$/work/src/ibex_cs_registers.v:505$2533_DATA' from process `$paramod$38aa04165534c75a0a4935f073a2885eaa0a33f1\ibex_cs_registers.$proc$/work/src/ibex_cs_registers.v:401$2546'.
No latch inferred for signal `$paramod$38aa04165534c75a0a4935f073a2885eaa0a33f1\ibex_cs_registers.$mem2reg_rd$\mhpmcounter$/work/src/ibex_cs_registers.v:506$2534_ADDR' from process `$paramod$38aa04165534c75a0a4935f073a2885eaa0a33f1\ibex_cs_registers.$proc$/work/src/ibex_cs_registers.v:401$2546'.
No latch inferred for signal `$paramod$38aa04165534c75a0a4935f073a2885eaa0a33f1\ibex_cs_registers.$mem2reg_rd$\mhpmcounter$/work/src/ibex_cs_registers.v:506$2534_DATA' from process `$paramod$38aa04165534c75a0a4935f073a2885eaa0a33f1\ibex_cs_registers.$proc$/work/src/ibex_cs_registers.v:401$2546'.
No latch inferred for signal `$paramod$38aa04165534c75a0a4935f073a2885eaa0a33f1\ibex_cs_registers.$mem2reg_rd$\mhpmcounter$/work/src/ibex_cs_registers.v:508$2535_ADDR' from process `$paramod$38aa04165534c75a0a4935f073a2885eaa0a33f1\ibex_cs_registers.$proc$/work/src/ibex_cs_registers.v:401$2546'.
No latch inferred for signal `$paramod$38aa04165534c75a0a4935f073a2885eaa0a33f1\ibex_cs_registers.$mem2reg_rd$\mhpmcounter$/work/src/ibex_cs_registers.v:508$2535_DATA' from process `$paramod$38aa04165534c75a0a4935f073a2885eaa0a33f1\ibex_cs_registers.$proc$/work/src/ibex_cs_registers.v:401$2546'.
No latch inferred for signal `$paramod$38aa04165534c75a0a4935f073a2885eaa0a33f1\ibex_cs_registers.$mem2reg_rd$\mhpmcounter$/work/src/ibex_cs_registers.v:512$2536_ADDR' from process `$paramod$38aa04165534c75a0a4935f073a2885eaa0a33f1\ibex_cs_registers.$proc$/work/src/ibex_cs_registers.v:401$2546'.
No latch inferred for signal `$paramod$38aa04165534c75a0a4935f073a2885eaa0a33f1\ibex_cs_registers.$mem2reg_rd$\mhpmcounter$/work/src/ibex_cs_registers.v:512$2536_DATA' from process `$paramod$38aa04165534c75a0a4935f073a2885eaa0a33f1\ibex_cs_registers.$proc$/work/src/ibex_cs_registers.v:401$2546'.
No latch inferred for signal `$paramod\ibex_counter\CounterWidth=s32'00000000000000000000000001000000.\_sv2v_0' from process `$paramod\ibex_counter\CounterWidth=s32'00000000000000000000000001000000.$proc$/work/src/ibex_counter.v:0$2487'.
No latch inferred for signal `$paramod\ibex_counter\CounterWidth=s32'00000000000000000000000001000000.\counter_load' from process `$paramod\ibex_counter\CounterWidth=s32'00000000000000000000000001000000.$proc$/work/src/ibex_counter.v:28$2483'.
No latch inferred for signal `$paramod\ibex_counter\CounterWidth=s32'00000000000000000000000001000000.\we' from process `$paramod\ibex_counter\CounterWidth=s32'00000000000000000000000001000000.$proc$/work/src/ibex_counter.v:28$2483'.
No latch inferred for signal `$paramod\ibex_counter\CounterWidth=s32'00000000000000000000000001000000.\counter_d' from process `$paramod\ibex_counter\CounterWidth=s32'00000000000000000000000001000000.$proc$/work/src/ibex_counter.v:28$2483'.

64. Executing PROC_DFF pass (convert process syncs to FFs).
Creating register for signal `\ibex_top.\core_busy_q' using process `\ibex_top.$proc$/work/src/ibex_top.v:293$773'.
  created $adff cell `$procdff$14711' with positive edge clock and positive level reset.
Creating register for signal `$paramod$754dd1babe3bd40f26e46b58533db04a63dcfb60\ibex_csr.\rdata_q' using process `$paramod$754dd1babe3bd40f26e46b58533db04a63dcfb60\ibex_csr.$proc$/work/src/ibex_csr.v:19$2474'.
  created $adff cell `$procdff$14716' with positive edge clock and positive level reset.
Creating register for signal `$paramod$a088b13b9337f1e1fba58a671f47d7c7701ffa49\ibex_csr.\rdata_q' using process `$paramod$a088b13b9337f1e1fba58a671f47d7c7701ffa49\ibex_csr.$proc$/work/src/ibex_csr.v:19$2472'.
  created $adff cell `$procdff$14721' with positive edge clock and positive level reset.
Creating register for signal `$paramod$ad32fe27c0dd24fa98ff040673e62dee8d3b63ce\ibex_controller.\ctrl_fsm_cs' using process `$paramod$ad32fe27c0dd24fa98ff040673e62dee8d3b63ce\ibex_controller.$proc$/work/src/ibex_controller.v:724$2291'.
  created $adff cell `$procdff$14726' with positive edge clock and positive level reset.
Creating register for signal `$paramod$ad32fe27c0dd24fa98ff040673e62dee8d3b63ce\ibex_controller.\nmi_mode_q' using process `$paramod$ad32fe27c0dd24fa98ff040673e62dee8d3b63ce\ibex_controller.$proc$/work/src/ibex_controller.v:724$2291'.
  created $adff cell `$procdff$14731' with positive edge clock and positive level reset.
Creating register for signal `$paramod$ad32fe27c0dd24fa98ff040673e62dee8d3b63ce\ibex_controller.\debug_mode_q' using process `$paramod$ad32fe27c0dd24fa98ff040673e62dee8d3b63ce\ibex_controller.$proc$/work/src/ibex_controller.v:724$2291'.
  created $adff cell `$procdff$14736' with positive edge clock and positive level reset.
Creating register for signal `$paramod$ad32fe27c0dd24fa98ff040673e62dee8d3b63ce\ibex_controller.\load_err_q' using process `$paramod$ad32fe27c0dd24fa98ff040673e62dee8d3b63ce\ibex_controller.$proc$/work/src/ibex_controller.v:724$2291'.
  created $adff cell `$procdff$14741' with positive edge clock and positive level reset.
Creating register for signal `$paramod$ad32fe27c0dd24fa98ff040673e62dee8d3b63ce\ibex_controller.\store_err_q' using process `$paramod$ad32fe27c0dd24fa98ff040673e62dee8d3b63ce\ibex_controller.$proc$/work/src/ibex_controller.v:724$2291'.
  created $adff cell `$procdff$14746' with positive edge clock and positive level reset.
Creating register for signal `$paramod$ad32fe27c0dd24fa98ff040673e62dee8d3b63ce\ibex_controller.\exc_req_q' using process `$paramod$ad32fe27c0dd24fa98ff040673e62dee8d3b63ce\ibex_controller.$proc$/work/src/ibex_controller.v:724$2291'.
  created $adff cell `$procdff$14751' with positive edge clock and positive level reset.
Creating register for signal `$paramod$ad32fe27c0dd24fa98ff040673e62dee8d3b63ce\ibex_controller.\illegal_insn_q' using process `$paramod$ad32fe27c0dd24fa98ff040673e62dee8d3b63ce\ibex_controller.$proc$/work/src/ibex_controller.v:724$2291'.
  created $adff cell `$procdff$14756' with positive edge clock and positive level reset.
Creating register for signal `$paramod$ad32fe27c0dd24fa98ff040673e62dee8d3b63ce\ibex_controller.\do_single_step_q' using process `$paramod$ad32fe27c0dd24fa98ff040673e62dee8d3b63ce\ibex_controller.$proc$/work/src/ibex_controller.v:724$2291'.
  created $adff cell `$procdff$14761' with positive edge clock and positive level reset.
Creating register for signal `$paramod$ad32fe27c0dd24fa98ff040673e62dee8d3b63ce\ibex_controller.\enter_debug_mode_prio_q' using process `$paramod$ad32fe27c0dd24fa98ff040673e62dee8d3b63ce\ibex_controller.$proc$/work/src/ibex_controller.v:724$2291'.
  created $adff cell `$procdff$14766' with positive edge clock and positive level reset.
Creating register for signal `$paramod$ad32fe27c0dd24fa98ff040673e62dee8d3b63ce\ibex_controller.\debug_cause_q' using process `$paramod$ad32fe27c0dd24fa98ff040673e62dee8d3b63ce\ibex_controller.$proc$/work/src/ibex_controller.v:412$2202'.
  created $adff cell `$procdff$14771' with positive edge clock and positive level reset.
Creating register for signal `$paramod$7cc7cec1e088fedd9ad9b2063ed6f6f72cf9bb0e\ibex_compressed_decoder.\cm_sp_offset_q' using process `$paramod$7cc7cec1e088fedd9ad9b2063ed6f6f72cf9bb0e\ibex_compressed_decoder.$proc$/work/src/ibex_compressed_decoder.v:553$2111'.
  created $adff cell `$procdff$14776' with positive edge clock and positive level reset.
Creating register for signal `$paramod$7cc7cec1e088fedd9ad9b2063ed6f6f72cf9bb0e\ibex_compressed_decoder.\cm_rlist_q' using process `$paramod$7cc7cec1e088fedd9ad9b2063ed6f6f72cf9bb0e\ibex_compressed_decoder.$proc$/work/src/ibex_compressed_decoder.v:553$2111'.
  created $adff cell `$procdff$14781' with positive edge clock and positive level reset.
Creating register for signal `$paramod$7cc7cec1e088fedd9ad9b2063ed6f6f72cf9bb0e\ibex_compressed_decoder.\cm_state_q' using process `$paramod$7cc7cec1e088fedd9ad9b2063ed6f6f72cf9bb0e\ibex_compressed_decoder.$proc$/work/src/ibex_compressed_decoder.v:546$2108'.
  created $adff cell `$procdff$14786' with positive edge clock and positive level reset.
Creating register for signal `$paramod\ibex_prefetch_buffer\ResetAll=1'1.\fetch_addr_q' using process `$paramod\ibex_prefetch_buffer\ResetAll=1'1.$proc$/work/src/ibex_prefetch_buffer.v:123$2047'.
  created $adff cell `$procdff$14791' with positive edge clock and positive level reset.
Creating register for signal `$paramod\ibex_prefetch_buffer\ResetAll=1'1.\stored_addr_q' using process `$paramod\ibex_prefetch_buffer\ResetAll=1'1.$proc$/work/src/ibex_prefetch_buffer.v:107$2045'.
  created $adff cell `$procdff$14796' with positive edge clock and positive level reset.
Creating register for signal `$paramod\ibex_prefetch_buffer\ResetAll=1'1.\branch_discard_q' using process `$paramod\ibex_prefetch_buffer\ResetAll=1'1.$proc$/work/src/ibex_prefetch_buffer.v:155$2043'.
  created $adff cell `$procdff$14801' with positive edge clock and positive level reset.
Creating register for signal `$paramod\ibex_prefetch_buffer\ResetAll=1'1.\rdata_outstanding_q' using process `$paramod\ibex_prefetch_buffer\ResetAll=1'1.$proc$/work/src/ibex_prefetch_buffer.v:155$2043'.
  created $adff cell `$procdff$14806' with positive edge clock and positive level reset.
Creating register for signal `$paramod\ibex_prefetch_buffer\ResetAll=1'1.\discard_req_q' using process `$paramod\ibex_prefetch_buffer\ResetAll=1'1.$proc$/work/src/ibex_prefetch_buffer.v:155$2043'.
  created $adff cell `$procdff$14811' with positive edge clock and positive level reset.
Creating register for signal `$paramod\ibex_prefetch_buffer\ResetAll=1'1.\valid_req_q' using process `$paramod\ibex_prefetch_buffer\ResetAll=1'1.$proc$/work/src/ibex_prefetch_buffer.v:155$2043'.
  created $adff cell `$procdff$14816' with positive edge clock and positive level reset.
Creating register for signal `$paramod$b9b2e5d491bd09fc2169df619ac80edcbdafa2a9\ibex_id_stage.\g_branch_set_flop.branch_set_raw_q' using process `$paramod$b9b2e5d491bd09fc2169df619ac80edcbdafa2a9\ibex_id_stage.$proc$/work/src/ibex_id_stage.v:710$1737'.
  created $adff cell `$procdff$14821' with positive edge clock and positive level reset.
Creating register for signal `$paramod$b9b2e5d491bd09fc2169df619ac80edcbdafa2a9\ibex_id_stage.\imd_val_q [33:0]' using process `$paramod$b9b2e5d491bd09fc2169df619ac80edcbdafa2a9\ibex_id_stage.$proc$/work/src/ibex_id_stage.v:489$1735'.
  created $adff cell `$procdff$14826' with positive edge clock and positive level reset.
Creating register for signal `$paramod$b9b2e5d491bd09fc2169df619ac80edcbdafa2a9\ibex_id_stage.\imd_val_q [67:34]' using process `$paramod$b9b2e5d491bd09fc2169df619ac80edcbdafa2a9\ibex_id_stage.$proc$/work/src/ibex_id_stage.v:489$1733'.
  created $adff cell `$procdff$14831' with positive edge clock and positive level reset.
Creating register for signal `$paramod$b9b2e5d491bd09fc2169df619ac80edcbdafa2a9\ibex_id_stage.\id_fsm_q' using process `$paramod$b9b2e5d491bd09fc2169df619ac80edcbdafa2a9\ibex_id_stage.$proc$/work/src/ibex_id_stage.v:748$1676'.
  created $adff cell `$procdff$14836' with positive edge clock and positive level reset.
Creating register for signal `$paramod$b9b2e5d491bd09fc2169df619ac80edcbdafa2a9\ibex_id_stage.\branch_jump_set_done_q' using process `$paramod$b9b2e5d491bd09fc2169df619ac80edcbdafa2a9\ibex_id_stage.$proc$/work/src/ibex_id_stage.v:719$1670'.
  created $adff cell `$procdff$14841' with positive edge clock and positive level reset.
Creating register for signal `$paramod$a1f82ff8dd7f02ea405ce72f1e83a511ee16121c\ibex_load_store_unit.\handle_misaligned_q' using process `$paramod$a1f82ff8dd7f02ea405ce72f1e83a511ee16121c\ibex_load_store_unit.$proc$/work/src/ibex_load_store_unit.v:527$1554'.
  created $adff cell `$procdff$14846' with positive edge clock and positive level reset.
Creating register for signal `$paramod$a1f82ff8dd7f02ea405ce72f1e83a511ee16121c\ibex_load_store_unit.\pmp_err_q' using process `$paramod$a1f82ff8dd7f02ea405ce72f1e83a511ee16121c\ibex_load_store_unit.$proc$/work/src/ibex_load_store_unit.v:527$1554'.
  created $adff cell `$procdff$14851' with positive edge clock and positive level reset.
Creating register for signal `$paramod$a1f82ff8dd7f02ea405ce72f1e83a511ee16121c\ibex_load_store_unit.\lsu_err_q' using process `$paramod$a1f82ff8dd7f02ea405ce72f1e83a511ee16121c\ibex_load_store_unit.$proc$/work/src/ibex_load_store_unit.v:527$1554'.
  created $adff cell `$procdff$14856' with positive edge clock and positive level reset.
Creating register for signal `$paramod$a1f82ff8dd7f02ea405ce72f1e83a511ee16121c\ibex_load_store_unit.\resp_is_cap_q' using process `$paramod$a1f82ff8dd7f02ea405ce72f1e83a511ee16121c\ibex_load_store_unit.$proc$/work/src/ibex_load_store_unit.v:527$1554'.
  created $adff cell `$procdff$14861' with positive edge clock and positive level reset.
Creating register for signal `$paramod$a1f82ff8dd7f02ea405ce72f1e83a511ee16121c\ibex_load_store_unit.\cheriot_err_q' using process `$paramod$a1f82ff8dd7f02ea405ce72f1e83a511ee16121c\ibex_load_store_unit.$proc$/work/src/ibex_load_store_unit.v:527$1554'.
  created $adff cell `$procdff$14866' with positive edge clock and positive level reset.
Creating register for signal `$paramod$a1f82ff8dd7f02ea405ce72f1e83a511ee16121c\ibex_load_store_unit.\resp_lc_clrperm_q' using process `$paramod$a1f82ff8dd7f02ea405ce72f1e83a511ee16121c\ibex_load_store_unit.$proc$/work/src/ibex_load_store_unit.v:527$1554'.
  created $adff cell `$procdff$14871' with positive edge clock and positive level reset.
Creating register for signal `$paramod$a1f82ff8dd7f02ea405ce72f1e83a511ee16121c\ibex_load_store_unit.\ls_fsm_cs' using process `$paramod$a1f82ff8dd7f02ea405ce72f1e83a511ee16121c\ibex_load_store_unit.$proc$/work/src/ibex_load_store_unit.v:527$1554'.
  created $adff cell `$procdff$14876' with positive edge clock and positive level reset.
Creating register for signal `$paramod$a1f82ff8dd7f02ea405ce72f1e83a511ee16121c\ibex_load_store_unit.\cap_rx_fsm_q' using process `$paramod$a1f82ff8dd7f02ea405ce72f1e83a511ee16121c\ibex_load_store_unit.$proc$/work/src/ibex_load_store_unit.v:527$1554'.
  created $adff cell `$procdff$14881' with positive edge clock and positive level reset.
Creating register for signal `$paramod$a1f82ff8dd7f02ea405ce72f1e83a511ee16121c\ibex_load_store_unit.\cap_lsw_err_q' using process `$paramod$a1f82ff8dd7f02ea405ce72f1e83a511ee16121c\ibex_load_store_unit.$proc$/work/src/ibex_load_store_unit.v:527$1554'.
  created $adff cell `$procdff$14886' with positive edge clock and positive level reset.
Creating register for signal `$paramod$a1f82ff8dd7f02ea405ce72f1e83a511ee16121c\ibex_load_store_unit.\cap_lsw_data_q' using process `$paramod$a1f82ff8dd7f02ea405ce72f1e83a511ee16121c\ibex_load_store_unit.$proc$/work/src/ibex_load_store_unit.v:527$1554'.
  created $adff cell `$procdff$14891' with positive edge clock and positive level reset.
Creating register for signal `$paramod$a1f82ff8dd7f02ea405ce72f1e83a511ee16121c\ibex_load_store_unit.\cap_lsw_tag_q' using process `$paramod$a1f82ff8dd7f02ea405ce72f1e83a511ee16121c\ibex_load_store_unit.$proc$/work/src/ibex_load_store_unit.v:527$1554'.
  created $adff cell `$procdff$14896' with positive edge clock and positive level reset.
Creating register for signal `$paramod$a1f82ff8dd7f02ea405ce72f1e83a511ee16121c\ibex_load_store_unit.\addr_last_q' using process `$paramod$a1f82ff8dd7f02ea405ce72f1e83a511ee16121c\ibex_load_store_unit.$proc$/work/src/ibex_load_store_unit.v:249$1484'.
  created $adff cell `$procdff$14901' with positive edge clock and positive level reset.
Creating register for signal `$paramod$a1f82ff8dd7f02ea405ce72f1e83a511ee16121c\ibex_load_store_unit.\rdata_offset_q' using process `$paramod$a1f82ff8dd7f02ea405ce72f1e83a511ee16121c\ibex_load_store_unit.$proc$/work/src/ibex_load_store_unit.v:235$1481'.
  created $adff cell `$procdff$14906' with positive edge clock and positive level reset.
Creating register for signal `$paramod$a1f82ff8dd7f02ea405ce72f1e83a511ee16121c\ibex_load_store_unit.\data_type_q' using process `$paramod$a1f82ff8dd7f02ea405ce72f1e83a511ee16121c\ibex_load_store_unit.$proc$/work/src/ibex_load_store_unit.v:235$1481'.
  created $adff cell `$procdff$14911' with positive edge clock and positive level reset.
Creating register for signal `$paramod$a1f82ff8dd7f02ea405ce72f1e83a511ee16121c\ibex_load_store_unit.\data_sign_ext_q' using process `$paramod$a1f82ff8dd7f02ea405ce72f1e83a511ee16121c\ibex_load_store_unit.$proc$/work/src/ibex_load_store_unit.v:235$1481'.
  created $adff cell `$procdff$14916' with positive edge clock and positive level reset.
Creating register for signal `$paramod$a1f82ff8dd7f02ea405ce72f1e83a511ee16121c\ibex_load_store_unit.\data_we_q' using process `$paramod$a1f82ff8dd7f02ea405ce72f1e83a511ee16121c\ibex_load_store_unit.$proc$/work/src/ibex_load_store_unit.v:235$1481'.
  created $adff cell `$procdff$14921' with positive edge clock and positive level reset.
Creating register for signal `$paramod$a1f82ff8dd7f02ea405ce72f1e83a511ee16121c\ibex_load_store_unit.\rdata_q' using process `$paramod$a1f82ff8dd7f02ea405ce72f1e83a511ee16121c\ibex_load_store_unit.$proc$/work/src/ibex_load_store_unit.v:230$1479'.
  created $adff cell `$procdff$14926' with positive edge clock and positive level reset.
Creating register for signal `$paramod\ibex_wb_stage\ResetAll=1'1\WritebackStage=1'1\DummyInstructions=1'0.\g_writeback_stage.rf_wdata_wb_q' using process `$paramod\ibex_wb_stage\ResetAll=1'1\WritebackStage=1'1\DummyInstructions=1'0.$proc$/work/src/ibex_wb_stage.v:134$1411'.
  created $adff cell `$procdff$14931' with positive edge clock and positive level reset.
Creating register for signal `$paramod\ibex_wb_stage\ResetAll=1'1\WritebackStage=1'1\DummyInstructions=1'0.\g_writeback_stage.rf_we_wb_q' using process `$paramod\ibex_wb_stage\ResetAll=1'1\WritebackStage=1'1\DummyInstructions=1'0.$proc$/work/src/ibex_wb_stage.v:134$1411'.
  created $adff cell `$procdff$14936' with positive edge clock and positive level reset.
Creating register for signal `$paramod\ibex_wb_stage\ResetAll=1'1\WritebackStage=1'1\DummyInstructions=1'0.\g_writeback_stage.rf_waddr_wb_q' using process `$paramod\ibex_wb_stage\ResetAll=1'1\WritebackStage=1'1\DummyInstructions=1'0.$proc$/work/src/ibex_wb_stage.v:134$1411'.
  created $adff cell `$procdff$14941' with positive edge clock and positive level reset.
Creating register for signal `$paramod\ibex_wb_stage\ResetAll=1'1\WritebackStage=1'1\DummyInstructions=1'0.\g_writeback_stage.wb_pc_q' using process `$paramod\ibex_wb_stage\ResetAll=1'1\WritebackStage=1'1\DummyInstructions=1'0.$proc$/work/src/ibex_wb_stage.v:134$1411'.
  created $adff cell `$procdff$14946' with positive edge clock and positive level reset.
Creating register for signal `$paramod\ibex_wb_stage\ResetAll=1'1\WritebackStage=1'1\DummyInstructions=1'0.\g_writeback_stage.wb_compressed_q' using process `$paramod\ibex_wb_stage\ResetAll=1'1\WritebackStage=1'1\DummyInstructions=1'0.$proc$/work/src/ibex_wb_stage.v:134$1411'.
  created $adff cell `$procdff$14951' with positive edge clock and positive level reset.
Creating register for signal `$paramod\ibex_wb_stage\ResetAll=1'1\WritebackStage=1'1\DummyInstructions=1'0.\g_writeback_stage.wb_count_q' using process `$paramod\ibex_wb_stage\ResetAll=1'1\WritebackStage=1'1\DummyInstructions=1'0.$proc$/work/src/ibex_wb_stage.v:134$1411'.
  created $adff cell `$procdff$14956' with positive edge clock and positive level reset.
Creating register for signal `$paramod\ibex_wb_stage\ResetAll=1'1\WritebackStage=1'1\DummyInstructions=1'0.\g_writeback_stage.wb_instr_type_q' using process `$paramod\ibex_wb_stage\ResetAll=1'1\WritebackStage=1'1\DummyInstructions=1'0.$proc$/work/src/ibex_wb_stage.v:134$1411'.
  created $adff cell `$procdff$14961' with positive edge clock and positive level reset.
Creating register for signal `$paramod\ibex_wb_stage\ResetAll=1'1\WritebackStage=1'1\DummyInstructions=1'0.\g_writeback_stage.wb_is_cheriot_q' using process `$paramod\ibex_wb_stage\ResetAll=1'1\WritebackStage=1'1\DummyInstructions=1'0.$proc$/work/src/ibex_wb_stage.v:134$1411'.
  created $adff cell `$procdff$14966' with positive edge clock and positive level reset.
Creating register for signal `$paramod\ibex_wb_stage\ResetAll=1'1\WritebackStage=1'1\DummyInstructions=1'0.\g_writeback_stage.wb_cheriot_load_q' using process `$paramod\ibex_wb_stage\ResetAll=1'1\WritebackStage=1'1\DummyInstructions=1'0.$proc$/work/src/ibex_wb_stage.v:134$1411'.
  created $adff cell `$procdff$14971' with positive edge clock and positive level reset.
Creating register for signal `$paramod\ibex_wb_stage\ResetAll=1'1\WritebackStage=1'1\DummyInstructions=1'0.\g_writeback_stage.wb_cheriot_store_q' using process `$paramod\ibex_wb_stage\ResetAll=1'1\WritebackStage=1'1\DummyInstructions=1'0.$proc$/work/src/ibex_wb_stage.v:134$1411'.
  created $adff cell `$procdff$14976' with positive edge clock and positive level reset.
Creating register for signal `$paramod\ibex_wb_stage\ResetAll=1'1\WritebackStage=1'1\DummyInstructions=1'0.\g_writeback_stage.cheriot_rf_we_q' using process `$paramod\ibex_wb_stage\ResetAll=1'1\WritebackStage=1'1\DummyInstructions=1'0.$proc$/work/src/ibex_wb_stage.v:134$1411'.
  created $adff cell `$procdff$14981' with positive edge clock and positive level reset.
Creating register for signal `$paramod\ibex_wb_stage\ResetAll=1'1\WritebackStage=1'1\DummyInstructions=1'0.\g_writeback_stage.cheriot_rf_wdata_q' using process `$paramod\ibex_wb_stage\ResetAll=1'1\WritebackStage=1'1\DummyInstructions=1'0.$proc$/work/src/ibex_wb_stage.v:134$1411'.
  created $adff cell `$procdff$14986' with positive edge clock and positive level reset.
Creating register for signal `$paramod\ibex_wb_stage\ResetAll=1'1\WritebackStage=1'1\DummyInstructions=1'0.\g_writeback_stage.cheriot_rf_wcap_q' using process `$paramod\ibex_wb_stage\ResetAll=1'1\WritebackStage=1'1\DummyInstructions=1'0.$proc$/work/src/ibex_wb_stage.v:134$1411'.
  created $adff cell `$procdff$14991' with positive edge clock and positive level reset.
Creating register for signal `$paramod\ibex_wb_stage\ResetAll=1'1\WritebackStage=1'1\DummyInstructions=1'0.\g_writeback_stage.wb_valid_q' using process `$paramod\ibex_wb_stage\ResetAll=1'1\WritebackStage=1'1\DummyInstructions=1'0.$proc$/work/src/ibex_wb_stage.v:128$1409'.
  created $adff cell `$procdff$14996' with positive edge clock and positive level reset.
Creating register for signal `$paramod$5714e31d82f2b8816750797f158ebea69a089104\ibex_csr.\rdata_q' using process `$paramod$5714e31d82f2b8816750797f158ebea69a089104\ibex_csr.$proc$/work/src/ibex_csr.v:19$2500'.
  created $adff cell `$procdff$15001' with positive edge clock and positive level reset.
Creating register for signal `$paramod$9965f29857664148d24e0207d195fc610cce17ac\ibex_if_stage.\instr_rdata_id_o' using process `$paramod$9965f29857664148d24e0207d195fc610cce17ac\ibex_if_stage.$proc$/work/src/ibex_if_stage.v:493$1906'.
  created $adff cell `$procdff$15006' with positive edge clock and positive level reset.
Creating register for signal `$paramod$9965f29857664148d24e0207d195fc610cce17ac\ibex_if_stage.\instr_rdata_alu_id_o' using process `$paramod$9965f29857664148d24e0207d195fc610cce17ac\ibex_if_stage.$proc$/work/src/ibex_if_stage.v:493$1906'.
  created $adff cell `$procdff$15011' with positive edge clock and positive level reset.
Creating register for signal `$paramod$9965f29857664148d24e0207d195fc610cce17ac\ibex_if_stage.\instr_rdata_c_id_o' using process `$paramod$9965f29857664148d24e0207d195fc610cce17ac\ibex_if_stage.$proc$/work/src/ibex_if_stage.v:493$1906'.
  created $adff cell `$procdff$15016' with positive edge clock and positive level reset.
Creating register for signal `$paramod$9965f29857664148d24e0207d195fc610cce17ac\ibex_if_stage.\instr_is_compressed_id_o' using process `$paramod$9965f29857664148d24e0207d195fc610cce17ac\ibex_if_stage.$proc$/work/src/ibex_if_stage.v:493$1906'.
  created $adff cell `$procdff$15021' with positive edge clock and positive level reset.
Creating register for signal `$paramod$9965f29857664148d24e0207d195fc610cce17ac\ibex_if_stage.\instr_gets_expanded_id_o' using process `$paramod$9965f29857664148d24e0207d195fc610cce17ac\ibex_if_stage.$proc$/work/src/ibex_if_stage.v:493$1906'.
  created $adff cell `$procdff$15026' with positive edge clock and positive level reset.
Creating register for signal `$paramod$9965f29857664148d24e0207d195fc610cce17ac\ibex_if_stage.\instr_expanded_id_o' using process `$paramod$9965f29857664148d24e0207d195fc610cce17ac\ibex_if_stage.$proc$/work/src/ibex_if_stage.v:493$1906'.
  created $adff cell `$procdff$15031' with positive edge clock and positive level reset.
Creating register for signal `$paramod$9965f29857664148d24e0207d195fc610cce17ac\ibex_if_stage.\instr_fetch_err_o' using process `$paramod$9965f29857664148d24e0207d195fc610cce17ac\ibex_if_stage.$proc$/work/src/ibex_if_stage.v:493$1906'.
  created $adff cell `$procdff$15036' with positive edge clock and positive level reset.
Creating register for signal `$paramod$9965f29857664148d24e0207d195fc610cce17ac\ibex_if_stage.\instr_fetch_err_plus2_o' using process `$paramod$9965f29857664148d24e0207d195fc610cce17ac\ibex_if_stage.$proc$/work/src/ibex_if_stage.v:493$1906'.
  created $adff cell `$procdff$15041' with positive edge clock and positive level reset.
Creating register for signal `$paramod$9965f29857664148d24e0207d195fc610cce17ac\ibex_if_stage.\illegal_c_insn_id_o' using process `$paramod$9965f29857664148d24e0207d195fc610cce17ac\ibex_if_stage.$proc$/work/src/ibex_if_stage.v:493$1906'.
  created $adff cell `$procdff$15046' with positive edge clock and positive level reset.
Creating register for signal `$paramod$9965f29857664148d24e0207d195fc610cce17ac\ibex_if_stage.\pc_id_o' using process `$paramod$9965f29857664148d24e0207d195fc610cce17ac\ibex_if_stage.$proc$/work/src/ibex_if_stage.v:493$1906'.
  created $adff cell `$procdff$15051' with positive edge clock and positive level reset.
Creating register for signal `$paramod$9965f29857664148d24e0207d195fc610cce17ac\ibex_if_stage.\instr_valid_id_q' using process `$paramod$9965f29857664148d24e0207d195fc610cce17ac\ibex_if_stage.$proc$/work/src/ibex_if_stage.v:479$1901'.
  created $adff cell `$procdff$15056' with positive edge clock and positive level reset.
Creating register for signal `$paramod$9965f29857664148d24e0207d195fc610cce17ac\ibex_if_stage.\instr_new_id_q' using process `$paramod$9965f29857664148d24e0207d195fc610cce17ac\ibex_if_stage.$proc$/work/src/ibex_if_stage.v:479$1901'.
  created $adff cell `$procdff$15061' with positive edge clock and positive level reset.
Creating register for signal `$paramod$40ece52504ff00c302be66a0111a4ec3d1608ab5\ibex_register_file_ff.\g_plain_rf.g_rf_flops[31].rf_reg_q' using process `$paramod$40ece52504ff00c302be66a0111a4ec3d1608ab5\ibex_register_file_ff.$proc$/work/src/ibex_register_file_ff.v:171$976'.
  created $adff cell `$procdff$15066' with positive edge clock and positive level reset.
Creating register for signal `$paramod$40ece52504ff00c302be66a0111a4ec3d1608ab5\ibex_register_file_ff.\g_plain_rf.g_rf_flops[30].rf_reg_q' using process `$paramod$40ece52504ff00c302be66a0111a4ec3d1608ab5\ibex_register_file_ff.$proc$/work/src/ibex_register_file_ff.v:171$974'.
  created $adff cell `$procdff$15071' with positive edge clock and positive level reset.
Creating register for signal `$paramod$40ece52504ff00c302be66a0111a4ec3d1608ab5\ibex_register_file_ff.\g_plain_rf.g_rf_flops[29].rf_reg_q' using process `$paramod$40ece52504ff00c302be66a0111a4ec3d1608ab5\ibex_register_file_ff.$proc$/work/src/ibex_register_file_ff.v:171$972'.
  created $adff cell `$procdff$15076' with positive edge clock and positive level reset.
Creating register for signal `$paramod$40ece52504ff00c302be66a0111a4ec3d1608ab5\ibex_register_file_ff.\g_plain_rf.g_rf_flops[28].rf_reg_q' using process `$paramod$40ece52504ff00c302be66a0111a4ec3d1608ab5\ibex_register_file_ff.$proc$/work/src/ibex_register_file_ff.v:171$970'.
  created $adff cell `$procdff$15081' with positive edge clock and positive level reset.
Creating register for signal `$paramod$40ece52504ff00c302be66a0111a4ec3d1608ab5\ibex_register_file_ff.\g_plain_rf.g_rf_flops[27].rf_reg_q' using process `$paramod$40ece52504ff00c302be66a0111a4ec3d1608ab5\ibex_register_file_ff.$proc$/work/src/ibex_register_file_ff.v:171$968'.
  created $adff cell `$procdff$15086' with positive edge clock and positive level reset.
Creating register for signal `$paramod$40ece52504ff00c302be66a0111a4ec3d1608ab5\ibex_register_file_ff.\g_plain_rf.g_rf_flops[26].rf_reg_q' using process `$paramod$40ece52504ff00c302be66a0111a4ec3d1608ab5\ibex_register_file_ff.$proc$/work/src/ibex_register_file_ff.v:171$966'.
  created $adff cell `$procdff$15091' with positive edge clock and positive level reset.
Creating register for signal `$paramod$40ece52504ff00c302be66a0111a4ec3d1608ab5\ibex_register_file_ff.\g_plain_rf.g_rf_flops[25].rf_reg_q' using process `$paramod$40ece52504ff00c302be66a0111a4ec3d1608ab5\ibex_register_file_ff.$proc$/work/src/ibex_register_file_ff.v:171$964'.
  created $adff cell `$procdff$15096' with positive edge clock and positive level reset.
Creating register for signal `$paramod$40ece52504ff00c302be66a0111a4ec3d1608ab5\ibex_register_file_ff.\g_plain_rf.g_rf_flops[24].rf_reg_q' using process `$paramod$40ece52504ff00c302be66a0111a4ec3d1608ab5\ibex_register_file_ff.$proc$/work/src/ibex_register_file_ff.v:171$962'.
  created $adff cell `$procdff$15101' with positive edge clock and positive level reset.
Creating register for signal `$paramod$40ece52504ff00c302be66a0111a4ec3d1608ab5\ibex_register_file_ff.\g_plain_rf.g_rf_flops[23].rf_reg_q' using process `$paramod$40ece52504ff00c302be66a0111a4ec3d1608ab5\ibex_register_file_ff.$proc$/work/src/ibex_register_file_ff.v:171$960'.
  created $adff cell `$procdff$15106' with positive edge clock and positive level reset.
Creating register for signal `$paramod$40ece52504ff00c302be66a0111a4ec3d1608ab5\ibex_register_file_ff.\g_plain_rf.g_rf_flops[22].rf_reg_q' using process `$paramod$40ece52504ff00c302be66a0111a4ec3d1608ab5\ibex_register_file_ff.$proc$/work/src/ibex_register_file_ff.v:171$958'.
  created $adff cell `$procdff$15111' with positive edge clock and positive level reset.
Creating register for signal `$paramod$40ece52504ff00c302be66a0111a4ec3d1608ab5\ibex_register_file_ff.\g_plain_rf.g_rf_flops[21].rf_reg_q' using process `$paramod$40ece52504ff00c302be66a0111a4ec3d1608ab5\ibex_register_file_ff.$proc$/work/src/ibex_register_file_ff.v:171$956'.
  created $adff cell `$procdff$15116' with positive edge clock and positive level reset.
Creating register for signal `$paramod$40ece52504ff00c302be66a0111a4ec3d1608ab5\ibex_register_file_ff.\g_plain_rf.g_rf_flops[20].rf_reg_q' using process `$paramod$40ece52504ff00c302be66a0111a4ec3d1608ab5\ibex_register_file_ff.$proc$/work/src/ibex_register_file_ff.v:171$954'.
  created $adff cell `$procdff$15121' with positive edge clock and positive level reset.
Creating register for signal `$paramod$40ece52504ff00c302be66a0111a4ec3d1608ab5\ibex_register_file_ff.\g_plain_rf.g_rf_flops[19].rf_reg_q' using process `$paramod$40ece52504ff00c302be66a0111a4ec3d1608ab5\ibex_register_file_ff.$proc$/work/src/ibex_register_file_ff.v:171$952'.
  created $adff cell `$procdff$15126' with positive edge clock and positive level reset.
Creating register for signal `$paramod$40ece52504ff00c302be66a0111a4ec3d1608ab5\ibex_register_file_ff.\g_plain_rf.g_rf_flops[18].rf_reg_q' using process `$paramod$40ece52504ff00c302be66a0111a4ec3d1608ab5\ibex_register_file_ff.$proc$/work/src/ibex_register_file_ff.v:171$950'.
  created $adff cell `$procdff$15131' with positive edge clock and positive level reset.
Creating register for signal `$paramod$40ece52504ff00c302be66a0111a4ec3d1608ab5\ibex_register_file_ff.\g_plain_rf.g_rf_flops[17].rf_reg_q' using process `$paramod$40ece52504ff00c302be66a0111a4ec3d1608ab5\ibex_register_file_ff.$proc$/work/src/ibex_register_file_ff.v:171$948'.
  created $adff cell `$procdff$15136' with positive edge clock and positive level reset.
Creating register for signal `$paramod$40ece52504ff00c302be66a0111a4ec3d1608ab5\ibex_register_file_ff.\g_plain_rf.g_rf_flops[16].rf_reg_q' using process `$paramod$40ece52504ff00c302be66a0111a4ec3d1608ab5\ibex_register_file_ff.$proc$/work/src/ibex_register_file_ff.v:171$946'.
  created $adff cell `$procdff$15141' with positive edge clock and positive level reset.
Creating register for signal `$paramod$40ece52504ff00c302be66a0111a4ec3d1608ab5\ibex_register_file_ff.\g_plain_rf.g_rf_flops[15].rf_reg_q' using process `$paramod$40ece52504ff00c302be66a0111a4ec3d1608ab5\ibex_register_file_ff.$proc$/work/src/ibex_register_file_ff.v:171$944'.
  created $adff cell `$procdff$15146' with positive edge clock and positive level reset.
Creating register for signal `$paramod$40ece52504ff00c302be66a0111a4ec3d1608ab5\ibex_register_file_ff.\g_plain_rf.g_rf_flops[14].rf_reg_q' using process `$paramod$40ece52504ff00c302be66a0111a4ec3d1608ab5\ibex_register_file_ff.$proc$/work/src/ibex_register_file_ff.v:171$942'.
  created $adff cell `$procdff$15151' with positive edge clock and positive level reset.
Creating register for signal `$paramod$40ece52504ff00c302be66a0111a4ec3d1608ab5\ibex_register_file_ff.\g_plain_rf.g_rf_flops[13].rf_reg_q' using process `$paramod$40ece52504ff00c302be66a0111a4ec3d1608ab5\ibex_register_file_ff.$proc$/work/src/ibex_register_file_ff.v:171$940'.
  created $adff cell `$procdff$15156' with positive edge clock and positive level reset.
Creating register for signal `$paramod$40ece52504ff00c302be66a0111a4ec3d1608ab5\ibex_register_file_ff.\g_plain_rf.g_rf_flops[12].rf_reg_q' using process `$paramod$40ece52504ff00c302be66a0111a4ec3d1608ab5\ibex_register_file_ff.$proc$/work/src/ibex_register_file_ff.v:171$938'.
  created $adff cell `$procdff$15161' with positive edge clock and positive level reset.
Creating register for signal `$paramod$40ece52504ff00c302be66a0111a4ec3d1608ab5\ibex_register_file_ff.\g_plain_rf.g_rf_flops[11].rf_reg_q' using process `$paramod$40ece52504ff00c302be66a0111a4ec3d1608ab5\ibex_register_file_ff.$proc$/work/src/ibex_register_file_ff.v:171$936'.
  created $adff cell `$procdff$15166' with positive edge clock and positive level reset.
Creating register for signal `$paramod$40ece52504ff00c302be66a0111a4ec3d1608ab5\ibex_register_file_ff.\g_plain_rf.g_rf_flops[10].rf_reg_q' using process `$paramod$40ece52504ff00c302be66a0111a4ec3d1608ab5\ibex_register_file_ff.$proc$/work/src/ibex_register_file_ff.v:171$934'.
  created $adff cell `$procdff$15171' with positive edge clock and positive level reset.
Creating register for signal `$paramod$40ece52504ff00c302be66a0111a4ec3d1608ab5\ibex_register_file_ff.\g_plain_rf.g_rf_flops[9].rf_reg_q' using process `$paramod$40ece52504ff00c302be66a0111a4ec3d1608ab5\ibex_register_file_ff.$proc$/work/src/ibex_register_file_ff.v:171$932'.
  created $adff cell `$procdff$15176' with positive edge clock and positive level reset.
Creating register for signal `$paramod$40ece52504ff00c302be66a0111a4ec3d1608ab5\ibex_register_file_ff.\g_plain_rf.g_rf_flops[8].rf_reg_q' using process `$paramod$40ece52504ff00c302be66a0111a4ec3d1608ab5\ibex_register_file_ff.$proc$/work/src/ibex_register_file_ff.v:171$930'.
  created $adff cell `$procdff$15181' with positive edge clock and positive level reset.
Creating register for signal `$paramod$40ece52504ff00c302be66a0111a4ec3d1608ab5\ibex_register_file_ff.\g_plain_rf.g_rf_flops[7].rf_reg_q' using process `$paramod$40ece52504ff00c302be66a0111a4ec3d1608ab5\ibex_register_file_ff.$proc$/work/src/ibex_register_file_ff.v:171$928'.
  created $adff cell `$procdff$15186' with positive edge clock and positive level reset.
Creating register for signal `$paramod$40ece52504ff00c302be66a0111a4ec3d1608ab5\ibex_register_file_ff.\g_plain_rf.g_rf_flops[6].rf_reg_q' using process `$paramod$40ece52504ff00c302be66a0111a4ec3d1608ab5\ibex_register_file_ff.$proc$/work/src/ibex_register_file_ff.v:171$926'.
  created $adff cell `$procdff$15191' with positive edge clock and positive level reset.
Creating register for signal `$paramod$40ece52504ff00c302be66a0111a4ec3d1608ab5\ibex_register_file_ff.\g_plain_rf.g_rf_flops[5].rf_reg_q' using process `$paramod$40ece52504ff00c302be66a0111a4ec3d1608ab5\ibex_register_file_ff.$proc$/work/src/ibex_register_file_ff.v:171$924'.
  created $adff cell `$procdff$15196' with positive edge clock and positive level reset.
Creating register for signal `$paramod$40ece52504ff00c302be66a0111a4ec3d1608ab5\ibex_register_file_ff.\g_plain_rf.g_rf_flops[4].rf_reg_q' using process `$paramod$40ece52504ff00c302be66a0111a4ec3d1608ab5\ibex_register_file_ff.$proc$/work/src/ibex_register_file_ff.v:171$922'.
  created $adff cell `$procdff$15201' with positive edge clock and positive level reset.
Creating register for signal `$paramod$40ece52504ff00c302be66a0111a4ec3d1608ab5\ibex_register_file_ff.\g_plain_rf.g_rf_flops[3].rf_reg_q' using process `$paramod$40ece52504ff00c302be66a0111a4ec3d1608ab5\ibex_register_file_ff.$proc$/work/src/ibex_register_file_ff.v:171$920'.
  created $adff cell `$procdff$15206' with positive edge clock and positive level reset.
Creating register for signal `$paramod$40ece52504ff00c302be66a0111a4ec3d1608ab5\ibex_register_file_ff.\g_plain_rf.g_rf_flops[2].rf_reg_q' using process `$paramod$40ece52504ff00c302be66a0111a4ec3d1608ab5\ibex_register_file_ff.$proc$/work/src/ibex_register_file_ff.v:171$918'.
  created $adff cell `$procdff$15211' with positive edge clock and positive level reset.
Creating register for signal `$paramod$40ece52504ff00c302be66a0111a4ec3d1608ab5\ibex_register_file_ff.\g_plain_rf.g_rf_flops[1].rf_reg_q' using process `$paramod$40ece52504ff00c302be66a0111a4ec3d1608ab5\ibex_register_file_ff.$proc$/work/src/ibex_register_file_ff.v:171$916'.
  created $adff cell `$procdff$15216' with positive edge clock and positive level reset.
Creating register for signal `$paramod$c16eccae153ba9fb8fce8498c4f7e85e78010c3f\ibex_counter.\counter_q' using process `$paramod$c16eccae153ba9fb8fce8498c4f7e85e78010c3f\ibex_counter.$proc$/work/src/ibex_counter.v:56$2479'.
  created $adff cell `$procdff$15221' with positive edge clock and positive level reset.
Creating register for signal `$paramod\ibex_fetch_fifo\NUM_REQS=32'00000000000000000000000000000010\ResetAll=1'1.\err_q [2]' using process `$paramod\ibex_fetch_fifo\NUM_REQS=32'00000000000000000000000000000010\ResetAll=1'1.$proc$/work/src/ibex_fetch_fifo.v:148$2894'.
  created $adff cell `$procdff$15226' with positive edge clock and positive level reset.
Creating register for signal `$paramod\ibex_fetch_fifo\NUM_REQS=32'00000000000000000000000000000010\ResetAll=1'1.\rdata_q [95:64]' using process `$paramod\ibex_fetch_fifo\NUM_REQS=32'00000000000000000000000000000010\ResetAll=1'1.$proc$/work/src/ibex_fetch_fifo.v:148$2894'.
  created $adff cell `$procdff$15231' with positive edge clock and positive level reset.
Creating register for signal `$paramod\ibex_fetch_fifo\NUM_REQS=32'00000000000000000000000000000010\ResetAll=1'1.\err_q [1]' using process `$paramod\ibex_fetch_fifo\NUM_REQS=32'00000000000000000000000000000010\ResetAll=1'1.$proc$/work/src/ibex_fetch_fifo.v:148$2892'.
  created $adff cell `$procdff$15236' with positive edge clock and positive level reset.
Creating register for signal `$paramod\ibex_fetch_fifo\NUM_REQS=32'00000000000000000000000000000010\ResetAll=1'1.\rdata_q [63:32]' using process `$paramod\ibex_fetch_fifo\NUM_REQS=32'00000000000000000000000000000010\ResetAll=1'1.$proc$/work/src/ibex_fetch_fifo.v:148$2892'.
  created $adff cell `$procdff$15241' with positive edge clock and positive level reset.
Creating register for signal `$paramod\ibex_fetch_fifo\NUM_REQS=32'00000000000000000000000000000010\ResetAll=1'1.\err_q [0]' using process `$paramod\ibex_fetch_fifo\NUM_REQS=32'00000000000000000000000000000010\ResetAll=1'1.$proc$/work/src/ibex_fetch_fifo.v:148$2890'.
  created $adff cell `$procdff$15246' with positive edge clock and positive level reset.
Creating register for signal `$paramod\ibex_fetch_fifo\NUM_REQS=32'00000000000000000000000000000010\ResetAll=1'1.\rdata_q [31:0]' using process `$paramod\ibex_fetch_fifo\NUM_REQS=32'00000000000000000000000000000010\ResetAll=1'1.$proc$/work/src/ibex_fetch_fifo.v:148$2890'.
  created $adff cell `$procdff$15251' with positive edge clock and positive level reset.
Creating register for signal `$paramod\ibex_fetch_fifo\NUM_REQS=32'00000000000000000000000000000010\ResetAll=1'1.\instr_addr_q' using process `$paramod\ibex_fetch_fifo\NUM_REQS=32'00000000000000000000000000000010\ResetAll=1'1.$proc$/work/src/ibex_fetch_fifo.v:97$2861'.
  created $adff cell `$procdff$15256' with positive edge clock and positive level reset.
Creating register for signal `$paramod\ibex_fetch_fifo\NUM_REQS=32'00000000000000000000000000000010\ResetAll=1'1.\valid_q' using process `$paramod\ibex_fetch_fifo\NUM_REQS=32'00000000000000000000000000000010\ResetAll=1'1.$proc$/work/src/ibex_fetch_fifo.v:138$2859'.
  created $adff cell `$procdff$15261' with positive edge clock and positive level reset.
Creating register for signal `$paramod$38aa04165534c75a0a4935f073a2885eaa0a33f1\ibex_cs_registers.\mcountinhibit_q' using process `$paramod$38aa04165534c75a0a4935f073a2885eaa0a33f1\ibex_cs_registers.$proc$/work/src/ibex_cs_registers.v:1306$2744'.
  created $adff cell `$procdff$15266' with positive edge clock and positive level reset.
Creating register for signal `$paramod$38aa04165534c75a0a4935f073a2885eaa0a33f1\ibex_cs_registers.\priv_lvl_q' using process `$paramod$38aa04165534c75a0a4935f073a2885eaa0a33f1\ibex_cs_registers.$proc$/work/src/ibex_cs_registers.v:724$2681'.
  created $adff cell `$procdff$15271' with positive edge clock and positive level reset.
Creating register for signal `$paramod$e55993a14b1fbc43320d549f521b710ed37596c6\ibex_csr.\rdata_q' using process `$paramod$e55993a14b1fbc43320d549f521b710ed37596c6\ibex_csr.$proc$/work/src/ibex_csr.v:19$2498'.
  created $adff cell `$procdff$15276' with positive edge clock and positive level reset.
Creating register for signal `$paramod$4f46e25470a27719ee9ca03cee1a0827eff766f7\ibex_csr.\rdata_q' using process `$paramod$4f46e25470a27719ee9ca03cee1a0827eff766f7\ibex_csr.$proc$/work/src/ibex_csr.v:19$2496'.
  created $adff cell `$procdff$15281' with positive edge clock and positive level reset.
Creating register for signal `$paramod$9a435d8f6db004a67362aa9a56f32ea481a74dbe\ibex_csr.\rdata_q' using process `$paramod$9a435d8f6db004a67362aa9a56f32ea481a74dbe\ibex_csr.$proc$/work/src/ibex_csr.v:19$2494'.
  created $adff cell `$procdff$15286' with positive edge clock and positive level reset.
Creating register for signal `$paramod$410b37fbfbfa994790f1902c150d2be939cadb3b\ibex_csr.\rdata_q' using process `$paramod$410b37fbfbfa994790f1902c150d2be939cadb3b\ibex_csr.$proc$/work/src/ibex_csr.v:19$2492'.
  created $adff cell `$procdff$15291' with positive edge clock and positive level reset.
Creating register for signal `$paramod$85ba01ab5a28334786aba5877c1fe04472f39fba\ibex_csr.\rdata_q' using process `$paramod$85ba01ab5a28334786aba5877c1fe04472f39fba\ibex_csr.$proc$/work/src/ibex_csr.v:19$2490'.
  created $adff cell `$procdff$15296' with positive edge clock and positive level reset.
Creating register for signal `$paramod$34601000fe8707ce2501f5ed778e152043201712\ibex_csr.\rdata_q' using process `$paramod$34601000fe8707ce2501f5ed778e152043201712\ibex_csr.$proc$/work/src/ibex_csr.v:19$2488'.
  created $adff cell `$procdff$15301' with positive edge clock and positive level reset.
Creating register for signal `$paramod\ibex_counter\CounterWidth=s32'00000000000000000000000001000000.\counter_q' using process `$paramod\ibex_counter\CounterWidth=s32'00000000000000000000000001000000.$proc$/work/src/ibex_counter.v:56$2485'.
  created $adff cell `$procdff$15306' with positive edge clock and positive level reset.

65. Executing PROC_MEMWR pass (convert process memory writes to cells).

66. Executing PROC_CLEAN pass (remove empty switches from decision trees).
Removing empty process `ibex_top.$proc$/work/src/ibex_top.v:542$800'.
Removing empty process `ibex_top.$proc$/work/src/ibex_top.v:556$783'.
Removing empty process `ibex_top.$proc$/work/src/ibex_top.v:553$782'.
Removing empty process `ibex_top.$proc$/work/src/ibex_top.v:550$781'.
Removing empty process `ibex_top.$proc$/work/src/ibex_top.v:546$780'.
Removing empty process `ibex_top.$proc$/work/src/ibex_top.v:293$773'.
Found and cleaned up 1 empty switch in `$paramod$754dd1babe3bd40f26e46b58533db04a63dcfb60\ibex_csr.$proc$/work/src/ibex_csr.v:19$2474'.
Removing empty process `$paramod$754dd1babe3bd40f26e46b58533db04a63dcfb60\ibex_csr.$proc$/work/src/ibex_csr.v:19$2474'.
Found and cleaned up 1 empty switch in `$paramod$a088b13b9337f1e1fba58a671f47d7c7701ffa49\ibex_csr.$proc$/work/src/ibex_csr.v:19$2472'.
Removing empty process `$paramod$a088b13b9337f1e1fba58a671f47d7c7701ffa49\ibex_csr.$proc$/work/src/ibex_csr.v:19$2472'.
Removing empty process `$paramod\ibex_alu\RV32B=s32'00000000000000000000000000000000.$proc$/work/src/ibex_alu.v:0$2471'.
Removing empty process `$paramod\ibex_alu\RV32B=s32'00000000000000000000000000000000.$proc$/work/src/ibex_alu.v:858$2470'.
Removing empty process `$paramod\ibex_alu\RV32B=s32'00000000000000000000000000000000.$proc$/work/src/ibex_alu.v:855$2469'.
Removing empty process `$paramod\ibex_alu\RV32B=s32'00000000000000000000000000000000.$proc$/work/src/ibex_alu.v:852$2468'.
Removing empty process `$paramod\ibex_alu\RV32B=s32'00000000000000000000000000000000.$proc$/work/src/ibex_alu.v:849$2467'.
Removing empty process `$paramod\ibex_alu\RV32B=s32'00000000000000000000000000000000.$proc$/work/src/ibex_alu.v:846$2466'.
Removing empty process `$paramod\ibex_alu\RV32B=s32'00000000000000000000000000000000.$proc$/work/src/ibex_alu.v:843$2465'.
Removing empty process `$paramod\ibex_alu\RV32B=s32'00000000000000000000000000000000.$proc$/work/src/ibex_alu.v:839$2464'.
Removing empty process `$paramod\ibex_alu\RV32B=s32'00000000000000000000000000000000.$proc$/work/src/ibex_alu.v:836$2463'.
Removing empty process `$paramod\ibex_alu\RV32B=s32'00000000000000000000000000000000.$proc$/work/src/ibex_alu.v:833$2462'.
Removing empty process `$paramod\ibex_alu\RV32B=s32'00000000000000000000000000000000.$proc$/work/src/ibex_alu.v:829$2461'.
Found and cleaned up 1 empty switch in `$paramod\ibex_alu\RV32B=s32'00000000000000000000000000000000.$proc$/work/src/ibex_alu.v:861$2460'.
Removing empty process `$paramod\ibex_alu\RV32B=s32'00000000000000000000000000000000.$proc$/work/src/ibex_alu.v:861$2460'.
Found and cleaned up 1 empty switch in `$paramod\ibex_alu\RV32B=s32'00000000000000000000000000000000.$proc$/work/src/ibex_alu.v:247$2459'.
Removing empty process `$paramod\ibex_alu\RV32B=s32'00000000000000000000000000000000.$proc$/work/src/ibex_alu.v:247$2459'.
Found and cleaned up 1 empty switch in `$paramod\ibex_alu\RV32B=s32'00000000000000000000000000000000.$proc$/work/src/ibex_alu.v:231$2448'.
Removing empty process `$paramod\ibex_alu\RV32B=s32'00000000000000000000000000000000.$proc$/work/src/ibex_alu.v:231$2448'.
Removing empty process `$paramod\ibex_alu\RV32B=s32'00000000000000000000000000000000.$proc$/work/src/ibex_alu.v:200$2442'.
Found and cleaned up 2 empty switches in `$paramod\ibex_alu\RV32B=s32'00000000000000000000000000000000.$proc$/work/src/ibex_alu.v:180$2440'.
Removing empty process `$paramod\ibex_alu\RV32B=s32'00000000000000000000000000000000.$proc$/work/src/ibex_alu.v:180$2440'.
Found and cleaned up 1 empty switch in `$paramod\ibex_alu\RV32B=s32'00000000000000000000000000000000.$proc$/work/src/ibex_alu.v:171$2434'.
Removing empty process `$paramod\ibex_alu\RV32B=s32'00000000000000000000000000000000.$proc$/work/src/ibex_alu.v:171$2434'.
Removing empty process `$paramod\ibex_alu\RV32B=s32'00000000000000000000000000000000.$proc$/work/src/ibex_alu.v:169$2432'.
Found and cleaned up 1 empty switch in `$paramod\ibex_alu\RV32B=s32'00000000000000000000000000000000.$proc$/work/src/ibex_alu.v:123$2426'.
Removing empty process `$paramod\ibex_alu\RV32B=s32'00000000000000000000000000000000.$proc$/work/src/ibex_alu.v:123$2426'.
Found and cleaned up 1 empty switch in `$paramod\ibex_alu\RV32B=s32'00000000000000000000000000000000.$proc$/work/src/ibex_alu.v:114$2421'.
Removing empty process `$paramod\ibex_alu\RV32B=s32'00000000000000000000000000000000.$proc$/work/src/ibex_alu.v:114$2421'.
Found and cleaned up 1 empty switch in `$paramod\ibex_alu\RV32B=s32'00000000000000000000000000000000.$proc$/work/src/ibex_alu.v:103$2419'.
Removing empty process `$paramod\ibex_alu\RV32B=s32'00000000000000000000000000000000.$proc$/work/src/ibex_alu.v:103$2419'.
Found and cleaned up 1 empty switch in `$paramod\ibex_alu\RV32B=s32'00000000000000000000000000000000.$proc$/work/src/ibex_alu.v:87$2417'.
Removing empty process `$paramod\ibex_alu\RV32B=s32'00000000000000000000000000000000.$proc$/work/src/ibex_alu.v:87$2417'.
Found and cleaned up 1 empty switch in `$paramod\ibex_alu\RV32B=s32'00000000000000000000000000000000.$proc$/work/src/ibex_alu.v:74$2415'.
Removing empty process `$paramod\ibex_alu\RV32B=s32'00000000000000000000000000000000.$proc$/work/src/ibex_alu.v:74$2415'.
Found and cleaned up 1 empty switch in `$paramod\ibex_alu\RV32B=s32'00000000000000000000000000000000.$proc$/work/src/ibex_alu.v:51$2414'.
Removing empty process `$paramod\ibex_alu\RV32B=s32'00000000000000000000000000000000.$proc$/work/src/ibex_alu.v:51$2414'.
Removing empty process `$paramod$e6b6d8eec746808c1a487eeea1c00388e00f4eee\ibex_decoder.$proc$/work/src/ibex_decoder.v:0$2413'.
Removing empty process `$paramod$e6b6d8eec746808c1a487eeea1c00388e00f4eee\ibex_decoder.$proc$/work/src/ibex_decoder.v:186$2411'.
Found and cleaned up 14 empty switches in `$paramod$e6b6d8eec746808c1a487eeea1c00388e00f4eee\ibex_decoder.$proc$/work/src/ibex_decoder.v:682$2386'.
Removing empty process `$paramod$e6b6d8eec746808c1a487eeea1c00388e00f4eee\ibex_decoder.$proc$/work/src/ibex_decoder.v:682$2386'.
Found and cleaned up 44 empty switches in `$paramod$e6b6d8eec746808c1a487eeea1c00388e00f4eee\ibex_decoder.$proc$/work/src/ibex_decoder.v:228$2324'.
Removing empty process `$paramod$e6b6d8eec746808c1a487eeea1c00388e00f4eee\ibex_decoder.$proc$/work/src/ibex_decoder.v:228$2324'.
Found and cleaned up 1 empty switch in `$paramod$e6b6d8eec746808c1a487eeea1c00388e00f4eee\ibex_decoder.$proc$/work/src/ibex_decoder.v:221$2318'.
Removing empty process `$paramod$e6b6d8eec746808c1a487eeea1c00388e00f4eee\ibex_decoder.$proc$/work/src/ibex_decoder.v:221$2318'.
Removing empty process `$paramod$ad32fe27c0dd24fa98ff040673e62dee8d3b63ce\ibex_controller.$proc$/work/src/ibex_controller.v:0$2311'.
Removing empty process `$paramod$ad32fe27c0dd24fa98ff040673e62dee8d3b63ce\ibex_controller.$proc$/work/src/ibex_controller.v:779$2310'.
Removing empty process `$paramod$ad32fe27c0dd24fa98ff040673e62dee8d3b63ce\ibex_controller.$proc$/work/src/ibex_controller.v:776$2309'.
Removing empty process `$paramod$ad32fe27c0dd24fa98ff040673e62dee8d3b63ce\ibex_controller.$proc$/work/src/ibex_controller.v:773$2308'.
Removing empty process `$paramod$ad32fe27c0dd24fa98ff040673e62dee8d3b63ce\ibex_controller.$proc$/work/src/ibex_controller.v:770$2307'.
Found and cleaned up 9 empty switches in `$paramod$ad32fe27c0dd24fa98ff040673e62dee8d3b63ce\ibex_controller.$proc$/work/src/ibex_controller.v:279$2295'.
Removing empty process `$paramod$ad32fe27c0dd24fa98ff040673e62dee8d3b63ce\ibex_controller.$proc$/work/src/ibex_controller.v:279$2295'.
Removing empty process `$paramod$ad32fe27c0dd24fa98ff040673e62dee8d3b63ce\ibex_controller.$proc$/work/src/ibex_controller.v:724$2291'.
Found and cleaned up 38 empty switches in `$paramod$ad32fe27c0dd24fa98ff040673e62dee8d3b63ce\ibex_controller.$proc$/work/src/ibex_controller.v:437$2204'.
Removing empty process `$paramod$ad32fe27c0dd24fa98ff040673e62dee8d3b63ce\ibex_controller.$proc$/work/src/ibex_controller.v:437$2204'.
Removing empty process `$paramod$ad32fe27c0dd24fa98ff040673e62dee8d3b63ce\ibex_controller.$proc$/work/src/ibex_controller.v:412$2202'.
Found and cleaned up 15 empty switches in `$paramod$ad32fe27c0dd24fa98ff040673e62dee8d3b63ce\ibex_controller.$proc$/work/src/ibex_controller.v:399$2196'.
Removing empty process `$paramod$ad32fe27c0dd24fa98ff040673e62dee8d3b63ce\ibex_controller.$proc$/work/src/ibex_controller.v:399$2196'.
Removing empty process `$paramod$7cc7cec1e088fedd9ad9b2063ed6f6f72cf9bb0e\ibex_compressed_decoder.$proc$/work/src/ibex_compressed_decoder.v:0$2114'.
Removing empty process `$paramod$7cc7cec1e088fedd9ad9b2063ed6f6f72cf9bb0e\ibex_compressed_decoder.$proc$/work/src/ibex_compressed_decoder.v:553$2111'.
Removing empty process `$paramod$7cc7cec1e088fedd9ad9b2063ed6f6f72cf9bb0e\ibex_compressed_decoder.$proc$/work/src/ibex_compressed_decoder.v:546$2108'.
Found and cleaned up 28 empty switches in `$paramod$7cc7cec1e088fedd9ad9b2063ed6f6f72cf9bb0e\ibex_compressed_decoder.$proc$/work/src/ibex_compressed_decoder.v:203$2065'.
Removing empty process `$paramod$7cc7cec1e088fedd9ad9b2063ed6f6f72cf9bb0e\ibex_compressed_decoder.$proc$/work/src/ibex_compressed_decoder.v:203$2065'.
Found and cleaned up 1 empty switch in `$paramod\ibex_prefetch_buffer\ResetAll=1'1.$proc$/work/src/ibex_prefetch_buffer.v:123$2047'.
Removing empty process `$paramod\ibex_prefetch_buffer\ResetAll=1'1.$proc$/work/src/ibex_prefetch_buffer.v:123$2047'.
Found and cleaned up 1 empty switch in `$paramod\ibex_prefetch_buffer\ResetAll=1'1.$proc$/work/src/ibex_prefetch_buffer.v:107$2045'.
Removing empty process `$paramod\ibex_prefetch_buffer\ResetAll=1'1.$proc$/work/src/ibex_prefetch_buffer.v:107$2045'.
Removing empty process `$paramod\ibex_prefetch_buffer\ResetAll=1'1.$proc$/work/src/ibex_prefetch_buffer.v:155$2043'.
Removing empty process `$paramod$02c313747c8f25d335ac7182387c56521505fa11\ibex_core.$proc$/work/src/ibex_core.v:0$2011'.
Removing empty process `$paramod$02c313747c8f25d335ac7182387c56521505fa11\ibex_core.$proc$/work/src/ibex_core.v:0$2005'.
Removing empty process `$paramod$02c313747c8f25d335ac7182387c56521505fa11\ibex_core.$proc$/work/src/ibex_core.v:0$1954'.
Removing empty process `$paramod$02c313747c8f25d335ac7182387c56521505fa11\ibex_core.$proc$/work/src/ibex_core.v:0$1948'.
Removing empty process `$paramod$b9b2e5d491bd09fc2169df619ac80edcbdafa2a9\ibex_id_stage.$proc$/work/src/ibex_id_stage.v:0$1810'.
Removing empty process `$paramod$b9b2e5d491bd09fc2169df619ac80edcbdafa2a9\ibex_id_stage.$proc$/work/src/ibex_id_stage.v:710$1737'.
Found and cleaned up 1 empty switch in `$paramod$b9b2e5d491bd09fc2169df619ac80edcbdafa2a9\ibex_id_stage.$proc$/work/src/ibex_id_stage.v:489$1735'.
Removing empty process `$paramod$b9b2e5d491bd09fc2169df619ac80edcbdafa2a9\ibex_id_stage.$proc$/work/src/ibex_id_stage.v:489$1735'.
Found and cleaned up 1 empty switch in `$paramod$b9b2e5d491bd09fc2169df619ac80edcbdafa2a9\ibex_id_stage.$proc$/work/src/ibex_id_stage.v:489$1733'.
Removing empty process `$paramod$b9b2e5d491bd09fc2169df619ac80edcbdafa2a9\ibex_id_stage.$proc$/work/src/ibex_id_stage.v:489$1733'.
Found and cleaned up 1 empty switch in `$paramod$b9b2e5d491bd09fc2169df619ac80edcbdafa2a9\ibex_id_stage.$proc$/work/src/ibex_id_stage.v:467$1731'.
Removing empty process `$paramod$b9b2e5d491bd09fc2169df619ac80edcbdafa2a9\ibex_id_stage.$proc$/work/src/ibex_id_stage.v:467$1731'.
Removing empty process `$paramod$b9b2e5d491bd09fc2169df619ac80edcbdafa2a9\ibex_id_stage.$proc$/work/src/ibex_id_stage.v:466$1730'.
Removing empty process `$paramod$b9b2e5d491bd09fc2169df619ac80edcbdafa2a9\ibex_id_stage.$proc$/work/src/ibex_id_stage.v:463$1729'.
Found and cleaned up 9 empty switches in `$paramod$b9b2e5d491bd09fc2169df619ac80edcbdafa2a9\ibex_id_stage.$proc$/work/src/ibex_id_stage.v:754$1678'.
Removing empty process `$paramod$b9b2e5d491bd09fc2169df619ac80edcbdafa2a9\ibex_id_stage.$proc$/work/src/ibex_id_stage.v:754$1678'.
Found and cleaned up 1 empty switch in `$paramod$b9b2e5d491bd09fc2169df619ac80edcbdafa2a9\ibex_id_stage.$proc$/work/src/ibex_id_stage.v:748$1676'.
Removing empty process `$paramod$b9b2e5d491bd09fc2169df619ac80edcbdafa2a9\ibex_id_stage.$proc$/work/src/ibex_id_stage.v:748$1676'.
Removing empty process `$paramod$b9b2e5d491bd09fc2169df619ac80edcbdafa2a9\ibex_id_stage.$proc$/work/src/ibex_id_stage.v:719$1670'.
Found and cleaned up 1 empty switch in `$paramod$b9b2e5d491bd09fc2169df619ac80edcbdafa2a9\ibex_id_stage.$proc$/work/src/ibex_id_stage.v:499$1632'.
Removing empty process `$paramod$b9b2e5d491bd09fc2169df619ac80edcbdafa2a9\ibex_id_stage.$proc$/work/src/ibex_id_stage.v:499$1632'.
Found and cleaned up 1 empty switch in `$paramod$b9b2e5d491bd09fc2169df619ac80edcbdafa2a9\ibex_id_stage.$proc$/work/src/ibex_id_stage.v:406$1626'.
Removing empty process `$paramod$b9b2e5d491bd09fc2169df619ac80edcbdafa2a9\ibex_id_stage.$proc$/work/src/ibex_id_stage.v:406$1626'.
Removing empty process `$paramod$a1f82ff8dd7f02ea405ce72f1e83a511ee16121c\ibex_load_store_unit.$proc$/work/src/ibex_load_store_unit.v:0$1603'.
Found and cleaned up 3 empty switches in `$paramod$a1f82ff8dd7f02ea405ce72f1e83a511ee16121c\ibex_load_store_unit.$proc$/work/src/ibex_load_store_unit.v:527$1554'.
Removing empty process `$paramod$a1f82ff8dd7f02ea405ce72f1e83a511ee16121c\ibex_load_store_unit.$proc$/work/src/ibex_load_store_unit.v:527$1554'.
Found and cleaned up 5 empty switches in `$paramod$a1f82ff8dd7f02ea405ce72f1e83a511ee16121c\ibex_load_store_unit.$proc$/work/src/ibex_load_store_unit.v:504$1545'.
Removing empty process `$paramod$a1f82ff8dd7f02ea405ce72f1e83a511ee16121c\ibex_load_store_unit.$proc$/work/src/ibex_load_store_unit.v:504$1545'.
Found and cleaned up 18 empty switches in `$paramod$a1f82ff8dd7f02ea405ce72f1e83a511ee16121c\ibex_load_store_unit.$proc$/work/src/ibex_load_store_unit.v:356$1512'.
Removing empty process `$paramod$a1f82ff8dd7f02ea405ce72f1e83a511ee16121c\ibex_load_store_unit.$proc$/work/src/ibex_load_store_unit.v:356$1512'.
Found and cleaned up 1 empty switch in `$paramod$a1f82ff8dd7f02ea405ce72f1e83a511ee16121c\ibex_load_store_unit.$proc$/work/src/ibex_load_store_unit.v:322$1497'.
Removing empty process `$paramod$a1f82ff8dd7f02ea405ce72f1e83a511ee16121c\ibex_load_store_unit.$proc$/work/src/ibex_load_store_unit.v:322$1497'.
Found and cleaned up 5 empty switches in `$paramod$a1f82ff8dd7f02ea405ce72f1e83a511ee16121c\ibex_load_store_unit.$proc$/work/src/ibex_load_store_unit.v:294$1492'.
Removing empty process `$paramod$a1f82ff8dd7f02ea405ce72f1e83a511ee16121c\ibex_load_store_unit.$proc$/work/src/ibex_load_store_unit.v:294$1492'.
Found and cleaned up 5 empty switches in `$paramod$a1f82ff8dd7f02ea405ce72f1e83a511ee16121c\ibex_load_store_unit.$proc$/work/src/ibex_load_store_unit.v:266$1487'.
Removing empty process `$paramod$a1f82ff8dd7f02ea405ce72f1e83a511ee16121c\ibex_load_store_unit.$proc$/work/src/ibex_load_store_unit.v:266$1487'.
Found and cleaned up 1 empty switch in `$paramod$a1f82ff8dd7f02ea405ce72f1e83a511ee16121c\ibex_load_store_unit.$proc$/work/src/ibex_load_store_unit.v:254$1486'.
Removing empty process `$paramod$a1f82ff8dd7f02ea405ce72f1e83a511ee16121c\ibex_load_store_unit.$proc$/work/src/ibex_load_store_unit.v:254$1486'.
Found and cleaned up 1 empty switch in `$paramod$a1f82ff8dd7f02ea405ce72f1e83a511ee16121c\ibex_load_store_unit.$proc$/work/src/ibex_load_store_unit.v:249$1484'.
Removing empty process `$paramod$a1f82ff8dd7f02ea405ce72f1e83a511ee16121c\ibex_load_store_unit.$proc$/work/src/ibex_load_store_unit.v:249$1484'.
Found and cleaned up 1 empty switch in `$paramod$a1f82ff8dd7f02ea405ce72f1e83a511ee16121c\ibex_load_store_unit.$proc$/work/src/ibex_load_store_unit.v:235$1481'.
Removing empty process `$paramod$a1f82ff8dd7f02ea405ce72f1e83a511ee16121c\ibex_load_store_unit.$proc$/work/src/ibex_load_store_unit.v:235$1481'.
Found and cleaned up 1 empty switch in `$paramod$a1f82ff8dd7f02ea405ce72f1e83a511ee16121c\ibex_load_store_unit.$proc$/work/src/ibex_load_store_unit.v:230$1479'.
Removing empty process `$paramod$a1f82ff8dd7f02ea405ce72f1e83a511ee16121c\ibex_load_store_unit.$proc$/work/src/ibex_load_store_unit.v:230$1479'.
Found and cleaned up 3 empty switches in `$paramod$a1f82ff8dd7f02ea405ce72f1e83a511ee16121c\ibex_load_store_unit.$proc$/work/src/ibex_load_store_unit.v:214$1461'.
Removing empty process `$paramod$a1f82ff8dd7f02ea405ce72f1e83a511ee16121c\ibex_load_store_unit.$proc$/work/src/ibex_load_store_unit.v:214$1461'.
Found and cleaned up 1 empty switch in `$paramod$a1f82ff8dd7f02ea405ce72f1e83a511ee16121c\ibex_load_store_unit.$proc$/work/src/ibex_load_store_unit.v:191$1460'.
Removing empty process `$paramod$a1f82ff8dd7f02ea405ce72f1e83a511ee16121c\ibex_load_store_unit.$proc$/work/src/ibex_load_store_unit.v:191$1460'.
Found and cleaned up 8 empty switches in `$paramod$a1f82ff8dd7f02ea405ce72f1e83a511ee16121c\ibex_load_store_unit.$proc$/work/src/ibex_load_store_unit.v:139$1454'.
Removing empty process `$paramod$a1f82ff8dd7f02ea405ce72f1e83a511ee16121c\ibex_load_store_unit.$proc$/work/src/ibex_load_store_unit.v:139$1454'.
Removing empty process `$paramod\ibex_wb_stage\ResetAll=1'1\WritebackStage=1'1\DummyInstructions=1'0.$proc$/work/src/ibex_wb_stage.v:0$1442'.
Found and cleaned up 1 empty switch in `$paramod\ibex_wb_stage\ResetAll=1'1\WritebackStage=1'1\DummyInstructions=1'0.$proc$/work/src/ibex_wb_stage.v:134$1411'.
Removing empty process `$paramod\ibex_wb_stage\ResetAll=1'1\WritebackStage=1'1\DummyInstructions=1'0.$proc$/work/src/ibex_wb_stage.v:134$1411'.
Removing empty process `$paramod\ibex_wb_stage\ResetAll=1'1\WritebackStage=1'1\DummyInstructions=1'0.$proc$/work/src/ibex_wb_stage.v:128$1409'.
Found and cleaned up 1 empty switch in `$paramod$5714e31d82f2b8816750797f158ebea69a089104\ibex_csr.$proc$/work/src/ibex_csr.v:19$2500'.
Removing empty process `$paramod$5714e31d82f2b8816750797f158ebea69a089104\ibex_csr.$proc$/work/src/ibex_csr.v:19$2500'.
Removing empty process `$paramod$9965f29857664148d24e0207d195fc610cce17ac\ibex_if_stage.$proc$/work/src/ibex_if_stage.v:0$1917'.
Removing empty process `$paramod$9965f29857664148d24e0207d195fc610cce17ac\ibex_if_stage.$proc$/work/src/ibex_if_stage.v:560$1909'.
Removing empty process `$paramod$9965f29857664148d24e0207d195fc610cce17ac\ibex_if_stage.$proc$/work/src/ibex_if_stage.v:557$1908'.
Found and cleaned up 1 empty switch in `$paramod$9965f29857664148d24e0207d195fc610cce17ac\ibex_if_stage.$proc$/work/src/ibex_if_stage.v:493$1906'.
Removing empty process `$paramod$9965f29857664148d24e0207d195fc610cce17ac\ibex_if_stage.$proc$/work/src/ibex_if_stage.v:493$1906'.
Removing empty process `$paramod$9965f29857664148d24e0207d195fc610cce17ac\ibex_if_stage.$proc$/work/src/ibex_if_stage.v:474$1905'.
Removing empty process `$paramod$9965f29857664148d24e0207d195fc610cce17ac\ibex_if_stage.$proc$/work/src/ibex_if_stage.v:479$1901'.
Found and cleaned up 1 empty switch in `$paramod$9965f29857664148d24e0207d195fc610cce17ac\ibex_if_stage.$proc$/work/src/ibex_if_stage.v:254$1823'.
Removing empty process `$paramod$9965f29857664148d24e0207d195fc610cce17ac\ibex_if_stage.$proc$/work/src/ibex_if_stage.v:254$1823'.
Found and cleaned up 2 empty switches in `$paramod$9965f29857664148d24e0207d195fc610cce17ac\ibex_if_stage.$proc$/work/src/ibex_if_stage.v:238$1812'.
Removing empty process `$paramod$9965f29857664148d24e0207d195fc610cce17ac\ibex_if_stage.$proc$/work/src/ibex_if_stage.v:238$1812'.
Removing empty process `$paramod$40ece52504ff00c302be66a0111a4ec3d1608ab5\ibex_register_file_ff.$proc$/work/src/ibex_register_file_ff.v:0$988'.
Found and cleaned up 1 empty switch in `$paramod$40ece52504ff00c302be66a0111a4ec3d1608ab5\ibex_register_file_ff.$proc$/work/src/ibex_register_file_ff.v:0$985'.
Removing empty process `$paramod$40ece52504ff00c302be66a0111a4ec3d1608ab5\ibex_register_file_ff.$proc$/work/src/ibex_register_file_ff.v:0$985'.
Found and cleaned up 1 empty switch in `$paramod$40ece52504ff00c302be66a0111a4ec3d1608ab5\ibex_register_file_ff.$proc$/work/src/ibex_register_file_ff.v:0$982'.
Removing empty process `$paramod$40ece52504ff00c302be66a0111a4ec3d1608ab5\ibex_register_file_ff.$proc$/work/src/ibex_register_file_ff.v:0$982'.
Removing empty process `$paramod$40ece52504ff00c302be66a0111a4ec3d1608ab5\ibex_register_file_ff.$proc$/work/src/ibex_register_file_ff.v:0$981'.
Found and cleaned up 1 empty switch in `$paramod$40ece52504ff00c302be66a0111a4ec3d1608ab5\ibex_register_file_ff.$proc$/work/src/ibex_register_file_ff.v:171$976'.
Removing empty process `$paramod$40ece52504ff00c302be66a0111a4ec3d1608ab5\ibex_register_file_ff.$proc$/work/src/ibex_register_file_ff.v:171$976'.
Found and cleaned up 1 empty switch in `$paramod$40ece52504ff00c302be66a0111a4ec3d1608ab5\ibex_register_file_ff.$proc$/work/src/ibex_register_file_ff.v:171$974'.
Removing empty process `$paramod$40ece52504ff00c302be66a0111a4ec3d1608ab5\ibex_register_file_ff.$proc$/work/src/ibex_register_file_ff.v:171$974'.
Found and cleaned up 1 empty switch in `$paramod$40ece52504ff00c302be66a0111a4ec3d1608ab5\ibex_register_file_ff.$proc$/work/src/ibex_register_file_ff.v:171$972'.
Removing empty process `$paramod$40ece52504ff00c302be66a0111a4ec3d1608ab5\ibex_register_file_ff.$proc$/work/src/ibex_register_file_ff.v:171$972'.
Found and cleaned up 1 empty switch in `$paramod$40ece52504ff00c302be66a0111a4ec3d1608ab5\ibex_register_file_ff.$proc$/work/src/ibex_register_file_ff.v:171$970'.
Removing empty process `$paramod$40ece52504ff00c302be66a0111a4ec3d1608ab5\ibex_register_file_ff.$proc$/work/src/ibex_register_file_ff.v:171$970'.
Found and cleaned up 1 empty switch in `$paramod$40ece52504ff00c302be66a0111a4ec3d1608ab5\ibex_register_file_ff.$proc$/work/src/ibex_register_file_ff.v:171$968'.
Removing empty process `$paramod$40ece52504ff00c302be66a0111a4ec3d1608ab5\ibex_register_file_ff.$proc$/work/src/ibex_register_file_ff.v:171$968'.
Found and cleaned up 1 empty switch in `$paramod$40ece52504ff00c302be66a0111a4ec3d1608ab5\ibex_register_file_ff.$proc$/work/src/ibex_register_file_ff.v:171$966'.
Removing empty process `$paramod$40ece52504ff00c302be66a0111a4ec3d1608ab5\ibex_register_file_ff.$proc$/work/src/ibex_register_file_ff.v:171$966'.
Found and cleaned up 1 empty switch in `$paramod$40ece52504ff00c302be66a0111a4ec3d1608ab5\ibex_register_file_ff.$proc$/work/src/ibex_register_file_ff.v:171$964'.
Removing empty process `$paramod$40ece52504ff00c302be66a0111a4ec3d1608ab5\ibex_register_file_ff.$proc$/work/src/ibex_register_file_ff.v:171$964'.
Found and cleaned up 1 empty switch in `$paramod$40ece52504ff00c302be66a0111a4ec3d1608ab5\ibex_register_file_ff.$proc$/work/src/ibex_register_file_ff.v:171$962'.
Removing empty process `$paramod$40ece52504ff00c302be66a0111a4ec3d1608ab5\ibex_register_file_ff.$proc$/work/src/ibex_register_file_ff.v:171$962'.
Found and cleaned up 1 empty switch in `$paramod$40ece52504ff00c302be66a0111a4ec3d1608ab5\ibex_register_file_ff.$proc$/work/src/ibex_register_file_ff.v:171$960'.
Removing empty process `$paramod$40ece52504ff00c302be66a0111a4ec3d1608ab5\ibex_register_file_ff.$proc$/work/src/ibex_register_file_ff.v:171$960'.
Found and cleaned up 1 empty switch in `$paramod$40ece52504ff00c302be66a0111a4ec3d1608ab5\ibex_register_file_ff.$proc$/work/src/ibex_register_file_ff.v:171$958'.
Removing empty process `$paramod$40ece52504ff00c302be66a0111a4ec3d1608ab5\ibex_register_file_ff.$proc$/work/src/ibex_register_file_ff.v:171$958'.
Found and cleaned up 1 empty switch in `$paramod$40ece52504ff00c302be66a0111a4ec3d1608ab5\ibex_register_file_ff.$proc$/work/src/ibex_register_file_ff.v:171$956'.
Removing empty process `$paramod$40ece52504ff00c302be66a0111a4ec3d1608ab5\ibex_register_file_ff.$proc$/work/src/ibex_register_file_ff.v:171$956'.
Found and cleaned up 1 empty switch in `$paramod$40ece52504ff00c302be66a0111a4ec3d1608ab5\ibex_register_file_ff.$proc$/work/src/ibex_register_file_ff.v:171$954'.
Removing empty process `$paramod$40ece52504ff00c302be66a0111a4ec3d1608ab5\ibex_register_file_ff.$proc$/work/src/ibex_register_file_ff.v:171$954'.
Found and cleaned up 1 empty switch in `$paramod$40ece52504ff00c302be66a0111a4ec3d1608ab5\ibex_register_file_ff.$proc$/work/src/ibex_register_file_ff.v:171$952'.
Removing empty process `$paramod$40ece52504ff00c302be66a0111a4ec3d1608ab5\ibex_register_file_ff.$proc$/work/src/ibex_register_file_ff.v:171$952'.
Found and cleaned up 1 empty switch in `$paramod$40ece52504ff00c302be66a0111a4ec3d1608ab5\ibex_register_file_ff.$proc$/work/src/ibex_register_file_ff.v:171$950'.
Removing empty process `$paramod$40ece52504ff00c302be66a0111a4ec3d1608ab5\ibex_register_file_ff.$proc$/work/src/ibex_register_file_ff.v:171$950'.
Found and cleaned up 1 empty switch in `$paramod$40ece52504ff00c302be66a0111a4ec3d1608ab5\ibex_register_file_ff.$proc$/work/src/ibex_register_file_ff.v:171$948'.
Removing empty process `$paramod$40ece52504ff00c302be66a0111a4ec3d1608ab5\ibex_register_file_ff.$proc$/work/src/ibex_register_file_ff.v:171$948'.
Found and cleaned up 1 empty switch in `$paramod$40ece52504ff00c302be66a0111a4ec3d1608ab5\ibex_register_file_ff.$proc$/work/src/ibex_register_file_ff.v:171$946'.
Removing empty process `$paramod$40ece52504ff00c302be66a0111a4ec3d1608ab5\ibex_register_file_ff.$proc$/work/src/ibex_register_file_ff.v:171$946'.
Found and cleaned up 1 empty switch in `$paramod$40ece52504ff00c302be66a0111a4ec3d1608ab5\ibex_register_file_ff.$proc$/work/src/ibex_register_file_ff.v:171$944'.
Removing empty process `$paramod$40ece52504ff00c302be66a0111a4ec3d1608ab5\ibex_register_file_ff.$proc$/work/src/ibex_register_file_ff.v:171$944'.
Found and cleaned up 1 empty switch in `$paramod$40ece52504ff00c302be66a0111a4ec3d1608ab5\ibex_register_file_ff.$proc$/work/src/ibex_register_file_ff.v:171$942'.
Removing empty process `$paramod$40ece52504ff00c302be66a0111a4ec3d1608ab5\ibex_register_file_ff.$proc$/work/src/ibex_register_file_ff.v:171$942'.
Found and cleaned up 1 empty switch in `$paramod$40ece52504ff00c302be66a0111a4ec3d1608ab5\ibex_register_file_ff.$proc$/work/src/ibex_register_file_ff.v:171$940'.
Removing empty process `$paramod$40ece52504ff00c302be66a0111a4ec3d1608ab5\ibex_register_file_ff.$proc$/work/src/ibex_register_file_ff.v:171$940'.
Found and cleaned up 1 empty switch in `$paramod$40ece52504ff00c302be66a0111a4ec3d1608ab5\ibex_register_file_ff.$proc$/work/src/ibex_register_file_ff.v:171$938'.
Removing empty process `$paramod$40ece52504ff00c302be66a0111a4ec3d1608ab5\ibex_register_file_ff.$proc$/work/src/ibex_register_file_ff.v:171$938'.
Found and cleaned up 1 empty switch in `$paramod$40ece52504ff00c302be66a0111a4ec3d1608ab5\ibex_register_file_ff.$proc$/work/src/ibex_register_file_ff.v:171$936'.
Removing empty process `$paramod$40ece52504ff00c302be66a0111a4ec3d1608ab5\ibex_register_file_ff.$proc$/work/src/ibex_register_file_ff.v:171$936'.
Found and cleaned up 1 empty switch in `$paramod$40ece52504ff00c302be66a0111a4ec3d1608ab5\ibex_register_file_ff.$proc$/work/src/ibex_register_file_ff.v:171$934'.
Removing empty process `$paramod$40ece52504ff00c302be66a0111a4ec3d1608ab5\ibex_register_file_ff.$proc$/work/src/ibex_register_file_ff.v:171$934'.
Found and cleaned up 1 empty switch in `$paramod$40ece52504ff00c302be66a0111a4ec3d1608ab5\ibex_register_file_ff.$proc$/work/src/ibex_register_file_ff.v:171$932'.
Removing empty process `$paramod$40ece52504ff00c302be66a0111a4ec3d1608ab5\ibex_register_file_ff.$proc$/work/src/ibex_register_file_ff.v:171$932'.
Found and cleaned up 1 empty switch in `$paramod$40ece52504ff00c302be66a0111a4ec3d1608ab5\ibex_register_file_ff.$proc$/work/src/ibex_register_file_ff.v:171$930'.
Removing empty process `$paramod$40ece52504ff00c302be66a0111a4ec3d1608ab5\ibex_register_file_ff.$proc$/work/src/ibex_register_file_ff.v:171$930'.
Found and cleaned up 1 empty switch in `$paramod$40ece52504ff00c302be66a0111a4ec3d1608ab5\ibex_register_file_ff.$proc$/work/src/ibex_register_file_ff.v:171$928'.
Removing empty process `$paramod$40ece52504ff00c302be66a0111a4ec3d1608ab5\ibex_register_file_ff.$proc$/work/src/ibex_register_file_ff.v:171$928'.
Found and cleaned up 1 empty switch in `$paramod$40ece52504ff00c302be66a0111a4ec3d1608ab5\ibex_register_file_ff.$proc$/work/src/ibex_register_file_ff.v:171$926'.
Removing empty process `$paramod$40ece52504ff00c302be66a0111a4ec3d1608ab5\ibex_register_file_ff.$proc$/work/src/ibex_register_file_ff.v:171$926'.
Found and cleaned up 1 empty switch in `$paramod$40ece52504ff00c302be66a0111a4ec3d1608ab5\ibex_register_file_ff.$proc$/work/src/ibex_register_file_ff.v:171$924'.
Removing empty process `$paramod$40ece52504ff00c302be66a0111a4ec3d1608ab5\ibex_register_file_ff.$proc$/work/src/ibex_register_file_ff.v:171$924'.
Found and cleaned up 1 empty switch in `$paramod$40ece52504ff00c302be66a0111a4ec3d1608ab5\ibex_register_file_ff.$proc$/work/src/ibex_register_file_ff.v:171$922'.
Removing empty process `$paramod$40ece52504ff00c302be66a0111a4ec3d1608ab5\ibex_register_file_ff.$proc$/work/src/ibex_register_file_ff.v:171$922'.
Found and cleaned up 1 empty switch in `$paramod$40ece52504ff00c302be66a0111a4ec3d1608ab5\ibex_register_file_ff.$proc$/work/src/ibex_register_file_ff.v:171$920'.
Removing empty process `$paramod$40ece52504ff00c302be66a0111a4ec3d1608ab5\ibex_register_file_ff.$proc$/work/src/ibex_register_file_ff.v:171$920'.
Found and cleaned up 1 empty switch in `$paramod$40ece52504ff00c302be66a0111a4ec3d1608ab5\ibex_register_file_ff.$proc$/work/src/ibex_register_file_ff.v:171$918'.
Removing empty process `$paramod$40ece52504ff00c302be66a0111a4ec3d1608ab5\ibex_register_file_ff.$proc$/work/src/ibex_register_file_ff.v:171$918'.
Found and cleaned up 1 empty switch in `$paramod$40ece52504ff00c302be66a0111a4ec3d1608ab5\ibex_register_file_ff.$proc$/work/src/ibex_register_file_ff.v:171$916'.
Removing empty process `$paramod$40ece52504ff00c302be66a0111a4ec3d1608ab5\ibex_register_file_ff.$proc$/work/src/ibex_register_file_ff.v:171$916'.
Removing empty process `$paramod$40ece52504ff00c302be66a0111a4ec3d1608ab5\ibex_register_file_ff.$proc$/work/src/ibex_register_file_ff.v:156$851'.
Removing empty process `$paramod$c16eccae153ba9fb8fce8498c4f7e85e78010c3f\ibex_counter.$proc$/work/src/ibex_counter.v:0$2481'.
Removing empty process `$paramod$c16eccae153ba9fb8fce8498c4f7e85e78010c3f\ibex_counter.$proc$/work/src/ibex_counter.v:56$2479'.
Found and cleaned up 3 empty switches in `$paramod$c16eccae153ba9fb8fce8498c4f7e85e78010c3f\ibex_counter.$proc$/work/src/ibex_counter.v:28$2477'.
Removing empty process `$paramod$c16eccae153ba9fb8fce8498c4f7e85e78010c3f\ibex_counter.$proc$/work/src/ibex_counter.v:28$2477'.
Removing empty process `$paramod\ibex_fetch_fifo\NUM_REQS=32'00000000000000000000000000000010\ResetAll=1'1.$proc$/work/src/ibex_fetch_fifo.v:0$2896'.
Found and cleaned up 1 empty switch in `$paramod\ibex_fetch_fifo\NUM_REQS=32'00000000000000000000000000000010\ResetAll=1'1.$proc$/work/src/ibex_fetch_fifo.v:148$2894'.
Removing empty process `$paramod\ibex_fetch_fifo\NUM_REQS=32'00000000000000000000000000000010\ResetAll=1'1.$proc$/work/src/ibex_fetch_fifo.v:148$2894'.
Found and cleaned up 1 empty switch in `$paramod\ibex_fetch_fifo\NUM_REQS=32'00000000000000000000000000000010\ResetAll=1'1.$proc$/work/src/ibex_fetch_fifo.v:148$2892'.
Removing empty process `$paramod\ibex_fetch_fifo\NUM_REQS=32'00000000000000000000000000000010\ResetAll=1'1.$proc$/work/src/ibex_fetch_fifo.v:148$2892'.
Found and cleaned up 1 empty switch in `$paramod\ibex_fetch_fifo\NUM_REQS=32'00000000000000000000000000000010\ResetAll=1'1.$proc$/work/src/ibex_fetch_fifo.v:148$2890'.
Removing empty process `$paramod\ibex_fetch_fifo\NUM_REQS=32'00000000000000000000000000000010\ResetAll=1'1.$proc$/work/src/ibex_fetch_fifo.v:148$2890'.
Found and cleaned up 1 empty switch in `$paramod\ibex_fetch_fifo\NUM_REQS=32'00000000000000000000000000000010\ResetAll=1'1.$proc$/work/src/ibex_fetch_fifo.v:97$2861'.
Removing empty process `$paramod\ibex_fetch_fifo\NUM_REQS=32'00000000000000000000000000000010\ResetAll=1'1.$proc$/work/src/ibex_fetch_fifo.v:97$2861'.
Removing empty process `$paramod\ibex_fetch_fifo\NUM_REQS=32'00000000000000000000000000000010\ResetAll=1'1.$proc$/work/src/ibex_fetch_fifo.v:138$2859'.
Found and cleaned up 2 empty switches in `$paramod\ibex_fetch_fifo\NUM_REQS=32'00000000000000000000000000000010\ResetAll=1'1.$proc$/work/src/ibex_fetch_fifo.v:72$2840'.
Removing empty process `$paramod\ibex_fetch_fifo\NUM_REQS=32'00000000000000000000000000000010\ResetAll=1'1.$proc$/work/src/ibex_fetch_fifo.v:72$2840'.
Removing empty process `$paramod$38aa04165534c75a0a4935f073a2885eaa0a33f1\ibex_cs_registers.$proc$/work/src/ibex_cs_registers.v:0$2810'.
Removing empty process `$paramod$38aa04165534c75a0a4935f073a2885eaa0a33f1\ibex_cs_registers.$proc$/work/src/ibex_cs_registers.v:0$2806'.
Removing empty process `$paramod$38aa04165534c75a0a4935f073a2885eaa0a33f1\ibex_cs_registers.$proc$/work/src/ibex_cs_registers.v:1909$2781'.
Removing empty process `$paramod$38aa04165534c75a0a4935f073a2885eaa0a33f1\ibex_cs_registers.$proc$/work/src/ibex_cs_registers.v:1906$2780'.
Removing empty process `$paramod$38aa04165534c75a0a4935f073a2885eaa0a33f1\ibex_cs_registers.$proc$/work/src/ibex_cs_registers.v:1903$2779'.
Removing empty process `$paramod$38aa04165534c75a0a4935f073a2885eaa0a33f1\ibex_cs_registers.$proc$/work/src/ibex_cs_registers.v:1900$2778'.
Removing empty process `$paramod$38aa04165534c75a0a4935f073a2885eaa0a33f1\ibex_cs_registers.$proc$/work/src/ibex_cs_registers.v:1897$2777'.
Removing empty process `$paramod$38aa04165534c75a0a4935f073a2885eaa0a33f1\ibex_cs_registers.$proc$/work/src/ibex_cs_registers.v:1894$2776'.
Removing empty process `$paramod$38aa04165534c75a0a4935f073a2885eaa0a33f1\ibex_cs_registers.$proc$/work/src/ibex_cs_registers.v:1891$2775'.
Removing empty process `$paramod$38aa04165534c75a0a4935f073a2885eaa0a33f1\ibex_cs_registers.$proc$/work/src/ibex_cs_registers.v:1887$2774'.
Removing empty process `$paramod$38aa04165534c75a0a4935f073a2885eaa0a33f1\ibex_cs_registers.$proc$/work/src/ibex_cs_registers.v:1884$2773'.
Removing empty process `$paramod$38aa04165534c75a0a4935f073a2885eaa0a33f1\ibex_cs_registers.$proc$/work/src/ibex_cs_registers.v:1148$2770'.
Removing empty process `$paramod$38aa04165534c75a0a4935f073a2885eaa0a33f1\ibex_cs_registers.$proc$/work/src/ibex_cs_registers.v:1148$2769'.
Removing empty process `$paramod$38aa04165534c75a0a4935f073a2885eaa0a33f1\ibex_cs_registers.$proc$/work/src/ibex_cs_registers.v:1148$2768'.
Removing empty process `$paramod$38aa04165534c75a0a4935f073a2885eaa0a33f1\ibex_cs_registers.$proc$/work/src/ibex_cs_registers.v:1148$2767'.
Removing empty process `$paramod$38aa04165534c75a0a4935f073a2885eaa0a33f1\ibex_cs_registers.$proc$/work/src/ibex_cs_registers.v:1148$2766'.
Removing empty process `$paramod$38aa04165534c75a0a4935f073a2885eaa0a33f1\ibex_cs_registers.$proc$/work/src/ibex_cs_registers.v:1148$2765'.
Removing empty process `$paramod$38aa04165534c75a0a4935f073a2885eaa0a33f1\ibex_cs_registers.$proc$/work/src/ibex_cs_registers.v:1148$2764'.
Removing empty process `$paramod$38aa04165534c75a0a4935f073a2885eaa0a33f1\ibex_cs_registers.$proc$/work/src/ibex_cs_registers.v:1148$2763'.
Removing empty process `$paramod$38aa04165534c75a0a4935f073a2885eaa0a33f1\ibex_cs_registers.$proc$/work/src/ibex_cs_registers.v:1148$2762'.
Removing empty process `$paramod$38aa04165534c75a0a4935f073a2885eaa0a33f1\ibex_cs_registers.$proc$/work/src/ibex_cs_registers.v:1148$2761'.
Removing empty process `$paramod$38aa04165534c75a0a4935f073a2885eaa0a33f1\ibex_cs_registers.$proc$/work/src/ibex_cs_registers.v:1148$2760'.
Removing empty process `$paramod$38aa04165534c75a0a4935f073a2885eaa0a33f1\ibex_cs_registers.$proc$/work/src/ibex_cs_registers.v:1148$2759'.
Removing empty process `$paramod$38aa04165534c75a0a4935f073a2885eaa0a33f1\ibex_cs_registers.$proc$/work/src/ibex_cs_registers.v:1148$2758'.
Removing empty process `$paramod$38aa04165534c75a0a4935f073a2885eaa0a33f1\ibex_cs_registers.$proc$/work/src/ibex_cs_registers.v:1148$2757'.
Removing empty process `$paramod$38aa04165534c75a0a4935f073a2885eaa0a33f1\ibex_cs_registers.$proc$/work/src/ibex_cs_registers.v:1148$2756'.
Removing empty process `$paramod$38aa04165534c75a0a4935f073a2885eaa0a33f1\ibex_cs_registers.$proc$/work/src/ibex_cs_registers.v:1148$2755'.
Removing empty process `$paramod$38aa04165534c75a0a4935f073a2885eaa0a33f1\ibex_cs_registers.$proc$/work/src/ibex_cs_registers.v:1306$2744'.
Removing empty process `$paramod$38aa04165534c75a0a4935f073a2885eaa0a33f1\ibex_cs_registers.$proc$/work/src/ibex_cs_registers.v:1206$2741'.
Removing empty process `$paramod$38aa04165534c75a0a4935f073a2885eaa0a33f1\ibex_cs_registers.$proc$/work/src/ibex_cs_registers.v:1182$2740'.
Found and cleaned up 1 empty switch in `$paramod$38aa04165534c75a0a4935f073a2885eaa0a33f1\ibex_cs_registers.$proc$/work/src/ibex_cs_registers.v:1172$2738'.
Removing empty process `$paramod$38aa04165534c75a0a4935f073a2885eaa0a33f1\ibex_cs_registers.$proc$/work/src/ibex_cs_registers.v:1172$2738'.
Found and cleaned up 1 empty switch in `$paramod$38aa04165534c75a0a4935f073a2885eaa0a33f1\ibex_cs_registers.$proc$/work/src/ibex_cs_registers.v:1162$2736'.
Removing empty process `$paramod$38aa04165534c75a0a4935f073a2885eaa0a33f1\ibex_cs_registers.$proc$/work/src/ibex_cs_registers.v:1162$2736'.
Removing empty process `$paramod$38aa04165534c75a0a4935f073a2885eaa0a33f1\ibex_cs_registers.$proc$/work/src/ibex_cs_registers.v:763$2706'.
Found and cleaned up 1 empty switch in `$paramod$38aa04165534c75a0a4935f073a2885eaa0a33f1\ibex_cs_registers.$proc$/work/src/ibex_cs_registers.v:731$2684'.
Removing empty process `$paramod$38aa04165534c75a0a4935f073a2885eaa0a33f1\ibex_cs_registers.$proc$/work/src/ibex_cs_registers.v:731$2684'.
Removing empty process `$paramod$38aa04165534c75a0a4935f073a2885eaa0a33f1\ibex_cs_registers.$proc$/work/src/ibex_cs_registers.v:724$2681'.
Found and cleaned up 12 empty switches in `$paramod$38aa04165534c75a0a4935f073a2885eaa0a33f1\ibex_cs_registers.$proc$/work/src/ibex_cs_registers.v:571$2624'.
Removing empty process `$paramod$38aa04165534c75a0a4935f073a2885eaa0a33f1\ibex_cs_registers.$proc$/work/src/ibex_cs_registers.v:571$2624'.
Found and cleaned up 15 empty switches in `$paramod$38aa04165534c75a0a4935f073a2885eaa0a33f1\ibex_cs_registers.$proc$/work/src/ibex_cs_registers.v:401$2546'.
Removing empty process `$paramod$38aa04165534c75a0a4935f073a2885eaa0a33f1\ibex_cs_registers.$proc$/work/src/ibex_cs_registers.v:401$2546'.
Found and cleaned up 1 empty switch in `$paramod$e55993a14b1fbc43320d549f521b710ed37596c6\ibex_csr.$proc$/work/src/ibex_csr.v:19$2498'.
Removing empty process `$paramod$e55993a14b1fbc43320d549f521b710ed37596c6\ibex_csr.$proc$/work/src/ibex_csr.v:19$2498'.
Found and cleaned up 1 empty switch in `$paramod$4f46e25470a27719ee9ca03cee1a0827eff766f7\ibex_csr.$proc$/work/src/ibex_csr.v:19$2496'.
Removing empty process `$paramod$4f46e25470a27719ee9ca03cee1a0827eff766f7\ibex_csr.$proc$/work/src/ibex_csr.v:19$2496'.
Found and cleaned up 1 empty switch in `$paramod$9a435d8f6db004a67362aa9a56f32ea481a74dbe\ibex_csr.$proc$/work/src/ibex_csr.v:19$2494'.
Removing empty process `$paramod$9a435d8f6db004a67362aa9a56f32ea481a74dbe\ibex_csr.$proc$/work/src/ibex_csr.v:19$2494'.
Found and cleaned up 1 empty switch in `$paramod$410b37fbfbfa994790f1902c150d2be939cadb3b\ibex_csr.$proc$/work/src/ibex_csr.v:19$2492'.
Removing empty process `$paramod$410b37fbfbfa994790f1902c150d2be939cadb3b\ibex_csr.$proc$/work/src/ibex_csr.v:19$2492'.
Found and cleaned up 1 empty switch in `$paramod$85ba01ab5a28334786aba5877c1fe04472f39fba\ibex_csr.$proc$/work/src/ibex_csr.v:19$2490'.
Removing empty process `$paramod$85ba01ab5a28334786aba5877c1fe04472f39fba\ibex_csr.$proc$/work/src/ibex_csr.v:19$2490'.
Found and cleaned up 1 empty switch in `$paramod$34601000fe8707ce2501f5ed778e152043201712\ibex_csr.$proc$/work/src/ibex_csr.v:19$2488'.
Removing empty process `$paramod$34601000fe8707ce2501f5ed778e152043201712\ibex_csr.$proc$/work/src/ibex_csr.v:19$2488'.
Removing empty process `$paramod\ibex_counter\CounterWidth=s32'00000000000000000000000001000000.$proc$/work/src/ibex_counter.v:0$2487'.
Removing empty process `$paramod\ibex_counter\CounterWidth=s32'00000000000000000000000001000000.$proc$/work/src/ibex_counter.v:56$2485'.
Found and cleaned up 3 empty switches in `$paramod\ibex_counter\CounterWidth=s32'00000000000000000000000001000000.$proc$/work/src/ibex_counter.v:28$2483'.
Removing empty process `$paramod\ibex_counter\CounterWidth=s32'00000000000000000000000001000000.$proc$/work/src/ibex_counter.v:28$2483'.
Cleaned up 320 empty switches.

67. Executing CHECK pass (checking for obvious problems).
Checking module ibex_top...
Checking module $paramod$754dd1babe3bd40f26e46b58533db04a63dcfb60\ibex_csr...
Checking module $paramod$a088b13b9337f1e1fba58a671f47d7c7701ffa49\ibex_csr...
Checking module $paramod\ibex_alu\RV32B=s32'00000000000000000000000000000000...
Checking module $paramod$e6b6d8eec746808c1a487eeea1c00388e00f4eee\ibex_decoder...
Checking module $paramod$ad32fe27c0dd24fa98ff040673e62dee8d3b63ce\ibex_controller...
Checking module $paramod$7cc7cec1e088fedd9ad9b2063ed6f6f72cf9bb0e\ibex_compressed_decoder...
Checking module $paramod\ibex_prefetch_buffer\ResetAll=1'1...
Checking module $paramod$02c313747c8f25d335ac7182387c56521505fa11\ibex_core...
Checking module $paramod$b9b2e5d491bd09fc2169df619ac80edcbdafa2a9\ibex_id_stage...
Checking module $paramod$fa37c86f6ef8a85a222bbe1925a5f939cfc5b900\ibex_ex_block...
Warning: Wire $paramod$fa37c86f6ef8a85a222bbe1925a5f939cfc5b900\ibex_ex_block.\multdiv_imd_val_d [67] is used but has no driver.
Warning: Wire $paramod$fa37c86f6ef8a85a222bbe1925a5f939cfc5b900\ibex_ex_block.\multdiv_imd_val_d [66] is used but has no driver.
Warning: Wire $paramod$fa37c86f6ef8a85a222bbe1925a5f939cfc5b900\ibex_ex_block.\multdiv_imd_val_d [65] is used but has no driver.
Warning: Wire $paramod$fa37c86f6ef8a85a222bbe1925a5f939cfc5b900\ibex_ex_block.\multdiv_imd_val_d [64] is used but has no driver.
Warning: Wire $paramod$fa37c86f6ef8a85a222bbe1925a5f939cfc5b900\ibex_ex_block.\multdiv_imd_val_d [63] is used but has no driver.
Warning: Wire $paramod$fa37c86f6ef8a85a222bbe1925a5f939cfc5b900\ibex_ex_block.\multdiv_imd_val_d [62] is used but has no driver.
Warning: Wire $paramod$fa37c86f6ef8a85a222bbe1925a5f939cfc5b900\ibex_ex_block.\multdiv_imd_val_d [61] is used but has no driver.
Warning: Wire $paramod$fa37c86f6ef8a85a222bbe1925a5f939cfc5b900\ibex_ex_block.\multdiv_imd_val_d [60] is used but has no driver.
Warning: Wire $paramod$fa37c86f6ef8a85a222bbe1925a5f939cfc5b900\ibex_ex_block.\multdiv_imd_val_d [59] is used but has no driver.
Warning: Wire $paramod$fa37c86f6ef8a85a222bbe1925a5f939cfc5b900\ibex_ex_block.\multdiv_imd_val_d [58] is used but has no driver.
Warning: Wire $paramod$fa37c86f6ef8a85a222bbe1925a5f939cfc5b900\ibex_ex_block.\multdiv_imd_val_d [57] is used but has no driver.
Warning: Wire $paramod$fa37c86f6ef8a85a222bbe1925a5f939cfc5b900\ibex_ex_block.\multdiv_imd_val_d [56] is used but has no driver.
Warning: Wire $paramod$fa37c86f6ef8a85a222bbe1925a5f939cfc5b900\ibex_ex_block.\multdiv_imd_val_d [55] is used but has no driver.
Warning: Wire $paramod$fa37c86f6ef8a85a222bbe1925a5f939cfc5b900\ibex_ex_block.\multdiv_imd_val_d [54] is used but has no driver.
Warning: Wire $paramod$fa37c86f6ef8a85a222bbe1925a5f939cfc5b900\ibex_ex_block.\multdiv_imd_val_d [53] is used but has no driver.
Warning: Wire $paramod$fa37c86f6ef8a85a222bbe1925a5f939cfc5b900\ibex_ex_block.\multdiv_imd_val_d [52] is used but has no driver.
Warning: Wire $paramod$fa37c86f6ef8a85a222bbe1925a5f939cfc5b900\ibex_ex_block.\multdiv_imd_val_d [51] is used but has no driver.
Warning: Wire $paramod$fa37c86f6ef8a85a222bbe1925a5f939cfc5b900\ibex_ex_block.\multdiv_imd_val_d [50] is used but has no driver.
Warning: Wire $paramod$fa37c86f6ef8a85a222bbe1925a5f939cfc5b900\ibex_ex_block.\multdiv_imd_val_d [49] is used but has no driver.
Warning: Wire $paramod$fa37c86f6ef8a85a222bbe1925a5f939cfc5b900\ibex_ex_block.\multdiv_imd_val_d [48] is used but has no driver.
Warning: Wire $paramod$fa37c86f6ef8a85a222bbe1925a5f939cfc5b900\ibex_ex_block.\multdiv_imd_val_d [47] is used but has no driver.
Warning: Wire $paramod$fa37c86f6ef8a85a222bbe1925a5f939cfc5b900\ibex_ex_block.\multdiv_imd_val_d [46] is used but has no driver.
Warning: Wire $paramod$fa37c86f6ef8a85a222bbe1925a5f939cfc5b900\ibex_ex_block.\multdiv_imd_val_d [45] is used but has no driver.
Warning: Wire $paramod$fa37c86f6ef8a85a222bbe1925a5f939cfc5b900\ibex_ex_block.\multdiv_imd_val_d [44] is used but has no driver.
Warning: Wire $paramod$fa37c86f6ef8a85a222bbe1925a5f939cfc5b900\ibex_ex_block.\multdiv_imd_val_d [43] is used but has no driver.
Warning: Wire $paramod$fa37c86f6ef8a85a222bbe1925a5f939cfc5b900\ibex_ex_block.\multdiv_imd_val_d [42] is used but has no driver.
Warning: Wire $paramod$fa37c86f6ef8a85a222bbe1925a5f939cfc5b900\ibex_ex_block.\multdiv_imd_val_d [41] is used but has no driver.
Warning: Wire $paramod$fa37c86f6ef8a85a222bbe1925a5f939cfc5b900\ibex_ex_block.\multdiv_imd_val_d [40] is used but has no driver.
Warning: Wire $paramod$fa37c86f6ef8a85a222bbe1925a5f939cfc5b900\ibex_ex_block.\multdiv_imd_val_d [39] is used but has no driver.
Warning: Wire $paramod$fa37c86f6ef8a85a222bbe1925a5f939cfc5b900\ibex_ex_block.\multdiv_imd_val_d [38] is used but has no driver.
Warning: Wire $paramod$fa37c86f6ef8a85a222bbe1925a5f939cfc5b900\ibex_ex_block.\multdiv_imd_val_d [37] is used but has no driver.
Warning: Wire $paramod$fa37c86f6ef8a85a222bbe1925a5f939cfc5b900\ibex_ex_block.\multdiv_imd_val_d [36] is used but has no driver.
Warning: Wire $paramod$fa37c86f6ef8a85a222bbe1925a5f939cfc5b900\ibex_ex_block.\multdiv_imd_val_d [35] is used but has no driver.
Warning: Wire $paramod$fa37c86f6ef8a85a222bbe1925a5f939cfc5b900\ibex_ex_block.\multdiv_imd_val_d [34] is used but has no driver.
Warning: Wire $paramod$fa37c86f6ef8a85a222bbe1925a5f939cfc5b900\ibex_ex_block.\multdiv_imd_val_d [33] is used but has no driver.
Warning: Wire $paramod$fa37c86f6ef8a85a222bbe1925a5f939cfc5b900\ibex_ex_block.\multdiv_imd_val_d [32] is used but has no driver.
Warning: Wire $paramod$fa37c86f6ef8a85a222bbe1925a5f939cfc5b900\ibex_ex_block.\multdiv_imd_val_d [31] is used but has no driver.
Warning: Wire $paramod$fa37c86f6ef8a85a222bbe1925a5f939cfc5b900\ibex_ex_block.\multdiv_imd_val_d [30] is used but has no driver.
Warning: Wire $paramod$fa37c86f6ef8a85a222bbe1925a5f939cfc5b900\ibex_ex_block.\multdiv_imd_val_d [29] is used but has no driver.
Warning: Wire $paramod$fa37c86f6ef8a85a222bbe1925a5f939cfc5b900\ibex_ex_block.\multdiv_imd_val_d [28] is used but has no driver.
Warning: Wire $paramod$fa37c86f6ef8a85a222bbe1925a5f939cfc5b900\ibex_ex_block.\multdiv_imd_val_d [27] is used but has no driver.
Warning: Wire $paramod$fa37c86f6ef8a85a222bbe1925a5f939cfc5b900\ibex_ex_block.\multdiv_imd_val_d [26] is used but has no driver.
Warning: Wire $paramod$fa37c86f6ef8a85a222bbe1925a5f939cfc5b900\ibex_ex_block.\multdiv_imd_val_d [25] is used but has no driver.
Warning: Wire $paramod$fa37c86f6ef8a85a222bbe1925a5f939cfc5b900\ibex_ex_block.\multdiv_imd_val_d [24] is used but has no driver.
Warning: Wire $paramod$fa37c86f6ef8a85a222bbe1925a5f939cfc5b900\ibex_ex_block.\multdiv_imd_val_d [23] is used but has no driver.
Warning: Wire $paramod$fa37c86f6ef8a85a222bbe1925a5f939cfc5b900\ibex_ex_block.\multdiv_imd_val_d [22] is used but has no driver.
Warning: Wire $paramod$fa37c86f6ef8a85a222bbe1925a5f939cfc5b900\ibex_ex_block.\multdiv_imd_val_d [21] is used but has no driver.
Warning: Wire $paramod$fa37c86f6ef8a85a222bbe1925a5f939cfc5b900\ibex_ex_block.\multdiv_imd_val_d [20] is used but has no driver.
Warning: Wire $paramod$fa37c86f6ef8a85a222bbe1925a5f939cfc5b900\ibex_ex_block.\multdiv_imd_val_d [19] is used but has no driver.
Warning: Wire $paramod$fa37c86f6ef8a85a222bbe1925a5f939cfc5b900\ibex_ex_block.\multdiv_imd_val_d [18] is used but has no driver.
Warning: Wire $paramod$fa37c86f6ef8a85a222bbe1925a5f939cfc5b900\ibex_ex_block.\multdiv_imd_val_d [17] is used but has no driver.
Warning: Wire $paramod$fa37c86f6ef8a85a222bbe1925a5f939cfc5b900\ibex_ex_block.\multdiv_imd_val_d [16] is used but has no driver.
Warning: Wire $paramod$fa37c86f6ef8a85a222bbe1925a5f939cfc5b900\ibex_ex_block.\multdiv_imd_val_d [15] is used but has no driver.
Warning: Wire $paramod$fa37c86f6ef8a85a222bbe1925a5f939cfc5b900\ibex_ex_block.\multdiv_imd_val_d [14] is used but has no driver.
Warning: Wire $paramod$fa37c86f6ef8a85a222bbe1925a5f939cfc5b900\ibex_ex_block.\multdiv_imd_val_d [13] is used but has no driver.
Warning: Wire $paramod$fa37c86f6ef8a85a222bbe1925a5f939cfc5b900\ibex_ex_block.\multdiv_imd_val_d [12] is used but has no driver.
Warning: Wire $paramod$fa37c86f6ef8a85a222bbe1925a5f939cfc5b900\ibex_ex_block.\multdiv_imd_val_d [11] is used but has no driver.
Warning: Wire $paramod$fa37c86f6ef8a85a222bbe1925a5f939cfc5b900\ibex_ex_block.\multdiv_imd_val_d [10] is used but has no driver.
Warning: Wire $paramod$fa37c86f6ef8a85a222bbe1925a5f939cfc5b900\ibex_ex_block.\multdiv_imd_val_d [9] is used but has no driver.
Warning: Wire $paramod$fa37c86f6ef8a85a222bbe1925a5f939cfc5b900\ibex_ex_block.\multdiv_imd_val_d [8] is used but has no driver.
Warning: Wire $paramod$fa37c86f6ef8a85a222bbe1925a5f939cfc5b900\ibex_ex_block.\multdiv_imd_val_d [7] is used but has no driver.
Warning: Wire $paramod$fa37c86f6ef8a85a222bbe1925a5f939cfc5b900\ibex_ex_block.\multdiv_imd_val_d [6] is used but has no driver.
Warning: Wire $paramod$fa37c86f6ef8a85a222bbe1925a5f939cfc5b900\ibex_ex_block.\multdiv_imd_val_d [5] is used but has no driver.
Warning: Wire $paramod$fa37c86f6ef8a85a222bbe1925a5f939cfc5b900\ibex_ex_block.\multdiv_imd_val_d [4] is used but has no driver.
Warning: Wire $paramod$fa37c86f6ef8a85a222bbe1925a5f939cfc5b900\ibex_ex_block.\multdiv_imd_val_d [3] is used but has no driver.
Warning: Wire $paramod$fa37c86f6ef8a85a222bbe1925a5f939cfc5b900\ibex_ex_block.\multdiv_imd_val_d [2] is used but has no driver.
Warning: Wire $paramod$fa37c86f6ef8a85a222bbe1925a5f939cfc5b900\ibex_ex_block.\multdiv_imd_val_d [1] is used but has no driver.
Warning: Wire $paramod$fa37c86f6ef8a85a222bbe1925a5f939cfc5b900\ibex_ex_block.\multdiv_imd_val_d [0] is used but has no driver.
Warning: Wire $paramod$fa37c86f6ef8a85a222bbe1925a5f939cfc5b900\ibex_ex_block.\multdiv_imd_val_we [1] is used but has no driver.
Warning: Wire $paramod$fa37c86f6ef8a85a222bbe1925a5f939cfc5b900\ibex_ex_block.\multdiv_imd_val_we [0] is used but has no driver.
Warning: Wire $paramod$fa37c86f6ef8a85a222bbe1925a5f939cfc5b900\ibex_ex_block.\multdiv_result [31] is used but has no driver.
Warning: Wire $paramod$fa37c86f6ef8a85a222bbe1925a5f939cfc5b900\ibex_ex_block.\multdiv_result [30] is used but has no driver.
Warning: Wire $paramod$fa37c86f6ef8a85a222bbe1925a5f939cfc5b900\ibex_ex_block.\multdiv_result [29] is used but has no driver.
Warning: Wire $paramod$fa37c86f6ef8a85a222bbe1925a5f939cfc5b900\ibex_ex_block.\multdiv_result [28] is used but has no driver.
Warning: Wire $paramod$fa37c86f6ef8a85a222bbe1925a5f939cfc5b900\ibex_ex_block.\multdiv_result [27] is used but has no driver.
Warning: Wire $paramod$fa37c86f6ef8a85a222bbe1925a5f939cfc5b900\ibex_ex_block.\multdiv_result [26] is used but has no driver.
Warning: Wire $paramod$fa37c86f6ef8a85a222bbe1925a5f939cfc5b900\ibex_ex_block.\multdiv_result [25] is used but has no driver.
Warning: Wire $paramod$fa37c86f6ef8a85a222bbe1925a5f939cfc5b900\ibex_ex_block.\multdiv_result [24] is used but has no driver.
Warning: Wire $paramod$fa37c86f6ef8a85a222bbe1925a5f939cfc5b900\ibex_ex_block.\multdiv_result [23] is used but has no driver.
Warning: Wire $paramod$fa37c86f6ef8a85a222bbe1925a5f939cfc5b900\ibex_ex_block.\multdiv_result [22] is used but has no driver.
Warning: Wire $paramod$fa37c86f6ef8a85a222bbe1925a5f939cfc5b900\ibex_ex_block.\multdiv_result [21] is used but has no driver.
Warning: Wire $paramod$fa37c86f6ef8a85a222bbe1925a5f939cfc5b900\ibex_ex_block.\multdiv_result [20] is used but has no driver.
Warning: Wire $paramod$fa37c86f6ef8a85a222bbe1925a5f939cfc5b900\ibex_ex_block.\multdiv_result [19] is used but has no driver.
Warning: Wire $paramod$fa37c86f6ef8a85a222bbe1925a5f939cfc5b900\ibex_ex_block.\multdiv_result [18] is used but has no driver.
Warning: Wire $paramod$fa37c86f6ef8a85a222bbe1925a5f939cfc5b900\ibex_ex_block.\multdiv_result [17] is used but has no driver.
Warning: Wire $paramod$fa37c86f6ef8a85a222bbe1925a5f939cfc5b900\ibex_ex_block.\multdiv_result [16] is used but has no driver.
Warning: Wire $paramod$fa37c86f6ef8a85a222bbe1925a5f939cfc5b900\ibex_ex_block.\multdiv_result [15] is used but has no driver.
Warning: Wire $paramod$fa37c86f6ef8a85a222bbe1925a5f939cfc5b900\ibex_ex_block.\multdiv_result [14] is used but has no driver.
Warning: Wire $paramod$fa37c86f6ef8a85a222bbe1925a5f939cfc5b900\ibex_ex_block.\multdiv_result [13] is used but has no driver.
Warning: Wire $paramod$fa37c86f6ef8a85a222bbe1925a5f939cfc5b900\ibex_ex_block.\multdiv_result [12] is used but has no driver.
Warning: Wire $paramod$fa37c86f6ef8a85a222bbe1925a5f939cfc5b900\ibex_ex_block.\multdiv_result [11] is used but has no driver.
Warning: Wire $paramod$fa37c86f6ef8a85a222bbe1925a5f939cfc5b900\ibex_ex_block.\multdiv_result [10] is used but has no driver.
Warning: Wire $paramod$fa37c86f6ef8a85a222bbe1925a5f939cfc5b900\ibex_ex_block.\multdiv_result [9] is used but has no driver.
Warning: Wire $paramod$fa37c86f6ef8a85a222bbe1925a5f939cfc5b900\ibex_ex_block.\multdiv_result [8] is used but has no driver.
Warning: Wire $paramod$fa37c86f6ef8a85a222bbe1925a5f939cfc5b900\ibex_ex_block.\multdiv_result [7] is used but has no driver.
Warning: Wire $paramod$fa37c86f6ef8a85a222bbe1925a5f939cfc5b900\ibex_ex_block.\multdiv_result [6] is used but has no driver.
Warning: Wire $paramod$fa37c86f6ef8a85a222bbe1925a5f939cfc5b900\ibex_ex_block.\multdiv_result [5] is used but has no driver.
Warning: Wire $paramod$fa37c86f6ef8a85a222bbe1925a5f939cfc5b900\ibex_ex_block.\multdiv_result [4] is used but has no driver.
Warning: Wire $paramod$fa37c86f6ef8a85a222bbe1925a5f939cfc5b900\ibex_ex_block.\multdiv_result [3] is used but has no driver.
Warning: Wire $paramod$fa37c86f6ef8a85a222bbe1925a5f939cfc5b900\ibex_ex_block.\multdiv_result [2] is used but has no driver.
Warning: Wire $paramod$fa37c86f6ef8a85a222bbe1925a5f939cfc5b900\ibex_ex_block.\multdiv_result [1] is used but has no driver.
Warning: Wire $paramod$fa37c86f6ef8a85a222bbe1925a5f939cfc5b900\ibex_ex_block.\multdiv_result [0] is used but has no driver.
Warning: Wire $paramod$fa37c86f6ef8a85a222bbe1925a5f939cfc5b900\ibex_ex_block.\multdiv_alu_operand_a [32] is used but has no driver.
Warning: Wire $paramod$fa37c86f6ef8a85a222bbe1925a5f939cfc5b900\ibex_ex_block.\multdiv_alu_operand_a [31] is used but has no driver.
Warning: Wire $paramod$fa37c86f6ef8a85a222bbe1925a5f939cfc5b900\ibex_ex_block.\multdiv_alu_operand_a [30] is used but has no driver.
Warning: Wire $paramod$fa37c86f6ef8a85a222bbe1925a5f939cfc5b900\ibex_ex_block.\multdiv_alu_operand_a [29] is used but has no driver.
Warning: Wire $paramod$fa37c86f6ef8a85a222bbe1925a5f939cfc5b900\ibex_ex_block.\multdiv_alu_operand_a [28] is used but has no driver.
Warning: Wire $paramod$fa37c86f6ef8a85a222bbe1925a5f939cfc5b900\ibex_ex_block.\multdiv_alu_operand_a [27] is used but has no driver.
Warning: Wire $paramod$fa37c86f6ef8a85a222bbe1925a5f939cfc5b900\ibex_ex_block.\multdiv_alu_operand_a [26] is used but has no driver.
Warning: Wire $paramod$fa37c86f6ef8a85a222bbe1925a5f939cfc5b900\ibex_ex_block.\multdiv_alu_operand_a [25] is used but has no driver.
Warning: Wire $paramod$fa37c86f6ef8a85a222bbe1925a5f939cfc5b900\ibex_ex_block.\multdiv_alu_operand_a [24] is used but has no driver.
Warning: Wire $paramod$fa37c86f6ef8a85a222bbe1925a5f939cfc5b900\ibex_ex_block.\multdiv_alu_operand_a [23] is used but has no driver.
Warning: Wire $paramod$fa37c86f6ef8a85a222bbe1925a5f939cfc5b900\ibex_ex_block.\multdiv_alu_operand_a [22] is used but has no driver.
Warning: Wire $paramod$fa37c86f6ef8a85a222bbe1925a5f939cfc5b900\ibex_ex_block.\multdiv_alu_operand_a [21] is used but has no driver.
Warning: Wire $paramod$fa37c86f6ef8a85a222bbe1925a5f939cfc5b900\ibex_ex_block.\multdiv_alu_operand_a [20] is used but has no driver.
Warning: Wire $paramod$fa37c86f6ef8a85a222bbe1925a5f939cfc5b900\ibex_ex_block.\multdiv_alu_operand_a [19] is used but has no driver.
Warning: Wire $paramod$fa37c86f6ef8a85a222bbe1925a5f939cfc5b900\ibex_ex_block.\multdiv_alu_operand_a [18] is used but has no driver.
Warning: Wire $paramod$fa37c86f6ef8a85a222bbe1925a5f939cfc5b900\ibex_ex_block.\multdiv_alu_operand_a [17] is used but has no driver.
Warning: Wire $paramod$fa37c86f6ef8a85a222bbe1925a5f939cfc5b900\ibex_ex_block.\multdiv_alu_operand_a [16] is used but has no driver.
Warning: Wire $paramod$fa37c86f6ef8a85a222bbe1925a5f939cfc5b900\ibex_ex_block.\multdiv_alu_operand_a [15] is used but has no driver.
Warning: Wire $paramod$fa37c86f6ef8a85a222bbe1925a5f939cfc5b900\ibex_ex_block.\multdiv_alu_operand_a [14] is used but has no driver.
Warning: Wire $paramod$fa37c86f6ef8a85a222bbe1925a5f939cfc5b900\ibex_ex_block.\multdiv_alu_operand_a [13] is used but has no driver.
Warning: Wire $paramod$fa37c86f6ef8a85a222bbe1925a5f939cfc5b900\ibex_ex_block.\multdiv_alu_operand_a [12] is used but has no driver.
Warning: Wire $paramod$fa37c86f6ef8a85a222bbe1925a5f939cfc5b900\ibex_ex_block.\multdiv_alu_operand_a [11] is used but has no driver.
Warning: Wire $paramod$fa37c86f6ef8a85a222bbe1925a5f939cfc5b900\ibex_ex_block.\multdiv_alu_operand_a [10] is used but has no driver.
Warning: Wire $paramod$fa37c86f6ef8a85a222bbe1925a5f939cfc5b900\ibex_ex_block.\multdiv_alu_operand_a [9] is used but has no driver.
Warning: Wire $paramod$fa37c86f6ef8a85a222bbe1925a5f939cfc5b900\ibex_ex_block.\multdiv_alu_operand_a [8] is used but has no driver.
Warning: Wire $paramod$fa37c86f6ef8a85a222bbe1925a5f939cfc5b900\ibex_ex_block.\multdiv_alu_operand_a [7] is used but has no driver.
Warning: Wire $paramod$fa37c86f6ef8a85a222bbe1925a5f939cfc5b900\ibex_ex_block.\multdiv_alu_operand_a [6] is used but has no driver.
Warning: Wire $paramod$fa37c86f6ef8a85a222bbe1925a5f939cfc5b900\ibex_ex_block.\multdiv_alu_operand_a [5] is used but has no driver.
Warning: Wire $paramod$fa37c86f6ef8a85a222bbe1925a5f939cfc5b900\ibex_ex_block.\multdiv_alu_operand_a [4] is used but has no driver.
Warning: Wire $paramod$fa37c86f6ef8a85a222bbe1925a5f939cfc5b900\ibex_ex_block.\multdiv_alu_operand_a [3] is used but has no driver.
Warning: Wire $paramod$fa37c86f6ef8a85a222bbe1925a5f939cfc5b900\ibex_ex_block.\multdiv_alu_operand_a [2] is used but has no driver.
Warning: Wire $paramod$fa37c86f6ef8a85a222bbe1925a5f939cfc5b900\ibex_ex_block.\multdiv_alu_operand_a [1] is used but has no driver.
Warning: Wire $paramod$fa37c86f6ef8a85a222bbe1925a5f939cfc5b900\ibex_ex_block.\multdiv_alu_operand_a [0] is used but has no driver.
Warning: Wire $paramod$fa37c86f6ef8a85a222bbe1925a5f939cfc5b900\ibex_ex_block.\multdiv_alu_operand_b [32] is used but has no driver.
Warning: Wire $paramod$fa37c86f6ef8a85a222bbe1925a5f939cfc5b900\ibex_ex_block.\multdiv_alu_operand_b [31] is used but has no driver.
Warning: Wire $paramod$fa37c86f6ef8a85a222bbe1925a5f939cfc5b900\ibex_ex_block.\multdiv_alu_operand_b [30] is used but has no driver.
Warning: Wire $paramod$fa37c86f6ef8a85a222bbe1925a5f939cfc5b900\ibex_ex_block.\multdiv_alu_operand_b [29] is used but has no driver.
Warning: Wire $paramod$fa37c86f6ef8a85a222bbe1925a5f939cfc5b900\ibex_ex_block.\multdiv_alu_operand_b [28] is used but has no driver.
Warning: Wire $paramod$fa37c86f6ef8a85a222bbe1925a5f939cfc5b900\ibex_ex_block.\multdiv_alu_operand_b [27] is used but has no driver.
Warning: Wire $paramod$fa37c86f6ef8a85a222bbe1925a5f939cfc5b900\ibex_ex_block.\multdiv_alu_operand_b [26] is used but has no driver.
Warning: Wire $paramod$fa37c86f6ef8a85a222bbe1925a5f939cfc5b900\ibex_ex_block.\multdiv_alu_operand_b [25] is used but has no driver.
Warning: Wire $paramod$fa37c86f6ef8a85a222bbe1925a5f939cfc5b900\ibex_ex_block.\multdiv_alu_operand_b [24] is used but has no driver.
Warning: Wire $paramod$fa37c86f6ef8a85a222bbe1925a5f939cfc5b900\ibex_ex_block.\multdiv_alu_operand_b [23] is used but has no driver.
Warning: Wire $paramod$fa37c86f6ef8a85a222bbe1925a5f939cfc5b900\ibex_ex_block.\multdiv_alu_operand_b [22] is used but has no driver.
Warning: Wire $paramod$fa37c86f6ef8a85a222bbe1925a5f939cfc5b900\ibex_ex_block.\multdiv_alu_operand_b [21] is used but has no driver.
Warning: Wire $paramod$fa37c86f6ef8a85a222bbe1925a5f939cfc5b900\ibex_ex_block.\multdiv_alu_operand_b [20] is used but has no driver.
Warning: Wire $paramod$fa37c86f6ef8a85a222bbe1925a5f939cfc5b900\ibex_ex_block.\multdiv_alu_operand_b [19] is used but has no driver.
Warning: Wire $paramod$fa37c86f6ef8a85a222bbe1925a5f939cfc5b900\ibex_ex_block.\multdiv_alu_operand_b [18] is used but has no driver.
Warning: Wire $paramod$fa37c86f6ef8a85a222bbe1925a5f939cfc5b900\ibex_ex_block.\multdiv_alu_operand_b [17] is used but has no driver.
Warning: Wire $paramod$fa37c86f6ef8a85a222bbe1925a5f939cfc5b900\ibex_ex_block.\multdiv_alu_operand_b [16] is used but has no driver.
Warning: Wire $paramod$fa37c86f6ef8a85a222bbe1925a5f939cfc5b900\ibex_ex_block.\multdiv_alu_operand_b [15] is used but has no driver.
Warning: Wire $paramod$fa37c86f6ef8a85a222bbe1925a5f939cfc5b900\ibex_ex_block.\multdiv_alu_operand_b [14] is used but has no driver.
Warning: Wire $paramod$fa37c86f6ef8a85a222bbe1925a5f939cfc5b900\ibex_ex_block.\multdiv_alu_operand_b [13] is used but has no driver.
Warning: Wire $paramod$fa37c86f6ef8a85a222bbe1925a5f939cfc5b900\ibex_ex_block.\multdiv_alu_operand_b [12] is used but has no driver.
Warning: Wire $paramod$fa37c86f6ef8a85a222bbe1925a5f939cfc5b900\ibex_ex_block.\multdiv_alu_operand_b [11] is used but has no driver.
Warning: Wire $paramod$fa37c86f6ef8a85a222bbe1925a5f939cfc5b900\ibex_ex_block.\multdiv_alu_operand_b [10] is used but has no driver.
Warning: Wire $paramod$fa37c86f6ef8a85a222bbe1925a5f939cfc5b900\ibex_ex_block.\multdiv_alu_operand_b [9] is used but has no driver.
Warning: Wire $paramod$fa37c86f6ef8a85a222bbe1925a5f939cfc5b900\ibex_ex_block.\multdiv_alu_operand_b [8] is used but has no driver.
Warning: Wire $paramod$fa37c86f6ef8a85a222bbe1925a5f939cfc5b900\ibex_ex_block.\multdiv_alu_operand_b [7] is used but has no driver.
Warning: Wire $paramod$fa37c86f6ef8a85a222bbe1925a5f939cfc5b900\ibex_ex_block.\multdiv_alu_operand_b [6] is used but has no driver.
Warning: Wire $paramod$fa37c86f6ef8a85a222bbe1925a5f939cfc5b900\ibex_ex_block.\multdiv_alu_operand_b [5] is used but has no driver.
Warning: Wire $paramod$fa37c86f6ef8a85a222bbe1925a5f939cfc5b900\ibex_ex_block.\multdiv_alu_operand_b [4] is used but has no driver.
Warning: Wire $paramod$fa37c86f6ef8a85a222bbe1925a5f939cfc5b900\ibex_ex_block.\multdiv_alu_operand_b [3] is used but has no driver.
Warning: Wire $paramod$fa37c86f6ef8a85a222bbe1925a5f939cfc5b900\ibex_ex_block.\multdiv_alu_operand_b [2] is used but has no driver.
Warning: Wire $paramod$fa37c86f6ef8a85a222bbe1925a5f939cfc5b900\ibex_ex_block.\multdiv_alu_operand_b [1] is used but has no driver.
Warning: Wire $paramod$fa37c86f6ef8a85a222bbe1925a5f939cfc5b900\ibex_ex_block.\multdiv_alu_operand_b [0] is used but has no driver.
Warning: Wire $paramod$fa37c86f6ef8a85a222bbe1925a5f939cfc5b900\ibex_ex_block.\multdiv_valid is used but has no driver.
Checking module $paramod$a1f82ff8dd7f02ea405ce72f1e83a511ee16121c\ibex_load_store_unit...
Checking module $paramod\ibex_wb_stage\ResetAll=1'1\WritebackStage=1'1\DummyInstructions=1'0...
Checking module $paramod$5714e31d82f2b8816750797f158ebea69a089104\ibex_csr...
Checking module prim_generic_clock_gating...
Checking module $paramod\prim_generic_buf\Width=s32'00000000000000000000000000000100...
Checking module $paramod$9965f29857664148d24e0207d195fc610cce17ac\ibex_if_stage...
Checking module $paramod$40ece52504ff00c302be66a0111a4ec3d1608ab5\ibex_register_file_ff...
Checking module $paramod$c16eccae153ba9fb8fce8498c4f7e85e78010c3f\ibex_counter...
Checking module $paramod\ibex_fetch_fifo\NUM_REQS=32'00000000000000000000000000000010\ResetAll=1'1...
Checking module $paramod$38aa04165534c75a0a4935f073a2885eaa0a33f1\ibex_cs_registers...
Checking module $paramod$e55993a14b1fbc43320d549f521b710ed37596c6\ibex_csr...
Checking module $paramod$4f46e25470a27719ee9ca03cee1a0827eff766f7\ibex_csr...
Checking module $paramod$9a435d8f6db004a67362aa9a56f32ea481a74dbe\ibex_csr...
Checking module $paramod$410b37fbfbfa994790f1902c150d2be939cadb3b\ibex_csr...
Checking module $paramod$85ba01ab5a28334786aba5877c1fe04472f39fba\ibex_csr...
Checking module $paramod$34601000fe8707ce2501f5ed778e152043201712\ibex_csr...
Checking module $paramod\ibex_counter\CounterWidth=s32'00000000000000000000000001000000...
Found and reported 169 problems.

68. Executing OPT_EXPR pass (perform const folding).
Optimizing module ibex_top.
<suppressed ~24 debug messages>
Optimizing module $paramod$754dd1babe3bd40f26e46b58533db04a63dcfb60\ibex_csr.
<suppressed ~2 debug messages>
Optimizing module $paramod$a088b13b9337f1e1fba58a671f47d7c7701ffa49\ibex_csr.
<suppressed ~2 debug messages>
Optimizing module $paramod\ibex_alu\RV32B=s32'00000000000000000000000000000000.
<suppressed ~28 debug messages>
Optimizing module $paramod$e6b6d8eec746808c1a487eeea1c00388e00f4eee\ibex_decoder.
<suppressed ~285 debug messages>
Optimizing module $paramod$ad32fe27c0dd24fa98ff040673e62dee8d3b63ce\ibex_controller.
<suppressed ~162 debug messages>
Optimizing module $paramod$7cc7cec1e088fedd9ad9b2063ed6f6f72cf9bb0e\ibex_compressed_decoder.
<suppressed ~85 debug messages>
Optimizing module $paramod\ibex_prefetch_buffer\ResetAll=1'1.
<suppressed ~12 debug messages>
Optimizing module $paramod$02c313747c8f25d335ac7182387c56521505fa11\ibex_core.
<suppressed ~4 debug messages>
Optimizing module $paramod$b9b2e5d491bd09fc2169df619ac80edcbdafa2a9\ibex_id_stage.
<suppressed ~96 debug messages>
Optimizing module $paramod$fa37c86f6ef8a85a222bbe1925a5f939cfc5b900\ibex_ex_block.
<suppressed ~5 debug messages>
Optimizing module $paramod$a1f82ff8dd7f02ea405ce72f1e83a511ee16121c\ibex_load_store_unit.
<suppressed ~252 debug messages>
Optimizing module $paramod\ibex_wb_stage\ResetAll=1'1\WritebackStage=1'1\DummyInstructions=1'0.
<suppressed ~30 debug messages>
Optimizing module $paramod$5714e31d82f2b8816750797f158ebea69a089104\ibex_csr.
<suppressed ~2 debug messages>
Optimizing module prim_generic_clock_gating.
Optimizing module $paramod\prim_generic_buf\Width=s32'00000000000000000000000000000100.
Optimizing module $paramod$9965f29857664148d24e0207d195fc610cce17ac\ibex_if_stage.
<suppressed ~53 debug messages>
Optimizing module $paramod$40ece52504ff00c302be66a0111a4ec3d1608ab5\ibex_register_file_ff.
<suppressed ~65 debug messages>
Optimizing module $paramod$c16eccae153ba9fb8fce8498c4f7e85e78010c3f\ibex_counter.
<suppressed ~2 debug messages>
Optimizing module $paramod\ibex_fetch_fifo\NUM_REQS=32'00000000000000000000000000000010\ResetAll=1'1.
<suppressed ~16 debug messages>
Optimizing module $paramod$38aa04165534c75a0a4935f073a2885eaa0a33f1\ibex_cs_registers.
<suppressed ~194 debug messages>
Optimizing module $paramod$e55993a14b1fbc43320d549f521b710ed37596c6\ibex_csr.
<suppressed ~2 debug messages>
Optimizing module $paramod$4f46e25470a27719ee9ca03cee1a0827eff766f7\ibex_csr.
<suppressed ~2 debug messages>
Optimizing module $paramod$9a435d8f6db004a67362aa9a56f32ea481a74dbe\ibex_csr.
<suppressed ~2 debug messages>
Optimizing module $paramod$410b37fbfbfa994790f1902c150d2be939cadb3b\ibex_csr.
<suppressed ~2 debug messages>
Optimizing module $paramod$85ba01ab5a28334786aba5877c1fe04472f39fba\ibex_csr.
<suppressed ~2 debug messages>
Optimizing module $paramod$34601000fe8707ce2501f5ed778e152043201712\ibex_csr.
<suppressed ~2 debug messages>
Optimizing module $paramod\ibex_counter\CounterWidth=s32'00000000000000000000000001000000.
<suppressed ~2 debug messages>

69. Executing FLATTEN pass (flatten design).
Deleting now unused module $paramod$754dd1babe3bd40f26e46b58533db04a63dcfb60\ibex_csr.
Deleting now unused module $paramod$a088b13b9337f1e1fba58a671f47d7c7701ffa49\ibex_csr.
Deleting now unused module $paramod\ibex_alu\RV32B=s32'00000000000000000000000000000000.
Deleting now unused module $paramod$e6b6d8eec746808c1a487eeea1c00388e00f4eee\ibex_decoder.
Deleting now unused module $paramod$ad32fe27c0dd24fa98ff040673e62dee8d3b63ce\ibex_controller.
Deleting now unused module $paramod$7cc7cec1e088fedd9ad9b2063ed6f6f72cf9bb0e\ibex_compressed_decoder.
Deleting now unused module $paramod\ibex_prefetch_buffer\ResetAll=1'1.
Deleting now unused module $paramod$02c313747c8f25d335ac7182387c56521505fa11\ibex_core.
Deleting now unused module $paramod$b9b2e5d491bd09fc2169df619ac80edcbdafa2a9\ibex_id_stage.
Deleting now unused module $paramod$fa37c86f6ef8a85a222bbe1925a5f939cfc5b900\ibex_ex_block.
Deleting now unused module $paramod$a1f82ff8dd7f02ea405ce72f1e83a511ee16121c\ibex_load_store_unit.
Deleting now unused module $paramod\ibex_wb_stage\ResetAll=1'1\WritebackStage=1'1\DummyInstructions=1'0.
Deleting now unused module $paramod$5714e31d82f2b8816750797f158ebea69a089104\ibex_csr.
Deleting now unused module prim_generic_clock_gating.
Deleting now unused module $paramod\prim_generic_buf\Width=s32'00000000000000000000000000000100.
Deleting now unused module $paramod$9965f29857664148d24e0207d195fc610cce17ac\ibex_if_stage.
Deleting now unused module $paramod$40ece52504ff00c302be66a0111a4ec3d1608ab5\ibex_register_file_ff.
Deleting now unused module $paramod$c16eccae153ba9fb8fce8498c4f7e85e78010c3f\ibex_counter.
Deleting now unused module $paramod\ibex_fetch_fifo\NUM_REQS=32'00000000000000000000000000000010\ResetAll=1'1.
Deleting now unused module $paramod$38aa04165534c75a0a4935f073a2885eaa0a33f1\ibex_cs_registers.
Deleting now unused module $paramod$e55993a14b1fbc43320d549f521b710ed37596c6\ibex_csr.
Deleting now unused module $paramod$4f46e25470a27719ee9ca03cee1a0827eff766f7\ibex_csr.
Deleting now unused module $paramod$9a435d8f6db004a67362aa9a56f32ea481a74dbe\ibex_csr.
Deleting now unused module $paramod$410b37fbfbfa994790f1902c150d2be939cadb3b\ibex_csr.
Deleting now unused module $paramod$85ba01ab5a28334786aba5877c1fe04472f39fba\ibex_csr.
Deleting now unused module $paramod$34601000fe8707ce2501f5ed778e152043201712\ibex_csr.
Deleting now unused module $paramod\ibex_counter\CounterWidth=s32'00000000000000000000000001000000.
<suppressed ~35 debug messages>

70. Executing OPT_EXPR pass (perform const folding).
Optimizing module ibex_top.
<suppressed ~131 debug messages>

71. Executing OPT_CLEAN pass (remove unused cells and wires).
Finding unused cells or wires in module \ibex_top..
Removed 1472 unused cells and 5530 unused wires.
<suppressed ~1585 debug messages>

72. Executing OPT_EXPR pass (perform const folding).
Optimizing module ibex_top.

73. Executing OPT_MERGE pass (detect identical cells).
Finding identical cells in module `\ibex_top'.
<suppressed ~12303 debug messages>
Removed a total of 4101 cells.

74. Executing OPT_MUXTREE pass (detect dead branches in mux trees).
Running muxtree optimizer on module \ibex_top..
  Creating internal representation of mux trees.
  Evaluating internal representation of mux trees.
      Replacing known input bits on port A of cell $flatten\u_ibex_core.\id_stage_i.$procmux$9522: \u_ibex_core.id_stage_i.id_fsm_q -> 1'1
      Replacing known input bits on port B of cell $flatten\u_ibex_core.\id_stage_i.$procmux$9599: \u_ibex_core.id_stage_i.id_fsm_q -> 1'0
      Replacing known input bits on port A of cell $flatten\u_ibex_core.\id_stage_i.$procmux$9648: \u_ibex_core.id_stage_i.id_fsm_q -> 1'0
      Replacing known input bits on port B of cell $flatten\u_ibex_core.\id_stage_i.$procmux$9614: \u_ibex_core.id_stage_i.id_fsm_q -> 1'0
      Replacing known input bits on port B of cell $flatten\u_ibex_core.\id_stage_i.$procmux$9665: \u_ibex_core.id_stage_i.id_fsm_q -> 1'0
      Replacing known input bits on port A of cell $flatten\u_ibex_core.\id_stage_i.\controller_i.$procmux$7472: \u_ibex_core.id_stage_i.controller_i.nmi_mode_q -> 1'0
  Analyzing evaluation results.
    dead port 2/2 on $mux $flatten\u_ibex_core.\cs_registers_i.$procmux$14145.
    dead port 2/2 on $mux $flatten\u_ibex_core.\cs_registers_i.$procmux$13215.
    dead port 2/2 on $mux $flatten\u_ibex_core.\cs_registers_i.$procmux$13222.
    dead port 2/3 on $pmux $flatten\u_ibex_core.\ex_block_i.\alu_i.$procmux$2959.
    dead port 1/5 on $pmux $flatten\u_ibex_core.\ex_block_i.\alu_i.$procmux$2963.
    dead port 2/5 on $pmux $flatten\u_ibex_core.\ex_block_i.\alu_i.$procmux$2963.
    dead port 3/5 on $pmux $flatten\u_ibex_core.\ex_block_i.\alu_i.$procmux$2963.
    dead port 4/5 on $pmux $flatten\u_ibex_core.\ex_block_i.\alu_i.$procmux$2963.
    dead port 2/2 on $mux $flatten\u_ibex_core.\id_stage_i.$procmux$9524.
    dead port 2/2 on $mux $flatten\u_ibex_core.\id_stage_i.$procmux$9526.
    dead port 2/2 on $mux $flatten\u_ibex_core.\id_stage_i.$procmux$9532.
    dead port 2/2 on $mux $flatten\u_ibex_core.\id_stage_i.$procmux$9534.
    dead port 2/2 on $mux $flatten\u_ibex_core.\id_stage_i.$procmux$9540.
    dead port 2/2 on $mux $flatten\u_ibex_core.\id_stage_i.$procmux$9542.
    dead port 2/2 on $mux $flatten\u_ibex_core.\id_stage_i.$procmux$9548.
    dead port 2/2 on $mux $flatten\u_ibex_core.\id_stage_i.$procmux$9550.
    dead port 2/2 on $mux $flatten\u_ibex_core.\id_stage_i.$procmux$9556.
    dead port 2/2 on $mux $flatten\u_ibex_core.\id_stage_i.$procmux$9558.
    dead port 2/2 on $mux $flatten\u_ibex_core.\id_stage_i.$procmux$9569.
    dead port 1/2 on $mux $flatten\u_ibex_core.\id_stage_i.$procmux$9571.
    dead port 2/2 on $mux $flatten\u_ibex_core.\id_stage_i.$procmux$9573.
    dead port 2/2 on $mux $flatten\u_ibex_core.\id_stage_i.$procmux$9584.
    dead port 1/2 on $mux $flatten\u_ibex_core.\id_stage_i.$procmux$9586.
    dead port 2/2 on $mux $flatten\u_ibex_core.\id_stage_i.$procmux$9588.
    dead port 2/2 on $mux $flatten\u_ibex_core.\id_stage_i.$procmux$9599.
    dead port 1/2 on $mux $flatten\u_ibex_core.\id_stage_i.$procmux$9601.
    dead port 2/2 on $mux $flatten\u_ibex_core.\id_stage_i.$procmux$9603.
    dead port 2/2 on $mux $flatten\u_ibex_core.\id_stage_i.$procmux$9616.
    dead port 2/2 on $mux $flatten\u_ibex_core.\id_stage_i.$procmux$9618.
    dead port 1/2 on $mux $flatten\u_ibex_core.\id_stage_i.$procmux$9620.
    dead port 2/2 on $mux $flatten\u_ibex_core.\id_stage_i.$procmux$9622.
    dead port 2/2 on $mux $flatten\u_ibex_core.\id_stage_i.$procmux$9632.
    dead port 2/2 on $mux $flatten\u_ibex_core.\id_stage_i.$procmux$9634.
    dead port 1/2 on $mux $flatten\u_ibex_core.\id_stage_i.$procmux$9636.
    dead port 2/2 on $mux $flatten\u_ibex_core.\id_stage_i.$procmux$9638.
    dead port 2/2 on $mux $flatten\u_ibex_core.\id_stage_i.$procmux$9650.
    dead port 1/2 on $mux $flatten\u_ibex_core.\id_stage_i.$procmux$9652.
    dead port 2/2 on $mux $flatten\u_ibex_core.\id_stage_i.$procmux$9654.
    dead port 2/2 on $mux $flatten\u_ibex_core.\id_stage_i.$procmux$9667.
    dead port 1/2 on $mux $flatten\u_ibex_core.\id_stage_i.$procmux$9669.
    dead port 2/2 on $mux $flatten\u_ibex_core.\id_stage_i.$procmux$9671.
    dead port 2/2 on $mux $flatten\u_ibex_core.\id_stage_i.$procmux$9681.
    dead port 1/2 on $mux $flatten\u_ibex_core.\id_stage_i.$procmux$9683.
    dead port 2/2 on $mux $flatten\u_ibex_core.\id_stage_i.$procmux$9685.
    dead port 1/7 on $pmux $flatten\u_ibex_core.\id_stage_i.$procmux$9690.
    dead port 1/2 on $mux $flatten\u_ibex_core.\id_stage_i.$procmux$9697.
    dead port 2/2 on $mux $flatten\u_ibex_core.\id_stage_i.$procmux$9699.
    dead port 1/2 on $mux $flatten\u_ibex_core.\id_stage_i.$procmux$9706.
    dead port 2/2 on $mux $flatten\u_ibex_core.\id_stage_i.$procmux$9708.
    dead port 1/3 on $pmux $flatten\u_ibex_core.\id_stage_i.$procmux$9713.
    dead port 1/2 on $mux $flatten\u_ibex_core.\id_stage_i.$procmux$9716.
    dead port 2/2 on $mux $flatten\u_ibex_core.\id_stage_i.$procmux$9718.
    dead port 1/2 on $mux $flatten\u_ibex_core.\id_stage_i.$procmux$9726.
    dead port 2/2 on $mux $flatten\u_ibex_core.\id_stage_i.$procmux$9728.
    dead port 1/2 on $mux $flatten\u_ibex_core.\id_stage_i.$procmux$9737.
    dead port 2/2 on $mux $flatten\u_ibex_core.\id_stage_i.$procmux$9739.
    dead port 1/2 on $mux $flatten\u_ibex_core.\id_stage_i.$procmux$9749.
    dead port 2/2 on $mux $flatten\u_ibex_core.\id_stage_i.$procmux$9751.
    dead port 1/2 on $mux $flatten\u_ibex_core.\id_stage_i.$procmux$9759.
    dead port 2/2 on $mux $flatten\u_ibex_core.\id_stage_i.$procmux$9761.
    dead port 1/2 on $mux $flatten\u_ibex_core.\id_stage_i.$procmux$9770.
    dead port 2/2 on $mux $flatten\u_ibex_core.\id_stage_i.$procmux$9772.
    dead port 2/2 on $mux $flatten\u_ibex_core.\id_stage_i.$procmux$9789.
    dead port 2/2 on $mux $flatten\u_ibex_core.\id_stage_i.$procmux$9795.
    dead port 2/2 on $mux $flatten\u_ibex_core.\cs_registers_i.$procmux$14195.
    dead port 2/2 on $mux $flatten\u_ibex_core.\id_stage_i.$procmux$9801.
    dead port 2/2 on $mux $flatten\u_ibex_core.\id_stage_i.$procmux$9807.
    dead port 2/2 on $mux $flatten\u_ibex_core.\id_stage_i.$procmux$9813.
    dead port 2/2 on $mux $flatten\u_ibex_core.\id_stage_i.$procmux$9819.
    dead port 2/2 on $mux $flatten\u_ibex_core.\id_stage_i.$procmux$9825.
    dead port 2/2 on $mux $flatten\u_ibex_core.\id_stage_i.$procmux$9831.
    dead port 1/2 on $mux $flatten\u_ibex_core.\id_stage_i.\controller_i.$procmux$6897.
    dead port 1/2 on $mux $flatten\u_ibex_core.\id_stage_i.\controller_i.$procmux$6900.
    dead port 1/2 on $mux $flatten\u_ibex_core.\id_stage_i.\controller_i.$procmux$6903.
    dead port 1/2 on $mux $flatten\u_ibex_core.\id_stage_i.\controller_i.$procmux$6906.
    dead port 1/2 on $mux $flatten\u_ibex_core.\id_stage_i.\controller_i.$procmux$6912.
    dead port 1/2 on $mux $flatten\u_ibex_core.\id_stage_i.\controller_i.$procmux$6915.
    dead port 1/2 on $mux $flatten\u_ibex_core.\id_stage_i.\controller_i.$procmux$6921.
    dead port 1/2 on $mux $flatten\u_ibex_core.\id_stage_i.\controller_i.$procmux$6924.
    dead port 1/2 on $mux $flatten\u_ibex_core.\id_stage_i.\controller_i.$procmux$6927.
    dead port 1/2 on $mux $flatten\u_ibex_core.\id_stage_i.\controller_i.$procmux$6930.
    dead port 1/2 on $mux $flatten\u_ibex_core.\id_stage_i.\controller_i.$procmux$6936.
    dead port 1/2 on $mux $flatten\u_ibex_core.\id_stage_i.\controller_i.$procmux$6939.
    dead port 1/2 on $mux $flatten\u_ibex_core.\id_stage_i.\controller_i.$procmux$6945.
    dead port 1/2 on $mux $flatten\u_ibex_core.\id_stage_i.\controller_i.$procmux$6948.
    dead port 1/2 on $mux $flatten\u_ibex_core.\id_stage_i.\controller_i.$procmux$6951.
    dead port 1/2 on $mux $flatten\u_ibex_core.\id_stage_i.\controller_i.$procmux$6954.
    dead port 1/2 on $mux $flatten\u_ibex_core.\id_stage_i.\controller_i.$procmux$6960.
    dead port 1/2 on $mux $flatten\u_ibex_core.\id_stage_i.\controller_i.$procmux$6963.
    dead port 1/2 on $mux $flatten\u_ibex_core.\id_stage_i.\controller_i.$procmux$6969.
    dead port 1/2 on $mux $flatten\u_ibex_core.\id_stage_i.\controller_i.$procmux$6972.
    dead port 1/2 on $mux $flatten\u_ibex_core.\id_stage_i.\controller_i.$procmux$6975.
    dead port 1/2 on $mux $flatten\u_ibex_core.\id_stage_i.\controller_i.$procmux$6981.
    dead port 1/2 on $mux $flatten\u_ibex_core.\id_stage_i.\controller_i.$procmux$6984.
    dead port 1/2 on $mux $flatten\u_ibex_core.\id_stage_i.\controller_i.$procmux$6990.
    dead port 1/2 on $mux $flatten\u_ibex_core.\id_stage_i.\controller_i.$procmux$6993.
    dead port 1/2 on $mux $flatten\u_ibex_core.\id_stage_i.\controller_i.$procmux$6996.
    dead port 1/2 on $mux $flatten\u_ibex_core.\id_stage_i.\controller_i.$procmux$7002.
    dead port 1/2 on $mux $flatten\u_ibex_core.\id_stage_i.\controller_i.$procmux$7005.
    dead port 1/2 on $mux $flatten\u_ibex_core.\id_stage_i.\controller_i.$procmux$7011.
    dead port 1/2 on $mux $flatten\u_ibex_core.\id_stage_i.\controller_i.$procmux$7014.
    dead port 1/2 on $mux $flatten\u_ibex_core.\id_stage_i.\controller_i.$procmux$7017.
    dead port 1/2 on $mux $flatten\u_ibex_core.\id_stage_i.\controller_i.$procmux$7023.
    dead port 1/2 on $mux $flatten\u_ibex_core.\id_stage_i.\controller_i.$procmux$7026.
    dead port 1/2 on $mux $flatten\u_ibex_core.\id_stage_i.\controller_i.$procmux$7032.
    dead port 1/2 on $mux $flatten\u_ibex_core.\id_stage_i.\controller_i.$procmux$7035.
    dead port 1/2 on $mux $flatten\u_ibex_core.\id_stage_i.\controller_i.$procmux$7041.
    dead port 1/2 on $mux $flatten\u_ibex_core.\id_stage_i.\controller_i.$procmux$7044.
    dead port 1/2 on $mux $flatten\u_ibex_core.\id_stage_i.\controller_i.$procmux$7050.
    dead port 1/2 on $mux $flatten\u_ibex_core.\id_stage_i.\controller_i.$procmux$7053.
    dead port 1/2 on $mux $flatten\u_ibex_core.\id_stage_i.\controller_i.$procmux$7059.
    dead port 1/2 on $mux $flatten\u_ibex_core.\id_stage_i.\controller_i.$procmux$7062.
    dead port 1/2 on $mux $flatten\u_ibex_core.\id_stage_i.\controller_i.$procmux$7068.
    dead port 1/2 on $mux $flatten\u_ibex_core.\id_stage_i.\controller_i.$procmux$7071.
    dead port 1/2 on $mux $flatten\u_ibex_core.\id_stage_i.\controller_i.$procmux$7077.
    dead port 1/2 on $mux $flatten\u_ibex_core.\id_stage_i.\controller_i.$procmux$7080.
    dead port 1/2 on $mux $flatten\u_ibex_core.\id_stage_i.\controller_i.$procmux$7086.
    dead port 1/2 on $mux $flatten\u_ibex_core.\id_stage_i.\controller_i.$procmux$7089.
    dead port 1/2 on $mux $flatten\u_ibex_core.\id_stage_i.\controller_i.$procmux$7095.
    dead port 1/2 on $mux $flatten\u_ibex_core.\id_stage_i.\controller_i.$procmux$7098.
    dead port 1/2 on $mux $flatten\u_ibex_core.\id_stage_i.\controller_i.$procmux$7104.
    dead port 1/2 on $mux $flatten\u_ibex_core.\id_stage_i.\controller_i.$procmux$7110.
    dead port 1/2 on $mux $flatten\u_ibex_core.\id_stage_i.\controller_i.$procmux$7113.
    dead port 1/2 on $mux $flatten\u_ibex_core.\id_stage_i.\controller_i.$procmux$7119.
    dead port 1/2 on $mux $flatten\u_ibex_core.\id_stage_i.\controller_i.$procmux$7125.
    dead port 1/2 on $mux $flatten\u_ibex_core.\id_stage_i.\controller_i.$procmux$7128.
    dead port 1/2 on $mux $flatten\u_ibex_core.\id_stage_i.\controller_i.$procmux$7134.
    dead port 1/2 on $mux $flatten\u_ibex_core.\id_stage_i.\controller_i.$procmux$7140.
    dead port 1/2 on $mux $flatten\u_ibex_core.\id_stage_i.\controller_i.$procmux$7143.
    dead port 1/2 on $mux $flatten\u_ibex_core.\id_stage_i.\controller_i.$procmux$7149.
    dead port 1/2 on $mux $flatten\u_ibex_core.\id_stage_i.\controller_i.$procmux$7155.
    dead port 1/2 on $mux $flatten\u_ibex_core.\id_stage_i.\controller_i.$procmux$7158.
    dead port 1/2 on $mux $flatten\u_ibex_core.\id_stage_i.\controller_i.$procmux$7164.
    dead port 1/2 on $mux $flatten\u_ibex_core.\id_stage_i.\controller_i.$procmux$7170.
    dead port 1/2 on $mux $flatten\u_ibex_core.\id_stage_i.\controller_i.$procmux$7173.
    dead port 1/2 on $mux $flatten\u_ibex_core.\id_stage_i.\controller_i.$procmux$7182.
    dead port 1/2 on $mux $flatten\u_ibex_core.\id_stage_i.\controller_i.$procmux$7185.
    dead port 1/2 on $mux $flatten\u_ibex_core.\id_stage_i.\controller_i.$procmux$7194.
    dead port 1/2 on $mux $flatten\u_ibex_core.\id_stage_i.\controller_i.$procmux$7197.
    dead port 1/2 on $mux $flatten\u_ibex_core.\id_stage_i.\controller_i.$procmux$7206.
    dead port 1/2 on $mux $flatten\u_ibex_core.\id_stage_i.\controller_i.$procmux$7209.
    dead port 1/2 on $mux $flatten\u_ibex_core.\id_stage_i.\controller_i.$procmux$7218.
    dead port 1/2 on $mux $flatten\u_ibex_core.\id_stage_i.\controller_i.$procmux$7221.
    dead port 1/2 on $mux $flatten\u_ibex_core.\id_stage_i.\controller_i.$procmux$7230.
    dead port 1/2 on $mux $flatten\u_ibex_core.\id_stage_i.\controller_i.$procmux$7233.
    dead port 1/2 on $mux $flatten\u_ibex_core.\id_stage_i.\controller_i.$procmux$7242.
    dead port 1/2 on $mux $flatten\u_ibex_core.\id_stage_i.\controller_i.$procmux$7245.
    dead port 1/2 on $mux $flatten\u_ibex_core.\id_stage_i.\controller_i.$procmux$7251.
    dead port 1/2 on $mux $flatten\u_ibex_core.\id_stage_i.\controller_i.$procmux$7254.
    dead port 1/2 on $mux $flatten\u_ibex_core.\id_stage_i.\controller_i.$procmux$7260.
    dead port 1/2 on $mux $flatten\u_ibex_core.\id_stage_i.\controller_i.$procmux$7263.
    dead port 1/2 on $mux $flatten\u_ibex_core.\id_stage_i.\controller_i.$procmux$7269.
    dead port 1/2 on $mux $flatten\u_ibex_core.\id_stage_i.\controller_i.$procmux$7272.
    dead port 1/2 on $mux $flatten\u_ibex_core.\id_stage_i.\controller_i.$procmux$7278.
    dead port 1/2 on $mux $flatten\u_ibex_core.\id_stage_i.\controller_i.$procmux$7281.
    dead port 1/2 on $mux $flatten\u_ibex_core.\id_stage_i.\controller_i.$procmux$7287.
    dead port 1/2 on $mux $flatten\u_ibex_core.\id_stage_i.\controller_i.$procmux$7290.
    dead port 1/2 on $mux $flatten\u_ibex_core.\id_stage_i.\controller_i.$procmux$7296.
    dead port 1/2 on $mux $flatten\u_ibex_core.\id_stage_i.\controller_i.$procmux$7299.
    dead port 1/2 on $mux $flatten\u_ibex_core.\id_stage_i.\controller_i.$procmux$7305.
    dead port 1/2 on $mux $flatten\u_ibex_core.\id_stage_i.\controller_i.$procmux$7308.
    dead port 1/2 on $mux $flatten\u_ibex_core.\id_stage_i.\controller_i.$procmux$7314.
    dead port 1/2 on $mux $flatten\u_ibex_core.\id_stage_i.\controller_i.$procmux$7320.
    dead port 1/2 on $mux $flatten\u_ibex_core.\id_stage_i.\controller_i.$procmux$7326.
    dead port 1/2 on $mux $flatten\u_ibex_core.\id_stage_i.\controller_i.$procmux$7332.
    dead port 1/2 on $mux $flatten\u_ibex_core.\id_stage_i.\controller_i.$procmux$7338.
    dead port 1/2 on $mux $flatten\u_ibex_core.\id_stage_i.\controller_i.$procmux$7344.
    dead port 1/2 on $mux $flatten\u_ibex_core.\id_stage_i.\controller_i.$procmux$7350.
    dead port 1/2 on $mux $flatten\u_ibex_core.\id_stage_i.\controller_i.$procmux$7356.
    dead port 2/2 on $mux $flatten\u_ibex_core.\id_stage_i.\controller_i.$procmux$7392.
    dead port 1/2 on $mux $flatten\u_ibex_core.\id_stage_i.\controller_i.$procmux$7399.
    dead port 1/2 on $mux $flatten\u_ibex_core.\id_stage_i.\controller_i.$procmux$7402.
    dead port 1/2 on $mux $flatten\u_ibex_core.\id_stage_i.\controller_i.$procmux$7405.
    dead port 2/2 on $mux $flatten\u_ibex_core.\id_stage_i.\controller_i.$procmux$7407.
    dead port 1/2 on $mux $flatten\u_ibex_core.\id_stage_i.\controller_i.$procmux$7414.
    dead port 1/2 on $mux $flatten\u_ibex_core.\id_stage_i.\controller_i.$procmux$7417.
    dead port 2/2 on $mux $flatten\u_ibex_core.\id_stage_i.\controller_i.$procmux$7419.
    dead port 1/2 on $mux $flatten\u_ibex_core.\id_stage_i.\controller_i.$procmux$7426.
    dead port 1/2 on $mux $flatten\u_ibex_core.\id_stage_i.\controller_i.$procmux$7429.
    dead port 2/2 on $mux $flatten\u_ibex_core.\id_stage_i.\controller_i.$procmux$7431.
    dead port 1/2 on $mux $flatten\u_ibex_core.\id_stage_i.\controller_i.$procmux$7438.
    dead port 1/2 on $mux $flatten\u_ibex_core.\id_stage_i.\controller_i.$procmux$7441.
    dead port 2/2 on $mux $flatten\u_ibex_core.\id_stage_i.\controller_i.$procmux$7443.
    dead port 1/2 on $mux $flatten\u_ibex_core.\id_stage_i.\controller_i.$procmux$7450.
    dead port 1/2 on $mux $flatten\u_ibex_core.\id_stage_i.\controller_i.$procmux$7453.
    dead port 2/2 on $mux $flatten\u_ibex_core.\id_stage_i.\controller_i.$procmux$7455.
    dead port 1/2 on $mux $flatten\u_ibex_core.\id_stage_i.\controller_i.$procmux$7462.
    dead port 1/2 on $mux $flatten\u_ibex_core.\id_stage_i.\controller_i.$procmux$7465.
    dead port 2/2 on $mux $flatten\u_ibex_core.\id_stage_i.\controller_i.$procmux$7467.
    dead port 2/2 on $mux $flatten\u_ibex_core.\id_stage_i.\controller_i.$procmux$7474.
    dead port 1/2 on $mux $flatten\u_ibex_core.\id_stage_i.\controller_i.$procmux$7477.
    dead port 2/2 on $mux $flatten\u_ibex_core.\id_stage_i.\controller_i.$procmux$7479.
    dead port 1/2 on $mux $flatten\u_ibex_core.\id_stage_i.\controller_i.$procmux$7486.
    dead port 2/2 on $mux $flatten\u_ibex_core.\id_stage_i.\controller_i.$procmux$7488.
    dead port 1/2 on $mux $flatten\u_ibex_core.\id_stage_i.\controller_i.$procmux$7495.
    dead port 2/2 on $mux $flatten\u_ibex_core.\id_stage_i.\controller_i.$procmux$7497.
    dead port 1/2 on $mux $flatten\u_ibex_core.\id_stage_i.\controller_i.$procmux$7504.
    dead port 2/2 on $mux $flatten\u_ibex_core.\id_stage_i.\controller_i.$procmux$7506.
    dead port 1/2 on $mux $flatten\u_ibex_core.\id_stage_i.\controller_i.$procmux$7513.
    dead port 2/2 on $mux $flatten\u_ibex_core.\id_stage_i.\controller_i.$procmux$7515.
    dead port 1/2 on $mux $flatten\u_ibex_core.\id_stage_i.\controller_i.$procmux$7522.
    dead port 2/2 on $mux $flatten\u_ibex_core.\id_stage_i.\controller_i.$procmux$7524.
    dead port 1/2 on $mux $flatten\u_ibex_core.\id_stage_i.\controller_i.$procmux$7531.
    dead port 2/2 on $mux $flatten\u_ibex_core.\id_stage_i.\controller_i.$procmux$7533.
    dead port 1/2 on $mux $flatten\u_ibex_core.\id_stage_i.\controller_i.$procmux$7540.
    dead port 2/2 on $mux $flatten\u_ibex_core.\id_stage_i.\controller_i.$procmux$7542.
    dead port 2/2 on $mux $flatten\u_ibex_core.\id_stage_i.\controller_i.$procmux$7551.
    dead port 2/2 on $mux $flatten\u_ibex_core.\id_stage_i.\controller_i.$procmux$7553.
    dead port 2/2 on $mux $flatten\u_ibex_core.\id_stage_i.\controller_i.$procmux$7555.
    dead port 2/2 on $mux $flatten\u_ibex_core.\id_stage_i.\controller_i.$procmux$7557.
    dead port 2/2 on $mux $flatten\u_ibex_core.\id_stage_i.\controller_i.$procmux$7567.
    dead port 2/2 on $mux $flatten\u_ibex_core.\id_stage_i.\controller_i.$procmux$7569.
    dead port 2/2 on $mux $flatten\u_ibex_core.\id_stage_i.\controller_i.$procmux$7571.
    dead port 2/2 on $mux $flatten\u_ibex_core.\id_stage_i.\controller_i.$procmux$7573.
    dead port 2/2 on $mux $flatten\u_ibex_core.\id_stage_i.\controller_i.$procmux$7582.
    dead port 2/2 on $mux $flatten\u_ibex_core.\id_stage_i.\controller_i.$procmux$7584.
    dead port 2/2 on $mux $flatten\u_ibex_core.\id_stage_i.\controller_i.$procmux$7586.
    dead port 2/2 on $mux $flatten\u_ibex_core.\id_stage_i.\controller_i.$procmux$7595.
    dead port 2/2 on $mux $flatten\u_ibex_core.\id_stage_i.\controller_i.$procmux$7597.
    dead port 2/2 on $mux $flatten\u_ibex_core.\id_stage_i.\controller_i.$procmux$7599.
    dead port 2/2 on $mux $flatten\u_ibex_core.\id_stage_i.\controller_i.$procmux$7609.
    dead port 2/2 on $mux $flatten\u_ibex_core.\id_stage_i.\controller_i.$procmux$7611.
    dead port 2/2 on $mux $flatten\u_ibex_core.\id_stage_i.\controller_i.$procmux$7613.
    dead port 2/2 on $mux $flatten\u_ibex_core.\id_stage_i.\controller_i.$procmux$7623.
    dead port 2/2 on $mux $flatten\u_ibex_core.\id_stage_i.\controller_i.$procmux$7625.
    dead port 2/2 on $mux $flatten\u_ibex_core.\id_stage_i.\controller_i.$procmux$7627.
    dead port 2/2 on $mux $flatten\u_ibex_core.\id_stage_i.\controller_i.$procmux$7674.
    dead port 2/2 on $mux $flatten\u_ibex_core.\id_stage_i.\controller_i.$procmux$7676.
    dead port 2/2 on $mux $flatten\u_ibex_core.\id_stage_i.\controller_i.$procmux$7678.
    dead port 2/2 on $mux $flatten\u_ibex_core.\id_stage_i.\controller_i.$procmux$7689.
    dead port 2/2 on $mux $flatten\u_ibex_core.\id_stage_i.\controller_i.$procmux$7691.
    dead port 2/2 on $mux $flatten\u_ibex_core.\id_stage_i.\controller_i.$procmux$7693.
    dead port 2/2 on $mux $flatten\u_ibex_core.\id_stage_i.\controller_i.$procmux$7743.
    dead port 2/2 on $mux $flatten\u_ibex_core.\id_stage_i.\controller_i.$procmux$7745.
    dead port 2/2 on $mux $flatten\u_ibex_core.\id_stage_i.\controller_i.$procmux$7747.
    dead port 2/2 on $mux $flatten\u_ibex_core.\id_stage_i.\controller_i.$procmux$7759.
    dead port 2/2 on $mux $flatten\u_ibex_core.\id_stage_i.\controller_i.$procmux$7761.
    dead port 2/2 on $mux $flatten\u_ibex_core.\id_stage_i.\controller_i.$procmux$7763.
    dead port 1/2 on $mux $flatten\u_ibex_core.\id_stage_i.\controller_i.$procmux$7777.
    dead port 2/2 on $mux $flatten\u_ibex_core.\id_stage_i.\controller_i.$procmux$7779.
    dead port 2/2 on $mux $flatten\u_ibex_core.\id_stage_i.\controller_i.$procmux$7781.
    dead port 2/2 on $mux $flatten\u_ibex_core.\id_stage_i.\controller_i.$procmux$7783.
    dead port 2/2 on $mux $flatten\u_ibex_core.\id_stage_i.\controller_i.$procmux$7796.
    dead port 2/2 on $mux $flatten\u_ibex_core.\id_stage_i.\controller_i.$procmux$7798.
    dead port 2/2 on $mux $flatten\u_ibex_core.\id_stage_i.\controller_i.$procmux$7800.
    dead port 2/2 on $mux $flatten\u_ibex_core.\id_stage_i.\controller_i.$procmux$7813.
    dead port 2/2 on $mux $flatten\u_ibex_core.\id_stage_i.\controller_i.$procmux$7815.
    dead port 2/2 on $mux $flatten\u_ibex_core.\id_stage_i.\controller_i.$procmux$7817.
    dead port 2/2 on $mux $flatten\u_ibex_core.\id_stage_i.\controller_i.$procmux$7830.
    dead port 2/2 on $mux $flatten\u_ibex_core.\id_stage_i.\controller_i.$procmux$7832.
    dead port 2/2 on $mux $flatten\u_ibex_core.\id_stage_i.\controller_i.$procmux$7834.
    dead port 2/2 on $mux $flatten\u_ibex_core.\id_stage_i.\controller_i.$procmux$7864.
    dead port 2/2 on $mux $flatten\u_ibex_core.\id_stage_i.\controller_i.$procmux$7866.
    dead port 2/2 on $mux $flatten\u_ibex_core.\id_stage_i.\controller_i.$procmux$7868.
    dead port 2/2 on $mux $flatten\u_ibex_core.\id_stage_i.\controller_i.$procmux$7881.
    dead port 2/2 on $mux $flatten\u_ibex_core.\id_stage_i.\controller_i.$procmux$7883.
    dead port 2/2 on $mux $flatten\u_ibex_core.\id_stage_i.\controller_i.$procmux$7885.
    dead port 2/2 on $mux $flatten\u_ibex_core.\id_stage_i.\controller_i.$procmux$7898.
    dead port 2/2 on $mux $flatten\u_ibex_core.\id_stage_i.\controller_i.$procmux$7900.
    dead port 2/2 on $mux $flatten\u_ibex_core.\id_stage_i.\controller_i.$procmux$7902.
    dead port 2/2 on $mux $flatten\u_ibex_core.\id_stage_i.\controller_i.$procmux$7944.
    dead port 2/2 on $mux $flatten\u_ibex_core.\id_stage_i.\controller_i.$procmux$7946.
    dead port 2/2 on $mux $flatten\u_ibex_core.\id_stage_i.\controller_i.$procmux$7948.
    dead port 2/2 on $mux $flatten\u_ibex_core.\cs_registers_i.$procmux$11592.
    dead port 2/2 on $mux $flatten\u_ibex_core.\id_stage_i.\controller_i.$procmux$7967.
    dead port 2/2 on $mux $flatten\u_ibex_core.\id_stage_i.\controller_i.$procmux$7969.
    dead port 2/2 on $mux $flatten\u_ibex_core.\id_stage_i.\controller_i.$procmux$7971.
    dead port 2/2 on $mux $flatten\u_ibex_core.\cs_registers_i.$procmux$11595.
    dead port 2/2 on $mux $flatten\u_ibex_core.\id_stage_i.\controller_i.$procmux$7987.
    dead port 2/2 on $mux $flatten\u_ibex_core.\id_stage_i.\controller_i.$procmux$7989.
    dead port 2/2 on $mux $flatten\u_ibex_core.\id_stage_i.\controller_i.$procmux$7991.
    dead port 2/2 on $mux $flatten\u_ibex_core.\cs_registers_i.$procmux$11598.
    dead port 2/2 on $mux $flatten\u_ibex_core.\id_stage_i.\controller_i.$procmux$8007.
    dead port 2/2 on $mux $flatten\u_ibex_core.\id_stage_i.\controller_i.$procmux$8009.
    dead port 2/2 on $mux $flatten\u_ibex_core.\id_stage_i.\controller_i.$procmux$8011.
    dead port 2/2 on $mux $flatten\u_ibex_core.\id_stage_i.\controller_i.$procmux$8045.
    dead port 2/2 on $mux $flatten\u_ibex_core.\id_stage_i.\controller_i.$procmux$8047.
    dead port 2/2 on $mux $flatten\u_ibex_core.\id_stage_i.\controller_i.$procmux$8079.
    dead port 2/2 on $mux $flatten\u_ibex_core.\id_stage_i.\controller_i.$procmux$8081.
    dead port 2/2 on $mux $flatten\u_ibex_core.\id_stage_i.\controller_i.$procmux$8093.
    dead port 2/2 on $mux $flatten\u_ibex_core.\id_stage_i.\controller_i.$procmux$8095.
    dead port 2/2 on $mux $flatten\u_ibex_core.\id_stage_i.\controller_i.$procmux$8107.
    dead port 2/2 on $mux $flatten\u_ibex_core.\id_stage_i.\controller_i.$procmux$8109.
    dead port 2/2 on $mux $flatten\u_ibex_core.\id_stage_i.\controller_i.$procmux$8121.
    dead port 2/2 on $mux $flatten\u_ibex_core.\id_stage_i.\controller_i.$procmux$8123.
    dead port 2/2 on $mux $flatten\u_ibex_core.\id_stage_i.\controller_i.$procmux$8149.
    dead port 2/2 on $mux $flatten\u_ibex_core.\id_stage_i.\controller_i.$procmux$8151.
    dead port 2/2 on $mux $flatten\u_ibex_core.\id_stage_i.\controller_i.$procmux$8155.
    dead port 2/2 on $mux $flatten\u_ibex_core.\id_stage_i.\controller_i.$procmux$8157.
    dead port 2/2 on $mux $flatten\u_ibex_core.\id_stage_i.\controller_i.$procmux$8169.
    dead port 2/2 on $mux $flatten\u_ibex_core.\id_stage_i.\controller_i.$procmux$8175.
    dead port 2/2 on $mux $flatten\u_ibex_core.\id_stage_i.\controller_i.$procmux$8181.
    dead port 2/2 on $mux $flatten\u_ibex_core.\id_stage_i.\controller_i.$procmux$8193.
    dead port 2/2 on $mux $flatten\u_ibex_core.\cs_registers_i.$procmux$11623.
    dead port 2/2 on $mux $flatten\u_ibex_core.\id_stage_i.\controller_i.$procmux$8205.
    dead port 2/2 on $mux $flatten\u_ibex_core.\id_stage_i.\controller_i.$procmux$8211.
    dead port 2/2 on $mux $flatten\u_ibex_core.\cs_registers_i.$procmux$11629.
    dead port 2/2 on $mux $flatten\u_ibex_core.\id_stage_i.\controller_i.$procmux$8217.
    dead port 2/2 on $mux $flatten\u_ibex_core.\id_stage_i.\controller_i.$procmux$8223.
    dead port 2/2 on $mux $flatten\u_ibex_core.\cs_registers_i.$procmux$11635.
    dead port 2/2 on $mux $flatten\u_ibex_core.\id_stage_i.\controller_i.$procmux$8229.
    dead port 2/2 on $mux $flatten\u_ibex_core.\id_stage_i.\controller_i.$procmux$8235.
    dead port 2/2 on $mux $flatten\u_ibex_core.\cs_registers_i.$procmux$11641.
    dead port 2/2 on $mux $flatten\u_ibex_core.\id_stage_i.\controller_i.$procmux$8241.
    dead port 2/2 on $mux $flatten\u_ibex_core.\id_stage_i.\controller_i.$procmux$8247.
    dead port 2/2 on $mux $flatten\u_ibex_core.\id_stage_i.\controller_i.$procmux$8253.
    dead port 2/2 on $mux $flatten\u_ibex_core.\cs_registers_i.$procmux$11647.
    dead port 2/2 on $mux $flatten\u_ibex_core.\id_stage_i.\controller_i.$procmux$8260.
    dead port 2/2 on $mux $flatten\u_ibex_core.\id_stage_i.\controller_i.$procmux$8274.
    dead port 1/2 on $mux $flatten\u_ibex_core.\id_stage_i.\controller_i.$procmux$8285.
    dead port 1/2 on $mux $flatten\u_ibex_core.\id_stage_i.\controller_i.$procmux$8288.
    dead port 1/2 on $mux $flatten\u_ibex_core.\id_stage_i.\controller_i.$procmux$8291.
    dead port 2/2 on $mux $flatten\u_ibex_core.\id_stage_i.\controller_i.$procmux$8293.
    dead port 2/2 on $mux $flatten\u_ibex_core.\id_stage_i.\controller_i.$procmux$8295.
    dead port 1/2 on $mux $flatten\u_ibex_core.\id_stage_i.\controller_i.$procmux$8306.
    dead port 1/2 on $mux $flatten\u_ibex_core.\id_stage_i.\controller_i.$procmux$8309.
    dead port 2/2 on $mux $flatten\u_ibex_core.\id_stage_i.\controller_i.$procmux$8311.
    dead port 2/2 on $mux $flatten\u_ibex_core.\id_stage_i.\controller_i.$procmux$8313.
    dead port 2/2 on $mux $flatten\u_ibex_core.\cs_registers_i.$procmux$11653.
    dead port 1/2 on $mux $flatten\u_ibex_core.\id_stage_i.\controller_i.$procmux$8324.
    dead port 2/2 on $mux $flatten\u_ibex_core.\id_stage_i.\controller_i.$procmux$8326.
    dead port 2/2 on $mux $flatten\u_ibex_core.\id_stage_i.\controller_i.$procmux$8328.
    dead port 2/2 on $mux $flatten\u_ibex_core.\id_stage_i.\controller_i.$procmux$8368.
    dead port 2/2 on $mux $flatten\u_ibex_core.\id_stage_i.\controller_i.$procmux$8370.
    dead port 2/2 on $mux $flatten\u_ibex_core.\id_stage_i.\controller_i.$procmux$8372.
    dead port 2/2 on $mux $flatten\u_ibex_core.\id_stage_i.\controller_i.$procmux$8382.
    dead port 2/2 on $mux $flatten\u_ibex_core.\id_stage_i.\controller_i.$procmux$8384.
    dead port 2/2 on $mux $flatten\u_ibex_core.\id_stage_i.\controller_i.$procmux$8394.
    dead port 2/2 on $mux $flatten\u_ibex_core.\id_stage_i.\controller_i.$procmux$8396.
    dead port 2/2 on $mux $flatten\u_ibex_core.\id_stage_i.\controller_i.$procmux$8406.
    dead port 2/2 on $mux $flatten\u_ibex_core.\id_stage_i.\controller_i.$procmux$8408.
    dead port 1/2 on $mux $flatten\u_ibex_core.\cs_registers_i.$procmux$11674.
    dead port 2/2 on $mux $flatten\u_ibex_core.\id_stage_i.\controller_i.$procmux$8459.
    dead port 1/2 on $mux $flatten\u_ibex_core.\cs_registers_i.$procmux$11676.
    dead port 2/2 on $mux $flatten\u_ibex_core.\id_stage_i.\controller_i.$procmux$8468.
    dead port 2/2 on $mux $flatten\u_ibex_core.\id_stage_i.\controller_i.$procmux$8477.
    dead port 2/2 on $mux $flatten\u_ibex_core.\id_stage_i.\controller_i.$procmux$8486.
    dead port 1/2 on $mux $flatten\u_ibex_core.\cs_registers_i.$procmux$11679.
    dead port 2/2 on $mux $flatten\u_ibex_core.\id_stage_i.\controller_i.$procmux$8495.
    dead port 2/2 on $mux $flatten\u_ibex_core.\cs_registers_i.$procmux$11681.
    dead port 2/2 on $mux $flatten\u_ibex_core.\id_stage_i.\controller_i.$procmux$8504.
    dead port 1/2 on $mux $flatten\u_ibex_core.\id_stage_i.\controller_i.$procmux$8516.
    dead port 2/2 on $mux $flatten\u_ibex_core.\id_stage_i.\controller_i.$procmux$8518.
    dead port 2/2 on $mux $flatten\u_ibex_core.\id_stage_i.\controller_i.$procmux$8520.
    dead port 1/2 on $mux $flatten\u_ibex_core.\id_stage_i.\controller_i.$procmux$8532.
    dead port 2/2 on $mux $flatten\u_ibex_core.\id_stage_i.\controller_i.$procmux$8534.
    dead port 2/2 on $mux $flatten\u_ibex_core.\id_stage_i.\controller_i.$procmux$8536.
    dead port 1/2 on $mux $flatten\u_ibex_core.\cs_registers_i.$procmux$11690.
    dead port 2/2 on $mux $flatten\u_ibex_core.\id_stage_i.\controller_i.$procmux$8547.
    dead port 2/2 on $mux $flatten\u_ibex_core.\id_stage_i.\controller_i.$procmux$8549.
    dead port 1/2 on $mux $flatten\u_ibex_core.\cs_registers_i.$procmux$11693.
    dead port 2/2 on $mux $flatten\u_ibex_core.\id_stage_i.\controller_i.$procmux$8560.
    dead port 2/2 on $mux $flatten\u_ibex_core.\id_stage_i.\controller_i.$procmux$8562.
    dead port 2/2 on $mux $flatten\u_ibex_core.\cs_registers_i.$procmux$11695.
    dead port 2/2 on $mux $flatten\u_ibex_core.\id_stage_i.\controller_i.$procmux$8572.
    dead port 2/2 on $mux $flatten\u_ibex_core.\id_stage_i.\controller_i.$procmux$8582.
    dead port 2/2 on $mux $flatten\u_ibex_core.\id_stage_i.\controller_i.$procmux$8592.
    dead port 1/2 on $mux $flatten\u_ibex_core.\cs_registers_i.$procmux$11704.
    dead port 2/2 on $mux $flatten\u_ibex_core.\id_stage_i.\controller_i.$procmux$8622.
    dead port 2/2 on $mux $flatten\u_ibex_core.\id_stage_i.\controller_i.$procmux$8633.
    dead port 2/2 on $mux $flatten\u_ibex_core.\id_stage_i.\controller_i.$procmux$8635.
    dead port 2/2 on $mux $flatten\u_ibex_core.\id_stage_i.\controller_i.$procmux$8645.
    dead port 2/2 on $mux $flatten\u_ibex_core.\cs_registers_i.$procmux$13057.
    dead port 2/2 on $mux $flatten\u_ibex_core.\id_stage_i.\controller_i.$procmux$8655.
    dead port 1/2 on $mux $flatten\u_ibex_core.\cs_registers_i.$procmux$11707.
    dead port 2/2 on $mux $flatten\u_ibex_core.\id_stage_i.\controller_i.$procmux$8666.
    dead port 2/2 on $mux $flatten\u_ibex_core.\id_stage_i.\controller_i.$procmux$8677.
    dead port 2/2 on $mux $flatten\u_ibex_core.\id_stage_i.\controller_i.$procmux$8688.
    dead port 2/2 on $mux $flatten\u_ibex_core.\cs_registers_i.$procmux$11709.
    dead port 2/2 on $mux $flatten\u_ibex_core.\id_stage_i.\controller_i.$procmux$8699.
    dead port 2/2 on $mux $flatten\u_ibex_core.\id_stage_i.\controller_i.$procmux$8710.
    dead port 1/2 on $mux $flatten\u_ibex_core.\cs_registers_i.$procmux$11719.
    dead port 2/2 on $mux $flatten\u_ibex_core.\id_stage_i.\controller_i.$procmux$8722.
    dead port 2/2 on $mux $flatten\u_ibex_core.\id_stage_i.\controller_i.$procmux$8734.
    dead port 1/2 on $mux $flatten\u_ibex_core.\cs_registers_i.$procmux$11721.
    dead port 1/2 on $mux $flatten\u_ibex_core.\cs_registers_i.$procmux$11724.
    dead port 2/2 on $mux $flatten\u_ibex_core.\cs_registers_i.$procmux$11726.
    dead port 1/2 on $mux $flatten\u_ibex_core.\cs_registers_i.$procmux$11735.
    dead port 1/2 on $mux $flatten\u_ibex_core.\cs_registers_i.$procmux$11738.
    dead port 2/2 on $mux $flatten\u_ibex_core.\cs_registers_i.$procmux$11740.
    dead port 1/2 on $mux $flatten\u_ibex_core.\cs_registers_i.$procmux$11749.
    dead port 2/2 on $mux $flatten\u_ibex_core.\cs_registers_i.$procmux$11751.
    dead port 1/2 on $mux $flatten\u_ibex_core.\cs_registers_i.$procmux$11760.
    dead port 2/2 on $mux $flatten\u_ibex_core.\cs_registers_i.$procmux$11762.
    dead port 2/2 on $mux $flatten\u_ibex_core.\cs_registers_i.$procmux$13853.
    dead port 1/2 on $mux $flatten\u_ibex_core.\cs_registers_i.$procmux$11771.
    dead port 2/2 on $mux $flatten\u_ibex_core.\cs_registers_i.$procmux$11773.
    dead port 1/2 on $mux $flatten\u_ibex_core.\cs_registers_i.$procmux$11782.
    dead port 2/2 on $mux $flatten\u_ibex_core.\cs_registers_i.$procmux$11784.
    dead port 1/2 on $mux $flatten\u_ibex_core.\cs_registers_i.$procmux$11793.
    dead port 2/2 on $mux $flatten\u_ibex_core.\cs_registers_i.$procmux$11795.
    dead port 1/2 on $mux $flatten\u_ibex_core.\cs_registers_i.$procmux$11804.
    dead port 2/2 on $mux $flatten\u_ibex_core.\cs_registers_i.$procmux$11806.
    dead port 1/2 on $mux $flatten\u_ibex_core.\cs_registers_i.$procmux$11815.
    dead port 2/2 on $mux $flatten\u_ibex_core.\cs_registers_i.$procmux$11817.
    dead port 1/2 on $mux $flatten\u_ibex_core.\cs_registers_i.$procmux$11826.
    dead port 2/2 on $mux $flatten\u_ibex_core.\cs_registers_i.$procmux$11828.
    dead port 1/2 on $mux $flatten\u_ibex_core.\cs_registers_i.$procmux$11837.
    dead port 1/2 on $mux $flatten\u_ibex_core.\cs_registers_i.$procmux$11840.
    dead port 2/2 on $mux $flatten\u_ibex_core.\cs_registers_i.$procmux$11842.
    dead port 1/2 on $mux $flatten\u_ibex_core.\cs_registers_i.$procmux$11851.
    dead port 2/2 on $mux $flatten\u_ibex_core.\cs_registers_i.$procmux$11853.
    dead port 1/2 on $mux $flatten\u_ibex_core.\cs_registers_i.$procmux$11862.
    dead port 2/2 on $mux $flatten\u_ibex_core.\cs_registers_i.$procmux$11864.
    dead port 1/2 on $mux $flatten\u_ibex_core.\cs_registers_i.$procmux$11873.
    dead port 2/2 on $mux $flatten\u_ibex_core.\cs_registers_i.$procmux$13901.
    dead port 2/2 on $mux $flatten\u_ibex_core.\cs_registers_i.$procmux$11875.
    dead port 1/2 on $mux $flatten\u_ibex_core.\cs_registers_i.$procmux$11884.
    dead port 2/2 on $mux $flatten\u_ibex_core.\cs_registers_i.$procmux$11886.
    dead port 1/2 on $mux $flatten\u_ibex_core.\cs_registers_i.$procmux$11895.
    dead port 2/2 on $mux $flatten\u_ibex_core.\cs_registers_i.$procmux$11897.
    dead port 2/2 on $mux $flatten\u_ibex_core.\cs_registers_i.$procmux$11905.
    dead port 2/2 on $mux $flatten\u_ibex_core.\cs_registers_i.$procmux$11913.
    dead port 1/2 on $mux $flatten\u_ibex_core.\id_stage_i.\decoder_i.$procmux$2976.
    dead port 2/2 on $mux $flatten\u_ibex_core.\id_stage_i.\decoder_i.$procmux$2978.
    dead port 2/2 on $mux $flatten\u_ibex_core.\id_stage_i.\decoder_i.$procmux$2983.
    dead port 2/2 on $mux $flatten\u_ibex_core.\cs_registers_i.$procmux$11921.
    dead port 2/2 on $mux $flatten\u_ibex_core.\id_stage_i.\decoder_i.$procmux$2989.
    dead port 2/2 on $mux $flatten\u_ibex_core.\id_stage_i.\decoder_i.$procmux$2995.
    dead port 2/2 on $mux $flatten\u_ibex_core.\cs_registers_i.$procmux$11929.
    dead port 2/2 on $mux $flatten\u_ibex_core.\id_stage_i.\decoder_i.$procmux$3000.
    dead port 2/2 on $mux $flatten\u_ibex_core.\id_stage_i.\decoder_i.$procmux$3002.
    dead port 2/2 on $mux $flatten\u_ibex_core.\id_stage_i.\decoder_i.$procmux$3007.
    dead port 2/2 on $mux $flatten\u_ibex_core.\id_stage_i.\decoder_i.$procmux$3009.
    dead port 2/2 on $mux $flatten\u_ibex_core.\cs_registers_i.$procmux$11937.
    dead port 2/2 on $mux $flatten\u_ibex_core.\id_stage_i.\decoder_i.$procmux$3014.
    dead port 2/2 on $mux $flatten\u_ibex_core.\id_stage_i.\decoder_i.$procmux$3016.
    dead port 2/2 on $mux $flatten\u_ibex_core.\cs_registers_i.$procmux$11945.
    dead port 2/2 on $mux $flatten\u_ibex_core.\id_stage_i.\decoder_i.$procmux$3021.
    dead port 2/2 on $mux $flatten\u_ibex_core.\id_stage_i.\decoder_i.$procmux$3023.
    dead port 2/2 on $mux $flatten\u_ibex_core.\cs_registers_i.$procmux$11953.
    dead port 2/2 on $mux $flatten\u_ibex_core.\id_stage_i.\decoder_i.$procmux$3030.
    dead port 2/2 on $mux $flatten\u_ibex_core.\cs_registers_i.$procmux$11961.
    dead port 2/2 on $mux $flatten\u_ibex_core.\cs_registers_i.$procmux$13316.
    dead port 2/2 on $mux $flatten\u_ibex_core.\id_stage_i.\decoder_i.$procmux$3038.
    dead port 2/2 on $mux $flatten\u_ibex_core.\cs_registers_i.$procmux$11969.
    dead port 2/2 on $mux $flatten\u_ibex_core.\id_stage_i.\decoder_i.$procmux$3046.
    dead port 2/2 on $mux $flatten\u_ibex_core.\cs_registers_i.$procmux$11977.
    dead port 2/2 on $mux $flatten\u_ibex_core.\id_stage_i.\decoder_i.$procmux$3053.
    dead port 1/2 on $mux $flatten\u_ibex_core.\id_stage_i.\decoder_i.$procmux$3078.
    dead port 2/2 on $mux $flatten\u_ibex_core.\id_stage_i.\decoder_i.$procmux$3080.
    dead port 1/2 on $mux $flatten\u_ibex_core.\id_stage_i.\decoder_i.$procmux$3139.
    dead port 2/2 on $mux $flatten\u_ibex_core.\id_stage_i.\decoder_i.$procmux$3141.
    dead port 2/2 on $mux $flatten\u_ibex_core.\cs_registers_i.$procmux$11985.
    dead port 1/2 on $mux $flatten\u_ibex_core.\id_stage_i.\decoder_i.$procmux$3200.
    dead port 2/2 on $mux $flatten\u_ibex_core.\id_stage_i.\decoder_i.$procmux$3202.
    dead port 2/2 on $mux $flatten\u_ibex_core.\id_stage_i.\decoder_i.$procmux$3210.
    dead port 2/2 on $mux $flatten\u_ibex_core.\cs_registers_i.$procmux$11993.
    dead port 2/2 on $mux $flatten\u_ibex_core.\id_stage_i.\decoder_i.$procmux$3218.
    dead port 2/2 on $mux $flatten\u_ibex_core.\id_stage_i.\decoder_i.$procmux$3226.
    dead port 1/2 on $mux $flatten\u_ibex_core.\id_stage_i.\decoder_i.$procmux$3236.
    dead port 2/2 on $mux $flatten\u_ibex_core.\id_stage_i.\decoder_i.$procmux$3238.
    dead port 2/2 on $mux $flatten\u_ibex_core.\id_stage_i.\decoder_i.$procmux$3240.
    dead port 2/2 on $mux $flatten\u_ibex_core.\id_stage_i.\decoder_i.$procmux$3249.
    dead port 2/2 on $mux $flatten\u_ibex_core.\cs_registers_i.$procmux$12001.
    dead port 2/2 on $mux $flatten\u_ibex_core.\id_stage_i.\decoder_i.$procmux$3251.
    dead port 2/2 on $mux $flatten\u_ibex_core.\id_stage_i.\decoder_i.$procmux$3257.
    dead port 2/2 on $mux $flatten\u_ibex_core.\cs_registers_i.$procmux$12009.
    dead port 2/2 on $mux $flatten\u_ibex_core.\id_stage_i.\decoder_i.$procmux$3259.
    dead port 2/2 on $mux $flatten\u_ibex_core.\id_stage_i.\decoder_i.$procmux$3266.
    dead port 2/2 on $mux $flatten\u_ibex_core.\cs_registers_i.$procmux$12017.
    dead port 2/2 on $mux $flatten\u_ibex_core.\id_stage_i.\decoder_i.$procmux$3268.
    dead port 2/2 on $mux $flatten\u_ibex_core.\cs_registers_i.$procmux$12025.
    dead port 2/2 on $mux $flatten\u_ibex_core.\cs_registers_i.$procmux$12033.
    dead port 2/2 on $mux $flatten\u_ibex_core.\id_stage_i.\decoder_i.$procmux$3283.
    dead port 2/2 on $mux $flatten\u_ibex_core.\id_stage_i.\decoder_i.$procmux$3296.
    dead port 2/2 on $mux $flatten\u_ibex_core.\id_stage_i.\decoder_i.$procmux$3309.
    dead port 2/2 on $mux $flatten\u_ibex_core.\cs_registers_i.$procmux$12042.
    dead port 1/2 on $mux $flatten\u_ibex_core.\id_stage_i.\decoder_i.$procmux$3321.
    dead port 2/2 on $mux $flatten\u_ibex_core.\id_stage_i.\decoder_i.$procmux$3323.
    dead port 1/2 on $mux $flatten\u_ibex_core.\id_stage_i.\decoder_i.$procmux$3335.
    dead port 2/2 on $mux $flatten\u_ibex_core.\id_stage_i.\decoder_i.$procmux$3337.
    dead port 1/2 on $mux $flatten\u_ibex_core.\id_stage_i.\decoder_i.$procmux$3349.
    dead port 2/2 on $mux $flatten\u_ibex_core.\id_stage_i.\decoder_i.$procmux$3351.
    dead port 1/2 on $mux $flatten\u_ibex_core.\id_stage_i.\decoder_i.$procmux$3363.
    dead port 2/2 on $mux $flatten\u_ibex_core.\id_stage_i.\decoder_i.$procmux$3365.
    dead port 2/2 on $mux $flatten\u_ibex_core.\id_stage_i.\decoder_i.$procmux$3379.
    dead port 2/2 on $mux $flatten\u_ibex_core.\id_stage_i.\decoder_i.$procmux$3393.
    dead port 2/2 on $mux $flatten\u_ibex_core.\id_stage_i.\decoder_i.$procmux$3407.
    dead port 2/2 on $mux $flatten\u_ibex_core.\id_stage_i.\decoder_i.$procmux$3421.
    dead port 2/2 on $mux $flatten\u_ibex_core.\id_stage_i.\decoder_i.$procmux$3440.
    dead port 2/2 on $mux $flatten\u_ibex_core.\cs_registers_i.$procmux$13368.
    dead port 2/2 on $mux $flatten\u_ibex_core.\id_stage_i.\decoder_i.$procmux$3454.
    dead port 2/2 on $mux $flatten\u_ibex_core.\id_stage_i.\decoder_i.$procmux$3469.
    dead port 2/2 on $mux $flatten\u_ibex_core.\id_stage_i.\decoder_i.$procmux$3483.
    dead port 2/2 on $mux $flatten\u_ibex_core.\id_stage_i.\decoder_i.$procmux$3498.
    dead port 2/2 on $mux $flatten\u_ibex_core.\id_stage_i.\decoder_i.$procmux$3513.
    dead port 2/2 on $mux $flatten\u_ibex_core.\id_stage_i.\decoder_i.$procmux$3529.
    dead port 2/2 on $mux $flatten\u_ibex_core.\id_stage_i.\decoder_i.$procmux$3544.
    dead port 2/2 on $mux $flatten\u_ibex_core.\id_stage_i.\decoder_i.$procmux$3559.
    dead port 2/2 on $mux $flatten\u_ibex_core.\cs_registers_i.$procmux$12116.
    dead port 1/2 on $mux $flatten\u_ibex_core.\cs_registers_i.$procmux$12140.
    dead port 2/2 on $mux $flatten\u_ibex_core.\cs_registers_i.$procmux$12142.
    dead port 2/2 on $mux $flatten\u_ibex_core.\cs_registers_i.$procmux$12159.
    dead port 2/2 on $mux $flatten\u_ibex_core.\cs_registers_i.$procmux$12176.
    dead port 2/2 on $mux $flatten\u_ibex_core.\cs_registers_i.$procmux$12193.
    dead port 2/2 on $mux $flatten\u_ibex_core.\cs_registers_i.$procmux$12210.
    dead port 2/2 on $mux $flatten\u_ibex_core.\cs_registers_i.$procmux$12227.
    dead port 2/2 on $mux $flatten\u_ibex_core.\cs_registers_i.$procmux$12244.
    dead port 2/2 on $mux $flatten\u_ibex_core.\cs_registers_i.$procmux$13416.
    dead port 2/2 on $mux $flatten\u_ibex_core.\cs_registers_i.$procmux$13464.
    dead port 2/2 on $mux $flatten\u_ibex_core.\cs_registers_i.$procmux$13512.
    dead port 2/2 on $mux $flatten\u_ibex_core.\cs_registers_i.$procmux$12261.
    dead port 2/2 on $mux $flatten\u_ibex_core.\cs_registers_i.$procmux$13561.
    dead port 2/2 on $mux $flatten\u_ibex_core.\cs_registers_i.$procmux$14286.
    dead port 2/2 on $mux $flatten\u_ibex_core.\id_stage_i.\decoder_i.$procmux$3662.
    dead port 2/2 on $mux $flatten\u_ibex_core.\id_stage_i.\decoder_i.$procmux$3668.
    dead port 2/2 on $mux $flatten\u_ibex_core.\id_stage_i.\decoder_i.$procmux$3674.
    dead port 2/2 on $mux $flatten\u_ibex_core.\id_stage_i.\decoder_i.$procmux$3680.
    dead port 2/2 on $mux $flatten\u_ibex_core.\id_stage_i.\decoder_i.$procmux$3686.
    dead port 2/2 on $mux $flatten\u_ibex_core.\id_stage_i.\decoder_i.$procmux$4850.
    dead port 2/2 on $mux $flatten\u_ibex_core.\id_stage_i.\decoder_i.$procmux$4920.
    dead port 2/2 on $mux $flatten\u_ibex_core.\cs_registers_i.$procmux$12278.
    dead port 2/2 on $mux $flatten\u_ibex_core.\id_stage_i.\decoder_i.$procmux$4927.
    dead port 2/2 on $mux $flatten\u_ibex_core.\id_stage_i.\decoder_i.$procmux$4934.
    dead port 2/2 on $mux $flatten\u_ibex_core.\id_stage_i.\decoder_i.$procmux$4941.
    dead port 2/2 on $mux $flatten\u_ibex_core.\cs_registers_i.$procmux$12295.
    dead port 1/2 on $mux $flatten\u_ibex_core.\id_stage_i.\decoder_i.$procmux$4976.
    dead port 2/2 on $mux $flatten\u_ibex_core.\id_stage_i.\decoder_i.$procmux$4978.
    dead port 1/2 on $mux $flatten\u_ibex_core.\id_stage_i.\decoder_i.$procmux$4987.
    dead port 2/2 on $mux $flatten\u_ibex_core.\id_stage_i.\decoder_i.$procmux$4989.
    dead port 2/2 on $mux $flatten\u_ibex_core.\id_stage_i.\decoder_i.$procmux$4998.
    dead port 2/2 on $mux $flatten\u_ibex_core.\id_stage_i.\decoder_i.$procmux$5000.
    dead port 2/2 on $mux $flatten\u_ibex_core.\id_stage_i.\decoder_i.$procmux$5013.
    dead port 2/2 on $mux $flatten\u_ibex_core.\id_stage_i.\decoder_i.$procmux$5015.
    dead port 2/2 on $mux $flatten\u_ibex_core.\cs_registers_i.$procmux$12319.
    dead port 2/2 on $mux $flatten\u_ibex_core.\id_stage_i.\decoder_i.$procmux$5028.
    dead port 2/2 on $mux $flatten\u_ibex_core.\id_stage_i.\decoder_i.$procmux$5030.
    dead port 2/2 on $mux $flatten\u_ibex_core.\cs_registers_i.$procmux$12343.
    dead port 2/2 on $mux $flatten\u_ibex_core.\id_stage_i.\decoder_i.$procmux$5039.
    dead port 2/2 on $mux $flatten\u_ibex_core.\id_stage_i.\decoder_i.$procmux$5041.
    dead port 2/2 on $mux $flatten\u_ibex_core.\cs_registers_i.$procmux$12367.
    dead port 2/2 on $mux $flatten\u_ibex_core.\id_stage_i.\decoder_i.$procmux$5051.
    dead port 2/2 on $mux $flatten\u_ibex_core.\id_stage_i.\decoder_i.$procmux$5053.
    dead port 2/2 on $mux $flatten\u_ibex_core.\id_stage_i.\decoder_i.$procmux$5064.
    dead port 2/2 on $mux $flatten\u_ibex_core.\id_stage_i.\decoder_i.$procmux$5066.
    dead port 2/2 on $mux $flatten\u_ibex_core.\cs_registers_i.$procmux$12384.
    dead port 2/2 on $mux $flatten\u_ibex_core.\cs_registers_i.$procmux$12407.
    dead port 2/2 on $mux $flatten\u_ibex_core.\id_stage_i.\decoder_i.$procmux$5078.
    dead port 2/2 on $mux $flatten\u_ibex_core.\id_stage_i.\decoder_i.$procmux$5080.
    dead port 2/2 on $mux $flatten\u_ibex_core.\id_stage_i.\decoder_i.$procmux$5088.
    dead port 2/2 on $mux $flatten\u_ibex_core.\id_stage_i.\decoder_i.$procmux$5096.
    dead port 2/2 on $mux $flatten\u_ibex_core.\cs_registers_i.$procmux$12424.
    dead port 2/2 on $mux $flatten\u_ibex_core.\id_stage_i.\decoder_i.$procmux$5104.
    dead port 2/2 on $mux $flatten\u_ibex_core.\id_stage_i.\decoder_i.$procmux$5112.
    dead port 2/2 on $mux $flatten\u_ibex_core.\cs_registers_i.$procmux$12442.
    dead port 2/2 on $mux $flatten\u_ibex_core.\id_stage_i.\decoder_i.$procmux$5120.
    dead port 2/2 on $mux $flatten\u_ibex_core.\id_stage_i.\decoder_i.$procmux$5128.
    dead port 2/2 on $mux $flatten\u_ibex_core.\cs_registers_i.$procmux$12444.
    dead port 2/2 on $mux $flatten\u_ibex_core.\id_stage_i.\decoder_i.$procmux$5136.
    dead port 2/2 on $mux $flatten\u_ibex_core.\id_stage_i.\decoder_i.$procmux$5160.
    dead port 2/2 on $mux $flatten\u_ibex_core.\id_stage_i.\decoder_i.$procmux$5168.
    dead port 2/2 on $mux $flatten\u_ibex_core.\cs_registers_i.$procmux$14333.
    dead port 2/2 on $mux $flatten\u_ibex_core.\id_stage_i.\decoder_i.$procmux$5176.
    dead port 2/2 on $mux $flatten\u_ibex_core.\cs_registers_i.$procmux$12461.
    dead port 2/2 on $mux $flatten\u_ibex_core.\id_stage_i.\decoder_i.$procmux$5184.
    dead port 2/2 on $mux $flatten\u_ibex_core.\id_stage_i.\decoder_i.$procmux$5208.
    dead port 2/2 on $mux $flatten\u_ibex_core.\id_stage_i.\decoder_i.$procmux$5210.
    dead port 2/2 on $mux $flatten\u_ibex_core.\id_stage_i.\decoder_i.$procmux$5219.
    dead port 2/2 on $mux $flatten\u_ibex_core.\cs_registers_i.$procmux$12486.
    dead port 2/2 on $mux $flatten\u_ibex_core.\id_stage_i.\decoder_i.$procmux$5229.
    dead port 2/2 on $mux $flatten\u_ibex_core.\cs_registers_i.$procmux$12488.
    dead port 2/2 on $mux $flatten\u_ibex_core.\id_stage_i.\decoder_i.$procmux$5238.
    dead port 2/2 on $mux $flatten\u_ibex_core.\id_stage_i.\decoder_i.$procmux$5247.
    dead port 2/2 on $mux $flatten\u_ibex_core.\id_stage_i.\decoder_i.$procmux$5306.
    dead port 2/2 on $mux $flatten\u_ibex_core.\id_stage_i.\decoder_i.$procmux$5348.
    dead port 1/2 on $mux $flatten\u_ibex_core.\id_stage_i.\decoder_i.$procmux$5351.
    dead port 2/2 on $mux $flatten\u_ibex_core.\id_stage_i.\decoder_i.$procmux$5353.
    dead port 2/2 on $mux $flatten\u_ibex_core.\id_stage_i.\decoder_i.$procmux$5355.
    dead port 2/2 on $mux $flatten\u_ibex_core.\id_stage_i.\decoder_i.$procmux$5366.
    dead port 1/2 on $mux $flatten\u_ibex_core.\id_stage_i.\decoder_i.$procmux$5369.
    dead port 2/2 on $mux $flatten\u_ibex_core.\id_stage_i.\decoder_i.$procmux$5371.
    dead port 2/2 on $mux $flatten\u_ibex_core.\cs_registers_i.$procmux$12560.
    dead port 2/2 on $mux $flatten\u_ibex_core.\id_stage_i.\decoder_i.$procmux$5373.
    dead port 2/2 on $mux $flatten\u_ibex_core.\id_stage_i.\decoder_i.$procmux$5384.
    dead port 1/2 on $mux $flatten\u_ibex_core.\id_stage_i.\decoder_i.$procmux$5387.
    dead port 2/2 on $mux $flatten\u_ibex_core.\id_stage_i.\decoder_i.$procmux$5389.
    dead port 2/2 on $mux $flatten\u_ibex_core.\cs_registers_i.$procmux$12590.
    dead port 2/2 on $mux $flatten\u_ibex_core.\id_stage_i.\decoder_i.$procmux$5391.
    dead port 2/2 on $mux $flatten\u_ibex_core.\cs_registers_i.$procmux$12599.
    dead port 1/2 on $mux $flatten\u_ibex_core.\id_stage_i.\decoder_i.$procmux$5406.
    dead port 2/2 on $mux $flatten\u_ibex_core.\id_stage_i.\decoder_i.$procmux$5408.
    dead port 2/2 on $mux $flatten\u_ibex_core.\id_stage_i.\decoder_i.$procmux$5410.
    dead port 2/2 on $mux $flatten\u_ibex_core.\id_stage_i.\decoder_i.$procmux$5421.
    dead port 2/2 on $mux $flatten\u_ibex_core.\id_stage_i.\decoder_i.$procmux$5423.
    dead port 2/2 on $mux $flatten\u_ibex_core.\id_stage_i.\decoder_i.$procmux$5436.
    dead port 2/2 on $mux $flatten\u_ibex_core.\id_stage_i.\decoder_i.$procmux$5438.
    dead port 2/2 on $mux $flatten\u_ibex_core.\id_stage_i.\decoder_i.$procmux$5440.
    dead port 2/2 on $mux $flatten\u_ibex_core.\id_stage_i.\decoder_i.$procmux$5453.
    dead port 2/2 on $mux $flatten\u_ibex_core.\id_stage_i.\decoder_i.$procmux$5455.
    dead port 2/2 on $mux $flatten\u_ibex_core.\id_stage_i.\decoder_i.$procmux$5457.
    dead port 2/2 on $mux $flatten\u_ibex_core.\id_stage_i.\decoder_i.$procmux$5471.
    dead port 2/2 on $mux $flatten\u_ibex_core.\id_stage_i.\decoder_i.$procmux$5473.
    dead port 2/2 on $mux $flatten\u_ibex_core.\id_stage_i.\decoder_i.$procmux$5485.
    dead port 2/2 on $mux $flatten\u_ibex_core.\cs_registers_i.$procmux$14384.
    dead port 2/2 on $mux $flatten\u_ibex_core.\id_stage_i.\decoder_i.$procmux$5531.
    dead port 2/2 on $mux $flatten\u_ibex_core.\id_stage_i.\decoder_i.$procmux$5542.
    dead port 2/2 on $mux $flatten\u_ibex_core.\id_stage_i.\decoder_i.$procmux$5554.
    dead port 2/2 on $mux $flatten\u_ibex_core.\id_stage_i.\decoder_i.$procmux$5590.
    dead port 2/2 on $mux $flatten\u_ibex_core.\id_stage_i.\decoder_i.$procmux$5592.
    dead port 2/2 on $mux $flatten\u_ibex_core.\cs_registers_i.$procmux$13111.
    dead port 2/2 on $mux $flatten\u_ibex_core.\id_stage_i.\decoder_i.$procmux$5606.
    dead port 2/2 on $mux $flatten\u_ibex_core.\id_stage_i.\decoder_i.$procmux$5608.
    dead port 2/2 on $mux $flatten\u_ibex_core.\id_stage_i.\decoder_i.$procmux$5622.
    dead port 2/2 on $mux $flatten\u_ibex_core.\id_stage_i.\decoder_i.$procmux$5624.
    dead port 2/2 on $mux $flatten\u_ibex_core.\id_stage_i.\decoder_i.$procmux$5638.
    dead port 2/2 on $mux $flatten\u_ibex_core.\id_stage_i.\decoder_i.$procmux$5640.
    dead port 2/2 on $mux $flatten\u_ibex_core.\id_stage_i.\decoder_i.$procmux$5655.
    dead port 2/2 on $mux $flatten\u_ibex_core.\id_stage_i.\decoder_i.$procmux$5657.
    dead port 2/2 on $mux $flatten\u_ibex_core.\id_stage_i.\decoder_i.$procmux$5673.
    dead port 2/2 on $mux $flatten\u_ibex_core.\id_stage_i.\decoder_i.$procmux$5689.
    dead port 2/2 on $mux $flatten\u_ibex_core.\cs_registers_i.$procmux$12609.
    dead port 2/2 on $mux $flatten\u_ibex_core.\id_stage_i.\decoder_i.$procmux$5705.
    dead port 2/2 on $mux $flatten\u_ibex_core.\id_stage_i.\decoder_i.$procmux$5721.
    dead port 2/2 on $mux $flatten\u_ibex_core.\id_stage_i.\decoder_i.$procmux$5737.
    dead port 2/2 on $mux $flatten\u_ibex_core.\id_stage_i.\decoder_i.$procmux$5753.
    dead port 1/2 on $mux $flatten\u_ibex_core.\id_stage_i.\decoder_i.$procmux$5764.
    dead port 2/2 on $mux $flatten\u_ibex_core.\id_stage_i.\decoder_i.$procmux$5766.
    dead port 2/2 on $mux $flatten\u_ibex_core.\id_stage_i.\decoder_i.$procmux$5784.
    dead port 2/2 on $mux $flatten\u_ibex_core.\id_stage_i.\decoder_i.$procmux$5786.
    dead port 2/2 on $mux $flatten\u_ibex_core.\id_stage_i.\decoder_i.$procmux$5802.
    dead port 1/2 on $mux $flatten\u_ibex_core.\id_stage_i.\decoder_i.$procmux$5805.
    dead port 2/2 on $mux $flatten\u_ibex_core.\id_stage_i.\decoder_i.$procmux$5807.
    dead port 2/2 on $mux $flatten\u_ibex_core.\id_stage_i.\decoder_i.$procmux$5823.
    dead port 1/2 on $mux $flatten\u_ibex_core.\id_stage_i.\decoder_i.$procmux$5826.
    dead port 2/2 on $mux $flatten\u_ibex_core.\id_stage_i.\decoder_i.$procmux$5828.
    dead port 2/2 on $mux $flatten\u_ibex_core.\id_stage_i.\decoder_i.$procmux$5844.
    dead port 1/2 on $mux $flatten\u_ibex_core.\id_stage_i.\decoder_i.$procmux$5847.
    dead port 2/2 on $mux $flatten\u_ibex_core.\id_stage_i.\decoder_i.$procmux$5849.
    dead port 2/2 on $mux $flatten\u_ibex_core.\id_stage_i.\decoder_i.$procmux$5865.
    dead port 1/2 on $mux $flatten\u_ibex_core.\id_stage_i.\decoder_i.$procmux$5868.
    dead port 2/2 on $mux $flatten\u_ibex_core.\id_stage_i.\decoder_i.$procmux$5870.
    dead port 2/2 on $mux $flatten\u_ibex_core.\id_stage_i.\decoder_i.$procmux$5886.
    dead port 1/2 on $mux $flatten\u_ibex_core.\id_stage_i.\decoder_i.$procmux$5889.
    dead port 2/2 on $mux $flatten\u_ibex_core.\id_stage_i.\decoder_i.$procmux$5891.
    dead port 1/2 on $mux $flatten\u_ibex_core.\id_stage_i.\decoder_i.$procmux$5907.
    dead port 2/2 on $mux $flatten\u_ibex_core.\id_stage_i.\decoder_i.$procmux$5909.
    dead port 1/2 on $mux $flatten\u_ibex_core.\id_stage_i.\decoder_i.$procmux$5925.
    dead port 2/2 on $mux $flatten\u_ibex_core.\id_stage_i.\decoder_i.$procmux$5927.
    dead port 1/2 on $mux $flatten\u_ibex_core.\id_stage_i.\decoder_i.$procmux$5943.
    dead port 2/2 on $mux $flatten\u_ibex_core.\id_stage_i.\decoder_i.$procmux$5945.
    dead port 1/2 on $mux $flatten\u_ibex_core.\id_stage_i.\decoder_i.$procmux$5961.
    dead port 2/2 on $mux $flatten\u_ibex_core.\id_stage_i.\decoder_i.$procmux$5963.
    dead port 1/2 on $mux $flatten\u_ibex_core.\id_stage_i.\decoder_i.$procmux$5979.
    dead port 2/2 on $mux $flatten\u_ibex_core.\id_stage_i.\decoder_i.$procmux$5981.
    dead port 2/2 on $mux $flatten\u_ibex_core.\id_stage_i.\decoder_i.$procmux$5996.
    dead port 2/2 on $mux $flatten\u_ibex_core.\id_stage_i.\decoder_i.$procmux$6011.
    dead port 2/2 on $mux $flatten\u_ibex_core.\id_stage_i.\decoder_i.$procmux$6026.
    dead port 2/2 on $mux $flatten\u_ibex_core.\id_stage_i.\decoder_i.$procmux$6041.
    dead port 2/2 on $mux $flatten\u_ibex_core.\id_stage_i.\decoder_i.$procmux$6056.
    dead port 2/2 on $mux $flatten\u_ibex_core.\cs_registers_i.$procmux$12620.
    dead port 2/2 on $mux $flatten\u_ibex_core.\id_stage_i.\decoder_i.$procmux$6101.
    dead port 2/2 on $mux $flatten\u_ibex_core.\id_stage_i.\decoder_i.$procmux$6133.
    dead port 2/2 on $mux $flatten\u_ibex_core.\id_stage_i.\decoder_i.$procmux$6153.
    dead port 2/2 on $mux $flatten\u_ibex_core.\cs_registers_i.$procmux$12633.
    dead port 2/2 on $mux $flatten\u_ibex_core.\id_stage_i.\decoder_i.$procmux$6210.
    dead port 2/2 on $mux $flatten\u_ibex_core.\id_stage_i.\decoder_i.$procmux$6278.
    dead port 2/2 on $mux $flatten\u_ibex_core.\id_stage_i.\decoder_i.$procmux$6294.
    dead port 2/2 on $mux $flatten\u_ibex_core.\id_stage_i.\decoder_i.$procmux$6311.
    dead port 2/2 on $mux $flatten\u_ibex_core.\cs_registers_i.$procmux$12645.
    dead port 2/2 on $mux $flatten\u_ibex_core.\id_stage_i.\decoder_i.$procmux$6345.
    dead port 2/2 on $mux $flatten\u_ibex_core.\id_stage_i.\decoder_i.$procmux$6362.
    dead port 1/2 on $mux $flatten\u_ibex_core.\id_stage_i.\decoder_i.$procmux$6384.
    dead port 2/2 on $mux $flatten\u_ibex_core.\id_stage_i.\decoder_i.$procmux$6386.
    dead port 2/2 on $mux $flatten\u_ibex_core.\cs_registers_i.$procmux$12680.
    dead port 2/2 on $mux $flatten\u_ibex_core.\cs_registers_i.$procmux$12695.
    dead port 2/2 on $mux $flatten\u_ibex_core.\id_stage_i.\decoder_i.$procmux$6402.
    dead port 2/2 on $mux $flatten\u_ibex_core.\id_stage_i.\decoder_i.$procmux$6422.
    dead port 2/2 on $mux $flatten\u_ibex_core.\id_stage_i.\decoder_i.$procmux$6443.
    dead port 2/2 on $mux $flatten\u_ibex_core.\id_stage_i.\decoder_i.$procmux$6515.
    dead port 2/2 on $mux $flatten\u_ibex_core.\cs_registers_i.$procmux$12711.
    dead port 2/2 on $mux $flatten\u_ibex_core.\id_stage_i.\decoder_i.$procmux$6532.
    dead port 2/2 on $mux $flatten\u_ibex_core.\id_stage_i.\decoder_i.$procmux$6550.
    dead port 2/2 on $mux $flatten\u_ibex_core.\id_stage_i.\decoder_i.$procmux$6586.
    dead port 2/2 on $mux $flatten\u_ibex_core.\id_stage_i.\decoder_i.$procmux$6604.
    dead port 2/2 on $mux $flatten\u_ibex_core.\cs_registers_i.$procmux$12728.
    dead port 2/2 on $mux $flatten\u_ibex_core.\cs_registers_i.$procmux$12745.
    dead port 2/2 on $mux $flatten\u_ibex_core.\cs_registers_i.$procmux$12763.
    dead port 2/2 on $mux $flatten\u_ibex_core.\cs_registers_i.$procmux$12782.
    dead port 2/2 on $mux $flatten\u_ibex_core.\cs_registers_i.$procmux$12802.
    dead port 2/2 on $mux $flatten\u_ibex_core.\cs_registers_i.$procmux$12823.
    dead port 2/2 on $mux $flatten\u_ibex_core.\cs_registers_i.$procmux$12845.
    dead port 2/2 on $mux $flatten\u_ibex_core.\cs_registers_i.$procmux$12868.
    dead port 2/2 on $mux $flatten\u_ibex_core.\id_stage_i.\decoder_i.$procmux$6689.
    dead port 1/2 on $mux $flatten\u_ibex_core.\id_stage_i.\decoder_i.$procmux$6692.
    dead port 2/2 on $mux $flatten\u_ibex_core.\id_stage_i.\decoder_i.$procmux$6694.
    dead port 2/2 on $mux $flatten\u_ibex_core.\id_stage_i.\decoder_i.$procmux$6696.
    dead port 2/2 on $mux $flatten\u_ibex_core.\id_stage_i.\decoder_i.$procmux$6827.
    dead port 2/2 on $mux $flatten\u_ibex_core.\cs_registers_i.$procmux$13659.
    dead port 2/2 on $mux $flatten\u_ibex_core.\if_stage_i.$ternary$/work/src/ibex_if_stage.v:292$1829.
    dead port 2/2 on $mux $flatten\u_ibex_core.\if_stage_i.\compressed_decoder_i.$procmux$8947.
    dead port 2/2 on $mux $flatten\u_ibex_core.\if_stage_i.\compressed_decoder_i.$procmux$8949.
    dead port 2/2 on $mux $flatten\u_ibex_core.\if_stage_i.\compressed_decoder_i.$procmux$8956.
    dead port 2/2 on $mux $flatten\u_ibex_core.\if_stage_i.\compressed_decoder_i.$procmux$8958.
    dead port 2/2 on $mux $flatten\u_ibex_core.\if_stage_i.\compressed_decoder_i.$procmux$8967.
    dead port 2/2 on $mux $flatten\u_ibex_core.\if_stage_i.\compressed_decoder_i.$procmux$8969.
    dead port 2/2 on $mux $flatten\u_ibex_core.\if_stage_i.\compressed_decoder_i.$procmux$8978.
    dead port 2/2 on $mux $flatten\u_ibex_core.\if_stage_i.\compressed_decoder_i.$procmux$8980.
    dead port 1/2 on $mux $flatten\u_ibex_core.\if_stage_i.\compressed_decoder_i.$procmux$8991.
    dead port 2/2 on $mux $flatten\u_ibex_core.\if_stage_i.\compressed_decoder_i.$procmux$8994.
    dead port 2/2 on $mux $flatten\u_ibex_core.\if_stage_i.\compressed_decoder_i.$procmux$8996.
    dead port 2/2 on $mux $flatten\u_ibex_core.\if_stage_i.\compressed_decoder_i.$procmux$8998.
    dead port 2/2 on $mux $flatten\u_ibex_core.\if_stage_i.\compressed_decoder_i.$procmux$9009.
    dead port 2/2 on $mux $flatten\u_ibex_core.\if_stage_i.\compressed_decoder_i.$procmux$9011.
    dead port 2/2 on $mux $flatten\u_ibex_core.\if_stage_i.\compressed_decoder_i.$procmux$9013.
    dead port 1/2 on $mux $flatten\u_ibex_core.\if_stage_i.\compressed_decoder_i.$procmux$9025.
    dead port 1/2 on $mux $flatten\u_ibex_core.\if_stage_i.\compressed_decoder_i.$procmux$9027.
    dead port 2/2 on $mux $flatten\u_ibex_core.\if_stage_i.\compressed_decoder_i.$procmux$9029.
    dead port 2/2 on $mux $flatten\u_ibex_core.\if_stage_i.\compressed_decoder_i.$procmux$9031.
    dead port 1/2 on $mux $flatten\u_ibex_core.\if_stage_i.\compressed_decoder_i.$procmux$9042.
    dead port 2/2 on $mux $flatten\u_ibex_core.\if_stage_i.\compressed_decoder_i.$procmux$9044.
    dead port 2/2 on $mux $flatten\u_ibex_core.\if_stage_i.\compressed_decoder_i.$procmux$9046.
    dead port 1/2 on $mux $flatten\u_ibex_core.\if_stage_i.\compressed_decoder_i.$procmux$9057.
    dead port 2/2 on $mux $flatten\u_ibex_core.\if_stage_i.\compressed_decoder_i.$procmux$9059.
    dead port 2/2 on $mux $flatten\u_ibex_core.\if_stage_i.\compressed_decoder_i.$procmux$9061.
    dead port 2/2 on $mux $flatten\u_ibex_core.\if_stage_i.\compressed_decoder_i.$procmux$9071.
    dead port 2/2 on $mux $flatten\u_ibex_core.\if_stage_i.\compressed_decoder_i.$procmux$9073.
    dead port 2/2 on $mux $flatten\u_ibex_core.\if_stage_i.\compressed_decoder_i.$procmux$9083.
    dead port 2/2 on $mux $flatten\u_ibex_core.\if_stage_i.\compressed_decoder_i.$procmux$9085.
    dead port 2/2 on $mux $flatten\u_ibex_core.\if_stage_i.\compressed_decoder_i.$procmux$9112.
    dead port 2/2 on $mux $flatten\u_ibex_core.\if_stage_i.\compressed_decoder_i.$procmux$9114.
    dead port 2/2 on $mux $flatten\u_ibex_core.\if_stage_i.\compressed_decoder_i.$procmux$9125.
    dead port 2/2 on $mux $flatten\u_ibex_core.\if_stage_i.\compressed_decoder_i.$procmux$9127.
    dead port 2/2 on $mux $flatten\u_ibex_core.\if_stage_i.\compressed_decoder_i.$procmux$9139.
    dead port 2/2 on $mux $flatten\u_ibex_core.\if_stage_i.\compressed_decoder_i.$procmux$9141.
    dead port 2/2 on $mux $flatten\u_ibex_core.\if_stage_i.\compressed_decoder_i.$procmux$9154.
    dead port 2/2 on $mux $flatten\u_ibex_core.\if_stage_i.\compressed_decoder_i.$procmux$9156.
    dead port 2/2 on $mux $flatten\u_ibex_core.\if_stage_i.\compressed_decoder_i.$procmux$9169.
    dead port 2/2 on $mux $flatten\u_ibex_core.\if_stage_i.\compressed_decoder_i.$procmux$9171.
    dead port 2/2 on $mux $flatten\u_ibex_core.\if_stage_i.\compressed_decoder_i.$procmux$9183.
    dead port 2/2 on $mux $flatten\u_ibex_core.\if_stage_i.\compressed_decoder_i.$procmux$9195.
    dead port 2/2 on $mux $flatten\u_ibex_core.\if_stage_i.\compressed_decoder_i.$procmux$9200.
    dead port 2/2 on $mux $flatten\u_ibex_core.\if_stage_i.\compressed_decoder_i.$procmux$9202.
    dead port 2/2 on $mux $flatten\u_ibex_core.\if_stage_i.\compressed_decoder_i.$procmux$9204.
    dead port 2/2 on $mux $flatten\u_ibex_core.\if_stage_i.\compressed_decoder_i.$procmux$9206.
    dead port 2/2 on $mux $flatten\u_ibex_core.\if_stage_i.\compressed_decoder_i.$procmux$9212.
    dead port 2/2 on $mux $flatten\u_ibex_core.\if_stage_i.\compressed_decoder_i.$procmux$9214.
    dead port 2/2 on $mux $flatten\u_ibex_core.\if_stage_i.\compressed_decoder_i.$procmux$9216.
    dead port 2/2 on $mux $flatten\u_ibex_core.\if_stage_i.\compressed_decoder_i.$procmux$9218.
    dead port 2/2 on $mux $flatten\u_ibex_core.\if_stage_i.\compressed_decoder_i.$procmux$9231.
    dead port 2/2 on $mux $flatten\u_ibex_core.\if_stage_i.\compressed_decoder_i.$procmux$9233.
    dead port 2/2 on $mux $flatten\u_ibex_core.\if_stage_i.\compressed_decoder_i.$procmux$9235.
    dead port 2/2 on $mux $flatten\u_ibex_core.\if_stage_i.\compressed_decoder_i.$procmux$9248.
    dead port 2/2 on $mux $flatten\u_ibex_core.\if_stage_i.\compressed_decoder_i.$procmux$9250.
    dead port 2/2 on $mux $flatten\u_ibex_core.\if_stage_i.\compressed_decoder_i.$procmux$9252.
    dead port 2/2 on $mux $flatten\u_ibex_core.\if_stage_i.\compressed_decoder_i.$procmux$9262.
    dead port 2/2 on $mux $flatten\u_ibex_core.\if_stage_i.\compressed_decoder_i.$procmux$9264.
    dead port 2/2 on $mux $flatten\u_ibex_core.\if_stage_i.\compressed_decoder_i.$procmux$9266.
    dead port 2/2 on $mux $flatten\u_ibex_core.\if_stage_i.\compressed_decoder_i.$procmux$9276.
    dead port 2/2 on $mux $flatten\u_ibex_core.\if_stage_i.\compressed_decoder_i.$procmux$9278.
    dead port 2/2 on $mux $flatten\u_ibex_core.\if_stage_i.\compressed_decoder_i.$procmux$9280.
    dead port 2/2 on $mux $flatten\u_ibex_core.\if_stage_i.\compressed_decoder_i.$procmux$9289.
    dead port 2/2 on $mux $flatten\u_ibex_core.\if_stage_i.\compressed_decoder_i.$procmux$9291.
    dead port 2/2 on $mux $flatten\u_ibex_core.\if_stage_i.\compressed_decoder_i.$procmux$9300.
    dead port 2/2 on $mux $flatten\u_ibex_core.\if_stage_i.\compressed_decoder_i.$procmux$9302.
    dead port 2/2 on $mux $flatten\u_ibex_core.\if_stage_i.\compressed_decoder_i.$procmux$9311.
    dead port 2/2 on $mux $flatten\u_ibex_core.\if_stage_i.\compressed_decoder_i.$procmux$9313.
    dead port 2/2 on $mux $flatten\u_ibex_core.\if_stage_i.\compressed_decoder_i.$procmux$9325.
    dead port 2/2 on $mux $flatten\u_ibex_core.\if_stage_i.\compressed_decoder_i.$procmux$9327.
    dead port 2/2 on $mux $flatten\u_ibex_core.\if_stage_i.\compressed_decoder_i.$procmux$9336.
    dead port 2/2 on $mux $flatten\u_ibex_core.\if_stage_i.\compressed_decoder_i.$procmux$9338.
    dead port 2/2 on $mux $flatten\u_ibex_core.\cs_registers_i.$procmux$14047.
    dead port 2/2 on $mux $flatten\u_ibex_core.\if_stage_i.\compressed_decoder_i.$procmux$9350.
    dead port 2/2 on $mux $flatten\u_ibex_core.\if_stage_i.\compressed_decoder_i.$procmux$9352.
    dead port 2/2 on $mux $flatten\u_ibex_core.\if_stage_i.\compressed_decoder_i.$procmux$9363.
    dead port 2/2 on $mux $flatten\u_ibex_core.\if_stage_i.\compressed_decoder_i.$procmux$9374.
    dead port 2/2 on $mux $flatten\u_ibex_core.\if_stage_i.\compressed_decoder_i.$procmux$9383.
    dead port 2/2 on $mux $flatten\u_ibex_core.\if_stage_i.\compressed_decoder_i.$procmux$9385.
    dead port 2/2 on $mux $flatten\u_ibex_core.\if_stage_i.\compressed_decoder_i.$procmux$9394.
    dead port 2/2 on $mux $flatten\u_ibex_core.\if_stage_i.\compressed_decoder_i.$procmux$9396.
    dead port 2/2 on $mux $flatten\u_ibex_core.\if_stage_i.\compressed_decoder_i.$procmux$9403.
    dead port 2/2 on $mux $flatten\u_ibex_core.\if_stage_i.\compressed_decoder_i.$procmux$9405.
    dead port 2/2 on $mux $flatten\u_ibex_core.\if_stage_i.\compressed_decoder_i.$procmux$9417.
    dead port 2/2 on $mux $flatten\u_ibex_core.\if_stage_i.\compressed_decoder_i.$procmux$9419.
    dead port 2/2 on $mux $flatten\u_ibex_core.\if_stage_i.\compressed_decoder_i.$procmux$9431.
    dead port 2/2 on $mux $flatten\u_ibex_core.\if_stage_i.\compressed_decoder_i.$procmux$9433.
    dead port 2/2 on $mux $flatten\u_ibex_core.\if_stage_i.\compressed_decoder_i.$procmux$9447.
    dead port 2/2 on $mux $flatten\u_ibex_core.\if_stage_i.\compressed_decoder_i.$procmux$9449.
    dead port 2/2 on $mux $flatten\u_ibex_core.\if_stage_i.\compressed_decoder_i.$procmux$9463.
    dead port 2/2 on $mux $flatten\u_ibex_core.\if_stage_i.\compressed_decoder_i.$procmux$9465.
    dead port 2/2 on $mux $flatten\u_ibex_core.\if_stage_i.\compressed_decoder_i.$procmux$9478.
    dead port 2/2 on $mux $flatten\u_ibex_core.\if_stage_i.\compressed_decoder_i.$procmux$9491.
    dead port 2/2 on $mux $flatten\u_ibex_core.\if_stage_i.\gen_prefetch_buffer.prefetch_buffer_i.\fifo_i.$procmux$11577.
    dead port 2/2 on $mux $flatten\u_ibex_core.\load_store_unit_i.$procmux$10000.
    dead port 2/2 on $mux $flatten\u_ibex_core.\load_store_unit_i.$procmux$10009.
    dead port 2/2 on $mux $flatten\u_ibex_core.\load_store_unit_i.$procmux$10011.
    dead port 2/2 on $mux $flatten\u_ibex_core.\load_store_unit_i.$procmux$10020.
    dead port 2/2 on $mux $flatten\u_ibex_core.\load_store_unit_i.$procmux$10022.
    dead port 2/2 on $mux $flatten\u_ibex_core.\load_store_unit_i.$procmux$10030.
    dead port 2/2 on $mux $flatten\u_ibex_core.\load_store_unit_i.$procmux$10038.
    dead port 2/2 on $mux $flatten\u_ibex_core.\load_store_unit_i.$procmux$10046.
    dead port 2/2 on $mux $flatten\u_ibex_core.\load_store_unit_i.$procmux$10054.
    dead port 2/2 on $mux $flatten\u_ibex_core.\load_store_unit_i.$procmux$10061.
    dead port 2/2 on $mux $flatten\u_ibex_core.\load_store_unit_i.$procmux$10070.
    dead port 2/2 on $mux $flatten\u_ibex_core.\load_store_unit_i.$procmux$10079.
    dead port 2/2 on $mux $flatten\u_ibex_core.\load_store_unit_i.$procmux$10088.
    dead port 2/2 on $mux $flatten\u_ibex_core.\load_store_unit_i.$procmux$10097.
    dead port 2/2 on $mux $flatten\u_ibex_core.\load_store_unit_i.$procmux$10106.
    dead port 2/2 on $mux $flatten\u_ibex_core.\load_store_unit_i.$procmux$10116.
    dead port 2/2 on $mux $flatten\u_ibex_core.\load_store_unit_i.$procmux$10126.
    dead port 2/2 on $mux $flatten\u_ibex_core.\load_store_unit_i.$procmux$10136.
    dead port 2/2 on $mux $flatten\u_ibex_core.\load_store_unit_i.$procmux$10146.
    dead port 1/2 on $mux $flatten\u_ibex_core.\load_store_unit_i.$procmux$10158.
    dead port 2/2 on $mux $flatten\u_ibex_core.\load_store_unit_i.$procmux$10160.
    dead port 1/2 on $mux $flatten\u_ibex_core.\load_store_unit_i.$procmux$10172.
    dead port 2/2 on $mux $flatten\u_ibex_core.\load_store_unit_i.$procmux$10174.
    dead port 2/2 on $mux $flatten\u_ibex_core.\load_store_unit_i.$procmux$10185.
    dead port 2/2 on $mux $flatten\u_ibex_core.\load_store_unit_i.$procmux$10196.
    dead port 2/2 on $mux $flatten\u_ibex_core.\load_store_unit_i.$procmux$10207.
    dead port 2/2 on $mux $flatten\u_ibex_core.\load_store_unit_i.$procmux$10218.
    dead port 2/2 on $mux $flatten\u_ibex_core.\load_store_unit_i.$procmux$10229.
    dead port 2/2 on $mux $flatten\u_ibex_core.\cs_registers_i.$procmux$13004.
    dead port 2/2 on $mux $flatten\u_ibex_core.\load_store_unit_i.$procmux$10240.
    dead port 2/2 on $mux $flatten\u_ibex_core.\load_store_unit_i.$procmux$10252.
    dead port 2/2 on $mux $flatten\u_ibex_core.\load_store_unit_i.$procmux$10264.
    dead port 2/2 on $mux $flatten\u_ibex_core.\load_store_unit_i.$procmux$10276.
    dead port 2/2 on $mux $flatten\u_ibex_core.\load_store_unit_i.$procmux$10288.
    dead port 2/2 on $mux $flatten\u_ibex_core.\load_store_unit_i.$procmux$10302.
    dead port 2/2 on $mux $flatten\u_ibex_core.\load_store_unit_i.$procmux$10310.
    dead port 2/2 on $mux $flatten\u_ibex_core.\cs_registers_i.$procmux$13757.
    dead port 2/2 on $mux $flatten\u_ibex_core.\load_store_unit_i.$procmux$10324.
    dead port 2/2 on $mux $flatten\u_ibex_core.\load_store_unit_i.$procmux$10332.
    dead port 2/2 on $mux $flatten\u_ibex_core.\load_store_unit_i.$procmux$10346.
    dead port 2/2 on $mux $flatten\u_ibex_core.\load_store_unit_i.$procmux$10354.
    dead port 2/2 on $mux $flatten\u_ibex_core.\load_store_unit_i.$procmux$10368.
    dead port 2/2 on $mux $flatten\u_ibex_core.\load_store_unit_i.$procmux$10376.
    dead port 2/2 on $mux $flatten\u_ibex_core.\load_store_unit_i.$procmux$10395.
    dead port 2/2 on $mux $flatten\u_ibex_core.\load_store_unit_i.$procmux$10414.
    dead port 2/2 on $mux $flatten\u_ibex_core.\load_store_unit_i.$procmux$10433.
    dead port 2/2 on $mux $flatten\u_ibex_core.\load_store_unit_i.$procmux$10452.
    dead port 2/2 on $mux $flatten\u_ibex_core.\load_store_unit_i.$procmux$10471.
    dead port 2/2 on $mux $flatten\u_ibex_core.\load_store_unit_i.$procmux$10528.
    dead port 2/2 on $mux $flatten\u_ibex_core.\load_store_unit_i.$procmux$10547.
    dead port 2/2 on $mux $flatten\u_ibex_core.\load_store_unit_i.$procmux$10565.
    dead port 2/2 on $mux $flatten\u_ibex_core.\load_store_unit_i.$procmux$10584.
    dead port 2/2 on $mux $flatten\u_ibex_core.\load_store_unit_i.$procmux$10657.
    dead port 2/2 on $mux $flatten\u_ibex_core.\load_store_unit_i.$procmux$10673.
    dead port 2/2 on $mux $flatten\u_ibex_core.\load_store_unit_i.$procmux$10689.
    dead port 2/2 on $mux $flatten\u_ibex_core.\load_store_unit_i.$procmux$10705.
    dead port 2/2 on $mux $flatten\u_ibex_core.\load_store_unit_i.$procmux$10721.
    dead port 2/2 on $mux $flatten\u_ibex_core.\load_store_unit_i.$procmux$10769.
    dead port 2/2 on $mux $flatten\u_ibex_core.\load_store_unit_i.$procmux$10785.
    dead port 2/2 on $mux $flatten\u_ibex_core.\load_store_unit_i.$procmux$10801.
    dead port 2/2 on $mux $flatten\u_ibex_core.\load_store_unit_i.$procmux$10817.
    dead port 2/2 on $mux $flatten\u_ibex_core.\load_store_unit_i.$procmux$10833.
    dead port 2/2 on $mux $flatten\u_ibex_core.\load_store_unit_i.$procmux$10846.
    dead port 2/2 on $mux $flatten\u_ibex_core.\load_store_unit_i.$procmux$10859.
    dead port 2/2 on $mux $flatten\u_ibex_core.\load_store_unit_i.$procmux$10885.
    dead port 2/2 on $mux $flatten\u_ibex_core.\load_store_unit_i.$procmux$10898.
    dead port 2/2 on $mux $flatten\u_ibex_core.\load_store_unit_i.$procmux$10911.
    dead port 2/2 on $mux $flatten\u_ibex_core.\load_store_unit_i.$procmux$10924.
    dead port 2/2 on $mux $flatten\u_ibex_core.\load_store_unit_i.$procmux$10937.
    dead port 2/2 on $mux $flatten\u_ibex_core.\load_store_unit_i.$procmux$10950.
    dead port 2/2 on $mux $flatten\u_ibex_core.\load_store_unit_i.$procmux$10963.
    dead port 2/2 on $mux $flatten\u_ibex_core.\load_store_unit_i.$procmux$10976.
    dead port 2/2 on $mux $flatten\u_ibex_core.\load_store_unit_i.$procmux$11126.
    dead port 2/2 on $mux $flatten\u_ibex_core.\load_store_unit_i.$procmux$11132.
    dead port 2/2 on $mux $flatten\u_ibex_core.\load_store_unit_i.$procmux$11139.
    dead port 2/2 on $mux $flatten\u_ibex_core.\load_store_unit_i.$procmux$11147.
    dead port 2/2 on $mux $flatten\u_ibex_core.\cs_registers_i.$procmux$13209.
    dead port 2/2 on $mux $flatten\u_ibex_core.\load_store_unit_i.$procmux$11157.
    dead port 2/2 on $mux $flatten\u_ibex_core.\load_store_unit_i.$procmux$11163.
    dead port 2/2 on $mux $flatten\u_ibex_core.\load_store_unit_i.$procmux$11170.
    dead port 2/2 on $mux $flatten\u_ibex_core.\load_store_unit_i.$procmux$11178.
    dead port 2/2 on $mux $flatten\u_ibex_core.\load_store_unit_i.$procmux$11275.
    dead port 1/2 on $mux $flatten\u_ibex_core.\cs_registers_i.\mcycle_counter_i.$procmux$14696.
    dead port 1/2 on $mux $flatten\u_ibex_core.\load_store_unit_i.$procmux$11287.
    dead port 2/2 on $mux $flatten\u_ibex_core.\load_store_unit_i.$procmux$11289.
    dead port 2/2 on $mux $flatten\u_ibex_core.\load_store_unit_i.$procmux$11298.
    dead port 1/2 on $mux $flatten\u_ibex_core.\cs_registers_i.\minstret_counter_i.$procmux$11548.
    dead port 2/2 on $mux $flatten\u_ibex_core.\load_store_unit_i.$procmux$11311.
    dead port 2/2 on $mux $flatten\u_ibex_core.\load_store_unit_i.$procmux$11313.
    dead port 1/2 on $mux $flatten\u_ibex_core.\load_store_unit_i.$procmux$11326.
    dead port 2/2 on $mux $flatten\u_ibex_core.\load_store_unit_i.$procmux$11328.
    dead port 2/2 on $mux $flatten\u_ibex_core.\load_store_unit_i.$procmux$11338.
    dead port 1/2 on $mux $flatten\u_ibex_core.\load_store_unit_i.$procmux$9891.
    dead port 2/2 on $mux $flatten\u_ibex_core.\load_store_unit_i.$procmux$9893.
    dead port 2/2 on $mux $flatten\u_ibex_core.\load_store_unit_i.$procmux$9899.
    dead port 2/2 on $mux $flatten\u_ibex_core.\load_store_unit_i.$procmux$9906.
    dead port 2/2 on $mux $flatten\u_ibex_core.\load_store_unit_i.$procmux$9914.
    dead port 2/2 on $mux $flatten\u_ibex_core.\load_store_unit_i.$procmux$9926.
    dead port 2/2 on $mux $flatten\u_ibex_core.\load_store_unit_i.$procmux$9928.
    dead port 2/2 on $mux $flatten\u_ibex_core.\load_store_unit_i.$procmux$9934.
    dead port 2/2 on $mux $flatten\u_ibex_core.\load_store_unit_i.$procmux$9939.
    dead port 2/2 on $mux $flatten\u_ibex_core.\load_store_unit_i.$procmux$9945.
    dead port 1/2 on $mux $flatten\u_ibex_core.\load_store_unit_i.$procmux$9954.
    dead port 2/2 on $mux $flatten\u_ibex_core.\load_store_unit_i.$procmux$9956.
    dead port 2/2 on $mux $flatten\u_ibex_core.\load_store_unit_i.$procmux$9958.
    dead port 2/2 on $mux $flatten\u_ibex_core.\load_store_unit_i.$procmux$9966.
    dead port 2/2 on $mux $flatten\u_ibex_core.\load_store_unit_i.$procmux$9968.
    dead port 2/2 on $mux $flatten\u_ibex_core.\load_store_unit_i.$procmux$9975.
    dead port 2/2 on $mux $flatten\u_ibex_core.\load_store_unit_i.$procmux$9982.
    dead port 2/2 on $mux $flatten\u_ibex_core.\load_store_unit_i.$procmux$9989.
    dead port 2/2 on $mux $flatten\u_ibex_core.\load_store_unit_i.$procmux$9998.
Removed 894 multiplexer ports.
<suppressed ~303 debug messages>

75. Executing OPT_REDUCE pass (consolidate $*mux and $reduce_* inputs).
  Optimizing cells in module \ibex_top.
    New ctrl vector for $pmux cell $flatten\u_ibex_core.\id_stage_i.\controller_i.$procmux$8758: { $flatten\u_ibex_core.\id_stage_i.\controller_i.$procmux$8521_CMP $auto$opt_reduce.cc:134:opt_pmux$15345 $flatten\u_ibex_core.\id_stage_i.\controller_i.$procmux$7393_CMP }
    New ctrl vector for $pmux cell $flatten\u_ibex_core.\id_stage_i.\controller_i.$procmux$8765: $auto$opt_reduce.cc:134:opt_pmux$15347
    New ctrl vector for $pmux cell $flatten\u_ibex_core.\id_stage_i.\controller_i.$procmux$8793: { $flatten\u_ibex_core.\id_stage_i.\controller_i.$procmux$8667_CMP $flatten\u_ibex_core.\id_stage_i.\controller_i.$procmux$8521_CMP $auto$opt_reduce.cc:134:opt_pmux$15349 }
    New ctrl vector for $pmux cell $flatten\u_ibex_core.\id_stage_i.\controller_i.$procmux$8800: { $auto$opt_reduce.cc:134:opt_pmux$15351 $flatten\u_ibex_core.\id_stage_i.\controller_i.$procmux$7393_CMP }
    New ctrl vector for $pmux cell $flatten\u_ibex_core.\id_stage_i.\controller_i.$procmux$8816: { $auto$opt_reduce.cc:134:opt_pmux$15353 $flatten\u_ibex_core.\id_stage_i.\controller_i.$procmux$7393_CMP }
    New ctrl vector for $pmux cell $flatten\u_ibex_core.\cs_registers_i.$procmux$13904: { $flatten\u_ibex_core.\cs_registers_i.$procmux$12998_CMP $flatten\u_ibex_core.\cs_registers_i.$procmux$12318_CMP $flatten\u_ibex_core.\cs_registers_i.$procmux$12867_CMP $flatten\u_ibex_core.\cs_registers_i.$procmux$12844_CMP $flatten\u_ibex_core.\cs_registers_i.$procmux$12762_CMP $flatten\u_ibex_core.\cs_registers_i.$procmux$12822_CMP $flatten\u_ibex_core.\cs_registers_i.$procmux$12801_CMP $flatten\u_ibex_core.\cs_registers_i.$procmux$12781_CMP $flatten\u_ibex_core.\cs_registers_i.$procmux$13042_CMP $flatten\u_ibex_core.\cs_registers_i.$procmux$12158_CMP $flatten\u_ibex_core.\cs_registers_i.$procmux$12710_CMP $flatten\u_ibex_core.\cs_registers_i.$procmux$12694_CMP $flatten\u_ibex_core.\cs_registers_i.$procmux$12679_CMP $flatten\u_ibex_core.\cs_registers_i.$procmux$13769_CTRL $flatten\u_ibex_core.\cs_registers_i.$procmux$13768_CTRL $flatten\u_ibex_core.\cs_registers_i.$procmux$14196_CTRL $flatten\u_ibex_core.\cs_registers_i.$procmux$13230_CTRL $flatten\u_ibex_core.\cs_registers_i.$procmux$13229_CTRL }
    New ctrl vector for $pmux cell $flatten\u_ibex_core.\id_stage_i.\controller_i.$procmux$8883: { $auto$opt_reduce.cc:134:opt_pmux$15355 $flatten\u_ibex_core.\id_stage_i.\controller_i.$procmux$7393_CMP }
    New ctrl vector for $pmux cell $flatten\u_ibex_core.\id_stage_i.\decoder_i.$procmux$3043: $auto$opt_reduce.cc:134:opt_pmux$15357
    New ctrl vector for $pmux cell $flatten\u_ibex_core.\cs_registers_i.$procmux$13335: $auto$opt_reduce.cc:134:opt_pmux$15359
    New ctrl vector for $pmux cell $flatten\u_ibex_core.\id_stage_i.\decoder_i.$procmux$3059: { $flatten\u_ibex_core.\id_stage_i.\decoder_i.$procmux$3075_CMP $flatten\u_ibex_core.\id_stage_i.\decoder_i.$procmux$3074_CMP $flatten\u_ibex_core.\id_stage_i.\decoder_i.$procmux$3073_CMP $flatten\u_ibex_core.\id_stage_i.\decoder_i.$procmux$3072_CMP $flatten\u_ibex_core.\id_stage_i.\decoder_i.$procmux$3071_CMP $flatten\u_ibex_core.\id_stage_i.\decoder_i.$procmux$3070_CMP $flatten\u_ibex_core.\id_stage_i.\decoder_i.$procmux$3069_CMP $flatten\u_ibex_core.\id_stage_i.\decoder_i.$procmux$3068_CMP $auto$opt_reduce.cc:134:opt_pmux$15361 }
    New ctrl vector for $pmux cell $flatten\u_ibex_core.\id_stage_i.\decoder_i.$procmux$3562: { $flatten\u_ibex_core.\id_stage_i.\decoder_i.$procmux$3324_CMP $flatten\u_ibex_core.\id_stage_i.\decoder_i.$procmux$3297_CMP $flatten\u_ibex_core.\id_stage_i.\decoder_i.$procmux$3081_CMP }
    New ctrl vector for $pmux cell $flatten\u_ibex_core.\cs_registers_i.$procmux$14253: { $flatten\gen_regfile_ff.register_file_i.$procmux$11448_CMP $flatten\gen_regfile_ff.register_file_i.$procmux$11446_CMP $auto$opt_reduce.cc:134:opt_pmux$15363 }
    New ctrl vector for $pmux cell $flatten\u_ibex_core.\id_stage_i.\decoder_i.$procmux$3571: { $flatten\u_ibex_core.\id_stage_i.\decoder_i.$procmux$3455_CMP $flatten\u_ibex_core.\id_stage_i.\decoder_i.$procmux$3324_CMP $auto$opt_reduce.cc:134:opt_pmux$15367 $auto$opt_reduce.cc:134:opt_pmux$15365 $flatten\u_ibex_core.\id_stage_i.\decoder_i.$procmux$3003_CMP $flatten\u_ibex_core.\id_stage_i.\decoder_i.$procmux$2979_CMP }
    New ctrl vector for $pmux cell $flatten\u_ibex_core.\id_stage_i.\decoder_i.$procmux$3584: { $flatten\u_ibex_core.\id_stage_i.\decoder_i.$procmux$3324_CMP $auto$opt_reduce.cc:134:opt_pmux$15369 $flatten\u_ibex_core.\id_stage_i.\decoder_i.$procmux$3241_CMP $flatten\u_ibex_core.\id_stage_i.\decoder_i.$procmux$3081_CMP $flatten\u_ibex_core.\id_stage_i.\decoder_i.$procmux$3003_CMP }
    New ctrl vector for $pmux cell $flatten\u_ibex_core.\ex_block_i.\alu_i.$procmux$2914: { $flatten\u_ibex_core.\ex_block_i.\alu_i.$procmux$2924_CTRL $flatten\u_ibex_core.\ex_block_i.\alu_i.$procmux$2923_CTRL $flatten\u_ibex_core.\ex_block_i.\alu_i.$procmux$2922_CTRL $flatten\u_ibex_core.\ex_block_i.\alu_i.$procmux$2920_CTRL }
    New ctrl vector for $pmux cell $flatten\u_ibex_core.\id_stage_i.\decoder_i.$procmux$3597: { $flatten\u_ibex_core.\id_stage_i.\decoder_i.$procmux$3514_CMP $flatten\u_ibex_core.\id_stage_i.\decoder_i.$procmux$3455_CMP $flatten\u_ibex_core.\id_stage_i.\decoder_i.$procmux$3324_CMP $flatten\u_ibex_core.\id_stage_i.\decoder_i.$procmux$3297_CMP $auto$opt_reduce.cc:134:opt_pmux$15371 $flatten\u_ibex_core.\id_stage_i.\decoder_i.$procmux$3003_CMP }
    New ctrl vector for $pmux cell $flatten\u_ibex_core.\cs_registers_i.$procmux$13564: { $flatten\u_ibex_core.\cs_registers_i.$procmux$12998_CMP $flatten\u_ibex_core.\cs_registers_i.$procmux$12867_CMP $flatten\u_ibex_core.\cs_registers_i.$procmux$12844_CMP $flatten\u_ibex_core.\cs_registers_i.$procmux$12762_CMP $flatten\u_ibex_core.\cs_registers_i.$procmux$12822_CMP $flatten\u_ibex_core.\cs_registers_i.$procmux$12801_CMP $flatten\u_ibex_core.\cs_registers_i.$procmux$12781_CMP $flatten\u_ibex_core.\cs_registers_i.$procmux$13042_CMP $flatten\u_ibex_core.\cs_registers_i.$procmux$12158_CMP $flatten\u_ibex_core.\cs_registers_i.$procmux$12710_CMP $flatten\u_ibex_core.\cs_registers_i.$procmux$12694_CMP $flatten\u_ibex_core.\cs_registers_i.$procmux$12679_CMP $flatten\u_ibex_core.\cs_registers_i.$procmux$13769_CTRL $flatten\u_ibex_core.\cs_registers_i.$procmux$13768_CTRL $flatten\u_ibex_core.\cs_registers_i.$procmux$14196_CTRL $flatten\u_ibex_core.\cs_registers_i.$procmux$13230_CTRL $flatten\u_ibex_core.\cs_registers_i.$procmux$13229_CTRL }
    New ctrl vector for $pmux cell $flatten\u_ibex_core.\id_stage_i.\decoder_i.$procmux$4971: $auto$opt_reduce.cc:134:opt_pmux$15373
    New ctrl vector for $pmux cell $flatten\u_ibex_core.\id_stage_i.\decoder_i.$procmux$5022: $auto$opt_reduce.cc:134:opt_pmux$15375
    New ctrl vector for $pmux cell $flatten\u_ibex_core.\cs_registers_i.$procmux$13225: { $flatten\u_ibex_core.\cs_registers_i.$procmux$12998_CMP $flatten\u_ibex_core.\cs_registers_i.$procmux$12318_CMP $flatten\u_ibex_core.\cs_registers_i.$procmux$12867_CMP $flatten\u_ibex_core.\cs_registers_i.$procmux$12844_CMP $flatten\u_ibex_core.\cs_registers_i.$procmux$12762_CMP $flatten\u_ibex_core.\cs_registers_i.$procmux$12822_CMP $flatten\u_ibex_core.\cs_registers_i.$procmux$12801_CMP $flatten\u_ibex_core.\cs_registers_i.$procmux$12781_CMP $flatten\u_ibex_core.\cs_registers_i.$procmux$13042_CMP $flatten\u_ibex_core.\cs_registers_i.$procmux$12158_CMP $flatten\u_ibex_core.\cs_registers_i.$procmux$12710_CMP $flatten\u_ibex_core.\cs_registers_i.$procmux$12694_CMP $flatten\u_ibex_core.\cs_registers_i.$procmux$12679_CMP $flatten\u_ibex_core.\cs_registers_i.$procmux$13769_CTRL $flatten\u_ibex_core.\cs_registers_i.$procmux$13768_CTRL $flatten\u_ibex_core.\cs_registers_i.$procmux$14196_CTRL $flatten\u_ibex_core.\cs_registers_i.$procmux$13230_CTRL $flatten\u_ibex_core.\cs_registers_i.$procmux$13229_CTRL }
    New ctrl vector for $pmux cell $flatten\u_ibex_core.\cs_registers_i.$procmux$14162: { $flatten\gen_regfile_ff.register_file_i.$procmux$11448_CMP $flatten\gen_regfile_ff.register_file_i.$procmux$11446_CMP $auto$opt_reduce.cc:134:opt_pmux$15377 }
    New ctrl vector for $pmux cell $flatten\u_ibex_core.\cs_registers_i.$procmux$14351: { $flatten\gen_regfile_ff.register_file_i.$procmux$11448_CMP $flatten\gen_regfile_ff.register_file_i.$procmux$11446_CMP $auto$opt_reduce.cc:134:opt_pmux$15379 }
    New ctrl vector for $pmux cell $flatten\u_ibex_core.\id_stage_i.\decoder_i.$procmux$5226: $auto$opt_reduce.cc:134:opt_pmux$15381
    New ctrl vector for $pmux cell $flatten\u_ibex_core.\cs_registers_i.$procmux$14198: { $flatten\u_ibex_core.\cs_registers_i.$procmux$12998_CMP $flatten\u_ibex_core.\cs_registers_i.$procmux$12844_CMP $flatten\u_ibex_core.\cs_registers_i.$procmux$12762_CMP $flatten\u_ibex_core.\cs_registers_i.$procmux$12822_CMP $flatten\u_ibex_core.\cs_registers_i.$procmux$12801_CMP $flatten\u_ibex_core.\cs_registers_i.$procmux$12781_CMP $flatten\u_ibex_core.\cs_registers_i.$procmux$12158_CMP $flatten\u_ibex_core.\cs_registers_i.$procmux$12710_CMP $flatten\u_ibex_core.\cs_registers_i.$procmux$12694_CMP $flatten\u_ibex_core.\cs_registers_i.$procmux$12679_CMP $flatten\u_ibex_core.\cs_registers_i.$procmux$13769_CTRL $flatten\u_ibex_core.\cs_registers_i.$procmux$13768_CTRL $flatten\u_ibex_core.\cs_registers_i.$procmux$14196_CTRL $flatten\u_ibex_core.\cs_registers_i.$procmux$13230_CTRL $flatten\u_ibex_core.\cs_registers_i.$procmux$13229_CTRL }
    New ctrl vector for $pmux cell $flatten\u_ibex_core.\id_stage_i.\decoder_i.$procmux$5401: $flatten\u_ibex_core.\id_stage_i.\decoder_i.$procmux$5404_CTRL
    New ctrl vector for $pmux cell $flatten\u_ibex_core.\id_stage_i.\decoder_i.$procmux$5467: { $flatten\u_ibex_core.\id_stage_i.\decoder_i.$procmux$5404_CMP [0] $flatten\u_ibex_core.\id_stage_i.\decoder_i.$procmux$5437_CMP }
    New ctrl vector for $pmux cell $flatten\u_ibex_core.\id_stage_i.$procmux$9690: { \u_ibex_core.id_stage_i.lsu_req_dec \u_ibex_core.id_stage_i.cheriot_lsu_req_dec \u_ibex_core.id_stage_i.branch_in_dec \u_ibex_core.id_stage_i.jump_in_dec }
    New ctrl vector for $pmux cell $flatten\u_ibex_core.\cs_registers_i.$procmux$13114: { $flatten\u_ibex_core.\cs_registers_i.$procmux$12998_CMP $flatten\u_ibex_core.\cs_registers_i.$procmux$13049_CMP $flatten\u_ibex_core.\cs_registers_i.$procmux$12867_CMP $flatten\u_ibex_core.\cs_registers_i.$procmux$12844_CMP $flatten\u_ibex_core.\cs_registers_i.$procmux$12762_CMP $flatten\u_ibex_core.\cs_registers_i.$procmux$12822_CMP $flatten\u_ibex_core.\cs_registers_i.$procmux$12801_CMP $flatten\u_ibex_core.\cs_registers_i.$procmux$12781_CMP $flatten\u_ibex_core.\cs_registers_i.$procmux$13042_CMP $flatten\u_ibex_core.\cs_registers_i.$procmux$12158_CMP $flatten\u_ibex_core.\cs_registers_i.$procmux$12710_CMP $flatten\u_ibex_core.\cs_registers_i.$procmux$12694_CMP $flatten\u_ibex_core.\cs_registers_i.$procmux$12679_CMP $flatten\u_ibex_core.\cs_registers_i.$procmux$13769_CTRL $flatten\u_ibex_core.\cs_registers_i.$procmux$13768_CTRL $flatten\u_ibex_core.\cs_registers_i.$procmux$14196_CTRL $flatten\u_ibex_core.\cs_registers_i.$procmux$13230_CTRL $flatten\u_ibex_core.\cs_registers_i.$procmux$13229_CTRL }
    New ctrl vector for $pmux cell $flatten\u_ibex_core.\id_stage_i.\decoder_i.$procmux$5668: { $flatten\u_ibex_core.\id_stage_i.\decoder_i.$procmux$5672_CMP $flatten\u_ibex_core.\id_stage_i.\decoder_i.$procmux$4974_CMP $auto$opt_reduce.cc:134:opt_pmux$15383 }
    New ctrl vector for $pmux cell $flatten\u_ibex_core.\id_stage_i.\decoder_i.$procmux$5684: { $auto$opt_reduce.cc:134:opt_pmux$15385 $flatten\u_ibex_core.\id_stage_i.\decoder_i.$procmux$4973_CMP $flatten\u_ibex_core.\id_stage_i.\decoder_i.$eq$/work/src/ibex_decoder.v:327$2336_Y }
    New ctrl vector for $pmux cell $flatten\u_ibex_core.\id_stage_i.\decoder_i.$procmux$5700: $auto$opt_reduce.cc:134:opt_pmux$15387
    New ctrl vector for $pmux cell $flatten\u_ibex_core.\id_stage_i.\decoder_i.$procmux$5716: $auto$opt_reduce.cc:134:opt_pmux$15389
    New ctrl vector for $pmux cell $flatten\u_ibex_core.\id_stage_i.\decoder_i.$procmux$5732: $auto$opt_reduce.cc:134:opt_pmux$15391
    New ctrl vector for $pmux cell $flatten\u_ibex_core.\cs_registers_i.$procmux$14387: { $flatten\u_ibex_core.\cs_registers_i.$procmux$12998_CMP $flatten\u_ibex_core.\cs_registers_i.$procmux$12318_CMP $flatten\u_ibex_core.\cs_registers_i.$procmux$12844_CMP $flatten\u_ibex_core.\cs_registers_i.$procmux$12762_CMP $flatten\u_ibex_core.\cs_registers_i.$procmux$12822_CMP $flatten\u_ibex_core.\cs_registers_i.$procmux$12801_CMP $flatten\u_ibex_core.\cs_registers_i.$procmux$12781_CMP $flatten\u_ibex_core.\cs_registers_i.$procmux$12158_CMP $flatten\u_ibex_core.\cs_registers_i.$procmux$12710_CMP $flatten\u_ibex_core.\cs_registers_i.$procmux$12694_CMP $flatten\u_ibex_core.\cs_registers_i.$procmux$12679_CMP $flatten\u_ibex_core.\cs_registers_i.$procmux$13769_CTRL $flatten\u_ibex_core.\cs_registers_i.$procmux$13768_CTRL $flatten\u_ibex_core.\cs_registers_i.$procmux$14196_CTRL $flatten\u_ibex_core.\cs_registers_i.$procmux$13230_CTRL $flatten\u_ibex_core.\cs_registers_i.$procmux$13229_CTRL }
    New ctrl vector for $pmux cell $flatten\u_ibex_core.\id_stage_i.\decoder_i.$procmux$5748: $auto$opt_reduce.cc:134:opt_pmux$15393
    New ctrl vector for $pmux cell $flatten\u_ibex_core.\cs_registers_i.$procmux$13950: { $flatten\u_ibex_core.\cs_registers_i.$procmux$12998_CMP $flatten\u_ibex_core.\cs_registers_i.$procmux$12318_CMP $flatten\u_ibex_core.\cs_registers_i.$procmux$12867_CMP $flatten\u_ibex_core.\cs_registers_i.$procmux$12844_CMP $flatten\u_ibex_core.\cs_registers_i.$procmux$12762_CMP $flatten\u_ibex_core.\cs_registers_i.$procmux$12822_CMP $flatten\u_ibex_core.\cs_registers_i.$procmux$12801_CMP $flatten\u_ibex_core.\cs_registers_i.$procmux$12781_CMP $flatten\u_ibex_core.\cs_registers_i.$procmux$13042_CMP $flatten\u_ibex_core.\cs_registers_i.$procmux$12158_CMP $flatten\u_ibex_core.\cs_registers_i.$procmux$12710_CMP $flatten\u_ibex_core.\cs_registers_i.$procmux$12694_CMP $flatten\u_ibex_core.\cs_registers_i.$procmux$12679_CMP $flatten\u_ibex_core.\cs_registers_i.$procmux$13769_CTRL $flatten\u_ibex_core.\cs_registers_i.$procmux$13768_CTRL $flatten\u_ibex_core.\cs_registers_i.$procmux$14196_CTRL $flatten\u_ibex_core.\cs_registers_i.$procmux$13230_CTRL $flatten\u_ibex_core.\cs_registers_i.$procmux$13229_CTRL $flatten\u_ibex_core.\cs_registers_i.$procmux$12589_CMP }
    New ctrl vector for $pmux cell $flatten\u_ibex_core.\id_stage_i.$procmux$9792: $auto$opt_reduce.cc:134:opt_pmux$15395
    New ctrl vector for $pmux cell $flatten\u_ibex_core.\id_stage_i.$procmux$9798: $auto$opt_reduce.cc:134:opt_pmux$15397
    New ctrl vector for $pmux cell $flatten\u_ibex_core.\id_stage_i.\decoder_i.$procmux$6607: { $flatten\u_ibex_core.\id_stage_i.\decoder_i.$procmux$6444_CMP $flatten\u_ibex_core.\id_stage_i.\decoder_i.$procmux$6134_CMP $auto$opt_reduce.cc:134:opt_pmux$15399 $flatten\u_ibex_core.\id_stage_i.\decoder_i.$procmux$4979_CMP }
    New ctrl vector for $pmux cell $flatten\u_ibex_core.\id_stage_i.\decoder_i.$procmux$6619: { $flatten\u_ibex_core.\id_stage_i.\decoder_i.$procmux$6134_CMP $flatten\u_ibex_core.\id_stage_i.\decoder_i.$procmux$6403_CMP $flatten\u_ibex_core.\id_stage_i.\decoder_i.$procmux$5339_CMP $flatten\u_ibex_core.\id_stage_i.\decoder_i.$procmux$5497_CMP $auto$opt_reduce.cc:134:opt_pmux$15401 $flatten\u_ibex_core.\id_stage_i.\decoder_i.$procmux$5356_CMP $flatten\u_ibex_core.\id_stage_i.\decoder_i.$procmux$5307_CMP $flatten\u_ibex_core.\id_stage_i.\decoder_i.$procmux$5211_CMP $flatten\u_ibex_core.\id_stage_i.\decoder_i.$procmux$4979_CMP }
    New ctrl vector for $pmux cell $flatten\u_ibex_core.\id_stage_i.\decoder_i.$procmux$6634: $flatten\u_ibex_core.\id_stage_i.\decoder_i.$procmux$5497_CMP
    New ctrl vector for $pmux cell $flatten\u_ibex_core.\id_stage_i.\decoder_i.$procmux$6646: { $auto$opt_reduce.cc:134:opt_pmux$15403 $flatten\u_ibex_core.\id_stage_i.\decoder_i.$procmux$5211_CMP }
    New ctrl vector for $pmux cell $flatten\u_ibex_core.\id_stage_i.\decoder_i.$procmux$6748: $flatten\u_ibex_core.\id_stage_i.\decoder_i.$procmux$5497_CMP
    New ctrl vector for $pmux cell $flatten\u_ibex_core.\cs_registers_i.$procmux$12958: { $flatten\u_ibex_core.\cs_registers_i.$procmux$12998_CMP $flatten\u_ibex_core.\cs_registers_i.$procmux$12844_CMP $flatten\u_ibex_core.\cs_registers_i.$procmux$12762_CMP $flatten\u_ibex_core.\cs_registers_i.$procmux$12822_CMP $flatten\u_ibex_core.\cs_registers_i.$procmux$12801_CMP $flatten\u_ibex_core.\cs_registers_i.$procmux$12781_CMP $flatten\u_ibex_core.\cs_registers_i.$procmux$12158_CMP $flatten\u_ibex_core.\cs_registers_i.$procmux$12710_CMP $flatten\u_ibex_core.\cs_registers_i.$procmux$12694_CMP $flatten\u_ibex_core.\cs_registers_i.$procmux$12679_CMP $flatten\u_ibex_core.\cs_registers_i.$procmux$13769_CTRL $flatten\u_ibex_core.\cs_registers_i.$procmux$13768_CTRL $flatten\u_ibex_core.\cs_registers_i.$procmux$14196_CTRL $flatten\u_ibex_core.\cs_registers_i.$procmux$13230_CTRL $flatten\u_ibex_core.\cs_registers_i.$procmux$13229_CTRL }
    New ctrl vector for $pmux cell $flatten\u_ibex_core.\id_stage_i.\decoder_i.$procmux$6831: $auto$opt_reduce.cc:134:opt_pmux$15405
    New ctrl vector for $pmux cell $flatten\u_ibex_core.\id_stage_i.\decoder_i.$procmux$6837: { $auto$opt_reduce.cc:134:opt_pmux$15407 $flatten\u_ibex_core.\id_stage_i.\decoder_i.$procmux$4979_CMP }
    New ctrl vector for $pmux cell $flatten\u_ibex_core.\cs_registers_i.$procmux$13662: { $flatten\u_ibex_core.\cs_registers_i.$procmux$12998_CMP $flatten\u_ibex_core.\cs_registers_i.$procmux$13049_CMP $flatten\u_ibex_core.\cs_registers_i.$procmux$12844_CMP $flatten\u_ibex_core.\cs_registers_i.$procmux$12762_CMP $flatten\u_ibex_core.\cs_registers_i.$procmux$12822_CMP $flatten\u_ibex_core.\cs_registers_i.$procmux$12801_CMP $flatten\u_ibex_core.\cs_registers_i.$procmux$12781_CMP $flatten\u_ibex_core.\cs_registers_i.$procmux$12158_CMP $flatten\u_ibex_core.\cs_registers_i.$procmux$12710_CMP $flatten\u_ibex_core.\cs_registers_i.$procmux$12694_CMP $flatten\u_ibex_core.\cs_registers_i.$procmux$12679_CMP $flatten\u_ibex_core.\cs_registers_i.$procmux$13769_CTRL $flatten\u_ibex_core.\cs_registers_i.$procmux$13768_CTRL $flatten\u_ibex_core.\cs_registers_i.$procmux$14196_CTRL $flatten\u_ibex_core.\cs_registers_i.$procmux$13230_CTRL $flatten\u_ibex_core.\cs_registers_i.$procmux$13229_CTRL }
    New ctrl vector for $pmux cell $flatten\u_ibex_core.\id_stage_i.\controller_i.$procmux$8036: { \u_ibex_core.id_stage_i.controller_i.instr_fetch_err_prio \u_ibex_core.id_stage_i.controller_i.illegal_insn_prio $auto$opt_reduce.cc:134:opt_pmux$15409 1'0 }
    New ctrl vector for $pmux cell $flatten\u_ibex_core.\cs_registers_i.$procmux$11609: { $flatten\u_ibex_core.\cs_registers_i.$eq$/work/src/ibex_cs_registers.v:743$2689_Y $flatten\u_ibex_core.\cs_registers_i.$eq$/work/src/ibex_cs_registers.v:743$2688_Y $auto$opt_reduce.cc:134:opt_pmux$15411 }
    New ctrl vector for $pmux cell $flatten\u_ibex_core.\if_stage_i.\compressed_decoder_i.$procmux$9174: { $flatten\u_ibex_core.\if_stage_i.\compressed_decoder_i.$procmux$9155_CMP $flatten\u_ibex_core.\if_stage_i.\compressed_decoder_i.$procmux$9140_CMP $flatten\u_ibex_core.\if_stage_i.\compressed_decoder_i.$procmux$8997_CMP $flatten\u_ibex_core.\if_stage_i.\compressed_decoder_i.$procmux$9177_CMP $auto$opt_reduce.cc:134:opt_pmux$15413 }
    New ctrl vector for $pmux cell $flatten\u_ibex_core.\if_stage_i.\compressed_decoder_i.$procmux$9186: { $flatten\u_ibex_core.\if_stage_i.\compressed_decoder_i.$procmux$9155_CMP $flatten\u_ibex_core.\if_stage_i.\compressed_decoder_i.$procmux$9140_CMP $flatten\u_ibex_core.\if_stage_i.\compressed_decoder_i.$procmux$8997_CMP $flatten\u_ibex_core.\if_stage_i.\compressed_decoder_i.$procmux$9177_CMP $auto$opt_reduce.cc:134:opt_pmux$15415 }
    New ctrl vector for $pmux cell $flatten\u_ibex_core.\if_stage_i.\compressed_decoder_i.$procmux$9223: { $flatten\u_ibex_core.\if_stage_i.\compressed_decoder_i.$procmux$9230_CMP $flatten\u_ibex_core.\if_stage_i.\compressed_decoder_i.$procmux$9229_CMP $flatten\u_ibex_core.\if_stage_i.\compressed_decoder_i.$procmux$9228_CMP $flatten\u_ibex_core.\if_stage_i.\compressed_decoder_i.$procmux$9227_CMP $auto$opt_reduce.cc:134:opt_pmux$15417 }
    New ctrl vector for $pmux cell $flatten\u_ibex_core.\if_stage_i.\compressed_decoder_i.$procmux$9240: { $auto$opt_reduce.cc:134:opt_pmux$15421 $auto$opt_reduce.cc:134:opt_pmux$15419 }
    New ctrl vector for $pmux cell $flatten\u_ibex_core.\cs_registers_i.$procmux$13160: { $flatten\u_ibex_core.\cs_registers_i.$procmux$12999_CMP $flatten\u_ibex_core.\cs_registers_i.$procmux$12998_CMP $flatten\u_ibex_core.\cs_registers_i.$procmux$13049_CMP $flatten\u_ibex_core.\cs_registers_i.$procmux$12632_CMP $flatten\u_ibex_core.\cs_registers_i.$procmux$12844_CMP $flatten\u_ibex_core.\cs_registers_i.$procmux$12762_CMP $flatten\u_ibex_core.\cs_registers_i.$procmux$12822_CMP $flatten\u_ibex_core.\cs_registers_i.$procmux$12801_CMP $flatten\u_ibex_core.\cs_registers_i.$procmux$12781_CMP $flatten\u_ibex_core.\cs_registers_i.$procmux$12158_CMP $flatten\u_ibex_core.\cs_registers_i.$procmux$12710_CMP $flatten\u_ibex_core.\cs_registers_i.$procmux$12694_CMP $flatten\u_ibex_core.\cs_registers_i.$procmux$12679_CMP $flatten\u_ibex_core.\cs_registers_i.$procmux$12644_CMP $flatten\u_ibex_core.\cs_registers_i.$procmux$13769_CTRL $flatten\u_ibex_core.\cs_registers_i.$procmux$13768_CTRL $flatten\u_ibex_core.\cs_registers_i.$procmux$14196_CTRL $flatten\u_ibex_core.\cs_registers_i.$procmux$13230_CTRL $flatten\u_ibex_core.\cs_registers_i.$procmux$13229_CTRL $flatten\u_ibex_core.\cs_registers_i.$procmux$12589_CMP }
    New ctrl vector for $pmux cell $flatten\u_ibex_core.\cs_registers_i.$procmux$14601: { $auto$opt_reduce.cc:134:opt_pmux$15425 $auto$opt_reduce.cc:134:opt_pmux$15423 $flatten\u_ibex_core.\cs_registers_i.$procmux$12961_CMP $flatten\u_ibex_core.\cs_registers_i.$procmux$12960_CMP $flatten\u_ibex_core.\cs_registers_i.$procmux$12959_CMP }
    New ctrl vector for $pmux cell $flatten\u_ibex_core.\cs_registers_i.$procmux$14050: { $flatten\u_ibex_core.\cs_registers_i.$procmux$12999_CMP $flatten\u_ibex_core.\cs_registers_i.$procmux$12998_CMP $flatten\u_ibex_core.\cs_registers_i.$procmux$12844_CMP $flatten\u_ibex_core.\cs_registers_i.$procmux$12762_CMP $flatten\u_ibex_core.\cs_registers_i.$procmux$12822_CMP $flatten\u_ibex_core.\cs_registers_i.$procmux$12801_CMP $flatten\u_ibex_core.\cs_registers_i.$procmux$12781_CMP $flatten\u_ibex_core.\cs_registers_i.$procmux$12158_CMP $flatten\u_ibex_core.\cs_registers_i.$procmux$12710_CMP $flatten\u_ibex_core.\cs_registers_i.$procmux$12694_CMP $flatten\u_ibex_core.\cs_registers_i.$procmux$12679_CMP $flatten\u_ibex_core.\cs_registers_i.$procmux$13769_CTRL $flatten\u_ibex_core.\cs_registers_i.$procmux$13768_CTRL $flatten\u_ibex_core.\cs_registers_i.$procmux$14196_CTRL $flatten\u_ibex_core.\cs_registers_i.$procmux$13230_CTRL $flatten\u_ibex_core.\cs_registers_i.$procmux$13229_CTRL $flatten\u_ibex_core.\cs_registers_i.$procmux$12589_CMP }
    New ctrl vector for $pmux cell $flatten\u_ibex_core.\if_stage_i.\compressed_decoder_i.$procmux$9367: { $flatten\u_ibex_core.\if_stage_i.\compressed_decoder_i.$procmux$9113_CMP $flatten\u_ibex_core.\if_stage_i.\compressed_decoder_i.$procmux$8997_CMP $auto$opt_reduce.cc:134:opt_pmux$15427 }
    New ctrl vector for $pmux cell $flatten\u_ibex_core.\if_stage_i.\compressed_decoder_i.$procmux$9470: { $flatten\u_ibex_core.\if_stage_i.\compressed_decoder_i.$procmux$9155_CMP $auto$opt_reduce.cc:134:opt_pmux$15431 $auto$opt_reduce.cc:134:opt_pmux$15429 }
    New ctrl vector for $pmux cell $flatten\u_ibex_core.\if_stage_i.\compressed_decoder_i.$procmux$9483: { $flatten\u_ibex_core.\if_stage_i.\compressed_decoder_i.$procmux$9155_CMP $flatten\u_ibex_core.\if_stage_i.\compressed_decoder_i.$procmux$9140_CMP $flatten\u_ibex_core.\if_stage_i.\compressed_decoder_i.$procmux$9177_CMP $auto$opt_reduce.cc:134:opt_pmux$15433 }
    New ctrl vector for $pmux cell $flatten\u_ibex_core.\cs_registers_i.$procmux$13820: { $flatten\gen_regfile_ff.register_file_i.$procmux$11448_CMP $flatten\gen_regfile_ff.register_file_i.$procmux$11446_CMP $auto$opt_reduce.cc:134:opt_pmux$15435 }
    New ctrl vector for $pmux cell $flatten\u_ibex_core.\cs_registers_i.$procmux$13007: { $flatten\u_ibex_core.\cs_registers_i.$procmux$12998_CMP $flatten\u_ibex_core.\cs_registers_i.$procmux$13049_CMP $flatten\u_ibex_core.\cs_registers_i.$procmux$12867_CMP $flatten\u_ibex_core.\cs_registers_i.$procmux$12844_CMP $flatten\u_ibex_core.\cs_registers_i.$procmux$12762_CMP $flatten\u_ibex_core.\cs_registers_i.$procmux$12822_CMP $flatten\u_ibex_core.\cs_registers_i.$procmux$12801_CMP $flatten\u_ibex_core.\cs_registers_i.$procmux$12781_CMP $flatten\u_ibex_core.\cs_registers_i.$procmux$13042_CMP $flatten\u_ibex_core.\cs_registers_i.$procmux$12158_CMP $flatten\u_ibex_core.\cs_registers_i.$procmux$12710_CMP $flatten\u_ibex_core.\cs_registers_i.$procmux$12694_CMP $flatten\u_ibex_core.\cs_registers_i.$procmux$12679_CMP $flatten\u_ibex_core.\cs_registers_i.$procmux$13769_CTRL $flatten\u_ibex_core.\cs_registers_i.$procmux$13768_CTRL $flatten\u_ibex_core.\cs_registers_i.$procmux$14196_CTRL $flatten\u_ibex_core.\cs_registers_i.$procmux$13230_CTRL $flatten\u_ibex_core.\cs_registers_i.$procmux$13229_CTRL }
    New ctrl vector for $pmux cell $flatten\u_ibex_core.\cs_registers_i.$procmux$13760: { $flatten\u_ibex_core.\cs_registers_i.$procmux$12998_CMP $flatten\u_ibex_core.\cs_registers_i.$procmux$12318_CMP $flatten\u_ibex_core.\cs_registers_i.$procmux$12867_CMP $flatten\u_ibex_core.\cs_registers_i.$procmux$12844_CMP $flatten\u_ibex_core.\cs_registers_i.$procmux$12762_CMP $flatten\u_ibex_core.\cs_registers_i.$procmux$12822_CMP $flatten\u_ibex_core.\cs_registers_i.$procmux$12801_CMP $flatten\u_ibex_core.\cs_registers_i.$procmux$12781_CMP $flatten\u_ibex_core.\cs_registers_i.$procmux$13042_CMP $flatten\u_ibex_core.\cs_registers_i.$procmux$12158_CMP $flatten\u_ibex_core.\cs_registers_i.$procmux$12710_CMP $flatten\u_ibex_core.\cs_registers_i.$procmux$12694_CMP $flatten\u_ibex_core.\cs_registers_i.$procmux$12679_CMP $flatten\u_ibex_core.\cs_registers_i.$procmux$13769_CTRL $flatten\u_ibex_core.\cs_registers_i.$procmux$13768_CTRL $flatten\u_ibex_core.\cs_registers_i.$procmux$14196_CTRL $flatten\u_ibex_core.\cs_registers_i.$procmux$13230_CTRL $flatten\u_ibex_core.\cs_registers_i.$procmux$13229_CTRL $flatten\u_ibex_core.\cs_registers_i.$procmux$12589_CMP }
    New ctrl vector for $pmux cell $flatten\u_ibex_core.\load_store_unit_i.$procmux$11096: { $flatten\u_ibex_core.\load_store_unit_i.$eq$/work/src/ibex_load_store_unit.v:562$1579_Y $auto$opt_reduce.cc:134:opt_pmux$15437 $flatten\u_ibex_core.\load_store_unit_i.$procmux$10001_CMP $flatten\u_ibex_core.\load_store_unit_i.$procmux$10994_CMP }
    New ctrl vector for $pmux cell $flatten\u_ibex_core.\load_store_unit_i.$procmux$11112: { $flatten\u_ibex_core.\load_store_unit_i.$procmux$10117_CMP $auto$opt_reduce.cc:134:opt_pmux$15439 $flatten\u_ibex_core.\load_store_unit_i.$procmux$10994_CMP $flatten\u_ibex_core.\load_store_unit_i.$procmux$10993_CMP }
    New ctrl vector for $pmux cell $flatten\u_ibex_core.\cs_registers_i.$procmux$14675: $auto$opt_reduce.cc:134:opt_pmux$15441
    New ctrl vector for $pmux cell $flatten\u_ibex_core.\cs_registers_i.$procmux$13060: { $flatten\u_ibex_core.\cs_registers_i.$procmux$12998_CMP $flatten\u_ibex_core.\cs_registers_i.$procmux$12318_CMP $flatten\u_ibex_core.\cs_registers_i.$procmux$12867_CMP $flatten\u_ibex_core.\cs_registers_i.$procmux$12844_CMP $flatten\u_ibex_core.\cs_registers_i.$procmux$12762_CMP $flatten\u_ibex_core.\cs_registers_i.$procmux$12822_CMP $flatten\u_ibex_core.\cs_registers_i.$procmux$12801_CMP $flatten\u_ibex_core.\cs_registers_i.$procmux$12781_CMP $flatten\u_ibex_core.\cs_registers_i.$procmux$13042_CMP $flatten\u_ibex_core.\cs_registers_i.$procmux$12158_CMP $flatten\u_ibex_core.\cs_registers_i.$procmux$12710_CMP $flatten\u_ibex_core.\cs_registers_i.$procmux$12694_CMP $flatten\u_ibex_core.\cs_registers_i.$procmux$12679_CMP $flatten\u_ibex_core.\cs_registers_i.$procmux$13769_CTRL $flatten\u_ibex_core.\cs_registers_i.$procmux$13768_CTRL $flatten\u_ibex_core.\cs_registers_i.$procmux$14196_CTRL $flatten\u_ibex_core.\cs_registers_i.$procmux$13230_CTRL $flatten\u_ibex_core.\cs_registers_i.$procmux$13229_CTRL }
    New ctrl vector for $pmux cell $flatten\u_ibex_core.\id_stage_i.\controller_i.$procmux$8737: { $flatten\u_ibex_core.\id_stage_i.\controller_i.$procmux$8747_CMP $flatten\u_ibex_core.\id_stage_i.\controller_i.$procmux$8746_CMP $flatten\u_ibex_core.\id_stage_i.\controller_i.$procmux$8745_CMP $flatten\u_ibex_core.\id_stage_i.\controller_i.$procmux$8723_CMP $flatten\u_ibex_core.\id_stage_i.\controller_i.$procmux$8667_CMP $flatten\u_ibex_core.\id_stage_i.\controller_i.$procmux$8521_CMP $auto$opt_reduce.cc:134:opt_pmux$15443 $flatten\u_ibex_core.\id_stage_i.\controller_i.$procmux$7393_CMP }
    New ctrl vector for $pmux cell $flatten\u_ibex_core.\id_stage_i.\controller_i.$procmux$8749: { $flatten\u_ibex_core.\id_stage_i.\controller_i.$procmux$8521_CMP $flatten\u_ibex_core.\id_stage_i.\controller_i.$procmux$8296_CMP $auto$opt_reduce.cc:134:opt_pmux$15445 $flatten\u_ibex_core.\id_stage_i.\controller_i.$procmux$7393_CMP }
    New input vector for $reduce_or cell $auto$opt_reduce.cc:128:opt_pmux$15432: { $flatten\u_ibex_core.\if_stage_i.\compressed_decoder_i.$procmux$8948_CMP $flatten\u_ibex_core.\if_stage_i.\compressed_decoder_i.$procmux$8968_CMP $flatten\u_ibex_core.\if_stage_i.\compressed_decoder_i.$procmux$8997_CMP $flatten\u_ibex_core.\if_stage_i.\compressed_decoder_i.$procmux$9113_CMP $flatten\u_ibex_core.\if_stage_i.\compressed_decoder_i.$procmux$9175_CMP }
    New input vector for $reduce_or cell $auto$opt_reduce.cc:128:opt_pmux$15416: { $flatten\u_ibex_core.\if_stage_i.\compressed_decoder_i.$procmux$9201_CMP $flatten\u_ibex_core.\if_stage_i.\compressed_decoder_i.$procmux$9213_CMP $flatten\u_ibex_core.\if_stage_i.\compressed_decoder_i.$procmux$9226_CMP }
    New input vector for $reduce_or cell $auto$opt_reduce.cc:128:opt_pmux$15418: { $flatten\u_ibex_core.\if_stage_i.\compressed_decoder_i.$procmux$9201_CMP $flatten\u_ibex_core.\if_stage_i.\compressed_decoder_i.$procmux$9213_CMP $flatten\u_ibex_core.\if_stage_i.\compressed_decoder_i.$procmux$9226_CMP }
    New input vector for $reduce_or cell $auto$opt_reduce.cc:128:opt_pmux$15422: { $flatten\u_ibex_core.\cs_registers_i.$procmux$14655_CMP $flatten\u_ibex_core.\cs_registers_i.$procmux$14653_CMP $flatten\u_ibex_core.\cs_registers_i.$procmux$14651_CMP $flatten\u_ibex_core.\cs_registers_i.$procmux$14649_CMP $flatten\u_ibex_core.\cs_registers_i.$procmux$14648_CMP $flatten\u_ibex_core.\cs_registers_i.$procmux$14605_CMP $flatten\u_ibex_core.\cs_registers_i.$procmux$13049_CMP $flatten\u_ibex_core.\cs_registers_i.$procmux$13042_CMP $flatten\u_ibex_core.\cs_registers_i.$procmux$12999_CMP $flatten\u_ibex_core.\cs_registers_i.$procmux$12998_CMP $flatten\u_ibex_core.\cs_registers_i.$procmux$12966_CMP $flatten\u_ibex_core.\cs_registers_i.$procmux$12867_CMP $flatten\u_ibex_core.\cs_registers_i.$procmux$12844_CMP $flatten\u_ibex_core.\cs_registers_i.$procmux$12822_CMP $flatten\u_ibex_core.\cs_registers_i.$procmux$12801_CMP $flatten\u_ibex_core.\cs_registers_i.$procmux$12781_CMP $flatten\u_ibex_core.\cs_registers_i.$procmux$12762_CMP $flatten\u_ibex_core.\cs_registers_i.$procmux$12710_CMP $flatten\u_ibex_core.\cs_registers_i.$procmux$12694_CMP $flatten\u_ibex_core.\cs_registers_i.$procmux$12679_CMP $flatten\u_ibex_core.\cs_registers_i.$procmux$12644_CMP $flatten\u_ibex_core.\cs_registers_i.$procmux$12632_CMP $flatten\u_ibex_core.\cs_registers_i.$procmux$12619_CMP $flatten\u_ibex_core.\cs_registers_i.$procmux$12608_CMP $flatten\u_ibex_core.\cs_registers_i.$procmux$12589_CMP $flatten\u_ibex_core.\cs_registers_i.$procmux$12318_CMP $flatten\u_ibex_core.\cs_registers_i.$procmux$12158_CMP $flatten\u_ibex_core.\cs_registers_i.$eq$/work/src/ibex_cs_registers.v:563$2622_Y $flatten\u_ibex_core.\cs_registers_i.$eq$/work/src/ibex_cs_registers.v:563$2621_Y $flatten\u_ibex_core.\cs_registers_i.$eq$/work/src/ibex_cs_registers.v:563$2620_Y $flatten\u_ibex_core.\cs_registers_i.$eq$/work/src/ibex_cs_registers.v:563$2619_Y $flatten\u_ibex_core.\cs_registers_i.$eq$/work/src/ibex_cs_registers.v:563$2618_Y $flatten\u_ibex_core.\cs_registers_i.$eq$/work/src/ibex_cs_registers.v:563$2617_Y $flatten\u_ibex_core.\cs_registers_i.$eq$/work/src/ibex_cs_registers.v:563$2616_Y $flatten\u_ibex_core.\cs_registers_i.$eq$/work/src/ibex_cs_registers.v:563$2615_Y $flatten\u_ibex_core.\cs_registers_i.$eq$/work/src/ibex_cs_registers.v:563$2614_Y $flatten\u_ibex_core.\cs_registers_i.$eq$/work/src/ibex_cs_registers.v:563$2613_Y $flatten\u_ibex_core.\cs_registers_i.$eq$/work/src/ibex_cs_registers.v:563$2612_Y $flatten\u_ibex_core.\cs_registers_i.$eq$/work/src/ibex_cs_registers.v:563$2611_Y $flatten\u_ibex_core.\cs_registers_i.$eq$/work/src/ibex_cs_registers.v:563$2610_Y $flatten\u_ibex_core.\cs_registers_i.$eq$/work/src/ibex_cs_registers.v:563$2609_Y $flatten\u_ibex_core.\cs_registers_i.$eq$/work/src/ibex_cs_registers.v:563$2608_Y $flatten\u_ibex_core.\cs_registers_i.$eq$/work/src/ibex_cs_registers.v:563$2607_Y $flatten\u_ibex_core.\cs_registers_i.$eq$/work/src/ibex_cs_registers.v:563$2606_Y $flatten\u_ibex_core.\cs_registers_i.$eq$/work/src/ibex_cs_registers.v:563$2605_Y $flatten\u_ibex_core.\cs_registers_i.$eq$/work/src/ibex_cs_registers.v:563$2604_Y $flatten\u_ibex_core.\cs_registers_i.$eq$/work/src/ibex_cs_registers.v:563$2603_Y }
    New input vector for $reduce_or cell $auto$opt_reduce.cc:128:opt_pmux$15424: { $flatten\u_ibex_core.\cs_registers_i.$procmux$12963_CMP $flatten\u_ibex_core.\cs_registers_i.$procmux$12962_CMP }
    New input vector for $reduce_or cell $auto$opt_reduce.cc:128:opt_pmux$15426: { $flatten\u_ibex_core.\if_stage_i.\compressed_decoder_i.$procmux$8948_CMP $flatten\u_ibex_core.\if_stage_i.\compressed_decoder_i.$procmux$8968_CMP $flatten\u_ibex_core.\if_stage_i.\compressed_decoder_i.$procmux$9140_CMP $flatten\u_ibex_core.\if_stage_i.\compressed_decoder_i.$procmux$9155_CMP $flatten\u_ibex_core.\if_stage_i.\compressed_decoder_i.$procmux$9175_CMP $flatten\u_ibex_core.\if_stage_i.\compressed_decoder_i.$procmux$9177_CMP }
    New input vector for $reduce_or cell $auto$opt_reduce.cc:128:opt_pmux$15428: { $flatten\u_ibex_core.\if_stage_i.\compressed_decoder_i.$procmux$8948_CMP $flatten\u_ibex_core.\if_stage_i.\compressed_decoder_i.$procmux$8968_CMP $flatten\u_ibex_core.\if_stage_i.\compressed_decoder_i.$procmux$8997_CMP $flatten\u_ibex_core.\if_stage_i.\compressed_decoder_i.$procmux$9113_CMP $flatten\u_ibex_core.\if_stage_i.\compressed_decoder_i.$procmux$9175_CMP }
    New ctrl vector for $pmux cell $flatten\u_ibex_core.\id_stage_i.\controller_i.$procmux$8847: $flatten\u_ibex_core.\id_stage_i.\controller_i.$procmux$7393_CMP
  Optimizing cells in module \ibex_top.
Performed a total of 115 changes.

76. Executing OPT_MERGE pass (detect identical cells).
Finding identical cells in module `\ibex_top'.
<suppressed ~174 debug messages>
Removed a total of 58 cells.

77. Executing OPT_DFF pass (perform DFF optimizations).
Handling D = Q on $flatten\u_ibex_core.\load_store_unit_i.$procdff$14886 ($adff) from module ibex_top (removing D path).
Setting constant 0-bit at position 0 on $flatten\u_ibex_core.\load_store_unit_i.$procdff$14886 ($dlatch) from module ibex_top.

78. Executing OPT_CLEAN pass (remove unused cells and wires).
Finding unused cells or wires in module \ibex_top..
Removed 43 unused cells and 2841 unused wires.
<suppressed ~114 debug messages>

79. Executing OPT_EXPR pass (perform const folding).
Optimizing module ibex_top.
<suppressed ~13 debug messages>

80. Rerunning OPT passes. (Maybe there is more to do…)

81. Executing OPT_MUXTREE pass (detect dead branches in mux trees).
Running muxtree optimizer on module \ibex_top..
  Creating internal representation of mux trees.
  Evaluating internal representation of mux trees.
  Analyzing evaluation results.
    dead port 1/2 on $mux $flatten\u_ibex_core.\id_stage_i.\controller_i.$procmux$7593.
    dead port 2/2 on $mux $flatten\u_ibex_core.\id_stage_i.\controller_i.$procmux$7593.
    dead port 1/5 on $pmux $flatten\u_ibex_core.\id_stage_i.\controller_i.$procmux$8036.
    dead port 1/10 on $pmux $flatten\u_ibex_core.\id_stage_i.\controller_i.$procmux$8069.
    dead port 2/10 on $pmux $flatten\u_ibex_core.\id_stage_i.\controller_i.$procmux$8069.
    dead port 3/10 on $pmux $flatten\u_ibex_core.\id_stage_i.\controller_i.$procmux$8069.
Removed 6 multiplexer ports.
<suppressed ~299 debug messages>

82. Executing OPT_REDUCE pass (consolidate $*mux and $reduce_* inputs).
  Optimizing cells in module \ibex_top.
    New ctrl vector for $pmux cell $flatten\u_ibex_core.\cs_registers_i.$procmux$12958: { $flatten\u_ibex_core.\cs_registers_i.$procmux$12998_CMP $flatten\u_ibex_core.\cs_registers_i.$procmux$12844_CMP $flatten\u_ibex_core.\cs_registers_i.$procmux$12762_CMP $flatten\u_ibex_core.\cs_registers_i.$procmux$12822_CMP $flatten\u_ibex_core.\cs_registers_i.$procmux$12801_CMP $flatten\u_ibex_core.\cs_registers_i.$procmux$12781_CMP $flatten\u_ibex_core.\cs_registers_i.$procmux$12158_CMP $flatten\u_ibex_core.\cs_registers_i.$procmux$12710_CMP $flatten\u_ibex_core.\cs_registers_i.$procmux$12694_CMP $flatten\u_ibex_core.\cs_registers_i.$procmux$12679_CMP $flatten\u_ibex_core.\cs_registers_i.$procmux$12966_CTRL $auto$opt_reduce.cc:134:opt_pmux$15449 $auto$opt_reduce.cc:134:opt_pmux$15447 }
    New ctrl vector for $pmux cell $flatten\u_ibex_core.\cs_registers_i.$procmux$13007: { $flatten\u_ibex_core.\cs_registers_i.$procmux$12998_CMP $flatten\u_ibex_core.\cs_registers_i.$procmux$13049_CMP $flatten\u_ibex_core.\cs_registers_i.$procmux$12867_CMP $flatten\u_ibex_core.\cs_registers_i.$procmux$12844_CMP $flatten\u_ibex_core.\cs_registers_i.$procmux$12762_CMP $flatten\u_ibex_core.\cs_registers_i.$procmux$12822_CMP $flatten\u_ibex_core.\cs_registers_i.$procmux$12801_CMP $flatten\u_ibex_core.\cs_registers_i.$procmux$12781_CMP $flatten\u_ibex_core.\cs_registers_i.$procmux$13042_CMP $flatten\u_ibex_core.\cs_registers_i.$procmux$12158_CMP $flatten\u_ibex_core.\cs_registers_i.$procmux$12710_CMP $flatten\u_ibex_core.\cs_registers_i.$procmux$12694_CMP $flatten\u_ibex_core.\cs_registers_i.$procmux$12679_CMP $flatten\u_ibex_core.\cs_registers_i.$procmux$12966_CTRL $auto$opt_reduce.cc:134:opt_pmux$15453 $auto$opt_reduce.cc:134:opt_pmux$15451 }
    New ctrl vector for $pmux cell $flatten\u_ibex_core.\cs_registers_i.$procmux$13060: { $flatten\u_ibex_core.\cs_registers_i.$procmux$12998_CMP $flatten\u_ibex_core.\cs_registers_i.$procmux$12318_CMP $flatten\u_ibex_core.\cs_registers_i.$procmux$12867_CMP $flatten\u_ibex_core.\cs_registers_i.$procmux$12844_CMP $flatten\u_ibex_core.\cs_registers_i.$procmux$12762_CMP $flatten\u_ibex_core.\cs_registers_i.$procmux$12822_CMP $flatten\u_ibex_core.\cs_registers_i.$procmux$12801_CMP $flatten\u_ibex_core.\cs_registers_i.$procmux$12781_CMP $flatten\u_ibex_core.\cs_registers_i.$procmux$13042_CMP $flatten\u_ibex_core.\cs_registers_i.$procmux$12158_CMP $flatten\u_ibex_core.\cs_registers_i.$procmux$12710_CMP $flatten\u_ibex_core.\cs_registers_i.$procmux$12694_CMP $flatten\u_ibex_core.\cs_registers_i.$procmux$12679_CMP $flatten\u_ibex_core.\cs_registers_i.$procmux$12966_CTRL $auto$opt_reduce.cc:134:opt_pmux$15457 $auto$opt_reduce.cc:134:opt_pmux$15455 }
    New ctrl vector for $pmux cell $flatten\u_ibex_core.\cs_registers_i.$procmux$13114: { $flatten\u_ibex_core.\cs_registers_i.$procmux$12998_CMP $flatten\u_ibex_core.\cs_registers_i.$procmux$13049_CMP $flatten\u_ibex_core.\cs_registers_i.$procmux$12867_CMP $flatten\u_ibex_core.\cs_registers_i.$procmux$12844_CMP $flatten\u_ibex_core.\cs_registers_i.$procmux$12762_CMP $flatten\u_ibex_core.\cs_registers_i.$procmux$12822_CMP $flatten\u_ibex_core.\cs_registers_i.$procmux$12801_CMP $flatten\u_ibex_core.\cs_registers_i.$procmux$12781_CMP $flatten\u_ibex_core.\cs_registers_i.$procmux$13042_CMP $flatten\u_ibex_core.\cs_registers_i.$procmux$12158_CMP $flatten\u_ibex_core.\cs_registers_i.$procmux$12710_CMP $flatten\u_ibex_core.\cs_registers_i.$procmux$12694_CMP $flatten\u_ibex_core.\cs_registers_i.$procmux$12679_CMP $flatten\u_ibex_core.\cs_registers_i.$procmux$12966_CTRL $auto$opt_reduce.cc:134:opt_pmux$15461 $auto$opt_reduce.cc:134:opt_pmux$15459 }
    New ctrl vector for $pmux cell $flatten\u_ibex_core.\cs_registers_i.$procmux$13160: { $flatten\u_ibex_core.\cs_registers_i.$procmux$12999_CMP $flatten\u_ibex_core.\cs_registers_i.$procmux$12998_CMP $flatten\u_ibex_core.\cs_registers_i.$procmux$13049_CMP $flatten\u_ibex_core.\cs_registers_i.$procmux$12632_CMP $flatten\u_ibex_core.\cs_registers_i.$procmux$12844_CMP $flatten\u_ibex_core.\cs_registers_i.$procmux$12762_CMP $flatten\u_ibex_core.\cs_registers_i.$procmux$12822_CMP $flatten\u_ibex_core.\cs_registers_i.$procmux$12801_CMP $flatten\u_ibex_core.\cs_registers_i.$procmux$12781_CMP $flatten\u_ibex_core.\cs_registers_i.$procmux$12158_CMP $flatten\u_ibex_core.\cs_registers_i.$procmux$12710_CMP $flatten\u_ibex_core.\cs_registers_i.$procmux$12694_CMP $flatten\u_ibex_core.\cs_registers_i.$procmux$12679_CMP $flatten\u_ibex_core.\cs_registers_i.$procmux$12644_CMP $flatten\u_ibex_core.\cs_registers_i.$procmux$12966_CTRL $auto$opt_reduce.cc:134:opt_pmux$15465 $auto$opt_reduce.cc:134:opt_pmux$15463 $flatten\u_ibex_core.\cs_registers_i.$procmux$12589_CMP }
    New ctrl vector for $pmux cell $flatten\u_ibex_core.\cs_registers_i.$procmux$13225: { $flatten\u_ibex_core.\cs_registers_i.$procmux$12998_CMP $flatten\u_ibex_core.\cs_registers_i.$procmux$12318_CMP $flatten\u_ibex_core.\cs_registers_i.$procmux$12867_CMP $flatten\u_ibex_core.\cs_registers_i.$procmux$12844_CMP $flatten\u_ibex_core.\cs_registers_i.$procmux$12762_CMP $flatten\u_ibex_core.\cs_registers_i.$procmux$12822_CMP $flatten\u_ibex_core.\cs_registers_i.$procmux$12801_CMP $flatten\u_ibex_core.\cs_registers_i.$procmux$12781_CMP $flatten\u_ibex_core.\cs_registers_i.$procmux$13042_CMP $flatten\u_ibex_core.\cs_registers_i.$procmux$12158_CMP $flatten\u_ibex_core.\cs_registers_i.$procmux$12710_CMP $flatten\u_ibex_core.\cs_registers_i.$procmux$12694_CMP $flatten\u_ibex_core.\cs_registers_i.$procmux$12679_CMP $flatten\u_ibex_core.\cs_registers_i.$procmux$12966_CTRL $auto$opt_reduce.cc:134:opt_pmux$15469 $auto$opt_reduce.cc:134:opt_pmux$15467 }
    New ctrl vector for $pmux cell $flatten\u_ibex_core.\cs_registers_i.$procmux$13564: { $flatten\u_ibex_core.\cs_registers_i.$procmux$12998_CMP $flatten\u_ibex_core.\cs_registers_i.$procmux$12867_CMP $flatten\u_ibex_core.\cs_registers_i.$procmux$12844_CMP $flatten\u_ibex_core.\cs_registers_i.$procmux$12762_CMP $flatten\u_ibex_core.\cs_registers_i.$procmux$12822_CMP $flatten\u_ibex_core.\cs_registers_i.$procmux$12801_CMP $flatten\u_ibex_core.\cs_registers_i.$procmux$12781_CMP $flatten\u_ibex_core.\cs_registers_i.$procmux$13042_CMP $flatten\u_ibex_core.\cs_registers_i.$procmux$12158_CMP $flatten\u_ibex_core.\cs_registers_i.$procmux$12710_CMP $flatten\u_ibex_core.\cs_registers_i.$procmux$12694_CMP $flatten\u_ibex_core.\cs_registers_i.$procmux$12679_CMP $flatten\u_ibex_core.\cs_registers_i.$procmux$12966_CTRL $auto$opt_reduce.cc:134:opt_pmux$15473 $auto$opt_reduce.cc:134:opt_pmux$15471 }
    New ctrl vector for $pmux cell $flatten\u_ibex_core.\cs_registers_i.$procmux$13662: { $flatten\u_ibex_core.\cs_registers_i.$procmux$12998_CMP $flatten\u_ibex_core.\cs_registers_i.$procmux$13049_CMP $flatten\u_ibex_core.\cs_registers_i.$procmux$12844_CMP $flatten\u_ibex_core.\cs_registers_i.$procmux$12762_CMP $flatten\u_ibex_core.\cs_registers_i.$procmux$12822_CMP $flatten\u_ibex_core.\cs_registers_i.$procmux$12801_CMP $flatten\u_ibex_core.\cs_registers_i.$procmux$12781_CMP $flatten\u_ibex_core.\cs_registers_i.$procmux$12158_CMP $flatten\u_ibex_core.\cs_registers_i.$procmux$12710_CMP $flatten\u_ibex_core.\cs_registers_i.$procmux$12694_CMP $flatten\u_ibex_core.\cs_registers_i.$procmux$12679_CMP $flatten\u_ibex_core.\cs_registers_i.$procmux$12966_CTRL $auto$opt_reduce.cc:134:opt_pmux$15477 $auto$opt_reduce.cc:134:opt_pmux$15475 }
    New ctrl vector for $pmux cell $flatten\u_ibex_core.\cs_registers_i.$procmux$13760: { $flatten\u_ibex_core.\cs_registers_i.$procmux$12998_CMP $flatten\u_ibex_core.\cs_registers_i.$procmux$12318_CMP $flatten\u_ibex_core.\cs_registers_i.$procmux$12867_CMP $flatten\u_ibex_core.\cs_registers_i.$procmux$12844_CMP $flatten\u_ibex_core.\cs_registers_i.$procmux$12762_CMP $flatten\u_ibex_core.\cs_registers_i.$procmux$12822_CMP $flatten\u_ibex_core.\cs_registers_i.$procmux$12801_CMP $flatten\u_ibex_core.\cs_registers_i.$procmux$12781_CMP $flatten\u_ibex_core.\cs_registers_i.$procmux$13042_CMP $flatten\u_ibex_core.\cs_registers_i.$procmux$12158_CMP $flatten\u_ibex_core.\cs_registers_i.$procmux$12710_CMP $flatten\u_ibex_core.\cs_registers_i.$procmux$12694_CMP $flatten\u_ibex_core.\cs_registers_i.$procmux$12679_CMP $flatten\u_ibex_core.\cs_registers_i.$procmux$12966_CTRL $auto$opt_reduce.cc:134:opt_pmux$15481 $auto$opt_reduce.cc:134:opt_pmux$15479 $flatten\u_ibex_core.\cs_registers_i.$procmux$12589_CMP }
    New ctrl vector for $pmux cell $flatten\u_ibex_core.\cs_registers_i.$procmux$13904: { $flatten\u_ibex_core.\cs_registers_i.$procmux$12998_CMP $flatten\u_ibex_core.\cs_registers_i.$procmux$12318_CMP $flatten\u_ibex_core.\cs_registers_i.$procmux$12867_CMP $flatten\u_ibex_core.\cs_registers_i.$procmux$12844_CMP $flatten\u_ibex_core.\cs_registers_i.$procmux$12762_CMP $flatten\u_ibex_core.\cs_registers_i.$procmux$12822_CMP $flatten\u_ibex_core.\cs_registers_i.$procmux$12801_CMP $flatten\u_ibex_core.\cs_registers_i.$procmux$12781_CMP $flatten\u_ibex_core.\cs_registers_i.$procmux$13042_CMP $flatten\u_ibex_core.\cs_registers_i.$procmux$12158_CMP $flatten\u_ibex_core.\cs_registers_i.$procmux$12710_CMP $flatten\u_ibex_core.\cs_registers_i.$procmux$12694_CMP $flatten\u_ibex_core.\cs_registers_i.$procmux$12679_CMP $flatten\u_ibex_core.\cs_registers_i.$procmux$12966_CTRL $auto$opt_reduce.cc:134:opt_pmux$15485 $auto$opt_reduce.cc:134:opt_pmux$15483 }
    New ctrl vector for $pmux cell $flatten\u_ibex_core.\cs_registers_i.$procmux$13950: { $flatten\u_ibex_core.\cs_registers_i.$procmux$12998_CMP $flatten\u_ibex_core.\cs_registers_i.$procmux$12318_CMP $flatten\u_ibex_core.\cs_registers_i.$procmux$12867_CMP $flatten\u_ibex_core.\cs_registers_i.$procmux$12844_CMP $flatten\u_ibex_core.\cs_registers_i.$procmux$12762_CMP $flatten\u_ibex_core.\cs_registers_i.$procmux$12822_CMP $flatten\u_ibex_core.\cs_registers_i.$procmux$12801_CMP $flatten\u_ibex_core.\cs_registers_i.$procmux$12781_CMP $flatten\u_ibex_core.\cs_registers_i.$procmux$13042_CMP $flatten\u_ibex_core.\cs_registers_i.$procmux$12158_CMP $flatten\u_ibex_core.\cs_registers_i.$procmux$12710_CMP $flatten\u_ibex_core.\cs_registers_i.$procmux$12694_CMP $flatten\u_ibex_core.\cs_registers_i.$procmux$12679_CMP $flatten\u_ibex_core.\cs_registers_i.$procmux$12966_CTRL $auto$opt_reduce.cc:134:opt_pmux$15489 $auto$opt_reduce.cc:134:opt_pmux$15487 $flatten\u_ibex_core.\cs_registers_i.$procmux$12589_CMP }
    New ctrl vector for $pmux cell $flatten\u_ibex_core.\cs_registers_i.$procmux$14050: { $flatten\u_ibex_core.\cs_registers_i.$procmux$12999_CMP $flatten\u_ibex_core.\cs_registers_i.$procmux$12998_CMP $flatten\u_ibex_core.\cs_registers_i.$procmux$12844_CMP $flatten\u_ibex_core.\cs_registers_i.$procmux$12762_CMP $flatten\u_ibex_core.\cs_registers_i.$procmux$12822_CMP $flatten\u_ibex_core.\cs_registers_i.$procmux$12801_CMP $flatten\u_ibex_core.\cs_registers_i.$procmux$12781_CMP $flatten\u_ibex_core.\cs_registers_i.$procmux$12158_CMP $flatten\u_ibex_core.\cs_registers_i.$procmux$12710_CMP $flatten\u_ibex_core.\cs_registers_i.$procmux$12694_CMP $flatten\u_ibex_core.\cs_registers_i.$procmux$12679_CMP $flatten\u_ibex_core.\cs_registers_i.$procmux$12966_CTRL $auto$opt_reduce.cc:134:opt_pmux$15493 $auto$opt_reduce.cc:134:opt_pmux$15491 $flatten\u_ibex_core.\cs_registers_i.$procmux$12589_CMP }
    New ctrl vector for $pmux cell $flatten\u_ibex_core.\cs_registers_i.$procmux$14198: { $flatten\u_ibex_core.\cs_registers_i.$procmux$12998_CMP $flatten\u_ibex_core.\cs_registers_i.$procmux$12844_CMP $flatten\u_ibex_core.\cs_registers_i.$procmux$12762_CMP $flatten\u_ibex_core.\cs_registers_i.$procmux$12822_CMP $flatten\u_ibex_core.\cs_registers_i.$procmux$12801_CMP $flatten\u_ibex_core.\cs_registers_i.$procmux$12781_CMP $flatten\u_ibex_core.\cs_registers_i.$procmux$12158_CMP $flatten\u_ibex_core.\cs_registers_i.$procmux$12710_CMP $flatten\u_ibex_core.\cs_registers_i.$procmux$12694_CMP $flatten\u_ibex_core.\cs_registers_i.$procmux$12679_CMP $flatten\u_ibex_core.\cs_registers_i.$procmux$12966_CTRL $auto$opt_reduce.cc:134:opt_pmux$15497 $auto$opt_reduce.cc:134:opt_pmux$15495 }
    New ctrl vector for $pmux cell $flatten\u_ibex_core.\cs_registers_i.$procmux$14387: { $flatten\u_ibex_core.\cs_registers_i.$procmux$12998_CMP $flatten\u_ibex_core.\cs_registers_i.$procmux$12318_CMP $flatten\u_ibex_core.\cs_registers_i.$procmux$12844_CMP $flatten\u_ibex_core.\cs_registers_i.$procmux$12762_CMP $flatten\u_ibex_core.\cs_registers_i.$procmux$12822_CMP $flatten\u_ibex_core.\cs_registers_i.$procmux$12801_CMP $flatten\u_ibex_core.\cs_registers_i.$procmux$12781_CMP $flatten\u_ibex_core.\cs_registers_i.$procmux$12158_CMP $flatten\u_ibex_core.\cs_registers_i.$procmux$12710_CMP $flatten\u_ibex_core.\cs_registers_i.$procmux$12694_CMP $flatten\u_ibex_core.\cs_registers_i.$procmux$12679_CMP $flatten\u_ibex_core.\cs_registers_i.$procmux$12966_CTRL $auto$opt_reduce.cc:134:opt_pmux$15501 $auto$opt_reduce.cc:134:opt_pmux$15499 }
    New ctrl vector for $pmux cell $flatten\u_ibex_core.\cs_registers_i.$procmux$14601: { $auto$opt_reduce.cc:134:opt_pmux$15425 $auto$opt_reduce.cc:134:opt_pmux$15423 $auto$opt_reduce.cc:134:opt_pmux$15503 }
    New ctrl vector for $pmux cell $flatten\u_ibex_core.\id_stage_i.$procmux$9816: $auto$opt_reduce.cc:134:opt_pmux$15505
    New ctrl vector for $pmux cell $flatten\u_ibex_core.\id_stage_i.\decoder_i.$procmux$3571: { $auto$opt_reduce.cc:134:opt_pmux$15507 $auto$opt_reduce.cc:134:opt_pmux$15367 $auto$opt_reduce.cc:134:opt_pmux$15365 $flatten\u_ibex_core.\id_stage_i.\decoder_i.$procmux$3003_CMP $flatten\u_ibex_core.\id_stage_i.\decoder_i.$procmux$2979_CMP }
    New ctrl vector for $pmux cell $flatten\u_ibex_core.\id_stage_i.\decoder_i.$procmux$6607: { $auto$opt_reduce.cc:134:opt_pmux$15509 $auto$opt_reduce.cc:134:opt_pmux$15399 $flatten\u_ibex_core.\id_stage_i.\decoder_i.$procmux$4979_CMP }
    New ctrl vector for $pmux cell $flatten\u_ibex_core.\id_stage_i.\decoder_i.$procmux$6654: { $auto$opt_reduce.cc:134:opt_pmux$15511 $flatten\u_ibex_core.\id_stage_i.\decoder_i.$procmux$5211_CMP }
    New ctrl vector for $pmux cell $flatten\u_ibex_core.\load_store_unit_i.$procmux$11060: { $flatten\u_ibex_core.\load_store_unit_i.$eq$/work/src/ibex_load_store_unit.v:562$1579_Y $auto$opt_reduce.cc:134:opt_pmux$15513 $flatten\u_ibex_core.\load_store_unit_i.$procmux$10001_CMP }
    New ctrl vector for $pmux cell $flatten\u_ibex_core.\load_store_unit_i.$procmux$11096: { $flatten\u_ibex_core.\load_store_unit_i.$eq$/work/src/ibex_load_store_unit.v:562$1579_Y $auto$opt_reduce.cc:134:opt_pmux$15437 $auto$opt_reduce.cc:134:opt_pmux$15515 }
    New ctrl vector for $pmux cell $flatten\u_ibex_core.\load_store_unit_i.$procmux$11112: { $flatten\u_ibex_core.\load_store_unit_i.$procmux$10117_CMP $auto$opt_reduce.cc:134:opt_pmux$15439 $auto$opt_reduce.cc:134:opt_pmux$15517 }
    New input vector for $reduce_or cell $auto$opt_reduce.cc:128:opt_pmux$15446: { $flatten\u_ibex_core.\cs_registers_i.$procmux$12962_CMP $flatten\u_ibex_core.\cs_registers_i.$procmux$12608_CMP }
    New input vector for $reduce_or cell $auto$opt_reduce.cc:128:opt_pmux$15448: { $flatten\u_ibex_core.\cs_registers_i.$procmux$12963_CMP $flatten\u_ibex_core.\cs_registers_i.$procmux$12619_CMP }
    New input vector for $reduce_or cell $auto$opt_reduce.cc:128:opt_pmux$15450: { $flatten\u_ibex_core.\cs_registers_i.$procmux$12962_CMP $flatten\u_ibex_core.\cs_registers_i.$procmux$12608_CMP }
    New input vector for $reduce_or cell $auto$opt_reduce.cc:128:opt_pmux$15452: { $flatten\u_ibex_core.\cs_registers_i.$procmux$12963_CMP $flatten\u_ibex_core.\cs_registers_i.$procmux$12619_CMP }
    New input vector for $reduce_or cell $auto$opt_reduce.cc:128:opt_pmux$15454: { $flatten\u_ibex_core.\cs_registers_i.$procmux$12962_CMP $flatten\u_ibex_core.\cs_registers_i.$procmux$12608_CMP }
    New input vector for $reduce_or cell $auto$opt_reduce.cc:128:opt_pmux$15456: { $flatten\u_ibex_core.\cs_registers_i.$procmux$12963_CMP $flatten\u_ibex_core.\cs_registers_i.$procmux$12619_CMP }
    New input vector for $reduce_or cell $auto$opt_reduce.cc:128:opt_pmux$15458: { $flatten\u_ibex_core.\cs_registers_i.$procmux$12962_CMP $flatten\u_ibex_core.\cs_registers_i.$procmux$12608_CMP }
    New input vector for $reduce_or cell $auto$opt_reduce.cc:128:opt_pmux$15460: { $flatten\u_ibex_core.\cs_registers_i.$procmux$12963_CMP $flatten\u_ibex_core.\cs_registers_i.$procmux$12619_CMP }
    New input vector for $reduce_or cell $auto$opt_reduce.cc:128:opt_pmux$15462: { $flatten\u_ibex_core.\cs_registers_i.$procmux$12962_CMP $flatten\u_ibex_core.\cs_registers_i.$procmux$12608_CMP }
    New input vector for $reduce_or cell $auto$opt_reduce.cc:128:opt_pmux$15464: { $flatten\u_ibex_core.\cs_registers_i.$procmux$12963_CMP $flatten\u_ibex_core.\cs_registers_i.$procmux$12619_CMP }
    New input vector for $reduce_or cell $auto$opt_reduce.cc:128:opt_pmux$15466: { $flatten\u_ibex_core.\cs_registers_i.$procmux$12962_CMP $flatten\u_ibex_core.\cs_registers_i.$procmux$12608_CMP }
    New input vector for $reduce_or cell $auto$opt_reduce.cc:128:opt_pmux$15468: { $flatten\u_ibex_core.\cs_registers_i.$procmux$12963_CMP $flatten\u_ibex_core.\cs_registers_i.$procmux$12619_CMP }
    New input vector for $reduce_or cell $auto$opt_reduce.cc:128:opt_pmux$15470: { $flatten\u_ibex_core.\cs_registers_i.$procmux$12962_CMP $flatten\u_ibex_core.\cs_registers_i.$procmux$12608_CMP }
    New input vector for $reduce_or cell $auto$opt_reduce.cc:128:opt_pmux$15472: { $flatten\u_ibex_core.\cs_registers_i.$procmux$12963_CMP $flatten\u_ibex_core.\cs_registers_i.$procmux$12619_CMP }
    New input vector for $reduce_or cell $auto$opt_reduce.cc:128:opt_pmux$15474: { $flatten\u_ibex_core.\cs_registers_i.$procmux$12962_CMP $flatten\u_ibex_core.\cs_registers_i.$procmux$12608_CMP }
    New input vector for $reduce_or cell $auto$opt_reduce.cc:128:opt_pmux$15476: { $flatten\u_ibex_core.\cs_registers_i.$procmux$12963_CMP $flatten\u_ibex_core.\cs_registers_i.$procmux$12619_CMP }
    New input vector for $reduce_or cell $auto$opt_reduce.cc:128:opt_pmux$15478: { $flatten\u_ibex_core.\cs_registers_i.$procmux$12962_CMP $flatten\u_ibex_core.\cs_registers_i.$procmux$12608_CMP }
    New input vector for $reduce_or cell $auto$opt_reduce.cc:128:opt_pmux$15480: { $flatten\u_ibex_core.\cs_registers_i.$procmux$12963_CMP $flatten\u_ibex_core.\cs_registers_i.$procmux$12619_CMP }
    New input vector for $reduce_or cell $auto$opt_reduce.cc:128:opt_pmux$15482: { $flatten\u_ibex_core.\cs_registers_i.$procmux$12962_CMP $flatten\u_ibex_core.\cs_registers_i.$procmux$12608_CMP }
    New input vector for $reduce_or cell $auto$opt_reduce.cc:128:opt_pmux$15484: { $flatten\u_ibex_core.\cs_registers_i.$procmux$12963_CMP $flatten\u_ibex_core.\cs_registers_i.$procmux$12619_CMP }
    New input vector for $reduce_or cell $auto$opt_reduce.cc:128:opt_pmux$15486: { $flatten\u_ibex_core.\cs_registers_i.$procmux$12962_CMP $flatten\u_ibex_core.\cs_registers_i.$procmux$12608_CMP }
    New input vector for $reduce_or cell $auto$opt_reduce.cc:128:opt_pmux$15488: { $flatten\u_ibex_core.\cs_registers_i.$procmux$12963_CMP $flatten\u_ibex_core.\cs_registers_i.$procmux$12619_CMP }
    New input vector for $reduce_or cell $auto$opt_reduce.cc:128:opt_pmux$15490: { $flatten\u_ibex_core.\cs_registers_i.$procmux$12962_CMP $flatten\u_ibex_core.\cs_registers_i.$procmux$12608_CMP }
    New input vector for $reduce_or cell $auto$opt_reduce.cc:128:opt_pmux$15492: { $flatten\u_ibex_core.\cs_registers_i.$procmux$12963_CMP $flatten\u_ibex_core.\cs_registers_i.$procmux$12619_CMP }
    New input vector for $reduce_or cell $auto$opt_reduce.cc:128:opt_pmux$15494: { $flatten\u_ibex_core.\cs_registers_i.$procmux$12962_CMP $flatten\u_ibex_core.\cs_registers_i.$procmux$12608_CMP }
    New input vector for $reduce_or cell $auto$opt_reduce.cc:128:opt_pmux$15496: { $flatten\u_ibex_core.\cs_registers_i.$procmux$12963_CMP $flatten\u_ibex_core.\cs_registers_i.$procmux$12619_CMP }
    New input vector for $reduce_or cell $auto$opt_reduce.cc:128:opt_pmux$15498: { $flatten\u_ibex_core.\cs_registers_i.$procmux$12962_CMP $flatten\u_ibex_core.\cs_registers_i.$procmux$12608_CMP }
    New input vector for $reduce_or cell $auto$opt_reduce.cc:128:opt_pmux$15500: { $flatten\u_ibex_core.\cs_registers_i.$procmux$12963_CMP $flatten\u_ibex_core.\cs_registers_i.$procmux$12619_CMP }
  Optimizing cells in module \ibex_top.
Performed a total of 50 changes.

83. Executing OPT_MERGE pass (detect identical cells).
Finding identical cells in module `\ibex_top'.
<suppressed ~90 debug messages>
Removed a total of 30 cells.

84. Executing OPT_DFF pass (perform DFF optimizations).

85. Executing OPT_CLEAN pass (remove unused cells and wires).
Finding unused cells or wires in module \ibex_top..
Removed 4 unused cells and 44 unused wires.
<suppressed ~6 debug messages>

86. Executing OPT_EXPR pass (perform const folding).
Optimizing module ibex_top.
<suppressed ~4 debug messages>

87. Rerunning OPT passes. (Maybe there is more to do…)

88. Executing OPT_MUXTREE pass (detect dead branches in mux trees).
Running muxtree optimizer on module \ibex_top..
  Creating internal representation of mux trees.
  Evaluating internal representation of mux trees.
  Analyzing evaluation results.
Removed 0 multiplexer ports.
<suppressed ~297 debug messages>

89. Executing OPT_REDUCE pass (consolidate $*mux and $reduce_* inputs).
  Optimizing cells in module \ibex_top.
Performed a total of 0 changes.

90. Executing OPT_MERGE pass (detect identical cells).
Finding identical cells in module `\ibex_top'.
Removed a total of 0 cells.

91. Executing OPT_DFF pass (perform DFF optimizations).

92. Executing OPT_CLEAN pass (remove unused cells and wires).
Finding unused cells or wires in module \ibex_top..
Removed 0 unused cells and 3 unused wires.
<suppressed ~1 debug messages>

93. Executing OPT_EXPR pass (perform const folding).
Optimizing module ibex_top.

94. Rerunning OPT passes. (Maybe there is more to do…)

95. Executing OPT_MUXTREE pass (detect dead branches in mux trees).
Running muxtree optimizer on module \ibex_top..
  Creating internal representation of mux trees.
  Evaluating internal representation of mux trees.
  Analyzing evaluation results.
Removed 0 multiplexer ports.
<suppressed ~297 debug messages>

96. Executing OPT_REDUCE pass (consolidate $*mux and $reduce_* inputs).
  Optimizing cells in module \ibex_top.
Performed a total of 0 changes.

97. Executing OPT_MERGE pass (detect identical cells).
Finding identical cells in module `\ibex_top'.
Removed a total of 0 cells.

98. Executing OPT_DFF pass (perform DFF optimizations).

99. Executing OPT_CLEAN pass (remove unused cells and wires).
Finding unused cells or wires in module \ibex_top..

100. Executing OPT_EXPR pass (perform const folding).
Optimizing module ibex_top.

101. Executing FSM pass (extract and optimize FSM).

101.1. Executing FSM_DETECT pass (finding FSMs in design).
Not marking ibex_top.core_busy_q as FSM state register:
    Users of register don't seem to benefit from recoding.
Not marking ibex_top.u_ibex_core.id_stage_i.controller_i.ctrl_fsm_cs as FSM state register:
    Circuit seems to be self-resetting.
Not marking ibex_top.u_ibex_core.id_stage_i.controller_i.debug_cause_q as FSM state register:
    Users of register don't seem to benefit from recoding.
Found FSM state register ibex_top.u_ibex_core.if_stage_i.instr_gets_expanded_id_o.
Not marking ibex_top.u_ibex_core.load_store_unit_i.cap_rx_fsm_q as FSM state register:
    Circuit seems to be self-resetting.
Found FSM state register ibex_top.u_ibex_core.load_store_unit_i.data_type_q.
Not marking ibex_top.u_ibex_core.load_store_unit_i.ls_fsm_cs as FSM state register:
    Users of register don't seem to benefit from recoding.
    Circuit seems to be self-resetting.
Not marking ibex_top.u_ibex_core.wb_stage_i.g_writeback_stage.cheriot_rf_wdata_q as FSM state register:
    Users of register don't seem to benefit from recoding.
Found FSM state register ibex_top.u_ibex_core.wb_stage_i.g_writeback_stage.wb_instr_type_q.

101.2. Executing FSM_EXTRACT pass (extracting FSM from design).
Extracting FSM `\u_ibex_core.if_stage_i.instr_gets_expanded_id_o' from module `\ibex_top'.
  found $adff cell for state register: $flatten\u_ibex_core.\if_stage_i.$procdff$15026
  root of input selection tree: $flatten\u_ibex_core.\if_stage_i.$0\instr_gets_expanded_id_o[1:0]
  found reset state: 2'00 (from async reset)
  found ctrl input: \u_ibex_core.if_stage_i.if_id_pipe_reg_we
  fsm extraction failed: at least two states are required.
Extracting FSM `\u_ibex_core.load_store_unit_i.data_type_q' from module `\ibex_top'.
  found $adff cell for state register: $flatten\u_ibex_core.\load_store_unit_i.$procdff$14911
  root of input selection tree: $flatten\u_ibex_core.\load_store_unit_i.$0\data_type_q[1:0]
  found reset state: 2'00 (from async reset)
  found ctrl input: \u_ibex_core.load_store_unit_i.ctrl_update
  found ctrl input: $flatten\u_ibex_core.\id_stage_i.\decoder_i.$procmux$5497_CMP
  found ctrl input: $flatten\u_ibex_core.\id_stage_i.\decoder_i.$procmux$5339_CMP
  found ctrl input: $auto$opt_reduce.cc:134:opt_pmux$15383
  found ctrl input: $flatten\u_ibex_core.\id_stage_i.\decoder_i.$procmux$4974_CMP
  found ctrl input: $flatten\u_ibex_core.\id_stage_i.\decoder_i.$procmux$5672_CMP
  found state code: 2'01
  found state code: 2'10
  found ctrl output: $flatten\u_ibex_core.\load_store_unit_i.$procmux$11120_CMP [0]
  found ctrl output: $flatten\u_ibex_core.\load_store_unit_i.$procmux$11120_CMP [1]
  found ctrl output: $flatten\u_ibex_core.\load_store_unit_i.$procmux$11121_CMP
  found ctrl output: $flatten\u_ibex_core.\load_store_unit_i.$procmux$11122_CMP
  ctrl inputs: { $auto$opt_reduce.cc:134:opt_pmux$15383 $flatten\u_ibex_core.\id_stage_i.\decoder_i.$procmux$4974_CMP $flatten\u_ibex_core.\id_stage_i.\decoder_i.$procmux$5339_CMP $flatten\u_ibex_core.\id_stage_i.\decoder_i.$procmux$5497_CMP $flatten\u_ibex_core.\id_stage_i.\decoder_i.$procmux$5672_CMP \u_ibex_core.load_store_unit_i.ctrl_update }
  ctrl outputs: { $flatten\u_ibex_core.\load_store_unit_i.$procmux$11122_CMP $flatten\u_ibex_core.\load_store_unit_i.$procmux$11121_CMP $flatten\u_ibex_core.\load_store_unit_i.$procmux$11120_CMP $flatten\u_ibex_core.\load_store_unit_i.$0\data_type_q[1:0] }
  transition:       2'00 6'-----0 ->       2'00 6'100000
  transition:       2'00 6'--00-1 ->       2'00 6'100000
  transition:       2'00 6'-01-01 ->       2'00 6'100000
  transition:       2'00 6'--1-11 ->       2'10 6'100010
  transition:       2'00 6'-11--1 ->       2'01 6'100001
  transition:       2'00 6'00-101 -> INVALID_STATE(2'x) 6'1000xx  <ignored invalid transition!>
  transition:       2'00 6'---111 ->       2'10 6'100010
  transition:       2'00 6'-1-1-1 ->       2'01 6'100001
  transition:       2'00 6'1--1-1 ->       2'00 6'100000
  transition:       2'10 6'-----0 ->       2'10 6'000110
  transition:       2'10 6'--00-1 ->       2'00 6'000100
  transition:       2'10 6'-01-01 ->       2'00 6'000100
  transition:       2'10 6'--1-11 ->       2'10 6'000110
  transition:       2'10 6'-11--1 ->       2'01 6'000101
  transition:       2'10 6'00-101 -> INVALID_STATE(2'x) 6'0001xx  <ignored invalid transition!>
  transition:       2'10 6'---111 ->       2'10 6'000110
  transition:       2'10 6'-1-1-1 ->       2'01 6'000101
  transition:       2'10 6'1--1-1 ->       2'00 6'000100
  transition:       2'01 6'-----0 ->       2'01 6'010001
  transition:       2'01 6'--00-1 ->       2'00 6'010000
  transition:       2'01 6'-01-01 ->       2'00 6'010000
  transition:       2'01 6'--1-11 ->       2'10 6'010010
  transition:       2'01 6'-11--1 ->       2'01 6'010001
  transition:       2'01 6'00-101 -> INVALID_STATE(2'x) 6'0100xx  <ignored invalid transition!>
  transition:       2'01 6'---111 ->       2'10 6'010010
  transition:       2'01 6'-1-1-1 ->       2'01 6'010001
  transition:       2'01 6'1--1-1 ->       2'00 6'010000
Extracting FSM `\u_ibex_core.wb_stage_i.g_writeback_stage.wb_instr_type_q' from module `\ibex_top'.
  found $adff cell for state register: $flatten\u_ibex_core.\wb_stage_i.$procdff$14961
  root of input selection tree: $flatten\u_ibex_core.\wb_stage_i.$0\g_writeback_stage.wb_instr_type_q[1:0]
  found reset state: 2'00 (from async reset)
  found ctrl input: \u_ibex_core.id_stage_i.en_wb_o
  found ctrl input: \u_ibex_core.id_stage_i.lsu_req_dec
  found state code: 2'10
  found ctrl input: \u_ibex_core.id_stage_i.lsu_we
  found state code: 2'01
  found ctrl output: $flatten\u_ibex_core.\wb_stage_i.$eq$/work/src/ibex_wb_stage.v:127$1403_Y
  found ctrl output: $flatten\u_ibex_core.\wb_stage_i.$eq$/work/src/ibex_wb_stage.v:188$1419_Y
  found ctrl output: $flatten\u_ibex_core.\wb_stage_i.$eq$/work/src/ibex_wb_stage.v:190$1426_Y
  ctrl inputs: { \u_ibex_core.id_stage_i.lsu_req_dec \u_ibex_core.id_stage_i.lsu_we \u_ibex_core.id_stage_i.en_wb_o }
  ctrl outputs: { $flatten\u_ibex_core.\wb_stage_i.$eq$/work/src/ibex_wb_stage.v:190$1426_Y $flatten\u_ibex_core.\wb_stage_i.$eq$/work/src/ibex_wb_stage.v:188$1419_Y $flatten\u_ibex_core.\wb_stage_i.$0\g_writeback_stage.wb_instr_type_q[1:0] $flatten\u_ibex_core.\wb_stage_i.$eq$/work/src/ibex_wb_stage.v:127$1403_Y }
  transition:       2'00 3'--0 ->       2'00 5'01000
  transition:       2'00 3'0-1 ->       2'10 5'01100
  transition:       2'00 3'101 ->       2'00 5'01000
  transition:       2'00 3'111 ->       2'01 5'01010
  transition:       2'10 3'--0 ->       2'10 5'00101
  transition:       2'10 3'0-1 ->       2'10 5'00101
  transition:       2'10 3'101 ->       2'00 5'00001
  transition:       2'10 3'111 ->       2'01 5'00011
  transition:       2'01 3'--0 ->       2'01 5'10010
  transition:       2'01 3'0-1 ->       2'10 5'10100
  transition:       2'01 3'101 ->       2'00 5'10000
  transition:       2'01 3'111 ->       2'01 5'10010

101.3. Executing FSM_OPT pass (simple optimizations of FSMs).
Optimizing FSM `$fsm$\u_ibex_core.wb_stage_i.g_writeback_stage.wb_instr_type_q$15524' from module `\ibex_top'.
Optimizing FSM `$fsm$\u_ibex_core.load_store_unit_i.data_type_q$15518' from module `\ibex_top'.

101.4. Executing OPT_CLEAN pass (remove unused cells and wires).
Finding unused cells or wires in module \ibex_top..
Removed 13 unused cells and 15 unused wires.
<suppressed ~17 debug messages>

101.5. Executing FSM_OPT pass (simple optimizations of FSMs).
Optimizing FSM `$fsm$\u_ibex_core.load_store_unit_i.data_type_q$15518' from module `\ibex_top'.
  Removing unused output signal $flatten\u_ibex_core.\load_store_unit_i.$0\data_type_q[1:0] [0].
  Removing unused output signal $flatten\u_ibex_core.\load_store_unit_i.$0\data_type_q[1:0] [1].
Optimizing FSM `$fsm$\u_ibex_core.wb_stage_i.g_writeback_stage.wb_instr_type_q$15524' from module `\ibex_top'.
  Removing unused output signal $flatten\u_ibex_core.\wb_stage_i.$0\g_writeback_stage.wb_instr_type_q[1:0] [0].
  Removing unused output signal $flatten\u_ibex_core.\wb_stage_i.$0\g_writeback_stage.wb_instr_type_q[1:0] [1].

101.6. Executing FSM_RECODE pass (re-assigning FSM state encoding).
Recoding FSM `$fsm$\u_ibex_core.load_store_unit_i.data_type_q$15518' from module `\ibex_top' using `auto' encoding:
  mapping auto encoding to `one-hot` for this FSM.
  00 -> --1
  10 -> -1-
  01 -> 1--
Recoding FSM `$fsm$\u_ibex_core.wb_stage_i.g_writeback_stage.wb_instr_type_q$15524' from module `\ibex_top' using `auto' encoding:
  mapping auto encoding to `one-hot` for this FSM.
  00 -> --1
  10 -> -1-
  01 -> 1--

101.7. Executing FSM_INFO pass (dumping all available information on FSM cells).

FSM `$fsm$\u_ibex_core.load_store_unit_i.data_type_q$15518' from module `ibex_top':
-------------------------------------

  Information on FSM $fsm$\u_ibex_core.load_store_unit_i.data_type_q$15518 (\u_ibex_core.load_store_unit_i.data_type_q):

  Number of input signals:    6
  Number of output signals:   4
  Number of state bits:       3

  Input signals:
    0: \u_ibex_core.load_store_unit_i.ctrl_update
    1: $flatten\u_ibex_core.\id_stage_i.\decoder_i.$procmux$5672_CMP
    2: $flatten\u_ibex_core.\id_stage_i.\decoder_i.$procmux$5497_CMP
    3: $flatten\u_ibex_core.\id_stage_i.\decoder_i.$procmux$5339_CMP
    4: $flatten\u_ibex_core.\id_stage_i.\decoder_i.$procmux$4974_CMP
    5: $auto$opt_reduce.cc:134:opt_pmux$15383

  Output signals:
    0: $flatten\u_ibex_core.\load_store_unit_i.$procmux$11120_CMP [0]
    1: $flatten\u_ibex_core.\load_store_unit_i.$procmux$11120_CMP [1]
    2: $flatten\u_ibex_core.\load_store_unit_i.$procmux$11121_CMP
    3: $flatten\u_ibex_core.\load_store_unit_i.$procmux$11122_CMP

  State encoding:
    0:      3'--1  <RESET STATE>
    1:      3'-1-
    2:      3'1--

  Transition Table (state_in, ctrl_in, state_out, ctrl_out):
      0:     0 6'-----0   ->     0 4'1000
      1:     0 6'-01-01   ->     0 4'1000
      2:     0 6'--00-1   ->     0 4'1000
      3:     0 6'1--1-1   ->     0 4'1000
      4:     0 6'---111   ->     1 4'1000
      5:     0 6'--1-11   ->     1 4'1000
      6:     0 6'-1-1-1   ->     2 4'1000
      7:     0 6'-11--1   ->     2 4'1000
      8:     1 6'-01-01   ->     0 4'0001
      9:     1 6'--00-1   ->     0 4'0001
     10:     1 6'1--1-1   ->     0 4'0001
     11:     1 6'-----0   ->     1 4'0001
     12:     1 6'---111   ->     1 4'0001
     13:     1 6'--1-11   ->     1 4'0001
     14:     1 6'-1-1-1   ->     2 4'0001
     15:     1 6'-11--1   ->     2 4'0001
     16:     2 6'-01-01   ->     0 4'0100
     17:     2 6'--00-1   ->     0 4'0100
     18:     2 6'1--1-1   ->     0 4'0100
     19:     2 6'---111   ->     1 4'0100
     20:     2 6'--1-11   ->     1 4'0100
     21:     2 6'-----0   ->     2 4'0100
     22:     2 6'-1-1-1   ->     2 4'0100
     23:     2 6'-11--1   ->     2 4'0100

-------------------------------------

FSM `$fsm$\u_ibex_core.wb_stage_i.g_writeback_stage.wb_instr_type_q$15524' from module `ibex_top':
-------------------------------------

  Information on FSM $fsm$\u_ibex_core.wb_stage_i.g_writeback_stage.wb_instr_type_q$15524 (\u_ibex_core.wb_stage_i.g_writeback_stage.wb_instr_type_q):

  Number of input signals:    3
  Number of output signals:   3
  Number of state bits:       3

  Input signals:
    0: \u_ibex_core.id_stage_i.en_wb_o
    1: \u_ibex_core.id_stage_i.lsu_we
    2: \u_ibex_core.id_stage_i.lsu_req_dec

  Output signals:
    0: $flatten\u_ibex_core.\wb_stage_i.$eq$/work/src/ibex_wb_stage.v:127$1403_Y
    1: $flatten\u_ibex_core.\wb_stage_i.$eq$/work/src/ibex_wb_stage.v:188$1419_Y
    2: $flatten\u_ibex_core.\wb_stage_i.$eq$/work/src/ibex_wb_stage.v:190$1426_Y

  State encoding:
    0:      3'--1  <RESET STATE>
    1:      3'-1-
    2:      3'1--

  Transition Table (state_in, ctrl_in, state_out, ctrl_out):
      0:     0 3'--0   ->     0 3'010
      1:     0 3'101   ->     0 3'010
      2:     0 3'0-1   ->     1 3'010
      3:     0 3'111   ->     2 3'010
      4:     1 3'101   ->     0 3'001
      5:     1 3'--0   ->     1 3'001
      6:     1 3'0-1   ->     1 3'001
      7:     1 3'111   ->     2 3'001
      8:     2 3'101   ->     0 3'100
      9:     2 3'0-1   ->     1 3'100
     10:     2 3'--0   ->     2 3'100
     11:     2 3'111   ->     2 3'100

-------------------------------------

101.8. Executing FSM_MAP pass (mapping FSMs to basic logic).
Mapping FSM `$fsm$\u_ibex_core.load_store_unit_i.data_type_q$15518' from module `\ibex_top'.
Mapping FSM `$fsm$\u_ibex_core.wb_stage_i.g_writeback_stage.wb_instr_type_q$15524' from module `\ibex_top'.

102. Executing OPT_EXPR pass (perform const folding).
Optimizing module ibex_top.
<suppressed ~7 debug messages>

103. Executing OPT_MERGE pass (detect identical cells).
Finding identical cells in module `\ibex_top'.
<suppressed ~12 debug messages>
Removed a total of 4 cells.

104. Executing OPT_MUXTREE pass (detect dead branches in mux trees).
Running muxtree optimizer on module \ibex_top..
  Creating internal representation of mux trees.
  Evaluating internal representation of mux trees.
  Analyzing evaluation results.
Removed 0 multiplexer ports.
<suppressed ~295 debug messages>

105. Executing OPT_REDUCE pass (consolidate $*mux and $reduce_* inputs).
  Optimizing cells in module \ibex_top.
Performed a total of 0 changes.

106. Executing OPT_MERGE pass (detect identical cells).
Finding identical cells in module `\ibex_top'.
Removed a total of 0 cells.

107. Executing OPT_DFF pass (perform DFF optimizations).
Adding EN signal on $flatten\u_ibex_core.\wb_stage_i.$procdff$14986 ($adff) from module ibex_top (D = 0, Q = \u_ibex_core.wb_stage_i.g_writeback_stage.cheriot_rf_wdata_q).
Adding EN signal on $flatten\u_ibex_core.\wb_stage_i.$procdff$14981 ($adff) from module ibex_top (D = 1'0, Q = \u_ibex_core.wb_stage_i.g_writeback_stage.cheriot_rf_we_q).
Adding EN signal on $flatten\u_ibex_core.\wb_stage_i.$procdff$14976 ($adff) from module ibex_top (D = 1'0, Q = \u_ibex_core.wb_stage_i.g_writeback_stage.wb_cheriot_store_q).
Adding EN signal on $flatten\u_ibex_core.\wb_stage_i.$procdff$14971 ($adff) from module ibex_top (D = \u_ibex_core.id_stage_i.cheriot_lsu_req_dec, Q = \u_ibex_core.wb_stage_i.g_writeback_stage.wb_cheriot_load_q).
Adding EN signal on $flatten\u_ibex_core.\wb_stage_i.$procdff$14966 ($adff) from module ibex_top (D = \u_ibex_core.id_stage_i.cheriot_lsu_req_dec, Q = \u_ibex_core.wb_stage_i.g_writeback_stage.wb_is_cheriot_q).
Adding EN signal on $flatten\u_ibex_core.\wb_stage_i.$procdff$14956 ($adff) from module ibex_top (D = \u_ibex_core.wb_stage_i.instr_perf_count_id_i, Q = \u_ibex_core.wb_stage_i.g_writeback_stage.wb_count_q).
Adding EN signal on $flatten\u_ibex_core.\wb_stage_i.$procdff$14946 ($adff) from module ibex_top (D = \u_ibex_core.if_stage_i.pc_id_o, Q = \u_ibex_core.wb_stage_i.g_writeback_stage.wb_pc_q).
Adding EN signal on $flatten\u_ibex_core.\wb_stage_i.$procdff$14941 ($adff) from module ibex_top (D = \u_ibex_core.if_stage_i.instr_rdata_id_o [11:7], Q = \u_ibex_core.wb_stage_i.g_writeback_stage.rf_waddr_wb_q).
Adding EN signal on $flatten\u_ibex_core.\wb_stage_i.$procdff$14936 ($adff) from module ibex_top (D = \u_ibex_core.wb_stage_i.rf_we_id_i, Q = \u_ibex_core.wb_stage_i.g_writeback_stage.rf_we_wb_q).
Adding EN signal on $flatten\u_ibex_core.\wb_stage_i.$procdff$14931 ($adff) from module ibex_top (D = \u_ibex_core.wb_stage_i.rf_wdata_id_i, Q = \u_ibex_core.wb_stage_i.g_writeback_stage.rf_wdata_wb_q).
Adding EN signal on $flatten\u_ibex_core.\load_store_unit_i.$procdff$14926 ($adff) from module ibex_top (D = \data_rdata_i [31:8], Q = \u_ibex_core.load_store_unit_i.rdata_q).
Adding EN signal on $flatten\u_ibex_core.\load_store_unit_i.$procdff$14921 ($adff) from module ibex_top (D = \u_ibex_core.id_stage_i.lsu_we, Q = \u_ibex_core.load_store_unit_i.data_we_q).
Adding EN signal on $flatten\u_ibex_core.\load_store_unit_i.$procdff$14916 ($adff) from module ibex_top (D = \u_ibex_core.load_store_unit_i.lsu_sign_ext_i, Q = \u_ibex_core.load_store_unit_i.data_sign_ext_q).
Adding EN signal on $flatten\u_ibex_core.\load_store_unit_i.$procdff$14906 ($adff) from module ibex_top (D = \u_ibex_core.ex_block_i.alu_adder_result_ext [2:1], Q = \u_ibex_core.load_store_unit_i.rdata_offset_q).
Adding EN signal on $flatten\u_ibex_core.\load_store_unit_i.$procdff$14901 ($adff) from module ibex_top (D = \u_ibex_core.load_store_unit_i.addr_last_d, Q = \u_ibex_core.load_store_unit_i.addr_last_q).
Adding EN signal on $flatten\u_ibex_core.\load_store_unit_i.$procdff$14881 ($adff) from module ibex_top (D = \u_ibex_core.load_store_unit_i.cap_rx_fsm_d, Q = \u_ibex_core.load_store_unit_i.cap_rx_fsm_q).
Adding EN signal on $flatten\u_ibex_core.\load_store_unit_i.$procdff$14856 ($adff) from module ibex_top (D = \u_ibex_core.load_store_unit_i.lsu_err_d, Q = \u_ibex_core.load_store_unit_i.lsu_err_q).
Adding EN signal on $flatten\u_ibex_core.\load_store_unit_i.$procdff$14851 ($adff) from module ibex_top (D = \u_ibex_core.load_store_unit_i.pmp_err_d, Q = \u_ibex_core.load_store_unit_i.pmp_err_q).
Adding EN signal on $flatten\u_ibex_core.\load_store_unit_i.$procdff$14846 ($adff) from module ibex_top (D = \u_ibex_core.load_store_unit_i.handle_misaligned_d, Q = \u_ibex_core.load_store_unit_i.handle_misaligned_q).
Adding EN signal on $flatten\u_ibex_core.\if_stage_i.\gen_prefetch_buffer.prefetch_buffer_i.\fifo_i.$procdff$15256 ($adff) from module ibex_top (D = \u_ibex_core.if_stage_i.gen_prefetch_buffer.prefetch_buffer_i.fifo_i.instr_addr_d, Q = \u_ibex_core.if_stage_i.gen_prefetch_buffer.prefetch_buffer_i.fifo_i.instr_addr_q).
Adding EN signal on $flatten\u_ibex_core.\if_stage_i.\gen_prefetch_buffer.prefetch_buffer_i.\fifo_i.$procdff$15251 ($adff) from module ibex_top (D = \u_ibex_core.if_stage_i.gen_prefetch_buffer.prefetch_buffer_i.fifo_i.rdata_d [31:0], Q = \u_ibex_core.if_stage_i.gen_prefetch_buffer.prefetch_buffer_i.fifo_i.rdata_q [31:0]).
Adding EN signal on $flatten\u_ibex_core.\if_stage_i.\gen_prefetch_buffer.prefetch_buffer_i.\fifo_i.$procdff$15246 ($adff) from module ibex_top (D = \u_ibex_core.if_stage_i.gen_prefetch_buffer.prefetch_buffer_i.fifo_i.err_d [0], Q = \u_ibex_core.if_stage_i.gen_prefetch_buffer.prefetch_buffer_i.fifo_i.err_q [0]).
Adding EN signal on $flatten\u_ibex_core.\if_stage_i.\gen_prefetch_buffer.prefetch_buffer_i.\fifo_i.$procdff$15241 ($adff) from module ibex_top (D = \u_ibex_core.if_stage_i.gen_prefetch_buffer.prefetch_buffer_i.fifo_i.rdata_d [63:32], Q = \u_ibex_core.if_stage_i.gen_prefetch_buffer.prefetch_buffer_i.fifo_i.rdata_q [63:32]).
Adding EN signal on $flatten\u_ibex_core.\if_stage_i.\gen_prefetch_buffer.prefetch_buffer_i.\fifo_i.$procdff$15236 ($adff) from module ibex_top (D = \u_ibex_core.if_stage_i.gen_prefetch_buffer.prefetch_buffer_i.fifo_i.err_d [1], Q = \u_ibex_core.if_stage_i.gen_prefetch_buffer.prefetch_buffer_i.fifo_i.err_q [1]).
Adding EN signal on $flatten\u_ibex_core.\if_stage_i.\gen_prefetch_buffer.prefetch_buffer_i.\fifo_i.$procdff$15231 ($adff) from module ibex_top (D = \instr_rdata_i, Q = \u_ibex_core.if_stage_i.gen_prefetch_buffer.prefetch_buffer_i.fifo_i.rdata_q [95:64]).
Adding EN signal on $flatten\u_ibex_core.\if_stage_i.\gen_prefetch_buffer.prefetch_buffer_i.\fifo_i.$procdff$15226 ($adff) from module ibex_top (D = \instr_err_i, Q = \u_ibex_core.if_stage_i.gen_prefetch_buffer.prefetch_buffer_i.fifo_i.err_q [2]).
Adding EN signal on $flatten\u_ibex_core.\if_stage_i.\gen_prefetch_buffer.prefetch_buffer_i.$procdff$14796 ($adff) from module ibex_top (D = \u_ibex_core.if_stage_i.gen_prefetch_buffer.prefetch_buffer_i.instr_addr [31:2], Q = \u_ibex_core.if_stage_i.gen_prefetch_buffer.prefetch_buffer_i.stored_addr_q [31:2]).
Adding EN signal on $flatten\u_ibex_core.\if_stage_i.\gen_prefetch_buffer.prefetch_buffer_i.$procdff$14796 ($adff) from module ibex_top (D = $flatten\u_ibex_core.\if_stage_i.\gen_prefetch_buffer.prefetch_buffer_i.$ternary$/work/src/ibex_prefetch_buffer.v:135$2037_Y [1:0], Q = \u_ibex_core.if_stage_i.gen_prefetch_buffer.prefetch_buffer_i.stored_addr_q [1:0]).
Adding EN signal on $flatten\u_ibex_core.\if_stage_i.\gen_prefetch_buffer.prefetch_buffer_i.$procdff$14791 ($adff) from module ibex_top (D = \u_ibex_core.if_stage_i.gen_prefetch_buffer.prefetch_buffer_i.fetch_addr_d, Q = \u_ibex_core.if_stage_i.gen_prefetch_buffer.prefetch_buffer_i.fetch_addr_q).
Adding EN signal on $flatten\u_ibex_core.\if_stage_i.$procdff$15051 ($adff) from module ibex_top (D = { \u_ibex_core.if_stage_i.gen_prefetch_buffer.prefetch_buffer_i.fifo_i.instr_addr_q 1'0 }, Q = \u_ibex_core.if_stage_i.pc_id_o).
Adding EN signal on $flatten\u_ibex_core.\if_stage_i.$procdff$15046 ($adff) from module ibex_top (D = \u_ibex_core.if_stage_i.illegal_c_insn, Q = \u_ibex_core.if_stage_i.illegal_c_insn_id_o).
Adding EN signal on $flatten\u_ibex_core.\if_stage_i.$procdff$15041 ($adff) from module ibex_top (D = \u_ibex_core.if_stage_i.fetch_err_plus2, Q = \u_ibex_core.if_stage_i.instr_fetch_err_plus2_o).
Adding EN signal on $flatten\u_ibex_core.\if_stage_i.$procdff$15036 ($adff) from module ibex_top (D = \u_ibex_core.if_stage_i.fetch_err, Q = \u_ibex_core.if_stage_i.instr_fetch_err_o).
Adding EN signal on $flatten\u_ibex_core.\if_stage_i.$procdff$15026 ($adff) from module ibex_top (D = 2'00, Q = \u_ibex_core.if_stage_i.instr_gets_expanded_id_o).
Adding EN signal on $flatten\u_ibex_core.\if_stage_i.$procdff$15021 ($adff) from module ibex_top (D = \u_ibex_core.if_stage_i.instr_is_compressed, Q = \u_ibex_core.if_stage_i.instr_is_compressed_id_o).
Adding EN signal on $flatten\u_ibex_core.\if_stage_i.$procdff$15016 ($adff) from module ibex_top (D = \u_ibex_core.if_stage_i.compressed_decoder_i.instr_i [15:0], Q = \u_ibex_core.if_stage_i.instr_rdata_c_id_o).
Adding EN signal on $flatten\u_ibex_core.\if_stage_i.$procdff$15011 ($adff) from module ibex_top (D = \u_ibex_core.if_stage_i.instr_decompressed, Q = \u_ibex_core.if_stage_i.instr_rdata_alu_id_o).
Adding EN signal on $flatten\u_ibex_core.\if_stage_i.$procdff$15006 ($adff) from module ibex_top (D = \u_ibex_core.if_stage_i.instr_decompressed, Q = \u_ibex_core.if_stage_i.instr_rdata_id_o).
Adding EN signal on $flatten\u_ibex_core.\id_stage_i.\controller_i.$procdff$14736 ($adff) from module ibex_top (D = \u_ibex_core.id_stage_i.controller_i.debug_mode_d, Q = \u_ibex_core.id_stage_i.controller_i.debug_mode_q).
Adding EN signal on $flatten\u_ibex_core.\id_stage_i.\controller_i.$procdff$14731 ($adff) from module ibex_top (D = \u_ibex_core.id_stage_i.controller_i.nmi_mode_d, Q = \u_ibex_core.id_stage_i.controller_i.nmi_mode_q).
Adding EN signal on $flatten\u_ibex_core.\id_stage_i.\controller_i.$procdff$14726 ($adff) from module ibex_top (D = \u_ibex_core.id_stage_i.controller_i.ctrl_fsm_ns, Q = \u_ibex_core.id_stage_i.controller_i.ctrl_fsm_cs).
Adding EN signal on $flatten\u_ibex_core.\id_stage_i.$procdff$14836 ($adff) from module ibex_top (D = $flatten\u_ibex_core.\id_stage_i.$2\id_fsm_d[0:0], Q = \u_ibex_core.id_stage_i.id_fsm_q).
Adding EN signal on $flatten\u_ibex_core.\cs_registers_i.\u_mtvec_csr.$procdff$15281 ($adff) from module ibex_top (D = \u_ibex_core.cs_registers_i.u_mtvec_csr.wr_data_i, Q = \u_ibex_core.cs_registers_i.u_mtvec_csr.rdata_q).
Adding EN signal on $flatten\u_ibex_core.\cs_registers_i.\u_mtval_csr.$procdff$15296 ($adff) from module ibex_top (D = \u_ibex_core.cs_registers_i.u_mtval_csr.wr_data_i, Q = \u_ibex_core.cs_registers_i.u_mtval_csr.rdata_q).
Adding EN signal on $flatten\u_ibex_core.\cs_registers_i.\u_mstatus_csr.$procdff$15001 ($adff) from module ibex_top (D = \u_ibex_core.cs_registers_i.u_mstatus_csr.wr_data_i [5:1], Q = \u_ibex_core.cs_registers_i.u_mstatus_csr.rdata_q [5:1]).
Adding EN signal on $flatten\u_ibex_core.\cs_registers_i.\u_mstatus_csr.$procdff$15001 ($adff) from module ibex_top (D = \u_ibex_core.cs_registers_i.csr_wdata_int [21], Q = \u_ibex_core.cs_registers_i.u_mstatus_csr.rdata_q [0]).
Adding EN signal on $flatten\u_ibex_core.\cs_registers_i.\u_mstack_epc_csr.$procdff$15296 ($adff) from module ibex_top (D = \u_ibex_core.cs_registers_i.u_mepc_csr.rdata_q, Q = \u_ibex_core.cs_registers_i.u_mstack_epc_csr.rdata_q).
Adding EN signal on $flatten\u_ibex_core.\cs_registers_i.\u_mstack_csr.$procdff$15291 ($adff) from module ibex_top (D = \u_ibex_core.cs_registers_i.u_mstatus_csr.rdata_q [4:2], Q = \u_ibex_core.cs_registers_i.u_mstack_csr.rdata_q).
Adding EN signal on $flatten\u_ibex_core.\cs_registers_i.\u_mstack_cause_csr.$procdff$15301 ($adff) from module ibex_top (D = \u_ibex_core.cs_registers_i.u_mcause_csr.rdata_q, Q = \u_ibex_core.cs_registers_i.u_mstack_cause_csr.rdata_q).
Adding EN signal on $flatten\u_ibex_core.\cs_registers_i.\u_mscratch_csr.$procdff$15296 ($adff) from module ibex_top (D = \u_ibex_core.cs_registers_i.csr_wdata_int, Q = \u_ibex_core.cs_registers_i.u_mscratch_csr.rdata_q).
Adding EN signal on $flatten\u_ibex_core.\cs_registers_i.\u_mie_csr.$procdff$15276 ($adff) from module ibex_top (D = { \u_ibex_core.cs_registers_i.csr_wdata_int [3] \u_ibex_core.cs_registers_i.csr_wdata_int [7] \u_ibex_core.cs_registers_i.csr_wdata_int [11] \u_ibex_core.cs_registers_i.csr_wdata_int [30:16] }, Q = \u_ibex_core.cs_registers_i.u_mie_csr.rdata_q).
Adding EN signal on $flatten\u_ibex_core.\cs_registers_i.\u_mepc_csr.$procdff$15296 ($adff) from module ibex_top (D = \u_ibex_core.cs_registers_i.u_mepc_csr.wr_data_i, Q = \u_ibex_core.cs_registers_i.u_mepc_csr.rdata_q).
Adding EN signal on $flatten\u_ibex_core.\cs_registers_i.\u_mcounteren_csr.$procdff$14716 ($adff) from module ibex_top (D = { \u_ibex_core.cs_registers_i.csr_wdata_int [2] 1'0 \u_ibex_core.cs_registers_i.csr_wdata_int [0] }, Q = \u_ibex_core.cs_registers_i.u_mcounteren_csr.rdata_q).
Adding EN signal on $flatten\u_ibex_core.\cs_registers_i.\u_mcause_csr.$procdff$15301 ($adff) from module ibex_top (D = \u_ibex_core.cs_registers_i.u_mcause_csr.wr_data_i, Q = \u_ibex_core.cs_registers_i.u_mcause_csr.rdata_q).
Adding EN signal on $flatten\u_ibex_core.\cs_registers_i.\u_dscratch1_csr.$procdff$15296 ($adff) from module ibex_top (D = \u_ibex_core.cs_registers_i.u_dscratch1_csr.wr_data_i, Q = \u_ibex_core.cs_registers_i.u_dscratch1_csr.rdata_q).
Adding EN signal on $flatten\u_ibex_core.\cs_registers_i.\u_dscratch0_csr.$procdff$15296 ($adff) from module ibex_top (D = \u_ibex_core.cs_registers_i.u_dscratch0_csr.wr_data_i, Q = \u_ibex_core.cs_registers_i.u_dscratch0_csr.rdata_q).
Adding EN signal on $flatten\u_ibex_core.\cs_registers_i.\u_depc_csr.$procdff$15296 ($adff) from module ibex_top (D = \u_ibex_core.cs_registers_i.u_depc_csr.wr_data_i, Q = \u_ibex_core.cs_registers_i.u_depc_csr.rdata_q).
Adding EN signal on $flatten\u_ibex_core.\cs_registers_i.\u_dcsr_csr.$procdff$15286 ($adff) from module ibex_top (D = { \u_ibex_core.cs_registers_i.u_dcsr_csr.wr_data_i [8:6] \u_ibex_core.cs_registers_i.u_dcsr_csr.wr_data_i [1:0] }, Q = { \u_ibex_core.cs_registers_i.u_dcsr_csr.rdata_q [8:6] \u_ibex_core.cs_registers_i.u_dcsr_csr.rdata_q [1:0] }).
Adding EN signal on $flatten\u_ibex_core.\cs_registers_i.\u_dcsr_csr.$procdff$15286 ($adff) from module ibex_top (D = { 16'0100000000000000 \u_ibex_core.cs_registers_i.csr_wdata_int [15] 1'0 \u_ibex_core.cs_registers_i.csr_wdata_int [13:12] 6'000000 \u_ibex_core.cs_registers_i.csr_wdata_int [2] }, Q = { \u_ibex_core.cs_registers_i.u_dcsr_csr.rdata_q [31:9] \u_ibex_core.cs_registers_i.u_dcsr_csr.rdata_q [5:2] }).
Adding EN signal on $flatten\u_ibex_core.\cs_registers_i.\u_cpuctrlsts_part_csr.$procdff$14721 ($adff) from module ibex_top (D = \u_ibex_core.cs_registers_i.u_cpuctrlsts_part_csr.wr_data_i [7:6], Q = \u_ibex_core.cs_registers_i.u_cpuctrlsts_part_csr.rdata_q [7:6]).
Adding EN signal on $flatten\u_ibex_core.\cs_registers_i.\u_cpuctrlsts_part_csr.$procdff$14721 ($adff) from module ibex_top (D = 6'000000, Q = \u_ibex_core.cs_registers_i.u_cpuctrlsts_part_csr.rdata_q [5:0]).
Adding EN signal on $flatten\u_ibex_core.\cs_registers_i.\minstret_counter_i.$procdff$15221 ($adff) from module ibex_top (D = \u_ibex_core.cs_registers_i.minstret_counter_i.counter_d [63:32], Q = \u_ibex_core.cs_registers_i.minstret_counter_i.counter_q [63:32]).
Adding EN signal on $flatten\u_ibex_core.\cs_registers_i.\minstret_counter_i.$procdff$15221 ($adff) from module ibex_top (D = \u_ibex_core.cs_registers_i.minstret_counter_i.counter_d [31:0], Q = \u_ibex_core.cs_registers_i.minstret_counter_i.counter_q [31:0]).
Adding EN signal on $flatten\u_ibex_core.\cs_registers_i.\mcycle_counter_i.$procdff$15306 ($adff) from module ibex_top (D = \u_ibex_core.cs_registers_i.mcycle_counter_i.counter_d [63:32], Q = \u_ibex_core.cs_registers_i.mcycle_counter_i.counter_q [63:32]).
Adding EN signal on $flatten\u_ibex_core.\cs_registers_i.\mcycle_counter_i.$procdff$15306 ($adff) from module ibex_top (D = \u_ibex_core.cs_registers_i.mcycle_counter_i.counter_d [31:0], Q = \u_ibex_core.cs_registers_i.mcycle_counter_i.counter_q [31:0]).
Adding EN signal on $flatten\u_ibex_core.\cs_registers_i.$procdff$15271 ($adff) from module ibex_top (D = \u_ibex_core.cs_registers_i.priv_lvl_d, Q = \u_ibex_core.cs_registers_i.priv_lvl_q).
Adding EN signal on $flatten\u_ibex_core.\cs_registers_i.$procdff$15266 ($adff) from module ibex_top (D = { \u_ibex_core.cs_registers_i.csr_wdata_int [2] 1'0 \u_ibex_core.cs_registers_i.csr_wdata_int [0] }, Q = \u_ibex_core.cs_registers_i.mcountinhibit_q).
Adding EN signal on $flatten\gen_regfile_ff.register_file_i.$procdff$15216 ($adff) from module ibex_top (D = \gen_regfile_ff.register_file_i.wdata_a_i, Q = \gen_regfile_ff.register_file_i.g_plain_rf.g_rf_flops[1].rf_reg_q).
Adding EN signal on $flatten\gen_regfile_ff.register_file_i.$procdff$15211 ($adff) from module ibex_top (D = \gen_regfile_ff.register_file_i.wdata_a_i, Q = \gen_regfile_ff.register_file_i.g_plain_rf.g_rf_flops[2].rf_reg_q).
Adding EN signal on $flatten\gen_regfile_ff.register_file_i.$procdff$15206 ($adff) from module ibex_top (D = \gen_regfile_ff.register_file_i.wdata_a_i, Q = \gen_regfile_ff.register_file_i.g_plain_rf.g_rf_flops[3].rf_reg_q).
Adding EN signal on $flatten\gen_regfile_ff.register_file_i.$procdff$15201 ($adff) from module ibex_top (D = \gen_regfile_ff.register_file_i.wdata_a_i, Q = \gen_regfile_ff.register_file_i.g_plain_rf.g_rf_flops[4].rf_reg_q).
Adding EN signal on $flatten\gen_regfile_ff.register_file_i.$procdff$15196 ($adff) from module ibex_top (D = \gen_regfile_ff.register_file_i.wdata_a_i, Q = \gen_regfile_ff.register_file_i.g_plain_rf.g_rf_flops[5].rf_reg_q).
Adding EN signal on $flatten\gen_regfile_ff.register_file_i.$procdff$15191 ($adff) from module ibex_top (D = \gen_regfile_ff.register_file_i.wdata_a_i, Q = \gen_regfile_ff.register_file_i.g_plain_rf.g_rf_flops[6].rf_reg_q).
Adding EN signal on $flatten\gen_regfile_ff.register_file_i.$procdff$15186 ($adff) from module ibex_top (D = \gen_regfile_ff.register_file_i.wdata_a_i, Q = \gen_regfile_ff.register_file_i.g_plain_rf.g_rf_flops[7].rf_reg_q).
Adding EN signal on $flatten\gen_regfile_ff.register_file_i.$procdff$15181 ($adff) from module ibex_top (D = \gen_regfile_ff.register_file_i.wdata_a_i, Q = \gen_regfile_ff.register_file_i.g_plain_rf.g_rf_flops[8].rf_reg_q).
Adding EN signal on $flatten\gen_regfile_ff.register_file_i.$procdff$15176 ($adff) from module ibex_top (D = \gen_regfile_ff.register_file_i.wdata_a_i, Q = \gen_regfile_ff.register_file_i.g_plain_rf.g_rf_flops[9].rf_reg_q).
Adding EN signal on $flatten\gen_regfile_ff.register_file_i.$procdff$15171 ($adff) from module ibex_top (D = \gen_regfile_ff.register_file_i.wdata_a_i, Q = \gen_regfile_ff.register_file_i.g_plain_rf.g_rf_flops[10].rf_reg_q).
Adding EN signal on $flatten\gen_regfile_ff.register_file_i.$procdff$15166 ($adff) from module ibex_top (D = \gen_regfile_ff.register_file_i.wdata_a_i, Q = \gen_regfile_ff.register_file_i.g_plain_rf.g_rf_flops[11].rf_reg_q).
Adding EN signal on $flatten\gen_regfile_ff.register_file_i.$procdff$15161 ($adff) from module ibex_top (D = \gen_regfile_ff.register_file_i.wdata_a_i, Q = \gen_regfile_ff.register_file_i.g_plain_rf.g_rf_flops[12].rf_reg_q).
Adding EN signal on $flatten\gen_regfile_ff.register_file_i.$procdff$15156 ($adff) from module ibex_top (D = \gen_regfile_ff.register_file_i.wdata_a_i, Q = \gen_regfile_ff.register_file_i.g_plain_rf.g_rf_flops[13].rf_reg_q).
Adding EN signal on $flatten\gen_regfile_ff.register_file_i.$procdff$15151 ($adff) from module ibex_top (D = \gen_regfile_ff.register_file_i.wdata_a_i, Q = \gen_regfile_ff.register_file_i.g_plain_rf.g_rf_flops[14].rf_reg_q).
Adding EN signal on $flatten\gen_regfile_ff.register_file_i.$procdff$15146 ($adff) from module ibex_top (D = \gen_regfile_ff.register_file_i.wdata_a_i, Q = \gen_regfile_ff.register_file_i.g_plain_rf.g_rf_flops[15].rf_reg_q).
Adding EN signal on $flatten\gen_regfile_ff.register_file_i.$procdff$15141 ($adff) from module ibex_top (D = \gen_regfile_ff.register_file_i.wdata_a_i, Q = \gen_regfile_ff.register_file_i.g_plain_rf.g_rf_flops[16].rf_reg_q).
Adding EN signal on $flatten\gen_regfile_ff.register_file_i.$procdff$15136 ($adff) from module ibex_top (D = \gen_regfile_ff.register_file_i.wdata_a_i, Q = \gen_regfile_ff.register_file_i.g_plain_rf.g_rf_flops[17].rf_reg_q).
Adding EN signal on $flatten\gen_regfile_ff.register_file_i.$procdff$15131 ($adff) from module ibex_top (D = \gen_regfile_ff.register_file_i.wdata_a_i, Q = \gen_regfile_ff.register_file_i.g_plain_rf.g_rf_flops[18].rf_reg_q).
Adding EN signal on $flatten\gen_regfile_ff.register_file_i.$procdff$15126 ($adff) from module ibex_top (D = \gen_regfile_ff.register_file_i.wdata_a_i, Q = \gen_regfile_ff.register_file_i.g_plain_rf.g_rf_flops[19].rf_reg_q).
Adding EN signal on $flatten\gen_regfile_ff.register_file_i.$procdff$15121 ($adff) from module ibex_top (D = \gen_regfile_ff.register_file_i.wdata_a_i, Q = \gen_regfile_ff.register_file_i.g_plain_rf.g_rf_flops[20].rf_reg_q).
Adding EN signal on $flatten\gen_regfile_ff.register_file_i.$procdff$15116 ($adff) from module ibex_top (D = \gen_regfile_ff.register_file_i.wdata_a_i, Q = \gen_regfile_ff.register_file_i.g_plain_rf.g_rf_flops[21].rf_reg_q).
Adding EN signal on $flatten\gen_regfile_ff.register_file_i.$procdff$15111 ($adff) from module ibex_top (D = \gen_regfile_ff.register_file_i.wdata_a_i, Q = \gen_regfile_ff.register_file_i.g_plain_rf.g_rf_flops[22].rf_reg_q).
Adding EN signal on $flatten\gen_regfile_ff.register_file_i.$procdff$15106 ($adff) from module ibex_top (D = \gen_regfile_ff.register_file_i.wdata_a_i, Q = \gen_regfile_ff.register_file_i.g_plain_rf.g_rf_flops[23].rf_reg_q).
Adding EN signal on $flatten\gen_regfile_ff.register_file_i.$procdff$15101 ($adff) from module ibex_top (D = \gen_regfile_ff.register_file_i.wdata_a_i, Q = \gen_regfile_ff.register_file_i.g_plain_rf.g_rf_flops[24].rf_reg_q).
Adding EN signal on $flatten\gen_regfile_ff.register_file_i.$procdff$15096 ($adff) from module ibex_top (D = \gen_regfile_ff.register_file_i.wdata_a_i, Q = \gen_regfile_ff.register_file_i.g_plain_rf.g_rf_flops[25].rf_reg_q).
Adding EN signal on $flatten\gen_regfile_ff.register_file_i.$procdff$15091 ($adff) from module ibex_top (D = \gen_regfile_ff.register_file_i.wdata_a_i, Q = \gen_regfile_ff.register_file_i.g_plain_rf.g_rf_flops[26].rf_reg_q).
Adding EN signal on $flatten\gen_regfile_ff.register_file_i.$procdff$15086 ($adff) from module ibex_top (D = \gen_regfile_ff.register_file_i.wdata_a_i, Q = \gen_regfile_ff.register_file_i.g_plain_rf.g_rf_flops[27].rf_reg_q).
Adding EN signal on $flatten\gen_regfile_ff.register_file_i.$procdff$15081 ($adff) from module ibex_top (D = \gen_regfile_ff.register_file_i.wdata_a_i, Q = \gen_regfile_ff.register_file_i.g_plain_rf.g_rf_flops[28].rf_reg_q).
Adding EN signal on $flatten\gen_regfile_ff.register_file_i.$procdff$15076 ($adff) from module ibex_top (D = \gen_regfile_ff.register_file_i.wdata_a_i, Q = \gen_regfile_ff.register_file_i.g_plain_rf.g_rf_flops[29].rf_reg_q).
Adding EN signal on $flatten\gen_regfile_ff.register_file_i.$procdff$15071 ($adff) from module ibex_top (D = \gen_regfile_ff.register_file_i.wdata_a_i, Q = \gen_regfile_ff.register_file_i.g_plain_rf.g_rf_flops[30].rf_reg_q).
Adding EN signal on $flatten\gen_regfile_ff.register_file_i.$procdff$15066 ($adff) from module ibex_top (D = \gen_regfile_ff.register_file_i.wdata_a_i, Q = \gen_regfile_ff.register_file_i.g_plain_rf.g_rf_flops[31].rf_reg_q).
Setting constant 0-bit at position 1 on $auto$ff.cc:266:slice$15759 ($adffe) from module ibex_top.
Setting constant 0-bit at position 0 on $auto$ff.cc:266:slice$15725 ($adffe) from module ibex_top.
Setting constant 0-bit at position 1 on $auto$ff.cc:266:slice$15725 ($adffe) from module ibex_top.
Setting constant 0-bit at position 2 on $auto$ff.cc:266:slice$15725 ($adffe) from module ibex_top.
Setting constant 0-bit at position 3 on $auto$ff.cc:266:slice$15725 ($adffe) from module ibex_top.
Setting constant 0-bit at position 4 on $auto$ff.cc:266:slice$15725 ($adffe) from module ibex_top.
Setting constant 0-bit at position 5 on $auto$ff.cc:266:slice$15725 ($adffe) from module ibex_top.
Setting constant 0-bit at position 1 on $auto$ff.cc:266:slice$15721 ($adffe) from module ibex_top.
Setting constant 0-bit at position 2 on $auto$ff.cc:266:slice$15721 ($adffe) from module ibex_top.
Setting constant 0-bit at position 3 on $auto$ff.cc:266:slice$15721 ($adffe) from module ibex_top.
Setting constant 0-bit at position 4 on $auto$ff.cc:266:slice$15721 ($adffe) from module ibex_top.
Setting constant 0-bit at position 5 on $auto$ff.cc:266:slice$15721 ($adffe) from module ibex_top.
Setting constant 0-bit at position 6 on $auto$ff.cc:266:slice$15721 ($adffe) from module ibex_top.
Setting constant 0-bit at position 9 on $auto$ff.cc:266:slice$15721 ($adffe) from module ibex_top.
Setting constant 0-bit at position 11 on $auto$ff.cc:266:slice$15721 ($adffe) from module ibex_top.
Setting constant 0-bit at position 12 on $auto$ff.cc:266:slice$15721 ($adffe) from module ibex_top.
Setting constant 0-bit at position 13 on $auto$ff.cc:266:slice$15721 ($adffe) from module ibex_top.
Setting constant 0-bit at position 14 on $auto$ff.cc:266:slice$15721 ($adffe) from module ibex_top.
Setting constant 0-bit at position 15 on $auto$ff.cc:266:slice$15721 ($adffe) from module ibex_top.
Setting constant 0-bit at position 16 on $auto$ff.cc:266:slice$15721 ($adffe) from module ibex_top.
Setting constant 0-bit at position 17 on $auto$ff.cc:266:slice$15721 ($adffe) from module ibex_top.
Setting constant 0-bit at position 18 on $auto$ff.cc:266:slice$15721 ($adffe) from module ibex_top.
Setting constant 0-bit at position 19 on $auto$ff.cc:266:slice$15721 ($adffe) from module ibex_top.
Setting constant 0-bit at position 20 on $auto$ff.cc:266:slice$15721 ($adffe) from module ibex_top.
Setting constant 0-bit at position 21 on $auto$ff.cc:266:slice$15721 ($adffe) from module ibex_top.
Setting constant 0-bit at position 22 on $auto$ff.cc:266:slice$15721 ($adffe) from module ibex_top.
Setting constant 0-bit at position 23 on $auto$ff.cc:266:slice$15721 ($adffe) from module ibex_top.
Setting constant 0-bit at position 24 on $auto$ff.cc:266:slice$15721 ($adffe) from module ibex_top.
Setting constant 1-bit at position 25 on $auto$ff.cc:266:slice$15721 ($adffe) from module ibex_top.
Setting constant 0-bit at position 26 on $auto$ff.cc:266:slice$15721 ($adffe) from module ibex_top.
Setting constant 0-bit at position 1 on $auto$ff.cc:266:slice$15715 ($adffe) from module ibex_top.
Setting constant 0-bit at position 0 on $auto$ff.cc:266:slice$15664 ($adffe) from module ibex_top.
Setting constant 0-bit at position 1 on $auto$ff.cc:266:slice$15664 ($adffe) from module ibex_top.
Setting constant 0-bit at position 0 on $auto$ff.cc:266:slice$15660 ($adffe) from module ibex_top.
Setting constant 0-bit at position 0 on $auto$ff.cc:266:slice$15589 ($adffe) from module ibex_top.
Setting constant 0-bit at position 0 on $auto$ff.cc:266:slice$15588 ($adffe) from module ibex_top.
Setting constant 0-bit at position 0 on $auto$ff.cc:266:slice$15587 ($adffe) from module ibex_top.
Setting constant 0-bit at position 1 on $auto$ff.cc:266:slice$15587 ($adffe) from module ibex_top.
Setting constant 0-bit at position 2 on $auto$ff.cc:266:slice$15587 ($adffe) from module ibex_top.
Setting constant 0-bit at position 3 on $auto$ff.cc:266:slice$15587 ($adffe) from module ibex_top.
Setting constant 0-bit at position 4 on $auto$ff.cc:266:slice$15587 ($adffe) from module ibex_top.
Setting constant 0-bit at position 5 on $auto$ff.cc:266:slice$15587 ($adffe) from module ibex_top.
Setting constant 0-bit at position 6 on $auto$ff.cc:266:slice$15587 ($adffe) from module ibex_top.
Setting constant 0-bit at position 7 on $auto$ff.cc:266:slice$15587 ($adffe) from module ibex_top.
Setting constant 0-bit at position 8 on $auto$ff.cc:266:slice$15587 ($adffe) from module ibex_top.
Setting constant 0-bit at position 9 on $auto$ff.cc:266:slice$15587 ($adffe) from module ibex_top.
Setting constant 0-bit at position 10 on $auto$ff.cc:266:slice$15587 ($adffe) from module ibex_top.
Setting constant 0-bit at position 11 on $auto$ff.cc:266:slice$15587 ($adffe) from module ibex_top.
Setting constant 0-bit at position 12 on $auto$ff.cc:266:slice$15587 ($adffe) from module ibex_top.
Setting constant 0-bit at position 13 on $auto$ff.cc:266:slice$15587 ($adffe) from module ibex_top.
Setting constant 0-bit at position 14 on $auto$ff.cc:266:slice$15587 ($adffe) from module ibex_top.
Setting constant 0-bit at position 15 on $auto$ff.cc:266:slice$15587 ($adffe) from module ibex_top.
Setting constant 0-bit at position 16 on $auto$ff.cc:266:slice$15587 ($adffe) from module ibex_top.
Setting constant 0-bit at position 17 on $auto$ff.cc:266:slice$15587 ($adffe) from module ibex_top.
Setting constant 0-bit at position 18 on $auto$ff.cc:266:slice$15587 ($adffe) from module ibex_top.
Setting constant 0-bit at position 19 on $auto$ff.cc:266:slice$15587 ($adffe) from module ibex_top.
Setting constant 0-bit at position 20 on $auto$ff.cc:266:slice$15587 ($adffe) from module ibex_top.
Setting constant 0-bit at position 21 on $auto$ff.cc:266:slice$15587 ($adffe) from module ibex_top.
Setting constant 0-bit at position 22 on $auto$ff.cc:266:slice$15587 ($adffe) from module ibex_top.
Setting constant 0-bit at position 23 on $auto$ff.cc:266:slice$15587 ($adffe) from module ibex_top.
Setting constant 0-bit at position 24 on $auto$ff.cc:266:slice$15587 ($adffe) from module ibex_top.
Setting constant 0-bit at position 25 on $auto$ff.cc:266:slice$15587 ($adffe) from module ibex_top.
Setting constant 0-bit at position 26 on $auto$ff.cc:266:slice$15587 ($adffe) from module ibex_top.
Setting constant 0-bit at position 27 on $auto$ff.cc:266:slice$15587 ($adffe) from module ibex_top.
Setting constant 0-bit at position 28 on $auto$ff.cc:266:slice$15587 ($adffe) from module ibex_top.
Setting constant 0-bit at position 29 on $auto$ff.cc:266:slice$15587 ($adffe) from module ibex_top.
Setting constant 0-bit at position 30 on $auto$ff.cc:266:slice$15587 ($adffe) from module ibex_top.
Setting constant 0-bit at position 31 on $auto$ff.cc:266:slice$15587 ($adffe) from module ibex_top.

108. Executing OPT_CLEAN pass (remove unused cells and wires).
Finding unused cells or wires in module \ibex_top..
Removed 86 unused cells and 101 unused wires.
<suppressed ~89 debug messages>

109. Executing OPT_EXPR pass (perform const folding).
Optimizing module ibex_top.
<suppressed ~32 debug messages>

110. Rerunning OPT passes. (Maybe there is more to do…)

111. Executing OPT_MUXTREE pass (detect dead branches in mux trees).
Running muxtree optimizer on module \ibex_top..
  Creating internal representation of mux trees.
  Evaluating internal representation of mux trees.
  Analyzing evaluation results.
Removed 0 multiplexer ports.
<suppressed ~233 debug messages>

112. Executing OPT_REDUCE pass (consolidate $*mux and $reduce_* inputs).
  Optimizing cells in module \ibex_top.
    New ctrl vector for $pmux cell $flatten\u_ibex_core.\cs_registers_i.$procmux$12958: { $flatten\u_ibex_core.\cs_registers_i.$procmux$12998_CMP $flatten\u_ibex_core.\cs_registers_i.$procmux$12844_CMP $flatten\u_ibex_core.\cs_registers_i.$procmux$12762_CMP $flatten\u_ibex_core.\cs_registers_i.$procmux$12822_CMP $flatten\u_ibex_core.\cs_registers_i.$procmux$12801_CMP $flatten\u_ibex_core.\cs_registers_i.$procmux$12781_CMP $flatten\u_ibex_core.\cs_registers_i.$procmux$12710_CMP $flatten\u_ibex_core.\cs_registers_i.$procmux$12694_CMP $flatten\u_ibex_core.\cs_registers_i.$procmux$12679_CMP $flatten\u_ibex_core.\cs_registers_i.$procmux$12966_CTRL $auto$opt_reduce.cc:134:opt_pmux$15449 $auto$opt_reduce.cc:134:opt_pmux$15447 }
    New ctrl vector for $pmux cell $flatten\u_ibex_core.\cs_registers_i.$procmux$13007: { $flatten\u_ibex_core.\cs_registers_i.$procmux$12998_CMP $flatten\u_ibex_core.\cs_registers_i.$procmux$12867_CMP $flatten\u_ibex_core.\cs_registers_i.$procmux$12844_CMP $flatten\u_ibex_core.\cs_registers_i.$procmux$12762_CMP $flatten\u_ibex_core.\cs_registers_i.$procmux$12822_CMP $flatten\u_ibex_core.\cs_registers_i.$procmux$12801_CMP $flatten\u_ibex_core.\cs_registers_i.$procmux$12781_CMP $flatten\u_ibex_core.\cs_registers_i.$procmux$13042_CMP $auto$opt_reduce.cc:134:opt_pmux$15796 $flatten\u_ibex_core.\cs_registers_i.$procmux$12710_CMP $flatten\u_ibex_core.\cs_registers_i.$procmux$12694_CMP $flatten\u_ibex_core.\cs_registers_i.$procmux$12679_CMP $flatten\u_ibex_core.\cs_registers_i.$procmux$12966_CTRL $auto$opt_reduce.cc:134:opt_pmux$15449 $auto$opt_reduce.cc:134:opt_pmux$15447 }
    New ctrl vector for $pmux cell $flatten\u_ibex_core.\cs_registers_i.$procmux$13060: { $flatten\u_ibex_core.\cs_registers_i.$procmux$12998_CMP $flatten\u_ibex_core.\cs_registers_i.$procmux$12318_CMP $flatten\u_ibex_core.\cs_registers_i.$procmux$12867_CMP $flatten\u_ibex_core.\cs_registers_i.$procmux$12844_CMP $flatten\u_ibex_core.\cs_registers_i.$procmux$12762_CMP $flatten\u_ibex_core.\cs_registers_i.$procmux$12822_CMP $flatten\u_ibex_core.\cs_registers_i.$procmux$12801_CMP $flatten\u_ibex_core.\cs_registers_i.$procmux$12781_CMP $flatten\u_ibex_core.\cs_registers_i.$procmux$13042_CMP $flatten\u_ibex_core.\cs_registers_i.$procmux$12710_CMP $flatten\u_ibex_core.\cs_registers_i.$procmux$12694_CMP $flatten\u_ibex_core.\cs_registers_i.$procmux$12679_CMP $flatten\u_ibex_core.\cs_registers_i.$procmux$12966_CTRL $auto$opt_reduce.cc:134:opt_pmux$15449 $auto$opt_reduce.cc:134:opt_pmux$15447 }
    New ctrl vector for $pmux cell $flatten\u_ibex_core.\cs_registers_i.$procmux$13114: { $flatten\u_ibex_core.\cs_registers_i.$procmux$12998_CMP $flatten\u_ibex_core.\cs_registers_i.$procmux$13049_CMP $flatten\u_ibex_core.\cs_registers_i.$procmux$12867_CMP $flatten\u_ibex_core.\cs_registers_i.$procmux$12844_CMP $flatten\u_ibex_core.\cs_registers_i.$procmux$12762_CMP $flatten\u_ibex_core.\cs_registers_i.$procmux$12822_CMP $flatten\u_ibex_core.\cs_registers_i.$procmux$12801_CMP $flatten\u_ibex_core.\cs_registers_i.$procmux$12781_CMP $flatten\u_ibex_core.\cs_registers_i.$procmux$13042_CMP $flatten\u_ibex_core.\cs_registers_i.$procmux$12710_CMP $flatten\u_ibex_core.\cs_registers_i.$procmux$12694_CMP $flatten\u_ibex_core.\cs_registers_i.$procmux$12679_CMP $flatten\u_ibex_core.\cs_registers_i.$procmux$12966_CTRL $auto$opt_reduce.cc:134:opt_pmux$15449 $auto$opt_reduce.cc:134:opt_pmux$15447 }
    New ctrl vector for $pmux cell $flatten\u_ibex_core.\cs_registers_i.$procmux$13160: { $flatten\u_ibex_core.\cs_registers_i.$procmux$12999_CMP $flatten\u_ibex_core.\cs_registers_i.$procmux$12998_CMP $flatten\u_ibex_core.\cs_registers_i.$procmux$13049_CMP $flatten\u_ibex_core.\cs_registers_i.$procmux$12632_CMP $flatten\u_ibex_core.\cs_registers_i.$procmux$12844_CMP $flatten\u_ibex_core.\cs_registers_i.$procmux$12762_CMP $flatten\u_ibex_core.\cs_registers_i.$procmux$12822_CMP $flatten\u_ibex_core.\cs_registers_i.$procmux$12801_CMP $flatten\u_ibex_core.\cs_registers_i.$procmux$12781_CMP $flatten\u_ibex_core.\cs_registers_i.$procmux$12158_CMP $flatten\u_ibex_core.\cs_registers_i.$procmux$12710_CMP $flatten\u_ibex_core.\cs_registers_i.$procmux$12694_CMP $flatten\u_ibex_core.\cs_registers_i.$procmux$12679_CMP $flatten\u_ibex_core.\cs_registers_i.$procmux$12644_CMP $flatten\u_ibex_core.\cs_registers_i.$procmux$12966_CTRL $auto$opt_reduce.cc:134:opt_pmux$15449 $auto$opt_reduce.cc:134:opt_pmux$15447 }
    New ctrl vector for $pmux cell $flatten\u_ibex_core.\cs_registers_i.$procmux$13225: { $flatten\u_ibex_core.\cs_registers_i.$procmux$12998_CMP $flatten\u_ibex_core.\cs_registers_i.$procmux$12318_CMP $flatten\u_ibex_core.\cs_registers_i.$procmux$12867_CMP $flatten\u_ibex_core.\cs_registers_i.$procmux$12844_CMP $flatten\u_ibex_core.\cs_registers_i.$procmux$12762_CMP $flatten\u_ibex_core.\cs_registers_i.$procmux$12822_CMP $flatten\u_ibex_core.\cs_registers_i.$procmux$12801_CMP $flatten\u_ibex_core.\cs_registers_i.$procmux$12781_CMP $flatten\u_ibex_core.\cs_registers_i.$procmux$13042_CMP $flatten\u_ibex_core.\cs_registers_i.$procmux$12710_CMP $flatten\u_ibex_core.\cs_registers_i.$procmux$12694_CMP $flatten\u_ibex_core.\cs_registers_i.$procmux$12679_CMP $flatten\u_ibex_core.\cs_registers_i.$procmux$12966_CTRL $auto$opt_reduce.cc:134:opt_pmux$15449 $auto$opt_reduce.cc:134:opt_pmux$15447 }
    New ctrl vector for $pmux cell $flatten\u_ibex_core.\cs_registers_i.$procmux$13564: { $flatten\u_ibex_core.\cs_registers_i.$procmux$12998_CMP $flatten\u_ibex_core.\cs_registers_i.$procmux$12867_CMP $flatten\u_ibex_core.\cs_registers_i.$procmux$12844_CMP $flatten\u_ibex_core.\cs_registers_i.$procmux$12762_CMP $flatten\u_ibex_core.\cs_registers_i.$procmux$12822_CMP $flatten\u_ibex_core.\cs_registers_i.$procmux$12801_CMP $flatten\u_ibex_core.\cs_registers_i.$procmux$12781_CMP $flatten\u_ibex_core.\cs_registers_i.$procmux$13042_CMP $flatten\u_ibex_core.\cs_registers_i.$procmux$12710_CMP $flatten\u_ibex_core.\cs_registers_i.$procmux$12694_CMP $flatten\u_ibex_core.\cs_registers_i.$procmux$12679_CMP $flatten\u_ibex_core.\cs_registers_i.$procmux$12966_CTRL $auto$opt_reduce.cc:134:opt_pmux$15449 $auto$opt_reduce.cc:134:opt_pmux$15447 }
    New ctrl vector for $pmux cell $flatten\u_ibex_core.\cs_registers_i.$procmux$13904: { $flatten\u_ibex_core.\cs_registers_i.$procmux$12998_CMP $flatten\u_ibex_core.\cs_registers_i.$procmux$12318_CMP $flatten\u_ibex_core.\cs_registers_i.$procmux$12867_CMP $flatten\u_ibex_core.\cs_registers_i.$procmux$12844_CMP $flatten\u_ibex_core.\cs_registers_i.$procmux$12762_CMP $flatten\u_ibex_core.\cs_registers_i.$procmux$12822_CMP $flatten\u_ibex_core.\cs_registers_i.$procmux$12801_CMP $flatten\u_ibex_core.\cs_registers_i.$procmux$12781_CMP $flatten\u_ibex_core.\cs_registers_i.$procmux$13042_CMP $flatten\u_ibex_core.\cs_registers_i.$procmux$12710_CMP $flatten\u_ibex_core.\cs_registers_i.$procmux$12694_CMP $flatten\u_ibex_core.\cs_registers_i.$procmux$12679_CMP $flatten\u_ibex_core.\cs_registers_i.$procmux$12966_CTRL $auto$opt_reduce.cc:134:opt_pmux$15449 $auto$opt_reduce.cc:134:opt_pmux$15447 }
    New ctrl vector for $pmux cell $flatten\u_ibex_core.\cs_registers_i.$procmux$13950: { $flatten\u_ibex_core.\cs_registers_i.$procmux$12998_CMP $flatten\u_ibex_core.\cs_registers_i.$procmux$12318_CMP $flatten\u_ibex_core.\cs_registers_i.$procmux$12867_CMP $flatten\u_ibex_core.\cs_registers_i.$procmux$12844_CMP $flatten\u_ibex_core.\cs_registers_i.$procmux$12762_CMP $flatten\u_ibex_core.\cs_registers_i.$procmux$12822_CMP $flatten\u_ibex_core.\cs_registers_i.$procmux$12801_CMP $flatten\u_ibex_core.\cs_registers_i.$procmux$12781_CMP $flatten\u_ibex_core.\cs_registers_i.$procmux$13042_CMP $flatten\u_ibex_core.\cs_registers_i.$procmux$12710_CMP $flatten\u_ibex_core.\cs_registers_i.$procmux$12694_CMP $flatten\u_ibex_core.\cs_registers_i.$procmux$12679_CMP $flatten\u_ibex_core.\cs_registers_i.$procmux$12966_CTRL $auto$opt_reduce.cc:134:opt_pmux$15449 $auto$opt_reduce.cc:134:opt_pmux$15447 }
  Optimizing cells in module \ibex_top.
Performed a total of 9 changes.

113. Executing OPT_MERGE pass (detect identical cells).
Finding identical cells in module `\ibex_top'.
<suppressed ~126 debug messages>
Removed a total of 42 cells.

114. Executing OPT_DFF pass (perform DFF optimizations).
Setting constant 0-bit at position 0 on $auto$ff.cc:266:slice$15593 ($adffe) from module ibex_top.

115. Executing OPT_CLEAN pass (remove unused cells and wires).
Finding unused cells or wires in module \ibex_top..
Removed 0 unused cells and 40 unused wires.
<suppressed ~1 debug messages>

116. Executing OPT_EXPR pass (perform const folding).
Optimizing module ibex_top.
<suppressed ~1 debug messages>

117. Rerunning OPT passes. (Maybe there is more to do…)

118. Executing OPT_MUXTREE pass (detect dead branches in mux trees).
Running muxtree optimizer on module \ibex_top..
  Creating internal representation of mux trees.
  Evaluating internal representation of mux trees.
  Analyzing evaluation results.
Removed 0 multiplexer ports.
<suppressed ~234 debug messages>

119. Executing OPT_REDUCE pass (consolidate $*mux and $reduce_* inputs).
  Optimizing cells in module \ibex_top.
Performed a total of 0 changes.

120. Executing OPT_MERGE pass (detect identical cells).
Finding identical cells in module `\ibex_top'.
Removed a total of 0 cells.

121. Executing OPT_DFF pass (perform DFF optimizations).

122. Executing OPT_CLEAN pass (remove unused cells and wires).
Finding unused cells or wires in module \ibex_top..
Removed 0 unused cells and 1 unused wires.
<suppressed ~1 debug messages>

123. Executing OPT_EXPR pass (perform const folding).
Optimizing module ibex_top.

124. Rerunning OPT passes. (Maybe there is more to do…)

125. Executing OPT_MUXTREE pass (detect dead branches in mux trees).
Running muxtree optimizer on module \ibex_top..
  Creating internal representation of mux trees.
  Evaluating internal representation of mux trees.
  Analyzing evaluation results.
Removed 0 multiplexer ports.
<suppressed ~234 debug messages>

126. Executing OPT_REDUCE pass (consolidate $*mux and $reduce_* inputs).
  Optimizing cells in module \ibex_top.
Performed a total of 0 changes.

127. Executing OPT_MERGE pass (detect identical cells).
Finding identical cells in module `\ibex_top'.
Removed a total of 0 cells.

128. Executing OPT_DFF pass (perform DFF optimizations).

129. Executing OPT_CLEAN pass (remove unused cells and wires).
Finding unused cells or wires in module \ibex_top..

130. Executing OPT_EXPR pass (perform const folding).
Optimizing module ibex_top.

131. Executing WREDUCE pass (reducing word size of cells).
Removed top 26 address bits (of 32) from memory init port ibex_top.$flatten\u_ibex_core.\ex_block_i.\alu_i.$auto$mem.cc:328:emit$2900 ($flatten\u_ibex_core.\ex_block_i.\alu_i.$auto$proc_rom.cc:155:do_switch$2898).
Removed top 27 address bits (of 32) from memory init port ibex_top.$flatten\u_ibex_core.\id_stage_i.\decoder_i.$auto$mem.cc:328:emit$2904 ($flatten\u_ibex_core.\id_stage_i.\decoder_i.$auto$proc_rom.cc:155:do_switch$2902).
Removed top 3 bits (of 4) from FF cell ibex_top.$procdff$14711 ($adff).
Removed top 3 bits (of 4) from port Y of cell ibex_top.$flatten\u_fetch_enable_buf.$not$/work/src/prim_buf.v:10$1081 ($not).
Removed top 3 bits (of 4) from port A of cell ibex_top.$flatten\u_fetch_enable_buf.$not$/work/src/prim_buf.v:10$1081 ($not).
Removed top 1 bits (of 2) from port B of cell ibex_top.$auto$opt_dff.cc:195:make_patterns_logic$15686 ($ne).
Removed top 2 bits (of 3) from port B of cell ibex_top.$auto$opt_dff.cc:195:make_patterns_logic$15688 ($ne).
Removed top 3 bits (of 4) from port B of cell ibex_top.$auto$opt_dff.cc:195:make_patterns_logic$15697 ($ne).
Removed top 1 bits (of 2) from port B of cell ibex_top.$auto$opt_dff.cc:195:make_patterns_logic$15695 ($ne).
Removed top 1 bits (of 2) from port B of cell ibex_top.$auto$opt_dff.cc:195:make_patterns_logic$15744 ($ne).
Removed top 1 bits (of 4) from port B of cell ibex_top.$auto$fsm_map.cc:77:implement_pattern_cache$15538 ($eq).
Removed top 2 bits (of 3) from port B of cell ibex_top.$auto$fsm_map.cc:77:implement_pattern_cache$15540 ($eq).
Removed top 2 bits (of 12) from port B of cell ibex_top.$flatten\u_ibex_core.\cs_registers_i.$procmux$14649_CMP0 ($eq).
Removed top 1 bits (of 4) from port B of cell ibex_top.$flatten\u_ibex_core.\cs_registers_i.$eq$/work/src/ibex_cs_registers.v:546$2597 ($eq).
Removed top 2 bits (of 12) from port B of cell ibex_top.$flatten\u_ibex_core.\cs_registers_i.$eq$/work/src/ibex_cs_registers.v:563$2603 ($eq).
Removed top 2 bits (of 12) from port B of cell ibex_top.$flatten\u_ibex_core.\cs_registers_i.$eq$/work/src/ibex_cs_registers.v:563$2604 ($eq).
Removed top 2 bits (of 12) from port B of cell ibex_top.$flatten\u_ibex_core.\cs_registers_i.$eq$/work/src/ibex_cs_registers.v:563$2605 ($eq).
Removed top 2 bits (of 12) from port B of cell ibex_top.$flatten\u_ibex_core.\cs_registers_i.$eq$/work/src/ibex_cs_registers.v:563$2606 ($eq).
Removed top 2 bits (of 12) from port B of cell ibex_top.$flatten\u_ibex_core.\cs_registers_i.$eq$/work/src/ibex_cs_registers.v:563$2607 ($eq).
Removed top 2 bits (of 12) from port B of cell ibex_top.$flatten\u_ibex_core.\cs_registers_i.$eq$/work/src/ibex_cs_registers.v:563$2608 ($eq).
Removed top 2 bits (of 12) from port B of cell ibex_top.$flatten\u_ibex_core.\cs_registers_i.$eq$/work/src/ibex_cs_registers.v:563$2609 ($eq).
Removed top 2 bits (of 12) from port B of cell ibex_top.$flatten\u_ibex_core.\cs_registers_i.$eq$/work/src/ibex_cs_registers.v:563$2610 ($eq).
Removed top 2 bits (of 12) from port B of cell ibex_top.$flatten\u_ibex_core.\cs_registers_i.$eq$/work/src/ibex_cs_registers.v:563$2611 ($eq).
Removed top 2 bits (of 12) from port B of cell ibex_top.$flatten\u_ibex_core.\cs_registers_i.$eq$/work/src/ibex_cs_registers.v:563$2612 ($eq).
Removed top 2 bits (of 12) from port B of cell ibex_top.$flatten\u_ibex_core.\cs_registers_i.$eq$/work/src/ibex_cs_registers.v:563$2613 ($eq).
Removed top 2 bits (of 12) from port B of cell ibex_top.$flatten\u_ibex_core.\cs_registers_i.$eq$/work/src/ibex_cs_registers.v:563$2614 ($eq).
Removed top 2 bits (of 12) from port B of cell ibex_top.$flatten\u_ibex_core.\cs_registers_i.$eq$/work/src/ibex_cs_registers.v:563$2615 ($eq).
Removed top 2 bits (of 12) from port B of cell ibex_top.$flatten\u_ibex_core.\cs_registers_i.$eq$/work/src/ibex_cs_registers.v:563$2616 ($eq).
Removed top 2 bits (of 12) from port B of cell ibex_top.$flatten\u_ibex_core.\cs_registers_i.$eq$/work/src/ibex_cs_registers.v:563$2617 ($eq).
Removed top 2 bits (of 12) from port B of cell ibex_top.$flatten\u_ibex_core.\cs_registers_i.$eq$/work/src/ibex_cs_registers.v:563$2618 ($eq).
Removed top 2 bits (of 12) from port B of cell ibex_top.$flatten\u_ibex_core.\cs_registers_i.$eq$/work/src/ibex_cs_registers.v:563$2619 ($eq).
Removed top 2 bits (of 12) from port B of cell ibex_top.$flatten\u_ibex_core.\cs_registers_i.$eq$/work/src/ibex_cs_registers.v:563$2620 ($eq).
Removed top 2 bits (of 12) from port B of cell ibex_top.$flatten\u_ibex_core.\cs_registers_i.$eq$/work/src/ibex_cs_registers.v:563$2621 ($eq).
Removed top 2 bits (of 12) from port B of cell ibex_top.$flatten\u_ibex_core.\cs_registers_i.$eq$/work/src/ibex_cs_registers.v:563$2622 ($eq).
Removed top 2 bits (of 12) from port B of cell ibex_top.$flatten\u_ibex_core.\cs_registers_i.$procmux$14648_CMP0 ($eq).
Removed top 1 bits (of 4) from port B of cell ibex_top.$flatten\u_ibex_core.\cs_registers_i.$eq$/work/src/ibex_cs_registers.v:643$2656 ($eq).
Converting cell ibex_top.$flatten\u_ibex_core.\cs_registers_i.$neg$/work/src/ibex_cs_registers.v:0$2661 ($neg) from signed to unsigned.
Removed top 1 bits (of 6) from port A of cell ibex_top.$flatten\u_ibex_core.\cs_registers_i.$neg$/work/src/ibex_cs_registers.v:0$2661 ($neg).
Removed top 1 bits (of 2) from port B of cell ibex_top.$flatten\u_ibex_core.\cs_registers_i.$eq$/work/src/ibex_cs_registers.v:743$2690 ($eq).
Removed top 63 bits (of 64) from port B of cell ibex_top.$flatten\u_ibex_core.\cs_registers_i.\mcycle_counter_i.$add$/work/src/ibex_counter.v:27$2482 ($add).
Removed top 63 bits (of 64) from port B of cell ibex_top.$flatten\u_ibex_core.\cs_registers_i.\minstret_counter_i.$add$/work/src/ibex_counter.v:27$2476 ($add).
Removed top 1 bits (of 12) from port B of cell ibex_top.$flatten\u_ibex_core.\cs_registers_i.$procmux$12158_CMP0 ($eq).
Removed top 2 bits (of 12) from port B of cell ibex_top.$flatten\u_ibex_core.\cs_registers_i.$procmux$12318_CMP0 ($eq).
Removed top 1 bits (of 12) from port B of cell ibex_top.$flatten\u_ibex_core.\cs_registers_i.$procmux$12589_CMP0 ($eq).
Removed top 2 bits (of 12) from port B of cell ibex_top.$flatten\u_ibex_core.\cs_registers_i.$procmux$12632_CMP0 ($eq).
Removed top 2 bits (of 12) from port B of cell ibex_top.$flatten\u_ibex_core.\cs_registers_i.$procmux$12644_CMP0 ($eq).
Removed top 1 bits (of 12) from port B of cell ibex_top.$flatten\u_ibex_core.\cs_registers_i.$procmux$12679_CMP0 ($eq).
Removed top 1 bits (of 12) from port B of cell ibex_top.$flatten\u_ibex_core.\cs_registers_i.$procmux$12694_CMP0 ($eq).
Removed top 1 bits (of 12) from port B of cell ibex_top.$flatten\u_ibex_core.\cs_registers_i.$procmux$12710_CMP0 ($eq).
Removed top 2 bits (of 12) from port B of cell ibex_top.$flatten\u_ibex_core.\cs_registers_i.$procmux$12762_CMP0 ($eq).
Removed top 2 bits (of 12) from port B of cell ibex_top.$flatten\u_ibex_core.\cs_registers_i.$procmux$12781_CMP0 ($eq).
Removed top 2 bits (of 12) from port B of cell ibex_top.$flatten\u_ibex_core.\cs_registers_i.$procmux$12801_CMP0 ($eq).
Removed top 2 bits (of 12) from port B of cell ibex_top.$flatten\u_ibex_core.\cs_registers_i.$procmux$12822_CMP0 ($eq).
Removed top 2 bits (of 12) from port B of cell ibex_top.$flatten\u_ibex_core.\cs_registers_i.$procmux$12844_CMP0 ($eq).
Removed top 2 bits (of 12) from port B of cell ibex_top.$flatten\u_ibex_core.\cs_registers_i.$procmux$12867_CMP0 ($eq).
Removed top 29 bits (of 32) from mux cell ibex_top.$flatten\u_ibex_core.\cs_registers_i.$procmux$12889 ($mux).
Removed top 29 bits (of 32) from mux cell ibex_top.$flatten\u_ibex_core.\cs_registers_i.$procmux$12892 ($mux).
Removed top 30 bits (of 32) from mux cell ibex_top.$flatten\u_ibex_core.\cs_registers_i.$procmux$12922 ($mux).
Removed top 2 bits (of 12) from port B of cell ibex_top.$flatten\u_ibex_core.\cs_registers_i.$procmux$12966_CMP0 ($eq).
Removed top 2 bits (of 12) from port B of cell ibex_top.$flatten\u_ibex_core.\cs_registers_i.$procmux$12966_CMP1 ($eq).
Removed top 2 bits (of 12) from port B of cell ibex_top.$flatten\u_ibex_core.\cs_registers_i.$procmux$12966_CMP2 ($eq).
Removed top 2 bits (of 12) from port B of cell ibex_top.$flatten\u_ibex_core.\cs_registers_i.$procmux$12966_CMP3 ($eq).
Removed top 2 bits (of 12) from port B of cell ibex_top.$flatten\u_ibex_core.\cs_registers_i.$procmux$12966_CMP4 ($eq).
Removed top 2 bits (of 12) from port B of cell ibex_top.$flatten\u_ibex_core.\cs_registers_i.$procmux$12966_CMP5 ($eq).
Removed top 2 bits (of 12) from port B of cell ibex_top.$flatten\u_ibex_core.\cs_registers_i.$procmux$12966_CMP6 ($eq).
Removed top 2 bits (of 12) from port B of cell ibex_top.$flatten\u_ibex_core.\cs_registers_i.$procmux$12966_CMP7 ($eq).
Removed top 2 bits (of 12) from port B of cell ibex_top.$flatten\u_ibex_core.\cs_registers_i.$procmux$12966_CMP8 ($eq).
Removed top 2 bits (of 12) from port B of cell ibex_top.$flatten\u_ibex_core.\cs_registers_i.$procmux$12966_CMP9 ($eq).
Removed top 2 bits (of 12) from port B of cell ibex_top.$flatten\u_ibex_core.\cs_registers_i.$procmux$12966_CMP10 ($eq).
Removed top 2 bits (of 12) from port B of cell ibex_top.$flatten\u_ibex_core.\cs_registers_i.$procmux$12966_CMP11 ($eq).
Removed top 2 bits (of 12) from port B of cell ibex_top.$flatten\u_ibex_core.\cs_registers_i.$procmux$12966_CMP12 ($eq).
Removed top 2 bits (of 12) from port B of cell ibex_top.$flatten\u_ibex_core.\cs_registers_i.$procmux$12966_CMP13 ($eq).
Removed top 2 bits (of 12) from port B of cell ibex_top.$flatten\u_ibex_core.\cs_registers_i.$procmux$12966_CMP14 ($eq).
Removed top 2 bits (of 12) from port B of cell ibex_top.$flatten\u_ibex_core.\cs_registers_i.$procmux$12966_CMP15 ($eq).
Removed top 2 bits (of 12) from port B of cell ibex_top.$flatten\u_ibex_core.\cs_registers_i.$procmux$12966_CMP16 ($eq).
Removed top 2 bits (of 12) from port B of cell ibex_top.$flatten\u_ibex_core.\cs_registers_i.$procmux$12966_CMP17 ($eq).
Removed top 2 bits (of 12) from port B of cell ibex_top.$flatten\u_ibex_core.\cs_registers_i.$procmux$12966_CMP18 ($eq).
Removed top 2 bits (of 12) from port B of cell ibex_top.$flatten\u_ibex_core.\cs_registers_i.$procmux$12966_CMP19 ($eq).
Removed top 2 bits (of 12) from port B of cell ibex_top.$flatten\u_ibex_core.\cs_registers_i.$procmux$12966_CMP20 ($eq).
Removed top 2 bits (of 12) from port B of cell ibex_top.$flatten\u_ibex_core.\cs_registers_i.$procmux$12966_CMP21 ($eq).
Removed top 2 bits (of 12) from port B of cell ibex_top.$flatten\u_ibex_core.\cs_registers_i.$procmux$12966_CMP22 ($eq).
Removed top 2 bits (of 12) from port B of cell ibex_top.$flatten\u_ibex_core.\cs_registers_i.$procmux$12966_CMP23 ($eq).
Removed top 2 bits (of 12) from port B of cell ibex_top.$flatten\u_ibex_core.\cs_registers_i.$procmux$12966_CMP24 ($eq).
Removed top 2 bits (of 12) from port B of cell ibex_top.$flatten\u_ibex_core.\cs_registers_i.$procmux$12966_CMP25 ($eq).
Removed top 2 bits (of 12) from port B of cell ibex_top.$flatten\u_ibex_core.\cs_registers_i.$procmux$12966_CMP26 ($eq).
Removed top 2 bits (of 12) from port B of cell ibex_top.$flatten\u_ibex_core.\cs_registers_i.$procmux$12966_CMP27 ($eq).
Removed top 2 bits (of 12) from port B of cell ibex_top.$flatten\u_ibex_core.\cs_registers_i.$procmux$12966_CMP28 ($eq).
Removed top 2 bits (of 12) from port B of cell ibex_top.$flatten\u_ibex_core.\cs_registers_i.$procmux$13042_CMP0 ($eq).
Removed top 2 bits (of 12) from port B of cell ibex_top.$flatten\u_ibex_core.\cs_registers_i.$procmux$13049_CMP0 ($eq).
Removed top 2 bits (of 12) from port B of cell ibex_top.$flatten\u_ibex_core.\cs_registers_i.$procmux$14648_CMP1 ($eq).
Removed top 1 bits (of 12) from port B of cell ibex_top.$flatten\u_ibex_core.\cs_registers_i.$procmux$14605_CMP0 ($eq).
Removed top 3 bits (of 4) from port B of cell ibex_top.$auto$opt_dff.cc:195:make_patterns_logic$15673 ($ne).
Removed top 30 bits (of 32) from mux cell ibex_top.$flatten\u_ibex_core.\load_store_unit_i.$ternary$/work/src/ibex_load_store_unit.v:248$1483 ($mux).
Removed top 1 bits (of 2) from port B of cell ibex_top.$flatten\u_ibex_core.\load_store_unit_i.$eq$/work/src/ibex_load_store_unit.v:353$1501 ($eq).
Removed top 2 bits (of 4) from mux cell ibex_top.$flatten\u_ibex_core.\load_store_unit_i.$ternary$/work/src/ibex_load_store_unit.v:418$1524 ($mux).
Removed top 2 bits (of 4) from mux cell ibex_top.$flatten\u_ibex_core.\load_store_unit_i.$ternary$/work/src/ibex_load_store_unit.v:421$1525 ($mux).
Removed top 2 bits (of 4) from mux cell ibex_top.$flatten\u_ibex_core.\load_store_unit_i.$ternary$/work/src/ibex_load_store_unit.v:440$1530 ($mux).
Removed top 1 bits (of 3) from port B of cell ibex_top.$flatten\u_ibex_core.\load_store_unit_i.$eq$/work/src/ibex_load_store_unit.v:485$1541 ($eq).
Removed top 1 bits (of 2) from port B of cell ibex_top.$auto$opt_dff.cc:195:make_patterns_logic$15619 ($ne).
Removed top 2 bits (of 3) from port B of cell ibex_top.$flatten\u_ibex_core.\load_store_unit_i.$procmux$9907_CMP0 ($eq).
Removed top 1 bits (of 4) from port B of cell ibex_top.$flatten\u_ibex_core.\load_store_unit_i.$procmux$10001_CMP0 ($eq).
Removed top 1 bits (of 4) from port B of cell ibex_top.$flatten\u_ibex_core.\load_store_unit_i.$procmux$10071_CMP0 ($eq).
Removed top 2 bits (of 4) from port B of cell ibex_top.$flatten\u_ibex_core.\load_store_unit_i.$procmux$10117_CMP0 ($eq).
Removed top 2 bits (of 4) from port B of cell ibex_top.$flatten\u_ibex_core.\load_store_unit_i.$procmux$10161_CMP0 ($eq).
Removed top 3 bits (of 4) from port B of cell ibex_top.$flatten\u_ibex_core.\load_store_unit_i.$procmux$10253_CMP0 ($eq).
Removed top 2 bits (of 4) from mux cell ibex_top.$flatten\u_ibex_core.\load_store_unit_i.$procmux$10300 ($mux).
Removed top 1 bits (of 2) from port B of cell ibex_top.$flatten\u_ibex_core.\load_store_unit_i.$procmux$11268_CMP0 ($eq).
Removed top 1 bits (of 4) from port B of cell ibex_top.$flatten\u_ibex_core.\load_store_unit_i.$procmux$10993_CMP0 ($eq).
Removed top 1 bits (of 4) from port B of cell ibex_top.$flatten\u_ibex_core.\load_store_unit_i.$procmux$10994_CMP0 ($eq).
Removed top 1 bits (of 2) from port B of cell ibex_top.$flatten\u_ibex_core.\load_store_unit_i.$procmux$11140_CMP0 ($eq).
Removed top 1 bits (of 7) from port B of cell ibex_top.$flatten\u_ibex_core.\ex_block_i.\alu_i.$procmux$2950_CMP3 ($eq).
Removed top 1 bits (of 7) from port B of cell ibex_top.$flatten\u_ibex_core.\ex_block_i.\alu_i.$procmux$2950_CMP2 ($eq).
Removed top 1 bits (of 7) from port B of cell ibex_top.$flatten\u_ibex_core.\ex_block_i.\alu_i.$procmux$2949_CMP3 ($eq).
Removed top 2 bits (of 7) from port B of cell ibex_top.$flatten\u_ibex_core.\ex_block_i.\alu_i.$procmux$2949_CMP2 ($eq).
Removed top 4 bits (of 7) from port B of cell ibex_top.$flatten\u_ibex_core.\ex_block_i.\alu_i.$procmux$2924_CMP1 ($eq).
Removed top 5 bits (of 7) from port B of cell ibex_top.$flatten\u_ibex_core.\ex_block_i.\alu_i.$procmux$2924_CMP0 ($eq).
Removed top 2 bits (of 7) from port B of cell ibex_top.$flatten\u_ibex_core.\ex_block_i.\alu_i.$procmux$2923_CMP4 ($eq).
Removed top 2 bits (of 7) from port B of cell ibex_top.$flatten\u_ibex_core.\ex_block_i.\alu_i.$procmux$2923_CMP3 ($eq).
Removed top 2 bits (of 7) from port B of cell ibex_top.$flatten\u_ibex_core.\ex_block_i.\alu_i.$procmux$2923_CMP2 ($eq).
Removed top 6 bits (of 7) from port B of cell ibex_top.$flatten\u_ibex_core.\ex_block_i.\alu_i.$procmux$2923_CMP1 ($eq).
Removed top 3 bits (of 7) from port B of cell ibex_top.$flatten\u_ibex_core.\ex_block_i.\alu_i.$procmux$2922_CMP4 ($eq).
Removed top 3 bits (of 7) from port B of cell ibex_top.$flatten\u_ibex_core.\ex_block_i.\alu_i.$procmux$2922_CMP3 ($eq).
Removed top 3 bits (of 7) from port B of cell ibex_top.$flatten\u_ibex_core.\ex_block_i.\alu_i.$procmux$2922_CMP1 ($eq).
Removed top 3 bits (of 7) from port B of cell ibex_top.$flatten\u_ibex_core.\ex_block_i.\alu_i.$procmux$2922_CMP0 ($eq).
Removed top 1 bits (of 7) from port B of cell ibex_top.$flatten\u_ibex_core.\ex_block_i.\alu_i.$procmux$2920_CMP7 ($eq).
Removed top 1 bits (of 7) from port B of cell ibex_top.$flatten\u_ibex_core.\ex_block_i.\alu_i.$procmux$2920_CMP6 ($eq).
Removed top 2 bits (of 7) from port B of cell ibex_top.$flatten\u_ibex_core.\ex_block_i.\alu_i.$procmux$2920_CMP5 ($eq).
Removed top 2 bits (of 7) from port B of cell ibex_top.$flatten\u_ibex_core.\ex_block_i.\alu_i.$procmux$2920_CMP4 ($eq).
Removed top 2 bits (of 7) from port B of cell ibex_top.$flatten\u_ibex_core.\ex_block_i.\alu_i.$procmux$2920_CMP3 ($eq).
Removed top 2 bits (of 7) from port B of cell ibex_top.$flatten\u_ibex_core.\ex_block_i.\alu_i.$procmux$2920_CMP2 ($eq).
Removed top 2 bits (of 7) from port B of cell ibex_top.$flatten\u_ibex_core.\ex_block_i.\alu_i.$procmux$2920_CMP1 ($eq).
Removed top 2 bits (of 7) from port B of cell ibex_top.$flatten\u_ibex_core.\ex_block_i.\alu_i.$procmux$2920_CMP0 ($eq).
Removed top 4 bits (of 7) from port B of cell ibex_top.$flatten\u_ibex_core.\ex_block_i.\alu_i.$eq$/work/src/ibex_alu.v:246$2457 ($eq).
Removed top 4 bits (of 7) from port B of cell ibex_top.$flatten\u_ibex_core.\ex_block_i.\alu_i.$eq$/work/src/ibex_alu.v:246$2456 ($eq).
Removed top 4 bits (of 7) from port B of cell ibex_top.$flatten\u_ibex_core.\ex_block_i.\alu_i.$eq$/work/src/ibex_alu.v:245$2454 ($eq).
Removed top 5 bits (of 7) from port B of cell ibex_top.$flatten\u_ibex_core.\ex_block_i.\alu_i.$eq$/work/src/ibex_alu.v:245$2453 ($eq).
Removed top 1 bits (of 33) from port Y of cell ibex_top.$flatten\u_ibex_core.\ex_block_i.\alu_i.$sshr$/work/src/ibex_alu.v:212$2446 ($sshr).
Removed top 3 bits (of 7) from port B of cell ibex_top.$flatten\u_ibex_core.\ex_block_i.\alu_i.$eq$/work/src/ibex_alu.v:197$2441 ($eq).
Removed top 26 bits (of 32) from port A of cell ibex_top.$flatten\u_ibex_core.\ex_block_i.\alu_i.$sub$/work/src/ibex_alu.v:170$2433 ($sub).
Removed top 27 bits (of 32) from port Y of cell ibex_top.$flatten\u_ibex_core.\ex_block_i.\alu_i.$sub$/work/src/ibex_alu.v:170$2433 ($sub).
Removed top 5 bits (of 6) from port A of cell ibex_top.$flatten\u_ibex_core.\ex_block_i.\alu_i.$sub$/work/src/ibex_alu.v:170$2433 ($sub).
Removed top 1 bits (of 34) from port A of cell ibex_top.$flatten\u_ibex_core.\ex_block_i.\alu_i.$add$/work/src/ibex_alu.v:97$2418 ($add).
Removed top 1 bits (of 34) from port B of cell ibex_top.$flatten\u_ibex_core.\ex_block_i.\alu_i.$add$/work/src/ibex_alu.v:97$2418 ($add).
Removed top 1 bits (of 34) from port Y of cell ibex_top.$flatten\u_ibex_core.\ex_block_i.\alu_i.$add$/work/src/ibex_alu.v:97$2418 ($add).
Removed top 27 bits (of 32) from mux cell ibex_top.$flatten\u_ibex_core.\id_stage_i.$ternary$/work/src/ibex_id_stage.v:405$1625 ($mux).
Removed top 29 bits (of 32) from mux cell ibex_top.$flatten\u_ibex_core.\id_stage_i.$ternary$/work/src/ibex_id_stage.v:477$1732 ($mux).
Removed top 1 bits (of 3) from port B of cell ibex_top.$flatten\u_ibex_core.\id_stage_i.$procmux$9516_CMP0 ($eq).
Removed top 1 bits (of 3) from port B of cell ibex_top.$flatten\u_ibex_core.\id_stage_i.$procmux$9517_CMP0 ($eq).
Removed top 2 bits (of 3) from port B of cell ibex_top.$flatten\u_ibex_core.\id_stage_i.$procmux$9518_CMP0 ($eq).
Removed top 1 bits (of 2) from port B of cell ibex_top.$flatten\u_ibex_core.\id_stage_i.$procmux$9874_CMP0 ($eq).
Removed top 1 bits (of 2) from port B of cell ibex_top.$auto$fsm_map.cc:77:implement_pattern_cache$15578 ($eq).
Removed top 1 bits (of 5) from port B of cell ibex_top.$flatten\u_ibex_core.\id_stage_i.\decoder_i.$procmux$5437_CMP0 ($eq).
Removed top 11 bits (of 12) from port B of cell ibex_top.$flatten\u_ibex_core.\id_stage_i.\decoder_i.$procmux$5026_CMP0 ($eq).
Removed top 2 bits (of 12) from port B of cell ibex_top.$flatten\u_ibex_core.\id_stage_i.\decoder_i.$procmux$5025_CMP0 ($eq).
Removed top 3 bits (of 12) from port B of cell ibex_top.$flatten\u_ibex_core.\id_stage_i.\decoder_i.$procmux$5023_CMP0 ($eq).
Removed top 1 bits (of 2) from port B of cell ibex_top.$flatten\u_ibex_core.\id_stage_i.\decoder_i.$procmux$4974_CMP0 ($eq).
Removed top 8 bits (of 10) from port B of cell ibex_top.$flatten\u_ibex_core.\id_stage_i.\decoder_i.$procmux$6382_CMP3 ($eq).
Removed top 1 bits (of 7) from port B of cell ibex_top.$flatten\u_ibex_core.\id_stage_i.\decoder_i.$procmux$3589_CMP0 ($eq).
Removed top 5 bits (of 7) from port B of cell ibex_top.$flatten\u_ibex_core.\id_stage_i.\decoder_i.$procmux$3577_CMP0 ($eq).
Removed top 2 bits (of 7) from port B of cell ibex_top.$flatten\u_ibex_core.\id_stage_i.\decoder_i.$procmux$3576_CMP0 ($eq).
Removed top 2 bits (of 3) from mux cell ibex_top.$flatten\u_ibex_core.\id_stage_i.\decoder_i.$procmux$3527 ($mux).
Removed top 1 bits (of 7) from mux cell ibex_top.$flatten\u_ibex_core.\id_stage_i.\decoder_i.$procmux$3433 ($pmux).
Removed top 1 bits (of 3) from mux cell ibex_top.$flatten\u_ibex_core.\id_stage_i.\decoder_i.$procmux$3419 ($mux).
Removed top 1 bits (of 7) from mux cell ibex_top.$flatten\u_ibex_core.\id_stage_i.\decoder_i.$procmux$3405 ($mux).
Removed top 2 bits (of 3) from mux cell ibex_top.$flatten\u_ibex_core.\id_stage_i.\decoder_i.$procmux$3307 ($mux).
Removed top 1 bits (of 7) from port B of cell ibex_top.$flatten\u_ibex_core.\id_stage_i.\decoder_i.$procmux$3297_CMP0 ($eq).
Removed top 1 bits (of 3) from port B of cell ibex_top.$flatten\u_ibex_core.\id_stage_i.\decoder_i.$procmux$3281_CMP0 ($eq).
Removed top 1 bits (of 3) from port B of cell ibex_top.$flatten\u_ibex_core.\id_stage_i.\decoder_i.$procmux$3280_CMP0 ($eq).
Removed top 2 bits (of 7) from port B of cell ibex_top.$flatten\u_ibex_core.\id_stage_i.\decoder_i.$procmux$3241_CMP0 ($eq).
Removed top 1 bits (of 7) from mux cell ibex_top.$flatten\u_ibex_core.\id_stage_i.\decoder_i.$procmux$3233 ($mux).
Removed top 1 bits (of 7) from port B of cell ibex_top.$flatten\u_ibex_core.\id_stage_i.\decoder_i.$procmux$3081_CMP0 ($eq).
Removed top 1 bits (of 10) from port B of cell ibex_top.$flatten\u_ibex_core.\id_stage_i.\decoder_i.$procmux$3075_CMP0 ($eq).
Removed top 8 bits (of 10) from port B of cell ibex_top.$flatten\u_ibex_core.\id_stage_i.\decoder_i.$procmux$3074_CMP0 ($eq).
Removed top 7 bits (of 10) from port B of cell ibex_top.$flatten\u_ibex_core.\id_stage_i.\decoder_i.$procmux$3073_CMP0 ($eq).
Removed top 7 bits (of 10) from port B of cell ibex_top.$flatten\u_ibex_core.\id_stage_i.\decoder_i.$procmux$3072_CMP0 ($eq).
Removed top 7 bits (of 10) from port B of cell ibex_top.$flatten\u_ibex_core.\id_stage_i.\decoder_i.$procmux$3071_CMP0 ($eq).
Removed top 9 bits (of 10) from port B of cell ibex_top.$flatten\u_ibex_core.\id_stage_i.\decoder_i.$procmux$3070_CMP0 ($eq).
Removed top 7 bits (of 10) from port B of cell ibex_top.$flatten\u_ibex_core.\id_stage_i.\decoder_i.$procmux$3069_CMP0 ($eq).
Removed top 1 bits (of 10) from port B of cell ibex_top.$flatten\u_ibex_core.\id_stage_i.\decoder_i.$procmux$3068_CMP0 ($eq).
Removed top 6 bits (of 10) from port B of cell ibex_top.$flatten\u_ibex_core.\id_stage_i.\decoder_i.$procmux$3067_CMP0 ($eq).
Removed top 6 bits (of 10) from port B of cell ibex_top.$flatten\u_ibex_core.\id_stage_i.\decoder_i.$procmux$3066_CMP0 ($eq).
Removed top 6 bits (of 10) from port B of cell ibex_top.$flatten\u_ibex_core.\id_stage_i.\decoder_i.$procmux$3065_CMP0 ($eq).
Removed top 6 bits (of 10) from port B of cell ibex_top.$flatten\u_ibex_core.\id_stage_i.\decoder_i.$procmux$3064_CMP0 ($eq).
Removed top 6 bits (of 10) from port B of cell ibex_top.$flatten\u_ibex_core.\id_stage_i.\decoder_i.$procmux$3063_CMP0 ($eq).
Removed top 6 bits (of 10) from port B of cell ibex_top.$flatten\u_ibex_core.\id_stage_i.\decoder_i.$procmux$3062_CMP0 ($eq).
Removed top 6 bits (of 10) from port B of cell ibex_top.$flatten\u_ibex_core.\id_stage_i.\decoder_i.$procmux$3061_CMP0 ($eq).
Removed top 1 bits (of 7) from mux cell ibex_top.$flatten\u_ibex_core.\id_stage_i.\decoder_i.$procmux$3059 ($pmux).
Removed top 6 bits (of 10) from port B of cell ibex_top.$flatten\u_ibex_core.\id_stage_i.\decoder_i.$procmux$3060_CMP0 ($eq).
Removed top 1 bits (of 7) from mux cell ibex_top.$flatten\u_ibex_core.\id_stage_i.\decoder_i.$procmux$3043 ($mux).
Removed top 3 bits (of 7) from port B of cell ibex_top.$flatten\u_ibex_core.\id_stage_i.\decoder_i.$procmux$3003_CMP0 ($eq).
Removed top 2 bits (of 3) from port B of cell ibex_top.$flatten\u_ibex_core.\id_stage_i.\decoder_i.$procmux$3001_CMP0 ($eq).
Removed top 1 bits (of 5) from port B of cell ibex_top.$flatten\u_ibex_core.\id_stage_i.\decoder_i.$eq$/work/src/ibex_decoder.v:898$2392 ($eq).
Removed top 2 bits (of 4) from port B of cell ibex_top.$flatten\u_ibex_core.\id_stage_i.\controller_i.$procmux$8723_CMP0 ($eq).
Removed top 1 bits (of 4) from port B of cell ibex_top.$flatten\u_ibex_core.\id_stage_i.\controller_i.$procmux$8667_CMP0 ($eq).
Removed top 1 bits (of 4) from port B of cell ibex_top.$flatten\u_ibex_core.\id_stage_i.\controller_i.$procmux$8521_CMP0 ($eq).
Removed top 1 bits (of 4) from port B of cell ibex_top.$flatten\u_ibex_core.\id_stage_i.\controller_i.$procmux$8296_CMP0 ($eq).
Removed top 4 bits (of 7) from mux cell ibex_top.$flatten\u_ibex_core.\id_stage_i.\controller_i.$procmux$8282 ($mux).
Removed top 5 bits (of 7) from mux cell ibex_top.$flatten\u_ibex_core.\id_stage_i.\controller_i.$procmux$7896 ($mux).
Removed top 1 bits (of 4) from mux cell ibex_top.$flatten\u_ibex_core.\id_stage_i.\controller_i.$procmux$7396 ($mux).
Removed top 1 bits (of 4) from port B of cell ibex_top.$flatten\u_ibex_core.\id_stage_i.\controller_i.$procmux$7393_CMP0 ($eq).
Removed top 3 bits (of 4) from port B of cell ibex_top.$flatten\u_ibex_core.\id_stage_i.\controller_i.$procmux$8746_CMP0 ($eq).
Removed top 5 bits (of 7) from mux cell ibex_top.$flatten\u_ibex_core.\id_stage_i.\controller_i.$ternary$/work/src/ibex_controller.v:624$2268 ($mux).
Removed top 2 bits (of 4) from port B of cell ibex_top.$flatten\u_ibex_core.\id_stage_i.\controller_i.$procmux$8745_CMP0 ($eq).
Removed top 30 bits (of 32) from port B of cell ibex_top.$flatten\u_ibex_core.\id_stage_i.\controller_i.$add$/work/src/ibex_controller.v:618$2261 ($add).
Removed top 1 bits (of 4) from port B of cell ibex_top.$flatten\u_ibex_core.\id_stage_i.\controller_i.$ne$/work/src/ibex_controller.v:264$2125 ($ne).
Removed top 1 bits (of 3) from port B of cell ibex_top.$flatten\u_ibex_core.\if_stage_i.$procmux$11405_CMP0 ($eq).
Removed top 1 bits (of 3) from port B of cell ibex_top.$flatten\u_ibex_core.\if_stage_i.$procmux$11406_CMP0 ($eq).
Removed top 2 bits (of 3) from port B of cell ibex_top.$flatten\u_ibex_core.\if_stage_i.$procmux$11407_CMP0 ($eq).
Removed top 1 bits (of 2) from port B of cell ibex_top.$flatten\u_ibex_core.\if_stage_i.$procmux$11411_CMP0 ($eq).
Removed top 3 bits (of 32) from mux cell ibex_top.$flatten\u_ibex_core.\if_stage_i.\compressed_decoder_i.$procmux$9320 ($mux).
Removed top 1 bits (of 2) from port B of cell ibex_top.$flatten\u_ibex_core.\if_stage_i.\compressed_decoder_i.$procmux$9263_CMP1 ($eq).
Removed top 2 bits (of 3) from port B of cell ibex_top.$flatten\u_ibex_core.\if_stage_i.\compressed_decoder_i.$procmux$9229_CMP0 ($eq).
Removed top 1 bits (of 3) from port B of cell ibex_top.$flatten\u_ibex_core.\if_stage_i.\compressed_decoder_i.$procmux$9228_CMP0 ($eq).
Removed top 1 bits (of 3) from port B of cell ibex_top.$flatten\u_ibex_core.\if_stage_i.\compressed_decoder_i.$procmux$9227_CMP0 ($eq).
Removed top 1 bits (of 2) from port B of cell ibex_top.$flatten\u_ibex_core.\if_stage_i.\compressed_decoder_i.$procmux$9207_CMP0 ($eq).
Removed top 2 bits (of 3) from port B of cell ibex_top.$flatten\u_ibex_core.\if_stage_i.\compressed_decoder_i.$procmux$9175_CMP0 ($eq).
Removed top 1 bits (of 3) from port B of cell ibex_top.$flatten\u_ibex_core.\if_stage_i.\compressed_decoder_i.$procmux$9140_CMP0 ($eq).
Removed top 1 bits (of 3) from port B of cell ibex_top.$flatten\u_ibex_core.\if_stage_i.\compressed_decoder_i.$procmux$9113_CMP0 ($eq).
Removed top 7 bits (of 32) from mux cell ibex_top.$flatten\u_ibex_core.\if_stage_i.\compressed_decoder_i.$procmux$9040 ($mux).
Removed top 11 bits (of 32) from mux cell ibex_top.$flatten\u_ibex_core.\if_stage_i.\compressed_decoder_i.$procmux$8988 ($mux).
Removed top 3 bits (of 5) from port B of cell ibex_top.$flatten\u_ibex_core.\if_stage_i.\compressed_decoder_i.$eq$/work/src/ibex_compressed_decoder.v:282$2082 ($eq).
Removed top 29 bits (of 31) from port B of cell ibex_top.$flatten\u_ibex_core.\if_stage_i.\gen_prefetch_buffer.prefetch_buffer_i.\fifo_i.$add$/work/src/ibex_fetch_fifo.v:93$2845 ($add).
Removed top 29 bits (of 32) from port B of cell ibex_top.$flatten\u_ibex_core.\if_stage_i.\gen_prefetch_buffer.prefetch_buffer_i.$add$/work/src/ibex_prefetch_buffer.v:120$2036 ($add).
Removed top 3 bits (of 4) from mux cell ibex_top.$flatten\u_ibex_core.$ternary$/work/src/ibex_core.v:457$1962 ($mux).
Removed top 4 bits (of 5) from port B of cell ibex_top.$flatten\gen_regfile_ff.register_file_i.$procmux$11480_CMP0 ($eq).
Removed top 3 bits (of 5) from port B of cell ibex_top.$flatten\gen_regfile_ff.register_file_i.$procmux$11479_CMP0 ($eq).
Removed top 3 bits (of 5) from port B of cell ibex_top.$flatten\gen_regfile_ff.register_file_i.$procmux$11478_CMP0 ($eq).
Removed top 2 bits (of 5) from port B of cell ibex_top.$flatten\gen_regfile_ff.register_file_i.$procmux$11477_CMP0 ($eq).
Removed top 2 bits (of 5) from port B of cell ibex_top.$flatten\gen_regfile_ff.register_file_i.$procmux$11476_CMP0 ($eq).
Removed top 2 bits (of 5) from port B of cell ibex_top.$flatten\gen_regfile_ff.register_file_i.$procmux$11475_CMP0 ($eq).
Removed top 2 bits (of 5) from port B of cell ibex_top.$flatten\gen_regfile_ff.register_file_i.$procmux$11474_CMP0 ($eq).
Removed top 1 bits (of 5) from port B of cell ibex_top.$flatten\gen_regfile_ff.register_file_i.$procmux$11473_CMP0 ($eq).
Removed top 1 bits (of 5) from port B of cell ibex_top.$flatten\gen_regfile_ff.register_file_i.$procmux$11472_CMP0 ($eq).
Removed top 1 bits (of 5) from port B of cell ibex_top.$flatten\gen_regfile_ff.register_file_i.$procmux$11471_CMP0 ($eq).
Removed top 1 bits (of 5) from port B of cell ibex_top.$flatten\gen_regfile_ff.register_file_i.$procmux$11470_CMP0 ($eq).
Removed top 1 bits (of 5) from port B of cell ibex_top.$flatten\gen_regfile_ff.register_file_i.$procmux$11469_CMP0 ($eq).
Removed top 1 bits (of 5) from port B of cell ibex_top.$flatten\gen_regfile_ff.register_file_i.$procmux$11468_CMP0 ($eq).
Removed top 1 bits (of 5) from port B of cell ibex_top.$flatten\gen_regfile_ff.register_file_i.$procmux$11467_CMP0 ($eq).
Removed top 1 bits (of 5) from port B of cell ibex_top.$flatten\gen_regfile_ff.register_file_i.$procmux$11466_CMP0 ($eq).
Removed top 4 bits (of 5) from port B of cell ibex_top.$flatten\gen_regfile_ff.register_file_i.$procmux$11447_CMP0 ($eq).
Removed top 3 bits (of 5) from port B of cell ibex_top.$flatten\gen_regfile_ff.register_file_i.$procmux$11446_CMP0 ($eq).
Removed top 3 bits (of 5) from port B of cell ibex_top.$flatten\gen_regfile_ff.register_file_i.$procmux$11445_CMP0 ($eq).
Removed top 2 bits (of 5) from port B of cell ibex_top.$flatten\gen_regfile_ff.register_file_i.$procmux$11444_CMP0 ($eq).
Removed top 2 bits (of 5) from port B of cell ibex_top.$flatten\gen_regfile_ff.register_file_i.$procmux$11443_CMP0 ($eq).
Removed top 2 bits (of 5) from port B of cell ibex_top.$flatten\gen_regfile_ff.register_file_i.$procmux$11442_CMP0 ($eq).
Removed top 2 bits (of 5) from port B of cell ibex_top.$flatten\gen_regfile_ff.register_file_i.$procmux$11441_CMP0 ($eq).
Removed top 1 bits (of 5) from port B of cell ibex_top.$flatten\gen_regfile_ff.register_file_i.$procmux$11440_CMP0 ($eq).
Removed top 1 bits (of 5) from port B of cell ibex_top.$flatten\gen_regfile_ff.register_file_i.$procmux$11439_CMP0 ($eq).
Removed top 1 bits (of 5) from port B of cell ibex_top.$flatten\gen_regfile_ff.register_file_i.$procmux$11438_CMP0 ($eq).
Removed top 1 bits (of 5) from port B of cell ibex_top.$flatten\gen_regfile_ff.register_file_i.$procmux$11437_CMP0 ($eq).
Removed top 1 bits (of 5) from port B of cell ibex_top.$flatten\gen_regfile_ff.register_file_i.$procmux$11436_CMP0 ($eq).
Removed top 1 bits (of 5) from port B of cell ibex_top.$flatten\gen_regfile_ff.register_file_i.$procmux$11435_CMP0 ($eq).
Removed top 1 bits (of 5) from port B of cell ibex_top.$flatten\gen_regfile_ff.register_file_i.$procmux$11434_CMP0 ($eq).
Removed top 1 bits (of 5) from port B of cell ibex_top.$flatten\gen_regfile_ff.register_file_i.$procmux$11433_CMP0 ($eq).
Removed top 1 bits (of 5) from port B of cell ibex_top.$flatten\gen_regfile_ff.register_file_i.$eq$/work/src/ibex_register_file_ff.v:162$882 ($eq).
Removed top 1 bits (of 5) from port B of cell ibex_top.$flatten\gen_regfile_ff.register_file_i.$eq$/work/src/ibex_register_file_ff.v:162$880 ($eq).
Removed top 1 bits (of 5) from port B of cell ibex_top.$flatten\gen_regfile_ff.register_file_i.$eq$/work/src/ibex_register_file_ff.v:162$878 ($eq).
Removed top 1 bits (of 5) from port B of cell ibex_top.$flatten\gen_regfile_ff.register_file_i.$eq$/work/src/ibex_register_file_ff.v:162$876 ($eq).
Removed top 1 bits (of 5) from port B of cell ibex_top.$flatten\gen_regfile_ff.register_file_i.$eq$/work/src/ibex_register_file_ff.v:162$874 ($eq).
Removed top 1 bits (of 5) from port B of cell ibex_top.$flatten\gen_regfile_ff.register_file_i.$eq$/work/src/ibex_register_file_ff.v:162$872 ($eq).
Removed top 1 bits (of 5) from port B of cell ibex_top.$flatten\gen_regfile_ff.register_file_i.$eq$/work/src/ibex_register_file_ff.v:162$870 ($eq).
Removed top 1 bits (of 5) from port B of cell ibex_top.$flatten\gen_regfile_ff.register_file_i.$eq$/work/src/ibex_register_file_ff.v:162$868 ($eq).
Removed top 2 bits (of 5) from port B of cell ibex_top.$flatten\gen_regfile_ff.register_file_i.$eq$/work/src/ibex_register_file_ff.v:162$866 ($eq).
Removed top 2 bits (of 5) from port B of cell ibex_top.$flatten\gen_regfile_ff.register_file_i.$eq$/work/src/ibex_register_file_ff.v:162$864 ($eq).
Removed top 2 bits (of 5) from port B of cell ibex_top.$flatten\gen_regfile_ff.register_file_i.$eq$/work/src/ibex_register_file_ff.v:162$862 ($eq).
Removed top 2 bits (of 5) from port B of cell ibex_top.$flatten\gen_regfile_ff.register_file_i.$eq$/work/src/ibex_register_file_ff.v:162$860 ($eq).
Removed top 3 bits (of 5) from port B of cell ibex_top.$flatten\gen_regfile_ff.register_file_i.$eq$/work/src/ibex_register_file_ff.v:162$858 ($eq).
Removed top 3 bits (of 5) from port B of cell ibex_top.$flatten\gen_regfile_ff.register_file_i.$eq$/work/src/ibex_register_file_ff.v:162$856 ($eq).
Removed top 4 bits (of 5) from port B of cell ibex_top.$flatten\gen_regfile_ff.register_file_i.$eq$/work/src/ibex_register_file_ff.v:162$854 ($eq).
Removed top 3 bits (of 4) from port Y of cell ibex_top.$flatten\u_fetch_enable_buf.$not$/work/src/prim_buf.v:9$1080 ($not).
Removed top 3 bits (of 4) from port A of cell ibex_top.$flatten\u_fetch_enable_buf.$not$/work/src/prim_buf.v:9$1080 ($not).
Removed cell ibex_top.$flatten\u_ibex_core.\cs_registers_i.$procmux$12174 ($mux).
Removed cell ibex_top.$flatten\u_ibex_core.\cs_registers_i.$procmux$12259 ($mux).
Removed cell ibex_top.$flatten\u_ibex_core.\cs_registers_i.$procmux$12382 ($mux).
Removed top 29 bits (of 32) from mux cell ibex_top.$flatten\u_ibex_core.\cs_registers_i.$procmux$12607 ($mux).
Removed top 29 bits (of 32) from mux cell ibex_top.$flatten\u_ibex_core.\cs_registers_i.$procmux$12618 ($mux).
Removed top 29 bits (of 32) from port Y of cell ibex_top.$flatten\u_ibex_core.\cs_registers_i.$shift$/work/src/ibex_cs_registers.v:0$2662 ($shift).
Removed top 23 bits (of 32) from wire ibex_top.$flatten\u_ibex_core.\cs_registers_i.$1\dcsr_d[31:0].
Removed top 23 bits (of 32) from wire ibex_top.$flatten\u_ibex_core.\cs_registers_i.$2\dcsr_d[31:0].
Removed top 29 bits (of 32) from wire ibex_top.$flatten\u_ibex_core.\cs_registers_i.$2\mhpmcounter_we[31:0].
Removed top 29 bits (of 32) from wire ibex_top.$flatten\u_ibex_core.\cs_registers_i.$2\mhpmcounterh_we[31:0].
Removed top 29 bits (of 32) from wire ibex_top.$flatten\u_ibex_core.\cs_registers_i.$or$/work/src/ibex_cs_registers.v:0$2663_Y.
Removed top 27 bits (of 32) from wire ibex_top.$flatten\u_ibex_core.\ex_block_i.\alu_i.$sub$/work/src/ibex_alu.v:170$2433_Y.
Removed top 29 bits (of 32) from wire ibex_top.$flatten\u_ibex_core.\id_stage_i.$ternary$/work/src/ibex_id_stage.v:477$1732_Y.
Removed top 5 bits (of 7) from wire ibex_top.$flatten\u_ibex_core.\id_stage_i.\controller_i.$11\exc_cause_o[6:0].
Removed top 1 bits (of 4) from wire ibex_top.$flatten\u_ibex_core.\id_stage_i.\controller_i.$16\ctrl_fsm_ns[3:0].
Removed top 4 bits (of 7) from wire ibex_top.$flatten\u_ibex_core.\id_stage_i.\controller_i.$6\exc_cause_o[6:0].
Removed top 5 bits (of 7) from wire ibex_top.$flatten\u_ibex_core.\id_stage_i.\controller_i.$ternary$/work/src/ibex_controller.v:624$2268_Y.
Removed top 1 bits (of 7) from wire ibex_top.$flatten\u_ibex_core.\id_stage_i.\decoder_i.$11\alu_operator_o[6:0].
Removed top 2 bits (of 7) from wire ibex_top.$flatten\u_ibex_core.\id_stage_i.\decoder_i.$12\alu_operator_o[6:0].
Removed top 1 bits (of 7) from wire ibex_top.$flatten\u_ibex_core.\id_stage_i.\decoder_i.$13\alu_operator_o[6:0].
Removed top 1 bits (of 7) from wire ibex_top.$flatten\u_ibex_core.\id_stage_i.\decoder_i.$14\alu_operator_o[6:0].
Removed top 2 bits (of 3) from wire ibex_top.$flatten\u_ibex_core.\id_stage_i.\decoder_i.$2\imm_b_mux_sel_o[2:0].
Removed top 1 bits (of 7) from wire ibex_top.$flatten\u_ibex_core.\id_stage_i.\decoder_i.$4\alu_operator_o[6:0].
Removed top 1 bits (of 7) from wire ibex_top.$flatten\u_ibex_core.\id_stage_i.\decoder_i.$5\alu_operator_o[6:0].
Removed top 2 bits (of 3) from wire ibex_top.$flatten\u_ibex_core.\id_stage_i.\decoder_i.$6\imm_b_mux_sel_o[2:0].
Removed top 1 bits (of 7) from wire ibex_top.$flatten\u_ibex_core.\id_stage_i.\decoder_i.$7\alu_operator_o[6:0].
Removed top 7 bits (of 32) from wire ibex_top.$flatten\u_ibex_core.\if_stage_i.\compressed_decoder_i.$17\instr_o[31:0].
Removed top 14 bits (of 32) from wire ibex_top.$flatten\u_ibex_core.\if_stage_i.\compressed_decoder_i.$18\instr_o[31:0].
Removed top 14 bits (of 32) from wire ibex_top.$flatten\u_ibex_core.\if_stage_i.\compressed_decoder_i.$19\instr_o[31:0].
Removed top 2 bits (of 4) from wire ibex_top.$flatten\u_ibex_core.\load_store_unit_i.$6\ls_fsm_ns[3:0].
Removed top 2 bits (of 4) from wire ibex_top.$flatten\u_ibex_core.\load_store_unit_i.$ternary$/work/src/ibex_load_store_unit.v:418$1524_Y.
Removed top 2 bits (of 4) from wire ibex_top.$flatten\u_ibex_core.\load_store_unit_i.$ternary$/work/src/ibex_load_store_unit.v:440$1530_Y.
Removed top 3 bits (of 4) from wire ibex_top.core_busy_d.

132. Executing PEEPOPT pass (run peephole optimizers).

133. Executing OPT_CLEAN pass (remove unused cells and wires).
Finding unused cells or wires in module \ibex_top..
Removed 0 unused cells and 28 unused wires.
<suppressed ~1 debug messages>

134. Executing ALUMACC pass (create $alu and $macc cells).
Extracting $alu and $macc cells in module ibex_top:
  creating $macc model for $flatten\u_ibex_core.\cs_registers_i.$neg$/work/src/ibex_cs_registers.v:0$2661 ($neg).
  creating $macc model for $flatten\u_ibex_core.\cs_registers_i.\mcycle_counter_i.$add$/work/src/ibex_counter.v:27$2482 ($add).
  creating $macc model for $flatten\u_ibex_core.\cs_registers_i.\minstret_counter_i.$add$/work/src/ibex_counter.v:27$2476 ($add).
  creating $macc model for $flatten\u_ibex_core.\ex_block_i.\alu_i.$add$/work/src/ibex_alu.v:97$2418 ($add).
  creating $macc model for $flatten\u_ibex_core.\ex_block_i.\alu_i.$sub$/work/src/ibex_alu.v:170$2433 ($sub).
  creating $macc model for $flatten\u_ibex_core.\id_stage_i.\controller_i.$add$/work/src/ibex_controller.v:618$2261 ($add).
  creating $macc model for $flatten\u_ibex_core.\if_stage_i.\gen_prefetch_buffer.prefetch_buffer_i.$add$/work/src/ibex_prefetch_buffer.v:120$2036 ($add).
  creating $macc model for $flatten\u_ibex_core.\if_stage_i.\gen_prefetch_buffer.prefetch_buffer_i.\fifo_i.$add$/work/src/ibex_fetch_fifo.v:93$2845 ($add).
  creating $alu model for $macc $flatten\u_ibex_core.\if_stage_i.\gen_prefetch_buffer.prefetch_buffer_i.\fifo_i.$add$/work/src/ibex_fetch_fifo.v:93$2845.
  creating $alu model for $macc $flatten\u_ibex_core.\if_stage_i.\gen_prefetch_buffer.prefetch_buffer_i.$add$/work/src/ibex_prefetch_buffer.v:120$2036.
  creating $alu model for $macc $flatten\u_ibex_core.\id_stage_i.\controller_i.$add$/work/src/ibex_controller.v:618$2261.
  creating $alu model for $macc $flatten\u_ibex_core.\ex_block_i.\alu_i.$sub$/work/src/ibex_alu.v:170$2433.
  creating $alu model for $macc $flatten\u_ibex_core.\ex_block_i.\alu_i.$add$/work/src/ibex_alu.v:97$2418.
  creating $alu model for $macc $flatten\u_ibex_core.\cs_registers_i.\minstret_counter_i.$add$/work/src/ibex_counter.v:27$2476.
  creating $alu model for $macc $flatten\u_ibex_core.\cs_registers_i.\mcycle_counter_i.$add$/work/src/ibex_counter.v:27$2482.
  creating $alu model for $macc $flatten\u_ibex_core.\cs_registers_i.$neg$/work/src/ibex_cs_registers.v:0$2661.
  creating $alu model for $flatten\u_ibex_core.\cs_registers_i.$gt$/work/src/ibex_cs_registers.v:377$2539 ($gt): new $alu
  creating $alu cell for $flatten\u_ibex_core.\cs_registers_i.$gt$/work/src/ibex_cs_registers.v:377$2539: $auto$alumacc.cc:485:replace_alu$15826
  creating $alu cell for $flatten\u_ibex_core.\cs_registers_i.$neg$/work/src/ibex_cs_registers.v:0$2661: $auto$alumacc.cc:485:replace_alu$15831
  creating $alu cell for $flatten\u_ibex_core.\cs_registers_i.\mcycle_counter_i.$add$/work/src/ibex_counter.v:27$2482: $auto$alumacc.cc:485:replace_alu$15834
  creating $alu cell for $flatten\u_ibex_core.\cs_registers_i.\minstret_counter_i.$add$/work/src/ibex_counter.v:27$2476: $auto$alumacc.cc:485:replace_alu$15837
  creating $alu cell for $flatten\u_ibex_core.\ex_block_i.\alu_i.$add$/work/src/ibex_alu.v:97$2418: $auto$alumacc.cc:485:replace_alu$15840
  creating $alu cell for $flatten\u_ibex_core.\ex_block_i.\alu_i.$sub$/work/src/ibex_alu.v:170$2433: $auto$alumacc.cc:485:replace_alu$15843
  creating $alu cell for $flatten\u_ibex_core.\id_stage_i.\controller_i.$add$/work/src/ibex_controller.v:618$2261: $auto$alumacc.cc:485:replace_alu$15846
  creating $alu cell for $flatten\u_ibex_core.\if_stage_i.\gen_prefetch_buffer.prefetch_buffer_i.$add$/work/src/ibex_prefetch_buffer.v:120$2036: $auto$alumacc.cc:485:replace_alu$15849
  creating $alu cell for $flatten\u_ibex_core.\if_stage_i.\gen_prefetch_buffer.prefetch_buffer_i.\fifo_i.$add$/work/src/ibex_fetch_fifo.v:93$2845: $auto$alumacc.cc:485:replace_alu$15852
  created 9 $alu and 0 $macc cells.

135. Executing SHARE pass (SAT-based resource sharing).
Found 3 cells in module ibex_top that may be considered for resource sharing.
  Analyzing resource sharing options for $flatten\u_ibex_core.\id_stage_i.\decoder_i.$auto$mem.cc:282:emit$2903 ($memrd_v2):
    Found 1 activation_patterns using ctrl signal { \u_ibex_core.if_stage_i.illegal_c_insn_id_o $flatten\u_ibex_core.\id_stage_i.\decoder_i.$eq$/work/src/ibex_decoder.v:399$2353_Y $flatten\u_ibex_core.\id_stage_i.\decoder_i.$procmux$3001_CMP $flatten\u_ibex_core.\id_stage_i.\decoder_i.$procmux$3241_CMP $flatten\u_ibex_core.\id_stage_i.\decoder_i.$procmux$5437_CMP }.
    No candidates found.
  Analyzing resource sharing options for $flatten\u_ibex_core.\ex_block_i.\alu_i.$sshr$/work/src/ibex_alu.v:212$2446 ($sshr):
    Found 1 activation_patterns using ctrl signal { $flatten\u_ibex_core.\id_stage_i.$procmux$9870_CMP $flatten\u_ibex_core.\ex_block_i.\alu_i.$procmux$2922_CTRL }.
    No candidates found.
  Analyzing resource sharing options for $flatten\u_ibex_core.\ex_block_i.\alu_i.$auto$mem.cc:282:emit$2899 ($memrd_v2):
    Found 1 activation_patterns using ctrl signal \u_ibex_core.ex_block_i.alu_i.operator_i [6].
    No candidates found.

136. Executing OPT_EXPR pass (perform const folding).
Optimizing module ibex_top.
<suppressed ~1 debug messages>

137. Executing OPT_MERGE pass (detect identical cells).
Finding identical cells in module `\ibex_top'.
Removed a total of 0 cells.

138. Executing OPT_MUXTREE pass (detect dead branches in mux trees).
Running muxtree optimizer on module \ibex_top..
  Creating internal representation of mux trees.
  Evaluating internal representation of mux trees.
  Analyzing evaluation results.
Removed 0 multiplexer ports.
<suppressed ~234 debug messages>

139. Executing OPT_REDUCE pass (consolidate $*mux and $reduce_* inputs).
  Optimizing cells in module \ibex_top.
Performed a total of 0 changes.

140. Executing OPT_MERGE pass (detect identical cells).
Finding identical cells in module `\ibex_top'.
<suppressed ~9 debug messages>
Removed a total of 3 cells.

141. Executing OPT_DFF pass (perform DFF optimizations).
Adding EN signal on $auto$ff.cc:266:slice$15720 ($adffe) from module ibex_top (D = \u_ibex_core.id_stage_i.controller_i.debug_cause_q, Q = \u_ibex_core.cs_registers_i.u_dcsr_csr.rdata_q [8:6]).

142. Executing OPT_CLEAN pass (remove unused cells and wires).
Finding unused cells or wires in module \ibex_top..
Removed 3 unused cells and 6 unused wires.
<suppressed ~5 debug messages>

143. Executing OPT_EXPR pass (perform const folding).
Optimizing module ibex_top.

144. Rerunning OPT passes. (Maybe there is more to do…)

145. Executing OPT_MUXTREE pass (detect dead branches in mux trees).
Running muxtree optimizer on module \ibex_top..
  Creating internal representation of mux trees.
  Evaluating internal representation of mux trees.
  Analyzing evaluation results.
Removed 0 multiplexer ports.
<suppressed ~234 debug messages>

146. Executing OPT_REDUCE pass (consolidate $*mux and $reduce_* inputs).
  Optimizing cells in module \ibex_top.
Performed a total of 0 changes.

147. Executing OPT_MERGE pass (detect identical cells).
Finding identical cells in module `\ibex_top'.
Removed a total of 0 cells.

148. Executing OPT_DFF pass (perform DFF optimizations).

149. Executing OPT_CLEAN pass (remove unused cells and wires).
Finding unused cells or wires in module \ibex_top..

150. Executing OPT_EXPR pass (perform const folding).
Optimizing module ibex_top.

151. Executing MEMORY pass.

151.1. Executing OPT_MEM pass (optimize memories).
ibex_top.$flatten\u_ibex_core.\id_stage_i.\decoder_i.$auto$proc_rom.cc:155:do_switch$2902: removing const-1 lane 0
Performed a total of 1 transformations.

151.2. Executing OPT_MEM_PRIORITY pass (removing unnecessary memory write priority relations).
Performed a total of 0 transformations.

151.3. Executing OPT_MEM_FEEDBACK pass (finding memory read-to-write feedback paths).

151.4. Executing MEMORY_BMUX2ROM pass (converting muxes to ROMs).

151.5. Executing MEMORY_DFF pass (merging $dff cells to $memrd).
Checking read port `$flatten\u_ibex_core.\ex_block_i.\alu_i.$auto$proc_rom.cc:155:do_switch$2898'[0] in module `\ibex_top': no output FF found.
Checking read port address `$flatten\u_ibex_core.\ex_block_i.\alu_i.$auto$proc_rom.cc:155:do_switch$2898'[0] in module `\ibex_top': no address FF found.

151.6. Executing OPT_CLEAN pass (remove unused cells and wires).
Finding unused cells or wires in module \ibex_top..
Removed 0 unused cells and 1 unused wires.
<suppressed ~1 debug messages>

151.7. Executing MEMORY_SHARE pass (consolidating $memrd/$memwr cells).

151.8. Executing OPT_MEM_WIDEN pass (optimize memories where all ports are wide).
Performed a total of 0 transformations.

151.9. Executing OPT_CLEAN pass (remove unused cells and wires).
Finding unused cells or wires in module \ibex_top..

151.10. Executing MEMORY_COLLECT pass (generating $mem cells).

152. Executing OPT_CLEAN pass (remove unused cells and wires).
Finding unused cells or wires in module \ibex_top..

153. Executing OPT_EXPR pass (perform const folding).
Optimizing module ibex_top.
<suppressed ~312 debug messages>

154. Executing OPT_MERGE pass (detect identical cells).
Finding identical cells in module `\ibex_top'.
<suppressed ~15 debug messages>
Removed a total of 5 cells.

155. Executing OPT_DFF pass (perform DFF optimizations).
Setting constant 0-bit at position 0 on $auto$ff.cc:266:slice$15591 ($adffe) from module ibex_top.

156. Executing OPT_CLEAN pass (remove unused cells and wires).
Finding unused cells or wires in module \ibex_top..
Removed 16 unused cells and 104 unused wires.
<suppressed ~17 debug messages>

157. Rerunning OPT passes (Removed registers in this run.)

158. Executing OPT_EXPR pass (perform const folding).
Optimizing module ibex_top.
<suppressed ~8 debug messages>

159. Executing OPT_MERGE pass (detect identical cells).
Finding identical cells in module `\ibex_top'.
Removed a total of 0 cells.

160. Executing OPT_DFF pass (perform DFF optimizations).

161. Executing OPT_CLEAN pass (remove unused cells and wires).
Finding unused cells or wires in module \ibex_top..
Removed 0 unused cells and 5 unused wires.
<suppressed ~1 debug messages>

162. Executing MEMORY_MAP pass (converting memories to logic and flip-flops).
Mapping memory $flatten\u_ibex_core.\ex_block_i.\alu_i.$auto$proc_rom.cc:155:do_switch$2898 in module \ibex_top:
  created 64 $dff cells and 0 static cells of width 1.
  read interface: 0 $dff and 63 $mux cells.
  write interface: 0 write mux blocks.

163. Executing OPT_EXPR pass (perform const folding).
Optimizing module ibex_top.
<suppressed ~43 debug messages>

164. Executing OPT_MERGE pass (detect identical cells).
Finding identical cells in module `\ibex_top'.
Removed a total of 0 cells.

165. Executing OPT_MUXTREE pass (detect dead branches in mux trees).
Running muxtree optimizer on module \ibex_top..
  Creating internal representation of mux trees.
  Evaluating internal representation of mux trees.
  Analyzing evaluation results.
    dead port 3/5 on $pmux $flatten\u_ibex_core.\id_stage_i.$procmux$9690.
Removed 1 multiplexer ports.
<suppressed ~147 debug messages>

166. Executing OPT_REDUCE pass (consolidate $*mux and $reduce_* inputs).
  Optimizing cells in module \ibex_top.
    Consolidated identical input bits for $pmux cell $flatten\u_ibex_core.\cs_registers_i.$procmux$12039:
      Old ports: A={ \u_ibex_core.if_stage_i.pc_id_o [31:1] 1'0 }, B={ \u_ibex_core.if_stage_i.gen_prefetch_buffer.prefetch_buffer_i.fifo_i.instr_addr_q 1'0 \u_ibex_core.wb_stage_i.g_writeback_stage.wb_pc_q [31:1] 1'0 }, Y=$flatten\u_ibex_core.\cs_registers_i.$2\exception_pc[31:0]
      New ports: A=\u_ibex_core.if_stage_i.pc_id_o [31:1], B={ \u_ibex_core.if_stage_i.gen_prefetch_buffer.prefetch_buffer_i.fifo_i.instr_addr_q \u_ibex_core.wb_stage_i.g_writeback_stage.wb_pc_q [31:1] }, Y=$flatten\u_ibex_core.\cs_registers_i.$2\exception_pc[31:0] [31:1]
      New connections: $flatten\u_ibex_core.\cs_registers_i.$2\exception_pc[31:0] [0] = 1'0
    Consolidated identical input bits for $mux cell $flatten\u_ibex_core.\cs_registers_i.$procmux$12597:
      Old ports: A={ \u_ibex_core.cs_registers_i.u_cpuctrlsts_part_csr.rdata_q [7:6] 6'000000 }, B={ \u_ibex_core.cs_registers_i.csr_wdata_int [7:6] 6'000000 }, Y=$flatten\u_ibex_core.\cs_registers_i.$2\cpuctrlsts_part_d[7:0]
      New ports: A=\u_ibex_core.cs_registers_i.u_cpuctrlsts_part_csr.rdata_q [7:6], B=\u_ibex_core.cs_registers_i.csr_wdata_int [7:6], Y=$flatten\u_ibex_core.\cs_registers_i.$2\cpuctrlsts_part_d[7:0] [7:6]
      New connections: $flatten\u_ibex_core.\cs_registers_i.$2\cpuctrlsts_part_d[7:0] [5:0] = 6'000000
    New ctrl vector for $pmux cell $flatten\u_ibex_core.\cs_registers_i.$procmux$12958: { $flatten\u_ibex_core.\cs_registers_i.$procmux$12998_CMP $flatten\u_ibex_core.\cs_registers_i.$2\mscratch_en[0:0] $flatten\u_ibex_core.\cs_registers_i.$procmux$12762_CMP $flatten\u_ibex_core.\cs_registers_i.$2\mepc_en[0:0] $flatten\u_ibex_core.\cs_registers_i.$2\mcause_en[0:0] $flatten\u_ibex_core.\cs_registers_i.$2\mtval_en[0:0] $flatten\u_ibex_core.\cs_registers_i.$2\depc_en[0:0] $flatten\u_ibex_core.\cs_registers_i.$2\dscratch0_en[0:0] $flatten\u_ibex_core.\cs_registers_i.$2\dscratch1_en[0:0] $auto$opt_reduce.cc:134:opt_pmux$15449 $auto$opt_reduce.cc:134:opt_pmux$15447 }
    New ctrl vector for $pmux cell $flatten\u_ibex_core.\cs_registers_i.$procmux$13007: { $flatten\u_ibex_core.\cs_registers_i.$procmux$12998_CMP $flatten\u_ibex_core.\cs_registers_i.$2\mie_en[0:0] $flatten\u_ibex_core.\cs_registers_i.$2\mscratch_en[0:0] $flatten\u_ibex_core.\cs_registers_i.$procmux$12762_CMP $flatten\u_ibex_core.\cs_registers_i.$2\mepc_en[0:0] $flatten\u_ibex_core.\cs_registers_i.$2\mcause_en[0:0] $flatten\u_ibex_core.\cs_registers_i.$2\mtval_en[0:0] $flatten\u_ibex_core.\cs_registers_i.$procmux$13042_CMP $auto$opt_reduce.cc:134:opt_pmux$15796 $flatten\u_ibex_core.\cs_registers_i.$2\depc_en[0:0] $flatten\u_ibex_core.\cs_registers_i.$2\dscratch0_en[0:0] $flatten\u_ibex_core.\cs_registers_i.$2\dscratch1_en[0:0] $auto$opt_reduce.cc:134:opt_pmux$15449 $auto$opt_reduce.cc:134:opt_pmux$15447 }
    New ctrl vector for $pmux cell $flatten\u_ibex_core.\cs_registers_i.$procmux$13060: { $flatten\u_ibex_core.\cs_registers_i.$procmux$12998_CMP $flatten\u_ibex_core.\cs_registers_i.$2\mstatus_en[0:0] $flatten\u_ibex_core.\cs_registers_i.$2\mie_en[0:0] $flatten\u_ibex_core.\cs_registers_i.$2\mscratch_en[0:0] $flatten\u_ibex_core.\cs_registers_i.$procmux$12762_CMP $flatten\u_ibex_core.\cs_registers_i.$2\mepc_en[0:0] $flatten\u_ibex_core.\cs_registers_i.$2\mcause_en[0:0] $flatten\u_ibex_core.\cs_registers_i.$2\mtval_en[0:0] $flatten\u_ibex_core.\cs_registers_i.$procmux$13042_CMP $flatten\u_ibex_core.\cs_registers_i.$2\depc_en[0:0] $flatten\u_ibex_core.\cs_registers_i.$2\dscratch0_en[0:0] $flatten\u_ibex_core.\cs_registers_i.$2\dscratch1_en[0:0] $auto$opt_reduce.cc:134:opt_pmux$15449 $auto$opt_reduce.cc:134:opt_pmux$15447 }
    New ctrl vector for $pmux cell $flatten\u_ibex_core.\cs_registers_i.$procmux$13114: { $flatten\u_ibex_core.\cs_registers_i.$procmux$12998_CMP $flatten\u_ibex_core.\cs_registers_i.$procmux$13049_CMP $flatten\u_ibex_core.\cs_registers_i.$2\mie_en[0:0] $flatten\u_ibex_core.\cs_registers_i.$2\mscratch_en[0:0] $flatten\u_ibex_core.\cs_registers_i.$procmux$12762_CMP $flatten\u_ibex_core.\cs_registers_i.$2\mepc_en[0:0] $flatten\u_ibex_core.\cs_registers_i.$2\mcause_en[0:0] $flatten\u_ibex_core.\cs_registers_i.$2\mtval_en[0:0] $flatten\u_ibex_core.\cs_registers_i.$procmux$13042_CMP $flatten\u_ibex_core.\cs_registers_i.$2\depc_en[0:0] $flatten\u_ibex_core.\cs_registers_i.$2\dscratch0_en[0:0] $flatten\u_ibex_core.\cs_registers_i.$2\dscratch1_en[0:0] $auto$opt_reduce.cc:134:opt_pmux$15449 $auto$opt_reduce.cc:134:opt_pmux$15447 }
    New ctrl vector for $pmux cell $flatten\u_ibex_core.\cs_registers_i.$procmux$13160: { $flatten\u_ibex_core.\cs_registers_i.$procmux$12999_CMP $flatten\u_ibex_core.\cs_registers_i.$procmux$12998_CMP $flatten\u_ibex_core.\cs_registers_i.$procmux$13049_CMP $flatten\u_ibex_core.\cs_registers_i.$procmux$12632_CMP $flatten\u_ibex_core.\cs_registers_i.$2\mscratch_en[0:0] $flatten\u_ibex_core.\cs_registers_i.$procmux$12762_CMP $flatten\u_ibex_core.\cs_registers_i.$2\mepc_en[0:0] $flatten\u_ibex_core.\cs_registers_i.$2\mcause_en[0:0] $flatten\u_ibex_core.\cs_registers_i.$2\mtval_en[0:0] $flatten\u_ibex_core.\cs_registers_i.$2\dcsr_en[0:0] $flatten\u_ibex_core.\cs_registers_i.$2\depc_en[0:0] $flatten\u_ibex_core.\cs_registers_i.$2\dscratch0_en[0:0] $flatten\u_ibex_core.\cs_registers_i.$2\dscratch1_en[0:0] $flatten\u_ibex_core.\cs_registers_i.$2\mcountinhibit_we[0:0] $auto$opt_reduce.cc:134:opt_pmux$15449 $auto$opt_reduce.cc:134:opt_pmux$15447 }
    New ctrl vector for $pmux cell $flatten\u_ibex_core.\cs_registers_i.$procmux$13225: { $flatten\u_ibex_core.\cs_registers_i.$procmux$12998_CMP $flatten\u_ibex_core.\cs_registers_i.$2\mstatus_en[0:0] $flatten\u_ibex_core.\cs_registers_i.$2\mie_en[0:0] $flatten\u_ibex_core.\cs_registers_i.$2\mscratch_en[0:0] $flatten\u_ibex_core.\cs_registers_i.$procmux$12762_CMP $flatten\u_ibex_core.\cs_registers_i.$2\mepc_en[0:0] $flatten\u_ibex_core.\cs_registers_i.$2\mcause_en[0:0] $flatten\u_ibex_core.\cs_registers_i.$2\mtval_en[0:0] $flatten\u_ibex_core.\cs_registers_i.$procmux$13042_CMP $flatten\u_ibex_core.\cs_registers_i.$2\depc_en[0:0] $flatten\u_ibex_core.\cs_registers_i.$2\dscratch0_en[0:0] $flatten\u_ibex_core.\cs_registers_i.$2\dscratch1_en[0:0] $auto$opt_reduce.cc:134:opt_pmux$15449 $auto$opt_reduce.cc:134:opt_pmux$15447 }
    New ctrl vector for $pmux cell $flatten\u_ibex_core.\cs_registers_i.$procmux$13564: { $flatten\u_ibex_core.\cs_registers_i.$procmux$12998_CMP $flatten\u_ibex_core.\cs_registers_i.$2\mie_en[0:0] $flatten\u_ibex_core.\cs_registers_i.$2\mscratch_en[0:0] $flatten\u_ibex_core.\cs_registers_i.$procmux$12762_CMP $flatten\u_ibex_core.\cs_registers_i.$2\mepc_en[0:0] $flatten\u_ibex_core.\cs_registers_i.$2\mcause_en[0:0] $flatten\u_ibex_core.\cs_registers_i.$2\mtval_en[0:0] $flatten\u_ibex_core.\cs_registers_i.$procmux$13042_CMP $flatten\u_ibex_core.\cs_registers_i.$2\depc_en[0:0] $flatten\u_ibex_core.\cs_registers_i.$2\dscratch0_en[0:0] $flatten\u_ibex_core.\cs_registers_i.$2\dscratch1_en[0:0] $auto$opt_reduce.cc:134:opt_pmux$15449 $auto$opt_reduce.cc:134:opt_pmux$15447 }
    New ctrl vector for $pmux cell $flatten\u_ibex_core.\cs_registers_i.$procmux$13662: { $flatten\u_ibex_core.\cs_registers_i.$procmux$12998_CMP $flatten\u_ibex_core.\cs_registers_i.$procmux$13049_CMP $flatten\u_ibex_core.\cs_registers_i.$2\mscratch_en[0:0] $flatten\u_ibex_core.\cs_registers_i.$procmux$12762_CMP $flatten\u_ibex_core.\cs_registers_i.$2\mepc_en[0:0] $flatten\u_ibex_core.\cs_registers_i.$2\mcause_en[0:0] $flatten\u_ibex_core.\cs_registers_i.$2\mtval_en[0:0] $flatten\u_ibex_core.\cs_registers_i.$2\dcsr_en[0:0] $flatten\u_ibex_core.\cs_registers_i.$2\depc_en[0:0] $flatten\u_ibex_core.\cs_registers_i.$2\dscratch0_en[0:0] $flatten\u_ibex_core.\cs_registers_i.$2\dscratch1_en[0:0] $auto$opt_reduce.cc:134:opt_pmux$15449 $auto$opt_reduce.cc:134:opt_pmux$15447 }
    New ctrl vector for $pmux cell $flatten\u_ibex_core.\cs_registers_i.$procmux$13760: { $flatten\u_ibex_core.\cs_registers_i.$procmux$12998_CMP $flatten\u_ibex_core.\cs_registers_i.$2\mstatus_en[0:0] $flatten\u_ibex_core.\cs_registers_i.$2\mie_en[0:0] $flatten\u_ibex_core.\cs_registers_i.$2\mscratch_en[0:0] $flatten\u_ibex_core.\cs_registers_i.$procmux$12762_CMP $flatten\u_ibex_core.\cs_registers_i.$2\mepc_en[0:0] $flatten\u_ibex_core.\cs_registers_i.$2\mcause_en[0:0] $flatten\u_ibex_core.\cs_registers_i.$2\mtval_en[0:0] $flatten\u_ibex_core.\cs_registers_i.$procmux$13042_CMP $flatten\u_ibex_core.\cs_registers_i.$2\dcsr_en[0:0] $flatten\u_ibex_core.\cs_registers_i.$2\depc_en[0:0] $flatten\u_ibex_core.\cs_registers_i.$2\dscratch0_en[0:0] $flatten\u_ibex_core.\cs_registers_i.$2\dscratch1_en[0:0] $auto$opt_reduce.cc:134:opt_pmux$15449 $auto$opt_reduce.cc:134:opt_pmux$15447 $flatten\u_ibex_core.\cs_registers_i.$2\cpuctrlsts_part_we[0:0] }
    New ctrl vector for $pmux cell $flatten\u_ibex_core.\cs_registers_i.$procmux$13904: { $flatten\u_ibex_core.\cs_registers_i.$procmux$12998_CMP $flatten\u_ibex_core.\cs_registers_i.$2\mstatus_en[0:0] $flatten\u_ibex_core.\cs_registers_i.$2\mie_en[0:0] $flatten\u_ibex_core.\cs_registers_i.$2\mscratch_en[0:0] $flatten\u_ibex_core.\cs_registers_i.$procmux$12762_CMP $flatten\u_ibex_core.\cs_registers_i.$2\mepc_en[0:0] $flatten\u_ibex_core.\cs_registers_i.$2\mcause_en[0:0] $flatten\u_ibex_core.\cs_registers_i.$2\mtval_en[0:0] $flatten\u_ibex_core.\cs_registers_i.$procmux$13042_CMP $flatten\u_ibex_core.\cs_registers_i.$2\depc_en[0:0] $flatten\u_ibex_core.\cs_registers_i.$2\dscratch0_en[0:0] $flatten\u_ibex_core.\cs_registers_i.$2\dscratch1_en[0:0] $auto$opt_reduce.cc:134:opt_pmux$15449 $auto$opt_reduce.cc:134:opt_pmux$15447 }
    New ctrl vector for $pmux cell $flatten\u_ibex_core.\cs_registers_i.$procmux$13950: { $flatten\u_ibex_core.\cs_registers_i.$procmux$12998_CMP $flatten\u_ibex_core.\cs_registers_i.$2\mstatus_en[0:0] $flatten\u_ibex_core.\cs_registers_i.$2\mie_en[0:0] $flatten\u_ibex_core.\cs_registers_i.$2\mscratch_en[0:0] $flatten\u_ibex_core.\cs_registers_i.$procmux$12762_CMP $flatten\u_ibex_core.\cs_registers_i.$2\mepc_en[0:0] $flatten\u_ibex_core.\cs_registers_i.$2\mcause_en[0:0] $flatten\u_ibex_core.\cs_registers_i.$2\mtval_en[0:0] $flatten\u_ibex_core.\cs_registers_i.$procmux$13042_CMP $flatten\u_ibex_core.\cs_registers_i.$2\depc_en[0:0] $flatten\u_ibex_core.\cs_registers_i.$2\dscratch0_en[0:0] $flatten\u_ibex_core.\cs_registers_i.$2\dscratch1_en[0:0] $auto$opt_reduce.cc:134:opt_pmux$15449 $auto$opt_reduce.cc:134:opt_pmux$15447 }
    New ctrl vector for $pmux cell $flatten\u_ibex_core.\cs_registers_i.$procmux$14050: { $flatten\u_ibex_core.\cs_registers_i.$procmux$12999_CMP $flatten\u_ibex_core.\cs_registers_i.$procmux$12998_CMP $flatten\u_ibex_core.\cs_registers_i.$2\mscratch_en[0:0] $flatten\u_ibex_core.\cs_registers_i.$procmux$12762_CMP $flatten\u_ibex_core.\cs_registers_i.$2\mepc_en[0:0] $flatten\u_ibex_core.\cs_registers_i.$2\mcause_en[0:0] $flatten\u_ibex_core.\cs_registers_i.$2\mtval_en[0:0] $flatten\u_ibex_core.\cs_registers_i.$2\dcsr_en[0:0] $flatten\u_ibex_core.\cs_registers_i.$2\depc_en[0:0] $flatten\u_ibex_core.\cs_registers_i.$2\dscratch0_en[0:0] $flatten\u_ibex_core.\cs_registers_i.$2\dscratch1_en[0:0] $auto$opt_reduce.cc:134:opt_pmux$15449 $auto$opt_reduce.cc:134:opt_pmux$15447 $flatten\u_ibex_core.\cs_registers_i.$2\cpuctrlsts_part_we[0:0] }
    New ctrl vector for $pmux cell $flatten\u_ibex_core.\cs_registers_i.$procmux$14198: { $flatten\u_ibex_core.\cs_registers_i.$procmux$12998_CMP $flatten\u_ibex_core.\cs_registers_i.$2\mscratch_en[0:0] $flatten\u_ibex_core.\cs_registers_i.$procmux$12762_CMP $flatten\u_ibex_core.\cs_registers_i.$2\mepc_en[0:0] $flatten\u_ibex_core.\cs_registers_i.$2\mcause_en[0:0] $flatten\u_ibex_core.\cs_registers_i.$2\mtval_en[0:0] $flatten\u_ibex_core.\cs_registers_i.$2\dcsr_en[0:0] $flatten\u_ibex_core.\cs_registers_i.$2\depc_en[0:0] $flatten\u_ibex_core.\cs_registers_i.$2\dscratch0_en[0:0] $flatten\u_ibex_core.\cs_registers_i.$2\dscratch1_en[0:0] $auto$opt_reduce.cc:134:opt_pmux$15449 $auto$opt_reduce.cc:134:opt_pmux$15447 }
    New ctrl vector for $pmux cell $flatten\u_ibex_core.\cs_registers_i.$procmux$14387: { $flatten\u_ibex_core.\cs_registers_i.$procmux$12998_CMP $flatten\u_ibex_core.\cs_registers_i.$2\mstatus_en[0:0] $flatten\u_ibex_core.\cs_registers_i.$2\mscratch_en[0:0] $flatten\u_ibex_core.\cs_registers_i.$procmux$12762_CMP $flatten\u_ibex_core.\cs_registers_i.$2\mepc_en[0:0] $flatten\u_ibex_core.\cs_registers_i.$2\mcause_en[0:0] $flatten\u_ibex_core.\cs_registers_i.$2\mtval_en[0:0] $flatten\u_ibex_core.\cs_registers_i.$2\dcsr_en[0:0] $flatten\u_ibex_core.\cs_registers_i.$2\depc_en[0:0] $flatten\u_ibex_core.\cs_registers_i.$2\dscratch0_en[0:0] $flatten\u_ibex_core.\cs_registers_i.$2\dscratch1_en[0:0] $auto$opt_reduce.cc:134:opt_pmux$15449 $auto$opt_reduce.cc:134:opt_pmux$15447 }
    Consolidated identical input bits for $mux cell $flatten\u_ibex_core.\cs_registers_i.$ternary$/work/src/ibex_cs_registers.v:444$2574:
      Old ports: A=26'00000000000000000000000000, B=26'11111111111111111111111111, Y=$flatten\u_ibex_core.\cs_registers_i.$ternary$/work/src/ibex_cs_registers.v:444$2574_Y
      New ports: A=1'0, B=1'1, Y=$flatten\u_ibex_core.\cs_registers_i.$ternary$/work/src/ibex_cs_registers.v:444$2574_Y [0]
      New connections: $flatten\u_ibex_core.\cs_registers_i.$ternary$/work/src/ibex_cs_registers.v:444$2574_Y [25:1] = { $flatten\u_ibex_core.\cs_registers_i.$ternary$/work/src/ibex_cs_registers.v:444$2574_Y [0] $flatten\u_ibex_core.\cs_registers_i.$ternary$/work/src/ibex_cs_registers.v:444$2574_Y [0] $flatten\u_ibex_core.\cs_registers_i.$ternary$/work/src/ibex_cs_registers.v:444$2574_Y [0] $flatten\u_ibex_core.\cs_registers_i.$ternary$/work/src/ibex_cs_registers.v:444$2574_Y [0] $flatten\u_ibex_core.\cs_registers_i.$ternary$/work/src/ibex_cs_registers.v:444$2574_Y [0] $flatten\u_ibex_core.\cs_registers_i.$ternary$/work/src/ibex_cs_registers.v:444$2574_Y [0] $flatten\u_ibex_core.\cs_registers_i.$ternary$/work/src/ibex_cs_registers.v:444$2574_Y [0] $flatten\u_ibex_core.\cs_registers_i.$ternary$/work/src/ibex_cs_registers.v:444$2574_Y [0] $flatten\u_ibex_core.\cs_registers_i.$ternary$/work/src/ibex_cs_registers.v:444$2574_Y [0] $flatten\u_ibex_core.\cs_registers_i.$ternary$/work/src/ibex_cs_registers.v:444$2574_Y [0] $flatten\u_ibex_core.\cs_registers_i.$ternary$/work/src/ibex_cs_registers.v:444$2574_Y [0] $flatten\u_ibex_core.\cs_registers_i.$ternary$/work/src/ibex_cs_registers.v:444$2574_Y [0] $flatten\u_ibex_core.\cs_registers_i.$ternary$/work/src/ibex_cs_registers.v:444$2574_Y [0] $flatten\u_ibex_core.\cs_registers_i.$ternary$/work/src/ibex_cs_registers.v:444$2574_Y [0] $flatten\u_ibex_core.\cs_registers_i.$ternary$/work/src/ibex_cs_registers.v:444$2574_Y [0] $flatten\u_ibex_core.\cs_registers_i.$ternary$/work/src/ibex_cs_registers.v:444$2574_Y [0] $flatten\u_ibex_core.\cs_registers_i.$ternary$/work/src/ibex_cs_registers.v:444$2574_Y [0] $flatten\u_ibex_core.\cs_registers_i.$ternary$/work/src/ibex_cs_registers.v:444$2574_Y [0] $flatten\u_ibex_core.\cs_registers_i.$ternary$/work/src/ibex_cs_registers.v:444$2574_Y [0] $flatten\u_ibex_core.\cs_registers_i.$ternary$/work/src/ibex_cs_registers.v:444$2574_Y [0] $flatten\u_ibex_core.\cs_registers_i.$ternary$/work/src/ibex_cs_registers.v:444$2574_Y [0] $flatten\u_ibex_core.\cs_registers_i.$ternary$/work/src/ibex_cs_registers.v:444$2574_Y [0] $flatten\u_ibex_core.\cs_registers_i.$ternary$/work/src/ibex_cs_registers.v:444$2574_Y [0] $flatten\u_ibex_core.\cs_registers_i.$ternary$/work/src/ibex_cs_registers.v:444$2574_Y [0] $flatten\u_ibex_core.\cs_registers_i.$ternary$/work/src/ibex_cs_registers.v:444$2574_Y [0] }
    Consolidated identical input bits for $mux cell $flatten\u_ibex_core.\cs_registers_i.$ternary$/work/src/ibex_cs_registers.v:587$2637:
      Old ports: A={ \u_ibex_core.cs_registers_i.csr_wdata_int [31:8] 8'00000001 }, B={ \boot_addr_i [31:8] 8'00000001 }, Y=\u_ibex_core.cs_registers_i.mtvec_d
      New ports: A=\u_ibex_core.cs_registers_i.csr_wdata_int [31:8], B=\boot_addr_i [31:8], Y=\u_ibex_core.cs_registers_i.mtvec_d [31:8]
      New connections: \u_ibex_core.cs_registers_i.mtvec_d [7:0] = 8'00000001
    Consolidated identical input bits for $mux cell $flatten\u_ibex_core.\id_stage_i.$ternary$/work/src/ibex_id_stage.v:477$1732:
      Old ports: A=3'100, B=3'010, Y=$auto$wreduce.cc:461:run$15804 [2:0]
      New ports: A=2'10, B=2'01, Y=$auto$wreduce.cc:461:run$15804 [2:1]
      New connections: $auto$wreduce.cc:461:run$15804 [0] = 1'0
    Consolidated identical input bits for $mux cell $flatten\u_ibex_core.\id_stage_i.\controller_i.$procmux$7396:
      Old ports: A=3'101, B=3'010, Y=$auto$wreduce.cc:461:run$15806 [2:0]
      New ports: A=2'01, B=2'10, Y=$auto$wreduce.cc:461:run$15806 [1:0]
      New connections: $auto$wreduce.cc:461:run$15806 [2] = $auto$wreduce.cc:461:run$15806 [0]
    Consolidated identical input bits for $mux cell $flatten\u_ibex_core.\id_stage_i.\controller_i.$procmux$7447:
      Old ports: A=3'000, B=3'100, Y=$flatten\u_ibex_core.\id_stage_i.\controller_i.$4\pc_mux_o[2:0]
      New ports: A=1'0, B=1'1, Y=$flatten\u_ibex_core.\id_stage_i.\controller_i.$4\pc_mux_o[2:0] [2]
      New connections: $flatten\u_ibex_core.\id_stage_i.\controller_i.$4\pc_mux_o[2:0] [1:0] = 2'00
    Consolidated identical input bits for $mux cell $flatten\u_ibex_core.\id_stage_i.\controller_i.$procmux$7459:
      Old ports: A={ 1'0 $auto$wreduce.cc:461:run$15806 [2:0] }, B=4'0101, Y=$flatten\u_ibex_core.\id_stage_i.\controller_i.$15\ctrl_fsm_ns[3:0]
      New ports: A=$auto$wreduce.cc:461:run$15806 [2:0], B=3'101, Y=$flatten\u_ibex_core.\id_stage_i.\controller_i.$15\ctrl_fsm_ns[3:0] [2:0]
      New connections: $flatten\u_ibex_core.\id_stage_i.\controller_i.$15\ctrl_fsm_ns[3:0] [3] = 1'0
    Consolidated identical input bits for $mux cell $flatten\u_ibex_core.\id_stage_i.\controller_i.$procmux$7811:
      Old ports: A=4'0101, B=4'1001, Y=$flatten\u_ibex_core.\id_stage_i.\controller_i.$13\ctrl_fsm_ns[3:0]
      New ports: A=2'01, B=2'10, Y=$flatten\u_ibex_core.\id_stage_i.\controller_i.$13\ctrl_fsm_ns[3:0] [3:2]
      New connections: $flatten\u_ibex_core.\id_stage_i.\controller_i.$13\ctrl_fsm_ns[3:0] [1:0] = 2'01
    Consolidated identical input bits for $mux cell $flatten\u_ibex_core.\id_stage_i.\controller_i.$procmux$7896:
      Old ports: A=2'11, B=2'00, Y=$auto$wreduce.cc:461:run$15805 [1:0]
      New ports: A=1'1, B=1'0, Y=$auto$wreduce.cc:461:run$15805 [0]
      New connections: $auto$wreduce.cc:461:run$15805 [1] = $auto$wreduce.cc:461:run$15805 [0]
    Consolidated identical input bits for $pmux cell $flatten\u_ibex_core.\id_stage_i.\controller_i.$procmux$8069:
      Old ports: A=7'0000000, B={ 19'0000001000001000010 $auto$wreduce.cc:461:run$15808 [1:0] 5'00000 $auto$wreduce.cc:461:run$15805 [1:0] 14'00001110000101 }, Y=$flatten\u_ibex_core.\id_stage_i.\controller_i.$8\exc_cause_o[6:0]
      New ports: A=4'0000, B={ 10'0001001010 $auto$wreduce.cc:461:run$15808 [1:0] 2'00 $auto$wreduce.cc:461:run$15805 [1:0] 8'01110101 }, Y=$flatten\u_ibex_core.\id_stage_i.\controller_i.$8\exc_cause_o[6:0] [3:0]
      New connections: $flatten\u_ibex_core.\id_stage_i.\controller_i.$8\exc_cause_o[6:0] [6:4] = 3'000
    Consolidated identical input bits for $mux cell $flatten\u_ibex_core.\id_stage_i.\controller_i.$procmux$8282:
      Old ports: A=3'111, B=3'011, Y=$auto$wreduce.cc:461:run$15807 [2:0]
      New ports: A=1'1, B=1'0, Y=$auto$wreduce.cc:461:run$15807 [2]
      New connections: $auto$wreduce.cc:461:run$15807 [1:0] = 2'11
    Consolidated identical input bits for $mux cell $flatten\u_ibex_core.\id_stage_i.\controller_i.$procmux$8303:
      Old ports: A={ 4'0100 $auto$wreduce.cc:461:run$15807 [2:0] }, B=7'0101011, Y=$flatten\u_ibex_core.\id_stage_i.\controller_i.$5\exc_cause_o[6:0]
      New ports: A={ 1'0 $auto$wreduce.cc:461:run$15807 [2:0] }, B=4'1011, Y=$flatten\u_ibex_core.\id_stage_i.\controller_i.$5\exc_cause_o[6:0] [3:0]
      New connections: $flatten\u_ibex_core.\id_stage_i.\controller_i.$5\exc_cause_o[6:0] [6:4] = 3'010
    Consolidated identical input bits for $mux cell $flatten\u_ibex_core.\id_stage_i.\controller_i.$procmux$8697:
      Old ports: A=4'0101, B=4'0111, Y=$flatten\u_ibex_core.\id_stage_i.\controller_i.$4\ctrl_fsm_ns[3:0]
      New ports: A=1'0, B=1'1, Y=$flatten\u_ibex_core.\id_stage_i.\controller_i.$4\ctrl_fsm_ns[3:0] [1]
      New connections: { $flatten\u_ibex_core.\id_stage_i.\controller_i.$4\ctrl_fsm_ns[3:0] [3:2] $flatten\u_ibex_core.\id_stage_i.\controller_i.$4\ctrl_fsm_ns[3:0] [0] } = 3'011
    New ctrl vector for $pmux cell $flatten\u_ibex_core.\id_stage_i.\controller_i.$procmux$8737: { $flatten\u_ibex_core.\id_stage_i.\controller_i.$procmux$8747_CMP $flatten\u_ibex_core.\id_stage_i.\controller_i.$procmux$8745_CMP $auto$opt_reduce.cc:134:opt_pmux$16055 $flatten\u_ibex_core.\id_stage_i.\controller_i.$procmux$8667_CMP \u_ibex_core.id_stage_i.controller_run $auto$opt_reduce.cc:134:opt_pmux$15345 $flatten\u_ibex_core.\id_stage_i.\controller_i.$procmux$7393_CMP }
    Consolidated identical input bits for $mux cell $flatten\u_ibex_core.\id_stage_i.\controller_i.$procmux$8940:
      Old ports: A=4'0000, B=4'1110, Y=$flatten\u_ibex_core.\id_stage_i.\controller_i.$1\mfip_id[3:0]
      New ports: A=1'0, B=1'1, Y=$flatten\u_ibex_core.\id_stage_i.\controller_i.$1\mfip_id[3:0] [1]
      New connections: { $flatten\u_ibex_core.\id_stage_i.\controller_i.$1\mfip_id[3:0] [3:2] $flatten\u_ibex_core.\id_stage_i.\controller_i.$1\mfip_id[3:0] [0] } = { $flatten\u_ibex_core.\id_stage_i.\controller_i.$1\mfip_id[3:0] [1] $flatten\u_ibex_core.\id_stage_i.\controller_i.$1\mfip_id[3:0] [1] 1'0 }
    Consolidated identical input bits for $mux cell $flatten\u_ibex_core.\id_stage_i.\controller_i.$ternary$/work/src/ibex_controller.v:411$2198:
      Old ports: A=3'000, B=3'100, Y=$flatten\u_ibex_core.\id_stage_i.\controller_i.$ternary$/work/src/ibex_controller.v:411$2198_Y
      New ports: A=1'0, B=1'1, Y=$flatten\u_ibex_core.\id_stage_i.\controller_i.$ternary$/work/src/ibex_controller.v:411$2198_Y [2]
      New connections: $flatten\u_ibex_core.\id_stage_i.\controller_i.$ternary$/work/src/ibex_controller.v:411$2198_Y [1:0] = 2'00
    Consolidated identical input bits for $mux cell $flatten\u_ibex_core.\id_stage_i.\controller_i.$ternary$/work/src/ibex_controller.v:546$2232:
      Old ports: A=7'1000000, B=7'0111111, Y=$flatten\u_ibex_core.\id_stage_i.\controller_i.$ternary$/work/src/ibex_controller.v:546$2232_Y
      New ports: A=2'10, B=2'01, Y={ $flatten\u_ibex_core.\id_stage_i.\controller_i.$ternary$/work/src/ibex_controller.v:546$2232_Y [6] $flatten\u_ibex_core.\id_stage_i.\controller_i.$ternary$/work/src/ibex_controller.v:546$2232_Y [0] }
      New connections: $flatten\u_ibex_core.\id_stage_i.\controller_i.$ternary$/work/src/ibex_controller.v:546$2232_Y [5:1] = { $flatten\u_ibex_core.\id_stage_i.\controller_i.$ternary$/work/src/ibex_controller.v:546$2232_Y [0] $flatten\u_ibex_core.\id_stage_i.\controller_i.$ternary$/work/src/ibex_controller.v:546$2232_Y [0] $flatten\u_ibex_core.\id_stage_i.\controller_i.$ternary$/work/src/ibex_controller.v:546$2232_Y [0] $flatten\u_ibex_core.\id_stage_i.\controller_i.$ternary$/work/src/ibex_controller.v:546$2232_Y [0] $flatten\u_ibex_core.\id_stage_i.\controller_i.$ternary$/work/src/ibex_controller.v:546$2232_Y [0] }
    Consolidated identical input bits for $mux cell $flatten\u_ibex_core.\id_stage_i.\controller_i.$ternary$/work/src/ibex_controller.v:595$2245:
      Old ports: A=2'00, B=2'11, Y=$flatten\u_ibex_core.\id_stage_i.\controller_i.$ternary$/work/src/ibex_controller.v:595$2245_Y
      New ports: A=1'0, B=1'1, Y=$flatten\u_ibex_core.\id_stage_i.\controller_i.$ternary$/work/src/ibex_controller.v:595$2245_Y [0]
      New connections: $flatten\u_ibex_core.\id_stage_i.\controller_i.$ternary$/work/src/ibex_controller.v:595$2245_Y [1] = $flatten\u_ibex_core.\id_stage_i.\controller_i.$ternary$/work/src/ibex_controller.v:595$2245_Y [0]
    Consolidated identical input bits for $mux cell $flatten\u_ibex_core.\id_stage_i.\controller_i.$ternary$/work/src/ibex_controller.v:618$2262:
      Old ports: A={ \u_ibex_core.if_stage_i.pc_id_o [31:1] 1'0 }, B={ $flatten\u_ibex_core.\id_stage_i.\controller_i.$add$/work/src/ibex_controller.v:618$2261_Y [31:1] 1'0 }, Y=$flatten\u_ibex_core.\id_stage_i.\controller_i.$7\csr_mtval_o[31:0]
      New ports: A=\u_ibex_core.if_stage_i.pc_id_o [31:1], B=$flatten\u_ibex_core.\id_stage_i.\controller_i.$add$/work/src/ibex_controller.v:618$2261_Y [31:1], Y=$flatten\u_ibex_core.\id_stage_i.\controller_i.$7\csr_mtval_o[31:0] [31:1]
      New connections: $flatten\u_ibex_core.\id_stage_i.\controller_i.$7\csr_mtval_o[31:0] [0] = 1'0
    Consolidated identical input bits for $mux cell $flatten\u_ibex_core.\id_stage_i.\controller_i.$ternary$/work/src/ibex_controller.v:624$2268:
      Old ports: A=2'00, B=2'11, Y=$auto$wreduce.cc:461:run$15808 [1:0]
      New ports: A=1'0, B=1'1, Y=$auto$wreduce.cc:461:run$15808 [0]
      New connections: $auto$wreduce.cc:461:run$15808 [1] = $auto$wreduce.cc:461:run$15808 [0]
    Consolidated identical input bits for $mux cell $flatten\u_ibex_core.\id_stage_i.\decoder_i.$procmux$2973:
      Old ports: A=2'00, B=2'11, Y=$flatten\u_ibex_core.\id_stage_i.\decoder_i.$9\alu_op_a_mux_sel_o[1:0]
      New ports: A=1'0, B=1'1, Y=$flatten\u_ibex_core.\id_stage_i.\decoder_i.$9\alu_op_a_mux_sel_o[1:0] [0]
      New connections: $flatten\u_ibex_core.\id_stage_i.\decoder_i.$9\alu_op_a_mux_sel_o[1:0] [1] = $flatten\u_ibex_core.\id_stage_i.\decoder_i.$9\alu_op_a_mux_sel_o[1:0] [0]
    Consolidated identical input bits for $mux cell $flatten\u_ibex_core.\id_stage_i.\decoder_i.$procmux$3043:
      Old ports: A=6'101100, B=6'000000, Y=$auto$wreduce.cc:461:run$15812 [5:0]
      New ports: A=1'1, B=1'0, Y=$auto$wreduce.cc:461:run$15812 [2]
      New connections: { $auto$wreduce.cc:461:run$15812 [5:3] $auto$wreduce.cc:461:run$15812 [1:0] } = { $auto$wreduce.cc:461:run$15812 [2] 1'0 $auto$wreduce.cc:461:run$15812 [2] 2'00 }
    Consolidated identical input bits for $mux cell $flatten\u_ibex_core.\id_stage_i.\decoder_i.$procmux$3051:
      Old ports: A=3'000, B=3'101, Y=$flatten\u_ibex_core.\id_stage_i.\decoder_i.$7\imm_b_mux_sel_o[2:0]
      New ports: A=1'0, B=1'1, Y=$flatten\u_ibex_core.\id_stage_i.\decoder_i.$7\imm_b_mux_sel_o[2:0] [0]
      New connections: $flatten\u_ibex_core.\id_stage_i.\decoder_i.$7\imm_b_mux_sel_o[2:0] [2:1] = { $flatten\u_ibex_core.\id_stage_i.\decoder_i.$7\imm_b_mux_sel_o[2:0] [0] 1'0 }
    Consolidated identical input bits for $pmux cell $flatten\u_ibex_core.\id_stage_i.\decoder_i.$procmux$3059:
      Old ports: A=6'101100, B=54'000001101011000010000011000100001010001001001000000000, Y=$auto$wreduce.cc:461:run$15811 [5:0]
      New ports: A=5'11100, B=45'000011101100010000110010001010010010100000000, Y={ $auto$wreduce.cc:461:run$15811 [5] $auto$wreduce.cc:461:run$15811 [3:0] }
      New connections: $auto$wreduce.cc:461:run$15811 [4] = 1'0
    Consolidated identical input bits for $mux cell $flatten\u_ibex_core.\id_stage_i.\decoder_i.$procmux$3224:
      Old ports: A={ 1'0 $auto$wreduce.cc:461:run$15811 [5:0] }, B=7'0101100, Y=$auto$wreduce.cc:461:run$15810
      New ports: A=$auto$wreduce.cc:461:run$15811 [5:0], B=6'101100, Y=$auto$wreduce.cc:461:run$15810 [5:0]
      New connections: $auto$wreduce.cc:461:run$15810 [6] = 1'0
    Consolidated identical input bits for $mux cell $flatten\u_ibex_core.\id_stage_i.\decoder_i.$procmux$3233:
      Old ports: A=6'101100, B=6'001000, Y=$auto$wreduce.cc:461:run$15809 [5:0]
      New ports: A=1'1, B=1'0, Y=$auto$wreduce.cc:461:run$15809 [2]
      New connections: { $auto$wreduce.cc:461:run$15809 [5:3] $auto$wreduce.cc:461:run$15809 [1:0] } = { $auto$wreduce.cc:461:run$15809 [2] 4'0100 }
    Consolidated identical input bits for $mux cell $flatten\u_ibex_core.\id_stage_i.\decoder_i.$procmux$3247:
      Old ports: A={ 1'0 $auto$wreduce.cc:461:run$15809 [5:0] }, B=7'0001001, Y=$flatten\u_ibex_core.\id_stage_i.\decoder_i.$10\alu_operator_o[6:0]
      New ports: A=$auto$wreduce.cc:461:run$15809 [5:0], B=6'001001, Y=$flatten\u_ibex_core.\id_stage_i.\decoder_i.$10\alu_operator_o[6:0] [5:0]
      New connections: $flatten\u_ibex_core.\id_stage_i.\decoder_i.$10\alu_operator_o[6:0] [6] = 1'0
    Consolidated identical input bits for $mux cell $flatten\u_ibex_core.\id_stage_i.\decoder_i.$procmux$3391:
      Old ports: A=2'10, B=2'00, Y=$flatten\u_ibex_core.\id_stage_i.\decoder_i.$3\alu_op_a_mux_sel_o[1:0]
      New ports: A=1'1, B=1'0, Y=$flatten\u_ibex_core.\id_stage_i.\decoder_i.$3\alu_op_a_mux_sel_o[1:0] [1]
      New connections: $flatten\u_ibex_core.\id_stage_i.\decoder_i.$3\alu_op_a_mux_sel_o[1:0] [0] = 1'0
    Consolidated identical input bits for $pmux cell $flatten\u_ibex_core.\id_stage_i.\decoder_i.$procmux$3433:
      Old ports: A=6'101100, B=36'011101011110011001011011011010011100, Y=$auto$wreduce.cc:461:run$15814 [5:0]
      New ports: A=5'10100, B=30'011010111001001010110101001100, Y={ $auto$wreduce.cc:461:run$15814 [5:4] $auto$wreduce.cc:461:run$15814 [2:0] }
      New connections: $auto$wreduce.cc:461:run$15814 [3] = 1'1
    Consolidated identical input bits for $mux cell $flatten\u_ibex_core.\id_stage_i.\decoder_i.$procmux$3467:
      Old ports: A=3'101, B=3'000, Y=$flatten\u_ibex_core.\id_stage_i.\decoder_i.$3\imm_b_mux_sel_o[2:0]
      New ports: A=1'1, B=1'0, Y=$flatten\u_ibex_core.\id_stage_i.\decoder_i.$3\imm_b_mux_sel_o[2:0] [0]
      New connections: $flatten\u_ibex_core.\id_stage_i.\decoder_i.$3\imm_b_mux_sel_o[2:0] [2:1] = { $flatten\u_ibex_core.\id_stage_i.\decoder_i.$3\imm_b_mux_sel_o[2:0] [0] 1'0 }
    New ctrl vector for $pmux cell $flatten\u_ibex_core.\id_stage_i.\decoder_i.$procmux$5467: $flatten\u_ibex_core.\id_stage_i.\decoder_i.$eq$/work/src/ibex_decoder.v:896$2391_Y
    New ctrl vector for $pmux cell $flatten\u_ibex_core.\id_stage_i.\decoder_i.$procmux$6884: $auto$opt_reduce.cc:134:opt_pmux$16057
    Consolidated identical input bits for $pmux cell $flatten\u_ibex_core.\if_stage_i.$procmux$11408:
      Old ports: A={ \u_ibex_core.cs_registers_i.u_mtvec_csr.rdata_q [31:8] 8'00000000 }, B={ \u_ibex_core.cs_registers_i.u_mtvec_csr.rdata_q [31:8] 1'0 \u_ibex_core.if_stage_i.irq_vec 66'000001101000010001000010000000000000011010000100010000100000001000 }, Y=\u_ibex_core.if_stage_i.exc_pc
      New ports: A={ \u_ibex_core.cs_registers_i.u_mtvec_csr.rdata_q [31:8] 5'00000 }, B={ \u_ibex_core.cs_registers_i.u_mtvec_csr.rdata_q [31:8] \u_ibex_core.if_stage_i.irq_vec 58'0001101000010001000010000000000011010000100010000100000010 }, Y={ \u_ibex_core.if_stage_i.exc_pc [31:8] \u_ibex_core.if_stage_i.exc_pc [6:2] }
      New connections: { \u_ibex_core.if_stage_i.exc_pc [7] \u_ibex_core.if_stage_i.exc_pc [1:0] } = 3'000
    Consolidated identical input bits for $mux cell $flatten\u_ibex_core.\if_stage_i.\compressed_decoder_i.$procmux$8988:
      Old ports: A={ 1'0 \u_ibex_core.if_stage_i.compressed_decoder_i.instr_i [11:7] 15'000000011100111 }, B=21'100000000000001110011, Y=$auto$wreduce.cc:461:run$15820 [20:0]
      New ports: A={ \u_ibex_core.if_stage_i.compressed_decoder_i.instr_i [11:7] 2'01 }, B=7'0000010, Y={ $auto$wreduce.cc:461:run$15820 [19:15] $auto$wreduce.cc:461:run$15820 [4] $auto$wreduce.cc:461:run$15820 [2] }
      New connections: { $auto$wreduce.cc:461:run$15820 [20] $auto$wreduce.cc:461:run$15820 [14:5] $auto$wreduce.cc:461:run$15820 [3] $auto$wreduce.cc:461:run$15820 [1:0] } = { $auto$wreduce.cc:461:run$15820 [4] 7'0000000 $auto$wreduce.cc:461:run$15820 [2] 5'11011 }
    Consolidated identical input bits for $mux cell $flatten\u_ibex_core.\if_stage_i.\compressed_decoder_i.$procmux$9006:
      Old ports: A={ 11'00000000000 $auto$wreduce.cc:461:run$15820 [20:0] }, B={ 7'0000000 \u_ibex_core.if_stage_i.compressed_decoder_i.instr_i [6:2] \u_ibex_core.if_stage_i.compressed_decoder_i.instr_i [11:7] 3'000 \u_ibex_core.if_stage_i.compressed_decoder_i.instr_i [11:7] 7'0110011 }, Y=$auto$wreduce.cc:461:run$15819
      New ports: A={ 4'0000 $auto$wreduce.cc:461:run$15820 [20:0] }, B={ \u_ibex_core.if_stage_i.compressed_decoder_i.instr_i [6:2] \u_ibex_core.if_stage_i.compressed_decoder_i.instr_i [11:7] 3'000 \u_ibex_core.if_stage_i.compressed_decoder_i.instr_i [11:7] 7'0110011 }, Y=$auto$wreduce.cc:461:run$15819 [24:0]
      New connections: $auto$wreduce.cc:461:run$15819 [31:25] = 7'0000000
    Consolidated identical input bits for $mux cell $flatten\u_ibex_core.\if_stage_i.\compressed_decoder_i.$procmux$9040:
      Old ports: A={ 5'00000 \u_ibex_core.if_stage_i.compressed_decoder_i.instr_i [11:7] 15'000000001100111 }, B={ \u_ibex_core.if_stage_i.compressed_decoder_i.instr_i [6:2] 8'00000000 \u_ibex_core.if_stage_i.compressed_decoder_i.instr_i [11:7] 7'0110011 }, Y=$auto$wreduce.cc:461:run$15818 [24:0]
      New ports: A={ 5'00000 \u_ibex_core.if_stage_i.compressed_decoder_i.instr_i [11:7] 7'0000001 }, B={ \u_ibex_core.if_stage_i.compressed_decoder_i.instr_i [6:2] 5'00000 \u_ibex_core.if_stage_i.compressed_decoder_i.instr_i [11:7] 2'10 }, Y={ $auto$wreduce.cc:461:run$15818 [24:15] $auto$wreduce.cc:461:run$15818 [11:7] $auto$wreduce.cc:461:run$15818 [4] $auto$wreduce.cc:461:run$15818 [2] }
      New connections: { $auto$wreduce.cc:461:run$15818 [14:12] $auto$wreduce.cc:461:run$15818 [6:5] $auto$wreduce.cc:461:run$15818 [3] $auto$wreduce.cc:461:run$15818 [1:0] } = { 3'000 $auto$wreduce.cc:461:run$15818 [2] 4'1011 }
    Consolidated identical input bits for $pmux cell $flatten\u_ibex_core.\if_stage_i.\compressed_decoder_i.$procmux$9223:
      Old ports: A={ 9'010000001 \u_ibex_core.if_stage_i.compressed_decoder_i.instr_i [4:2] 2'01 \u_ibex_core.if_stage_i.compressed_decoder_i.instr_i [9:7] 5'00001 \u_ibex_core.if_stage_i.compressed_decoder_i.instr_i [9:7] 7'0110011 }, B={ 9'000000001 \u_ibex_core.if_stage_i.compressed_decoder_i.instr_i [4:2] 2'01 \u_ibex_core.if_stage_i.compressed_decoder_i.instr_i [9:7] 5'10001 \u_ibex_core.if_stage_i.compressed_decoder_i.instr_i [9:7] 16'0110011000000001 \u_ibex_core.if_stage_i.compressed_decoder_i.instr_i [4:2] 2'01 \u_ibex_core.if_stage_i.compressed_decoder_i.instr_i [9:7] 5'11001 \u_ibex_core.if_stage_i.compressed_decoder_i.instr_i [9:7] 16'0110011000000001 \u_ibex_core.if_stage_i.compressed_decoder_i.instr_i [4:2] 2'01 \u_ibex_core.if_stage_i.compressed_decoder_i.instr_i [9:7] 5'11101 \u_ibex_core.if_stage_i.compressed_decoder_i.instr_i [9:7] 7'0110011 \u_ibex_core.if_stage_i.compressed_decoder_i.instr_i }, Y=$flatten\u_ibex_core.\if_stage_i.\compressed_decoder_i.$12\instr_o[31:0]
      New ports: A={ 9'010000001 \u_ibex_core.if_stage_i.compressed_decoder_i.instr_i [4:2] 2'01 \u_ibex_core.if_stage_i.compressed_decoder_i.instr_i [9:7] 12'000010110011 }, B={ 9'000000001 \u_ibex_core.if_stage_i.compressed_decoder_i.instr_i [4:2] 2'01 \u_ibex_core.if_stage_i.compressed_decoder_i.instr_i [9:7] 21'100010110011000000001 \u_ibex_core.if_stage_i.compressed_decoder_i.instr_i [4:2] 2'01 \u_ibex_core.if_stage_i.compressed_decoder_i.instr_i [9:7] 21'110010110011000000001 \u_ibex_core.if_stage_i.compressed_decoder_i.instr_i [4:2] 2'01 \u_ibex_core.if_stage_i.compressed_decoder_i.instr_i [9:7] 12'111010110011 \u_ibex_core.if_stage_i.compressed_decoder_i.instr_i [31:10] \u_ibex_core.if_stage_i.compressed_decoder_i.instr_i [6:0] }, Y={ $flatten\u_ibex_core.\if_stage_i.\compressed_decoder_i.$12\instr_o[31:0] [31:10] $flatten\u_ibex_core.\if_stage_i.\compressed_decoder_i.$12\instr_o[31:0] [6:0] }
      New connections: $flatten\u_ibex_core.\if_stage_i.\compressed_decoder_i.$12\instr_o[31:0] [9:7] = \u_ibex_core.if_stage_i.compressed_decoder_i.instr_i [9:7]
    Consolidated identical input bits for $mux cell $flatten\u_ibex_core.\if_stage_i.\compressed_decoder_i.$procmux$9320:
      Old ports: A={ \u_ibex_core.if_stage_i.compressed_decoder_i.instr_i [12] \u_ibex_core.if_stage_i.compressed_decoder_i.instr_i [12] \u_ibex_core.if_stage_i.compressed_decoder_i.instr_i [12] \u_ibex_core.if_stage_i.compressed_decoder_i.instr_i [12] \u_ibex_core.if_stage_i.compressed_decoder_i.instr_i [12] \u_ibex_core.if_stage_i.compressed_decoder_i.instr_i [12] \u_ibex_core.if_stage_i.compressed_decoder_i.instr_i [12] \u_ibex_core.if_stage_i.compressed_decoder_i.instr_i [12] \u_ibex_core.if_stage_i.compressed_decoder_i.instr_i [12] \u_ibex_core.if_stage_i.compressed_decoder_i.instr_i [12] \u_ibex_core.if_stage_i.compressed_decoder_i.instr_i [12] \u_ibex_core.if_stage_i.compressed_decoder_i.instr_i [12] \u_ibex_core.if_stage_i.compressed_decoder_i.instr_i [6:2] \u_ibex_core.if_stage_i.compressed_decoder_i.instr_i [11:7] 7'0110111 }, B={ \u_ibex_core.if_stage_i.compressed_decoder_i.instr_i [4:3] \u_ibex_core.if_stage_i.compressed_decoder_i.instr_i [5] \u_ibex_core.if_stage_i.compressed_decoder_i.instr_i [2] \u_ibex_core.if_stage_i.compressed_decoder_i.instr_i [6] 24'000000010000000100010011 }, Y=$flatten\u_ibex_core.\if_stage_i.\compressed_decoder_i.$8\instr_o[31:0] [28:0]
      New ports: A={ \u_ibex_core.if_stage_i.compressed_decoder_i.instr_i [12] \u_ibex_core.if_stage_i.compressed_decoder_i.instr_i [12] \u_ibex_core.if_stage_i.compressed_decoder_i.instr_i [12] \u_ibex_core.if_stage_i.compressed_decoder_i.instr_i [12] \u_ibex_core.if_stage_i.compressed_decoder_i.instr_i [12] \u_ibex_core.if_stage_i.compressed_decoder_i.instr_i [12] \u_ibex_core.if_stage_i.compressed_decoder_i.instr_i [6:2] \u_ibex_core.if_stage_i.compressed_decoder_i.instr_i [11:7] 1'1 }, B={ \u_ibex_core.if_stage_i.compressed_decoder_i.instr_i [4:3] \u_ibex_core.if_stage_i.compressed_decoder_i.instr_i [5] \u_ibex_core.if_stage_i.compressed_decoder_i.instr_i [2] \u_ibex_core.if_stage_i.compressed_decoder_i.instr_i [6] 12'010000000100 }, Y={ $flatten\u_ibex_core.\if_stage_i.\compressed_decoder_i.$8\instr_o[31:0] [28:24] $flatten\u_ibex_core.\if_stage_i.\compressed_decoder_i.$8\instr_o[31:0] [17:7] $flatten\u_ibex_core.\if_stage_i.\compressed_decoder_i.$8\instr_o[31:0] [2] }
      New connections: { $flatten\u_ibex_core.\if_stage_i.\compressed_decoder_i.$8\instr_o[31:0] [23:18] $flatten\u_ibex_core.\if_stage_i.\compressed_decoder_i.$8\instr_o[31:0] [6:3] $flatten\u_ibex_core.\if_stage_i.\compressed_decoder_i.$8\instr_o[31:0] [1:0] } = { $flatten\u_ibex_core.\if_stage_i.\compressed_decoder_i.$8\instr_o[31:0] [17] $flatten\u_ibex_core.\if_stage_i.\compressed_decoder_i.$8\instr_o[31:0] [17] $flatten\u_ibex_core.\if_stage_i.\compressed_decoder_i.$8\instr_o[31:0] [17] $flatten\u_ibex_core.\if_stage_i.\compressed_decoder_i.$8\instr_o[31:0] [17] $flatten\u_ibex_core.\if_stage_i.\compressed_decoder_i.$8\instr_o[31:0] [17] $flatten\u_ibex_core.\if_stage_i.\compressed_decoder_i.$8\instr_o[31:0] [17] 1'0 $flatten\u_ibex_core.\if_stage_i.\compressed_decoder_i.$8\instr_o[31:0] [2] 4'1011 }
    Consolidated identical input bits for $mux cell $flatten\u_ibex_core.\if_stage_i.\gen_prefetch_buffer.prefetch_buffer_i.$ternary$/work/src/ibex_prefetch_buffer.v:120$2033:
      Old ports: A={ \u_ibex_core.if_stage_i.gen_prefetch_buffer.prefetch_buffer_i.fetch_addr_q [31:2] 2'00 }, B={ \u_ibex_core.if_stage_i.fetch_addr_n [31:1] 1'0 }, Y={ $flatten\u_ibex_core.\if_stage_i.\gen_prefetch_buffer.prefetch_buffer_i.$ternary$/work/src/ibex_prefetch_buffer.v:120$2033_Y [31:2] \u_ibex_core.if_stage_i.gen_prefetch_buffer.prefetch_buffer_i.fetch_addr_d [1:0] }
      New ports: A={ \u_ibex_core.if_stage_i.gen_prefetch_buffer.prefetch_buffer_i.fetch_addr_q [31:2] 1'0 }, B=\u_ibex_core.if_stage_i.fetch_addr_n [31:1], Y={ $flatten\u_ibex_core.\if_stage_i.\gen_prefetch_buffer.prefetch_buffer_i.$ternary$/work/src/ibex_prefetch_buffer.v:120$2033_Y [31:2] \u_ibex_core.if_stage_i.gen_prefetch_buffer.prefetch_buffer_i.fetch_addr_d [1] }
      New connections: \u_ibex_core.if_stage_i.gen_prefetch_buffer.prefetch_buffer_i.fetch_addr_d [0] = 1'0
    Consolidated identical input bits for $mux cell $flatten\u_ibex_core.\if_stage_i.\gen_prefetch_buffer.prefetch_buffer_i.\fifo_i.$ternary$/work/src/ibex_fetch_fifo.v:66$2814:
      Old ports: A={ \instr_rdata_i [15:0] \u_ibex_core.if_stage_i.gen_prefetch_buffer.prefetch_buffer_i.fifo_i.rdata [31:16] }, B={ \u_ibex_core.if_stage_i.gen_prefetch_buffer.prefetch_buffer_i.fifo_i.rdata_q [47:32] \u_ibex_core.if_stage_i.gen_prefetch_buffer.prefetch_buffer_i.fifo_i.rdata [31:16] }, Y=\u_ibex_core.if_stage_i.gen_prefetch_buffer.prefetch_buffer_i.fifo_i.rdata_unaligned
      New ports: A=\instr_rdata_i [15:0], B=\u_ibex_core.if_stage_i.gen_prefetch_buffer.prefetch_buffer_i.fifo_i.rdata_q [47:32], Y=\u_ibex_core.if_stage_i.gen_prefetch_buffer.prefetch_buffer_i.fifo_i.rdata_unaligned [31:16]
      New connections: \u_ibex_core.if_stage_i.gen_prefetch_buffer.prefetch_buffer_i.fifo_i.rdata_unaligned [15:0] = \u_ibex_core.if_stage_i.gen_prefetch_buffer.prefetch_buffer_i.fifo_i.rdata [31:16]
    Consolidated identical input bits for $pmux cell $flatten\u_ibex_core.\load_store_unit_i.$procmux$11043:
      Old ports: A=1'0, B=2'00, Y=\u_ibex_core.load_store_unit_i.pmp_err_d
      New connections: \u_ibex_core.load_store_unit_i.pmp_err_d = 1'0
    Consolidated identical input bits for $mux cell $flatten\u_ibex_core.\load_store_unit_i.$procmux$11124:
      Old ports: A={ 24'000000000000000000000000 \data_rdata_i [31:24] }, B={ \data_rdata_i [31] \data_rdata_i [31] \data_rdata_i [31] \data_rdata_i [31] \data_rdata_i [31] \data_rdata_i [31] \data_rdata_i [31] \data_rdata_i [31] \data_rdata_i [31] \data_rdata_i [31] \data_rdata_i [31] \data_rdata_i [31] \data_rdata_i [31] \data_rdata_i [31] \data_rdata_i [31] \data_rdata_i [31] \data_rdata_i [31] \data_rdata_i [31] \data_rdata_i [31] \data_rdata_i [31] \data_rdata_i [31] \data_rdata_i [31] \data_rdata_i [31] \data_rdata_i [31] \data_rdata_i [31:24] }, Y=$flatten\u_ibex_core.\load_store_unit_i.$5\rdata_b_ext[31:0]
      New ports: A=1'0, B=\data_rdata_i [31], Y=$flatten\u_ibex_core.\load_store_unit_i.$5\rdata_b_ext[31:0] [8]
      New connections: { $flatten\u_ibex_core.\load_store_unit_i.$5\rdata_b_ext[31:0] [31:9] $flatten\u_ibex_core.\load_store_unit_i.$5\rdata_b_ext[31:0] [7:0] } = { $flatten\u_ibex_core.\load_store_unit_i.$5\rdata_b_ext[31:0] [8] $flatten\u_ibex_core.\load_store_unit_i.$5\rdata_b_ext[31:0] [8] $flatten\u_ibex_core.\load_store_unit_i.$5\rdata_b_ext[31:0] [8] $flatten\u_ibex_core.\load_store_unit_i.$5\rdata_b_ext[31:0] [8] $flatten\u_ibex_core.\load_store_unit_i.$5\rdata_b_ext[31:0] [8] $flatten\u_ibex_core.\load_store_unit_i.$5\rdata_b_ext[31:0] [8] $flatten\u_ibex_core.\load_store_unit_i.$5\rdata_b_ext[31:0] [8] $flatten\u_ibex_core.\load_store_unit_i.$5\rdata_b_ext[31:0] [8] $flatten\u_ibex_core.\load_store_unit_i.$5\rdata_b_ext[31:0] [8] $flatten\u_ibex_core.\load_store_unit_i.$5\rdata_b_ext[31:0] [8] $flatten\u_ibex_core.\load_store_unit_i.$5\rdata_b_ext[31:0] [8] $flatten\u_ibex_core.\load_store_unit_i.$5\rdata_b_ext[31:0] [8] $flatten\u_ibex_core.\load_store_unit_i.$5\rdata_b_ext[31:0] [8] $flatten\u_ibex_core.\load_store_unit_i.$5\rdata_b_ext[31:0] [8] $flatten\u_ibex_core.\load_store_unit_i.$5\rdata_b_ext[31:0] [8] $flatten\u_ibex_core.\load_store_unit_i.$5\rdata_b_ext[31:0] [8] $flatten\u_ibex_core.\load_store_unit_i.$5\rdata_b_ext[31:0] [8] $flatten\u_ibex_core.\load_store_unit_i.$5\rdata_b_ext[31:0] [8] $flatten\u_ibex_core.\load_store_unit_i.$5\rdata_b_ext[31:0] [8] $flatten\u_ibex_core.\load_store_unit_i.$5\rdata_b_ext[31:0] [8] $flatten\u_ibex_core.\load_store_unit_i.$5\rdata_b_ext[31:0] [8] $flatten\u_ibex_core.\load_store_unit_i.$5\rdata_b_ext[31:0] [8] $flatten\u_ibex_core.\load_store_unit_i.$5\rdata_b_ext[31:0] [8] \data_rdata_i [31:24] }
    Consolidated identical input bits for $mux cell $flatten\u_ibex_core.\load_store_unit_i.$procmux$11130:
      Old ports: A={ 24'000000000000000000000000 \data_rdata_i [23:16] }, B={ \data_rdata_i [23] \data_rdata_i [23] \data_rdata_i [23] \data_rdata_i [23] \data_rdata_i [23] \data_rdata_i [23] \data_rdata_i [23] \data_rdata_i [23] \data_rdata_i [23] \data_rdata_i [23] \data_rdata_i [23] \data_rdata_i [23] \data_rdata_i [23] \data_rdata_i [23] \data_rdata_i [23] \data_rdata_i [23] \data_rdata_i [23] \data_rdata_i [23] \data_rdata_i [23] \data_rdata_i [23] \data_rdata_i [23] \data_rdata_i [23] \data_rdata_i [23] \data_rdata_i [23] \data_rdata_i [23:16] }, Y=$flatten\u_ibex_core.\load_store_unit_i.$4\rdata_b_ext[31:0]
      New ports: A=1'0, B=\data_rdata_i [23], Y=$flatten\u_ibex_core.\load_store_unit_i.$4\rdata_b_ext[31:0] [8]
      New connections: { $flatten\u_ibex_core.\load_store_unit_i.$4\rdata_b_ext[31:0] [31:9] $flatten\u_ibex_core.\load_store_unit_i.$4\rdata_b_ext[31:0] [7:0] } = { $flatten\u_ibex_core.\load_store_unit_i.$4\rdata_b_ext[31:0] [8] $flatten\u_ibex_core.\load_store_unit_i.$4\rdata_b_ext[31:0] [8] $flatten\u_ibex_core.\load_store_unit_i.$4\rdata_b_ext[31:0] [8] $flatten\u_ibex_core.\load_store_unit_i.$4\rdata_b_ext[31:0] [8] $flatten\u_ibex_core.\load_store_unit_i.$4\rdata_b_ext[31:0] [8] $flatten\u_ibex_core.\load_store_unit_i.$4\rdata_b_ext[31:0] [8] $flatten\u_ibex_core.\load_store_unit_i.$4\rdata_b_ext[31:0] [8] $flatten\u_ibex_core.\load_store_unit_i.$4\rdata_b_ext[31:0] [8] $flatten\u_ibex_core.\load_store_unit_i.$4\rdata_b_ext[31:0] [8] $flatten\u_ibex_core.\load_store_unit_i.$4\rdata_b_ext[31:0] [8] $flatten\u_ibex_core.\load_store_unit_i.$4\rdata_b_ext[31:0] [8] $flatten\u_ibex_core.\load_store_unit_i.$4\rdata_b_ext[31:0] [8] $flatten\u_ibex_core.\load_store_unit_i.$4\rdata_b_ext[31:0] [8] $flatten\u_ibex_core.\load_store_unit_i.$4\rdata_b_ext[31:0] [8] $flatten\u_ibex_core.\load_store_unit_i.$4\rdata_b_ext[31:0] [8] $flatten\u_ibex_core.\load_store_unit_i.$4\rdata_b_ext[31:0] [8] $flatten\u_ibex_core.\load_store_unit_i.$4\rdata_b_ext[31:0] [8] $flatten\u_ibex_core.\load_store_unit_i.$4\rdata_b_ext[31:0] [8] $flatten\u_ibex_core.\load_store_unit_i.$4\rdata_b_ext[31:0] [8] $flatten\u_ibex_core.\load_store_unit_i.$4\rdata_b_ext[31:0] [8] $flatten\u_ibex_core.\load_store_unit_i.$4\rdata_b_ext[31:0] [8] $flatten\u_ibex_core.\load_store_unit_i.$4\rdata_b_ext[31:0] [8] $flatten\u_ibex_core.\load_store_unit_i.$4\rdata_b_ext[31:0] [8] \data_rdata_i [23:16] }
    Consolidated identical input bits for $mux cell $flatten\u_ibex_core.\load_store_unit_i.$procmux$11137:
      Old ports: A={ 24'000000000000000000000000 \data_rdata_i [15:8] }, B={ \data_rdata_i [15] \data_rdata_i [15] \data_rdata_i [15] \data_rdata_i [15] \data_rdata_i [15] \data_rdata_i [15] \data_rdata_i [15] \data_rdata_i [15] \data_rdata_i [15] \data_rdata_i [15] \data_rdata_i [15] \data_rdata_i [15] \data_rdata_i [15] \data_rdata_i [15] \data_rdata_i [15] \data_rdata_i [15] \data_rdata_i [15] \data_rdata_i [15] \data_rdata_i [15] \data_rdata_i [15] \data_rdata_i [15] \data_rdata_i [15] \data_rdata_i [15] \data_rdata_i [15] \data_rdata_i [15:8] }, Y=$flatten\u_ibex_core.\load_store_unit_i.$3\rdata_b_ext[31:0]
      New ports: A=1'0, B=\data_rdata_i [15], Y=$flatten\u_ibex_core.\load_store_unit_i.$3\rdata_b_ext[31:0] [8]
      New connections: { $flatten\u_ibex_core.\load_store_unit_i.$3\rdata_b_ext[31:0] [31:9] $flatten\u_ibex_core.\load_store_unit_i.$3\rdata_b_ext[31:0] [7:0] } = { $flatten\u_ibex_core.\load_store_unit_i.$3\rdata_b_ext[31:0] [8] $flatten\u_ibex_core.\load_store_unit_i.$3\rdata_b_ext[31:0] [8] $flatten\u_ibex_core.\load_store_unit_i.$3\rdata_b_ext[31:0] [8] $flatten\u_ibex_core.\load_store_unit_i.$3\rdata_b_ext[31:0] [8] $flatten\u_ibex_core.\load_store_unit_i.$3\rdata_b_ext[31:0] [8] $flatten\u_ibex_core.\load_store_unit_i.$3\rdata_b_ext[31:0] [8] $flatten\u_ibex_core.\load_store_unit_i.$3\rdata_b_ext[31:0] [8] $flatten\u_ibex_core.\load_store_unit_i.$3\rdata_b_ext[31:0] [8] $flatten\u_ibex_core.\load_store_unit_i.$3\rdata_b_ext[31:0] [8] $flatten\u_ibex_core.\load_store_unit_i.$3\rdata_b_ext[31:0] [8] $flatten\u_ibex_core.\load_store_unit_i.$3\rdata_b_ext[31:0] [8] $flatten\u_ibex_core.\load_store_unit_i.$3\rdata_b_ext[31:0] [8] $flatten\u_ibex_core.\load_store_unit_i.$3\rdata_b_ext[31:0] [8] $flatten\u_ibex_core.\load_store_unit_i.$3\rdata_b_ext[31:0] [8] $flatten\u_ibex_core.\load_store_unit_i.$3\rdata_b_ext[31:0] [8] $flatten\u_ibex_core.\load_store_unit_i.$3\rdata_b_ext[31:0] [8] $flatten\u_ibex_core.\load_store_unit_i.$3\rdata_b_ext[31:0] [8] $flatten\u_ibex_core.\load_store_unit_i.$3\rdata_b_ext[31:0] [8] $flatten\u_ibex_core.\load_store_unit_i.$3\rdata_b_ext[31:0] [8] $flatten\u_ibex_core.\load_store_unit_i.$3\rdata_b_ext[31:0] [8] $flatten\u_ibex_core.\load_store_unit_i.$3\rdata_b_ext[31:0] [8] $flatten\u_ibex_core.\load_store_unit_i.$3\rdata_b_ext[31:0] [8] $flatten\u_ibex_core.\load_store_unit_i.$3\rdata_b_ext[31:0] [8] \data_rdata_i [15:8] }
    Consolidated identical input bits for $mux cell $flatten\u_ibex_core.\load_store_unit_i.$procmux$11145:
      Old ports: A={ 24'000000000000000000000000 \data_rdata_i [7:0] }, B={ \data_rdata_i [7] \data_rdata_i [7] \data_rdata_i [7] \data_rdata_i [7] \data_rdata_i [7] \data_rdata_i [7] \data_rdata_i [7] \data_rdata_i [7] \data_rdata_i [7] \data_rdata_i [7] \data_rdata_i [7] \data_rdata_i [7] \data_rdata_i [7] \data_rdata_i [7] \data_rdata_i [7] \data_rdata_i [7] \data_rdata_i [7] \data_rdata_i [7] \data_rdata_i [7] \data_rdata_i [7] \data_rdata_i [7] \data_rdata_i [7] \data_rdata_i [7] \data_rdata_i [7] \data_rdata_i [7:0] }, Y=$flatten\u_ibex_core.\load_store_unit_i.$2\rdata_b_ext[31:0]
      New ports: A=1'0, B=\data_rdata_i [7], Y=$flatten\u_ibex_core.\load_store_unit_i.$2\rdata_b_ext[31:0] [8]
      New connections: { $flatten\u_ibex_core.\load_store_unit_i.$2\rdata_b_ext[31:0] [31:9] $flatten\u_ibex_core.\load_store_unit_i.$2\rdata_b_ext[31:0] [7:0] } = { $flatten\u_ibex_core.\load_store_unit_i.$2\rdata_b_ext[31:0] [8] $flatten\u_ibex_core.\load_store_unit_i.$2\rdata_b_ext[31:0] [8] $flatten\u_ibex_core.\load_store_unit_i.$2\rdata_b_ext[31:0] [8] $flatten\u_ibex_core.\load_store_unit_i.$2\rdata_b_ext[31:0] [8] $flatten\u_ibex_core.\load_store_unit_i.$2\rdata_b_ext[31:0] [8] $flatten\u_ibex_core.\load_store_unit_i.$2\rdata_b_ext[31:0] [8] $flatten\u_ibex_core.\load_store_unit_i.$2\rdata_b_ext[31:0] [8] $flatten\u_ibex_core.\load_store_unit_i.$2\rdata_b_ext[31:0] [8] $flatten\u_ibex_core.\load_store_unit_i.$2\rdata_b_ext[31:0] [8] $flatten\u_ibex_core.\load_store_unit_i.$2\rdata_b_ext[31:0] [8] $flatten\u_ibex_core.\load_store_unit_i.$2\rdata_b_ext[31:0] [8] $flatten\u_ibex_core.\load_store_unit_i.$2\rdata_b_ext[31:0] [8] $flatten\u_ibex_core.\load_store_unit_i.$2\rdata_b_ext[31:0] [8] $flatten\u_ibex_core.\load_store_unit_i.$2\rdata_b_ext[31:0] [8] $flatten\u_ibex_core.\load_store_unit_i.$2\rdata_b_ext[31:0] [8] $flatten\u_ibex_core.\load_store_unit_i.$2\rdata_b_ext[31:0] [8] $flatten\u_ibex_core.\load_store_unit_i.$2\rdata_b_ext[31:0] [8] $flatten\u_ibex_core.\load_store_unit_i.$2\rdata_b_ext[31:0] [8] $flatten\u_ibex_core.\load_store_unit_i.$2\rdata_b_ext[31:0] [8] $flatten\u_ibex_core.\load_store_unit_i.$2\rdata_b_ext[31:0] [8] $flatten\u_ibex_core.\load_store_unit_i.$2\rdata_b_ext[31:0] [8] $flatten\u_ibex_core.\load_store_unit_i.$2\rdata_b_ext[31:0] [8] $flatten\u_ibex_core.\load_store_unit_i.$2\rdata_b_ext[31:0] [8] \data_rdata_i [7:0] }
    Consolidated identical input bits for $mux cell $flatten\u_ibex_core.\load_store_unit_i.$procmux$11155:
      Old ports: A={ 16'0000000000000000 \data_rdata_i [7:0] \u_ibex_core.load_store_unit_i.rdata_q [23:16] }, B={ \data_rdata_i [7] \data_rdata_i [7] \data_rdata_i [7] \data_rdata_i [7] \data_rdata_i [7] \data_rdata_i [7] \data_rdata_i [7] \data_rdata_i [7] \data_rdata_i [7] \data_rdata_i [7] \data_rdata_i [7] \data_rdata_i [7] \data_rdata_i [7] \data_rdata_i [7] \data_rdata_i [7] \data_rdata_i [7] \data_rdata_i [7:0] \u_ibex_core.load_store_unit_i.rdata_q [23:16] }, Y=$flatten\u_ibex_core.\load_store_unit_i.$5\rdata_h_ext[31:0]
      New ports: A=1'0, B=\data_rdata_i [7], Y=$flatten\u_ibex_core.\load_store_unit_i.$5\rdata_h_ext[31:0] [16]
      New connections: { $flatten\u_ibex_core.\load_store_unit_i.$5\rdata_h_ext[31:0] [31:17] $flatten\u_ibex_core.\load_store_unit_i.$5\rdata_h_ext[31:0] [15:0] } = { $flatten\u_ibex_core.\load_store_unit_i.$5\rdata_h_ext[31:0] [16] $flatten\u_ibex_core.\load_store_unit_i.$5\rdata_h_ext[31:0] [16] $flatten\u_ibex_core.\load_store_unit_i.$5\rdata_h_ext[31:0] [16] $flatten\u_ibex_core.\load_store_unit_i.$5\rdata_h_ext[31:0] [16] $flatten\u_ibex_core.\load_store_unit_i.$5\rdata_h_ext[31:0] [16] $flatten\u_ibex_core.\load_store_unit_i.$5\rdata_h_ext[31:0] [16] $flatten\u_ibex_core.\load_store_unit_i.$5\rdata_h_ext[31:0] [16] $flatten\u_ibex_core.\load_store_unit_i.$5\rdata_h_ext[31:0] [16] $flatten\u_ibex_core.\load_store_unit_i.$5\rdata_h_ext[31:0] [16] $flatten\u_ibex_core.\load_store_unit_i.$5\rdata_h_ext[31:0] [16] $flatten\u_ibex_core.\load_store_unit_i.$5\rdata_h_ext[31:0] [16] $flatten\u_ibex_core.\load_store_unit_i.$5\rdata_h_ext[31:0] [16] $flatten\u_ibex_core.\load_store_unit_i.$5\rdata_h_ext[31:0] [16] $flatten\u_ibex_core.\load_store_unit_i.$5\rdata_h_ext[31:0] [16] $flatten\u_ibex_core.\load_store_unit_i.$5\rdata_h_ext[31:0] [16] \data_rdata_i [7:0] \u_ibex_core.load_store_unit_i.rdata_q [23:16] }
    Consolidated identical input bits for $mux cell $flatten\u_ibex_core.\load_store_unit_i.$procmux$11161:
      Old ports: A={ 16'0000000000000000 \data_rdata_i [31:16] }, B={ \data_rdata_i [31] \data_rdata_i [31] \data_rdata_i [31] \data_rdata_i [31] \data_rdata_i [31] \data_rdata_i [31] \data_rdata_i [31] \data_rdata_i [31] \data_rdata_i [31] \data_rdata_i [31] \data_rdata_i [31] \data_rdata_i [31] \data_rdata_i [31] \data_rdata_i [31] \data_rdata_i [31] \data_rdata_i [31] \data_rdata_i [31:16] }, Y=$flatten\u_ibex_core.\load_store_unit_i.$4\rdata_h_ext[31:0]
      New ports: A=1'0, B=\data_rdata_i [31], Y=$flatten\u_ibex_core.\load_store_unit_i.$4\rdata_h_ext[31:0] [16]
      New connections: { $flatten\u_ibex_core.\load_store_unit_i.$4\rdata_h_ext[31:0] [31:17] $flatten\u_ibex_core.\load_store_unit_i.$4\rdata_h_ext[31:0] [15:0] } = { $flatten\u_ibex_core.\load_store_unit_i.$4\rdata_h_ext[31:0] [16] $flatten\u_ibex_core.\load_store_unit_i.$4\rdata_h_ext[31:0] [16] $flatten\u_ibex_core.\load_store_unit_i.$4\rdata_h_ext[31:0] [16] $flatten\u_ibex_core.\load_store_unit_i.$4\rdata_h_ext[31:0] [16] $flatten\u_ibex_core.\load_store_unit_i.$4\rdata_h_ext[31:0] [16] $flatten\u_ibex_core.\load_store_unit_i.$4\rdata_h_ext[31:0] [16] $flatten\u_ibex_core.\load_store_unit_i.$4\rdata_h_ext[31:0] [16] $flatten\u_ibex_core.\load_store_unit_i.$4\rdata_h_ext[31:0] [16] $flatten\u_ibex_core.\load_store_unit_i.$4\rdata_h_ext[31:0] [16] $flatten\u_ibex_core.\load_store_unit_i.$4\rdata_h_ext[31:0] [16] $flatten\u_ibex_core.\load_store_unit_i.$4\rdata_h_ext[31:0] [16] $flatten\u_ibex_core.\load_store_unit_i.$4\rdata_h_ext[31:0] [16] $flatten\u_ibex_core.\load_store_unit_i.$4\rdata_h_ext[31:0] [16] $flatten\u_ibex_core.\load_store_unit_i.$4\rdata_h_ext[31:0] [16] $flatten\u_ibex_core.\load_store_unit_i.$4\rdata_h_ext[31:0] [16] \data_rdata_i [31:16] }
    Consolidated identical input bits for $mux cell $flatten\u_ibex_core.\load_store_unit_i.$procmux$11168:
      Old ports: A={ 16'0000000000000000 \data_rdata_i [23:8] }, B={ \data_rdata_i [23] \data_rdata_i [23] \data_rdata_i [23] \data_rdata_i [23] \data_rdata_i [23] \data_rdata_i [23] \data_rdata_i [23] \data_rdata_i [23] \data_rdata_i [23] \data_rdata_i [23] \data_rdata_i [23] \data_rdata_i [23] \data_rdata_i [23] \data_rdata_i [23] \data_rdata_i [23] \data_rdata_i [23] \data_rdata_i [23:8] }, Y=$flatten\u_ibex_core.\load_store_unit_i.$3\rdata_h_ext[31:0]
      New ports: A=1'0, B=\data_rdata_i [23], Y=$flatten\u_ibex_core.\load_store_unit_i.$3\rdata_h_ext[31:0] [16]
      New connections: { $flatten\u_ibex_core.\load_store_unit_i.$3\rdata_h_ext[31:0] [31:17] $flatten\u_ibex_core.\load_store_unit_i.$3\rdata_h_ext[31:0] [15:0] } = { $flatten\u_ibex_core.\load_store_unit_i.$3\rdata_h_ext[31:0] [16] $flatten\u_ibex_core.\load_store_unit_i.$3\rdata_h_ext[31:0] [16] $flatten\u_ibex_core.\load_store_unit_i.$3\rdata_h_ext[31:0] [16] $flatten\u_ibex_core.\load_store_unit_i.$3\rdata_h_ext[31:0] [16] $flatten\u_ibex_core.\load_store_unit_i.$3\rdata_h_ext[31:0] [16] $flatten\u_ibex_core.\load_store_unit_i.$3\rdata_h_ext[31:0] [16] $flatten\u_ibex_core.\load_store_unit_i.$3\rdata_h_ext[31:0] [16] $flatten\u_ibex_core.\load_store_unit_i.$3\rdata_h_ext[31:0] [16] $flatten\u_ibex_core.\load_store_unit_i.$3\rdata_h_ext[31:0] [16] $flatten\u_ibex_core.\load_store_unit_i.$3\rdata_h_ext[31:0] [16] $flatten\u_ibex_core.\load_store_unit_i.$3\rdata_h_ext[31:0] [16] $flatten\u_ibex_core.\load_store_unit_i.$3\rdata_h_ext[31:0] [16] $flatten\u_ibex_core.\load_store_unit_i.$3\rdata_h_ext[31:0] [16] $flatten\u_ibex_core.\load_store_unit_i.$3\rdata_h_ext[31:0] [16] $flatten\u_ibex_core.\load_store_unit_i.$3\rdata_h_ext[31:0] [16] \data_rdata_i [23:8] }
    Consolidated identical input bits for $mux cell $flatten\u_ibex_core.\load_store_unit_i.$procmux$11176:
      Old ports: A={ 16'0000000000000000 \data_rdata_i [15:0] }, B={ \data_rdata_i [15] \data_rdata_i [15] \data_rdata_i [15] \data_rdata_i [15] \data_rdata_i [15] \data_rdata_i [15] \data_rdata_i [15] \data_rdata_i [15] \data_rdata_i [15] \data_rdata_i [15] \data_rdata_i [15] \data_rdata_i [15] \data_rdata_i [15] \data_rdata_i [15] \data_rdata_i [15] \data_rdata_i [15] \data_rdata_i [15:0] }, Y=$flatten\u_ibex_core.\load_store_unit_i.$2\rdata_h_ext[31:0]
      New ports: A=1'0, B=\data_rdata_i [15], Y=$flatten\u_ibex_core.\load_store_unit_i.$2\rdata_h_ext[31:0] [16]
      New connections: { $flatten\u_ibex_core.\load_store_unit_i.$2\rdata_h_ext[31:0] [31:17] $flatten\u_ibex_core.\load_store_unit_i.$2\rdata_h_ext[31:0] [15:0] } = { $flatten\u_ibex_core.\load_store_unit_i.$2\rdata_h_ext[31:0] [16] $flatten\u_ibex_core.\load_store_unit_i.$2\rdata_h_ext[31:0] [16] $flatten\u_ibex_core.\load_store_unit_i.$2\rdata_h_ext[31:0] [16] $flatten\u_ibex_core.\load_store_unit_i.$2\rdata_h_ext[31:0] [16] $flatten\u_ibex_core.\load_store_unit_i.$2\rdata_h_ext[31:0] [16] $flatten\u_ibex_core.\load_store_unit_i.$2\rdata_h_ext[31:0] [16] $flatten\u_ibex_core.\load_store_unit_i.$2\rdata_h_ext[31:0] [16] $flatten\u_ibex_core.\load_store_unit_i.$2\rdata_h_ext[31:0] [16] $flatten\u_ibex_core.\load_store_unit_i.$2\rdata_h_ext[31:0] [16] $flatten\u_ibex_core.\load_store_unit_i.$2\rdata_h_ext[31:0] [16] $flatten\u_ibex_core.\load_store_unit_i.$2\rdata_h_ext[31:0] [16] $flatten\u_ibex_core.\load_store_unit_i.$2\rdata_h_ext[31:0] [16] $flatten\u_ibex_core.\load_store_unit_i.$2\rdata_h_ext[31:0] [16] $flatten\u_ibex_core.\load_store_unit_i.$2\rdata_h_ext[31:0] [16] $flatten\u_ibex_core.\load_store_unit_i.$2\rdata_h_ext[31:0] [16] \data_rdata_i [15:0] }
    Consolidated identical input bits for $pmux cell $flatten\u_ibex_core.\load_store_unit_i.$procmux$11305:
      Old ports: A=4'0000, B=12'000100110111, Y=$flatten\u_ibex_core.\load_store_unit_i.$5\data_be[3:0]
      New ports: A=3'000, B=9'001011111, Y=$flatten\u_ibex_core.\load_store_unit_i.$5\data_be[3:0] [2:0]
      New connections: $flatten\u_ibex_core.\load_store_unit_i.$5\data_be[3:0] [3] = 1'0
    Consolidated identical input bits for $pmux cell $flatten\u_ibex_core.\load_store_unit_i.$procmux$11321:
      Old ports: A=4'1111, B=12'111011001000, Y=$flatten\u_ibex_core.\load_store_unit_i.$4\data_be[3:0]
      New ports: A=3'111, B=9'110100000, Y=$flatten\u_ibex_core.\load_store_unit_i.$4\data_be[3:0] [2:0]
      New connections: $flatten\u_ibex_core.\load_store_unit_i.$4\data_be[3:0] [3] = 1'1
    Consolidated identical input bits for $pmux cell $flatten\u_ibex_core.\load_store_unit_i.$procmux$9917:
      Old ports: A=3'000, B=6'010000, Y=\u_ibex_core.load_store_unit_i.cap_rx_fsm_d
      New ports: A=1'0, B=2'10, Y=\u_ibex_core.load_store_unit_i.cap_rx_fsm_d [1]
      New connections: { \u_ibex_core.load_store_unit_i.cap_rx_fsm_d [2] \u_ibex_core.load_store_unit_i.cap_rx_fsm_d [0] } = 2'00
    New ctrl vector for $pmux cell $flatten\u_ibex_core.\load_store_unit_i.$procmux$9917: $flatten\u_ibex_core.\load_store_unit_i.$procmux$9907_CMP
    Consolidated identical input bits for $mux cell $flatten\u_ibex_core.\load_store_unit_i.$ternary$/work/src/ibex_load_store_unit.v:418$1524:
      Old ports: A=2'00, B=2'10, Y=$auto$wreduce.cc:461:run$15822 [1:0]
      New ports: A=1'0, B=1'1, Y=$auto$wreduce.cc:461:run$15822 [1]
      New connections: $auto$wreduce.cc:461:run$15822 [0] = 1'0
    Consolidated identical input bits for $mux cell $flatten\u_ibex_core.\load_store_unit_i.$ternary$/work/src/ibex_load_store_unit.v:421$1525:
      Old ports: A=2'11, B=2'01, Y=$flatten\u_ibex_core.\load_store_unit_i.$ternary$/work/src/ibex_load_store_unit.v:421$1525_Y [1:0]
      New ports: A=1'1, B=1'0, Y=$flatten\u_ibex_core.\load_store_unit_i.$ternary$/work/src/ibex_load_store_unit.v:421$1525_Y [1]
      New connections: $flatten\u_ibex_core.\load_store_unit_i.$ternary$/work/src/ibex_load_store_unit.v:421$1525_Y [0] = 1'1
    Consolidated identical input bits for $mux cell $flatten\u_ibex_core.\load_store_unit_i.$ternary$/work/src/ibex_load_store_unit.v:440$1530:
      Old ports: A=2'11, B=2'00, Y=$auto$wreduce.cc:461:run$15823 [1:0]
      New ports: A=1'1, B=1'0, Y=$auto$wreduce.cc:461:run$15823 [0]
      New connections: $auto$wreduce.cc:461:run$15823 [1] = $auto$wreduce.cc:461:run$15823 [0]
  Optimizing cells in module \ibex_top.
    Consolidated identical input bits for $mux cell $flatten\u_ibex_core.\cs_registers_i.$procmux$11812:
      Old ports: A=$flatten\u_ibex_core.\cs_registers_i.$2\exception_pc[31:0], B={ \u_ibex_core.cs_registers_i.csr_wdata_int [31:1] 1'0 }, Y=$flatten\u_ibex_core.\cs_registers_i.$3\mepc_d[31:0]
      New ports: A=$flatten\u_ibex_core.\cs_registers_i.$2\exception_pc[31:0] [31:1], B=\u_ibex_core.cs_registers_i.csr_wdata_int [31:1], Y=$flatten\u_ibex_core.\cs_registers_i.$3\mepc_d[31:0] [31:1]
      New connections: $flatten\u_ibex_core.\cs_registers_i.$3\mepc_d[31:0] [0] = 1'0
    Consolidated identical input bits for $mux cell $flatten\u_ibex_core.\cs_registers_i.$procmux$11911:
      Old ports: A={ \u_ibex_core.cs_registers_i.csr_wdata_int [31:1] 1'0 }, B=$flatten\u_ibex_core.\cs_registers_i.$2\exception_pc[31:0], Y=$flatten\u_ibex_core.\cs_registers_i.$2\depc_d[31:0]
      New ports: A=\u_ibex_core.cs_registers_i.csr_wdata_int [31:1], B=$flatten\u_ibex_core.\cs_registers_i.$2\exception_pc[31:0] [31:1], Y=$flatten\u_ibex_core.\cs_registers_i.$2\depc_d[31:0] [31:1]
      New connections: $flatten\u_ibex_core.\cs_registers_i.$2\depc_d[31:0] [0] = 1'0
    Consolidated identical input bits for $mux cell $flatten\u_ibex_core.\cs_registers_i.$procmux$12886:
      Old ports: A={ \u_ibex_core.cs_registers_i.u_cpuctrlsts_part_csr.rdata_q [7:6] 6'000000 }, B=$flatten\u_ibex_core.\cs_registers_i.$2\cpuctrlsts_part_d[7:0], Y={ $flatten\u_ibex_core.\cs_registers_i.$1\cpuctrlsts_part_d[7:0] [7:6] \u_ibex_core.cs_registers_i.u_cpuctrlsts_part_csr.wr_data_i [5:0] }
      New ports: A=\u_ibex_core.cs_registers_i.u_cpuctrlsts_part_csr.rdata_q [7:6], B=$flatten\u_ibex_core.\cs_registers_i.$2\cpuctrlsts_part_d[7:0] [7:6], Y=$flatten\u_ibex_core.\cs_registers_i.$1\cpuctrlsts_part_d[7:0] [7:6]
      New connections: \u_ibex_core.cs_registers_i.u_cpuctrlsts_part_csr.wr_data_i [5:0] = 6'000000
    Consolidated identical input bits for $mux cell $flatten\u_ibex_core.\id_stage_i.\controller_i.$procmux$7459:
      Old ports: A=$auto$wreduce.cc:461:run$15806 [2:0], B=3'101, Y=$flatten\u_ibex_core.\id_stage_i.\controller_i.$15\ctrl_fsm_ns[3:0] [2:0]
      New ports: A=$auto$wreduce.cc:461:run$15806 [1:0], B=2'01, Y=$flatten\u_ibex_core.\id_stage_i.\controller_i.$15\ctrl_fsm_ns[3:0] [1:0]
      New connections: $flatten\u_ibex_core.\id_stage_i.\controller_i.$15\ctrl_fsm_ns[3:0] [2] = $flatten\u_ibex_core.\id_stage_i.\controller_i.$15\ctrl_fsm_ns[3:0] [0]
    Consolidated identical input bits for $mux cell $flatten\u_ibex_core.\id_stage_i.\controller_i.$procmux$7510:
      Old ports: A=$flatten\u_ibex_core.\id_stage_i.\controller_i.$4\pc_mux_o[2:0], B=3'011, Y=$flatten\u_ibex_core.\id_stage_i.\controller_i.$3\pc_mux_o[2:0]
      New ports: A={ $flatten\u_ibex_core.\id_stage_i.\controller_i.$4\pc_mux_o[2:0] [2] 1'0 }, B=2'01, Y={ $flatten\u_ibex_core.\id_stage_i.\controller_i.$3\pc_mux_o[2:0] [2] $flatten\u_ibex_core.\id_stage_i.\controller_i.$3\pc_mux_o[2:0] [0] }
      New connections: $flatten\u_ibex_core.\id_stage_i.\controller_i.$3\pc_mux_o[2:0] [1] = $flatten\u_ibex_core.\id_stage_i.\controller_i.$3\pc_mux_o[2:0] [0]
    Consolidated identical input bits for $mux cell $flatten\u_ibex_core.\id_stage_i.\controller_i.$procmux$7528:
      Old ports: A=$flatten\u_ibex_core.\id_stage_i.\controller_i.$15\ctrl_fsm_ns[3:0], B=4'0101, Y=$flatten\u_ibex_core.\id_stage_i.\controller_i.$14\ctrl_fsm_ns[3:0]
      New ports: A=$flatten\u_ibex_core.\id_stage_i.\controller_i.$15\ctrl_fsm_ns[3:0] [2:0], B=3'101, Y=$flatten\u_ibex_core.\id_stage_i.\controller_i.$14\ctrl_fsm_ns[3:0] [2:0]
      New connections: $flatten\u_ibex_core.\id_stage_i.\controller_i.$14\ctrl_fsm_ns[3:0] [3] = 1'0
    Consolidated identical input bits for $mux cell $flatten\u_ibex_core.\id_stage_i.\controller_i.$procmux$8091:
      Old ports: A=4'0101, B=$flatten\u_ibex_core.\id_stage_i.\controller_i.$13\ctrl_fsm_ns[3:0], Y=$flatten\u_ibex_core.\id_stage_i.\controller_i.$12\ctrl_fsm_ns[3:0]
      New ports: A=2'01, B=$flatten\u_ibex_core.\id_stage_i.\controller_i.$13\ctrl_fsm_ns[3:0] [3:2], Y=$flatten\u_ibex_core.\id_stage_i.\controller_i.$12\ctrl_fsm_ns[3:0] [3:2]
      New connections: $flatten\u_ibex_core.\id_stage_i.\controller_i.$12\ctrl_fsm_ns[3:0] [1:0] = 2'01
    Consolidated identical input bits for $mux cell $flatten\u_ibex_core.\id_stage_i.\controller_i.$procmux$8203:
      Old ports: A=7'0000000, B=$flatten\u_ibex_core.\id_stage_i.\controller_i.$8\exc_cause_o[6:0], Y=$flatten\u_ibex_core.\id_stage_i.\controller_i.$7\exc_cause_o[6:0]
      New ports: A=4'0000, B=$flatten\u_ibex_core.\id_stage_i.\controller_i.$8\exc_cause_o[6:0] [3:0], Y=$flatten\u_ibex_core.\id_stage_i.\controller_i.$7\exc_cause_o[6:0] [3:0]
      New connections: $flatten\u_ibex_core.\id_stage_i.\controller_i.$7\exc_cause_o[6:0] [6:4] = 3'000
    Consolidated identical input bits for $mux cell $flatten\u_ibex_core.\id_stage_i.\controller_i.$procmux$8303:
      Old ports: A={ 1'0 $auto$wreduce.cc:461:run$15807 [2:0] }, B=4'1011, Y=$flatten\u_ibex_core.\id_stage_i.\controller_i.$5\exc_cause_o[6:0] [3:0]
      New ports: A={ 1'0 $auto$wreduce.cc:461:run$15807 [2] }, B=2'10, Y=$flatten\u_ibex_core.\id_stage_i.\controller_i.$5\exc_cause_o[6:0] [3:2]
      New connections: $flatten\u_ibex_core.\id_stage_i.\controller_i.$5\exc_cause_o[6:0] [1:0] = 2'11
    Consolidated identical input bits for $mux cell $flatten\u_ibex_core.\id_stage_i.\controller_i.$procmux$8321:
      Old ports: A=$flatten\u_ibex_core.\id_stage_i.\controller_i.$5\exc_cause_o[6:0], B={ 3'011 \u_ibex_core.id_stage_i.controller_i.mfip_id }, Y=$flatten\u_ibex_core.\id_stage_i.\controller_i.$4\exc_cause_o[6:0]
      New ports: A={ 1'0 $flatten\u_ibex_core.\id_stage_i.\controller_i.$5\exc_cause_o[6:0] [3:0] }, B={ 1'1 \u_ibex_core.id_stage_i.controller_i.mfip_id }, Y=$flatten\u_ibex_core.\id_stage_i.\controller_i.$4\exc_cause_o[6:0] [4:0]
      New connections: $flatten\u_ibex_core.\id_stage_i.\controller_i.$4\exc_cause_o[6:0] [6:5] = 2'01
    Consolidated identical input bits for $mux cell $flatten\u_ibex_core.\id_stage_i.\controller_i.$procmux$8675:
      Old ports: A=$flatten\u_ibex_core.\id_stage_i.\controller_i.$4\ctrl_fsm_ns[3:0], B=4'1000, Y=$flatten\u_ibex_core.\id_stage_i.\controller_i.$5\ctrl_fsm_ns[3:0]
      New ports: A={ 1'0 $flatten\u_ibex_core.\id_stage_i.\controller_i.$4\ctrl_fsm_ns[3:0] [1] 1'1 }, B=3'100, Y={ $flatten\u_ibex_core.\id_stage_i.\controller_i.$5\ctrl_fsm_ns[3:0] [3] $flatten\u_ibex_core.\id_stage_i.\controller_i.$5\ctrl_fsm_ns[3:0] [1:0] }
      New connections: $flatten\u_ibex_core.\id_stage_i.\controller_i.$5\ctrl_fsm_ns[3:0] [2] = $flatten\u_ibex_core.\id_stage_i.\controller_i.$5\ctrl_fsm_ns[3:0] [0]
    Consolidated identical input bits for $mux cell $flatten\u_ibex_core.\id_stage_i.\controller_i.$procmux$8937:
      Old ports: A=$flatten\u_ibex_core.\id_stage_i.\controller_i.$1\mfip_id[3:0], B=4'1101, Y=$flatten\u_ibex_core.\id_stage_i.\controller_i.$2\mfip_id[3:0]
      New ports: A={ $flatten\u_ibex_core.\id_stage_i.\controller_i.$1\mfip_id[3:0] [1] $flatten\u_ibex_core.\id_stage_i.\controller_i.$1\mfip_id[3:0] [1] 1'0 }, B=3'101, Y=$flatten\u_ibex_core.\id_stage_i.\controller_i.$2\mfip_id[3:0] [2:0]
      New connections: $flatten\u_ibex_core.\id_stage_i.\controller_i.$2\mfip_id[3:0] [3] = $flatten\u_ibex_core.\id_stage_i.\controller_i.$2\mfip_id[3:0] [2]
    Consolidated identical input bits for $mux cell $flatten\u_ibex_core.\id_stage_i.\controller_i.$ternary$/work/src/ibex_controller.v:411$2199:
      Old ports: A=$flatten\u_ibex_core.\id_stage_i.\controller_i.$ternary$/work/src/ibex_controller.v:411$2198_Y, B=3'011, Y=$flatten\u_ibex_core.\id_stage_i.\controller_i.$ternary$/work/src/ibex_controller.v:411$2199_Y
      New ports: A={ $flatten\u_ibex_core.\id_stage_i.\controller_i.$ternary$/work/src/ibex_controller.v:411$2198_Y [2] 1'0 }, B=2'01, Y={ $flatten\u_ibex_core.\id_stage_i.\controller_i.$ternary$/work/src/ibex_controller.v:411$2199_Y [2] $flatten\u_ibex_core.\id_stage_i.\controller_i.$ternary$/work/src/ibex_controller.v:411$2199_Y [0] }
      New connections: $flatten\u_ibex_core.\id_stage_i.\controller_i.$ternary$/work/src/ibex_controller.v:411$2199_Y [1] = $flatten\u_ibex_core.\id_stage_i.\controller_i.$ternary$/work/src/ibex_controller.v:411$2199_Y [0]
    Consolidated identical input bits for $mux cell $flatten\u_ibex_core.\id_stage_i.\decoder_i.$procmux$2987:
      Old ports: A=$flatten\u_ibex_core.\id_stage_i.\decoder_i.$9\alu_op_a_mux_sel_o[1:0], B=2'00, Y=$flatten\u_ibex_core.\id_stage_i.\decoder_i.$8\alu_op_a_mux_sel_o[1:0]
      New ports: A=$flatten\u_ibex_core.\id_stage_i.\decoder_i.$9\alu_op_a_mux_sel_o[1:0] [0], B=1'0, Y=$flatten\u_ibex_core.\id_stage_i.\decoder_i.$8\alu_op_a_mux_sel_o[1:0] [0]
      New connections: $flatten\u_ibex_core.\id_stage_i.\decoder_i.$8\alu_op_a_mux_sel_o[1:0] [1] = $flatten\u_ibex_core.\id_stage_i.\decoder_i.$8\alu_op_a_mux_sel_o[1:0] [0]
    Consolidated identical input bits for $mux cell $flatten\u_ibex_core.\id_stage_i.\decoder_i.$procmux$3224:
      Old ports: A=$auto$wreduce.cc:461:run$15811 [5:0], B=6'101100, Y=$auto$wreduce.cc:461:run$15810 [5:0]
      New ports: A={ $auto$wreduce.cc:461:run$15811 [5] $auto$wreduce.cc:461:run$15811 [3:0] }, B=5'11100, Y={ $auto$wreduce.cc:461:run$15810 [5] $auto$wreduce.cc:461:run$15810 [3:0] }
      New connections: $auto$wreduce.cc:461:run$15810 [4] = 1'0
    Consolidated identical input bits for $mux cell $flatten\u_ibex_core.\id_stage_i.\decoder_i.$procmux$3247:
      Old ports: A=$auto$wreduce.cc:461:run$15809 [5:0], B=6'001001, Y=$flatten\u_ibex_core.\id_stage_i.\decoder_i.$10\alu_operator_o[6:0] [5:0]
      New ports: A={ $auto$wreduce.cc:461:run$15809 [2] 1'0 }, B=2'01, Y={ $flatten\u_ibex_core.\id_stage_i.\decoder_i.$10\alu_operator_o[6:0] [2] $flatten\u_ibex_core.\id_stage_i.\decoder_i.$10\alu_operator_o[6:0] [0] }
      New connections: { $flatten\u_ibex_core.\id_stage_i.\decoder_i.$10\alu_operator_o[6:0] [5:3] $flatten\u_ibex_core.\id_stage_i.\decoder_i.$10\alu_operator_o[6:0] [1] } = { $flatten\u_ibex_core.\id_stage_i.\decoder_i.$10\alu_operator_o[6:0] [2] 3'010 }
    Consolidated identical input bits for $pmux cell $flatten\u_ibex_core.\id_stage_i.\decoder_i.$procmux$3274:
      Old ports: A=7'0000000, B={ 42'010101101011000000010000001100001000001010 $flatten\u_ibex_core.\id_stage_i.\decoder_i.$10\alu_operator_o[6:0] }, Y=$auto$wreduce.cc:461:run$15817
      New ports: A=6'000000, B={ 36'101011101100000010000011000100001010 $flatten\u_ibex_core.\id_stage_i.\decoder_i.$10\alu_operator_o[6:0] [5:0] }, Y=$auto$wreduce.cc:461:run$15817 [5:0]
      New connections: $auto$wreduce.cc:461:run$15817 [6] = 1'0
    Consolidated identical input bits for $mux cell $flatten\u_ibex_core.\if_stage_i.\compressed_decoder_i.$procmux$9006:
      Old ports: A={ 4'0000 $auto$wreduce.cc:461:run$15820 [20:0] }, B={ \u_ibex_core.if_stage_i.compressed_decoder_i.instr_i [6:2] \u_ibex_core.if_stage_i.compressed_decoder_i.instr_i [11:7] 3'000 \u_ibex_core.if_stage_i.compressed_decoder_i.instr_i [11:7] 7'0110011 }, Y=$auto$wreduce.cc:461:run$15819 [24:0]
      New ports: A={ 4'0000 $auto$wreduce.cc:461:run$15820 [4] $auto$wreduce.cc:461:run$15820 [19:15] 4'0000 $auto$wreduce.cc:461:run$15820 [2] 1'1 $auto$wreduce.cc:461:run$15820 [4] $auto$wreduce.cc:461:run$15820 [2] }, B={ \u_ibex_core.if_stage_i.compressed_decoder_i.instr_i [6:2] \u_ibex_core.if_stage_i.compressed_decoder_i.instr_i [11:7] \u_ibex_core.if_stage_i.compressed_decoder_i.instr_i [11:7] 3'010 }, Y={ $auto$wreduce.cc:461:run$15819 [24:15] $auto$wreduce.cc:461:run$15819 [11:6] $auto$wreduce.cc:461:run$15819 [4] $auto$wreduce.cc:461:run$15819 [2] }
      New connections: { $auto$wreduce.cc:461:run$15819 [14:12] $auto$wreduce.cc:461:run$15819 [5] $auto$wreduce.cc:461:run$15819 [3] $auto$wreduce.cc:461:run$15819 [1:0] } = 7'0001011
    Consolidated identical input bits for $mux cell $flatten\u_ibex_core.\if_stage_i.\compressed_decoder_i.$procmux$9081:
      Old ports: A={ 7'0000000 $auto$wreduce.cc:461:run$15818 [24:0] }, B=$auto$wreduce.cc:461:run$15819, Y=$flatten\u_ibex_core.\if_stage_i.\compressed_decoder_i.$16\instr_o[31:0]
      New ports: A={ $auto$wreduce.cc:461:run$15818 [24:15] 3'000 $auto$wreduce.cc:461:run$15818 [11:7] $auto$wreduce.cc:461:run$15818 [2] 1'1 $auto$wreduce.cc:461:run$15818 [4] 1'0 $auto$wreduce.cc:461:run$15818 [2] 2'11 }, B=$auto$wreduce.cc:461:run$15819 [24:0], Y=$flatten\u_ibex_core.\if_stage_i.\compressed_decoder_i.$16\instr_o[31:0] [24:0]
      New connections: $flatten\u_ibex_core.\if_stage_i.\compressed_decoder_i.$16\instr_o[31:0] [31:25] = 7'0000000
    Consolidated identical input bits for $pmux cell $flatten\u_ibex_core.\if_stage_i.\compressed_decoder_i.$procmux$9296:
      Old ports: A={ 1'0 \u_ibex_core.if_stage_i.compressed_decoder_i.instr_i [10] 5'00000 \u_ibex_core.if_stage_i.compressed_decoder_i.instr_i [6:2] 2'01 \u_ibex_core.if_stage_i.compressed_decoder_i.instr_i [9:7] 5'10101 \u_ibex_core.if_stage_i.compressed_decoder_i.instr_i [9:7] 7'0010011 }, B={ \u_ibex_core.if_stage_i.compressed_decoder_i.instr_i [12] \u_ibex_core.if_stage_i.compressed_decoder_i.instr_i [12] \u_ibex_core.if_stage_i.compressed_decoder_i.instr_i [12] \u_ibex_core.if_stage_i.compressed_decoder_i.instr_i [12] \u_ibex_core.if_stage_i.compressed_decoder_i.instr_i [12] \u_ibex_core.if_stage_i.compressed_decoder_i.instr_i [12] \u_ibex_core.if_stage_i.compressed_decoder_i.instr_i [12] \u_ibex_core.if_stage_i.compressed_decoder_i.instr_i [6:2] 2'01 \u_ibex_core.if_stage_i.compressed_decoder_i.instr_i [9:7] 5'11101 \u_ibex_core.if_stage_i.compressed_decoder_i.instr_i [9:7] 7'0010011 $flatten\u_ibex_core.\if_stage_i.\compressed_decoder_i.$12\instr_o[31:0] }, Y=$flatten\u_ibex_core.\if_stage_i.\compressed_decoder_i.$10\instr_o[31:0]
      New ports: A={ 1'0 \u_ibex_core.if_stage_i.compressed_decoder_i.instr_i [10] 5'00000 \u_ibex_core.if_stage_i.compressed_decoder_i.instr_i [6:2] 2'01 \u_ibex_core.if_stage_i.compressed_decoder_i.instr_i [9:7] 12'101010010011 }, B={ \u_ibex_core.if_stage_i.compressed_decoder_i.instr_i [12] \u_ibex_core.if_stage_i.compressed_decoder_i.instr_i [12] \u_ibex_core.if_stage_i.compressed_decoder_i.instr_i [12] \u_ibex_core.if_stage_i.compressed_decoder_i.instr_i [12] \u_ibex_core.if_stage_i.compressed_decoder_i.instr_i [12] \u_ibex_core.if_stage_i.compressed_decoder_i.instr_i [12] \u_ibex_core.if_stage_i.compressed_decoder_i.instr_i [12] \u_ibex_core.if_stage_i.compressed_decoder_i.instr_i [6:2] 2'01 \u_ibex_core.if_stage_i.compressed_decoder_i.instr_i [9:7] 12'111010010011 $flatten\u_ibex_core.\if_stage_i.\compressed_decoder_i.$12\instr_o[31:0] [31:10] $flatten\u_ibex_core.\if_stage_i.\compressed_decoder_i.$12\instr_o[31:0] [6:0] }, Y={ $flatten\u_ibex_core.\if_stage_i.\compressed_decoder_i.$10\instr_o[31:0] [31:10] $flatten\u_ibex_core.\if_stage_i.\compressed_decoder_i.$10\instr_o[31:0] [6:0] }
      New connections: $flatten\u_ibex_core.\if_stage_i.\compressed_decoder_i.$10\instr_o[31:0] [9:7] = \u_ibex_core.if_stage_i.compressed_decoder_i.instr_i [9:7]
    Consolidated identical input bits for $pmux cell $flatten\u_ibex_core.\load_store_unit_i.$procmux$11149:
      Old ports: A=$flatten\u_ibex_core.\load_store_unit_i.$2\rdata_b_ext[31:0], B={ $flatten\u_ibex_core.\load_store_unit_i.$3\rdata_b_ext[31:0] $flatten\u_ibex_core.\load_store_unit_i.$4\rdata_b_ext[31:0] $flatten\u_ibex_core.\load_store_unit_i.$5\rdata_b_ext[31:0] }, Y=\u_ibex_core.load_store_unit_i.rdata_b_ext
      New ports: A={ $flatten\u_ibex_core.\load_store_unit_i.$2\rdata_b_ext[31:0] [8] \data_rdata_i [7:0] }, B={ $flatten\u_ibex_core.\load_store_unit_i.$3\rdata_b_ext[31:0] [8] \data_rdata_i [15:8] $flatten\u_ibex_core.\load_store_unit_i.$4\rdata_b_ext[31:0] [8] \data_rdata_i [23:16] $flatten\u_ibex_core.\load_store_unit_i.$5\rdata_b_ext[31:0] [8] \data_rdata_i [31:24] }, Y=\u_ibex_core.load_store_unit_i.rdata_b_ext [8:0]
      New connections: \u_ibex_core.load_store_unit_i.rdata_b_ext [31:9] = { \u_ibex_core.load_store_unit_i.rdata_b_ext [8] \u_ibex_core.load_store_unit_i.rdata_b_ext [8] \u_ibex_core.load_store_unit_i.rdata_b_ext [8] \u_ibex_core.load_store_unit_i.rdata_b_ext [8] \u_ibex_core.load_store_unit_i.rdata_b_ext [8] \u_ibex_core.load_store_unit_i.rdata_b_ext [8] \u_ibex_core.load_store_unit_i.rdata_b_ext [8] \u_ibex_core.load_store_unit_i.rdata_b_ext [8] \u_ibex_core.load_store_unit_i.rdata_b_ext [8] \u_ibex_core.load_store_unit_i.rdata_b_ext [8] \u_ibex_core.load_store_unit_i.rdata_b_ext [8] \u_ibex_core.load_store_unit_i.rdata_b_ext [8] \u_ibex_core.load_store_unit_i.rdata_b_ext [8] \u_ibex_core.load_store_unit_i.rdata_b_ext [8] \u_ibex_core.load_store_unit_i.rdata_b_ext [8] \u_ibex_core.load_store_unit_i.rdata_b_ext [8] \u_ibex_core.load_store_unit_i.rdata_b_ext [8] \u_ibex_core.load_store_unit_i.rdata_b_ext [8] \u_ibex_core.load_store_unit_i.rdata_b_ext [8] \u_ibex_core.load_store_unit_i.rdata_b_ext [8] \u_ibex_core.load_store_unit_i.rdata_b_ext [8] \u_ibex_core.load_store_unit_i.rdata_b_ext [8] \u_ibex_core.load_store_unit_i.rdata_b_ext [8] }
    Consolidated identical input bits for $pmux cell $flatten\u_ibex_core.\load_store_unit_i.$procmux$11180:
      Old ports: A=$flatten\u_ibex_core.\load_store_unit_i.$2\rdata_h_ext[31:0], B={ $flatten\u_ibex_core.\load_store_unit_i.$3\rdata_h_ext[31:0] $flatten\u_ibex_core.\load_store_unit_i.$4\rdata_h_ext[31:0] $flatten\u_ibex_core.\load_store_unit_i.$5\rdata_h_ext[31:0] }, Y=\u_ibex_core.load_store_unit_i.rdata_h_ext
      New ports: A={ $flatten\u_ibex_core.\load_store_unit_i.$2\rdata_h_ext[31:0] [16] \data_rdata_i [15:0] }, B={ $flatten\u_ibex_core.\load_store_unit_i.$3\rdata_h_ext[31:0] [16] \data_rdata_i [23:8] $flatten\u_ibex_core.\load_store_unit_i.$4\rdata_h_ext[31:0] [16] \data_rdata_i [31:16] $flatten\u_ibex_core.\load_store_unit_i.$5\rdata_h_ext[31:0] [16] \data_rdata_i [7:0] \u_ibex_core.load_store_unit_i.rdata_q [23:16] }, Y=\u_ibex_core.load_store_unit_i.rdata_h_ext [16:0]
      New connections: \u_ibex_core.load_store_unit_i.rdata_h_ext [31:17] = { \u_ibex_core.load_store_unit_i.rdata_h_ext [16] \u_ibex_core.load_store_unit_i.rdata_h_ext [16] \u_ibex_core.load_store_unit_i.rdata_h_ext [16] \u_ibex_core.load_store_unit_i.rdata_h_ext [16] \u_ibex_core.load_store_unit_i.rdata_h_ext [16] \u_ibex_core.load_store_unit_i.rdata_h_ext [16] \u_ibex_core.load_store_unit_i.rdata_h_ext [16] \u_ibex_core.load_store_unit_i.rdata_h_ext [16] \u_ibex_core.load_store_unit_i.rdata_h_ext [16] \u_ibex_core.load_store_unit_i.rdata_h_ext [16] \u_ibex_core.load_store_unit_i.rdata_h_ext [16] \u_ibex_core.load_store_unit_i.rdata_h_ext [16] \u_ibex_core.load_store_unit_i.rdata_h_ext [16] \u_ibex_core.load_store_unit_i.rdata_h_ext [16] \u_ibex_core.load_store_unit_i.rdata_h_ext [16] }
  Optimizing cells in module \ibex_top.
    Consolidated identical input bits for $mux cell $flatten\u_ibex_core.\cs_registers_i.$procmux$12007:
      Old ports: A=$flatten\u_ibex_core.\cs_registers_i.$3\mepc_d[31:0], B={ \u_ibex_core.cs_registers_i.csr_wdata_int [31:1] 1'0 }, Y=$flatten\u_ibex_core.\cs_registers_i.$2\mepc_d[31:0]
      New ports: A=$flatten\u_ibex_core.\cs_registers_i.$3\mepc_d[31:0] [31:1], B=\u_ibex_core.cs_registers_i.csr_wdata_int [31:1], Y=$flatten\u_ibex_core.\cs_registers_i.$2\mepc_d[31:0] [31:1]
      New connections: $flatten\u_ibex_core.\cs_registers_i.$2\mepc_d[31:0] [0] = 1'0
    Consolidated identical input bits for $mux cell $flatten\u_ibex_core.\cs_registers_i.$procmux$12065:
      Old ports: A={ \u_ibex_core.cs_registers_i.csr_wdata_int [31:1] 1'0 }, B=$flatten\u_ibex_core.\cs_registers_i.$2\depc_d[31:0], Y=\u_ibex_core.cs_registers_i.depc_d
      New ports: A=\u_ibex_core.cs_registers_i.csr_wdata_int [31:1], B=$flatten\u_ibex_core.\cs_registers_i.$2\depc_d[31:0] [31:1], Y=\u_ibex_core.cs_registers_i.depc_d [31:1]
      New connections: \u_ibex_core.cs_registers_i.depc_d [0] = 1'0
    Consolidated identical input bits for $mux cell $flatten\u_ibex_core.\id_stage_i.\controller_i.$procmux$7528:
      Old ports: A=$flatten\u_ibex_core.\id_stage_i.\controller_i.$15\ctrl_fsm_ns[3:0] [2:0], B=3'101, Y=$flatten\u_ibex_core.\id_stage_i.\controller_i.$14\ctrl_fsm_ns[3:0] [2:0]
      New ports: A=$flatten\u_ibex_core.\id_stage_i.\controller_i.$15\ctrl_fsm_ns[3:0] [1:0], B=2'01, Y=$flatten\u_ibex_core.\id_stage_i.\controller_i.$14\ctrl_fsm_ns[3:0] [1:0]
      New connections: $flatten\u_ibex_core.\id_stage_i.\controller_i.$14\ctrl_fsm_ns[3:0] [2] = $flatten\u_ibex_core.\id_stage_i.\controller_i.$14\ctrl_fsm_ns[3:0] [0]
    Consolidated identical input bits for $mux cell $flatten\u_ibex_core.\id_stage_i.\controller_i.$procmux$8934:
      Old ports: A=$flatten\u_ibex_core.\id_stage_i.\controller_i.$2\mfip_id[3:0], B=4'1100, Y=$flatten\u_ibex_core.\id_stage_i.\controller_i.$3\mfip_id[3:0]
      New ports: A=$flatten\u_ibex_core.\id_stage_i.\controller_i.$2\mfip_id[3:0] [2:0], B=3'100, Y=$flatten\u_ibex_core.\id_stage_i.\controller_i.$3\mfip_id[3:0] [2:0]
      New connections: $flatten\u_ibex_core.\id_stage_i.\controller_i.$3\mfip_id[3:0] [3] = $flatten\u_ibex_core.\id_stage_i.\controller_i.$3\mfip_id[3:0] [2]
    Consolidated identical input bits for $pmux cell $flatten\u_ibex_core.\id_stage_i.\decoder_i.$procmux$3274:
      Old ports: A=6'000000, B={ 36'101011101100000010000011000100001010 $flatten\u_ibex_core.\id_stage_i.\decoder_i.$10\alu_operator_o[6:0] [5:0] }, Y=$auto$wreduce.cc:461:run$15817 [5:0]
      New ports: A=5'00000, B={ 30'110111110000010000110010001010 $flatten\u_ibex_core.\id_stage_i.\decoder_i.$10\alu_operator_o[6:0] [2] 1'1 $flatten\u_ibex_core.\id_stage_i.\decoder_i.$10\alu_operator_o[6:0] [2] 1'0 $flatten\u_ibex_core.\id_stage_i.\decoder_i.$10\alu_operator_o[6:0] [0] }, Y={ $auto$wreduce.cc:461:run$15817 [5] $auto$wreduce.cc:461:run$15817 [3:0] }
      New connections: $auto$wreduce.cc:461:run$15817 [4] = 1'0
    Consolidated identical input bits for $pmux cell $flatten\u_ibex_core.\id_stage_i.\decoder_i.$procmux$3584:
      Old ports: A=7'0101100, B={ 1'0 $auto$wreduce.cc:461:run$15815 [5:0] 7'0000000 $auto$wreduce.cc:461:run$15817 $auto$wreduce.cc:461:run$15810 1'0 $auto$wreduce.cc:461:run$15812 [5:0] }, Y=\u_ibex_core.ex_block_i.alu_i.operator_i
      New ports: A=6'101100, B={ $auto$wreduce.cc:461:run$15815 [5:0] 6'000000 $auto$wreduce.cc:461:run$15817 [5:0] $auto$wreduce.cc:461:run$15810 [5] 1'0 $auto$wreduce.cc:461:run$15810 [3:0] $auto$wreduce.cc:461:run$15812 [2] 1'0 $auto$wreduce.cc:461:run$15812 [2] $auto$wreduce.cc:461:run$15812 [2] 2'00 }, Y=\u_ibex_core.ex_block_i.alu_i.operator_i [5:0]
      New connections: \u_ibex_core.ex_block_i.alu_i.operator_i [6] = 1'0
    Consolidated identical input bits for $mux cell $flatten\u_ibex_core.\if_stage_i.\compressed_decoder_i.$procmux$9081:
      Old ports: A={ $auto$wreduce.cc:461:run$15818 [24:15] 3'000 $auto$wreduce.cc:461:run$15818 [11:7] $auto$wreduce.cc:461:run$15818 [2] 1'1 $auto$wreduce.cc:461:run$15818 [4] 1'0 $auto$wreduce.cc:461:run$15818 [2] 2'11 }, B=$auto$wreduce.cc:461:run$15819 [24:0], Y=$flatten\u_ibex_core.\if_stage_i.\compressed_decoder_i.$16\instr_o[31:0] [24:0]
      New ports: A={ $auto$wreduce.cc:461:run$15818 [24:15] $auto$wreduce.cc:461:run$15818 [11:7] $auto$wreduce.cc:461:run$15818 [2] $auto$wreduce.cc:461:run$15818 [4] $auto$wreduce.cc:461:run$15818 [2] }, B={ $auto$wreduce.cc:461:run$15819 [24:15] $auto$wreduce.cc:461:run$15819 [11:6] $auto$wreduce.cc:461:run$15819 [4] $auto$wreduce.cc:461:run$15819 [2] }, Y={ $flatten\u_ibex_core.\if_stage_i.\compressed_decoder_i.$16\instr_o[31:0] [24:15] $flatten\u_ibex_core.\if_stage_i.\compressed_decoder_i.$16\instr_o[31:0] [11:6] $flatten\u_ibex_core.\if_stage_i.\compressed_decoder_i.$16\instr_o[31:0] [4] $flatten\u_ibex_core.\if_stage_i.\compressed_decoder_i.$16\instr_o[31:0] [2] }
      New connections: { $flatten\u_ibex_core.\if_stage_i.\compressed_decoder_i.$16\instr_o[31:0] [14:12] $flatten\u_ibex_core.\if_stage_i.\compressed_decoder_i.$16\instr_o[31:0] [5] $flatten\u_ibex_core.\if_stage_i.\compressed_decoder_i.$16\instr_o[31:0] [3] $flatten\u_ibex_core.\if_stage_i.\compressed_decoder_i.$16\instr_o[31:0] [1:0] } = 7'0001011
  Optimizing cells in module \ibex_top.
Performed a total of 100 changes.

167. Executing OPT_MERGE pass (detect identical cells).
Finding identical cells in module `\ibex_top'.
<suppressed ~24 debug messages>
Removed a total of 8 cells.

168. Executing OPT_SHARE pass.
    Found cells that share an operand and can be merged by moving the $mux $flatten\u_ibex_core.\if_stage_i.\gen_prefetch_buffer.prefetch_buffer_i.\fifo_i.$ternary$/work/src/ibex_fetch_fifo.v:68$2830 in front of them:
        $flatten\u_ibex_core.\if_stage_i.\gen_prefetch_buffer.prefetch_buffer_i.\fifo_i.$and$/work/src/ibex_fetch_fifo.v:68$2826
        $flatten\u_ibex_core.\if_stage_i.\gen_prefetch_buffer.prefetch_buffer_i.\fifo_i.$and$/work/src/ibex_fetch_fifo.v:68$2829

    Found cells that share an operand and can be merged by moving the $pmux $flatten\u_ibex_core.\load_store_unit_i.$procmux$11108 in front of them:
        $flatten\u_ibex_core.\load_store_unit_i.$procmux$10077
        $flatten\u_ibex_core.\load_store_unit_i.$procmux$10216

169. Executing OPT_DFF pass (perform DFF optimizations).

170. Executing OPT_CLEAN pass (remove unused cells and wires).
Finding unused cells or wires in module \ibex_top..
Removed 3 unused cells and 122 unused wires.
<suppressed ~4 debug messages>

171. Executing OPT_EXPR pass (perform const folding).
Optimizing module ibex_top.
<suppressed ~50 debug messages>

172. Rerunning OPT passes. (Maybe there is more to do…)

173. Executing OPT_MUXTREE pass (detect dead branches in mux trees).
Running muxtree optimizer on module \ibex_top..
  Creating internal representation of mux trees.
  Evaluating internal representation of mux trees.
  Analyzing evaluation results.
Removed 0 multiplexer ports.
<suppressed ~144 debug messages>

174. Executing OPT_REDUCE pass (consolidate $*mux and $reduce_* inputs).
  Optimizing cells in module \ibex_top.
    New ctrl vector for $pmux cell $flatten\u_ibex_core.\load_store_unit_i.$procmux$11108: $auto$opt_reduce.cc:134:opt_pmux$16074
  Optimizing cells in module \ibex_top.
Performed a total of 1 changes.

175. Executing OPT_MERGE pass (detect identical cells).
Finding identical cells in module `\ibex_top'.
<suppressed ~15 debug messages>
Removed a total of 5 cells.

176. Executing OPT_SHARE pass.

177. Executing OPT_DFF pass (perform DFF optimizations).
Setting constant 0-bit at position 0 on $auto$ff.cc:266:slice$15602 ($adffe) from module ibex_top.
Setting constant 0-bit at position 2 on $auto$ff.cc:266:slice$15602 ($adffe) from module ibex_top.
Setting constant 0-bit at position 0 on $auto$ff.cc:266:slice$15622 ($adffe) from module ibex_top.
Setting constant 0-bit at position 0 on $auto$ff.cc:266:slice$15659 ($adffe) from module ibex_top.

178. Executing OPT_CLEAN pass (remove unused cells and wires).
Finding unused cells or wires in module \ibex_top..
Removed 1 unused cells and 26 unused wires.
<suppressed ~2 debug messages>

179. Executing OPT_EXPR pass (perform const folding).
Optimizing module ibex_top.
<suppressed ~13 debug messages>

180. Rerunning OPT passes. (Maybe there is more to do…)

181. Executing OPT_MUXTREE pass (detect dead branches in mux trees).
Running muxtree optimizer on module \ibex_top..
  Creating internal representation of mux trees.
  Evaluating internal representation of mux trees.
  Analyzing evaluation results.
Removed 0 multiplexer ports.
<suppressed ~142 debug messages>

182. Executing OPT_REDUCE pass (consolidate $*mux and $reduce_* inputs).
  Optimizing cells in module \ibex_top.
    Consolidated identical input bits for $mux cell $flatten\u_ibex_core.\if_stage_i.\gen_prefetch_buffer.prefetch_buffer_i.$ternary$/work/src/ibex_prefetch_buffer.v:135$2037:
      Old ports: A={ \u_ibex_core.if_stage_i.gen_prefetch_buffer.prefetch_buffer_i.fetch_addr_q [31:1] 1'0 }, B={ \u_ibex_core.if_stage_i.fetch_addr_n [31:1] 1'0 }, Y=$flatten\u_ibex_core.\if_stage_i.\gen_prefetch_buffer.prefetch_buffer_i.$ternary$/work/src/ibex_prefetch_buffer.v:135$2037_Y
      New ports: A=\u_ibex_core.if_stage_i.gen_prefetch_buffer.prefetch_buffer_i.fetch_addr_q [31:1], B=\u_ibex_core.if_stage_i.fetch_addr_n [31:1], Y=$flatten\u_ibex_core.\if_stage_i.\gen_prefetch_buffer.prefetch_buffer_i.$ternary$/work/src/ibex_prefetch_buffer.v:135$2037_Y [31:1]
      New connections: $flatten\u_ibex_core.\if_stage_i.\gen_prefetch_buffer.prefetch_buffer_i.$ternary$/work/src/ibex_prefetch_buffer.v:135$2037_Y [0] = 1'0
    New ctrl vector for $pmux cell $flatten\u_ibex_core.\load_store_unit_i.$procmux$11035: $auto$opt_reduce.cc:134:opt_pmux$16078
  Optimizing cells in module \ibex_top.
Performed a total of 2 changes.

183. Executing OPT_MERGE pass (detect identical cells).
Finding identical cells in module `\ibex_top'.
<suppressed ~6 debug messages>
Removed a total of 2 cells.

184. Executing OPT_SHARE pass.
    Found cells that share an operand and can be merged by moving the $pmux $flatten\u_ibex_core.\load_store_unit_i.$procmux$11068 in front of them:
        $flatten\u_ibex_core.\load_store_unit_i.$procmux$10086
        $flatten\u_ibex_core.\load_store_unit_i.$procmux$10194

185. Executing OPT_DFF pass (perform DFF optimizations).
Setting constant 0-bit at position 1 on $auto$ff.cc:266:slice$15703 ($adffe) from module ibex_top.
Setting constant 0-bit at position 2 on $auto$ff.cc:266:slice$15703 ($adffe) from module ibex_top.
Setting constant 0-bit at position 3 on $auto$ff.cc:266:slice$15703 ($adffe) from module ibex_top.
Setting constant 0-bit at position 4 on $auto$ff.cc:266:slice$15703 ($adffe) from module ibex_top.
Setting constant 0-bit at position 5 on $auto$ff.cc:266:slice$15703 ($adffe) from module ibex_top.
Setting constant 0-bit at position 6 on $auto$ff.cc:266:slice$15703 ($adffe) from module ibex_top.
Setting constant 0-bit at position 7 on $auto$ff.cc:266:slice$15703 ($adffe) from module ibex_top.
Setting constant 0-bit at position 0 on $auto$ff.cc:266:slice$15719 ($adffe) from module ibex_top.
Setting constant 0-bit at position 0 on $auto$ff.cc:266:slice$16075 ($adffe) from module ibex_top.

186. Executing OPT_CLEAN pass (remove unused cells and wires).
Finding unused cells or wires in module \ibex_top..
Removed 3 unused cells and 16 unused wires.
<suppressed ~4 debug messages>

187. Executing OPT_EXPR pass (perform const folding).
Optimizing module ibex_top.
<suppressed ~3 debug messages>

188. Rerunning OPT passes. (Maybe there is more to do…)

189. Executing OPT_MUXTREE pass (detect dead branches in mux trees).
Running muxtree optimizer on module \ibex_top..
  Creating internal representation of mux trees.
  Evaluating internal representation of mux trees.
  Analyzing evaluation results.
Removed 0 multiplexer ports.
<suppressed ~142 debug messages>

190. Executing OPT_REDUCE pass (consolidate $*mux and $reduce_* inputs).
  Optimizing cells in module \ibex_top.
    New ctrl vector for $pmux cell $flatten\u_ibex_core.\cs_registers_i.$procmux$13760: { $flatten\u_ibex_core.\cs_registers_i.$procmux$12998_CMP $flatten\u_ibex_core.\cs_registers_i.$2\mstatus_en[0:0] $flatten\u_ibex_core.\cs_registers_i.$2\mie_en[0:0] $flatten\u_ibex_core.\cs_registers_i.$2\mscratch_en[0:0] $flatten\u_ibex_core.\cs_registers_i.$2\mepc_en[0:0] $flatten\u_ibex_core.\cs_registers_i.$2\mcause_en[0:0] $flatten\u_ibex_core.\cs_registers_i.$2\mtval_en[0:0] $flatten\u_ibex_core.\cs_registers_i.$procmux$13042_CMP $flatten\u_ibex_core.\cs_registers_i.$2\dcsr_en[0:0] $flatten\u_ibex_core.\cs_registers_i.$2\depc_en[0:0] $flatten\u_ibex_core.\cs_registers_i.$2\dscratch0_en[0:0] $flatten\u_ibex_core.\cs_registers_i.$2\dscratch1_en[0:0] $auto$opt_reduce.cc:134:opt_pmux$15449 $auto$opt_reduce.cc:134:opt_pmux$15447 $flatten\u_ibex_core.\cs_registers_i.$2\cpuctrlsts_part_we[0:0] }
    New ctrl vector for $pmux cell $flatten\u_ibex_core.\cs_registers_i.$procmux$13950: { $flatten\u_ibex_core.\cs_registers_i.$procmux$12998_CMP $flatten\u_ibex_core.\cs_registers_i.$2\mstatus_en[0:0] $flatten\u_ibex_core.\cs_registers_i.$2\mie_en[0:0] $flatten\u_ibex_core.\cs_registers_i.$2\mscratch_en[0:0] $flatten\u_ibex_core.\cs_registers_i.$2\mepc_en[0:0] $flatten\u_ibex_core.\cs_registers_i.$2\mcause_en[0:0] $flatten\u_ibex_core.\cs_registers_i.$2\mtval_en[0:0] $flatten\u_ibex_core.\cs_registers_i.$procmux$13042_CMP $flatten\u_ibex_core.\cs_registers_i.$2\depc_en[0:0] $flatten\u_ibex_core.\cs_registers_i.$2\dscratch0_en[0:0] $flatten\u_ibex_core.\cs_registers_i.$2\dscratch1_en[0:0] $auto$opt_reduce.cc:134:opt_pmux$15449 $auto$opt_reduce.cc:134:opt_pmux$15447 }
    New ctrl vector for $pmux cell $flatten\u_ibex_core.\cs_registers_i.$procmux$14050: { $flatten\u_ibex_core.\cs_registers_i.$procmux$12999_CMP $flatten\u_ibex_core.\cs_registers_i.$procmux$12998_CMP $flatten\u_ibex_core.\cs_registers_i.$2\mscratch_en[0:0] $flatten\u_ibex_core.\cs_registers_i.$2\mepc_en[0:0] $flatten\u_ibex_core.\cs_registers_i.$2\mcause_en[0:0] $flatten\u_ibex_core.\cs_registers_i.$2\mtval_en[0:0] $flatten\u_ibex_core.\cs_registers_i.$2\dcsr_en[0:0] $flatten\u_ibex_core.\cs_registers_i.$2\depc_en[0:0] $flatten\u_ibex_core.\cs_registers_i.$2\dscratch0_en[0:0] $flatten\u_ibex_core.\cs_registers_i.$2\dscratch1_en[0:0] $auto$opt_reduce.cc:134:opt_pmux$15449 $auto$opt_reduce.cc:134:opt_pmux$15447 $flatten\u_ibex_core.\cs_registers_i.$2\cpuctrlsts_part_we[0:0] }
    New ctrl vector for $pmux cell $flatten\u_ibex_core.\load_store_unit_i.$procmux$11068: { $flatten\u_ibex_core.\load_store_unit_i.$eq$/work/src/ibex_load_store_unit.v:562$1579_Y $flatten\u_ibex_core.\load_store_unit_i.$procmux$10253_CMP $flatten\u_ibex_core.\load_store_unit_i.$procmux$10117_CMP $auto$opt_reduce.cc:134:opt_pmux$16085 $flatten\u_ibex_core.\load_store_unit_i.$procmux$10001_CMP }
  Optimizing cells in module \ibex_top.
Performed a total of 4 changes.

191. Executing OPT_MERGE pass (detect identical cells).
Finding identical cells in module `\ibex_top'.
<suppressed ~3 debug messages>
Removed a total of 1 cells.

192. Executing OPT_SHARE pass.

193. Executing OPT_DFF pass (perform DFF optimizations).
Setting constant 0-bit at position 0 on $auto$ff.cc:266:slice$15654 ($adffe) from module ibex_top.

194. Executing OPT_CLEAN pass (remove unused cells and wires).
Finding unused cells or wires in module \ibex_top..
Removed 0 unused cells and 2 unused wires.
<suppressed ~1 debug messages>

195. Executing OPT_EXPR pass (perform const folding).
Optimizing module ibex_top.

196. Rerunning OPT passes. (Maybe there is more to do…)

197. Executing OPT_MUXTREE pass (detect dead branches in mux trees).
Running muxtree optimizer on module \ibex_top..
  Creating internal representation of mux trees.
  Evaluating internal representation of mux trees.
  Analyzing evaluation results.
Removed 0 multiplexer ports.
<suppressed ~142 debug messages>

198. Executing OPT_REDUCE pass (consolidate $*mux and $reduce_* inputs).
  Optimizing cells in module \ibex_top.
    Consolidated identical input bits for $mux cell $flatten\u_ibex_core.\if_stage_i.\gen_prefetch_buffer.prefetch_buffer_i.$ternary$/work/src/ibex_prefetch_buffer.v:135$2038:
      Old ports: A={ $flatten\u_ibex_core.\if_stage_i.\gen_prefetch_buffer.prefetch_buffer_i.$ternary$/work/src/ibex_prefetch_buffer.v:135$2037_Y [31:1] 1'0 }, B={ \u_ibex_core.if_stage_i.gen_prefetch_buffer.prefetch_buffer_i.stored_addr_q [31:1] 1'0 }, Y=\u_ibex_core.if_stage_i.gen_prefetch_buffer.prefetch_buffer_i.instr_addr
      New ports: A=$flatten\u_ibex_core.\if_stage_i.\gen_prefetch_buffer.prefetch_buffer_i.$ternary$/work/src/ibex_prefetch_buffer.v:135$2037_Y [31:1], B=\u_ibex_core.if_stage_i.gen_prefetch_buffer.prefetch_buffer_i.stored_addr_q [31:1], Y=\u_ibex_core.if_stage_i.gen_prefetch_buffer.prefetch_buffer_i.instr_addr [31:1]
      New connections: \u_ibex_core.if_stage_i.gen_prefetch_buffer.prefetch_buffer_i.instr_addr [0] = 1'0
  Optimizing cells in module \ibex_top.
Performed a total of 1 changes.

199. Executing OPT_MERGE pass (detect identical cells).
Finding identical cells in module `\ibex_top'.
Removed a total of 0 cells.

200. Executing OPT_SHARE pass.

201. Executing OPT_DFF pass (perform DFF optimizations).

202. Executing OPT_CLEAN pass (remove unused cells and wires).
Finding unused cells or wires in module \ibex_top..

203. Executing OPT_EXPR pass (perform const folding).
Optimizing module ibex_top.

204. Rerunning OPT passes. (Maybe there is more to do…)

205. Executing OPT_MUXTREE pass (detect dead branches in mux trees).
Running muxtree optimizer on module \ibex_top..
  Creating internal representation of mux trees.
  Evaluating internal representation of mux trees.
  Analyzing evaluation results.
Removed 0 multiplexer ports.
<suppressed ~142 debug messages>

206. Executing OPT_REDUCE pass (consolidate $*mux and $reduce_* inputs).
  Optimizing cells in module \ibex_top.
Performed a total of 0 changes.

207. Executing OPT_MERGE pass (detect identical cells).
Finding identical cells in module `\ibex_top'.
Removed a total of 0 cells.

208. Executing OPT_SHARE pass.

209. Executing OPT_DFF pass (perform DFF optimizations).

210. Executing OPT_CLEAN pass (remove unused cells and wires).
Finding unused cells or wires in module \ibex_top..

211. Executing OPT_EXPR pass (perform const folding).
Optimizing module ibex_top.

212. Executing TECHMAP pass (map to technology primitives).

212.1. Executing Verilog-2005 frontend: /nix/store/scy95sfzwzwi1hdv612j5wars1qbqxzy-yosys/bin/../share/yosys/techmap.v
Parsing Verilog input from `/nix/store/scy95sfzwzwi1hdv612j5wars1qbqxzy-yosys/bin/../share/yosys/techmap.v' to AST representation.
Generating RTLIL representation for module `\_90_simplemap_bool_ops'.
Generating RTLIL representation for module `\_90_simplemap_reduce_ops'.
Generating RTLIL representation for module `\_90_simplemap_logic_ops'.
Generating RTLIL representation for module `\_90_simplemap_compare_ops'.
Generating RTLIL representation for module `\_90_simplemap_various'.
Generating RTLIL representation for module `\_90_simplemap_registers'.
Generating RTLIL representation for module `\_90_shift_ops_shr_shl_sshl_sshr'.
Generating RTLIL representation for module `\_90_shift_shiftx'.
Generating RTLIL representation for module `\_90_fa'.
Generating RTLIL representation for module `\_90_lcu_brent_kung'.
Generating RTLIL representation for module `\_90_alu'.
Generating RTLIL representation for module `\_90_macc'.
Generating RTLIL representation for module `\_90_alumacc'.
Generating RTLIL representation for module `\$__div_mod_u'.
Generating RTLIL representation for module `\$__div_mod_trunc'.
Generating RTLIL representation for module `\_90_div'.
Generating RTLIL representation for module `\_90_mod'.
Generating RTLIL representation for module `\$__div_mod_floor'.
Generating RTLIL representation for module `\_90_divfloor'.
Generating RTLIL representation for module `\_90_modfloor'.
Generating RTLIL representation for module `\_90_pow'.
Generating RTLIL representation for module `\_90_pmux'.
Generating RTLIL representation for module `\_90_demux'.
Generating RTLIL representation for module `\_90_lut'.
Successfully finished Verilog frontend.

212.2. Continuing TECHMAP pass.
Using extmapper simplemap for cells of type $or.
Using extmapper simplemap for cells of type $not.
Using extmapper simplemap for cells of type $adff.
Using extmapper simplemap for cells of type $adffe.
Using extmapper simplemap for cells of type $reduce_or.
Using extmapper simplemap for cells of type $reduce_bool.
Using extmapper simplemap for cells of type $ne.
Using extmapper simplemap for cells of type $reduce_and.
Using extmapper simplemap for cells of type $mux.
Using extmapper simplemap for cells of type $eq.
Using extmapper simplemap for cells of type $and.
Using template $paramod$9f3f81d189a6b1d5c738a580270bbb92e45c5c71\_90_alu for cells of type $alu.
Using extmapper simplemap for cells of type $logic_and.
Using extmapper simplemap for cells of type $logic_not.
Using template $paramod$constmap:235100f13273dd4b81f1dcd6d40fee168f92c859$paramod$e194a9e890de0a7be18db8bd15a1479dea055e42\_90_shift_shiftx for cells of type $shiftx.
Using template $paramod$cc80a4e89b0341cb117f5d28b0e7244620640141\_90_alu for cells of type $alu.
Using template $paramod$constmap:44bebf9c2049fe6246bc3c8a0b18de40fe3c00fd$paramod$a4af06e7ba5a781cf030533bd1ddcfc64a9def2d\_90_shift_shiftx for cells of type $shift.
Using extmapper simplemap for cells of type $logic_or.
Using template $paramod$54d740639e1393b22262823179ff783ea9f17a35\_90_pmux for cells of type $pmux.
Using template $paramod$cc6a978c1b57cdb49efcec348c88d8e28bf1a01f\_90_alu for cells of type $alu.
Using template $paramod$8fabc56b80a569262acfc42757a02ca0b8e91278\_90_pmux for cells of type $pmux.
Using template $paramod$b3b6ac92d800c6f07aa48f510f923d86a674e5a7\_90_pmux for cells of type $pmux.
Using template $paramod$32e7c4d6f92ff4337599ece53082d2e88a82a9f2\_90_pmux for cells of type $pmux.
Using template $paramod$c5c783b17ab1d780abfad8cfe6563a0a7b47a3b0\_90_pmux for cells of type $pmux.
Using template $paramod$f08cf4b531f7b2bd95251b79857dfb970a6679fc\_90_pmux for cells of type $pmux.
Using template $paramod$b756e651b7db7aeb455331d9a2df073db93fcc2e\_90_pmux for cells of type $pmux.
Using template $paramod$521ce43182eecb9f60c72393a788160d2c356bf5\_90_pmux for cells of type $pmux.
Using template $paramod$54a4503cc57b9df40b70c1899504d6aac2650719\_90_pmux for cells of type $pmux.
Using template $paramod$0e0051568375348277517457a77d9a6514e45e4f\_90_pmux for cells of type $pmux.
Using template $paramod$34cf6041382d1f557b153e76b0a9efd18bdaf4f4\_90_pmux for cells of type $pmux.
Using template $paramod$3ab9a015ab781a81f86ab59e92093de7732cf40e\_90_pmux for cells of type $pmux.
Using template $paramod$0f5121dce9d4cadad2e468861febb083ffbb78f6\_90_pmux for cells of type $pmux.
Using template $paramod$792183712be4c06f4b8ef712f738d79cb19ab5e9\_90_pmux for cells of type $pmux.
Using template $paramod$f1a1302b8e09c99a2717f99de3f6cd758facf154\_90_pmux for cells of type $pmux.
Using template $paramod$d162af9a2f82170f8be27a74495b44a72135239f\_90_pmux for cells of type $pmux.
Using template $paramod$556548cb7038fa09465db9fdc5b10cb4e4ea85e6\_90_pmux for cells of type $pmux.
Using template $paramod$b62ed81e1a823c39bbeeff746e139a460036e6cc\_90_pmux for cells of type $pmux.
Using template $paramod$d629d85c8826a74239b9178d1930215a43b0ceb0\_90_pmux for cells of type $pmux.
Using template $paramod$7e708ae28ab761f11d0fb59d3ffc72f6a4baf5d9\_90_alu for cells of type $alu.
Using template $paramod$c2e415ef15bc3ccd2723772353a6b450d3d76206\_90_pmux for cells of type $pmux.
Using template $paramod$bf2533632d512eac76dd186c0da49367e29b8e98\_90_pmux for cells of type $pmux.
Using template $paramod$85df5dc01c7df96a7d8e5f1fdf76ce9ac452af63\_90_pmux for cells of type $pmux.
Using template $paramod$b6ec48645094baeb70d6b93add0cdbbe7498ad3c\_90_pmux for cells of type $pmux.
Using template $paramod$2407ada40cc3dda6c6015be2b49b748cddb5a800\_90_pmux for cells of type $pmux.
Using template $paramod$200cf4763a5dd97104da97c2740bc6396db7fa25\_90_pmux for cells of type $pmux.
Using template $paramod$24d84da3a13a7952fabd852af4b40b86275330c3\_90_pmux for cells of type $pmux.
Using template $paramod$b098bc6f249c0ac91c4d6e19d54b23c285914115\_90_pmux for cells of type $pmux.
Using extmapper simplemap for cells of type $xor.
Using template $paramod$constmap:87f69c0bea22f84de4bcd0314b57cb19e61b5eb7$paramod$455891ae50d34e43581a517459d55825f76fa58e\_90_shift_ops_shr_shl_sshl_sshr for cells of type $sshr.
Using template $paramod$788c3d57e5abb3a3f89aea6d4acd665be37f4e9b\_90_alu for cells of type $alu.
Using template $paramod$672a140277c71df8314410f22acc08d55222c3c7\_90_alu for cells of type $alu.
Using template $paramod$c96def1cdcef2eee3c62e5dfb7ba2dd09c9f74dd\_90_pmux for cells of type $pmux.
Using template $paramod$97565c3687be688407d1272a293bd9d0ae6852dc\_90_pmux for cells of type $pmux.
Using template $paramod$eb7b5fa594d21f32e2ff3bd05b81752f0f326d5f\_90_pmux for cells of type $pmux.
Using template $paramod$57f63e8a3282e053be0430389b09fa050ac7dca0\_90_pmux for cells of type $pmux.
Using template $paramod$ae63dc3b50d8e8327f3f28c91126b1f0b8c3a12c\_90_pmux for cells of type $pmux.
Using template $paramod$90ef9d3919151a0ff7c15c5c14550fb560f421a1\_90_pmux for cells of type $pmux.
Using template $paramod$9174beaf0f44375ab754acac146039d243ace676\_90_pmux for cells of type $pmux.
Using template $paramod$8e2cd9e836d46c40867c8d0d57053a4e1c3bcdbc\_90_pmux for cells of type $pmux.
Using template $paramod$730057d8259da96d4776b15a47b747852ed4c479\_90_pmux for cells of type $pmux.
Using template $paramod$a13703aa027da371a1931fc542d213d7de559b19\_90_pmux for cells of type $pmux.
Using template $paramod$44a13d10af618e7fbe7b9aad2f6151ffcee1e2fa\_90_alu for cells of type $alu.
Using template $paramod$33afdd83bf3811dac2de7a968d39eea5718691bc\_90_pmux for cells of type $pmux.
Using template $paramod$55bd5cc908054e29e294c324f30f5e858243e54a\_90_pmux for cells of type $pmux.
Using template $paramod$a75cda08a00cd2ec286ea508f3ad43ec36b77618\_90_pmux for cells of type $pmux.
Using template $paramod$3aec434ea322cab681ad20f744a80c5503010ba7\_90_pmux for cells of type $pmux.
Using template $paramod$59b03ae2620a41577de8da5f5c97b2919e82362b\_90_pmux for cells of type $pmux.
Using template $paramod$d901baf1fb63991ac0a40d2e3f4807d372bb57a2\_90_alu for cells of type $alu.
Using template $paramod$c83925f608704c3fa34790ddcfce9302bdcd7533\_90_pmux for cells of type $pmux.
Using extmapper simplemap for cells of type $pos.
Using template $paramod\_90_lcu_brent_kung\WIDTH=32'00000000000000000000000000011110 for cells of type $lcu.
Using template $paramod\_90_lcu_brent_kung\WIDTH=32'00000000000000000000000000011111 for cells of type $lcu.
Using template $paramod\_90_lcu_brent_kung\WIDTH=32'00000000000000000000000000000101 for cells of type $lcu.
Using template $paramod\_90_lcu_brent_kung\WIDTH=32'00000000000000000000000000000110 for cells of type $lcu.
Using template $paramod\_90_lcu_brent_kung\WIDTH=32'00000000000000000000000001000000 for cells of type $lcu.
Using template $paramod\_90_lcu_brent_kung\WIDTH=32'00000000000000000000000000000010 for cells of type $lcu.
Using template $paramod\_90_lcu_brent_kung\WIDTH=32'00000000000000000000000000100001 for cells of type $lcu.
No more expansions possible.
<suppressed ~6845 debug messages>

213. Executing OPT_EXPR pass (perform const folding).
Optimizing module ibex_top.
<suppressed ~6667 debug messages>

214. Executing OPT_MERGE pass (detect identical cells).
Finding identical cells in module `\ibex_top'.
<suppressed ~14406 debug messages>
Removed a total of 4802 cells.

215. Executing OPT_DFF pass (perform DFF optimizations).

216. Executing OPT_CLEAN pass (remove unused cells and wires).
Finding unused cells or wires in module \ibex_top..
Removed 350 unused cells and 8550 unused wires.
<suppressed ~351 debug messages>

217. Executing OPT_EXPR pass (perform const folding).
Optimizing module ibex_top.
<suppressed ~9 debug messages>

218. Executing OPT_MERGE pass (detect identical cells).
Finding identical cells in module `\ibex_top'.
Removed a total of 0 cells.

219. Executing OPT_DFF pass (perform DFF optimizations).

220. Executing OPT_CLEAN pass (remove unused cells and wires).
Finding unused cells or wires in module \ibex_top..

221. Executing ABC pass (technology mapping using ABC).

221.1. Extracting gate netlist of module `\ibex_top' to `<abc-temp-dir>/input.blif'..
Extracted 13949 gates and 15975 wires to a netlist network with 2024 inputs and 825 outputs.

221.1.1. Executing ABC.
Running ABC command: "/nix/store/phqj1s9mbl39v05b4yxz6vvr8lyxvas1-yosys-abc/bin/abc" -s -f <abc-temp-dir>/abc.script 2>&1
ABC: ABC command line: "source <abc-temp-dir>/abc.script".
ABC: 
ABC: + read_blif <abc-temp-dir>/input.blif 
ABC: + read_library <abc-temp-dir>/stdcells.genlib 
ABC: Entered genlib library with 13 gates from file "<abc-temp-dir>/stdcells.genlib".
ABC: + strash 
ABC: + dretime 
ABC: + map 
ABC: + write_blif <abc-temp-dir>/output.blif 

221.1.2. Re-integrating ABC results.
ABC RESULTS:               MUX cells:     1761
ABC RESULTS:               NOT cells:      482
ABC RESULTS:               NOR cells:      659
ABC RESULTS:             ORNOT cells:      347
ABC RESULTS:              XNOR cells:       73
ABC RESULTS:              NAND cells:      318
ABC RESULTS:                OR cells:     4006
ABC RESULTS:            ANDNOT cells:     5093
ABC RESULTS:               AND cells:      587
ABC RESULTS:               XOR cells:      300
ABC RESULTS:        internal signals:    13126
ABC RESULTS:           input signals:     2024
ABC RESULTS:          output signals:      825
Removing temp directory.

222. Executing OPT pass (performing simple optimizations).

222.1. Executing OPT_EXPR pass (perform const folding).
Optimizing module ibex_top.
<suppressed ~390 debug messages>

222.2. Executing OPT_MERGE pass (detect identical cells).
Finding identical cells in module `\ibex_top'.
<suppressed ~63 debug messages>
Removed a total of 21 cells.

222.3. Executing OPT_DFF pass (perform DFF optimizations).

222.4. Executing OPT_CLEAN pass (remove unused cells and wires).
Finding unused cells or wires in module \ibex_top..
Removed 7 unused cells and 6371 unused wires.
<suppressed ~449 debug messages>

222.5. Finished fast OPT passes.

223. Executing HIERARCHY pass (managing design hierarchy).

223.1. Analyzing design hierarchy..
Top module:  \ibex_top

223.2. Analyzing design hierarchy..
Top module:  \ibex_top
Removed 0 unused modules.

224. Executing CHECK pass (checking for obvious problems).
Checking module ibex_top...
Found and reported 0 problems.

225. Printing statistics.

=== ibex_top ===

   Number of wires:              14245
   Number of wire bits:          36347
   Number of public wires:        1449
   Number of public wire bits:   23551
   Number of ports:                 66
   Number of port bits:            928
   Number of memories:               0
   Number of memory bits:            0
   Number of processes:              0
   Number of cells:              15505
     $_ANDNOT_                    5086
     $_AND_                        584
     $_DFFE_PN0N_                   74
     $_DFFE_PN0P_                 1757
     $_DFFE_PN1N_                    1
     $_DFFE_PN1P_                    6
     $_DFF_PN0_                     32
     $_DFF_PN1_                      1
     $_MUX_                       1761
     $_NAND_                       317
     $_NOR_                        656
     $_NOT_                        475
     $_ORNOT_                      344
     $_OR_                        4002
     $_XNOR_                        73
     $_XOR_                        300
     $scopeinfo                     35
     sky130_fd_sc_hd__dlclkp_1       1

226. Generating Graphviz representation of design.
Writing dot description to `/work/runs/fathom-20260905T140607Z/06-yosys-synthesis/primitive_techmap.dot'.
Dumping module ibex_top to page 1.

227. Executing OPT pass (performing simple optimizations).

227.1. Executing OPT_EXPR pass (perform const folding).
Optimizing module ibex_top.

227.2. Executing OPT_MERGE pass (detect identical cells).
Finding identical cells in module `\ibex_top'.
Removed a total of 0 cells.

227.3. Executing OPT_MUXTREE pass (detect dead branches in mux trees).
Running muxtree optimizer on module \ibex_top..
  Creating internal representation of mux trees.
  No muxes found in this module.
Removed 0 multiplexer ports.

227.4. Executing OPT_REDUCE pass (consolidate $*mux and $reduce_* inputs).
  Optimizing cells in module \ibex_top.
Performed a total of 0 changes.

227.5. Executing OPT_MERGE pass (detect identical cells).
Finding identical cells in module `\ibex_top'.
Removed a total of 0 cells.

227.6. Executing OPT_DFF pass (perform DFF optimizations).
Adding EN signal on $auto$ff.cc:266:slice$16567 ($_DFF_PN0_) from module ibex_top (D = $abc$53808$new_n5267, Q = \u_ibex_core.wb_stage_i.g_writeback_stage.wb_instr_type_q [1]).

227.7. Executing OPT_CLEAN pass (remove unused cells and wires).
Finding unused cells or wires in module \ibex_top..
Removed 1 unused cells and 1 unused wires.
<suppressed ~2 debug messages>

227.8. Executing OPT_EXPR pass (perform const folding).
Optimizing module ibex_top.

227.9. Rerunning OPT passes. (Maybe there is more to do..)

227.10. Executing OPT_MUXTREE pass (detect dead branches in mux trees).
Running muxtree optimizer on module \ibex_top..
  Creating internal representation of mux trees.
  No muxes found in this module.
Removed 0 multiplexer ports.

227.11. Executing OPT_REDUCE pass (consolidate $*mux and $reduce_* inputs).
  Optimizing cells in module \ibex_top.
Performed a total of 0 changes.

227.12. Executing OPT_MERGE pass (detect identical cells).
Finding identical cells in module `\ibex_top'.
Removed a total of 0 cells.

227.13. Executing OPT_DFF pass (perform DFF optimizations).

227.14. Executing OPT_CLEAN pass (remove unused cells and wires).
Finding unused cells or wires in module \ibex_top..

227.15. Executing OPT_EXPR pass (perform const folding).
Optimizing module ibex_top.

227.16. Finished OPT passes. (There is nothing left to do.)

228. Executing OPT_CLEAN pass (remove unused cells and wires).
Finding unused cells or wires in module \ibex_top..
Removed 35 unused cells and 1195 unused wires.
<suppressed ~1230 debug messages>
{
   "creator": "Yosys 0.46 (git sha1 e97731b9dda91fa5fa53ed87df7c34163ba59a41, clang++ 17.0.6 -fPIC -O3)",
   "invocation": "stat -json -liberty /work/runs/fathom-20260905T140607Z/tmp/5fe20acad5864fb9bcfdf28da81ea92e.lib ",
   "modules": {
      "\\ibex_top": {
         "num_wires":         13049,
         "num_wire_bits":     16453,
         "num_pub_wires":     254,
         "num_pub_wire_bits": 3658,
         "num_ports":         66,
         "num_port_bits":     928,
         "num_memories":      0,
         "num_memory_bits":   0,
         "num_processes":     0,
         "num_cells":         15469,
         "num_cells_by_type": {
            "$_ANDNOT_": 5086,
            "$_AND_": 584,
            "$_DFFE_PN0N_": 75,
            "$_DFFE_PN0P_": 1757,
            "$_DFFE_PN1N_": 1,
            "$_DFFE_PN1P_": 6,
            "$_DFF_PN0_": 31,
            "$_DFF_PN1_": 1,
            "$_MUX_": 1760,
            "$_NAND_": 317,
            "$_NOR_": 656,
            "$_NOT_": 475,
            "$_ORNOT_": 344,
            "$_OR_": 4002,
            "$_XNOR_": 73,
            "$_XOR_": 300,
            "sky130_fd_sc_hd__dlclkp_1": 1
         }
      }
   },
      "design": {
         "num_wires":         13049,
         "num_wire_bits":     16453,
         "num_pub_wires":     254,
         "num_pub_wire_bits": 3658,
         "num_ports":         66,
         "num_port_bits":     928,
         "num_memories":      0,
         "num_memory_bits":   0,
         "num_processes":     0,
         "num_cells":         15469,
         "num_cells_by_type": {
            "$_ANDNOT_": 5086,
            "$_AND_": 584,
            "$_DFFE_PN0N_": 75,
            "$_DFFE_PN0P_": 1757,
            "$_DFFE_PN1N_": 1,
            "$_DFFE_PN1P_": 6,
            "$_DFF_PN0_": 31,
            "$_DFF_PN1_": 1,
            "$_MUX_": 1760,
            "$_NAND_": 317,
            "$_NOR_": 656,
            "$_NOT_": 475,
            "$_ORNOT_": 344,
            "$_OR_": 4002,
            "$_XNOR_": 73,
            "$_XOR_": 300,
            "sky130_fd_sc_hd__dlclkp_1": 1
         }
      }
}

229. Printing statistics.

=== ibex_top ===

   Number of wires:              13049
   Number of wire bits:          16453
   Number of public wires:         254
   Number of public wire bits:    3658
   Number of ports:                 66
   Number of port bits:            928
   Number of memories:               0
   Number of memory bits:            0
   Number of processes:              0
   Number of cells:              15469
     $_ANDNOT_                    5086
     $_AND_                        584
     $_DFFE_PN0N_                   75
     $_DFFE_PN0P_                 1757
     $_DFFE_PN1N_                    1
     $_DFFE_PN1P_                    6
     $_DFF_PN0_                     31
     $_DFF_PN1_                      1
     $_MUX_                       1760
     $_NAND_                       317
     $_NOR_                        656
     $_NOT_                        475
     $_ORNOT_                      344
     $_OR_                        4002
     $_XNOR_                        73
     $_XOR_                        300
     sky130_fd_sc_hd__dlclkp_1       1

   Area for cell type $_NOT_ is unknown!
   Area for cell type $_AND_ is unknown!
   Area for cell type $_NAND_ is unknown!
   Area for cell type $_OR_ is unknown!
   Area for cell type $_NOR_ is unknown!
   Area for cell type $_XOR_ is unknown!
   Area for cell type $_XNOR_ is unknown!
   Area for cell type $_ANDNOT_ is unknown!
   Area for cell type $_ORNOT_ is unknown!
   Area for cell type $_MUX_ is unknown!
   Area for cell type $_DFF_PN0_ is unknown!
   Area for cell type $_DFF_PN1_ is unknown!
   Area for cell type $_DFFE_PN0N_ is unknown!
   Area for cell type $_DFFE_PN0P_ is unknown!
   Area for cell type $_DFFE_PN1N_ is unknown!
   Area for cell type $_DFFE_PN1P_ is unknown!
   Area for cell type \sky130_fd_sc_hd__dlclkp_1 is unknown!

[INFO] Applying tri-state buffer mapping from '/pdk/volare/sky130/versions/0fe599b2afb6708d281543108caf8310912f54af/sky130A/libs.tech/openlane/sky130_fd_sc_hd/tribuff_map.v'…

230. Executing TECHMAP pass (map to technology primitives).

230.1. Executing Verilog-2005 frontend: /pdk/volare/sky130/versions/0fe599b2afb6708d281543108caf8310912f54af/sky130A/libs.tech/openlane/sky130_fd_sc_hd/tribuff_map.v
Parsing Verilog input from `/pdk/volare/sky130/versions/0fe599b2afb6708d281543108caf8310912f54af/sky130A/libs.tech/openlane/sky130_fd_sc_hd/tribuff_map.v' to AST representation.
Generating RTLIL representation for module `\$_TBUF_'.
Successfully finished Verilog frontend.

230.2. Continuing TECHMAP pass.
No more expansions possible.
<suppressed ~3 debug messages>

231. Executing SIMPLEMAP pass (map simple cells to gate primitives).
[INFO] Applying latch mapping from '/pdk/volare/sky130/versions/0fe599b2afb6708d281543108caf8310912f54af/sky130A/libs.tech/openlane/sky130_fd_sc_hd/latch_map.v'…

232. Executing TECHMAP pass (map to technology primitives).

232.1. Executing Verilog-2005 frontend: /pdk/volare/sky130/versions/0fe599b2afb6708d281543108caf8310912f54af/sky130A/libs.tech/openlane/sky130_fd_sc_hd/latch_map.v
Parsing Verilog input from `/pdk/volare/sky130/versions/0fe599b2afb6708d281543108caf8310912f54af/sky130A/libs.tech/openlane/sky130_fd_sc_hd/latch_map.v' to AST representation.
Generating RTLIL representation for module `\$_DLATCH_P_'.
Generating RTLIL representation for module `\$_DLATCH_N_'.
Successfully finished Verilog frontend.

232.2. Continuing TECHMAP pass.
No more expansions possible.
<suppressed ~4 debug messages>

233. Executing SIMPLEMAP pass (map simple cells to gate primitives).

234. Executing DFFLIBMAP pass (mapping DFF cells to sequential cells from liberty file).
  cell sky130_fd_sc_hd__dfxtp_2 (noninv, pins=3, area=21.27) is a direct match for cell type $_DFF_P_.
  cell sky130_fd_sc_hd__dfrtp_2 (noninv, pins=4, area=26.28) is a direct match for cell type $_DFF_PN0_.
  cell sky130_fd_sc_hd__dfstp_2 (noninv, pins=4, area=26.28) is a direct match for cell type $_DFF_PN1_.
  cell sky130_fd_sc_hd__dfbbn_2 (noninv, pins=6, area=35.03) is a direct match for cell type $_DFFSR_NNN_.
  final dff cell mappings:
    unmapped dff cell: $_DFF_N_
    \sky130_fd_sc_hd__dfxtp_2 _DFF_P_ (.CLK( C), .D( D), .Q( Q));
    unmapped dff cell: $_DFF_NN0_
    unmapped dff cell: $_DFF_NN1_
    unmapped dff cell: $_DFF_NP0_
    unmapped dff cell: $_DFF_NP1_
    \sky130_fd_sc_hd__dfrtp_2 _DFF_PN0_ (.CLK( C), .D( D), .Q( Q), .RESET_B( R));
    \sky130_fd_sc_hd__dfstp_2 _DFF_PN1_ (.CLK( C), .D( D), .Q( Q), .SET_B( R));
    unmapped dff cell: $_DFF_PP0_
    unmapped dff cell: $_DFF_PP1_
    \sky130_fd_sc_hd__dfbbn_2 _DFFSR_NNN_ (.CLK_N( C), .D( D), .Q( Q), .Q_N(~Q), .RESET_B( R), .SET_B( S));
    unmapped dff cell: $_DFFSR_NNP_
    unmapped dff cell: $_DFFSR_NPN_
    unmapped dff cell: $_DFFSR_NPP_
    unmapped dff cell: $_DFFSR_PNN_
    unmapped dff cell: $_DFFSR_PNP_
    unmapped dff cell: $_DFFSR_PPN_
    unmapped dff cell: $_DFFSR_PPP_

234.1. Executing DFFLEGALIZE pass (convert FFs to types supported by the target).
Mapping DFF cells in module `\ibex_top':
  mapped 1863 $_DFF_PN0_ cells to \sky130_fd_sc_hd__dfrtp_2 cells.
  mapped 8 $_DFF_PN1_ cells to \sky130_fd_sc_hd__dfstp_2 cells.
{
   "creator": "Yosys 0.46 (git sha1 e97731b9dda91fa5fa53ed87df7c34163ba59a41, clang++ 17.0.6 -fPIC -O3)",
   "invocation": "stat -json -liberty /work/runs/fathom-20260905T140607Z/tmp/5fe20acad5864fb9bcfdf28da81ea92e.lib ",
   "modules": {
      "\\ibex_top": {
         "num_wires":         14888,
         "num_wire_bits":     18292,
         "num_pub_wires":     254,
         "num_pub_wire_bits": 3658,
         "num_ports":         66,
         "num_port_bits":     928,
         "num_memories":      0,
         "num_memory_bits":   0,
         "num_processes":     0,
         "num_cells":         17308,
         "area":              49160.899200,
         "num_cells_by_type": {
            "$_ANDNOT_": 5086,
            "$_AND_": 584,
            "$_MUX_": 3599,
            "$_NAND_": 317,
            "$_NOR_": 656,
            "$_NOT_": 475,
            "$_ORNOT_": 344,
            "$_OR_": 4002,
            "$_XNOR_": 73,
            "$_XOR_": 300,
            "sky130_fd_sc_hd__dfrtp_2": 1863,
            "sky130_fd_sc_hd__dfstp_2": 8,
            "sky130_fd_sc_hd__dlclkp_1": 1
         }
      }
   },
      "design": {
         "num_wires":         14888,
         "num_wire_bits":     18292,
         "num_pub_wires":     254,
         "num_pub_wire_bits": 3658,
         "num_ports":         66,
         "num_port_bits":     928,
         "num_memories":      0,
         "num_memory_bits":   0,
         "num_processes":     0,
         "num_cells":         17308,
         "area":              49160.899200,
         "num_cells_by_type": {
            "$_ANDNOT_": 5086,
            "$_AND_": 584,
            "$_MUX_": 3599,
            "$_NAND_": 317,
            "$_NOR_": 656,
            "$_NOT_": 475,
            "$_ORNOT_": 344,
            "$_OR_": 4002,
            "$_XNOR_": 73,
            "$_XOR_": 300,
            "sky130_fd_sc_hd__dfrtp_2": 1863,
            "sky130_fd_sc_hd__dfstp_2": 8,
            "sky130_fd_sc_hd__dlclkp_1": 1
         }
      }
}

235. Printing statistics.

=== ibex_top ===

   Number of wires:              14888
   Number of wire bits:          18292
   Number of public wires:         254
   Number of public wire bits:    3658
   Number of ports:                 66
   Number of port bits:            928
   Number of memories:               0
   Number of memory bits:            0
   Number of processes:              0
   Number of cells:              17308
     $_ANDNOT_                    5086
     $_AND_                        584
     $_MUX_                       3599
     $_NAND_                       317
     $_NOR_                        656
     $_NOT_                        475
     $_ORNOT_                      344
     $_OR_                        4002
     $_XNOR_                        73
     $_XOR_                        300
     sky130_fd_sc_hd__dfrtp_2     1863
     sky130_fd_sc_hd__dfstp_2        8
     sky130_fd_sc_hd__dlclkp_1       1

   Area for cell type $_NOT_ is unknown!
   Area for cell type $_AND_ is unknown!
   Area for cell type $_NAND_ is unknown!
   Area for cell type $_OR_ is unknown!
   Area for cell type $_NOR_ is unknown!
   Area for cell type $_XOR_ is unknown!
   Area for cell type $_XNOR_ is unknown!
   Area for cell type $_ANDNOT_ is unknown!
   Area for cell type $_ORNOT_ is unknown!
   Area for cell type $_MUX_ is unknown!
   Area for cell type \sky130_fd_sc_hd__dlclkp_1 is unknown!

   Chip area for module '\ibex_top': 49160.899200
     of which used for sequential elements: 49160.899200 (100.00%)

[INFO] Using generated ABC script '/work/runs/fathom-20260905T140607Z/06-yosys-synthesis/AREA_0.abc'…

236. Executing ABC pass (technology mapping using ABC).

236.1. Extracting gate netlist of module `\ibex_top' to `/tmp/yosys-abc-H6STHu/input.blif'..
Extracted 15436 gates and 17463 wires to a netlist network with 2027 inputs and 1973 outputs.

236.1.1. Executing ABC.
Running ABC command: "/nix/store/phqj1s9mbl39v05b4yxz6vvr8lyxvas1-yosys-abc/bin/abc" -s -f /tmp/yosys-abc-H6STHu/abc.script 2>&1
ABC: ABC command line: "source /tmp/yosys-abc-H6STHu/abc.script".
ABC: 
ABC: + read_blif /tmp/yosys-abc-H6STHu/input.blif 
ABC: + read_lib -w /work/runs/fathom-20260905T140607Z/tmp/5fe20acad5864fb9bcfdf28da81ea92e.lib 
ABC: Parsing finished successfully.  Parsing time =     0.02 sec
ABC: Scl_LibertyReadGenlib() skipped sequential cell "sky130_fd_sc_hd__dfbbn_2".
ABC: Scl_LibertyReadGenlib() skipped sequential cell "sky130_fd_sc_hd__dfrbp_2".
ABC: Scl_LibertyReadGenlib() skipped sequential cell "sky130_fd_sc_hd__dfrtp_2".
ABC: Scl_LibertyReadGenlib() skipped sequential cell "sky130_fd_sc_hd__dfrtp_4".
ABC: Scl_LibertyReadGenlib() skipped sequential cell "sky130_fd_sc_hd__dfsbp_2".
ABC: Scl_LibertyReadGenlib() skipped sequential cell "sky130_fd_sc_hd__dfstp_2".
ABC: Scl_LibertyReadGenlib() skipped sequential cell "sky130_fd_sc_hd__dfstp_4".
ABC: Scl_LibertyReadGenlib() skipped sequential cell "sky130_fd_sc_hd__dfxbp_2".
ABC: Scl_LibertyReadGenlib() skipped sequential cell "sky130_fd_sc_hd__dfxtp_2".
ABC: Scl_LibertyReadGenlib() skipped sequential cell "sky130_fd_sc_hd__dfxtp_4".
ABC: Scl_LibertyReadGenlib() skipped sequential cell "sky130_fd_sc_hd__dlxtn_1".
ABC: Scl_LibertyReadGenlib() skipped sequential cell "sky130_fd_sc_hd__dlxtn_2".
ABC: Scl_LibertyReadGenlib() skipped sequential cell "sky130_fd_sc_hd__dlxtn_4".
ABC: Scl_LibertyReadGenlib() skipped sequential cell "sky130_fd_sc_hd__dlxtp_1".
ABC: Scl_LibertyReadGenlib() skipped three-state cell "sky130_fd_sc_hd__ebufn_2".
ABC: Scl_LibertyReadGenlib() skipped three-state cell "sky130_fd_sc_hd__ebufn_4".
ABC: Scl_LibertyReadGenlib() skipped three-state cell "sky130_fd_sc_hd__ebufn_8".
ABC: Library "sky130_fd_sc_hd__tt_025C_1v80" from "/work/runs/fathom-20260905T140607Z/tmp/5fe20acad5864fb9bcfdf28da81ea92e.lib" has 175 cells (17 skipped: 14 seq; 3 tri-state; 0 no func; 0 dont_use).  Time =     0.03 sec
ABC: Memory =    9.54 MB. Time =     0.03 sec
ABC: Warning: Detected 2 multi-output gates (for example, "sky130_fd_sc_hd__fa_1").
ABC: + read_constr -v /work/runs/fathom-20260905T140607Z/06-yosys-synthesis/synthesis.abc.sdc 
ABC: Setting driving cell to be "sky130_fd_sc_hd__inv_2/Y".
ABC: Setting output load to be 33.442001.
ABC: + source /work/runs/fathom-20260905T140607Z/06-yosys-synthesis/AREA_0.abc 
ABC: Fanins of node 18070: Vector has 3 entries: { 1335 12892 12892 }
ABC: Abc_NtkFastExtract: Nodes have duplicated fanins. FX is not performed.
ABC: Error: The network is combinational.
ABC: Cannot find the default PI driving cell (sky130_fd_sc_hd__inv_2/Y) in the library.
ABC: WireLoad = "none"  Gates =   7256 (  1.6 %)   Cap = 13.5 ff (  7.6 %)   Area =    71277.11 ( 69.7 %)   Delay = 13556.39 ps  ( 10.0 %)               
ABC: Path  0 --      75 : 0   15 pi                        A =   0.00  Df =   0.0   -0.0 ps  S =   0.0 ps  Cin =  0.0 ff  Cout =  31.2 ff  Cmax =   0.0 ff  G =    0  
ABC: Path  1 --    4042 : 4    7 sky130_fd_sc_hd__or4_2    A =   8.76  Df = 721.7 -582.2 ps  S = 150.7 ps  Cin =  1.5 ff  Cout =  17.1 ff  Cmax = 310.4 ff  G = 1066  
ABC: Path  2 --    4490 : 4    4 sky130_fd_sc_hd__or4_2    A =   8.76  Df =1319.3 -978.4 ps  S = 122.4 ps  Cin =  1.5 ff  Cout =   8.2 ff  Cmax = 310.4 ff  G =  526  
ABC: Path  3 --    4496 : 4    2 sky130_fd_sc_hd__a2bb2o_2 A =  11.26  Df =1814.0 -233.7 ps  S =  54.9 ps  Cin =  1.7 ff  Cout =   6.6 ff  Cmax = 300.3 ff  G =  366  
ABC: Path  4 --    4497 : 2    3 sky130_fd_sc_hd__and2_2   A =   7.51  Df =2018.2 -281.3 ps  S =  65.3 ps  Cin =  1.5 ff  Cout =   8.8 ff  Cmax = 303.0 ff  G =  572  
ABC: Path  5 --    4509 : 4   32 sky130_fd_sc_hd__o211a_2  A =  10.01  Df =2602.5 -154.3 ps  S = 509.4 ps  Cin =  2.4 ff  Cout =  89.3 ff  Cmax = 268.3 ff  G = 3637  
ABC: Path  6 --    4526 : 2   31 sky130_fd_sc_hd__nor2_2   A =   6.26  Df =4625.7-1370.8 ps  S =2850.9 ps  Cin =  4.4 ff  Cout = 278.2 ff  Cmax = 141.9 ff  G = 6035  
ABC: Path  7 --    4704 : 2    2 sky130_fd_sc_hd__xnor2_2  A =  16.27  Df =5440.3-1716.4 ps  S = 342.4 ps  Cin =  8.5 ff  Cout =  10.0 ff  Cmax = 121.8 ff  G =  113  
ABC: Path  8 --    4706 : 2    4 sky130_fd_sc_hd__xor2_2   A =  16.27  Df =5706.5-1741.1 ps  S = 184.3 ps  Cin =  8.6 ff  Cout =  11.1 ff  Cmax = 130.0 ff  G =  123  
ABC: Path  9 --    4818 : 5    4 sky130_fd_sc_hd__a311o_2  A =  11.26  Df =6121.2  -46.0 ps  S =  82.0 ps  Cin =  2.3 ff  Cout =  11.6 ff  Cmax = 298.5 ff  G =  484  
ABC: Path 10 --    4917 : 5    3 sky130_fd_sc_hd__a32o_2   A =  11.26  Df =6403.3 -144.4 ps  S =  65.1 ps  Cin =  2.3 ff  Cout =   6.6 ff  Cmax = 264.6 ff  G =  264  
ABC: Path 11 --    4919 : 3    2 sky130_fd_sc_hd__or3_2    A =   7.51  Df =6806.8 -441.9 ps  S =  77.2 ps  Cin =  1.5 ff  Cout =   3.3 ff  Cmax = 310.4 ff  G =  205  
ABC: Path 12 --    4920 : 2    4 sky130_fd_sc_hd__and2b_2  A =   8.76  Df =7097.5 -120.3 ps  S = 203.4 ps  Cin =  1.6 ff  Cout =  39.5 ff  Cmax = 310.4 ff  G = 2473  
ABC: Path 13 --    6197 : 4    1 sky130_fd_sc_hd__or4_2    A =   8.76  Df =7700.6 -576.7 ps  S =  90.0 ps  Cin =  1.5 ff  Cout =   1.4 ff  Cmax = 310.4 ff  G =   89  
ABC: Path 14 --    6198 : 4    1 sky130_fd_sc_hd__or4_2    A =   8.76  Df =8227.0 -777.5 ps  S =  90.0 ps  Cin =  1.5 ff  Cout =   1.4 ff  Cmax = 310.4 ff  G =   89  
ABC: Path 15 --    6201 : 4    1 sky130_fd_sc_hd__or4_2    A =   8.76  Df =8753.8-1160.4 ps  S =  90.2 ps  Cin =  1.5 ff  Cout =   1.5 ff  Cmax = 310.4 ff  G =   91  
ABC: Path 16 --    6202 : 3    1 sky130_fd_sc_hd__or3_2    A =   7.51  Df =9155.8 -869.0 ps  S =  68.5 ps  Cin =  1.5 ff  Cout =   1.5 ff  Cmax = 310.4 ff  G =   90  
ABC: Path 17 --    6205 : 3    1 sky130_fd_sc_hd__or3_2    A =   7.51  Df =9550.6-1177.3 ps  S =  68.4 ps  Cin =  1.5 ff  Cout =   1.4 ff  Cmax = 310.4 ff  G =   88  
ABC: Path 18 --    6206 : 4    2 sky130_fd_sc_hd__or4_2    A =   8.76  Df =10109.9-1314.4 ps  S = 113.6 ps  Cin =  1.5 ff  Cout =   6.2 ff  Cmax = 310.4 ff  G =  396  
ABC: Path 19 --    6208 : 3    2 sky130_fd_sc_hd__a21oi_2  A =   8.76  Df =10252.2-1408.7 ps  S =  92.9 ps  Cin =  4.6 ff  Cout =   3.9 ff  Cmax = 128.2 ff  G =   83  
ABC: Path 20 --    6214 : 4    4 sky130_fd_sc_hd__a211o_2  A =  10.01  Df =11126.8 -701.4 ps  S =  85.0 ps  Cin =  2.4 ff  Cout =  15.2 ff  Cmax = 325.0 ff  G =  628  
ABC: Path 21 --    6226 : 2    5 sky130_fd_sc_hd__nand2_2  A =   6.26  Df =11235.3 -728.3 ps  S =  99.0 ps  Cin =  4.4 ff  Cout =  15.6 ff  Cmax = 295.7 ff  G =  331  
ABC: Path 22 --    6227 : 2   82 sky130_fd_sc_hd__nor2_2   A =   6.26  Df =12533.0 -845.3 ps  S =2738.1 ps  Cin =  4.4 ff  Cout = 266.7 ff  Cmax = 141.9 ff  G = 5818  
ABC: Path 23 --    6237 : 3    1 sky130_fd_sc_hd__mux2_1   A =  11.26  Df =13556.4-1232.2 ps  S = 307.7 ps  Cin =  2.3 ff  Cout =  33.4 ff  Cmax = 173.0 ff  G = 1465  
ABC: Start-point = pi74 (\u_ibex_core.cs_registers_i.csr_addr [8]).  End-point = po43 ($abc$53808$auto$fsm_map.cc:170:map_fsm$15562[2]).
ABC: netlist                       : i/o = 2027/ 1973  lat =    0  nd =  7256  edge =  23860  area =71281.75  delay =28.00  lev = 28
ABC: + write_blif /tmp/yosys-abc-H6STHu/output.blif 

236.1.2. Re-integrating ABC results.
ABC RESULTS:   sky130_fd_sc_hd__nor4b_2 cells:        7
ABC RESULTS:   sky130_fd_sc_hd__o2bb2ai_2 cells:        1
ABC RESULTS:   sky130_fd_sc_hd__o22ai_2 cells:        4
ABC RESULTS:   sky130_fd_sc_hd__o32ai_2 cells:        6
ABC RESULTS:   sky130_fd_sc_hd__o41a_2 cells:        1
ABC RESULTS:   sky130_fd_sc_hd__o221ai_2 cells:        3
ABC RESULTS:   sky130_fd_sc_hd__nand4_2 cells:        6
ABC RESULTS:   sky130_fd_sc_hd__nand3b_2 cells:        4
ABC RESULTS:   sky130_fd_sc_hd__a221oi_2 cells:       11
ABC RESULTS:   sky130_fd_sc_hd__nor3_2 cells:       12
ABC RESULTS:   sky130_fd_sc_hd__a31oi_2 cells:        5
ABC RESULTS:   sky130_fd_sc_hd__and3b_2 cells:       21
ABC RESULTS:   sky130_fd_sc_hd__a211oi_2 cells:        7
ABC RESULTS:   sky130_fd_sc_hd__o211ai_2 cells:        6
ABC RESULTS:   sky130_fd_sc_hd__a22oi_2 cells:       14
ABC RESULTS:   sky130_fd_sc_hd__xor2_2 cells:       52
ABC RESULTS:   sky130_fd_sc_hd__o21bai_2 cells:        6
ABC RESULTS:   sky130_fd_sc_hd__or4bb_2 cells:        5
ABC RESULTS:   sky130_fd_sc_hd__xnor2_2 cells:       74
ABC RESULTS:   sky130_fd_sc_hd__o31ai_2 cells:       11
ABC RESULTS:   sky130_fd_sc_hd__and4_2 cells:       52
ABC RESULTS:   sky130_fd_sc_hd__nor3b_2 cells:        3
ABC RESULTS:   sky130_fd_sc_hd__and4b_2 cells:       17
ABC RESULTS:   sky130_fd_sc_hd__o2111a_2 cells:       11
ABC RESULTS:   sky130_fd_sc_hd__a2bb2o_2 cells:       23
ABC RESULTS:   sky130_fd_sc_hd__a21bo_2 cells:       15
ABC RESULTS:   sky130_fd_sc_hd__nand3_2 cells:       12
ABC RESULTS:   sky130_fd_sc_hd__nor4_2 cells:        3
ABC RESULTS:   sky130_fd_sc_hd__mux4_2 cells:       27
ABC RESULTS:   sky130_fd_sc_hd__o32a_2 cells:       42
ABC RESULTS:   sky130_fd_sc_hd__a2111oi_2 cells:        4
ABC RESULTS:   sky130_fd_sc_hd__a311o_2 cells:       17
ABC RESULTS:   sky130_fd_sc_hd__o221a_2 cells:       45
ABC RESULTS:   sky130_fd_sc_hd__a2111o_2 cells:       62
ABC RESULTS:   sky130_fd_sc_hd__a21boi_2 cells:        2
ABC RESULTS:   sky130_fd_sc_hd__o31a_2 cells:       34
ABC RESULTS:   sky130_fd_sc_hd__a31o_2 cells:      113
ABC RESULTS:   sky130_fd_sc_hd__o2bb2a_2 cells:       39
ABC RESULTS:   sky130_fd_sc_hd__nor2_2 cells:      329
ABC RESULTS:   sky130_fd_sc_hd__o311a_2 cells:       19
ABC RESULTS:   sky130_fd_sc_hd__a22o_2 cells:      877
ABC RESULTS:   sky130_fd_sc_hd__inv_2 cells:      114
ABC RESULTS:   sky130_fd_sc_hd__o22a_2 cells:       70
ABC RESULTS:   sky130_fd_sc_hd__a311oi_2 cells:        4
ABC RESULTS:   sky130_fd_sc_hd__a32o_2 cells:       41
ABC RESULTS:   sky130_fd_sc_hd__a211o_2 cells:      150
ABC RESULTS:   sky130_fd_sc_hd__a41o_2 cells:        5
ABC RESULTS:   sky130_fd_sc_hd__a21oi_2 cells:      169
ABC RESULTS:   sky130_fd_sc_hd__a221o_2 cells:      636
ABC RESULTS:   sky130_fd_sc_hd__o211a_2 cells:       69
ABC RESULTS:   sky130_fd_sc_hd__o21ba_2 cells:       22
ABC RESULTS:   sky130_fd_sc_hd__a21o_2 cells:      317
ABC RESULTS:   sky130_fd_sc_hd__or2_2 cells:      258
ABC RESULTS:   sky130_fd_sc_hd__or4b_2 cells:       22
ABC RESULTS:   sky130_fd_sc_hd__and2_2 cells:      182
ABC RESULTS:   sky130_fd_sc_hd__nand2_2 cells:      272
ABC RESULTS:   sky130_fd_sc_hd__o21a_2 cells:      138
ABC RESULTS:   sky130_fd_sc_hd__o21ai_2 cells:      101
ABC RESULTS:   sky130_fd_sc_hd__or3b_2 cells:       32
ABC RESULTS:   sky130_fd_sc_hd__and2b_2 cells:       65
ABC RESULTS:   sky130_fd_sc_hd__nand2b_2 cells:       27
ABC RESULTS:   sky130_fd_sc_hd__or3_2 cells:      127
ABC RESULTS:   sky130_fd_sc_hd__and4bb_2 cells:       21
ABC RESULTS:   sky130_fd_sc_hd__and3_2 cells:      253
ABC RESULTS:   sky130_fd_sc_hd__or4_2 cells:      131
ABC RESULTS:   sky130_fd_sc_hd__mux2_1 cells:     2027
ABC RESULTS:          _const0_ cells:        1
ABC RESULTS:        internal signals:    13463
ABC RESULTS:           input signals:     2027
ABC RESULTS:          output signals:     1973
Removing temp directory.

237. Executing SETUNDEF pass (replace undef values with defined constants).

238. Executing HILOMAP pass (mapping to constant drivers).

239. Executing SPLITNETS pass (splitting up multi-bit signals).

240. Executing OPT_CLEAN pass (remove unused cells and wires).
Finding unused cells or wires in module \ibex_top..
Removed 155 unused cells and 18073 unused wires.
<suppressed ~1114 debug messages>

241. Executing INSBUF pass (insert buffer cells for connected wires).
Add ibex_top/$auto$insbuf.cc:97:execute$79022: \u_ibex_core.alu_adder_result_ex[2] -> \data_addr_o [2]
Add ibex_top/$auto$insbuf.cc:97:execute$79023: \u_ibex_core.alu_adder_result_ex[3] -> \data_addr_o [3]
Add ibex_top/$auto$insbuf.cc:97:execute$79024: \u_ibex_core.alu_adder_result_ex[4] -> \data_addr_o [4]
Add ibex_top/$auto$insbuf.cc:97:execute$79025: \u_ibex_core.alu_adder_result_ex[5] -> \data_addr_o [5]
Add ibex_top/$auto$insbuf.cc:97:execute$79026: \u_ibex_core.alu_adder_result_ex[6] -> \data_addr_o [6]
Add ibex_top/$auto$insbuf.cc:97:execute$79027: \u_ibex_core.alu_adder_result_ex[7] -> \data_addr_o [7]
Add ibex_top/$auto$insbuf.cc:97:execute$79028: \u_ibex_core.alu_adder_result_ex[8] -> \data_addr_o [8]
Add ibex_top/$auto$insbuf.cc:97:execute$79029: \u_ibex_core.alu_adder_result_ex[9] -> \data_addr_o [9]
Add ibex_top/$auto$insbuf.cc:97:execute$79030: \u_ibex_core.alu_adder_result_ex[10] -> \data_addr_o [10]
Add ibex_top/$auto$insbuf.cc:97:execute$79031: \u_ibex_core.alu_adder_result_ex[11] -> \data_addr_o [11]
Add ibex_top/$auto$insbuf.cc:97:execute$79032: \u_ibex_core.alu_adder_result_ex[12] -> \data_addr_o [12]
Add ibex_top/$auto$insbuf.cc:97:execute$79033: \u_ibex_core.alu_adder_result_ex[13] -> \data_addr_o [13]
Add ibex_top/$auto$insbuf.cc:97:execute$79034: \u_ibex_core.alu_adder_result_ex[14] -> \data_addr_o [14]
Add ibex_top/$auto$insbuf.cc:97:execute$79035: \u_ibex_core.alu_adder_result_ex[15] -> \data_addr_o [15]
Add ibex_top/$auto$insbuf.cc:97:execute$79036: \u_ibex_core.alu_adder_result_ex[16] -> \data_addr_o [16]
Add ibex_top/$auto$insbuf.cc:97:execute$79037: \u_ibex_core.alu_adder_result_ex[17] -> \data_addr_o [17]
Add ibex_top/$auto$insbuf.cc:97:execute$79038: \u_ibex_core.alu_adder_result_ex[18] -> \data_addr_o [18]
Add ibex_top/$auto$insbuf.cc:97:execute$79039: \u_ibex_core.alu_adder_result_ex[19] -> \data_addr_o [19]
Add ibex_top/$auto$insbuf.cc:97:execute$79040: \u_ibex_core.alu_adder_result_ex[20] -> \data_addr_o [20]
Add ibex_top/$auto$insbuf.cc:97:execute$79041: \u_ibex_core.alu_adder_result_ex[21] -> \data_addr_o [21]
Add ibex_top/$auto$insbuf.cc:97:execute$79042: \u_ibex_core.alu_adder_result_ex[22] -> \data_addr_o [22]
Add ibex_top/$auto$insbuf.cc:97:execute$79043: \u_ibex_core.alu_adder_result_ex[23] -> \data_addr_o [23]
Add ibex_top/$auto$insbuf.cc:97:execute$79044: \u_ibex_core.alu_adder_result_ex[24] -> \data_addr_o [24]
Add ibex_top/$auto$insbuf.cc:97:execute$79045: \u_ibex_core.alu_adder_result_ex[25] -> \data_addr_o [25]
Add ibex_top/$auto$insbuf.cc:97:execute$79046: \u_ibex_core.alu_adder_result_ex[26] -> \data_addr_o [26]
Add ibex_top/$auto$insbuf.cc:97:execute$79047: \u_ibex_core.alu_adder_result_ex[27] -> \data_addr_o [27]
Add ibex_top/$auto$insbuf.cc:97:execute$79048: \u_ibex_core.alu_adder_result_ex[28] -> \data_addr_o [28]
Add ibex_top/$auto$insbuf.cc:97:execute$79049: \u_ibex_core.alu_adder_result_ex[29] -> \data_addr_o [29]
Add ibex_top/$auto$insbuf.cc:97:execute$79050: \u_ibex_core.alu_adder_result_ex[30] -> \data_addr_o [30]
Add ibex_top/$auto$insbuf.cc:97:execute$79051: \u_ibex_core.alu_adder_result_ex[31] -> \data_addr_o [31]

242. Executing CHECK pass (checking for obvious problems).
Checking module ibex_top...
Found and reported 0 problems.
{
   "creator": "Yosys 0.46 (git sha1 e97731b9dda91fa5fa53ed87df7c34163ba59a41, clang++ 17.0.6 -fPIC -O3)",
   "invocation": "stat -json -liberty /work/runs/fathom-20260905T140607Z/tmp/5fe20acad5864fb9bcfdf28da81ea92e.lib ",
   "modules": {
      "\\ibex_top": {
         "num_wires":         8965,
         "num_wire_bits":     9827,
         "num_pub_wires":     1838,
         "num_pub_wire_bits": 2700,
         "num_ports":         66,
         "num_port_bits":     928,
         "num_memories":      0,
         "num_memory_bits":   0,
         "num_processes":     0,
         "num_cells":         9327,
         "area":              121226.265600,
         "num_cells_by_type": {
            "sky130_fd_sc_hd__a2111o_2": 62,
            "sky130_fd_sc_hd__a2111oi_2": 4,
            "sky130_fd_sc_hd__a211o_2": 150,
            "sky130_fd_sc_hd__a211oi_2": 7,
            "sky130_fd_sc_hd__a21bo_2": 15,
            "sky130_fd_sc_hd__a21boi_2": 2,
            "sky130_fd_sc_hd__a21o_2": 317,
            "sky130_fd_sc_hd__a21oi_2": 169,
            "sky130_fd_sc_hd__a221o_2": 636,
            "sky130_fd_sc_hd__a221oi_2": 11,
            "sky130_fd_sc_hd__a22o_2": 877,
            "sky130_fd_sc_hd__a22oi_2": 14,
            "sky130_fd_sc_hd__a2bb2o_2": 23,
            "sky130_fd_sc_hd__a311o_2": 17,
            "sky130_fd_sc_hd__a311oi_2": 4,
            "sky130_fd_sc_hd__a31o_2": 113,
            "sky130_fd_sc_hd__a31oi_2": 5,
            "sky130_fd_sc_hd__a32o_2": 41,
            "sky130_fd_sc_hd__a41o_2": 5,
            "sky130_fd_sc_hd__and2_2": 182,
            "sky130_fd_sc_hd__and2b_2": 65,
            "sky130_fd_sc_hd__and3_2": 253,
            "sky130_fd_sc_hd__and3b_2": 21,
            "sky130_fd_sc_hd__and4_2": 52,
            "sky130_fd_sc_hd__and4b_2": 17,
            "sky130_fd_sc_hd__and4bb_2": 21,
            "sky130_fd_sc_hd__buf_2": 30,
            "sky130_fd_sc_hd__conb_1": 170,
            "sky130_fd_sc_hd__dfrtp_2": 1863,
            "sky130_fd_sc_hd__dfstp_2": 8,
            "sky130_fd_sc_hd__dlclkp_1": 1,
            "sky130_fd_sc_hd__inv_2": 114,
            "sky130_fd_sc_hd__mux2_1": 2027,
            "sky130_fd_sc_hd__mux4_2": 27,
            "sky130_fd_sc_hd__nand2_2": 272,
            "sky130_fd_sc_hd__nand2b_2": 27,
            "sky130_fd_sc_hd__nand3_2": 12,
            "sky130_fd_sc_hd__nand3b_2": 4,
            "sky130_fd_sc_hd__nand4_2": 6,
            "sky130_fd_sc_hd__nor2_2": 329,
            "sky130_fd_sc_hd__nor3_2": 12,
            "sky130_fd_sc_hd__nor3b_2": 3,
            "sky130_fd_sc_hd__nor4_2": 3,
            "sky130_fd_sc_hd__nor4b_2": 7,
            "sky130_fd_sc_hd__o2111a_2": 11,
            "sky130_fd_sc_hd__o211a_2": 69,
            "sky130_fd_sc_hd__o211ai_2": 6,
            "sky130_fd_sc_hd__o21a_2": 138,
            "sky130_fd_sc_hd__o21ai_2": 101,
            "sky130_fd_sc_hd__o21ba_2": 22,
            "sky130_fd_sc_hd__o21bai_2": 6,
            "sky130_fd_sc_hd__o221a_2": 45,
            "sky130_fd_sc_hd__o221ai_2": 3,
            "sky130_fd_sc_hd__o22a_2": 70,
            "sky130_fd_sc_hd__o22ai_2": 4,
            "sky130_fd_sc_hd__o2bb2a_2": 39,
            "sky130_fd_sc_hd__o2bb2ai_2": 1,
            "sky130_fd_sc_hd__o311a_2": 19,
            "sky130_fd_sc_hd__o31a_2": 34,
            "sky130_fd_sc_hd__o31ai_2": 11,
            "sky130_fd_sc_hd__o32a_2": 42,
            "sky130_fd_sc_hd__o32ai_2": 6,
            "sky130_fd_sc_hd__o41a_2": 1,
            "sky130_fd_sc_hd__or2_2": 258,
            "sky130_fd_sc_hd__or3_2": 127,
            "sky130_fd_sc_hd__or3b_2": 32,
            "sky130_fd_sc_hd__or4_2": 131,
            "sky130_fd_sc_hd__or4b_2": 22,
            "sky130_fd_sc_hd__or4bb_2": 5,
            "sky130_fd_sc_hd__xnor2_2": 74,
            "sky130_fd_sc_hd__xor2_2": 52
         }
      }
   },
      "design": {
         "num_wires":         8965,
         "num_wire_bits":     9827,
         "num_pub_wires":     1838,
         "num_pub_wire_bits": 2700,
         "num_ports":         66,
         "num_port_bits":     928,
         "num_memories":      0,
         "num_memory_bits":   0,
         "num_processes":     0,
         "num_cells":         9327,
         "area":              121226.265600,
         "num_cells_by_type": {
            "sky130_fd_sc_hd__a2111o_2": 62,
            "sky130_fd_sc_hd__a2111oi_2": 4,
            "sky130_fd_sc_hd__a211o_2": 150,
            "sky130_fd_sc_hd__a211oi_2": 7,
            "sky130_fd_sc_hd__a21bo_2": 15,
            "sky130_fd_sc_hd__a21boi_2": 2,
            "sky130_fd_sc_hd__a21o_2": 317,
            "sky130_fd_sc_hd__a21oi_2": 169,
            "sky130_fd_sc_hd__a221o_2": 636,
            "sky130_fd_sc_hd__a221oi_2": 11,
            "sky130_fd_sc_hd__a22o_2": 877,
            "sky130_fd_sc_hd__a22oi_2": 14,
            "sky130_fd_sc_hd__a2bb2o_2": 23,
            "sky130_fd_sc_hd__a311o_2": 17,
            "sky130_fd_sc_hd__a311oi_2": 4,
            "sky130_fd_sc_hd__a31o_2": 113,
            "sky130_fd_sc_hd__a31oi_2": 5,
            "sky130_fd_sc_hd__a32o_2": 41,
            "sky130_fd_sc_hd__a41o_2": 5,
            "sky130_fd_sc_hd__and2_2": 182,
            "sky130_fd_sc_hd__and2b_2": 65,
            "sky130_fd_sc_hd__and3_2": 253,
            "sky130_fd_sc_hd__and3b_2": 21,
            "sky130_fd_sc_hd__and4_2": 52,
            "sky130_fd_sc_hd__and4b_2": 17,
            "sky130_fd_sc_hd__and4bb_2": 21,
            "sky130_fd_sc_hd__buf_2": 30,
            "sky130_fd_sc_hd__conb_1": 170,
            "sky130_fd_sc_hd__dfrtp_2": 1863,
            "sky130_fd_sc_hd__dfstp_2": 8,
            "sky130_fd_sc_hd__dlclkp_1": 1,
            "sky130_fd_sc_hd__inv_2": 114,
            "sky130_fd_sc_hd__mux2_1": 2027,
            "sky130_fd_sc_hd__mux4_2": 27,
            "sky130_fd_sc_hd__nand2_2": 272,
            "sky130_fd_sc_hd__nand2b_2": 27,
            "sky130_fd_sc_hd__nand3_2": 12,
            "sky130_fd_sc_hd__nand3b_2": 4,
            "sky130_fd_sc_hd__nand4_2": 6,
            "sky130_fd_sc_hd__nor2_2": 329,
            "sky130_fd_sc_hd__nor3_2": 12,
            "sky130_fd_sc_hd__nor3b_2": 3,
            "sky130_fd_sc_hd__nor4_2": 3,
            "sky130_fd_sc_hd__nor4b_2": 7,
            "sky130_fd_sc_hd__o2111a_2": 11,
            "sky130_fd_sc_hd__o211a_2": 69,
            "sky130_fd_sc_hd__o211ai_2": 6,
            "sky130_fd_sc_hd__o21a_2": 138,
            "sky130_fd_sc_hd__o21ai_2": 101,
            "sky130_fd_sc_hd__o21ba_2": 22,
            "sky130_fd_sc_hd__o21bai_2": 6,
            "sky130_fd_sc_hd__o221a_2": 45,
            "sky130_fd_sc_hd__o221ai_2": 3,
            "sky130_fd_sc_hd__o22a_2": 70,
            "sky130_fd_sc_hd__o22ai_2": 4,
            "sky130_fd_sc_hd__o2bb2a_2": 39,
            "sky130_fd_sc_hd__o2bb2ai_2": 1,
            "sky130_fd_sc_hd__o311a_2": 19,
            "sky130_fd_sc_hd__o31a_2": 34,
            "sky130_fd_sc_hd__o31ai_2": 11,
            "sky130_fd_sc_hd__o32a_2": 42,
            "sky130_fd_sc_hd__o32ai_2": 6,
            "sky130_fd_sc_hd__o41a_2": 1,
            "sky130_fd_sc_hd__or2_2": 258,
            "sky130_fd_sc_hd__or3_2": 127,
            "sky130_fd_sc_hd__or3b_2": 32,
            "sky130_fd_sc_hd__or4_2": 131,
            "sky130_fd_sc_hd__or4b_2": 22,
            "sky130_fd_sc_hd__or4bb_2": 5,
            "sky130_fd_sc_hd__xnor2_2": 74,
            "sky130_fd_sc_hd__xor2_2": 52
         }
      }
}

243. Printing statistics.

=== ibex_top ===

   Number of wires:               8965
   Number of wire bits:           9827
   Number of public wires:        1838
   Number of public wire bits:    2700
   Number of ports:                 66
   Number of port bits:            928
   Number of memories:               0
   Number of memory bits:            0
   Number of processes:              0
   Number of cells:               9327
     sky130_fd_sc_hd__a2111o_2      62
     sky130_fd_sc_hd__a2111oi_2      4
     sky130_fd_sc_hd__a211o_2      150
     sky130_fd_sc_hd__a211oi_2       7
     sky130_fd_sc_hd__a21bo_2       15
     sky130_fd_sc_hd__a21boi_2       2
     sky130_fd_sc_hd__a21o_2       317
     sky130_fd_sc_hd__a21oi_2      169
     sky130_fd_sc_hd__a221o_2      636
     sky130_fd_sc_hd__a221oi_2      11
     sky130_fd_sc_hd__a22o_2       877
     sky130_fd_sc_hd__a22oi_2       14
     sky130_fd_sc_hd__a2bb2o_2      23
     sky130_fd_sc_hd__a311o_2       17
     sky130_fd_sc_hd__a311oi_2       4
     sky130_fd_sc_hd__a31o_2       113
     sky130_fd_sc_hd__a31oi_2        5
     sky130_fd_sc_hd__a32o_2        41
     sky130_fd_sc_hd__a41o_2         5
     sky130_fd_sc_hd__and2_2       182
     sky130_fd_sc_hd__and2b_2       65
     sky130_fd_sc_hd__and3_2       253
     sky130_fd_sc_hd__and3b_2       21
     sky130_fd_sc_hd__and4_2        52
     sky130_fd_sc_hd__and4b_2       17
     sky130_fd_sc_hd__and4bb_2      21
     sky130_fd_sc_hd__buf_2         30
     sky130_fd_sc_hd__conb_1       170
     sky130_fd_sc_hd__dfrtp_2     1863
     sky130_fd_sc_hd__dfstp_2        8
     sky130_fd_sc_hd__dlclkp_1       1
     sky130_fd_sc_hd__inv_2        114
     sky130_fd_sc_hd__mux2_1      2027
     sky130_fd_sc_hd__mux4_2        27
     sky130_fd_sc_hd__nand2_2      272
     sky130_fd_sc_hd__nand2b_2      27
     sky130_fd_sc_hd__nand3_2       12
     sky130_fd_sc_hd__nand3b_2       4
     sky130_fd_sc_hd__nand4_2        6
     sky130_fd_sc_hd__nor2_2       329
     sky130_fd_sc_hd__nor3_2        12
     sky130_fd_sc_hd__nor3b_2        3
     sky130_fd_sc_hd__nor4_2         3
     sky130_fd_sc_hd__nor4b_2        7
     sky130_fd_sc_hd__o2111a_2      11
     sky130_fd_sc_hd__o211a_2       69
     sky130_fd_sc_hd__o211ai_2       6
     sky130_fd_sc_hd__o21a_2       138
     sky130_fd_sc_hd__o21ai_2      101
     sky130_fd_sc_hd__o21ba_2       22
     sky130_fd_sc_hd__o21bai_2       6
     sky130_fd_sc_hd__o221a_2       45
     sky130_fd_sc_hd__o221ai_2       3
     sky130_fd_sc_hd__o22a_2        70
     sky130_fd_sc_hd__o22ai_2        4
     sky130_fd_sc_hd__o2bb2a_2      39
     sky130_fd_sc_hd__o2bb2ai_2      1
     sky130_fd_sc_hd__o311a_2       19
     sky130_fd_sc_hd__o31a_2        34
     sky130_fd_sc_hd__o31ai_2       11
     sky130_fd_sc_hd__o32a_2        42
     sky130_fd_sc_hd__o32ai_2        6
     sky130_fd_sc_hd__o41a_2         1
     sky130_fd_sc_hd__or2_2        258
     sky130_fd_sc_hd__or3_2        127
     sky130_fd_sc_hd__or3b_2        32
     sky130_fd_sc_hd__or4_2        131
     sky130_fd_sc_hd__or4b_2        22
     sky130_fd_sc_hd__or4bb_2        5
     sky130_fd_sc_hd__xnor2_2       74
     sky130_fd_sc_hd__xor2_2        52

   Area for cell type \sky130_fd_sc_hd__dlclkp_1 is unknown!

   Chip area for module '\ibex_top': 121226.265600
     of which used for sequential elements: 49160.899200 (40.55%)

244. Executing Verilog backend.
Dumping module `\ibex_top'.

245. Executing JSON backend.
