
===========================================================================
Violator List
============================================================================
[setup in-reg] rst_ni -> _14382_/RESET_B : -14.398140
[setup in-reg] rst_ni -> _14385_/RESET_B : -14.398140
[setup in-reg] rst_ni -> _14386_/RESET_B : -14.398140
[setup in-reg] rst_ni -> _14387_/RESET_B : -14.398140
[setup in-reg] rst_ni -> _14388_/RESET_B : -14.398140
[setup in-reg] rst_ni -> _14389_/RESET_B : -14.398140
[setup in-reg] rst_ni -> _14390_/RESET_B : -14.398140
[setup in-reg] rst_ni -> _14391_/RESET_B : -14.398140
[setup in-reg] rst_ni -> _14392_/RESET_B : -14.398140
[setup in-reg] rst_ni -> _14393_/RESET_B : -14.398140
[setup in-reg] rst_ni -> _14394_/RESET_B : -14.398140
[setup in-reg] rst_ni -> _14395_/RESET_B : -14.398140
[setup in-reg] rst_ni -> _14396_/RESET_B : -14.398140
[setup in-reg] rst_ni -> _14397_/RESET_B : -14.398140
[setup in-reg] rst_ni -> _14398_/RESET_B : -14.398140
[setup in-reg] rst_ni -> _14399_/RESET_B : -14.398140
[setup in-reg] rst_ni -> _14400_/RESET_B : -14.398140
[setup in-reg] rst_ni -> _14401_/RESET_B : -14.398140
[setup in-reg] rst_ni -> _14402_/RESET_B : -14.398140
[setup in-reg] rst_ni -> _14403_/RESET_B : -14.398140
[setup in-reg] rst_ni -> _14404_/RESET_B : -14.398140
[setup in-reg] rst_ni -> _14405_/RESET_B : -14.398140
[setup in-reg] rst_ni -> _14406_/RESET_B : -14.398140
[setup in-reg] rst_ni -> _14407_/RESET_B : -14.398140
[setup in-reg] rst_ni -> _14408_/RESET_B : -14.398140
[setup in-reg] rst_ni -> _14409_/RESET_B : -14.398140
[setup in-reg] rst_ni -> _14410_/RESET_B : -14.398140
[setup in-reg] rst_ni -> _14411_/RESET_B : -14.398140
[setup in-reg] rst_ni -> _14412_/RESET_B : -14.398140
[setup in-reg] rst_ni -> _14413_/RESET_B : -14.398140
[setup in-reg] rst_ni -> _14414_/RESET_B : -14.398140
[setup in-reg] rst_ni -> _14415_/RESET_B : -14.398140
[setup in-reg] rst_ni -> _14416_/RESET_B : -14.398140
[setup in-reg] rst_ni -> _14417_/RESET_B : -14.398140
[setup in-reg] rst_ni -> _14418_/RESET_B : -14.398140
[setup in-reg] rst_ni -> _14419_/RESET_B : -14.398140
[setup in-reg] rst_ni -> _14420_/RESET_B : -14.398140
[setup in-reg] rst_ni -> _14421_/RESET_B : -14.398140
[setup in-reg] rst_ni -> _14422_/RESET_B : -14.398140
[setup in-reg] rst_ni -> _14423_/RESET_B : -14.398140
[setup in-reg] rst_ni -> _14424_/RESET_B : -14.398140
[setup in-reg] rst_ni -> _14425_/RESET_B : -14.398140
[setup in-reg] rst_ni -> _14426_/RESET_B : -14.398140
[setup in-reg] rst_ni -> _14427_/RESET_B : -14.398140
[setup in-reg] rst_ni -> _14428_/RESET_B : -14.398140
[setup in-reg] rst_ni -> _14429_/RESET_B : -14.398140
[setup in-reg] rst_ni -> _14430_/RESET_B : -14.398140
[setup in-reg] rst_ni -> _14431_/RESET_B : -14.398140
[setup in-reg] rst_ni -> _14432_/RESET_B : -14.398140
[setup in-reg] rst_ni -> _14433_/RESET_B : -14.398140
[setup in-reg] rst_ni -> _14434_/RESET_B : -14.398140
[setup in-reg] rst_ni -> _14435_/RESET_B : -14.398140
[setup in-reg] rst_ni -> _14436_/RESET_B : -14.398140
[setup in-reg] rst_ni -> _14437_/RESET_B : -14.398140
[setup in-reg] rst_ni -> _14438_/RESET_B : -14.398140
[setup in-reg] rst_ni -> _14439_/RESET_B : -14.398140
[setup in-reg] rst_ni -> _14440_/RESET_B : -14.398140
[setup in-reg] rst_ni -> _14441_/RESET_B : -14.398140
[setup in-reg] rst_ni -> _14442_/RESET_B : -14.398140
[setup in-reg] rst_ni -> _14443_/RESET_B : -14.398140
[setup in-reg] rst_ni -> _14444_/RESET_B : -14.398140
[setup in-reg] rst_ni -> _14445_/RESET_B : -14.398140
[setup in-reg] rst_ni -> _14446_/RESET_B : -14.398140
[setup in-reg] rst_ni -> _14447_/RESET_B : -14.398140
[setup in-reg] rst_ni -> _14448_/RESET_B : -14.398140
[setup in-reg] rst_ni -> _14449_/RESET_B : -14.398140
[setup in-reg] rst_ni -> _14450_/RESET_B : -14.398140
[setup in-reg] rst_ni -> _14451_/RESET_B : -14.398140
[setup in-reg] rst_ni -> _14452_/RESET_B : -14.398140
[setup in-reg] rst_ni -> _14453_/RESET_B : -14.398140
[setup in-reg] rst_ni -> _14454_/RESET_B : -14.398140
[setup in-reg] rst_ni -> _14455_/RESET_B : -14.398140
[setup in-reg] rst_ni -> _14457_/RESET_B : -14.398140
[setup in-reg] rst_ni -> _14458_/RESET_B : -14.398140
[setup in-reg] rst_ni -> _14459_/RESET_B : -14.398140
[setup in-reg] rst_ni -> _14460_/RESET_B : -14.398140
[setup in-reg] rst_ni -> _14461_/RESET_B : -14.398140
[setup in-reg] rst_ni -> _14462_/RESET_B : -14.398140
[setup in-reg] rst_ni -> _14463_/RESET_B : -14.398140
[setup in-reg] rst_ni -> _14464_/RESET_B : -14.398140
[setup in-reg] rst_ni -> _14465_/RESET_B : -14.398140
[setup in-reg] rst_ni -> _14466_/RESET_B : -14.398140
[setup in-reg] rst_ni -> _14467_/RESET_B : -14.398140
[setup in-reg] rst_ni -> _14468_/RESET_B : -14.398140
[setup in-reg] rst_ni -> _14469_/RESET_B : -14.398140
[setup in-reg] rst_ni -> _14470_/RESET_B : -14.398140
[setup in-reg] rst_ni -> _14471_/RESET_B : -14.398140
[setup in-reg] rst_ni -> _14472_/RESET_B : -14.398140
[setup in-reg] rst_ni -> _14473_/RESET_B : -14.398140
[setup in-reg] rst_ni -> _14474_/RESET_B : -14.398140
[setup in-reg] rst_ni -> _14475_/RESET_B : -14.398140
[setup in-reg] rst_ni -> _14476_/RESET_B : -14.398140
[setup in-reg] rst_ni -> _14477_/RESET_B : -14.398140
[setup in-reg] rst_ni -> _14478_/RESET_B : -14.398140
[setup in-reg] rst_ni -> _14479_/RESET_B : -14.398140
[setup in-reg] rst_ni -> _14480_/RESET_B : -14.398140
[setup in-reg] rst_ni -> _14481_/RESET_B : -14.398140
[setup in-reg] rst_ni -> _14482_/RESET_B : -14.398140
[setup in-reg] rst_ni -> _14483_/RESET_B : -14.398140
[setup in-reg] rst_ni -> _14484_/RESET_B : -14.398140
[setup in-reg] rst_ni -> _14485_/RESET_B : -14.398140
[setup in-reg] rst_ni -> _14486_/RESET_B : -14.398140
[setup in-reg] rst_ni -> _14487_/RESET_B : -14.398140
[setup in-reg] rst_ni -> _14488_/RESET_B : -14.398140
[setup in-reg] rst_ni -> _14489_/RESET_B : -14.398140
[setup in-reg] rst_ni -> _14490_/RESET_B : -14.398140
[setup in-reg] rst_ni -> _14491_/RESET_B : -14.398140
[setup in-reg] rst_ni -> _14492_/RESET_B : -14.398140
[setup in-reg] rst_ni -> _14493_/RESET_B : -14.398140
[setup in-reg] rst_ni -> _14494_/RESET_B : -14.398140
[setup in-reg] rst_ni -> _14495_/RESET_B : -14.398140
[setup in-reg] rst_ni -> _14496_/RESET_B : -14.398140
[setup in-reg] rst_ni -> _14497_/RESET_B : -14.398140
[setup in-reg] rst_ni -> _14498_/RESET_B : -14.398140
[setup in-reg] rst_ni -> _14499_/RESET_B : -14.398140
[setup in-reg] rst_ni -> _14500_/RESET_B : -14.398140
[setup in-reg] rst_ni -> _14501_/RESET_B : -14.398140
[setup in-reg] rst_ni -> _14502_/RESET_B : -14.398140
[setup in-reg] rst_ni -> _14503_/RESET_B : -14.398140
[setup in-reg] rst_ni -> _14504_/RESET_B : -14.398140
[setup in-reg] rst_ni -> _14505_/RESET_B : -14.398140
[setup in-reg] rst_ni -> _14506_/RESET_B : -14.398140
[setup in-reg] rst_ni -> _14507_/RESET_B : -14.398140
[setup in-reg] rst_ni -> _14508_/RESET_B : -14.398140
[setup in-reg] rst_ni -> _14509_/RESET_B : -14.398140
[setup in-reg] rst_ni -> _14510_/RESET_B : -14.398140
[setup in-reg] rst_ni -> _14511_/RESET_B : -14.398140
[setup in-reg] rst_ni -> _14512_/RESET_B : -14.398140
[setup in-reg] rst_ni -> _14513_/RESET_B : -14.398140
[setup in-reg] rst_ni -> _14514_/RESET_B : -14.398140
[setup in-reg] rst_ni -> _14515_/RESET_B : -14.398140
[setup in-reg] rst_ni -> _14516_/RESET_B : -14.398140
[setup in-reg] rst_ni -> _14517_/RESET_B : -14.398140
[setup in-reg] rst_ni -> _14518_/RESET_B : -14.398140
[setup in-reg] rst_ni -> _14519_/RESET_B : -14.398140
[setup in-reg] rst_ni -> _14520_/RESET_B : -14.398140
[setup in-reg] rst_ni -> _14521_/RESET_B : -14.398140
[setup in-reg] rst_ni -> _14522_/RESET_B : -14.398140
[setup in-reg] rst_ni -> _14523_/RESET_B : -14.398140
[setup in-reg] rst_ni -> _14524_/RESET_B : -14.398140
[setup in-reg] rst_ni -> _14525_/RESET_B : -14.398140
[setup in-reg] rst_ni -> _14526_/RESET_B : -14.398140
[setup in-reg] rst_ni -> _14527_/RESET_B : -14.398140
[setup in-reg] rst_ni -> _14528_/RESET_B : -14.398140
[setup in-reg] rst_ni -> _14529_/RESET_B : -14.398140
[setup in-reg] rst_ni -> _14530_/RESET_B : -14.398140
[setup in-reg] rst_ni -> _14531_/RESET_B : -14.398140
[setup in-reg] rst_ni -> _14532_/RESET_B : -14.398140
[setup in-reg] rst_ni -> _14533_/RESET_B : -14.398140
[setup in-reg] rst_ni -> _14534_/RESET_B : -14.398140
[setup in-reg] rst_ni -> _14535_/RESET_B : -14.398140
[setup in-reg] rst_ni -> _14536_/RESET_B : -14.398140
[setup in-reg] rst_ni -> _14537_/RESET_B : -14.398140
[setup in-reg] rst_ni -> _14538_/RESET_B : -14.398140
[setup in-reg] rst_ni -> _14539_/RESET_B : -14.398140
[setup in-reg] rst_ni -> _14540_/RESET_B : -14.398140
[setup in-reg] rst_ni -> _14541_/RESET_B : -14.398140
[setup in-reg] rst_ni -> _14542_/RESET_B : -14.398140
[setup in-reg] rst_ni -> _14543_/RESET_B : -14.398140
[setup in-reg] rst_ni -> _14544_/RESET_B : -14.398140
[setup in-reg] rst_ni -> _14545_/RESET_B : -14.398140
[setup in-reg] rst_ni -> _14546_/RESET_B : -14.398140
[setup in-reg] rst_ni -> _14547_/RESET_B : -14.398140
[setup in-reg] rst_ni -> _14548_/RESET_B : -14.398140
[setup in-reg] rst_ni -> _14549_/RESET_B : -14.398140
[setup in-reg] rst_ni -> _14550_/RESET_B : -14.398140
[setup in-reg] rst_ni -> _14551_/RESET_B : -14.398140
[setup in-reg] rst_ni -> _14552_/RESET_B : -14.398140
[setup in-reg] rst_ni -> _14553_/RESET_B : -14.398140
[setup in-reg] rst_ni -> _14554_/RESET_B : -14.398140
[setup in-reg] rst_ni -> _14555_/RESET_B : -14.398140
[setup in-reg] rst_ni -> _14556_/RESET_B : -14.398140
[setup in-reg] rst_ni -> _14557_/RESET_B : -14.398140
[setup in-reg] rst_ni -> _14558_/RESET_B : -14.398140
[setup in-reg] rst_ni -> _14559_/RESET_B : -14.398140
[setup in-reg] rst_ni -> _14560_/RESET_B : -14.398140
[setup in-reg] rst_ni -> _14561_/RESET_B : -14.398140
[setup in-reg] rst_ni -> _14562_/RESET_B : -14.398140
[setup in-reg] rst_ni -> _14563_/RESET_B : -14.398140
[setup in-reg] rst_ni -> _14564_/RESET_B : -14.398140
[setup in-reg] rst_ni -> _14565_/RESET_B : -14.398140
[setup in-reg] rst_ni -> _14566_/RESET_B : -14.398140
[setup in-reg] rst_ni -> _14567_/RESET_B : -14.398140
[setup in-reg] rst_ni -> _14568_/RESET_B : -14.398140
[setup in-reg] rst_ni -> _14569_/RESET_B : -14.398140
[setup in-reg] rst_ni -> _14570_/RESET_B : -14.398140
[setup in-reg] rst_ni -> _14571_/RESET_B : -14.398140
[setup in-reg] rst_ni -> _14572_/RESET_B : -14.398140
[setup in-reg] rst_ni -> _14573_/RESET_B : -14.398140
[setup in-reg] rst_ni -> _14574_/RESET_B : -14.398140
[setup in-reg] rst_ni -> _14575_/RESET_B : -14.398140
[setup in-reg] rst_ni -> _14576_/RESET_B : -14.398140
[setup in-reg] rst_ni -> _14577_/RESET_B : -14.398140
[setup in-reg] rst_ni -> _14578_/RESET_B : -14.398140
[setup in-reg] rst_ni -> _14579_/RESET_B : -14.398140
[setup in-reg] rst_ni -> _14580_/RESET_B : -14.398140
[setup in-reg] rst_ni -> _14581_/RESET_B : -14.398140
[setup in-reg] rst_ni -> _14582_/RESET_B : -14.398140
[setup in-reg] rst_ni -> _14583_/RESET_B : -14.398140
[setup in-reg] rst_ni -> _14584_/RESET_B : -14.398140
[setup in-reg] rst_ni -> _14585_/RESET_B : -14.398140
[setup in-reg] rst_ni -> _14586_/RESET_B : -14.398140
[setup in-reg] rst_ni -> _14587_/RESET_B : -14.398140
[setup in-reg] rst_ni -> _14588_/RESET_B : -14.398140
[setup in-reg] rst_ni -> _14589_/RESET_B : -14.398140
[setup in-reg] rst_ni -> _14590_/RESET_B : -14.398140
[setup in-reg] rst_ni -> _14591_/RESET_B : -14.398140
[setup in-reg] rst_ni -> _14592_/RESET_B : -14.398140
[setup in-reg] rst_ni -> _14593_/RESET_B : -14.398140
[setup in-reg] rst_ni -> _14594_/RESET_B : -14.398140
[setup in-reg] rst_ni -> _14595_/RESET_B : -14.398140
[setup in-reg] rst_ni -> _14596_/RESET_B : -14.398140
[setup in-reg] rst_ni -> _14597_/RESET_B : -14.398140
[setup in-reg] rst_ni -> _14598_/RESET_B : -14.398140
[setup in-reg] rst_ni -> _14599_/RESET_B : -14.398140
[setup in-reg] rst_ni -> _14600_/RESET_B : -14.398140
[setup in-reg] rst_ni -> _14601_/RESET_B : -14.398140
[setup in-reg] rst_ni -> _14602_/RESET_B : -14.398140
[setup in-reg] rst_ni -> _14603_/RESET_B : -14.398140
[setup in-reg] rst_ni -> _14604_/RESET_B : -14.398140
[setup in-reg] rst_ni -> _14605_/RESET_B : -14.398140
[setup in-reg] rst_ni -> _14606_/RESET_B : -14.398140
[setup in-reg] rst_ni -> _14607_/RESET_B : -14.398140
[setup in-reg] rst_ni -> _14608_/RESET_B : -14.398140
[setup in-reg] rst_ni -> _14610_/RESET_B : -14.398140
[setup in-reg] rst_ni -> _14611_/RESET_B : -14.398140
[setup in-reg] rst_ni -> _14612_/RESET_B : -14.398140
[setup in-reg] rst_ni -> _14613_/RESET_B : -14.398140
[setup in-reg] rst_ni -> _14614_/RESET_B : -14.398140
[setup in-reg] rst_ni -> _14615_/RESET_B : -14.398140
[setup in-reg] rst_ni -> _14616_/RESET_B : -14.398140
[setup in-reg] rst_ni -> _14617_/RESET_B : -14.398140
[setup in-reg] rst_ni -> _14618_/RESET_B : -14.398140
[setup in-reg] rst_ni -> _14619_/RESET_B : -14.398140
[setup in-reg] rst_ni -> _14620_/RESET_B : -14.398140
[setup in-reg] rst_ni -> _14621_/RESET_B : -14.398140
[setup in-reg] rst_ni -> _14622_/RESET_B : -14.398140
[setup in-reg] rst_ni -> _14623_/RESET_B : -14.398140
[setup in-reg] rst_ni -> _14624_/RESET_B : -14.398140
[setup in-reg] rst_ni -> _14625_/RESET_B : -14.398140
[setup in-reg] rst_ni -> _14626_/RESET_B : -14.398140
[setup in-reg] rst_ni -> _14627_/RESET_B : -14.398140
[setup in-reg] rst_ni -> _14628_/RESET_B : -14.398140
[setup in-reg] rst_ni -> _14629_/RESET_B : -14.398140
[setup in-reg] rst_ni -> _14630_/RESET_B : -14.398140
[setup in-reg] rst_ni -> _14631_/RESET_B : -14.398140
[setup in-reg] rst_ni -> _14632_/RESET_B : -14.398140
[setup in-reg] rst_ni -> _14633_/RESET_B : -14.398140
[setup in-reg] rst_ni -> _14634_/RESET_B : -14.398140
[setup in-reg] rst_ni -> _14635_/RESET_B : -14.398140
[setup in-reg] rst_ni -> _14636_/RESET_B : -14.398140
[setup in-reg] rst_ni -> _14637_/RESET_B : -14.398140
[setup in-reg] rst_ni -> _14638_/RESET_B : -14.398140
[setup in-reg] rst_ni -> _14639_/RESET_B : -14.398140
[setup in-reg] rst_ni -> _14640_/RESET_B : -14.398140
[setup in-reg] rst_ni -> _14641_/RESET_B : -14.398140
[setup in-reg] rst_ni -> _14642_/RESET_B : -14.398140
[setup in-reg] rst_ni -> _14643_/RESET_B : -14.398140
[setup in-reg] rst_ni -> _14644_/RESET_B : -14.398140
[setup in-reg] rst_ni -> _14645_/RESET_B : -14.398140
[setup in-reg] rst_ni -> _14646_/RESET_B : -14.398140
[setup in-reg] rst_ni -> _14647_/RESET_B : -14.398140
[setup in-reg] rst_ni -> _14648_/RESET_B : -14.398140
[setup in-reg] rst_ni -> _14649_/RESET_B : -14.398140
[setup in-reg] rst_ni -> _14650_/RESET_B : -14.398140
[setup in-reg] rst_ni -> _14651_/RESET_B : -14.398140
[setup in-reg] rst_ni -> _14652_/RESET_B : -14.398140
[setup in-reg] rst_ni -> _14653_/RESET_B : -14.398140
[setup in-reg] rst_ni -> _14654_/RESET_B : -14.398140
[setup in-reg] rst_ni -> _14655_/RESET_B : -14.398140
[setup in-reg] rst_ni -> _14656_/RESET_B : -14.398140
[setup in-reg] rst_ni -> _14657_/RESET_B : -14.398140
[setup in-reg] rst_ni -> _14658_/RESET_B : -14.398140
[setup in-reg] rst_ni -> _14659_/RESET_B : -14.398140
[setup in-reg] rst_ni -> _14660_/RESET_B : -14.398140
[setup in-reg] rst_ni -> _14661_/RESET_B : -14.398140
[setup in-reg] rst_ni -> _14662_/RESET_B : -14.398140
[setup in-reg] rst_ni -> _14663_/RESET_B : -14.398140
[setup in-reg] rst_ni -> _14664_/RESET_B : -14.398140
[setup in-reg] rst_ni -> _14665_/RESET_B : -14.398140
[setup in-reg] rst_ni -> _14666_/RESET_B : -14.398140
[setup in-reg] rst_ni -> _14667_/RESET_B : -14.398140
[setup in-reg] rst_ni -> _14668_/RESET_B : -14.398140
[setup in-reg] rst_ni -> _14669_/RESET_B : -14.398140
[setup in-reg] rst_ni -> _14670_/RESET_B : -14.398140
[setup in-reg] rst_ni -> _14671_/RESET_B : -14.398140
[setup in-reg] rst_ni -> _14672_/RESET_B : -14.398140
[setup in-reg] rst_ni -> _14673_/RESET_B : -14.398140
[setup in-reg] rst_ni -> _14674_/RESET_B : -14.398140
[setup in-reg] rst_ni -> _14675_/RESET_B : -14.398140
[setup in-reg] rst_ni -> _14676_/RESET_B : -14.398140
[setup in-reg] rst_ni -> _14677_/RESET_B : -14.398140
[setup in-reg] rst_ni -> _14678_/RESET_B : -14.398140
[setup in-reg] rst_ni -> _14679_/RESET_B : -14.398140
[setup in-reg] rst_ni -> _14680_/RESET_B : -14.398140
[setup in-reg] rst_ni -> _14681_/RESET_B : -14.398140
[setup in-reg] rst_ni -> _14682_/RESET_B : -14.398140
[setup in-reg] rst_ni -> _14683_/RESET_B : -14.398140
[setup in-reg] rst_ni -> _14684_/RESET_B : -14.398140
[setup in-reg] rst_ni -> _14685_/RESET_B : -14.398140
[setup in-reg] rst_ni -> _14687_/RESET_B : -14.398140
[setup in-reg] rst_ni -> _14688_/RESET_B : -14.398140
[setup in-reg] rst_ni -> _14689_/RESET_B : -14.398140
[setup in-reg] rst_ni -> _14690_/RESET_B : -14.398140
[setup in-reg] rst_ni -> _14691_/RESET_B : -14.398140
[setup in-reg] rst_ni -> _14692_/RESET_B : -14.398140
[setup in-reg] rst_ni -> _14693_/RESET_B : -14.398140
[setup in-reg] rst_ni -> _14694_/RESET_B : -14.398140
[setup in-reg] rst_ni -> _14695_/RESET_B : -14.398140
[setup in-reg] rst_ni -> _14696_/RESET_B : -14.398140
[setup in-reg] rst_ni -> _14697_/RESET_B : -14.398140
[setup in-reg] rst_ni -> _14698_/RESET_B : -14.398140
[setup in-reg] rst_ni -> _14699_/RESET_B : -14.398140
[setup in-reg] rst_ni -> _14700_/RESET_B : -14.398140
[setup in-reg] rst_ni -> _14701_/RESET_B : -14.398140
[setup in-reg] rst_ni -> _14702_/RESET_B : -14.398140
[setup in-reg] rst_ni -> _14703_/RESET_B : -14.398140
[setup in-reg] rst_ni -> _14704_/RESET_B : -14.398140
[setup in-reg] rst_ni -> _14705_/RESET_B : -14.398140
[setup in-reg] rst_ni -> _14706_/RESET_B : -14.398140
[setup in-reg] rst_ni -> _14707_/RESET_B : -14.398140
[setup in-reg] rst_ni -> _14708_/RESET_B : -14.398140
[setup in-reg] rst_ni -> _14709_/RESET_B : -14.398140
[setup in-reg] rst_ni -> _14710_/RESET_B : -14.398140
[setup in-reg] rst_ni -> _14711_/RESET_B : -14.398140
[setup in-reg] rst_ni -> _14712_/RESET_B : -14.398140
[setup in-reg] rst_ni -> _14713_/RESET_B : -14.398140
[setup in-reg] rst_ni -> _14714_/RESET_B : -14.398140
[setup in-reg] rst_ni -> _14715_/RESET_B : -14.398140
[setup in-reg] rst_ni -> _14716_/RESET_B : -14.398140
[setup in-reg] rst_ni -> _14717_/RESET_B : -14.398140
[setup in-reg] rst_ni -> _14718_/RESET_B : -14.398140
[setup in-reg] rst_ni -> _14721_/RESET_B : -14.398140
[setup in-reg] rst_ni -> _14722_/RESET_B : -14.398140
[setup in-reg] rst_ni -> _14723_/RESET_B : -14.398140
[setup in-reg] rst_ni -> _14724_/RESET_B : -14.398140
[setup in-reg] rst_ni -> _14725_/RESET_B : -14.398140
[setup in-reg] rst_ni -> _14726_/RESET_B : -14.398140
[setup in-reg] rst_ni -> _14727_/RESET_B : -14.398140
[setup in-reg] rst_ni -> _14728_/RESET_B : -14.398140
[setup in-reg] rst_ni -> _14729_/RESET_B : -14.398140
[setup in-reg] rst_ni -> _14730_/RESET_B : -14.398140
[setup in-reg] rst_ni -> _14731_/RESET_B : -14.398140
[setup in-reg] rst_ni -> _14732_/RESET_B : -14.398140
[setup in-reg] rst_ni -> _14733_/RESET_B : -14.398140
[setup in-reg] rst_ni -> _14734_/RESET_B : -14.398140
[setup in-reg] rst_ni -> _14735_/RESET_B : -14.398140
[setup in-reg] rst_ni -> _14736_/RESET_B : -14.398140
[setup in-reg] rst_ni -> _14737_/RESET_B : -14.398140
[setup in-reg] rst_ni -> _14738_/RESET_B : -14.398140
[setup in-reg] rst_ni -> _14739_/RESET_B : -14.398140
[setup in-reg] rst_ni -> _14740_/RESET_B : -14.398140
[setup in-reg] rst_ni -> _14741_/RESET_B : -14.398140
[setup in-reg] rst_ni -> _14742_/RESET_B : -14.398140
[setup in-reg] rst_ni -> _14743_/RESET_B : -14.398140
[setup in-reg] rst_ni -> _14744_/RESET_B : -14.398140
[setup in-reg] rst_ni -> _14745_/RESET_B : -14.398140
[setup in-reg] rst_ni -> _14746_/RESET_B : -14.398140
[setup in-reg] rst_ni -> _14747_/RESET_B : -14.398140
[setup in-reg] rst_ni -> _14748_/RESET_B : -14.398140
[setup in-reg] rst_ni -> _14749_/RESET_B : -14.398140
[setup in-reg] rst_ni -> _14750_/RESET_B : -14.398140
[setup in-reg] rst_ni -> _14751_/RESET_B : -14.398140
[setup in-reg] rst_ni -> _14752_/RESET_B : -14.398140
[setup in-reg] rst_ni -> _14753_/RESET_B : -14.398140
[setup in-reg] rst_ni -> _14754_/RESET_B : -14.398140
[setup in-reg] rst_ni -> _14755_/RESET_B : -14.398140
[setup in-reg] rst_ni -> _14756_/RESET_B : -14.398140
[setup in-reg] rst_ni -> _14757_/RESET_B : -14.398140
[setup in-reg] rst_ni -> _14758_/RESET_B : -14.398140
[setup in-reg] rst_ni -> _14759_/RESET_B : -14.398140
[setup in-reg] rst_ni -> _14760_/RESET_B : -14.398140
[setup in-reg] rst_ni -> _14761_/RESET_B : -14.398140
[setup in-reg] rst_ni -> _14762_/RESET_B : -14.398140
[setup in-reg] rst_ni -> _14763_/RESET_B : -14.398140
[setup in-reg] rst_ni -> _14764_/RESET_B : -14.398140
[setup in-reg] rst_ni -> _14765_/RESET_B : -14.398140
[setup in-reg] rst_ni -> _14766_/RESET_B : -14.398140
[setup in-reg] rst_ni -> _14767_/RESET_B : -14.398140
[setup in-reg] rst_ni -> _14768_/RESET_B : -14.398140
[setup in-reg] rst_ni -> _14769_/RESET_B : -14.398140
[setup in-reg] rst_ni -> _14770_/RESET_B : -14.398140
[setup in-reg] rst_ni -> _14771_/RESET_B : -14.398140
[setup in-reg] rst_ni -> _14772_/RESET_B : -14.398140
[setup in-reg] rst_ni -> _14773_/RESET_B : -14.398140
[setup in-reg] rst_ni -> _14774_/RESET_B : -14.398140
[setup in-reg] rst_ni -> _14775_/RESET_B : -14.398140
[setup in-reg] rst_ni -> _14776_/RESET_B : -14.398140
[setup in-reg] rst_ni -> _14777_/RESET_B : -14.398140
[setup in-reg] rst_ni -> _14778_/RESET_B : -14.398140
[setup in-reg] rst_ni -> _14779_/RESET_B : -14.398140
[setup in-reg] rst_ni -> _14780_/RESET_B : -14.398140
[setup in-reg] rst_ni -> _14781_/RESET_B : -14.398140
[setup in-reg] rst_ni -> _14782_/RESET_B : -14.398140
[setup in-reg] rst_ni -> _14783_/RESET_B : -14.398140
[setup in-reg] rst_ni -> _14784_/RESET_B : -14.398140
[setup in-reg] rst_ni -> _14785_/RESET_B : -14.398140
[setup in-reg] rst_ni -> _14786_/RESET_B : -14.398140
[setup in-reg] rst_ni -> _14787_/RESET_B : -14.398140
[setup in-reg] rst_ni -> _14788_/RESET_B : -14.398140
[setup in-reg] rst_ni -> _14789_/RESET_B : -14.398140
[setup in-reg] rst_ni -> _14790_/RESET_B : -14.398140
[setup in-reg] rst_ni -> _14791_/RESET_B : -14.398140
[setup in-reg] rst_ni -> _14792_/RESET_B : -14.398140
[setup in-reg] rst_ni -> _14793_/RESET_B : -14.398140
[setup in-reg] rst_ni -> _14794_/RESET_B : -14.398140
[setup in-reg] rst_ni -> _14795_/RESET_B : -14.398140
[setup in-reg] rst_ni -> _14796_/RESET_B : -14.398140
[setup in-reg] rst_ni -> _14797_/RESET_B : -14.398140
[setup in-reg] rst_ni -> _14798_/RESET_B : -14.398140
[setup in-reg] rst_ni -> _14799_/RESET_B : -14.398140
[setup in-reg] rst_ni -> _14800_/RESET_B : -14.398140
[setup in-reg] rst_ni -> _14801_/RESET_B : -14.398140
[setup in-reg] rst_ni -> _14802_/RESET_B : -14.398140
[setup in-reg] rst_ni -> _14803_/RESET_B : -14.398140
[setup in-reg] rst_ni -> _14804_/RESET_B : -14.398140
[setup in-reg] rst_ni -> _14805_/RESET_B : -14.398140
[setup in-reg] rst_ni -> _14806_/RESET_B : -14.398140
[setup in-reg] rst_ni -> _14807_/RESET_B : -14.398140
[setup in-reg] rst_ni -> _14808_/RESET_B : -14.398140
[setup in-reg] rst_ni -> _14809_/RESET_B : -14.398140
[setup in-reg] rst_ni -> _14810_/RESET_B : -14.398140
[setup in-reg] rst_ni -> _14811_/RESET_B : -14.398140
[setup in-reg] rst_ni -> _14812_/RESET_B : -14.398140
[setup in-reg] rst_ni -> _14813_/RESET_B : -14.398140
[setup in-reg] rst_ni -> _14814_/RESET_B : -14.398140
[setup in-reg] rst_ni -> _14815_/RESET_B : -14.398140
[setup in-reg] rst_ni -> _14816_/RESET_B : -14.398140
[setup in-reg] rst_ni -> _14817_/RESET_B : -14.398140
[setup in-reg] rst_ni -> _14818_/RESET_B : -14.398140
[setup in-reg] rst_ni -> _14819_/RESET_B : -14.398140
[setup in-reg] rst_ni -> _14820_/RESET_B : -14.398140
[setup in-reg] rst_ni -> _14821_/RESET_B : -14.398140
[setup in-reg] rst_ni -> _14822_/RESET_B : -14.398140
[setup in-reg] rst_ni -> _14823_/RESET_B : -14.398140
[setup in-reg] rst_ni -> _14824_/RESET_B : -14.398140
[setup in-reg] rst_ni -> _14825_/RESET_B : -14.398140
[setup in-reg] rst_ni -> _14826_/RESET_B : -14.398140
[setup in-reg] rst_ni -> _14827_/RESET_B : -14.398140
[setup in-reg] rst_ni -> _14828_/RESET_B : -14.398140
[setup in-reg] rst_ni -> _14829_/RESET_B : -14.398140
[setup in-reg] rst_ni -> _14830_/RESET_B : -14.398140
[setup in-reg] rst_ni -> _14831_/RESET_B : -14.398140
[setup in-reg] rst_ni -> _14832_/RESET_B : -14.398140
[setup in-reg] rst_ni -> _14833_/RESET_B : -14.398140
[setup in-reg] rst_ni -> _14834_/RESET_B : -14.398140
[setup in-reg] rst_ni -> _14835_/RESET_B : -14.398140
[setup in-reg] rst_ni -> _14836_/RESET_B : -14.398140
[setup in-reg] rst_ni -> _14837_/RESET_B : -14.398140
[setup in-reg] rst_ni -> _14838_/RESET_B : -14.398140
[setup in-reg] rst_ni -> _14839_/RESET_B : -14.398140
[setup in-reg] rst_ni -> _14840_/RESET_B : -14.398140
[setup in-reg] rst_ni -> _14841_/RESET_B : -14.398140
[setup in-reg] rst_ni -> _14842_/RESET_B : -14.398140
[setup in-reg] rst_ni -> _14843_/RESET_B : -14.398140
[setup in-reg] rst_ni -> _14844_/RESET_B : -14.398140
[setup in-reg] rst_ni -> _14845_/RESET_B : -14.398140
[setup in-reg] rst_ni -> _14846_/RESET_B : -14.398140
[setup in-reg] rst_ni -> _14847_/RESET_B : -14.398140
[setup in-reg] rst_ni -> _14848_/RESET_B : -14.398140
[setup in-reg] rst_ni -> _14849_/RESET_B : -14.398140
[setup in-reg] rst_ni -> _14850_/RESET_B : -14.398140
[setup in-reg] rst_ni -> _14851_/RESET_B : -14.398140
[setup in-reg] rst_ni -> _14852_/RESET_B : -14.398140
[setup in-reg] rst_ni -> _14853_/RESET_B : -14.398140
[setup in-reg] rst_ni -> _14854_/RESET_B : -14.398140
[setup in-reg] rst_ni -> _14855_/RESET_B : -14.398140
[setup in-reg] rst_ni -> _14856_/RESET_B : -14.398140
[setup in-reg] rst_ni -> _14857_/RESET_B : -14.398140
[setup in-reg] rst_ni -> _14858_/RESET_B : -14.398140
[setup in-reg] rst_ni -> _14859_/RESET_B : -14.398140
[setup in-reg] rst_ni -> _14861_/RESET_B : -14.398140
[setup in-reg] rst_ni -> _14862_/RESET_B : -14.398140
[setup in-reg] rst_ni -> _14863_/RESET_B : -14.398140
[setup in-reg] rst_ni -> _14864_/RESET_B : -14.398140
[setup in-reg] rst_ni -> _14865_/RESET_B : -14.398140
[setup in-reg] rst_ni -> _14866_/RESET_B : -14.398140
[setup in-reg] rst_ni -> _14867_/RESET_B : -14.398140
[setup in-reg] rst_ni -> _14868_/RESET_B : -14.398140
[setup in-reg] rst_ni -> _14869_/RESET_B : -14.398140
[setup in-reg] rst_ni -> _14870_/RESET_B : -14.398140
[setup in-reg] rst_ni -> _14871_/RESET_B : -14.398140
[setup in-reg] rst_ni -> _14872_/RESET_B : -14.398140
[setup in-reg] rst_ni -> _14873_/RESET_B : -14.398140
[setup in-reg] rst_ni -> _14874_/RESET_B : -14.398140
[setup in-reg] rst_ni -> _14875_/RESET_B : -14.398140
[setup in-reg] rst_ni -> _14876_/RESET_B : -14.398140
[setup in-reg] rst_ni -> _14877_/RESET_B : -14.398140
[setup in-reg] rst_ni -> _14878_/RESET_B : -14.398140
[setup in-reg] rst_ni -> _14879_/RESET_B : -14.398140
[setup in-reg] rst_ni -> _14880_/RESET_B : -14.398140
[setup in-reg] rst_ni -> _14881_/RESET_B : -14.398140
[setup in-reg] rst_ni -> _14882_/RESET_B : -14.398140
[setup in-reg] rst_ni -> _14883_/RESET_B : -14.398140
[setup in-reg] rst_ni -> _14884_/RESET_B : -14.398140
[setup in-reg] rst_ni -> _14885_/RESET_B : -14.398140
[setup in-reg] rst_ni -> _14886_/RESET_B : -14.398140
[setup in-reg] rst_ni -> _14887_/RESET_B : -14.398140
[setup in-reg] rst_ni -> _14888_/RESET_B : -14.398140
[setup in-reg] rst_ni -> _14889_/RESET_B : -14.398140
[setup in-reg] rst_ni -> _14890_/RESET_B : -14.398140
[setup in-reg] rst_ni -> _14891_/RESET_B : -14.398140
[setup in-reg] rst_ni -> _14892_/RESET_B : -14.398140
[setup in-reg] rst_ni -> _14893_/RESET_B : -14.398140
[setup in-reg] rst_ni -> _14894_/RESET_B : -14.398140
[setup in-reg] rst_ni -> _14895_/RESET_B : -14.398140
[setup in-reg] rst_ni -> _14896_/RESET_B : -14.398140
[setup in-reg] rst_ni -> _14897_/RESET_B : -14.398140
[setup in-reg] rst_ni -> _14898_/RESET_B : -14.398140
[setup in-reg] rst_ni -> _14899_/RESET_B : -14.398140
[setup in-reg] rst_ni -> _14900_/RESET_B : -14.398140
[setup in-reg] rst_ni -> _14901_/RESET_B : -14.398140
[setup in-reg] rst_ni -> _14902_/RESET_B : -14.398140
[setup in-reg] rst_ni -> _14903_/RESET_B : -14.398140
[setup in-reg] rst_ni -> _14904_/RESET_B : -14.398140
[setup in-reg] rst_ni -> _14905_/RESET_B : -14.398140
[setup in-reg] rst_ni -> _14906_/RESET_B : -14.398140
[setup in-reg] rst_ni -> _14907_/RESET_B : -14.398140
[setup in-reg] rst_ni -> _14908_/RESET_B : -14.398140
[setup in-reg] rst_ni -> _14909_/RESET_B : -14.398140
[setup in-reg] rst_ni -> _14910_/RESET_B : -14.398140
[setup in-reg] rst_ni -> _14911_/RESET_B : -14.398140
[setup in-reg] rst_ni -> _14912_/RESET_B : -14.398140
[setup in-reg] rst_ni -> _14913_/RESET_B : -14.398140
[setup in-reg] rst_ni -> _14914_/RESET_B : -14.398140
[setup in-reg] rst_ni -> _14915_/RESET_B : -14.398140
[setup in-reg] rst_ni -> _14916_/RESET_B : -14.398140
[setup in-reg] rst_ni -> _14917_/RESET_B : -14.398140
[setup in-reg] rst_ni -> _14918_/RESET_B : -14.398140
[setup in-reg] rst_ni -> _14919_/RESET_B : -14.398140
[setup in-reg] rst_ni -> _14920_/RESET_B : -14.398140
[setup in-reg] rst_ni -> _14921_/RESET_B : -14.398140
[setup in-reg] rst_ni -> _14922_/RESET_B : -14.398140
[setup in-reg] rst_ni -> _14923_/RESET_B : -14.398140
[setup in-reg] rst_ni -> _14924_/RESET_B : -14.398140
[setup in-reg] rst_ni -> _14925_/RESET_B : -14.398140
[setup in-reg] rst_ni -> _14926_/RESET_B : -14.398140
[setup in-reg] rst_ni -> _14927_/RESET_B : -14.398140
[setup in-reg] rst_ni -> _14928_/RESET_B : -14.398140
[setup in-reg] rst_ni -> _14929_/RESET_B : -14.398140
[setup in-reg] rst_ni -> _14930_/RESET_B : -14.398140
[setup in-reg] rst_ni -> _14931_/RESET_B : -14.398140
[setup in-reg] rst_ni -> _14932_/RESET_B : -14.398140
[setup in-reg] rst_ni -> _14933_/RESET_B : -14.398140
[setup in-reg] rst_ni -> _14934_/RESET_B : -14.398140
[setup in-reg] rst_ni -> _14935_/RESET_B : -14.398140
[setup in-reg] rst_ni -> _14936_/RESET_B : -14.398140
[setup in-reg] rst_ni -> _14937_/RESET_B : -14.398140
[setup in-reg] rst_ni -> _14938_/RESET_B : -14.398140
[setup in-reg] rst_ni -> _14939_/RESET_B : -14.398140
[setup in-reg] rst_ni -> _14940_/RESET_B : -14.398140
[setup in-reg] rst_ni -> _14941_/RESET_B : -14.398140
[setup in-reg] rst_ni -> _14942_/RESET_B : -14.398140
[setup in-reg] rst_ni -> _14943_/RESET_B : -14.398140
[setup in-reg] rst_ni -> _14944_/RESET_B : -14.398140
[setup in-reg] rst_ni -> _14945_/RESET_B : -14.398140
[setup in-reg] rst_ni -> _14946_/RESET_B : -14.398140
[setup in-reg] rst_ni -> _14947_/RESET_B : -14.398140
[setup in-reg] rst_ni -> _14948_/RESET_B : -14.398140
[setup in-reg] rst_ni -> _14949_/RESET_B : -14.398140
[setup in-reg] rst_ni -> _14950_/RESET_B : -14.398140
[setup in-reg] rst_ni -> _14951_/RESET_B : -14.398140
[setup in-reg] rst_ni -> _14952_/RESET_B : -14.398140
[setup in-reg] rst_ni -> _14953_/RESET_B : -14.398140
[setup in-reg] rst_ni -> _14954_/RESET_B : -14.398140
[setup in-reg] rst_ni -> _14955_/RESET_B : -14.398140
[setup in-reg] rst_ni -> _14956_/RESET_B : -14.398140
[setup in-reg] rst_ni -> _14957_/RESET_B : -14.398140
[setup in-reg] rst_ni -> _14958_/RESET_B : -14.398140
[setup in-reg] rst_ni -> _14959_/RESET_B : -14.398140
[setup in-reg] rst_ni -> _14960_/RESET_B : -14.398140
[setup in-reg] rst_ni -> _14961_/RESET_B : -14.398140
[setup in-reg] rst_ni -> _14962_/RESET_B : -14.398140
[setup in-reg] rst_ni -> _14963_/RESET_B : -14.398140
[setup in-reg] rst_ni -> _14964_/RESET_B : -14.398140
[setup in-reg] rst_ni -> _14965_/RESET_B : -14.398140
[setup in-reg] rst_ni -> _14966_/RESET_B : -14.398140
[setup in-reg] rst_ni -> _14967_/RESET_B : -14.398140
[setup in-reg] rst_ni -> _14968_/RESET_B : -14.398140
[setup in-reg] rst_ni -> _14969_/RESET_B : -14.398140
[setup in-reg] rst_ni -> _14970_/RESET_B : -14.398140
[setup in-reg] rst_ni -> _14971_/RESET_B : -14.398140
[setup in-reg] rst_ni -> _14972_/RESET_B : -14.398140
[setup in-reg] rst_ni -> _14973_/RESET_B : -14.398140
[setup in-reg] rst_ni -> _14974_/RESET_B : -14.398140
[setup in-reg] rst_ni -> _14975_/RESET_B : -14.398140
[setup in-reg] rst_ni -> _14976_/RESET_B : -14.398140
[setup in-reg] rst_ni -> _14977_/RESET_B : -14.398140
[setup in-reg] rst_ni -> _14978_/RESET_B : -14.398140
[setup in-reg] rst_ni -> _14979_/RESET_B : -14.398140
[setup in-reg] rst_ni -> _14980_/RESET_B : -14.398140
[setup in-reg] rst_ni -> _14981_/RESET_B : -14.398140
[setup in-reg] rst_ni -> _14982_/RESET_B : -14.398140
[setup in-reg] rst_ni -> _14983_/RESET_B : -14.398140
[setup in-reg] rst_ni -> _14984_/RESET_B : -14.398140
[setup in-reg] rst_ni -> _14985_/RESET_B : -14.398140
[setup in-reg] rst_ni -> _14986_/RESET_B : -14.398140
[setup in-reg] rst_ni -> _14987_/RESET_B : -14.398140
[setup in-reg] rst_ni -> _14988_/RESET_B : -14.398140
[setup in-reg] rst_ni -> _14989_/RESET_B : -14.398140
[setup in-reg] rst_ni -> _14990_/RESET_B : -14.398140
[setup in-reg] rst_ni -> _14991_/RESET_B : -14.398140
[setup in-reg] rst_ni -> _14992_/RESET_B : -14.398140
[setup in-reg] rst_ni -> _14993_/RESET_B : -14.398140
[setup in-reg] rst_ni -> _14994_/RESET_B : -14.398140
[setup in-reg] rst_ni -> _14995_/RESET_B : -14.398140
[setup in-reg] rst_ni -> _14996_/RESET_B : -14.398140
[setup in-reg] rst_ni -> _14997_/RESET_B : -14.398140
[setup in-reg] rst_ni -> _14998_/RESET_B : -14.398140
[setup in-reg] rst_ni -> _14999_/RESET_B : -14.398140
[setup in-reg] rst_ni -> _15000_/RESET_B : -14.398140
[setup in-reg] rst_ni -> _15001_/RESET_B : -14.398140
[setup in-reg] rst_ni -> _15002_/RESET_B : -14.398140
[setup in-reg] rst_ni -> _15003_/RESET_B : -14.398140
[setup in-reg] rst_ni -> _15004_/RESET_B : -14.398140
[setup in-reg] rst_ni -> _15005_/RESET_B : -14.398140
[setup in-reg] rst_ni -> _15006_/RESET_B : -14.398140
[setup in-reg] rst_ni -> _15007_/RESET_B : -14.398140
[setup in-reg] rst_ni -> _15008_/RESET_B : -14.398140
[setup in-reg] rst_ni -> _15009_/RESET_B : -14.398140
[setup in-reg] rst_ni -> _15010_/RESET_B : -14.398140
[setup in-reg] rst_ni -> _15011_/RESET_B : -14.398140
[setup in-reg] rst_ni -> _15012_/RESET_B : -14.398140
[setup in-reg] rst_ni -> _15013_/RESET_B : -14.398140
[setup in-reg] rst_ni -> _15014_/RESET_B : -14.398140
[setup in-reg] rst_ni -> _15015_/RESET_B : -14.398140
[setup in-reg] rst_ni -> _15016_/RESET_B : -14.398140
[setup in-reg] rst_ni -> _15017_/RESET_B : -14.398140
[setup in-reg] rst_ni -> _15018_/RESET_B : -14.398140
[setup in-reg] rst_ni -> _15019_/RESET_B : -14.398140
[setup in-reg] rst_ni -> _15020_/RESET_B : -14.398140
[setup in-reg] rst_ni -> _15021_/RESET_B : -14.398140
[setup in-reg] rst_ni -> _15022_/RESET_B : -14.398140
[setup in-reg] rst_ni -> _15023_/RESET_B : -14.398140
[setup in-reg] rst_ni -> _15024_/RESET_B : -14.398140
[setup in-reg] rst_ni -> _15025_/RESET_B : -14.398140
[setup in-reg] rst_ni -> _15026_/RESET_B : -14.398140
[setup in-reg] rst_ni -> _15027_/RESET_B : -14.398140
[setup in-reg] rst_ni -> _15028_/RESET_B : -14.398140
[setup in-reg] rst_ni -> _15029_/RESET_B : -14.398140
[setup in-reg] rst_ni -> _15030_/RESET_B : -14.398140
[setup in-reg] rst_ni -> _15031_/RESET_B : -14.398140
[setup in-reg] rst_ni -> _15032_/RESET_B : -14.398140
[setup in-reg] rst_ni -> _15033_/RESET_B : -14.398140
[setup in-reg] rst_ni -> _15034_/RESET_B : -14.398140
[setup in-reg] rst_ni -> _15035_/RESET_B : -14.398140
[setup in-reg] rst_ni -> _15036_/RESET_B : -14.398140
[setup in-reg] rst_ni -> _15037_/RESET_B : -14.398140
[setup in-reg] rst_ni -> _15038_/RESET_B : -14.398140
[setup in-reg] rst_ni -> _15039_/RESET_B : -14.398140
[setup in-reg] rst_ni -> _15040_/RESET_B : -14.398140
[setup in-reg] rst_ni -> _15041_/RESET_B : -14.398140
[setup in-reg] rst_ni -> _15042_/RESET_B : -14.398140
[setup in-reg] rst_ni -> _15043_/RESET_B : -14.398140
[setup in-reg] rst_ni -> _15044_/RESET_B : -14.398140
[setup in-reg] rst_ni -> _15045_/RESET_B : -14.398140
[setup in-reg] rst_ni -> _15046_/RESET_B : -14.398140
[setup in-reg] rst_ni -> _15047_/RESET_B : -14.398140
[setup in-reg] rst_ni -> _15048_/RESET_B : -14.398140
[setup in-reg] rst_ni -> _15049_/RESET_B : -14.398140
[setup in-reg] rst_ni -> _15050_/RESET_B : -14.398140
[setup in-reg] rst_ni -> _15051_/RESET_B : -14.398140
[setup in-reg] rst_ni -> _15052_/RESET_B : -14.398140
[setup in-reg] rst_ni -> _15053_/RESET_B : -14.398140
[setup in-reg] rst_ni -> _15054_/RESET_B : -14.398140
[setup in-reg] rst_ni -> _15055_/RESET_B : -14.398140
[setup in-reg] rst_ni -> _15056_/RESET_B : -14.398140
[setup in-reg] rst_ni -> _15057_/RESET_B : -14.398140
[setup in-reg] rst_ni -> _15058_/RESET_B : -14.398140
[setup in-reg] rst_ni -> _15059_/RESET_B : -14.398140
[setup in-reg] rst_ni -> _15060_/RESET_B : -14.398140
[setup in-reg] rst_ni -> _15061_/RESET_B : -14.398140
[setup in-reg] rst_ni -> _15062_/RESET_B : -14.398140
[setup in-reg] rst_ni -> _15063_/RESET_B : -14.398140
[setup in-reg] rst_ni -> _15064_/RESET_B : -14.398140
[setup in-reg] rst_ni -> _15065_/RESET_B : -14.398140
[setup in-reg] rst_ni -> _15066_/RESET_B : -14.398140
[setup in-reg] rst_ni -> _15067_/RESET_B : -14.398140
[setup in-reg] rst_ni -> _15068_/RESET_B : -14.398140
[setup in-reg] rst_ni -> _15069_/RESET_B : -14.398140
[setup in-reg] rst_ni -> _15070_/RESET_B : -14.398140
[setup in-reg] rst_ni -> _15071_/RESET_B : -14.398140
[setup in-reg] rst_ni -> _15072_/RESET_B : -14.398140
[setup in-reg] rst_ni -> _15073_/RESET_B : -14.398140
[setup in-reg] rst_ni -> _15074_/RESET_B : -14.398140
[setup in-reg] rst_ni -> _15075_/RESET_B : -14.398140
[setup in-reg] rst_ni -> _15076_/RESET_B : -14.398140
[setup in-reg] rst_ni -> _15077_/RESET_B : -14.398140
[setup in-reg] rst_ni -> _15078_/RESET_B : -14.398140
[setup in-reg] rst_ni -> _15079_/RESET_B : -14.398140
[setup in-reg] rst_ni -> _15080_/RESET_B : -14.398140
[setup in-reg] rst_ni -> _15081_/RESET_B : -14.398140
[setup in-reg] rst_ni -> _15082_/RESET_B : -14.398140
[setup in-reg] rst_ni -> _15083_/RESET_B : -14.398140
[setup in-reg] rst_ni -> _15084_/RESET_B : -14.398140
[setup in-reg] rst_ni -> _15085_/RESET_B : -14.398140
[setup in-reg] rst_ni -> _15086_/RESET_B : -14.398140
[setup in-reg] rst_ni -> _15087_/RESET_B : -14.398140
[setup in-reg] rst_ni -> _15088_/RESET_B : -14.398140
[setup in-reg] rst_ni -> _15089_/RESET_B : -14.398140
[setup in-reg] rst_ni -> _15090_/RESET_B : -14.398140
[setup in-reg] rst_ni -> _15091_/RESET_B : -14.398140
[setup in-reg] rst_ni -> _15092_/RESET_B : -14.398140
[setup in-reg] rst_ni -> _15093_/RESET_B : -14.398140
[setup in-reg] rst_ni -> _15094_/RESET_B : -14.398140
[setup in-reg] rst_ni -> _15095_/RESET_B : -14.398140
[setup in-reg] rst_ni -> _15096_/RESET_B : -14.398140
[setup in-reg] rst_ni -> _15097_/RESET_B : -14.398140
[setup in-reg] rst_ni -> _15098_/RESET_B : -14.398140
[setup in-reg] rst_ni -> _15099_/RESET_B : -14.398140
[setup in-reg] rst_ni -> _15100_/RESET_B : -14.398140
[setup in-reg] rst_ni -> _15101_/RESET_B : -14.398140
[setup in-reg] rst_ni -> _15102_/RESET_B : -14.398140
[setup in-reg] rst_ni -> _15103_/RESET_B : -14.398140
[setup in-reg] rst_ni -> _15104_/RESET_B : -14.398140
[setup in-reg] rst_ni -> _15105_/RESET_B : -14.398140
[setup in-reg] rst_ni -> _15106_/RESET_B : -14.398140
[setup in-reg] rst_ni -> _15107_/RESET_B : -14.398140
[setup in-reg] rst_ni -> _15108_/RESET_B : -14.398140
[setup in-reg] rst_ni -> _15109_/RESET_B : -14.398140
[setup in-reg] rst_ni -> _15110_/RESET_B : -14.398140
[setup in-reg] rst_ni -> _15111_/RESET_B : -14.398140
[setup in-reg] rst_ni -> _15112_/RESET_B : -14.398140
[setup in-reg] rst_ni -> _15113_/RESET_B : -14.398140
[setup in-reg] rst_ni -> _15114_/RESET_B : -14.398140
[setup in-reg] rst_ni -> _15115_/RESET_B : -14.398140
[setup in-reg] rst_ni -> _15116_/RESET_B : -14.398140
[setup in-reg] rst_ni -> _15117_/RESET_B : -14.398140
[setup in-reg] rst_ni -> _15118_/RESET_B : -14.398140
[setup in-reg] rst_ni -> _15119_/RESET_B : -14.398140
[setup in-reg] rst_ni -> _15120_/RESET_B : -14.398140
[setup in-reg] rst_ni -> _15121_/RESET_B : -14.398140
[setup in-reg] rst_ni -> _15122_/RESET_B : -14.398140
[setup in-reg] rst_ni -> _15123_/RESET_B : -14.398140
[setup in-reg] rst_ni -> _15124_/RESET_B : -14.398140
[setup in-reg] rst_ni -> _15125_/RESET_B : -14.398140
[setup in-reg] rst_ni -> _15126_/RESET_B : -14.398140
[setup in-reg] rst_ni -> _15127_/RESET_B : -14.398140
[setup in-reg] rst_ni -> _15128_/RESET_B : -14.398140
[setup in-reg] rst_ni -> _15129_/RESET_B : -14.398140
[setup in-reg] rst_ni -> _15130_/RESET_B : -14.398140
[setup in-reg] rst_ni -> _15131_/RESET_B : -14.398140
[setup in-reg] rst_ni -> _15132_/RESET_B : -14.398140
[setup in-reg] rst_ni -> _15133_/RESET_B : -14.398140
[setup in-reg] rst_ni -> _15134_/RESET_B : -14.398140
[setup in-reg] rst_ni -> _15135_/RESET_B : -14.398140
[setup in-reg] rst_ni -> _15136_/RESET_B : -14.398140
[setup in-reg] rst_ni -> _15137_/RESET_B : -14.398140
[setup in-reg] rst_ni -> _15138_/RESET_B : -14.398140
[setup in-reg] rst_ni -> _15139_/RESET_B : -14.398140
[setup in-reg] rst_ni -> _15140_/RESET_B : -14.398140
[setup in-reg] rst_ni -> _15141_/RESET_B : -14.398140
[setup in-reg] rst_ni -> _15142_/RESET_B : -14.398140
[setup in-reg] rst_ni -> _15143_/RESET_B : -14.398140
[setup in-reg] rst_ni -> _15144_/RESET_B : -14.398140
[setup in-reg] rst_ni -> _15145_/RESET_B : -14.398140
[setup in-reg] rst_ni -> _15146_/RESET_B : -14.398140
[setup in-reg] rst_ni -> _15147_/RESET_B : -14.398140
[setup in-reg] rst_ni -> _15148_/RESET_B : -14.398140
[setup in-reg] rst_ni -> _15149_/RESET_B : -14.398140
[setup in-reg] rst_ni -> _15150_/RESET_B : -14.398140
[setup in-reg] rst_ni -> _15151_/RESET_B : -14.398140
[setup in-reg] rst_ni -> _15152_/RESET_B : -14.398140
[setup in-reg] rst_ni -> _15153_/RESET_B : -14.398140
[setup in-reg] rst_ni -> _15154_/RESET_B : -14.398140
[setup in-reg] rst_ni -> _15155_/RESET_B : -14.398140
[setup in-reg] rst_ni -> _15156_/RESET_B : -14.398140
[setup in-reg] rst_ni -> _15157_/RESET_B : -14.398140
[setup in-reg] rst_ni -> _15158_/RESET_B : -14.398140
[setup in-reg] rst_ni -> _15159_/RESET_B : -14.398140
[setup in-reg] rst_ni -> _15160_/RESET_B : -14.398140
[setup in-reg] rst_ni -> _15161_/RESET_B : -14.398140
[setup in-reg] rst_ni -> _15162_/RESET_B : -14.398140
[setup in-reg] rst_ni -> _15163_/RESET_B : -14.398140
[setup in-reg] rst_ni -> _15164_/RESET_B : -14.398140
[setup in-reg] rst_ni -> _15165_/RESET_B : -14.398140
[setup in-reg] rst_ni -> _15166_/RESET_B : -14.398140
[setup in-reg] rst_ni -> _15167_/RESET_B : -14.398140
[setup in-reg] rst_ni -> _15168_/RESET_B : -14.398140
[setup in-reg] rst_ni -> _15169_/RESET_B : -14.398140
[setup in-reg] rst_ni -> _15170_/RESET_B : -14.398140
[setup in-reg] rst_ni -> _15171_/RESET_B : -14.398140
[setup in-reg] rst_ni -> _15172_/RESET_B : -14.398140
[setup in-reg] rst_ni -> _15173_/RESET_B : -14.398140
[setup in-reg] rst_ni -> _15174_/RESET_B : -14.398140
[setup in-reg] rst_ni -> _15175_/RESET_B : -14.398140
[setup in-reg] rst_ni -> _15176_/RESET_B : -14.398140
[setup in-reg] rst_ni -> _15177_/RESET_B : -14.398140
[setup in-reg] rst_ni -> _15178_/RESET_B : -14.398140
[setup in-reg] rst_ni -> _15179_/RESET_B : -14.398140
[setup in-reg] rst_ni -> _15180_/RESET_B : -14.398140
[setup in-reg] rst_ni -> _15181_/RESET_B : -14.398140
[setup in-reg] rst_ni -> _15182_/RESET_B : -14.398140
[setup in-reg] rst_ni -> _15183_/RESET_B : -14.398140
[setup in-reg] rst_ni -> _15184_/RESET_B : -14.398140
[setup in-reg] rst_ni -> _15185_/RESET_B : -14.398140
[setup in-reg] rst_ni -> _15186_/RESET_B : -14.398140
[setup in-reg] rst_ni -> _15187_/RESET_B : -14.398140
[setup in-reg] rst_ni -> _15188_/RESET_B : -14.398140
[setup in-reg] rst_ni -> _15189_/RESET_B : -14.398140
[setup in-reg] rst_ni -> _15190_/RESET_B : -14.398140
[setup in-reg] rst_ni -> _15191_/RESET_B : -14.398140
[setup in-reg] rst_ni -> _15192_/RESET_B : -14.398140
[setup in-reg] rst_ni -> _15193_/RESET_B : -14.398140
[setup in-reg] rst_ni -> _15194_/RESET_B : -14.398140
[setup in-reg] rst_ni -> _15195_/RESET_B : -14.398140
[setup in-reg] rst_ni -> _15196_/RESET_B : -14.398140
[setup in-reg] rst_ni -> _15197_/RESET_B : -14.398140
[setup in-reg] rst_ni -> _15198_/RESET_B : -14.398140
[setup in-reg] rst_ni -> _15199_/RESET_B : -14.398140
[setup in-reg] rst_ni -> _15200_/RESET_B : -14.398140
[setup in-reg] rst_ni -> _15201_/RESET_B : -14.398140
[setup in-reg] rst_ni -> _15202_/RESET_B : -14.398140
[setup in-reg] rst_ni -> _15203_/RESET_B : -14.398140
[setup in-reg] rst_ni -> _15204_/RESET_B : -14.398140
[setup in-reg] rst_ni -> _15205_/RESET_B : -14.398140
[setup in-reg] rst_ni -> _15206_/RESET_B : -14.398140
[setup in-reg] rst_ni -> _15207_/RESET_B : -14.398140
[setup in-reg] rst_ni -> _15208_/RESET_B : -14.398140
[setup in-reg] rst_ni -> _15209_/RESET_B : -14.398140
[setup in-reg] rst_ni -> _15210_/RESET_B : -14.398140
[setup in-reg] rst_ni -> _15211_/RESET_B : -14.398140
[setup in-reg] rst_ni -> _15212_/RESET_B : -14.398140
[setup in-reg] rst_ni -> _15213_/RESET_B : -14.398140
[setup in-reg] rst_ni -> _15214_/RESET_B : -14.398140
[setup in-reg] rst_ni -> _15215_/RESET_B : -14.398140
[setup in-reg] rst_ni -> _15216_/RESET_B : -14.398140
[setup in-reg] rst_ni -> _15217_/RESET_B : -14.398140
[setup in-reg] rst_ni -> _15218_/RESET_B : -14.398140
[setup in-reg] rst_ni -> _15219_/RESET_B : -14.398140
[setup in-reg] rst_ni -> _15220_/RESET_B : -14.398140
[setup in-reg] rst_ni -> _15221_/RESET_B : -14.398140
[setup in-reg] rst_ni -> _15222_/RESET_B : -14.398140
[setup in-reg] rst_ni -> _15223_/RESET_B : -14.398140
[setup in-reg] rst_ni -> _15224_/RESET_B : -14.398140
[setup in-reg] rst_ni -> _15225_/RESET_B : -14.398140
[setup in-reg] rst_ni -> _15226_/RESET_B : -14.398140
[setup in-reg] rst_ni -> _15227_/RESET_B : -14.398140
[setup in-reg] rst_ni -> _15228_/RESET_B : -14.398140
[setup in-reg] rst_ni -> _15229_/RESET_B : -14.398140
[setup in-reg] rst_ni -> _15230_/RESET_B : -14.398140
[setup in-reg] rst_ni -> _15231_/RESET_B : -14.398140
[setup in-reg] rst_ni -> _15232_/RESET_B : -14.398140
[setup in-reg] rst_ni -> _15233_/RESET_B : -14.398140
[setup in-reg] rst_ni -> _15234_/RESET_B : -14.398140
[setup in-reg] rst_ni -> _15235_/RESET_B : -14.398140
[setup in-reg] rst_ni -> _15236_/RESET_B : -14.398140
[setup in-reg] rst_ni -> _15237_/RESET_B : -14.398140
[setup in-reg] rst_ni -> _15238_/RESET_B : -14.398140
[setup in-reg] rst_ni -> _15239_/RESET_B : -14.398140
[setup in-reg] rst_ni -> _15240_/RESET_B : -14.398140
[setup in-reg] rst_ni -> _15241_/RESET_B : -14.398140
[setup in-reg] rst_ni -> _15242_/RESET_B : -14.398140
[setup in-reg] rst_ni -> _15243_/RESET_B : -14.398140
[setup in-reg] rst_ni -> _15244_/RESET_B : -14.398140
[setup in-reg] rst_ni -> _15245_/RESET_B : -14.398140
[setup in-reg] rst_ni -> _15246_/RESET_B : -14.398140
[setup in-reg] rst_ni -> _15247_/RESET_B : -14.398140
[setup in-reg] rst_ni -> _15248_/RESET_B : -14.398140
[setup in-reg] rst_ni -> _15249_/RESET_B : -14.398140
[setup in-reg] rst_ni -> _15250_/RESET_B : -14.398140
[setup in-reg] rst_ni -> _15251_/RESET_B : -14.398140
[setup in-reg] rst_ni -> _15252_/RESET_B : -14.398140
[setup in-reg] rst_ni -> _15253_/RESET_B : -14.398140
[setup in-reg] rst_ni -> _15254_/RESET_B : -14.398140
[setup in-reg] rst_ni -> _15255_/RESET_B : -14.398140
[setup in-reg] rst_ni -> _15256_/RESET_B : -14.398140
[setup in-reg] rst_ni -> _15257_/RESET_B : -14.398140
[setup in-reg] rst_ni -> _15258_/RESET_B : -14.398140
[setup in-reg] rst_ni -> _15259_/RESET_B : -14.398140
[setup in-reg] rst_ni -> _15260_/RESET_B : -14.398140
[setup in-reg] rst_ni -> _15261_/RESET_B : -14.398140
[setup in-reg] rst_ni -> _15262_/RESET_B : -14.398140
[setup in-reg] rst_ni -> _15263_/RESET_B : -14.398140
[setup in-reg] rst_ni -> _15264_/RESET_B : -14.398140
[setup in-reg] rst_ni -> _15265_/RESET_B : -14.398140
[setup in-reg] rst_ni -> _15266_/RESET_B : -14.398140
[setup in-reg] rst_ni -> _15267_/RESET_B : -14.398140
[setup in-reg] rst_ni -> _15268_/RESET_B : -14.398140
[setup in-reg] rst_ni -> _15269_/RESET_B : -14.398140
[setup in-reg] rst_ni -> _15270_/RESET_B : -14.398140
[setup in-reg] rst_ni -> _15271_/RESET_B : -14.398140
[setup in-reg] rst_ni -> _15272_/RESET_B : -14.398140
[setup in-reg] rst_ni -> _15273_/RESET_B : -14.398140
[setup in-reg] rst_ni -> _15274_/RESET_B : -14.398140
[setup in-reg] rst_ni -> _15275_/RESET_B : -14.398140
[setup in-reg] rst_ni -> _15276_/RESET_B : -14.398140
[setup in-reg] rst_ni -> _15277_/RESET_B : -14.398140
[setup in-reg] rst_ni -> _15278_/RESET_B : -14.398140
[setup in-reg] rst_ni -> _15279_/RESET_B : -14.398140
[setup in-reg] rst_ni -> _15280_/RESET_B : -14.398140
[setup in-reg] rst_ni -> _15281_/RESET_B : -14.398140
[setup in-reg] rst_ni -> _15282_/RESET_B : -14.398140
[setup in-reg] rst_ni -> _15283_/RESET_B : -14.398140
[setup in-reg] rst_ni -> _15284_/RESET_B : -14.398140
[setup in-reg] rst_ni -> _15285_/RESET_B : -14.398140
[setup in-reg] rst_ni -> _15286_/RESET_B : -14.398140
[setup in-reg] rst_ni -> _15287_/RESET_B : -14.398140
[setup in-reg] rst_ni -> _15288_/RESET_B : -14.398140
[setup in-reg] rst_ni -> _15289_/RESET_B : -14.398140
[setup in-reg] rst_ni -> _15290_/RESET_B : -14.398140
[setup in-reg] rst_ni -> _15291_/RESET_B : -14.398140
[setup in-reg] rst_ni -> _15292_/RESET_B : -14.398140
[setup in-reg] rst_ni -> _15293_/RESET_B : -14.398140
[setup in-reg] rst_ni -> _15294_/RESET_B : -14.398140
[setup in-reg] rst_ni -> _15295_/RESET_B : -14.398140
[setup in-reg] rst_ni -> _15296_/RESET_B : -14.398140
[setup in-reg] rst_ni -> _15297_/RESET_B : -14.398140
[setup in-reg] rst_ni -> _15298_/RESET_B : -14.398140
[setup in-reg] rst_ni -> _15299_/RESET_B : -14.398140
[setup in-reg] rst_ni -> _15300_/RESET_B : -14.398140
[setup in-reg] rst_ni -> _15301_/RESET_B : -14.398140
[setup in-reg] rst_ni -> _15302_/RESET_B : -14.398140
[setup in-reg] rst_ni -> _15303_/RESET_B : -14.398140
[setup in-reg] rst_ni -> _15304_/RESET_B : -14.398140
[setup in-reg] rst_ni -> _15305_/RESET_B : -14.398140
[setup in-reg] rst_ni -> _15306_/RESET_B : -14.398140
[setup in-reg] rst_ni -> _15307_/RESET_B : -14.398140
[setup in-reg] rst_ni -> _15308_/RESET_B : -14.398140
[setup in-reg] rst_ni -> _15309_/RESET_B : -14.398140
[setup in-reg] rst_ni -> _15310_/RESET_B : -14.398140
[setup in-reg] rst_ni -> _15311_/RESET_B : -14.398140
[setup in-reg] rst_ni -> _15312_/RESET_B : -14.398140
[setup in-reg] rst_ni -> _15313_/RESET_B : -14.398140
[setup in-reg] rst_ni -> _15314_/RESET_B : -14.398140
[setup in-reg] rst_ni -> _15315_/RESET_B : -14.398140
[setup in-reg] rst_ni -> _15316_/RESET_B : -14.398140
[setup in-reg] rst_ni -> _15317_/RESET_B : -14.398140
[setup in-reg] rst_ni -> _15318_/RESET_B : -14.398140
[setup in-reg] rst_ni -> _15319_/RESET_B : -14.398140
[setup in-reg] rst_ni -> _15320_/RESET_B : -14.398140
[setup in-reg] rst_ni -> _15321_/RESET_B : -14.398140
[setup in-reg] rst_ni -> _15322_/RESET_B : -14.398140
[setup in-reg] rst_ni -> _15323_/RESET_B : -14.398140
[setup in-reg] rst_ni -> _15324_/RESET_B : -14.398140
[setup in-reg] rst_ni -> _15325_/RESET_B : -14.398140
[setup in-reg] rst_ni -> _15326_/RESET_B : -14.398140
[setup in-reg] rst_ni -> _15327_/RESET_B : -14.398140
[setup in-reg] rst_ni -> _15328_/RESET_B : -14.398140
[setup in-reg] rst_ni -> _15329_/RESET_B : -14.398140
[setup in-reg] rst_ni -> _15330_/RESET_B : -14.398140
[setup in-reg] rst_ni -> _15331_/RESET_B : -14.398140
[setup in-reg] rst_ni -> _15332_/RESET_B : -14.398140
[setup in-reg] rst_ni -> _15333_/RESET_B : -14.398140
[setup in-reg] rst_ni -> _15334_/RESET_B : -14.398140
[setup in-reg] rst_ni -> _15335_/RESET_B : -14.398140
[setup in-reg] rst_ni -> _15336_/RESET_B : -14.398140
[setup in-reg] rst_ni -> _15337_/RESET_B : -14.398140
[setup in-reg] rst_ni -> _15338_/RESET_B : -14.398140
[setup in-reg] rst_ni -> _15339_/RESET_B : -14.398140
[setup in-reg] rst_ni -> _15340_/RESET_B : -14.398140
[setup in-reg] rst_ni -> _15341_/RESET_B : -14.398140
[setup in-reg] rst_ni -> _15342_/RESET_B : -14.398140
[setup in-reg] rst_ni -> _15343_/RESET_B : -14.398140
[setup in-reg] rst_ni -> _15344_/RESET_B : -14.398140
[setup in-reg] rst_ni -> _15345_/RESET_B : -14.398140
[setup in-reg] rst_ni -> _15346_/RESET_B : -14.398140
[setup in-reg] rst_ni -> _15347_/RESET_B : -14.398140
[setup in-reg] rst_ni -> _15348_/RESET_B : -14.398140
[setup in-reg] rst_ni -> _15349_/RESET_B : -14.398140
[setup in-reg] rst_ni -> _15350_/RESET_B : -14.398140
[setup in-reg] rst_ni -> _15351_/RESET_B : -14.398140
[setup in-reg] rst_ni -> _15352_/RESET_B : -14.398140
[setup in-reg] rst_ni -> _15353_/RESET_B : -14.398140
[setup in-reg] rst_ni -> _15354_/RESET_B : -14.398140
[setup in-reg] rst_ni -> _15355_/RESET_B : -14.398140
[setup in-reg] rst_ni -> _15356_/RESET_B : -14.398140
[setup in-reg] rst_ni -> _15357_/RESET_B : -14.398140
[setup in-reg] rst_ni -> _15358_/RESET_B : -14.398140
[setup in-reg] rst_ni -> _15359_/RESET_B : -14.398140
[setup in-reg] rst_ni -> _15360_/RESET_B : -14.398140
[setup in-reg] rst_ni -> _15361_/RESET_B : -14.398140
[setup in-reg] rst_ni -> _15362_/RESET_B : -14.398140
[setup in-reg] rst_ni -> _15363_/RESET_B : -14.398140
[setup in-reg] rst_ni -> _15364_/RESET_B : -14.398140
[setup in-reg] rst_ni -> _15365_/RESET_B : -14.398140
[setup in-reg] rst_ni -> _15366_/RESET_B : -14.398140
[setup in-reg] rst_ni -> _15367_/RESET_B : -14.398140
[setup in-reg] rst_ni -> _15368_/RESET_B : -14.398140
[setup in-reg] rst_ni -> _15369_/RESET_B : -14.398140
[setup in-reg] rst_ni -> _15370_/RESET_B : -14.398140
[setup in-reg] rst_ni -> _15371_/RESET_B : -14.398140
[setup in-reg] rst_ni -> _15372_/RESET_B : -14.398140
[setup in-reg] rst_ni -> _15373_/RESET_B : -14.398140
[setup in-reg] rst_ni -> _15374_/RESET_B : -14.398140
[setup in-reg] rst_ni -> _15375_/RESET_B : -14.398140
[setup in-reg] rst_ni -> _15376_/RESET_B : -14.398140
[setup in-reg] rst_ni -> _15377_/RESET_B : -14.398140
[setup in-reg] rst_ni -> _15378_/RESET_B : -14.398140
[setup in-reg] rst_ni -> _15379_/RESET_B : -14.398140
[setup in-reg] rst_ni -> _15380_/RESET_B : -14.398140
[setup in-reg] rst_ni -> _15381_/RESET_B : -14.398140
[setup in-reg] rst_ni -> _15382_/RESET_B : -14.398140
[setup in-reg] rst_ni -> _15383_/RESET_B : -14.398140
[setup in-reg] rst_ni -> _15384_/RESET_B : -14.398140
[setup in-reg] rst_ni -> _15385_/RESET_B : -14.398140
[setup in-reg] rst_ni -> _15386_/RESET_B : -14.398140
[setup in-reg] rst_ni -> _15387_/RESET_B : -14.398140
[setup in-reg] rst_ni -> _15388_/RESET_B : -14.398140
[setup in-reg] rst_ni -> _15389_/RESET_B : -14.398140
[setup in-reg] rst_ni -> _15390_/RESET_B : -14.398140
[setup in-reg] rst_ni -> _15391_/RESET_B : -14.398140
[setup in-reg] rst_ni -> _15392_/RESET_B : -14.398140
[setup in-reg] rst_ni -> _15393_/RESET_B : -14.398140
[setup in-reg] rst_ni -> _15394_/RESET_B : -14.398140
[setup in-reg] rst_ni -> _15395_/RESET_B : -14.398140
[setup in-reg] rst_ni -> _15396_/RESET_B : -14.398140
[setup in-reg] rst_ni -> _15397_/RESET_B : -14.398140
[setup in-reg] rst_ni -> _15398_/RESET_B : -14.398140
[setup in-reg] rst_ni -> _15399_/RESET_B : -14.398140
[setup in-reg] rst_ni -> _15400_/RESET_B : -14.398140
[setup in-reg] rst_ni -> _15401_/RESET_B : -14.398140
[setup in-reg] rst_ni -> _15402_/RESET_B : -14.398140
[setup in-reg] rst_ni -> _15403_/RESET_B : -14.398140
[setup in-reg] rst_ni -> _15404_/RESET_B : -14.398140
[setup in-reg] rst_ni -> _15405_/RESET_B : -14.398140
[setup in-reg] rst_ni -> _15406_/RESET_B : -14.398140
[setup in-reg] rst_ni -> _15407_/RESET_B : -14.398140
[setup in-reg] rst_ni -> _15408_/RESET_B : -14.398140
[setup in-reg] rst_ni -> _15409_/RESET_B : -14.398140
[setup in-reg] rst_ni -> _15410_/RESET_B : -14.398140
[setup in-reg] rst_ni -> _15411_/RESET_B : -14.398140
[setup in-reg] rst_ni -> _15412_/RESET_B : -14.398140
[setup in-reg] rst_ni -> _15413_/RESET_B : -14.398140
[setup in-reg] rst_ni -> _15414_/RESET_B : -14.398140
[setup in-reg] rst_ni -> _15415_/RESET_B : -14.398140
[setup in-reg] rst_ni -> _15416_/RESET_B : -14.398140
[setup in-reg] rst_ni -> _15417_/RESET_B : -14.398140
[setup in-reg] rst_ni -> _15418_/RESET_B : -14.398140
[setup in-reg] rst_ni -> _15419_/RESET_B : -14.398140
[setup in-reg] rst_ni -> _15420_/RESET_B : -14.398140
[setup in-reg] rst_ni -> _15421_/RESET_B : -14.398140
[setup in-reg] rst_ni -> _15422_/RESET_B : -14.398140
[setup in-reg] rst_ni -> _15423_/RESET_B : -14.398140
[setup in-reg] rst_ni -> _15424_/RESET_B : -14.398140
[setup in-reg] rst_ni -> _15425_/RESET_B : -14.398140
[setup in-reg] rst_ni -> _15426_/RESET_B : -14.398140
[setup in-reg] rst_ni -> _15427_/RESET_B : -14.398140
[setup in-reg] rst_ni -> _15428_/RESET_B : -14.398140
[setup in-reg] rst_ni -> _15429_/RESET_B : -14.398140
[setup in-reg] rst_ni -> _15430_/RESET_B : -14.398140
[setup in-reg] rst_ni -> _15431_/RESET_B : -14.398140
[setup in-reg] rst_ni -> _15432_/RESET_B : -14.398140
[setup in-reg] rst_ni -> _15433_/RESET_B : -14.398140
[setup in-reg] rst_ni -> _15434_/RESET_B : -14.398140
[setup in-reg] rst_ni -> _15435_/RESET_B : -14.398140
[setup in-reg] rst_ni -> _15436_/RESET_B : -14.398140
[setup in-reg] rst_ni -> _15437_/RESET_B : -14.398140
[setup in-reg] rst_ni -> _15438_/RESET_B : -14.398140
[setup in-reg] rst_ni -> _15439_/RESET_B : -14.398140
[setup in-reg] rst_ni -> _15440_/RESET_B : -14.398140
[setup in-reg] rst_ni -> _15441_/RESET_B : -14.398140
[setup in-reg] rst_ni -> _15442_/RESET_B : -14.398140
[setup in-reg] rst_ni -> _15443_/RESET_B : -14.398140
[setup in-reg] rst_ni -> _15444_/RESET_B : -14.398140
[setup in-reg] rst_ni -> _15445_/RESET_B : -14.398140
[setup in-reg] rst_ni -> _15446_/RESET_B : -14.398140
[setup in-reg] rst_ni -> _15447_/RESET_B : -14.398140
[setup in-reg] rst_ni -> _15448_/RESET_B : -14.398140
[setup in-reg] rst_ni -> _15449_/RESET_B : -14.398140
[setup in-reg] rst_ni -> _15450_/RESET_B : -14.398140
[setup in-reg] rst_ni -> _15451_/RESET_B : -14.398140
[setup in-reg] rst_ni -> _15452_/RESET_B : -14.398140
[setup in-reg] rst_ni -> _15453_/RESET_B : -14.398140
[setup in-reg] rst_ni -> _15454_/RESET_B : -14.398140
[setup in-reg] rst_ni -> _15455_/RESET_B : -14.398140
[setup in-reg] rst_ni -> _15456_/RESET_B : -14.398140
[setup in-reg] rst_ni -> _15457_/RESET_B : -14.398140
[setup in-reg] rst_ni -> _15458_/RESET_B : -14.398140
[setup in-reg] rst_ni -> _15459_/RESET_B : -14.398140
[setup in-reg] rst_ni -> _15460_/RESET_B : -14.398140
[setup in-reg] rst_ni -> _15461_/RESET_B : -14.398140
[setup in-reg] rst_ni -> _15462_/RESET_B : -14.398140
[setup in-reg] rst_ni -> _15463_/RESET_B : -14.398140
[setup in-reg] rst_ni -> _15464_/RESET_B : -14.398140
[setup in-reg] rst_ni -> _15465_/RESET_B : -14.398140
[setup in-reg] rst_ni -> _15466_/RESET_B : -14.398140
[setup in-reg] rst_ni -> _15467_/RESET_B : -14.398140
[setup in-reg] rst_ni -> _15468_/RESET_B : -14.398140
[setup in-reg] rst_ni -> _15469_/RESET_B : -14.398140
[setup in-reg] rst_ni -> _15470_/RESET_B : -14.398140
[setup in-reg] rst_ni -> _15471_/RESET_B : -14.398140
[setup in-reg] rst_ni -> _15472_/RESET_B : -14.398140
[setup in-reg] rst_ni -> _15473_/RESET_B : -14.398140
[setup in-reg] rst_ni -> _15474_/RESET_B : -14.398140
[setup in-reg] rst_ni -> _15475_/RESET_B : -14.398140
[setup in-reg] rst_ni -> _15476_/RESET_B : -14.398140
[setup in-reg] rst_ni -> _15477_/RESET_B : -14.398140
[setup in-reg] rst_ni -> _15478_/RESET_B : -14.398140
[setup in-reg] rst_ni -> _15479_/RESET_B : -14.398140
[setup in-reg] rst_ni -> _15480_/RESET_B : -14.398140
[setup in-reg] rst_ni -> _15481_/RESET_B : -14.398140
[setup in-reg] rst_ni -> _15482_/RESET_B : -14.398140
[setup in-reg] rst_ni -> _15483_/RESET_B : -14.398140
[setup in-reg] rst_ni -> _15484_/RESET_B : -14.398140
[setup in-reg] rst_ni -> _15485_/RESET_B : -14.398140
[setup in-reg] rst_ni -> _15486_/RESET_B : -14.398140
[setup in-reg] rst_ni -> _15487_/RESET_B : -14.398140
[setup in-reg] rst_ni -> _15488_/RESET_B : -14.398140
[setup in-reg] rst_ni -> _15489_/RESET_B : -14.398140
[setup in-reg] rst_ni -> _15490_/RESET_B : -14.398140
[setup in-reg] rst_ni -> _15491_/RESET_B : -14.398140
[setup in-reg] rst_ni -> _15492_/RESET_B : -14.398140
[setup in-reg] rst_ni -> _15493_/RESET_B : -14.398140
[setup in-reg] rst_ni -> _15494_/RESET_B : -14.398140
[setup in-reg] rst_ni -> _15495_/RESET_B : -14.398140
[setup in-reg] rst_ni -> _15496_/RESET_B : -14.398140
[setup in-reg] rst_ni -> _15497_/RESET_B : -14.398140
[setup in-reg] rst_ni -> _15498_/RESET_B : -14.398140
[setup in-reg] rst_ni -> _15499_/RESET_B : -14.398140
[setup in-reg] rst_ni -> _15500_/RESET_B : -14.398140
[setup in-reg] rst_ni -> _15501_/RESET_B : -14.398140
[setup in-reg] rst_ni -> _15502_/RESET_B : -14.398140
[setup in-reg] rst_ni -> _15503_/RESET_B : -14.398140
[setup in-reg] rst_ni -> _15504_/RESET_B : -14.398140
[setup in-reg] rst_ni -> _15505_/RESET_B : -14.398140
[setup in-reg] rst_ni -> _15506_/RESET_B : -14.398140
[setup in-reg] rst_ni -> _15507_/RESET_B : -14.398140
[setup in-reg] rst_ni -> _15508_/RESET_B : -14.398140
[setup in-reg] rst_ni -> _15509_/RESET_B : -14.398140
[setup in-reg] rst_ni -> _15510_/RESET_B : -14.398140
[setup in-reg] rst_ni -> _15511_/RESET_B : -14.398140
[setup in-reg] rst_ni -> _15512_/RESET_B : -14.398140
[setup in-reg] rst_ni -> _15513_/RESET_B : -14.398140
[setup in-reg] rst_ni -> _15514_/RESET_B : -14.398140
[setup in-reg] rst_ni -> _15515_/RESET_B : -14.398140
[setup in-reg] rst_ni -> _15516_/RESET_B : -14.398140
[setup in-reg] rst_ni -> _15517_/RESET_B : -14.398140
[setup in-reg] rst_ni -> _15518_/RESET_B : -14.398140
[setup in-reg] rst_ni -> _15519_/RESET_B : -14.398140
[setup in-reg] rst_ni -> _15520_/RESET_B : -14.398140
[setup in-reg] rst_ni -> _15521_/RESET_B : -14.398140
[setup in-reg] rst_ni -> _15522_/RESET_B : -14.398140
[setup in-reg] rst_ni -> _15523_/RESET_B : -14.398140
[setup in-reg] rst_ni -> _15524_/RESET_B : -14.398140
[setup in-reg] rst_ni -> _15525_/RESET_B : -14.398140
[setup in-reg] rst_ni -> _15526_/RESET_B : -14.398140
[setup in-reg] rst_ni -> _15527_/RESET_B : -14.398140
[setup in-reg] rst_ni -> _15528_/RESET_B : -14.398140
[setup in-reg] rst_ni -> _15529_/RESET_B : -14.398140
[setup in-reg] rst_ni -> _15530_/RESET_B : -14.398140
[setup in-reg] rst_ni -> _15531_/RESET_B : -14.398140
[setup in-reg] rst_ni -> _15532_/RESET_B : -14.398140
[setup in-reg] rst_ni -> _15533_/RESET_B : -14.398140
[setup in-reg] rst_ni -> _15534_/RESET_B : -14.398140
[setup in-reg] rst_ni -> _15535_/RESET_B : -14.398140
[setup in-reg] rst_ni -> _15536_/RESET_B : -14.398140
[setup in-reg] rst_ni -> _15537_/RESET_B : -14.398140
[setup in-reg] rst_ni -> _15538_/RESET_B : -14.398140
[setup in-reg] rst_ni -> _15539_/RESET_B : -14.398140
[setup in-reg] rst_ni -> _15540_/RESET_B : -14.398140
[setup in-reg] rst_ni -> _15541_/RESET_B : -14.398140
[setup in-reg] rst_ni -> _15542_/RESET_B : -14.398140
[setup in-reg] rst_ni -> _15543_/RESET_B : -14.398140
[setup in-reg] rst_ni -> _15544_/RESET_B : -14.398140
[setup in-reg] rst_ni -> _15545_/RESET_B : -14.398140
[setup in-reg] rst_ni -> _15546_/RESET_B : -14.398140
[setup in-reg] rst_ni -> _15547_/RESET_B : -14.398140
[setup in-reg] rst_ni -> _15548_/RESET_B : -14.398140
[setup in-reg] rst_ni -> _15549_/RESET_B : -14.398140
[setup in-reg] rst_ni -> _15550_/RESET_B : -14.398140
[setup in-reg] rst_ni -> _15551_/RESET_B : -14.398140
[setup in-reg] rst_ni -> _15552_/RESET_B : -14.398140
[setup in-reg] rst_ni -> _15553_/RESET_B : -14.398140
[setup in-reg] rst_ni -> _15554_/RESET_B : -14.398140
[setup in-reg] rst_ni -> _15555_/RESET_B : -14.398140
[setup in-reg] rst_ni -> _15556_/RESET_B : -14.398140
[setup in-reg] rst_ni -> _15557_/RESET_B : -14.398140
[setup in-reg] rst_ni -> _15558_/RESET_B : -14.398140
[setup in-reg] rst_ni -> _15559_/RESET_B : -14.398140
[setup in-reg] rst_ni -> _15560_/RESET_B : -14.398140
[setup in-reg] rst_ni -> _15561_/RESET_B : -14.398140
[setup in-reg] rst_ni -> _15562_/RESET_B : -14.398140
[setup in-reg] rst_ni -> _15563_/RESET_B : -14.398140
[setup in-reg] rst_ni -> _15564_/RESET_B : -14.398140
[setup in-reg] rst_ni -> _15565_/RESET_B : -14.398140
[setup in-reg] rst_ni -> _15566_/RESET_B : -14.398140
[setup in-reg] rst_ni -> _15567_/RESET_B : -14.398140
[setup in-reg] rst_ni -> _15568_/RESET_B : -14.398140
[setup in-reg] rst_ni -> _15569_/RESET_B : -14.398140
[setup in-reg] rst_ni -> _15570_/RESET_B : -14.398140
[setup in-reg] rst_ni -> _15571_/RESET_B : -14.398140
[setup in-reg] rst_ni -> _15572_/RESET_B : -14.398140
[setup in-reg] rst_ni -> _15573_/RESET_B : -14.398140
[setup in-reg] rst_ni -> _15574_/RESET_B : -14.398140
[setup in-reg] rst_ni -> _15575_/RESET_B : -14.398140
[setup in-reg] rst_ni -> _15576_/RESET_B : -14.398140
[setup in-reg] rst_ni -> _15577_/RESET_B : -14.398140
[setup in-reg] rst_ni -> _15578_/RESET_B : -14.398140
[setup in-reg] rst_ni -> _15579_/RESET_B : -14.398140
[setup in-reg] rst_ni -> _15580_/RESET_B : -14.398140
[setup in-reg] rst_ni -> _15581_/RESET_B : -14.398140
[setup in-reg] rst_ni -> _15582_/RESET_B : -14.398140
[setup in-reg] rst_ni -> _15583_/RESET_B : -14.398140
[setup in-reg] rst_ni -> _15584_/RESET_B : -14.398140
[setup in-reg] rst_ni -> _15585_/RESET_B : -14.398140
[setup in-reg] rst_ni -> _15586_/RESET_B : -14.398140
[setup in-reg] rst_ni -> _15587_/RESET_B : -14.398140
[setup in-reg] rst_ni -> _15588_/RESET_B : -14.398140
[setup in-reg] rst_ni -> _15589_/RESET_B : -14.398140
[setup in-reg] rst_ni -> _15590_/RESET_B : -14.398140
[setup in-reg] rst_ni -> _15591_/RESET_B : -14.398140
[setup in-reg] rst_ni -> _15592_/RESET_B : -14.398140
[setup in-reg] rst_ni -> _15593_/RESET_B : -14.398140
[setup in-reg] rst_ni -> _15594_/RESET_B : -14.398140
[setup in-reg] rst_ni -> _15595_/RESET_B : -14.398140
[setup in-reg] rst_ni -> _15596_/RESET_B : -14.398140
[setup in-reg] rst_ni -> _15597_/RESET_B : -14.398140
[setup in-reg] rst_ni -> _15598_/RESET_B : -14.398140
[setup in-reg] rst_ni -> _15599_/RESET_B : -14.398140
[setup in-reg] rst_ni -> _15600_/RESET_B : -14.398140
[setup in-reg] rst_ni -> _15601_/RESET_B : -14.398140
[setup in-reg] rst_ni -> _15602_/RESET_B : -14.398140
[setup in-reg] rst_ni -> _15603_/RESET_B : -14.398140
[setup in-reg] rst_ni -> _15604_/RESET_B : -14.398140
[setup in-reg] rst_ni -> _15605_/RESET_B : -14.398140
[setup in-reg] rst_ni -> _15606_/RESET_B : -14.398140
[setup in-reg] rst_ni -> _15607_/RESET_B : -14.398140
[setup in-reg] rst_ni -> _15608_/RESET_B : -14.398140
[setup in-reg] rst_ni -> _15609_/RESET_B : -14.398140
[setup in-reg] rst_ni -> _15610_/RESET_B : -14.398140
[setup in-reg] rst_ni -> _15611_/RESET_B : -14.398140
[setup in-reg] rst_ni -> _15612_/RESET_B : -14.398140
[setup in-reg] rst_ni -> _15613_/RESET_B : -14.398140
[setup in-reg] rst_ni -> _15614_/RESET_B : -14.398140
[setup in-reg] rst_ni -> _15615_/RESET_B : -14.398140
[setup in-reg] rst_ni -> _15616_/RESET_B : -14.398140
[setup in-reg] rst_ni -> _15617_/RESET_B : -14.398140
[setup in-reg] rst_ni -> _15618_/RESET_B : -14.398140
[setup in-reg] rst_ni -> _15619_/RESET_B : -14.398140
[setup in-reg] rst_ni -> _15620_/RESET_B : -14.398140
[setup in-reg] rst_ni -> _15621_/RESET_B : -14.398140
[setup in-reg] rst_ni -> _15622_/RESET_B : -14.398140
[setup in-reg] rst_ni -> _15623_/RESET_B : -14.398140
[setup in-reg] rst_ni -> _15624_/RESET_B : -14.398140
[setup in-reg] rst_ni -> _15625_/RESET_B : -14.398140
[setup in-reg] rst_ni -> _15626_/RESET_B : -14.398140
[setup in-reg] rst_ni -> _15627_/RESET_B : -14.398140
[setup in-reg] rst_ni -> _15628_/RESET_B : -14.398140
[setup in-reg] rst_ni -> _15629_/RESET_B : -14.398140
[setup in-reg] rst_ni -> _15630_/RESET_B : -14.398140
[setup in-reg] rst_ni -> _15631_/RESET_B : -14.398140
[setup in-reg] rst_ni -> _15632_/RESET_B : -14.398140
[setup in-reg] rst_ni -> _15633_/RESET_B : -14.398140
[setup in-reg] rst_ni -> _15634_/RESET_B : -14.398140
[setup in-reg] rst_ni -> _15635_/RESET_B : -14.398140
[setup in-reg] rst_ni -> _15636_/RESET_B : -14.398140
[setup in-reg] rst_ni -> _15637_/RESET_B : -14.398140
[setup in-reg] rst_ni -> _15638_/RESET_B : -14.398140
[setup in-reg] rst_ni -> _15639_/RESET_B : -14.398140
[setup in-reg] rst_ni -> _15640_/RESET_B : -14.398140
[setup in-reg] rst_ni -> _15641_/RESET_B : -14.398140
[setup in-reg] rst_ni -> _15642_/RESET_B : -14.398140
[setup in-reg] rst_ni -> _15643_/RESET_B : -14.398140
[setup in-reg] rst_ni -> _15644_/RESET_B : -14.398140
[setup in-reg] rst_ni -> _15645_/RESET_B : -14.398140
[setup in-reg] rst_ni -> _15646_/RESET_B : -14.398140
[setup in-reg] rst_ni -> _15647_/RESET_B : -14.398140
[setup in-reg] rst_ni -> _15648_/RESET_B : -14.398140
[setup in-reg] rst_ni -> _15649_/RESET_B : -14.398140
[setup in-reg] rst_ni -> _15650_/RESET_B : -14.398140
[setup in-reg] rst_ni -> _15651_/RESET_B : -14.398140
[setup in-reg] rst_ni -> _15652_/RESET_B : -14.398140
[setup in-reg] rst_ni -> _15653_/RESET_B : -14.398140
[setup in-reg] rst_ni -> _15654_/RESET_B : -14.398140
[setup in-reg] rst_ni -> _15655_/RESET_B : -14.398140
[setup in-reg] rst_ni -> _15656_/RESET_B : -14.398140
[setup in-reg] rst_ni -> _15657_/RESET_B : -14.398140
[setup in-reg] rst_ni -> _15658_/RESET_B : -14.398140
[setup in-reg] rst_ni -> _15659_/RESET_B : -14.398140
[setup in-reg] rst_ni -> _15660_/RESET_B : -14.398140
[setup in-reg] rst_ni -> _15661_/RESET_B : -14.398140
[setup in-reg] rst_ni -> _15662_/RESET_B : -14.398140
[setup in-reg] rst_ni -> _15663_/RESET_B : -14.398140
[setup in-reg] rst_ni -> _15664_/RESET_B : -14.398140
[setup in-reg] rst_ni -> _15665_/RESET_B : -14.398140
[setup in-reg] rst_ni -> _15666_/RESET_B : -14.398140
[setup in-reg] rst_ni -> _15667_/RESET_B : -14.398140
[setup in-reg] rst_ni -> _15668_/RESET_B : -14.398140
[setup in-reg] rst_ni -> _15669_/RESET_B : -14.398140
[setup in-reg] rst_ni -> _15670_/RESET_B : -14.398140
[setup in-reg] rst_ni -> _15671_/RESET_B : -14.398140
[setup in-reg] rst_ni -> _15672_/RESET_B : -14.398140
[setup in-reg] rst_ni -> _15673_/RESET_B : -14.398140
[setup in-reg] rst_ni -> _15674_/RESET_B : -14.398140
[setup in-reg] rst_ni -> _15675_/RESET_B : -14.398140
[setup in-reg] rst_ni -> _15676_/RESET_B : -14.398140
[setup in-reg] rst_ni -> _15677_/RESET_B : -14.398140
[setup in-reg] rst_ni -> _15678_/RESET_B : -14.398140
[setup in-reg] rst_ni -> _15679_/RESET_B : -14.398140
[setup in-reg] rst_ni -> _15680_/RESET_B : -14.398140
[setup in-reg] rst_ni -> _15681_/RESET_B : -14.398140
[setup in-reg] rst_ni -> _15682_/RESET_B : -14.398140
[setup in-reg] rst_ni -> _15683_/RESET_B : -14.398140
[setup in-reg] rst_ni -> _15684_/RESET_B : -14.398140
[setup in-reg] rst_ni -> _15685_/RESET_B : -14.398140
[setup in-reg] rst_ni -> _15686_/RESET_B : -14.398140
[setup in-reg] rst_ni -> _15687_/RESET_B : -14.398140
[setup in-reg] rst_ni -> _15688_/RESET_B : -14.398140
[setup in-reg] rst_ni -> _15689_/RESET_B : -14.398140
[setup in-reg] rst_ni -> _15690_/RESET_B : -14.398140
[setup in-reg] rst_ni -> _15691_/RESET_B : -14.398140
[setup in-reg] rst_ni -> _15692_/RESET_B : -14.398140
[setup in-reg] rst_ni -> _15693_/RESET_B : -14.398140
[setup in-reg] rst_ni -> _15694_/RESET_B : -14.398140
[setup in-reg] rst_ni -> _15695_/RESET_B : -14.398140
[setup in-reg] rst_ni -> _15696_/RESET_B : -14.398140
[setup in-reg] rst_ni -> _15697_/RESET_B : -14.398140
[setup in-reg] rst_ni -> _15698_/RESET_B : -14.398140
[setup in-reg] rst_ni -> _15699_/RESET_B : -14.398140
[setup in-reg] rst_ni -> _15700_/RESET_B : -14.398140
[setup in-reg] rst_ni -> _15701_/RESET_B : -14.398140
[setup in-reg] rst_ni -> _15702_/RESET_B : -14.398140
[setup in-reg] rst_ni -> _15703_/RESET_B : -14.398140
[setup in-reg] rst_ni -> _15704_/RESET_B : -14.398140
[setup in-reg] rst_ni -> _15705_/RESET_B : -14.398140
[setup in-reg] rst_ni -> _15706_/RESET_B : -14.398140
[setup in-reg] rst_ni -> _15707_/RESET_B : -14.398140
[setup in-reg] rst_ni -> _15708_/RESET_B : -14.398140
[setup in-reg] rst_ni -> _15709_/RESET_B : -14.398140
[setup in-reg] rst_ni -> _15710_/RESET_B : -14.398140
[setup in-reg] rst_ni -> _15711_/RESET_B : -14.398140
[setup in-reg] rst_ni -> _15712_/RESET_B : -14.398140
[setup in-reg] rst_ni -> _15713_/RESET_B : -14.398140
[setup in-reg] rst_ni -> _15714_/RESET_B : -14.398140
[setup in-reg] rst_ni -> _15715_/RESET_B : -14.398140
[setup in-reg] rst_ni -> _15716_/RESET_B : -14.398140
[setup in-reg] rst_ni -> _15717_/RESET_B : -14.398140
[setup in-reg] rst_ni -> _15718_/RESET_B : -14.398140
[setup in-reg] rst_ni -> _15719_/RESET_B : -14.398140
[setup in-reg] rst_ni -> _15720_/RESET_B : -14.398140
[setup in-reg] rst_ni -> _15721_/RESET_B : -14.398140
[setup in-reg] rst_ni -> _15722_/RESET_B : -14.398140
[setup in-reg] rst_ni -> _15723_/RESET_B : -14.398140
[setup in-reg] rst_ni -> _15724_/RESET_B : -14.398140
[setup in-reg] rst_ni -> _15725_/RESET_B : -14.398140
[setup in-reg] rst_ni -> _15726_/RESET_B : -14.398140
[setup in-reg] rst_ni -> _15727_/RESET_B : -14.398140
[setup in-reg] rst_ni -> _15728_/RESET_B : -14.398140
[setup in-reg] rst_ni -> _15729_/RESET_B : -14.398140
[setup in-reg] rst_ni -> _15730_/RESET_B : -14.398140
[setup in-reg] rst_ni -> _15731_/RESET_B : -14.398140
[setup in-reg] rst_ni -> _15732_/RESET_B : -14.398140
[setup in-reg] rst_ni -> _15733_/RESET_B : -14.398140
[setup in-reg] rst_ni -> _15734_/RESET_B : -14.398140
[setup in-reg] rst_ni -> _15735_/RESET_B : -14.398140
[setup in-reg] rst_ni -> _15736_/RESET_B : -14.398140
[setup in-reg] rst_ni -> _15737_/RESET_B : -14.398140
[setup in-reg] rst_ni -> _15738_/RESET_B : -14.398140
[setup in-reg] rst_ni -> _15739_/RESET_B : -14.398140
[setup in-reg] rst_ni -> _15740_/RESET_B : -14.398140
[setup in-reg] rst_ni -> _15741_/RESET_B : -14.398140
[setup in-reg] rst_ni -> _15742_/RESET_B : -14.398140
[setup in-reg] rst_ni -> _15743_/RESET_B : -14.398140
[setup in-reg] rst_ni -> _15744_/RESET_B : -14.398140
[setup in-reg] rst_ni -> _15745_/RESET_B : -14.398140
[setup in-reg] rst_ni -> _15746_/RESET_B : -14.398140
[setup in-reg] rst_ni -> _15747_/RESET_B : -14.398140
[setup in-reg] rst_ni -> _15748_/RESET_B : -14.398140
[setup in-reg] rst_ni -> _15749_/RESET_B : -14.398140
[setup in-reg] rst_ni -> _15750_/RESET_B : -14.398140
[setup in-reg] rst_ni -> _15751_/RESET_B : -14.398140
[setup in-reg] rst_ni -> _15752_/RESET_B : -14.398140
[setup in-reg] rst_ni -> _15753_/RESET_B : -14.398140
[setup in-reg] rst_ni -> _15754_/RESET_B : -14.398140
[setup in-reg] rst_ni -> _15755_/RESET_B : -14.398140
[setup in-reg] rst_ni -> _15756_/RESET_B : -14.398140
[setup in-reg] rst_ni -> _15757_/RESET_B : -14.398140
[setup in-reg] rst_ni -> _15758_/RESET_B : -14.398140
[setup in-reg] rst_ni -> _15759_/RESET_B : -14.398140
[setup in-reg] rst_ni -> _15760_/RESET_B : -14.398140
[setup in-reg] rst_ni -> _15761_/RESET_B : -14.398140
[setup in-reg] rst_ni -> _15762_/RESET_B : -14.398140
[setup in-reg] rst_ni -> _15763_/RESET_B : -14.398140
[setup in-reg] rst_ni -> _15764_/RESET_B : -14.398140
[setup in-reg] rst_ni -> _15765_/RESET_B : -14.398140
[setup in-reg] rst_ni -> _15766_/RESET_B : -14.398140
[setup in-reg] rst_ni -> _15767_/RESET_B : -14.398140
[setup in-reg] rst_ni -> _15768_/RESET_B : -14.398140
[setup in-reg] rst_ni -> _15769_/RESET_B : -14.398140
[setup in-reg] rst_ni -> _15770_/RESET_B : -14.398140
[setup in-reg] rst_ni -> _15771_/RESET_B : -14.398140
[setup in-reg] rst_ni -> _15772_/RESET_B : -14.398140
[setup in-reg] rst_ni -> _15773_/RESET_B : -14.398140
[setup in-reg] rst_ni -> _15774_/RESET_B : -14.398140
[setup in-reg] rst_ni -> _15775_/RESET_B : -14.398140
[setup in-reg] rst_ni -> _15776_/RESET_B : -14.398140
[setup in-reg] rst_ni -> _15777_/RESET_B : -14.398140
[setup in-reg] rst_ni -> _15778_/RESET_B : -14.398140
[setup in-reg] rst_ni -> _15779_/RESET_B : -14.398140
[setup in-reg] rst_ni -> _15780_/RESET_B : -14.398140
[setup in-reg] rst_ni -> _15781_/RESET_B : -14.398140
[setup in-reg] rst_ni -> _15782_/RESET_B : -14.398140
[setup in-reg] rst_ni -> _15783_/RESET_B : -14.398140
[setup in-reg] rst_ni -> _15784_/RESET_B : -14.398140
[setup in-reg] rst_ni -> _15785_/RESET_B : -14.398140
[setup in-reg] rst_ni -> _15786_/RESET_B : -14.398140
[setup in-reg] rst_ni -> _15787_/RESET_B : -14.398140
[setup in-reg] rst_ni -> _15788_/RESET_B : -14.398140
[setup in-reg] rst_ni -> _15789_/RESET_B : -14.398140
[setup in-reg] rst_ni -> _15790_/RESET_B : -14.398140
[setup in-reg] rst_ni -> _15791_/RESET_B : -14.398140
[setup in-reg] rst_ni -> _15792_/RESET_B : -14.398140
[setup in-reg] rst_ni -> _15793_/RESET_B : -14.398140
[setup in-reg] rst_ni -> _15794_/RESET_B : -14.398140
[setup in-reg] rst_ni -> _15795_/RESET_B : -14.398140
[setup in-reg] rst_ni -> _15796_/RESET_B : -14.398140
[setup in-reg] rst_ni -> _15797_/RESET_B : -14.398140
[setup in-reg] rst_ni -> _15798_/RESET_B : -14.398140
[setup in-reg] rst_ni -> _15799_/RESET_B : -14.398140
[setup in-reg] rst_ni -> _15800_/RESET_B : -14.398140
[setup in-reg] rst_ni -> _15801_/RESET_B : -14.398140
[setup in-reg] rst_ni -> _15802_/RESET_B : -14.398140
[setup in-reg] rst_ni -> _15803_/RESET_B : -14.398140
[setup in-reg] rst_ni -> _15804_/RESET_B : -14.398140
[setup in-reg] rst_ni -> _15805_/RESET_B : -14.398140
[setup in-reg] rst_ni -> _15806_/RESET_B : -14.398140
[setup in-reg] rst_ni -> _15807_/RESET_B : -14.398140
[setup in-reg] rst_ni -> _15808_/RESET_B : -14.398140
[setup in-reg] rst_ni -> _15809_/RESET_B : -14.398140
[setup in-reg] rst_ni -> _15810_/RESET_B : -14.398140
[setup in-reg] rst_ni -> _15811_/RESET_B : -14.398140
[setup in-reg] rst_ni -> _15812_/RESET_B : -14.398140
[setup in-reg] rst_ni -> _15813_/RESET_B : -14.398140
[setup in-reg] rst_ni -> _15814_/RESET_B : -14.398140
[setup in-reg] rst_ni -> _15815_/RESET_B : -14.398140
[setup in-reg] rst_ni -> _15816_/RESET_B : -14.398140
[setup in-reg] rst_ni -> _15817_/RESET_B : -14.398140
[setup in-reg] rst_ni -> _15818_/RESET_B : -14.398140
[setup in-reg] rst_ni -> _15819_/RESET_B : -14.398140
[setup in-reg] rst_ni -> _15820_/RESET_B : -14.398140
[setup in-reg] rst_ni -> _15821_/RESET_B : -14.398140
[setup in-reg] rst_ni -> _15822_/RESET_B : -14.398140
[setup in-reg] rst_ni -> _15823_/RESET_B : -14.398140
[setup in-reg] rst_ni -> _15824_/RESET_B : -14.398140
[setup in-reg] rst_ni -> _15825_/RESET_B : -14.398140
[setup in-reg] rst_ni -> _15826_/RESET_B : -14.398140
[setup in-reg] rst_ni -> _15827_/RESET_B : -14.398140
[setup in-reg] rst_ni -> _15828_/RESET_B : -14.398140
[setup in-reg] rst_ni -> _15829_/RESET_B : -14.398140
[setup in-reg] rst_ni -> _15830_/RESET_B : -14.398140
[setup in-reg] rst_ni -> _15831_/RESET_B : -14.398140
[setup in-reg] rst_ni -> _15832_/RESET_B : -14.398140
[setup in-reg] rst_ni -> _15833_/RESET_B : -14.398140
[setup in-reg] rst_ni -> _15834_/RESET_B : -14.398140
[setup in-reg] rst_ni -> _15835_/RESET_B : -14.398140
[setup in-reg] rst_ni -> _15836_/RESET_B : -14.398140
[setup in-reg] rst_ni -> _15837_/RESET_B : -14.398140
[setup in-reg] rst_ni -> _15838_/RESET_B : -14.398140
[setup in-reg] rst_ni -> _15839_/RESET_B : -14.398140
[setup in-reg] rst_ni -> _15840_/RESET_B : -14.398140
[setup in-reg] rst_ni -> _15841_/RESET_B : -14.398140
[setup in-reg] rst_ni -> _15842_/RESET_B : -14.398140
[setup in-reg] rst_ni -> _15843_/RESET_B : -14.398140
[setup in-reg] rst_ni -> _15844_/RESET_B : -14.398140
[setup in-reg] rst_ni -> _15845_/RESET_B : -14.398140
[setup in-reg] rst_ni -> _15846_/RESET_B : -14.398140
[setup in-reg] rst_ni -> _15847_/RESET_B : -14.398140
[setup in-reg] rst_ni -> _15848_/RESET_B : -14.398140
[setup in-reg] rst_ni -> _15849_/RESET_B : -14.398140
[setup in-reg] rst_ni -> _15850_/RESET_B : -14.398140
[setup in-reg] rst_ni -> _15851_/RESET_B : -14.398140
[setup in-reg] rst_ni -> _15852_/RESET_B : -14.398140
[setup in-reg] rst_ni -> _15853_/RESET_B : -14.398140
[setup in-reg] rst_ni -> _15854_/RESET_B : -14.398140
[setup in-reg] rst_ni -> _15855_/RESET_B : -14.398140
[setup in-reg] rst_ni -> _15856_/RESET_B : -14.398140
[setup in-reg] rst_ni -> _15857_/RESET_B : -14.398140
[setup in-reg] rst_ni -> _15858_/RESET_B : -14.398140
[setup in-reg] rst_ni -> _15859_/RESET_B : -14.398140
[setup in-reg] rst_ni -> _15860_/RESET_B : -14.398140
[setup in-reg] rst_ni -> _15861_/RESET_B : -14.398140
[setup in-reg] rst_ni -> _15862_/RESET_B : -14.398140
[setup in-reg] rst_ni -> _15863_/RESET_B : -14.398140
[setup in-reg] rst_ni -> _15864_/RESET_B : -14.398140
[setup in-reg] rst_ni -> _15865_/RESET_B : -14.398140
[setup in-reg] rst_ni -> _15866_/RESET_B : -14.398140
[setup in-reg] rst_ni -> _15867_/RESET_B : -14.398140
[setup in-reg] rst_ni -> _15868_/RESET_B : -14.398140
[setup in-reg] rst_ni -> _15869_/RESET_B : -14.398140
[setup in-reg] rst_ni -> _15870_/RESET_B : -14.398140
[setup in-reg] rst_ni -> _15871_/RESET_B : -14.398140
[setup in-reg] rst_ni -> _15872_/RESET_B : -14.398140
[setup in-reg] rst_ni -> _15873_/RESET_B : -14.398140
[setup in-reg] rst_ni -> _15874_/RESET_B : -14.398140
[setup in-reg] rst_ni -> _15875_/RESET_B : -14.398140
[setup in-reg] rst_ni -> _15876_/RESET_B : -14.398140
[setup in-reg] rst_ni -> _15877_/RESET_B : -14.398140
[setup in-reg] rst_ni -> _15878_/RESET_B : -14.398140
[setup in-reg] rst_ni -> _15879_/RESET_B : -14.398140
[setup in-reg] rst_ni -> _15880_/RESET_B : -14.398140
[setup in-reg] rst_ni -> _15881_/RESET_B : -14.398140
[setup in-reg] rst_ni -> _15882_/RESET_B : -14.398140
[setup in-reg] rst_ni -> _15883_/RESET_B : -14.398140
[setup in-reg] rst_ni -> _15884_/RESET_B : -14.398140
[setup in-reg] rst_ni -> _15885_/RESET_B : -14.398140
[setup in-reg] rst_ni -> _15886_/RESET_B : -14.398140
[setup in-reg] rst_ni -> _15887_/RESET_B : -14.398140
[setup in-reg] rst_ni -> _15888_/RESET_B : -14.398140
[setup in-reg] rst_ni -> _15889_/RESET_B : -14.398140
[setup in-reg] rst_ni -> _15890_/RESET_B : -14.398140
[setup in-reg] rst_ni -> _15891_/RESET_B : -14.398140
[setup in-reg] rst_ni -> _15892_/RESET_B : -14.398140
[setup in-reg] rst_ni -> _15893_/RESET_B : -14.398140
[setup in-reg] rst_ni -> _15894_/RESET_B : -14.398140
[setup in-reg] rst_ni -> _15895_/RESET_B : -14.398140
[setup in-reg] rst_ni -> _15896_/RESET_B : -14.398140
[setup in-reg] rst_ni -> _15897_/RESET_B : -14.398140
[setup in-reg] rst_ni -> _15898_/RESET_B : -14.398140
[setup in-reg] rst_ni -> _15899_/RESET_B : -14.398140
[setup in-reg] rst_ni -> _15900_/RESET_B : -14.398140
[setup in-reg] rst_ni -> _15901_/RESET_B : -14.398140
[setup in-reg] rst_ni -> _15902_/RESET_B : -14.398140
[setup in-reg] rst_ni -> _15903_/RESET_B : -14.398140
[setup in-reg] rst_ni -> _15904_/RESET_B : -14.398140
[setup in-reg] rst_ni -> _15905_/RESET_B : -14.398140
[setup in-reg] rst_ni -> _15906_/RESET_B : -14.398140
[setup in-reg] rst_ni -> _15907_/RESET_B : -14.398140
[setup in-reg] rst_ni -> _15908_/RESET_B : -14.398140
[setup in-reg] rst_ni -> _15909_/RESET_B : -14.398140
[setup in-reg] rst_ni -> _15910_/RESET_B : -14.398140
[setup in-reg] rst_ni -> _15911_/RESET_B : -14.398140
[setup in-reg] rst_ni -> _15912_/RESET_B : -14.398140
[setup in-reg] rst_ni -> _15913_/RESET_B : -14.398140
[setup in-reg] rst_ni -> _15914_/RESET_B : -14.398140
[setup in-reg] rst_ni -> _15915_/RESET_B : -14.398140
[setup in-reg] rst_ni -> _15916_/RESET_B : -14.398140
[setup in-reg] rst_ni -> _15917_/RESET_B : -14.398140
[setup in-reg] rst_ni -> _15918_/RESET_B : -14.398140
[setup in-reg] rst_ni -> _15919_/RESET_B : -14.398140
[setup in-reg] rst_ni -> _15920_/RESET_B : -14.398140
[setup in-reg] rst_ni -> _15921_/RESET_B : -14.398140
[setup in-reg] rst_ni -> _15922_/RESET_B : -14.398140
[setup in-reg] rst_ni -> _15923_/RESET_B : -14.398140
[setup in-reg] rst_ni -> _15924_/RESET_B : -14.398140
[setup in-reg] rst_ni -> _15925_/RESET_B : -14.398140
[setup in-reg] rst_ni -> _15926_/RESET_B : -14.398140
[setup in-reg] rst_ni -> _15927_/RESET_B : -14.398140
[setup in-reg] rst_ni -> _15928_/RESET_B : -14.398140
[setup in-reg] rst_ni -> _15929_/RESET_B : -14.398140
[setup in-reg] rst_ni -> _15930_/RESET_B : -14.398140
[setup in-reg] rst_ni -> _15931_/RESET_B : -14.398140
[setup in-reg] rst_ni -> _15932_/RESET_B : -14.398140
[setup in-reg] rst_ni -> _15933_/RESET_B : -14.398140
[setup in-reg] rst_ni -> _15934_/RESET_B : -14.398140
[setup in-reg] rst_ni -> _15935_/RESET_B : -14.398140
[setup in-reg] rst_ni -> _15936_/RESET_B : -14.398140
[setup in-reg] rst_ni -> _15937_/RESET_B : -14.398140
[setup in-reg] rst_ni -> _15938_/RESET_B : -14.398140
[setup in-reg] rst_ni -> _15939_/RESET_B : -14.398140
[setup in-reg] rst_ni -> _15940_/RESET_B : -14.398140
[setup in-reg] rst_ni -> _15941_/RESET_B : -14.398140
[setup in-reg] rst_ni -> _15942_/RESET_B : -14.398140
[setup in-reg] rst_ni -> _15943_/RESET_B : -14.398140
[setup in-reg] rst_ni -> _15944_/RESET_B : -14.398140
[setup in-reg] rst_ni -> _15945_/RESET_B : -14.398140
[setup in-reg] rst_ni -> _15946_/RESET_B : -14.398140
[setup in-reg] rst_ni -> _15947_/RESET_B : -14.398140
[setup in-reg] rst_ni -> _15948_/RESET_B : -14.398140
[setup in-reg] rst_ni -> _15949_/RESET_B : -14.398140
[setup in-reg] rst_ni -> _15950_/RESET_B : -14.398140
[setup in-reg] rst_ni -> _15951_/RESET_B : -14.398140
[setup in-reg] rst_ni -> _15952_/RESET_B : -14.398140
[setup in-reg] rst_ni -> _15953_/RESET_B : -14.398140
[setup in-reg] rst_ni -> _15954_/RESET_B : -14.398140
[setup in-reg] rst_ni -> _15955_/RESET_B : -14.398140
[setup in-reg] rst_ni -> _15956_/RESET_B : -14.398140
[setup in-reg] rst_ni -> _15957_/RESET_B : -14.398140
[setup in-reg] rst_ni -> _15958_/RESET_B : -14.398140
[setup in-reg] rst_ni -> _15959_/RESET_B : -14.398140
[setup in-reg] rst_ni -> _15960_/RESET_B : -14.398140
[setup in-reg] rst_ni -> _15961_/RESET_B : -14.398140
[setup in-reg] rst_ni -> _15962_/RESET_B : -14.398140
[setup in-reg] rst_ni -> _15963_/RESET_B : -14.398140
[setup in-reg] rst_ni -> _15964_/RESET_B : -14.398140
[setup in-reg] rst_ni -> _15965_/RESET_B : -14.398140
[setup in-reg] rst_ni -> _15966_/RESET_B : -14.398140
[setup in-reg] rst_ni -> _15967_/RESET_B : -14.398140
[setup in-reg] rst_ni -> _15968_/RESET_B : -14.398140
[setup in-reg] rst_ni -> _15969_/RESET_B : -14.398140
[setup in-reg] rst_ni -> _15970_/RESET_B : -14.398140
[setup in-reg] rst_ni -> _15971_/RESET_B : -14.398140
[setup in-reg] rst_ni -> _15972_/RESET_B : -14.398140
[setup in-reg] rst_ni -> _15973_/RESET_B : -14.398140
[setup in-reg] rst_ni -> _15974_/RESET_B : -14.398140
[setup in-reg] rst_ni -> _15975_/RESET_B : -14.398140
[setup in-reg] rst_ni -> _15976_/RESET_B : -14.398140
[setup in-reg] rst_ni -> _15977_/RESET_B : -14.398140
[setup in-reg] rst_ni -> _15978_/RESET_B : -14.398140
[setup in-reg] rst_ni -> _15979_/RESET_B : -14.398140
[setup in-reg] rst_ni -> _15980_/RESET_B : -14.398140
[setup in-reg] rst_ni -> _15981_/RESET_B : -14.398140
[setup in-reg] rst_ni -> _15982_/RESET_B : -14.398140
[setup in-reg] rst_ni -> _15983_/RESET_B : -14.398140
[setup in-reg] rst_ni -> _15984_/RESET_B : -14.398140
[setup in-reg] rst_ni -> _15985_/RESET_B : -14.398140
[setup in-reg] rst_ni -> _15986_/RESET_B : -14.398140
[setup in-reg] rst_ni -> _15987_/RESET_B : -14.398140
[setup in-reg] rst_ni -> _15988_/RESET_B : -14.398140
[setup in-reg] rst_ni -> _15989_/RESET_B : -14.398140
[setup in-reg] rst_ni -> _15990_/RESET_B : -14.398140
[setup in-reg] rst_ni -> _15991_/RESET_B : -14.398140
[setup in-reg] rst_ni -> _15992_/RESET_B : -14.398140
[setup in-reg] rst_ni -> _15993_/RESET_B : -14.398140
[setup in-reg] rst_ni -> _15994_/RESET_B : -14.398140
[setup in-reg] rst_ni -> _15995_/RESET_B : -14.398140
[setup in-reg] rst_ni -> _15996_/RESET_B : -14.398140
[setup in-reg] rst_ni -> _15997_/RESET_B : -14.398140
[setup in-reg] rst_ni -> _15998_/RESET_B : -14.398140
[setup in-reg] rst_ni -> _15999_/RESET_B : -14.398140
[setup in-reg] rst_ni -> _16000_/RESET_B : -14.398140
[setup in-reg] rst_ni -> _16001_/RESET_B : -14.398140
[setup in-reg] rst_ni -> _16002_/RESET_B : -14.398140
[setup in-reg] rst_ni -> _16003_/RESET_B : -14.398140
[setup in-reg] rst_ni -> _16004_/RESET_B : -14.398140
[setup in-reg] rst_ni -> _16005_/RESET_B : -14.398140
[setup in-reg] rst_ni -> _16006_/RESET_B : -14.398140
[setup in-reg] rst_ni -> _16007_/RESET_B : -14.398140
[setup in-reg] rst_ni -> _16008_/RESET_B : -14.398140
[setup in-reg] rst_ni -> _16009_/RESET_B : -14.398140
[setup in-reg] rst_ni -> _16010_/RESET_B : -14.398140
[setup in-reg] rst_ni -> _16011_/RESET_B : -14.398140
[setup in-reg] rst_ni -> _16012_/RESET_B : -14.398140
[setup in-reg] rst_ni -> _16013_/RESET_B : -14.398140
[setup in-reg] rst_ni -> _16014_/RESET_B : -14.398140
[setup in-reg] rst_ni -> _16015_/RESET_B : -14.398140
[setup in-reg] rst_ni -> _16016_/RESET_B : -14.398140
[setup in-reg] rst_ni -> _16017_/RESET_B : -14.398140
[setup in-reg] rst_ni -> _16018_/RESET_B : -14.398140
[setup in-reg] rst_ni -> _16019_/RESET_B : -14.398140
[setup in-reg] rst_ni -> _16020_/RESET_B : -14.398140
[setup in-reg] rst_ni -> _16021_/RESET_B : -14.398140
[setup in-reg] rst_ni -> _16022_/RESET_B : -14.398140
[setup in-reg] rst_ni -> _16023_/RESET_B : -14.398140
[setup in-reg] rst_ni -> _16024_/RESET_B : -14.398140
[setup in-reg] rst_ni -> _16025_/RESET_B : -14.398140
[setup in-reg] rst_ni -> _16026_/RESET_B : -14.398140
[setup in-reg] rst_ni -> _16027_/RESET_B : -14.398140
[setup in-reg] rst_ni -> _16028_/RESET_B : -14.398140
[setup in-reg] rst_ni -> _16029_/RESET_B : -14.398140
[setup in-reg] rst_ni -> _16030_/RESET_B : -14.398140
[setup in-reg] rst_ni -> _16031_/RESET_B : -14.398140
[setup in-reg] rst_ni -> _16032_/RESET_B : -14.398140
[setup in-reg] rst_ni -> _16033_/RESET_B : -14.398140
[setup in-reg] rst_ni -> _16034_/RESET_B : -14.398140
[setup in-reg] rst_ni -> _16035_/RESET_B : -14.398140
[setup in-reg] rst_ni -> _16036_/RESET_B : -14.398140
[setup in-reg] rst_ni -> _16037_/RESET_B : -14.398140
[setup in-reg] rst_ni -> _16038_/RESET_B : -14.398140
[setup in-reg] rst_ni -> _16039_/RESET_B : -14.398140
[setup in-reg] rst_ni -> _16040_/RESET_B : -14.398140
[setup in-reg] rst_ni -> _16041_/RESET_B : -14.398140
[setup in-reg] rst_ni -> _16042_/RESET_B : -14.398140
[setup in-reg] rst_ni -> _16043_/RESET_B : -14.398140
[setup in-reg] rst_ni -> _16044_/RESET_B : -14.398140
[setup in-reg] rst_ni -> _16045_/RESET_B : -14.398140
[setup in-reg] rst_ni -> _16046_/RESET_B : -14.398140
[setup in-reg] rst_ni -> _16047_/RESET_B : -14.398140
[setup in-reg] rst_ni -> _16048_/RESET_B : -14.398140
[setup in-reg] rst_ni -> _16049_/RESET_B : -14.398140
[setup in-reg] rst_ni -> _16050_/RESET_B : -14.398140
[setup in-reg] rst_ni -> _16051_/RESET_B : -14.398140
[setup in-reg] rst_ni -> _16052_/RESET_B : -14.398140
[setup in-reg] rst_ni -> _16053_/RESET_B : -14.398140
[setup in-reg] rst_ni -> _16054_/RESET_B : -14.398140
[setup in-reg] rst_ni -> _16055_/RESET_B : -14.398140
[setup in-reg] rst_ni -> _16056_/RESET_B : -14.398140
[setup in-reg] rst_ni -> _16057_/RESET_B : -14.398140
[setup in-reg] rst_ni -> _16058_/RESET_B : -14.398140
[setup in-reg] rst_ni -> _16059_/RESET_B : -14.398140
[setup in-reg] rst_ni -> _16060_/RESET_B : -14.398140
[setup in-reg] rst_ni -> _16061_/RESET_B : -14.398140
[setup in-reg] rst_ni -> _16062_/RESET_B : -14.398140
[setup in-reg] rst_ni -> _16063_/RESET_B : -14.398140
[setup in-reg] rst_ni -> _16064_/RESET_B : -14.398140
[setup in-reg] rst_ni -> _16065_/RESET_B : -14.398140
[setup in-reg] rst_ni -> _16066_/RESET_B : -14.398140
[setup in-reg] rst_ni -> _16067_/RESET_B : -14.398140
[setup in-reg] rst_ni -> _16068_/RESET_B : -14.398140
[setup in-reg] rst_ni -> _16069_/RESET_B : -14.398140
[setup in-reg] rst_ni -> _16070_/RESET_B : -14.398140
[setup in-reg] rst_ni -> _16071_/RESET_B : -14.398140
[setup in-reg] rst_ni -> _16072_/RESET_B : -14.398140
[setup in-reg] rst_ni -> _16073_/RESET_B : -14.398140
[setup in-reg] rst_ni -> _16074_/RESET_B : -14.398140
[setup in-reg] rst_ni -> _16075_/RESET_B : -14.398140
[setup in-reg] rst_ni -> _16076_/RESET_B : -14.398140
[setup in-reg] rst_ni -> _16077_/RESET_B : -14.398140
[setup in-reg] rst_ni -> _16078_/RESET_B : -14.398140
[setup in-reg] rst_ni -> _16079_/RESET_B : -14.398140
[setup in-reg] rst_ni -> _16080_/RESET_B : -14.398140
[setup in-reg] rst_ni -> _16081_/RESET_B : -14.398140
[setup in-reg] rst_ni -> _16082_/RESET_B : -14.398140
[setup in-reg] rst_ni -> _16083_/RESET_B : -14.398140
[setup in-reg] rst_ni -> _16084_/RESET_B : -14.398140
[setup in-reg] rst_ni -> _16085_/RESET_B : -14.398140
[setup in-reg] rst_ni -> _16086_/RESET_B : -14.398140
[setup in-reg] rst_ni -> _16087_/RESET_B : -14.398140
[setup in-reg] rst_ni -> _16088_/RESET_B : -14.398140
[setup in-reg] rst_ni -> _16089_/RESET_B : -14.398140
[setup in-reg] rst_ni -> _16090_/RESET_B : -14.398140
[setup in-reg] rst_ni -> _16091_/RESET_B : -14.398140
[setup in-reg] rst_ni -> _16092_/RESET_B : -14.398140
[setup in-reg] rst_ni -> _16093_/RESET_B : -14.398140
[setup in-reg] rst_ni -> _16094_/RESET_B : -14.398140
[setup in-reg] rst_ni -> _16095_/RESET_B : -14.398140
[setup in-reg] rst_ni -> _16096_/RESET_B : -14.398140
[setup in-reg] rst_ni -> _16097_/RESET_B : -14.398140
[setup in-reg] rst_ni -> _16098_/RESET_B : -14.398140
[setup in-reg] rst_ni -> _16099_/RESET_B : -14.398140
[setup in-reg] rst_ni -> _16100_/RESET_B : -14.398140
[setup in-reg] rst_ni -> _16101_/RESET_B : -14.398140
[setup in-reg] rst_ni -> _16102_/RESET_B : -14.398140
[setup in-reg] rst_ni -> _16103_/RESET_B : -14.398140
[setup in-reg] rst_ni -> _16104_/RESET_B : -14.398140
[setup in-reg] rst_ni -> _16105_/RESET_B : -14.398140
[setup in-reg] rst_ni -> _16106_/RESET_B : -14.398140
[setup in-reg] rst_ni -> _16107_/RESET_B : -14.398140
[setup in-reg] rst_ni -> _16108_/RESET_B : -14.398140
[setup in-reg] rst_ni -> _16109_/RESET_B : -14.398140
[setup in-reg] rst_ni -> _16110_/RESET_B : -14.398140
[setup in-reg] rst_ni -> _16111_/RESET_B : -14.398140
[setup in-reg] rst_ni -> _16112_/RESET_B : -14.398140
[setup in-reg] rst_ni -> _16113_/RESET_B : -14.398140
[setup in-reg] rst_ni -> _16114_/RESET_B : -14.398140
[setup in-reg] rst_ni -> _16115_/RESET_B : -14.398140
[setup in-reg] rst_ni -> _16116_/RESET_B : -14.398140
[setup in-reg] rst_ni -> _16117_/RESET_B : -14.398140
[setup in-reg] rst_ni -> _16118_/RESET_B : -14.398140
[setup in-reg] rst_ni -> _16119_/RESET_B : -14.398140
[setup in-reg] rst_ni -> _16120_/RESET_B : -14.398140
[setup in-reg] rst_ni -> _16121_/RESET_B : -14.398140
[setup in-reg] rst_ni -> _16122_/RESET_B : -14.398140
[setup in-reg] rst_ni -> _16123_/RESET_B : -14.398140
[setup in-reg] rst_ni -> _16124_/RESET_B : -14.398140
[setup in-reg] rst_ni -> _16125_/RESET_B : -14.398140
[setup in-reg] rst_ni -> _16126_/RESET_B : -14.398140
[setup in-reg] rst_ni -> _16127_/RESET_B : -14.398140
[setup in-reg] rst_ni -> _16128_/RESET_B : -14.398140
[setup in-reg] rst_ni -> _16129_/RESET_B : -14.398140
[setup in-reg] rst_ni -> _16130_/RESET_B : -14.398140
[setup in-reg] rst_ni -> _16131_/RESET_B : -14.398140
[setup in-reg] rst_ni -> _16132_/RESET_B : -14.398140
[setup in-reg] rst_ni -> _16133_/RESET_B : -14.398140
[setup in-reg] rst_ni -> _16134_/RESET_B : -14.398140
[setup in-reg] rst_ni -> _16135_/RESET_B : -14.398140
[setup in-reg] rst_ni -> _16136_/RESET_B : -14.398140
[setup in-reg] rst_ni -> _16137_/RESET_B : -14.398140
[setup in-reg] rst_ni -> _16138_/RESET_B : -14.398140
[setup in-reg] rst_ni -> _16139_/RESET_B : -14.398140
[setup in-reg] rst_ni -> _16140_/RESET_B : -14.398140
[setup in-reg] rst_ni -> _16141_/RESET_B : -14.398140
[setup in-reg] rst_ni -> _16142_/RESET_B : -14.398140
[setup in-reg] rst_ni -> _16143_/RESET_B : -14.398140
[setup in-reg] rst_ni -> _16144_/RESET_B : -14.398140
[setup in-reg] rst_ni -> _16145_/RESET_B : -14.398140
[setup in-reg] rst_ni -> _16146_/RESET_B : -14.398140
[setup in-reg] rst_ni -> _16147_/RESET_B : -14.398140
[setup in-reg] rst_ni -> _16148_/RESET_B : -14.398140
[setup in-reg] rst_ni -> _16149_/RESET_B : -14.398140
[setup in-reg] rst_ni -> _16150_/RESET_B : -14.398140
[setup in-reg] rst_ni -> _16151_/RESET_B : -14.398140
[setup in-reg] rst_ni -> _16152_/RESET_B : -14.398140
[setup in-reg] rst_ni -> _16153_/RESET_B : -14.398140
[setup in-reg] rst_ni -> _16154_/RESET_B : -14.398140
[setup in-reg] rst_ni -> _16155_/RESET_B : -14.398140
[setup in-reg] rst_ni -> _16156_/RESET_B : -14.398140
[setup in-reg] rst_ni -> _16157_/RESET_B : -14.398140
[setup in-reg] rst_ni -> _16158_/RESET_B : -14.398140
[setup in-reg] rst_ni -> _16159_/RESET_B : -14.398140
[setup in-reg] rst_ni -> _16160_/RESET_B : -14.398140
[setup in-reg] rst_ni -> _16161_/RESET_B : -14.398140
[setup in-reg] rst_ni -> _16162_/RESET_B : -14.398140
[setup in-reg] rst_ni -> _16163_/RESET_B : -14.398140
[setup in-reg] rst_ni -> _16164_/RESET_B : -14.398140
[setup in-reg] rst_ni -> _16165_/RESET_B : -14.398140
[setup in-reg] rst_ni -> _16166_/RESET_B : -14.398140
[setup in-reg] rst_ni -> _16167_/RESET_B : -14.398140
[setup in-reg] rst_ni -> _16168_/RESET_B : -14.398140
[setup in-reg] rst_ni -> _16169_/RESET_B : -14.398140
[setup in-reg] rst_ni -> _16170_/RESET_B : -14.398140
[setup in-reg] rst_ni -> _16171_/RESET_B : -14.398140
[setup in-reg] rst_ni -> _16172_/RESET_B : -14.398140
[setup in-reg] rst_ni -> _16173_/RESET_B : -14.398140
[setup in-reg] rst_ni -> _16174_/RESET_B : -14.398140
[setup in-reg] rst_ni -> _16175_/RESET_B : -14.398140
[setup in-reg] rst_ni -> _16176_/RESET_B : -14.398140
[setup in-reg] rst_ni -> _16177_/RESET_B : -14.398140
[setup in-reg] rst_ni -> _16178_/RESET_B : -14.398140
[setup in-reg] rst_ni -> _16179_/RESET_B : -14.398140
[setup in-reg] rst_ni -> _16180_/RESET_B : -14.398140
[setup in-reg] rst_ni -> _16181_/RESET_B : -14.398140
[setup in-reg] rst_ni -> _16182_/RESET_B : -14.398140
[setup in-reg] rst_ni -> _16183_/RESET_B : -14.398140
[setup in-reg] rst_ni -> _16184_/RESET_B : -14.398140
[setup in-reg] rst_ni -> _16185_/RESET_B : -14.398140
[setup in-reg] rst_ni -> _16186_/RESET_B : -14.398140
[setup in-reg] rst_ni -> _16187_/RESET_B : -14.398140
[setup in-reg] rst_ni -> _16188_/RESET_B : -14.398140
[setup in-reg] rst_ni -> _16189_/RESET_B : -14.398140
[setup in-reg] rst_ni -> _16190_/RESET_B : -14.398140
[setup in-reg] rst_ni -> _16191_/RESET_B : -14.398140
[setup in-reg] rst_ni -> _16192_/RESET_B : -14.398140
[setup in-reg] rst_ni -> _16193_/RESET_B : -14.398140
[setup in-reg] rst_ni -> _16194_/RESET_B : -14.398140
[setup in-reg] rst_ni -> _16195_/RESET_B : -14.398140
[setup in-reg] rst_ni -> _16196_/RESET_B : -14.398140
[setup in-reg] rst_ni -> _16197_/RESET_B : -14.398140
[setup in-reg] rst_ni -> _16198_/RESET_B : -14.398140
[setup in-reg] rst_ni -> _16199_/RESET_B : -14.398140
[setup in-reg] rst_ni -> _16200_/RESET_B : -14.398140
[setup in-reg] rst_ni -> _16201_/RESET_B : -14.398140
[setup in-reg] rst_ni -> _16202_/RESET_B : -14.398140
[setup in-reg] rst_ni -> _16203_/RESET_B : -14.398140
[setup in-reg] rst_ni -> _16204_/RESET_B : -14.398140
[setup in-reg] rst_ni -> _16205_/RESET_B : -14.398140
[setup in-reg] rst_ni -> _16206_/RESET_B : -14.398140
[setup in-reg] rst_ni -> _16207_/RESET_B : -14.398140
[setup in-reg] rst_ni -> _16208_/RESET_B : -14.398140
[setup in-reg] rst_ni -> _16209_/RESET_B : -14.398140
[setup in-reg] rst_ni -> _16210_/RESET_B : -14.398140
[setup in-reg] rst_ni -> _16211_/RESET_B : -14.398140
[setup in-reg] rst_ni -> _16212_/RESET_B : -14.398140
[setup in-reg] rst_ni -> _16213_/RESET_B : -14.398140
[setup in-reg] rst_ni -> _16214_/RESET_B : -14.398140
[setup in-reg] rst_ni -> _16215_/RESET_B : -14.398140
[setup in-reg] rst_ni -> _16216_/RESET_B : -14.398140
[setup in-reg] rst_ni -> _16217_/RESET_B : -14.398140
[setup in-reg] rst_ni -> _16218_/RESET_B : -14.398140
[setup in-reg] rst_ni -> _16219_/RESET_B : -14.398140
[setup in-reg] rst_ni -> _16220_/RESET_B : -14.398140
[setup in-reg] rst_ni -> _16221_/RESET_B : -14.398140
[setup in-reg] rst_ni -> _16222_/RESET_B : -14.398140
[setup in-reg] rst_ni -> _16223_/RESET_B : -14.398140
[setup in-reg] rst_ni -> _16224_/RESET_B : -14.398140
[setup in-reg] rst_ni -> _16225_/RESET_B : -14.398140
[setup in-reg] rst_ni -> _16226_/RESET_B : -14.398140
[setup in-reg] rst_ni -> _16227_/RESET_B : -14.398140
[setup in-reg] rst_ni -> _16228_/RESET_B : -14.398140
[setup in-reg] rst_ni -> _16229_/RESET_B : -14.398140
[setup in-reg] rst_ni -> _16230_/RESET_B : -14.398140
[setup in-reg] rst_ni -> _16231_/RESET_B : -14.398140
[setup in-reg] rst_ni -> _16232_/RESET_B : -14.398140
[setup in-reg] rst_ni -> _16233_/RESET_B : -14.398140
[setup in-reg] rst_ni -> _16234_/RESET_B : -14.398140
[setup in-reg] rst_ni -> _16235_/RESET_B : -14.398140
[setup in-reg] rst_ni -> _16236_/RESET_B : -14.398140
[setup in-reg] rst_ni -> _16237_/RESET_B : -14.398140
[setup in-reg] rst_ni -> _16238_/RESET_B : -14.398140
[setup in-reg] rst_ni -> _16239_/RESET_B : -14.398140
[setup in-reg] rst_ni -> _16240_/RESET_B : -14.398140
[setup in-reg] rst_ni -> _16241_/RESET_B : -14.398140
[setup in-reg] rst_ni -> _16242_/RESET_B : -14.398140
[setup in-reg] rst_ni -> _16243_/RESET_B : -14.398140
[setup in-reg] rst_ni -> _16244_/RESET_B : -14.398140
[setup in-reg] rst_ni -> _16245_/RESET_B : -14.398140
[setup in-reg] rst_ni -> _16246_/RESET_B : -14.398140
[setup in-reg] rst_ni -> _16247_/RESET_B : -14.398140
[setup in-reg] rst_ni -> _16248_/RESET_B : -14.398140
[setup in-reg] rst_ni -> _16249_/RESET_B : -14.398140
[setup in-reg] rst_ni -> _16250_/RESET_B : -14.398140
[setup in-reg] rst_ni -> _16251_/RESET_B : -14.398140
[setup in-reg] rst_ni -> _16252_/RESET_B : -14.398140
[setup in-reg] rst_ni -> _14383_/SET_B : -5.723359
[setup in-reg] rst_ni -> _14384_/SET_B : -5.723359
[setup in-reg] rst_ni -> _14456_/SET_B : -5.723359
[setup in-reg] rst_ni -> _14609_/SET_B : -5.723359
[setup in-reg] rst_ni -> _14686_/SET_B : -5.723359
[setup in-reg] rst_ni -> _14719_/SET_B : -5.723359
[setup in-reg] rst_ni -> _14720_/SET_B : -5.723359
[setup in-reg] rst_ni -> _14860_/SET_B : -5.723359
