
63. Executing PROC_DLATCH pass (convert process syncs to latches).
No latch inferred for signal `\ibex_top.\gen_noscramble.unused_scramble_inputs' from process `\ibex_top.$proc$/work/src/ibex_top.v:542$800'.
No latch inferred for signal `\ibex_top.\scramble_key_valid_q' from process `\ibex_top.$proc$/work/src/ibex_top.v:556$783'.
No latch inferred for signal `\ibex_top.\scramble_nonce_q' from process `\ibex_top.$proc$/work/src/ibex_top.v:553$782'.
No latch inferred for signal `\ibex_top.\scramble_key_q' from process `\ibex_top.$proc$/work/src/ibex_top.v:550$781'.
No latch inferred for signal `\ibex_top.\scramble_req_q' from process `\ibex_top.$proc$/work/src/ibex_top.v:546$780'.
No latch inferred for signal `$paramod\ibex_alu\RV32B=s32'00000000000000000000000000000000.\_sv2v_0' from process `$paramod\ibex_alu\RV32B=s32'00000000000000000000000000000000.$proc$/work/src/ibex_alu.v:0$2471'.
No latch inferred for signal `$paramod\ibex_alu\RV32B=s32'00000000000000000000000000000000.\imd_val_we_o' from process `$paramod\ibex_alu\RV32B=s32'00000000000000000000000000000000.$proc$/work/src/ibex_alu.v:858$2470'.
No latch inferred for signal `$paramod\ibex_alu\RV32B=s32'00000000000000000000000000000000.\imd_val_d_o' from process `$paramod\ibex_alu\RV32B=s32'00000000000000000000000000000000.$proc$/work/src/ibex_alu.v:855$2469'.
No latch inferred for signal `$paramod\ibex_alu\RV32B=s32'00000000000000000000000000000000.\multicycle_result' from process `$paramod\ibex_alu\RV32B=s32'00000000000000000000000000000000.$proc$/work/src/ibex_alu.v:852$2468'.
No latch inferred for signal `$paramod\ibex_alu\RV32B=s32'00000000000000000000000000000000.\clmul_result' from process `$paramod\ibex_alu\RV32B=s32'00000000000000000000000000000000.$proc$/work/src/ibex_alu.v:849$2467'.
No latch inferred for signal `$paramod\ibex_alu\RV32B=s32'00000000000000000000000000000000.\invbutterfly_result' from process `$paramod\ibex_alu\RV32B=s32'00000000000000000000000000000000.$proc$/work/src/ibex_alu.v:846$2466'.
No latch inferred for signal `$paramod\ibex_alu\RV32B=s32'00000000000000000000000000000000.\butterfly_result' from process `$paramod\ibex_alu\RV32B=s32'00000000000000000000000000000000.$proc$/work/src/ibex_alu.v:843$2465'.
No latch inferred for signal `$paramod\ibex_alu\RV32B=s32'00000000000000000000000000000000.\shuffle_result' from process `$paramod\ibex_alu\RV32B=s32'00000000000000000000000000000000.$proc$/work/src/ibex_alu.v:839$2464'.
No latch inferred for signal `$paramod\ibex_alu\RV32B=s32'00000000000000000000000000000000.\rev_result' from process `$paramod\ibex_alu\RV32B=s32'00000000000000000000000000000000.$proc$/work/src/ibex_alu.v:836$2463'.
No latch inferred for signal `$paramod\ibex_alu\RV32B=s32'00000000000000000000000000000000.\singlebit_result' from process `$paramod\ibex_alu\RV32B=s32'00000000000000000000000000000000.$proc$/work/src/ibex_alu.v:833$2462'.
No latch inferred for signal `$paramod\ibex_alu\RV32B=s32'00000000000000000000000000000000.\pack_result' from process `$paramod\ibex_alu\RV32B=s32'00000000000000000000000000000000.$proc$/work/src/ibex_alu.v:829$2461'.
No latch inferred for signal `$paramod\ibex_alu\RV32B=s32'00000000000000000000000000000000.\result_o' from process `$paramod\ibex_alu\RV32B=s32'00000000000000000000000000000000.$proc$/work/src/ibex_alu.v:861$2460'.
No latch inferred for signal `$paramod\ibex_alu\RV32B=s32'00000000000000000000000000000000.\bwlogic_result' from process `$paramod\ibex_alu\RV32B=s32'00000000000000000000000000000000.$proc$/work/src/ibex_alu.v:247$2459'.
No latch inferred for signal `$paramod\ibex_alu\RV32B=s32'00000000000000000000000000000000.\bwlogic_op_b_negate' from process `$paramod\ibex_alu\RV32B=s32'00000000000000000000000000000000.$proc$/work/src/ibex_alu.v:231$2448'.
No latch inferred for signal `$paramod\ibex_alu\RV32B=s32'00000000000000000000000000000000.\shift_operand' from process `$paramod\ibex_alu\RV32B=s32'00000000000000000000000000000000.$proc$/work/src/ibex_alu.v:200$2442'.
No latch inferred for signal `$paramod\ibex_alu\RV32B=s32'00000000000000000000000000000000.\shift_result_ext_signed' from process `$paramod\ibex_alu\RV32B=s32'00000000000000000000000000000000.$proc$/work/src/ibex_alu.v:200$2442'.
No latch inferred for signal `$paramod\ibex_alu\RV32B=s32'00000000000000000000000000000000.\shift_result_ext' from process `$paramod\ibex_alu\RV32B=s32'00000000000000000000000000000000.$proc$/work/src/ibex_alu.v:200$2442'.
No latch inferred for signal `$paramod\ibex_alu\RV32B=s32'00000000000000000000000000000000.\unused_shift_result_ext' from process `$paramod\ibex_alu\RV32B=s32'00000000000000000000000000000000.$proc$/work/src/ibex_alu.v:200$2442'.
No latch inferred for signal `$paramod\ibex_alu\RV32B=s32'00000000000000000000000000000000.\shift_result' from process `$paramod\ibex_alu\RV32B=s32'00000000000000000000000000000000.$proc$/work/src/ibex_alu.v:200$2442'.
No latch inferred for signal `$paramod\ibex_alu\RV32B=s32'00000000000000000000000000000000.\shift_result_rev' from process `$paramod\ibex_alu\RV32B=s32'00000000000000000000000000000000.$proc$/work/src/ibex_alu.v:200$2442'.
No latch inferred for signal `$paramod\ibex_alu\RV32B=s32'00000000000000000000000000000000.\sv2v_autoblock_1.i' from process `$paramod\ibex_alu\RV32B=s32'00000000000000000000000000000000.$proc$/work/src/ibex_alu.v:200$2442'.
No latch inferred for signal `$paramod\ibex_alu\RV32B=s32'00000000000000000000000000000000.\shift_left' from process `$paramod\ibex_alu\RV32B=s32'00000000000000000000000000000000.$proc$/work/src/ibex_alu.v:180$2440'.
No latch inferred for signal `$paramod\ibex_alu\RV32B=s32'00000000000000000000000000000000.\shift_amt [4:0]' from process `$paramod\ibex_alu\RV32B=s32'00000000000000000000000000000000.$proc$/work/src/ibex_alu.v:171$2434'.
No latch inferred for signal `$paramod\ibex_alu\RV32B=s32'00000000000000000000000000000000.\shift_amt [5]' from process `$paramod\ibex_alu\RV32B=s32'00000000000000000000000000000000.$proc$/work/src/ibex_alu.v:169$2432'.
No latch inferred for signal `$paramod\ibex_alu\RV32B=s32'00000000000000000000000000000000.\cmp_result' from process `$paramod\ibex_alu\RV32B=s32'00000000000000000000000000000000.$proc$/work/src/ibex_alu.v:123$2426'.
No latch inferred for signal `$paramod\ibex_alu\RV32B=s32'00000000000000000000000000000000.\is_greater_equal' from process `$paramod\ibex_alu\RV32B=s32'00000000000000000000000000000000.$proc$/work/src/ibex_alu.v:114$2421'.
No latch inferred for signal `$paramod\ibex_alu\RV32B=s32'00000000000000000000000000000000.\cmp_signed' from process `$paramod\ibex_alu\RV32B=s32'00000000000000000000000000000000.$proc$/work/src/ibex_alu.v:103$2419'.
No latch inferred for signal `$paramod\ibex_alu\RV32B=s32'00000000000000000000000000000000.\adder_in_b' from process `$paramod\ibex_alu\RV32B=s32'00000000000000000000000000000000.$proc$/work/src/ibex_alu.v:87$2417'.
No latch inferred for signal `$paramod\ibex_alu\RV32B=s32'00000000000000000000000000000000.\adder_in_a' from process `$paramod\ibex_alu\RV32B=s32'00000000000000000000000000000000.$proc$/work/src/ibex_alu.v:74$2415'.
No latch inferred for signal `$paramod\ibex_alu\RV32B=s32'00000000000000000000000000000000.\adder_op_a_shift1' from process `$paramod\ibex_alu\RV32B=s32'00000000000000000000000000000000.$proc$/work/src/ibex_alu.v:51$2414'.
No latch inferred for signal `$paramod\ibex_alu\RV32B=s32'00000000000000000000000000000000.\adder_op_a_shift2' from process `$paramod\ibex_alu\RV32B=s32'00000000000000000000000000000000.$proc$/work/src/ibex_alu.v:51$2414'.
No latch inferred for signal `$paramod\ibex_alu\RV32B=s32'00000000000000000000000000000000.\adder_op_a_shift3' from process `$paramod\ibex_alu\RV32B=s32'00000000000000000000000000000000.$proc$/work/src/ibex_alu.v:51$2414'.
No latch inferred for signal `$paramod\ibex_alu\RV32B=s32'00000000000000000000000000000000.\adder_op_b_negate' from process `$paramod\ibex_alu\RV32B=s32'00000000000000000000000000000000.$proc$/work/src/ibex_alu.v:51$2414'.
No latch inferred for signal `$paramod$e6b6d8eec746808c1a487eeea1c00388e00f4eee\ibex_decoder.\_sv2v_0' from process `$paramod$e6b6d8eec746808c1a487eeea1c00388e00f4eee\ibex_decoder.$proc$/work/src/ibex_decoder.v:0$2413'.
No latch inferred for signal `$paramod$e6b6d8eec746808c1a487eeea1c00388e00f4eee\ibex_decoder.\use_rs3_q' from process `$paramod$e6b6d8eec746808c1a487eeea1c00388e00f4eee\ibex_decoder.$proc$/work/src/ibex_decoder.v:186$2411'.
No latch inferred for signal `$paramod$e6b6d8eec746808c1a487eeea1c00388e00f4eee\ibex_decoder.\imm_a_mux_sel_o' from process `$paramod$e6b6d8eec746808c1a487eeea1c00388e00f4eee\ibex_decoder.$proc$/work/src/ibex_decoder.v:682$2386'.
No latch inferred for signal `$paramod$e6b6d8eec746808c1a487eeea1c00388e00f4eee\ibex_decoder.\imm_b_mux_sel_o' from process `$paramod$e6b6d8eec746808c1a487eeea1c00388e00f4eee\ibex_decoder.$proc$/work/src/ibex_decoder.v:682$2386'.
No latch inferred for signal `$paramod$e6b6d8eec746808c1a487eeea1c00388e00f4eee\ibex_decoder.\bt_a_mux_sel_o' from process `$paramod$e6b6d8eec746808c1a487eeea1c00388e00f4eee\ibex_decoder.$proc$/work/src/ibex_decoder.v:682$2386'.
No latch inferred for signal `$paramod$e6b6d8eec746808c1a487eeea1c00388e00f4eee\ibex_decoder.\bt_b_mux_sel_o' from process `$paramod$e6b6d8eec746808c1a487eeea1c00388e00f4eee\ibex_decoder.$proc$/work/src/ibex_decoder.v:682$2386'.
No latch inferred for signal `$paramod$e6b6d8eec746808c1a487eeea1c00388e00f4eee\ibex_decoder.\alu_operator_o' from process `$paramod$e6b6d8eec746808c1a487eeea1c00388e00f4eee\ibex_decoder.$proc$/work/src/ibex_decoder.v:682$2386'.
No latch inferred for signal `$paramod$e6b6d8eec746808c1a487eeea1c00388e00f4eee\ibex_decoder.\alu_op_a_mux_sel_o' from process `$paramod$e6b6d8eec746808c1a487eeea1c00388e00f4eee\ibex_decoder.$proc$/work/src/ibex_decoder.v:682$2386'.
No latch inferred for signal `$paramod$e6b6d8eec746808c1a487eeea1c00388e00f4eee\ibex_decoder.\alu_op_b_mux_sel_o' from process `$paramod$e6b6d8eec746808c1a487eeea1c00388e00f4eee\ibex_decoder.$proc$/work/src/ibex_decoder.v:682$2386'.
No latch inferred for signal `$paramod$e6b6d8eec746808c1a487eeea1c00388e00f4eee\ibex_decoder.\alu_multicycle_o' from process `$paramod$e6b6d8eec746808c1a487eeea1c00388e00f4eee\ibex_decoder.$proc$/work/src/ibex_decoder.v:682$2386'.
No latch inferred for signal `$paramod$e6b6d8eec746808c1a487eeea1c00388e00f4eee\ibex_decoder.\mult_sel_o' from process `$paramod$e6b6d8eec746808c1a487eeea1c00388e00f4eee\ibex_decoder.$proc$/work/src/ibex_decoder.v:682$2386'.
No latch inferred for signal `$paramod$e6b6d8eec746808c1a487eeea1c00388e00f4eee\ibex_decoder.\div_sel_o' from process `$paramod$e6b6d8eec746808c1a487eeea1c00388e00f4eee\ibex_decoder.$proc$/work/src/ibex_decoder.v:682$2386'.
No latch inferred for signal `$paramod$e6b6d8eec746808c1a487eeea1c00388e00f4eee\ibex_decoder.\use_rs3_d' from process `$paramod$e6b6d8eec746808c1a487eeea1c00388e00f4eee\ibex_decoder.$proc$/work/src/ibex_decoder.v:682$2386'.
No latch inferred for signal `$paramod$e6b6d8eec746808c1a487eeea1c00388e00f4eee\ibex_decoder.\opcode_alu' from process `$paramod$e6b6d8eec746808c1a487eeea1c00388e00f4eee\ibex_decoder.$proc$/work/src/ibex_decoder.v:682$2386'.
No latch inferred for signal `$paramod$e6b6d8eec746808c1a487eeea1c00388e00f4eee\ibex_decoder.\data_req_o' from process `$paramod$e6b6d8eec746808c1a487eeea1c00388e00f4eee\ibex_decoder.$proc$/work/src/ibex_decoder.v:228$2324'.
No latch inferred for signal `$paramod$e6b6d8eec746808c1a487eeea1c00388e00f4eee\ibex_decoder.\data_we_o' from process `$paramod$e6b6d8eec746808c1a487eeea1c00388e00f4eee\ibex_decoder.$proc$/work/src/ibex_decoder.v:228$2324'.
No latch inferred for signal `$paramod$e6b6d8eec746808c1a487eeea1c00388e00f4eee\ibex_decoder.\csr_op' from process `$paramod$e6b6d8eec746808c1a487eeea1c00388e00f4eee\ibex_decoder.$proc$/work/src/ibex_decoder.v:228$2324'.
No latch inferred for signal `$paramod$e6b6d8eec746808c1a487eeea1c00388e00f4eee\ibex_decoder.\icache_inval_o' from process `$paramod$e6b6d8eec746808c1a487eeea1c00388e00f4eee\ibex_decoder.$proc$/work/src/ibex_decoder.v:228$2324'.
No latch inferred for signal `$paramod$e6b6d8eec746808c1a487eeea1c00388e00f4eee\ibex_decoder.\csr_access_o' from process `$paramod$e6b6d8eec746808c1a487eeea1c00388e00f4eee\ibex_decoder.$proc$/work/src/ibex_decoder.v:228$2324'.
No latch inferred for signal `$paramod$e6b6d8eec746808c1a487eeea1c00388e00f4eee\ibex_decoder.\rf_ren_a_o' from process `$paramod$e6b6d8eec746808c1a487eeea1c00388e00f4eee\ibex_decoder.$proc$/work/src/ibex_decoder.v:228$2324'.
No latch inferred for signal `$paramod$e6b6d8eec746808c1a487eeea1c00388e00f4eee\ibex_decoder.\rf_ren_b_o' from process `$paramod$e6b6d8eec746808c1a487eeea1c00388e00f4eee\ibex_decoder.$proc$/work/src/ibex_decoder.v:228$2324'.
No latch inferred for signal `$paramod$e6b6d8eec746808c1a487eeea1c00388e00f4eee\ibex_decoder.\cheriot_operator_o' from process `$paramod$e6b6d8eec746808c1a487eeea1c00388e00f4eee\ibex_decoder.$proc$/work/src/ibex_decoder.v:228$2324'.
No latch inferred for signal `$paramod$e6b6d8eec746808c1a487eeea1c00388e00f4eee\ibex_decoder.\cheriot_cap_field_sel_o' from process `$paramod$e6b6d8eec746808c1a487eeea1c00388e00f4eee\ibex_decoder.$proc$/work/src/ibex_decoder.v:228$2324'.
No latch inferred for signal `$paramod$e6b6d8eec746808c1a487eeea1c00388e00f4eee\ibex_decoder.\cheriot_adder_a_sel_o' from process `$paramod$e6b6d8eec746808c1a487eeea1c00388e00f4eee\ibex_decoder.$proc$/work/src/ibex_decoder.v:228$2324'.
No latch inferred for signal `$paramod$e6b6d8eec746808c1a487eeea1c00388e00f4eee\ibex_decoder.\cheriot_adder_b_sel_o' from process `$paramod$e6b6d8eec746808c1a487eeea1c00388e00f4eee\ibex_decoder.$proc$/work/src/ibex_decoder.v:228$2324'.
No latch inferred for signal `$paramod$e6b6d8eec746808c1a487eeea1c00388e00f4eee\ibex_decoder.\cheriot_setaddr_sel_o' from process `$paramod$e6b6d8eec746808c1a487eeea1c00388e00f4eee\ibex_decoder.$proc$/work/src/ibex_decoder.v:228$2324'.
No latch inferred for signal `$paramod$e6b6d8eec746808c1a487eeea1c00388e00f4eee\ibex_decoder.\cheriot_setbounds_sel_o' from process `$paramod$e6b6d8eec746808c1a487eeea1c00388e00f4eee\ibex_decoder.$proc$/work/src/ibex_decoder.v:228$2324'.
No latch inferred for signal `$paramod$e6b6d8eec746808c1a487eeea1c00388e00f4eee\ibex_decoder.\ebrk_insn_o' from process `$paramod$e6b6d8eec746808c1a487eeea1c00388e00f4eee\ibex_decoder.$proc$/work/src/ibex_decoder.v:228$2324'.
No latch inferred for signal `$paramod$e6b6d8eec746808c1a487eeea1c00388e00f4eee\ibex_decoder.\mret_insn_o' from process `$paramod$e6b6d8eec746808c1a487eeea1c00388e00f4eee\ibex_decoder.$proc$/work/src/ibex_decoder.v:228$2324'.
No latch inferred for signal `$paramod$e6b6d8eec746808c1a487eeea1c00388e00f4eee\ibex_decoder.\dret_insn_o' from process `$paramod$e6b6d8eec746808c1a487eeea1c00388e00f4eee\ibex_decoder.$proc$/work/src/ibex_decoder.v:228$2324'.
No latch inferred for signal `$paramod$e6b6d8eec746808c1a487eeea1c00388e00f4eee\ibex_decoder.\ecall_insn_o' from process `$paramod$e6b6d8eec746808c1a487eeea1c00388e00f4eee\ibex_decoder.$proc$/work/src/ibex_decoder.v:228$2324'.
No latch inferred for signal `$paramod$e6b6d8eec746808c1a487eeea1c00388e00f4eee\ibex_decoder.\wfi_insn_o' from process `$paramod$e6b6d8eec746808c1a487eeea1c00388e00f4eee\ibex_decoder.$proc$/work/src/ibex_decoder.v:228$2324'.
No latch inferred for signal `$paramod$e6b6d8eec746808c1a487eeea1c00388e00f4eee\ibex_decoder.\jump_set_o' from process `$paramod$e6b6d8eec746808c1a487eeea1c00388e00f4eee\ibex_decoder.$proc$/work/src/ibex_decoder.v:228$2324'.
No latch inferred for signal `$paramod$e6b6d8eec746808c1a487eeea1c00388e00f4eee\ibex_decoder.\rf_wdata_sel_o' from process `$paramod$e6b6d8eec746808c1a487eeea1c00388e00f4eee\ibex_decoder.$proc$/work/src/ibex_decoder.v:228$2324'.
No latch inferred for signal `$paramod$e6b6d8eec746808c1a487eeea1c00388e00f4eee\ibex_decoder.\multdiv_operator_o' from process `$paramod$e6b6d8eec746808c1a487eeea1c00388e00f4eee\ibex_decoder.$proc$/work/src/ibex_decoder.v:228$2324'.
No latch inferred for signal `$paramod$e6b6d8eec746808c1a487eeea1c00388e00f4eee\ibex_decoder.\multdiv_signed_mode_o' from process `$paramod$e6b6d8eec746808c1a487eeea1c00388e00f4eee\ibex_decoder.$proc$/work/src/ibex_decoder.v:228$2324'.
No latch inferred for signal `$paramod$e6b6d8eec746808c1a487eeea1c00388e00f4eee\ibex_decoder.\csr_cheriot_always_ok_o' from process `$paramod$e6b6d8eec746808c1a487eeea1c00388e00f4eee\ibex_decoder.$proc$/work/src/ibex_decoder.v:228$2324'.
No latch inferred for signal `$paramod$e6b6d8eec746808c1a487eeea1c00388e00f4eee\ibex_decoder.\cheriot_data_req_o' from process `$paramod$e6b6d8eec746808c1a487eeea1c00388e00f4eee\ibex_decoder.$proc$/work/src/ibex_decoder.v:228$2324'.
No latch inferred for signal `$paramod$e6b6d8eec746808c1a487eeea1c00388e00f4eee\ibex_decoder.\data_type_o' from process `$paramod$e6b6d8eec746808c1a487eeea1c00388e00f4eee\ibex_decoder.$proc$/work/src/ibex_decoder.v:228$2324'.
No latch inferred for signal `$paramod$e6b6d8eec746808c1a487eeea1c00388e00f4eee\ibex_decoder.\data_sign_extension_o' from process `$paramod$e6b6d8eec746808c1a487eeea1c00388e00f4eee\ibex_decoder.$proc$/work/src/ibex_decoder.v:228$2324'.
No latch inferred for signal `$paramod$e6b6d8eec746808c1a487eeea1c00388e00f4eee\ibex_decoder.\jump_in_dec_o' from process `$paramod$e6b6d8eec746808c1a487eeea1c00388e00f4eee\ibex_decoder.$proc$/work/src/ibex_decoder.v:228$2324'.
No latch inferred for signal `$paramod$e6b6d8eec746808c1a487eeea1c00388e00f4eee\ibex_decoder.\branch_in_dec_o' from process `$paramod$e6b6d8eec746808c1a487eeea1c00388e00f4eee\ibex_decoder.$proc$/work/src/ibex_decoder.v:228$2324'.
No latch inferred for signal `$paramod$e6b6d8eec746808c1a487eeea1c00388e00f4eee\ibex_decoder.\instr_is_cheriot_o' from process `$paramod$e6b6d8eec746808c1a487eeea1c00388e00f4eee\ibex_decoder.$proc$/work/src/ibex_decoder.v:228$2324'.
No latch inferred for signal `$paramod$e6b6d8eec746808c1a487eeea1c00388e00f4eee\ibex_decoder.\illegal_insn' from process `$paramod$e6b6d8eec746808c1a487eeea1c00388e00f4eee\ibex_decoder.$proc$/work/src/ibex_decoder.v:228$2324'.
No latch inferred for signal `$paramod$e6b6d8eec746808c1a487eeea1c00388e00f4eee\ibex_decoder.\csr_illegal' from process `$paramod$e6b6d8eec746808c1a487eeea1c00388e00f4eee\ibex_decoder.$proc$/work/src/ibex_decoder.v:228$2324'.
No latch inferred for signal `$paramod$e6b6d8eec746808c1a487eeea1c00388e00f4eee\ibex_decoder.\rf_we' from process `$paramod$e6b6d8eec746808c1a487eeea1c00388e00f4eee\ibex_decoder.$proc$/work/src/ibex_decoder.v:228$2324'.
No latch inferred for signal `$paramod$e6b6d8eec746808c1a487eeea1c00388e00f4eee\ibex_decoder.\opcode' from process `$paramod$e6b6d8eec746808c1a487eeea1c00388e00f4eee\ibex_decoder.$proc$/work/src/ibex_decoder.v:228$2324'.
No latch inferred for signal `$paramod$e6b6d8eec746808c1a487eeea1c00388e00f4eee\ibex_decoder.\csr_op_o' from process `$paramod$e6b6d8eec746808c1a487eeea1c00388e00f4eee\ibex_decoder.$proc$/work/src/ibex_decoder.v:221$2318'.
No latch inferred for signal `$paramod$ad32fe27c0dd24fa98ff040673e62dee8d3b63ce\ibex_controller.\_sv2v_0' from process `$paramod$ad32fe27c0dd24fa98ff040673e62dee8d3b63ce\ibex_controller.$proc$/work/src/ibex_controller.v:0$2311'.
No latch inferred for signal `$paramod$ad32fe27c0dd24fa98ff040673e62dee8d3b63ce\ibex_controller.\cheriot_asr_err_q' from process `$paramod$ad32fe27c0dd24fa98ff040673e62dee8d3b63ce\ibex_controller.$proc$/work/src/ibex_controller.v:779$2310'.
No latch inferred for signal `$paramod$ad32fe27c0dd24fa98ff040673e62dee8d3b63ce\ibex_controller.\cheriot_wb_err_q' from process `$paramod$ad32fe27c0dd24fa98ff040673e62dee8d3b63ce\ibex_controller.$proc$/work/src/ibex_controller.v:776$2309'.
No latch inferred for signal `$paramod$ad32fe27c0dd24fa98ff040673e62dee8d3b63ce\ibex_controller.\cheriot_ex_err_q' from process `$paramod$ad32fe27c0dd24fa98ff040673e62dee8d3b63ce\ibex_controller.$proc$/work/src/ibex_controller.v:773$2308'.
No latch inferred for signal `$paramod$ad32fe27c0dd24fa98ff040673e62dee8d3b63ce\ibex_controller.\lsu_err_is_cheriot_q' from process `$paramod$ad32fe27c0dd24fa98ff040673e62dee8d3b63ce\ibex_controller.$proc$/work/src/ibex_controller.v:770$2307'.
No latch inferred for signal `$paramod$ad32fe27c0dd24fa98ff040673e62dee8d3b63ce\ibex_controller.\instr_fetch_err_prio' from process `$paramod$ad32fe27c0dd24fa98ff040673e62dee8d3b63ce\ibex_controller.$proc$/work/src/ibex_controller.v:279$2295'.
No latch inferred for signal `$paramod$ad32fe27c0dd24fa98ff040673e62dee8d3b63ce\ibex_controller.\illegal_insn_prio' from process `$paramod$ad32fe27c0dd24fa98ff040673e62dee8d3b63ce\ibex_controller.$proc$/work/src/ibex_controller.v:279$2295'.
No latch inferred for signal `$paramod$ad32fe27c0dd24fa98ff040673e62dee8d3b63ce\ibex_controller.\ecall_insn_prio' from process `$paramod$ad32fe27c0dd24fa98ff040673e62dee8d3b63ce\ibex_controller.$proc$/work/src/ibex_controller.v:279$2295'.
No latch inferred for signal `$paramod$ad32fe27c0dd24fa98ff040673e62dee8d3b63ce\ibex_controller.\ebrk_insn_prio' from process `$paramod$ad32fe27c0dd24fa98ff040673e62dee8d3b63ce\ibex_controller.$proc$/work/src/ibex_controller.v:279$2295'.
No latch inferred for signal `$paramod$ad32fe27c0dd24fa98ff040673e62dee8d3b63ce\ibex_controller.\store_err_prio' from process `$paramod$ad32fe27c0dd24fa98ff040673e62dee8d3b63ce\ibex_controller.$proc$/work/src/ibex_controller.v:279$2295'.
No latch inferred for signal `$paramod$ad32fe27c0dd24fa98ff040673e62dee8d3b63ce\ibex_controller.\load_err_prio' from process `$paramod$ad32fe27c0dd24fa98ff040673e62dee8d3b63ce\ibex_controller.$proc$/work/src/ibex_controller.v:279$2295'.
No latch inferred for signal `$paramod$ad32fe27c0dd24fa98ff040673e62dee8d3b63ce\ibex_controller.\cheriot_ex_err_prio' from process `$paramod$ad32fe27c0dd24fa98ff040673e62dee8d3b63ce\ibex_controller.$proc$/work/src/ibex_controller.v:279$2295'.
No latch inferred for signal `$paramod$ad32fe27c0dd24fa98ff040673e62dee8d3b63ce\ibex_controller.\cheriot_wb_err_prio' from process `$paramod$ad32fe27c0dd24fa98ff040673e62dee8d3b63ce\ibex_controller.$proc$/work/src/ibex_controller.v:279$2295'.
No latch inferred for signal `$paramod$ad32fe27c0dd24fa98ff040673e62dee8d3b63ce\ibex_controller.\cheriot_asr_err_prio' from process `$paramod$ad32fe27c0dd24fa98ff040673e62dee8d3b63ce\ibex_controller.$proc$/work/src/ibex_controller.v:279$2295'.
No latch inferred for signal `$paramod$ad32fe27c0dd24fa98ff040673e62dee8d3b63ce\ibex_controller.\instr_req_o' from process `$paramod$ad32fe27c0dd24fa98ff040673e62dee8d3b63ce\ibex_controller.$proc$/work/src/ibex_controller.v:437$2204'.
No latch inferred for signal `$paramod$ad32fe27c0dd24fa98ff040673e62dee8d3b63ce\ibex_controller.\ctrl_busy_o' from process `$paramod$ad32fe27c0dd24fa98ff040673e62dee8d3b63ce\ibex_controller.$proc$/work/src/ibex_controller.v:437$2204'.
No latch inferred for signal `$paramod$ad32fe27c0dd24fa98ff040673e62dee8d3b63ce\ibex_controller.\pc_set_o' from process `$paramod$ad32fe27c0dd24fa98ff040673e62dee8d3b63ce\ibex_controller.$proc$/work/src/ibex_controller.v:437$2204'.
No latch inferred for signal `$paramod$ad32fe27c0dd24fa98ff040673e62dee8d3b63ce\ibex_controller.\pc_mux_o' from process `$paramod$ad32fe27c0dd24fa98ff040673e62dee8d3b63ce\ibex_controller.$proc$/work/src/ibex_controller.v:437$2204'.
No latch inferred for signal `$paramod$ad32fe27c0dd24fa98ff040673e62dee8d3b63ce\ibex_controller.\nt_branch_mispredict_o' from process `$paramod$ad32fe27c0dd24fa98ff040673e62dee8d3b63ce\ibex_controller.$proc$/work/src/ibex_controller.v:437$2204'.
No latch inferred for signal `$paramod$ad32fe27c0dd24fa98ff040673e62dee8d3b63ce\ibex_controller.\exc_pc_mux_o' from process `$paramod$ad32fe27c0dd24fa98ff040673e62dee8d3b63ce\ibex_controller.$proc$/work/src/ibex_controller.v:437$2204'.
No latch inferred for signal `$paramod$ad32fe27c0dd24fa98ff040673e62dee8d3b63ce\ibex_controller.\exc_cause_o' from process `$paramod$ad32fe27c0dd24fa98ff040673e62dee8d3b63ce\ibex_controller.$proc$/work/src/ibex_controller.v:437$2204'.
No latch inferred for signal `$paramod$ad32fe27c0dd24fa98ff040673e62dee8d3b63ce\ibex_controller.\csr_save_if_o' from process `$paramod$ad32fe27c0dd24fa98ff040673e62dee8d3b63ce\ibex_controller.$proc$/work/src/ibex_controller.v:437$2204'.
No latch inferred for signal `$paramod$ad32fe27c0dd24fa98ff040673e62dee8d3b63ce\ibex_controller.\csr_save_id_o' from process `$paramod$ad32fe27c0dd24fa98ff040673e62dee8d3b63ce\ibex_controller.$proc$/work/src/ibex_controller.v:437$2204'.
No latch inferred for signal `$paramod$ad32fe27c0dd24fa98ff040673e62dee8d3b63ce\ibex_controller.\csr_save_wb_o' from process `$paramod$ad32fe27c0dd24fa98ff040673e62dee8d3b63ce\ibex_controller.$proc$/work/src/ibex_controller.v:437$2204'.
No latch inferred for signal `$paramod$ad32fe27c0dd24fa98ff040673e62dee8d3b63ce\ibex_controller.\csr_restore_mret_id_o' from process `$paramod$ad32fe27c0dd24fa98ff040673e62dee8d3b63ce\ibex_controller.$proc$/work/src/ibex_controller.v:437$2204'.
No latch inferred for signal `$paramod$ad32fe27c0dd24fa98ff040673e62dee8d3b63ce\ibex_controller.\csr_restore_dret_id_o' from process `$paramod$ad32fe27c0dd24fa98ff040673e62dee8d3b63ce\ibex_controller.$proc$/work/src/ibex_controller.v:437$2204'.
No latch inferred for signal `$paramod$ad32fe27c0dd24fa98ff040673e62dee8d3b63ce\ibex_controller.\csr_save_cause_o' from process `$paramod$ad32fe27c0dd24fa98ff040673e62dee8d3b63ce\ibex_controller.$proc$/work/src/ibex_controller.v:437$2204'.
No latch inferred for signal `$paramod$ad32fe27c0dd24fa98ff040673e62dee8d3b63ce\ibex_controller.\csr_mepcc_clrtag_o' from process `$paramod$ad32fe27c0dd24fa98ff040673e62dee8d3b63ce\ibex_controller.$proc$/work/src/ibex_controller.v:437$2204'.
No latch inferred for signal `$paramod$ad32fe27c0dd24fa98ff040673e62dee8d3b63ce\ibex_controller.\csr_mtval_o' from process `$paramod$ad32fe27c0dd24fa98ff040673e62dee8d3b63ce\ibex_controller.$proc$/work/src/ibex_controller.v:437$2204'.
No latch inferred for signal `$paramod$ad32fe27c0dd24fa98ff040673e62dee8d3b63ce\ibex_controller.\debug_mode_entering_o' from process `$paramod$ad32fe27c0dd24fa98ff040673e62dee8d3b63ce\ibex_controller.$proc$/work/src/ibex_controller.v:437$2204'.
No latch inferred for signal `$paramod$ad32fe27c0dd24fa98ff040673e62dee8d3b63ce\ibex_controller.\debug_csr_save_o' from process `$paramod$ad32fe27c0dd24fa98ff040673e62dee8d3b63ce\ibex_controller.$proc$/work/src/ibex_controller.v:437$2204'.
No latch inferred for signal `$paramod$ad32fe27c0dd24fa98ff040673e62dee8d3b63ce\ibex_controller.\perf_jump_o' from process `$paramod$ad32fe27c0dd24fa98ff040673e62dee8d3b63ce\ibex_controller.$proc$/work/src/ibex_controller.v:437$2204'.
No latch inferred for signal `$paramod$ad32fe27c0dd24fa98ff040673e62dee8d3b63ce\ibex_controller.\perf_tbranch_o' from process `$paramod$ad32fe27c0dd24fa98ff040673e62dee8d3b63ce\ibex_controller.$proc$/work/src/ibex_controller.v:437$2204'.
No latch inferred for signal `$paramod$ad32fe27c0dd24fa98ff040673e62dee8d3b63ce\ibex_controller.\flush_id' from process `$paramod$ad32fe27c0dd24fa98ff040673e62dee8d3b63ce\ibex_controller.$proc$/work/src/ibex_controller.v:437$2204'.
No latch inferred for signal `$paramod$ad32fe27c0dd24fa98ff040673e62dee8d3b63ce\ibex_controller.\controller_run_o' from process `$paramod$ad32fe27c0dd24fa98ff040673e62dee8d3b63ce\ibex_controller.$proc$/work/src/ibex_controller.v:437$2204'.
No latch inferred for signal `$paramod$ad32fe27c0dd24fa98ff040673e62dee8d3b63ce\ibex_controller.\ctrl_fsm_ns' from process `$paramod$ad32fe27c0dd24fa98ff040673e62dee8d3b63ce\ibex_controller.$proc$/work/src/ibex_controller.v:437$2204'.
No latch inferred for signal `$paramod$ad32fe27c0dd24fa98ff040673e62dee8d3b63ce\ibex_controller.\nmi_mode_d' from process `$paramod$ad32fe27c0dd24fa98ff040673e62dee8d3b63ce\ibex_controller.$proc$/work/src/ibex_controller.v:437$2204'.
No latch inferred for signal `$paramod$ad32fe27c0dd24fa98ff040673e62dee8d3b63ce\ibex_controller.\debug_mode_d' from process `$paramod$ad32fe27c0dd24fa98ff040673e62dee8d3b63ce\ibex_controller.$proc$/work/src/ibex_controller.v:437$2204'.
No latch inferred for signal `$paramod$ad32fe27c0dd24fa98ff040673e62dee8d3b63ce\ibex_controller.\halt_if' from process `$paramod$ad32fe27c0dd24fa98ff040673e62dee8d3b63ce\ibex_controller.$proc$/work/src/ibex_controller.v:437$2204'.
No latch inferred for signal `$paramod$ad32fe27c0dd24fa98ff040673e62dee8d3b63ce\ibex_controller.\retain_id' from process `$paramod$ad32fe27c0dd24fa98ff040673e62dee8d3b63ce\ibex_controller.$proc$/work/src/ibex_controller.v:437$2204'.
No latch inferred for signal `$paramod$ad32fe27c0dd24fa98ff040673e62dee8d3b63ce\ibex_controller.\sv2v_cast_5$func$/work/src/ibex_controller.v:552$2115.$result' from process `$paramod$ad32fe27c0dd24fa98ff040673e62dee8d3b63ce\ibex_controller.$proc$/work/src/ibex_controller.v:437$2204'.
No latch inferred for signal `$paramod$ad32fe27c0dd24fa98ff040673e62dee8d3b63ce\ibex_controller.\sv2v_cast_5$func$/work/src/ibex_controller.v:552$2115.inp' from process `$paramod$ad32fe27c0dd24fa98ff040673e62dee8d3b63ce\ibex_controller.$proc$/work/src/ibex_controller.v:437$2204'.
No latch inferred for signal `$paramod$ad32fe27c0dd24fa98ff040673e62dee8d3b63ce\ibex_controller.\mfip_id' from process `$paramod$ad32fe27c0dd24fa98ff040673e62dee8d3b63ce\ibex_controller.$proc$/work/src/ibex_controller.v:399$2196'.
No latch inferred for signal `$paramod$ad32fe27c0dd24fa98ff040673e62dee8d3b63ce\ibex_controller.\gen_mfip_id.sv2v_autoblock_1.i' from process `$paramod$ad32fe27c0dd24fa98ff040673e62dee8d3b63ce\ibex_controller.$proc$/work/src/ibex_controller.v:399$2196'.
No latch inferred for signal `$paramod$7cc7cec1e088fedd9ad9b2063ed6f6f72cf9bb0e\ibex_compressed_decoder.\_sv2v_0' from process `$paramod$7cc7cec1e088fedd9ad9b2063ed6f6f72cf9bb0e\ibex_compressed_decoder.$proc$/work/src/ibex_compressed_decoder.v:0$2114'.
No latch inferred for signal `$paramod$7cc7cec1e088fedd9ad9b2063ed6f6f72cf9bb0e\ibex_compressed_decoder.\cm_sp_offset_d' from process `$paramod$7cc7cec1e088fedd9ad9b2063ed6f6f72cf9bb0e\ibex_compressed_decoder.$proc$/work/src/ibex_compressed_decoder.v:203$2065'.
No latch inferred for signal `$paramod$7cc7cec1e088fedd9ad9b2063ed6f6f72cf9bb0e\ibex_compressed_decoder.\cm_rlist_d' from process `$paramod$7cc7cec1e088fedd9ad9b2063ed6f6f72cf9bb0e\ibex_compressed_decoder.$proc$/work/src/ibex_compressed_decoder.v:203$2065'.
No latch inferred for signal `$paramod$7cc7cec1e088fedd9ad9b2063ed6f6f72cf9bb0e\ibex_compressed_decoder.\gets_expanded' from process `$paramod$7cc7cec1e088fedd9ad9b2063ed6f6f72cf9bb0e\ibex_compressed_decoder.$proc$/work/src/ibex_compressed_decoder.v:203$2065'.
No latch inferred for signal `$paramod$7cc7cec1e088fedd9ad9b2063ed6f6f72cf9bb0e\ibex_compressed_decoder.\cm_state_d' from process `$paramod$7cc7cec1e088fedd9ad9b2063ed6f6f72cf9bb0e\ibex_compressed_decoder.$proc$/work/src/ibex_compressed_decoder.v:203$2065'.
No latch inferred for signal `$paramod$7cc7cec1e088fedd9ad9b2063ed6f6f72cf9bb0e\ibex_compressed_decoder.\instr_o' from process `$paramod$7cc7cec1e088fedd9ad9b2063ed6f6f72cf9bb0e\ibex_compressed_decoder.$proc$/work/src/ibex_compressed_decoder.v:203$2065'.
No latch inferred for signal `$paramod$7cc7cec1e088fedd9ad9b2063ed6f6f72cf9bb0e\ibex_compressed_decoder.\illegal_instr_o' from process `$paramod$7cc7cec1e088fedd9ad9b2063ed6f6f72cf9bb0e\ibex_compressed_decoder.$proc$/work/src/ibex_compressed_decoder.v:203$2065'.
No latch inferred for signal `$paramod$02c313747c8f25d335ac7182387c56521505fa11\ibex_core.\pmp_req_err[0]' from process `$paramod$02c313747c8f25d335ac7182387c56521505fa11\ibex_core.$proc$/work/src/ibex_core.v:0$2011'.
No latch inferred for signal `$paramod$02c313747c8f25d335ac7182387c56521505fa11\ibex_core.\pmp_req_err[1]' from process `$paramod$02c313747c8f25d335ac7182387c56521505fa11\ibex_core.$proc$/work/src/ibex_core.v:0$2011'.
No latch inferred for signal `$paramod$02c313747c8f25d335ac7182387c56521505fa11\ibex_core.\pmp_req_err[2]' from process `$paramod$02c313747c8f25d335ac7182387c56521505fa11\ibex_core.$proc$/work/src/ibex_core.v:0$2011'.
No latch inferred for signal `$paramod$02c313747c8f25d335ac7182387c56521505fa11\ibex_core.\ibex_cheriot_pkg_cheriot_regcap_to_vec$func$/work/src/ibex_core.v:1096$1928.$result' from process `$paramod$02c313747c8f25d335ac7182387c56521505fa11\ibex_core.$proc$/work/src/ibex_core.v:0$2005'.
No latch inferred for signal `$paramod$02c313747c8f25d335ac7182387c56521505fa11\ibex_core.\ibex_cheriot_pkg_cheriot_regcap_to_vec$func$/work/src/ibex_core.v:1096$1933.$result' from process `$paramod$02c313747c8f25d335ac7182387c56521505fa11\ibex_core.$proc$/work/src/ibex_core.v:0$2005'.
No latch inferred for signal `$paramod$02c313747c8f25d335ac7182387c56521505fa11\ibex_core.\ibex_cheriot_pkg_cheriot_regcap_to_vec$func$/work/src/ibex_core.v:1096$1933.cap' from process `$paramod$02c313747c8f25d335ac7182387c56521505fa11\ibex_core.$proc$/work/src/ibex_core.v:0$2005'.
No latch inferred for signal `$paramod$02c313747c8f25d335ac7182387c56521505fa11\ibex_core.\sv2v_cast_11991$func$/work/src/ibex_core.v:1024$1934.$result' from process `$paramod$02c313747c8f25d335ac7182387c56521505fa11\ibex_core.$proc$/work/src/ibex_core.v:0$2005'.
No latch inferred for signal `$paramod$02c313747c8f25d335ac7182387c56521505fa11\ibex_core.\sv2v_cast_11991$func$/work/src/ibex_core.v:1024$1934.inp' from process `$paramod$02c313747c8f25d335ac7182387c56521505fa11\ibex_core.$proc$/work/src/ibex_core.v:0$2005'.
No latch inferred for signal `$paramod$02c313747c8f25d335ac7182387c56521505fa11\ibex_core.\ibex_cheriot_pkg_cheriot_vec_to_regcap$func$/work/src/ibex_core.v:274$1924.$result' from process `$paramod$02c313747c8f25d335ac7182387c56521505fa11\ibex_core.$proc$/work/src/ibex_core.v:0$1954'.
No latch inferred for signal `$paramod$02c313747c8f25d335ac7182387c56521505fa11\ibex_core.\ibex_cheriot_pkg_cheriot_vec_to_regcap$func$/work/src/ibex_core.v:274$1931.$result' from process `$paramod$02c313747c8f25d335ac7182387c56521505fa11\ibex_core.$proc$/work/src/ibex_core.v:0$1954'.
No latch inferred for signal `$paramod$02c313747c8f25d335ac7182387c56521505fa11\ibex_core.\ibex_cheriot_pkg_cheriot_vec_to_regcap$func$/work/src/ibex_core.v:274$1931.vec_in' from process `$paramod$02c313747c8f25d335ac7182387c56521505fa11\ibex_core.$proc$/work/src/ibex_core.v:0$1954'.
No latch inferred for signal `$paramod$02c313747c8f25d335ac7182387c56521505fa11\ibex_core.\sv2v_cast_89126$func$/work/src/ibex_core.v:271$1932.$result' from process `$paramod$02c313747c8f25d335ac7182387c56521505fa11\ibex_core.$proc$/work/src/ibex_core.v:0$1954'.
No latch inferred for signal `$paramod$02c313747c8f25d335ac7182387c56521505fa11\ibex_core.\sv2v_cast_89126$func$/work/src/ibex_core.v:271$1932.inp' from process `$paramod$02c313747c8f25d335ac7182387c56521505fa11\ibex_core.$proc$/work/src/ibex_core.v:0$1954'.
No latch inferred for signal `$paramod$02c313747c8f25d335ac7182387c56521505fa11\ibex_core.\ibex_cheriot_pkg_cheriot_vec_to_regcap$func$/work/src/ibex_core.v:273$1923.$result' from process `$paramod$02c313747c8f25d335ac7182387c56521505fa11\ibex_core.$proc$/work/src/ibex_core.v:0$1948'.
No latch inferred for signal `$paramod$02c313747c8f25d335ac7182387c56521505fa11\ibex_core.\ibex_cheriot_pkg_cheriot_vec_to_regcap$func$/work/src/ibex_core.v:273$1929.$result' from process `$paramod$02c313747c8f25d335ac7182387c56521505fa11\ibex_core.$proc$/work/src/ibex_core.v:0$1948'.
No latch inferred for signal `$paramod$02c313747c8f25d335ac7182387c56521505fa11\ibex_core.\ibex_cheriot_pkg_cheriot_vec_to_regcap$func$/work/src/ibex_core.v:273$1929.vec_in' from process `$paramod$02c313747c8f25d335ac7182387c56521505fa11\ibex_core.$proc$/work/src/ibex_core.v:0$1948'.
No latch inferred for signal `$paramod$02c313747c8f25d335ac7182387c56521505fa11\ibex_core.\sv2v_cast_89126$func$/work/src/ibex_core.v:271$1930.$result' from process `$paramod$02c313747c8f25d335ac7182387c56521505fa11\ibex_core.$proc$/work/src/ibex_core.v:0$1948'.
No latch inferred for signal `$paramod$02c313747c8f25d335ac7182387c56521505fa11\ibex_core.\sv2v_cast_89126$func$/work/src/ibex_core.v:271$1930.inp' from process `$paramod$02c313747c8f25d335ac7182387c56521505fa11\ibex_core.$proc$/work/src/ibex_core.v:0$1948'.
No latch inferred for signal `$paramod$b9b2e5d491bd09fc2169df619ac80edcbdafa2a9\ibex_id_stage.\_sv2v_0' from process `$paramod$b9b2e5d491bd09fc2169df619ac80edcbdafa2a9\ibex_id_stage.$proc$/work/src/ibex_id_stage.v:0$1810'.
No latch inferred for signal `$paramod$b9b2e5d491bd09fc2169df619ac80edcbdafa2a9\ibex_id_stage.\imm_b' from process `$paramod$b9b2e5d491bd09fc2169df619ac80edcbdafa2a9\ibex_id_stage.$proc$/work/src/ibex_id_stage.v:467$1731'.
No latch inferred for signal `$paramod$b9b2e5d491bd09fc2169df619ac80edcbdafa2a9\ibex_id_stage.\bt_b_operand_o' from process `$paramod$b9b2e5d491bd09fc2169df619ac80edcbdafa2a9\ibex_id_stage.$proc$/work/src/ibex_id_stage.v:466$1730'.
No latch inferred for signal `$paramod$b9b2e5d491bd09fc2169df619ac80edcbdafa2a9\ibex_id_stage.\bt_a_operand_o' from process `$paramod$b9b2e5d491bd09fc2169df619ac80edcbdafa2a9\ibex_id_stage.$proc$/work/src/ibex_id_stage.v:463$1729'.
No latch inferred for signal `$paramod$b9b2e5d491bd09fc2169df619ac80edcbdafa2a9\ibex_id_stage.\perf_branch_o' from process `$paramod$b9b2e5d491bd09fc2169df619ac80edcbdafa2a9\ibex_id_stage.$proc$/work/src/ibex_id_stage.v:754$1678'.
No latch inferred for signal `$paramod$b9b2e5d491bd09fc2169df619ac80edcbdafa2a9\ibex_id_stage.\branch_set_raw_d' from process `$paramod$b9b2e5d491bd09fc2169df619ac80edcbdafa2a9\ibex_id_stage.$proc$/work/src/ibex_id_stage.v:754$1678'.
No latch inferred for signal `$paramod$b9b2e5d491bd09fc2169df619ac80edcbdafa2a9\ibex_id_stage.\branch_not_set' from process `$paramod$b9b2e5d491bd09fc2169df619ac80edcbdafa2a9\ibex_id_stage.$proc$/work/src/ibex_id_stage.v:754$1678'.
No latch inferred for signal `$paramod$b9b2e5d491bd09fc2169df619ac80edcbdafa2a9\ibex_id_stage.\jump_set_raw' from process `$paramod$b9b2e5d491bd09fc2169df619ac80edcbdafa2a9\ibex_id_stage.$proc$/work/src/ibex_id_stage.v:754$1678'.
No latch inferred for signal `$paramod$b9b2e5d491bd09fc2169df619ac80edcbdafa2a9\ibex_id_stage.\stall_multdiv' from process `$paramod$b9b2e5d491bd09fc2169df619ac80edcbdafa2a9\ibex_id_stage.$proc$/work/src/ibex_id_stage.v:754$1678'.
No latch inferred for signal `$paramod$b9b2e5d491bd09fc2169df619ac80edcbdafa2a9\ibex_id_stage.\stall_branch' from process `$paramod$b9b2e5d491bd09fc2169df619ac80edcbdafa2a9\ibex_id_stage.$proc$/work/src/ibex_id_stage.v:754$1678'.
No latch inferred for signal `$paramod$b9b2e5d491bd09fc2169df619ac80edcbdafa2a9\ibex_id_stage.\stall_jump' from process `$paramod$b9b2e5d491bd09fc2169df619ac80edcbdafa2a9\ibex_id_stage.$proc$/work/src/ibex_id_stage.v:754$1678'.
No latch inferred for signal `$paramod$b9b2e5d491bd09fc2169df619ac80edcbdafa2a9\ibex_id_stage.\rf_we_raw' from process `$paramod$b9b2e5d491bd09fc2169df619ac80edcbdafa2a9\ibex_id_stage.$proc$/work/src/ibex_id_stage.v:754$1678'.
No latch inferred for signal `$paramod$b9b2e5d491bd09fc2169df619ac80edcbdafa2a9\ibex_id_stage.\stall_alu' from process `$paramod$b9b2e5d491bd09fc2169df619ac80edcbdafa2a9\ibex_id_stage.$proc$/work/src/ibex_id_stage.v:754$1678'.
No latch inferred for signal `$paramod$b9b2e5d491bd09fc2169df619ac80edcbdafa2a9\ibex_id_stage.\id_fsm_d' from process `$paramod$b9b2e5d491bd09fc2169df619ac80edcbdafa2a9\ibex_id_stage.$proc$/work/src/ibex_id_stage.v:754$1678'.
No latch inferred for signal `$paramod$b9b2e5d491bd09fc2169df619ac80edcbdafa2a9\ibex_id_stage.\rf_wdata_id_o' from process `$paramod$b9b2e5d491bd09fc2169df619ac80edcbdafa2a9\ibex_id_stage.$proc$/work/src/ibex_id_stage.v:499$1632'.
No latch inferred for signal `$paramod$b9b2e5d491bd09fc2169df619ac80edcbdafa2a9\ibex_id_stage.\alu_operand_a' from process `$paramod$b9b2e5d491bd09fc2169df619ac80edcbdafa2a9\ibex_id_stage.$proc$/work/src/ibex_id_stage.v:406$1626'.
No latch inferred for signal `$paramod$a1f82ff8dd7f02ea405ce72f1e83a511ee16121c\ibex_load_store_unit.\_sv2v_0' from process `$paramod$a1f82ff8dd7f02ea405ce72f1e83a511ee16121c\ibex_load_store_unit.$proc$/work/src/ibex_load_store_unit.v:0$1603'.
No latch inferred for signal `$paramod$a1f82ff8dd7f02ea405ce72f1e83a511ee16121c\ibex_load_store_unit.\cap_rx_fsm_d' from process `$paramod$a1f82ff8dd7f02ea405ce72f1e83a511ee16121c\ibex_load_store_unit.$proc$/work/src/ibex_load_store_unit.v:504$1545'.
No latch inferred for signal `$paramod$a1f82ff8dd7f02ea405ce72f1e83a511ee16121c\ibex_load_store_unit.\data_req_o' from process `$paramod$a1f82ff8dd7f02ea405ce72f1e83a511ee16121c\ibex_load_store_unit.$proc$/work/src/ibex_load_store_unit.v:356$1512'.
No latch inferred for signal `$paramod$a1f82ff8dd7f02ea405ce72f1e83a511ee16121c\ibex_load_store_unit.\addr_incr_req_o' from process `$paramod$a1f82ff8dd7f02ea405ce72f1e83a511ee16121c\ibex_load_store_unit.$proc$/work/src/ibex_load_store_unit.v:356$1512'.
No latch inferred for signal `$paramod$a1f82ff8dd7f02ea405ce72f1e83a511ee16121c\ibex_load_store_unit.\perf_load_o' from process `$paramod$a1f82ff8dd7f02ea405ce72f1e83a511ee16121c\ibex_load_store_unit.$proc$/work/src/ibex_load_store_unit.v:356$1512'.
No latch inferred for signal `$paramod$a1f82ff8dd7f02ea405ce72f1e83a511ee16121c\ibex_load_store_unit.\perf_store_o' from process `$paramod$a1f82ff8dd7f02ea405ce72f1e83a511ee16121c\ibex_load_store_unit.$proc$/work/src/ibex_load_store_unit.v:356$1512'.
No latch inferred for signal `$paramod$a1f82ff8dd7f02ea405ce72f1e83a511ee16121c\ibex_load_store_unit.\addr_update' from process `$paramod$a1f82ff8dd7f02ea405ce72f1e83a511ee16121c\ibex_load_store_unit.$proc$/work/src/ibex_load_store_unit.v:356$1512'.
No latch inferred for signal `$paramod$a1f82ff8dd7f02ea405ce72f1e83a511ee16121c\ibex_load_store_unit.\ctrl_update' from process `$paramod$a1f82ff8dd7f02ea405ce72f1e83a511ee16121c\ibex_load_store_unit.$proc$/work/src/ibex_load_store_unit.v:356$1512'.
No latch inferred for signal `$paramod$a1f82ff8dd7f02ea405ce72f1e83a511ee16121c\ibex_load_store_unit.\rdata_update' from process `$paramod$a1f82ff8dd7f02ea405ce72f1e83a511ee16121c\ibex_load_store_unit.$proc$/work/src/ibex_load_store_unit.v:356$1512'.
No latch inferred for signal `$paramod$a1f82ff8dd7f02ea405ce72f1e83a511ee16121c\ibex_load_store_unit.\handle_misaligned_d' from process `$paramod$a1f82ff8dd7f02ea405ce72f1e83a511ee16121c\ibex_load_store_unit.$proc$/work/src/ibex_load_store_unit.v:356$1512'.
No latch inferred for signal `$paramod$a1f82ff8dd7f02ea405ce72f1e83a511ee16121c\ibex_load_store_unit.\pmp_err_d' from process `$paramod$a1f82ff8dd7f02ea405ce72f1e83a511ee16121c\ibex_load_store_unit.$proc$/work/src/ibex_load_store_unit.v:356$1512'.
No latch inferred for signal `$paramod$a1f82ff8dd7f02ea405ce72f1e83a511ee16121c\ibex_load_store_unit.\lsu_err_d' from process `$paramod$a1f82ff8dd7f02ea405ce72f1e83a511ee16121c\ibex_load_store_unit.$proc$/work/src/ibex_load_store_unit.v:356$1512'.
No latch inferred for signal `$paramod$a1f82ff8dd7f02ea405ce72f1e83a511ee16121c\ibex_load_store_unit.\cheriot_err_d' from process `$paramod$a1f82ff8dd7f02ea405ce72f1e83a511ee16121c\ibex_load_store_unit.$proc$/work/src/ibex_load_store_unit.v:356$1512'.
No latch inferred for signal `$paramod$a1f82ff8dd7f02ea405ce72f1e83a511ee16121c\ibex_load_store_unit.\lsu_go' from process `$paramod$a1f82ff8dd7f02ea405ce72f1e83a511ee16121c\ibex_load_store_unit.$proc$/work/src/ibex_load_store_unit.v:356$1512'.
No latch inferred for signal `$paramod$a1f82ff8dd7f02ea405ce72f1e83a511ee16121c\ibex_load_store_unit.\lsu_go_goodcap' from process `$paramod$a1f82ff8dd7f02ea405ce72f1e83a511ee16121c\ibex_load_store_unit.$proc$/work/src/ibex_load_store_unit.v:356$1512'.
No latch inferred for signal `$paramod$a1f82ff8dd7f02ea405ce72f1e83a511ee16121c\ibex_load_store_unit.\ls_fsm_ns' from process `$paramod$a1f82ff8dd7f02ea405ce72f1e83a511ee16121c\ibex_load_store_unit.$proc$/work/src/ibex_load_store_unit.v:356$1512'.
No latch inferred for signal `$paramod$a1f82ff8dd7f02ea405ce72f1e83a511ee16121c\ibex_load_store_unit.\data_rdata_ext' from process `$paramod$a1f82ff8dd7f02ea405ce72f1e83a511ee16121c\ibex_load_store_unit.$proc$/work/src/ibex_load_store_unit.v:322$1497'.
No latch inferred for signal `$paramod$a1f82ff8dd7f02ea405ce72f1e83a511ee16121c\ibex_load_store_unit.\rdata_b_ext' from process `$paramod$a1f82ff8dd7f02ea405ce72f1e83a511ee16121c\ibex_load_store_unit.$proc$/work/src/ibex_load_store_unit.v:294$1492'.
No latch inferred for signal `$paramod$a1f82ff8dd7f02ea405ce72f1e83a511ee16121c\ibex_load_store_unit.\rdata_h_ext' from process `$paramod$a1f82ff8dd7f02ea405ce72f1e83a511ee16121c\ibex_load_store_unit.$proc$/work/src/ibex_load_store_unit.v:266$1487'.
No latch inferred for signal `$paramod$a1f82ff8dd7f02ea405ce72f1e83a511ee16121c\ibex_load_store_unit.\rdata_w_ext' from process `$paramod$a1f82ff8dd7f02ea405ce72f1e83a511ee16121c\ibex_load_store_unit.$proc$/work/src/ibex_load_store_unit.v:254$1486'.
No latch inferred for signal `$paramod$a1f82ff8dd7f02ea405ce72f1e83a511ee16121c\ibex_load_store_unit.\data_wdata_data' from process `$paramod$a1f82ff8dd7f02ea405ce72f1e83a511ee16121c\ibex_load_store_unit.$proc$/work/src/ibex_load_store_unit.v:214$1461'.
No latch inferred for signal `$paramod$a1f82ff8dd7f02ea405ce72f1e83a511ee16121c\ibex_load_store_unit.\data_wdata_tag' from process `$paramod$a1f82ff8dd7f02ea405ce72f1e83a511ee16121c\ibex_load_store_unit.$proc$/work/src/ibex_load_store_unit.v:214$1461'.
No latch inferred for signal `$paramod$a1f82ff8dd7f02ea405ce72f1e83a511ee16121c\ibex_load_store_unit.\ibex_cheriot_pkg_cheriot_cap_to_mem$func$/work/src/ibex_load_store_unit.v:219$1449.$result' from process `$paramod$a1f82ff8dd7f02ea405ce72f1e83a511ee16121c\ibex_load_store_unit.$proc$/work/src/ibex_load_store_unit.v:214$1461'.
No latch inferred for signal `$paramod$a1f82ff8dd7f02ea405ce72f1e83a511ee16121c\ibex_load_store_unit.\ibex_cheriot_pkg_cheriot_cap_to_mem$func$/work/src/ibex_load_store_unit.v:219$1449.cap' from process `$paramod$a1f82ff8dd7f02ea405ce72f1e83a511ee16121c\ibex_load_store_unit.$proc$/work/src/ibex_load_store_unit.v:214$1461'.
No latch inferred for signal `$paramod$a1f82ff8dd7f02ea405ce72f1e83a511ee16121c\ibex_load_store_unit.\ibex_cheriot_pkg_cheriot_cap_to_mem$func$/work/src/ibex_load_store_unit.v:219$1449.cap_bits' from process `$paramod$a1f82ff8dd7f02ea405ce72f1e83a511ee16121c\ibex_load_store_unit.$proc$/work/src/ibex_load_store_unit.v:214$1461'.
No latch inferred for signal `$paramod$a1f82ff8dd7f02ea405ce72f1e83a511ee16121c\ibex_load_store_unit.\ibex_cheriot_pkg_cheriot_cap_to_mem$func$/work/src/ibex_load_store_unit.v:219$1449.unused_cap_corr' from process `$paramod$a1f82ff8dd7f02ea405ce72f1e83a511ee16121c\ibex_load_store_unit.$proc$/work/src/ibex_load_store_unit.v:214$1461'.
No latch inferred for signal `$paramod$a1f82ff8dd7f02ea405ce72f1e83a511ee16121c\ibex_load_store_unit.\wdata_int' from process `$paramod$a1f82ff8dd7f02ea405ce72f1e83a511ee16121c\ibex_load_store_unit.$proc$/work/src/ibex_load_store_unit.v:191$1460'.
No latch inferred for signal `$paramod$a1f82ff8dd7f02ea405ce72f1e83a511ee16121c\ibex_load_store_unit.\data_be' from process `$paramod$a1f82ff8dd7f02ea405ce72f1e83a511ee16121c\ibex_load_store_unit.$proc$/work/src/ibex_load_store_unit.v:139$1454'.
No latch inferred for signal `$paramod\ibex_wb_stage\ResetAll=1'1\WritebackStage=1'1\DummyInstructions=1'0.\rf_wdata_wb_mux[0]' from process `$paramod\ibex_wb_stage\ResetAll=1'1\WritebackStage=1'1\DummyInstructions=1'0.$proc$/work/src/ibex_wb_stage.v:0$1442'.
No latch inferred for signal `$paramod\ibex_wb_stage\ResetAll=1'1\WritebackStage=1'1\DummyInstructions=1'0.\rf_wdata_wb_mux[1]' from process `$paramod\ibex_wb_stage\ResetAll=1'1\WritebackStage=1'1\DummyInstructions=1'0.$proc$/work/src/ibex_wb_stage.v:0$1442'.
No latch inferred for signal `$paramod$9965f29857664148d24e0207d195fc610cce17ac\ibex_if_stage.\_sv2v_0' from process `$paramod$9965f29857664148d24e0207d195fc610cce17ac\ibex_if_stage.$proc$/work/src/ibex_if_stage.v:0$1917'.
No latch inferred for signal `$paramod$9965f29857664148d24e0207d195fc610cce17ac\ibex_if_stage.\instr_fetch_cheriot_bound_vio_o' from process `$paramod$9965f29857664148d24e0207d195fc610cce17ac\ibex_if_stage.$proc$/work/src/ibex_if_stage.v:560$1909'.
No latch inferred for signal `$paramod$9965f29857664148d24e0207d195fc610cce17ac\ibex_if_stage.\instr_fetch_cheriot_acc_vio_o' from process `$paramod$9965f29857664148d24e0207d195fc610cce17ac\ibex_if_stage.$proc$/work/src/ibex_if_stage.v:557$1908'.
No latch inferred for signal `$paramod$9965f29857664148d24e0207d195fc610cce17ac\ibex_if_stage.\dummy_instr_id_o' from process `$paramod$9965f29857664148d24e0207d195fc610cce17ac\ibex_if_stage.$proc$/work/src/ibex_if_stage.v:474$1905'.
No latch inferred for signal `$paramod$9965f29857664148d24e0207d195fc610cce17ac\ibex_if_stage.\fetch_addr_n' from process `$paramod$9965f29857664148d24e0207d195fc610cce17ac\ibex_if_stage.$proc$/work/src/ibex_if_stage.v:254$1823'.
No latch inferred for signal `$paramod$9965f29857664148d24e0207d195fc610cce17ac\ibex_if_stage.\exc_pc' from process `$paramod$9965f29857664148d24e0207d195fc610cce17ac\ibex_if_stage.$proc$/work/src/ibex_if_stage.v:238$1812'.
No latch inferred for signal `$paramod$9965f29857664148d24e0207d195fc610cce17ac\ibex_if_stage.\irq_vec' from process `$paramod$9965f29857664148d24e0207d195fc610cce17ac\ibex_if_stage.$proc$/work/src/ibex_if_stage.v:238$1812'.
No latch inferred for signal `$paramod$40ece52504ff00c302be66a0111a4ec3d1608ab5\ibex_register_file_ff.\_sv2v_0' from process `$paramod$40ece52504ff00c302be66a0111a4ec3d1608ab5\ibex_register_file_ff.$proc$/work/src/ibex_register_file_ff.v:0$988'.
No latch inferred for signal `$paramod$40ece52504ff00c302be66a0111a4ec3d1608ab5\ibex_register_file_ff.$mem2reg_rd$\g_plain_rf.rf_reg$/work/src/ibex_register_file_ff.v:195$850_DATA' from process `$paramod$40ece52504ff00c302be66a0111a4ec3d1608ab5\ibex_register_file_ff.$proc$/work/src/ibex_register_file_ff.v:0$985'.
No latch inferred for signal `$paramod$40ece52504ff00c302be66a0111a4ec3d1608ab5\ibex_register_file_ff.$mem2reg_rd$\g_plain_rf.rf_reg$/work/src/ibex_register_file_ff.v:194$849_DATA' from process `$paramod$40ece52504ff00c302be66a0111a4ec3d1608ab5\ibex_register_file_ff.$proc$/work/src/ibex_register_file_ff.v:0$982'.
No latch inferred for signal `$paramod$40ece52504ff00c302be66a0111a4ec3d1608ab5\ibex_register_file_ff.\g_plain_rf.rf_reg[0]' from process `$paramod$40ece52504ff00c302be66a0111a4ec3d1608ab5\ibex_register_file_ff.$proc$/work/src/ibex_register_file_ff.v:0$981'.
No latch inferred for signal `$paramod$40ece52504ff00c302be66a0111a4ec3d1608ab5\ibex_register_file_ff.\g_plain_rf.rf_reg[1]' from process `$paramod$40ece52504ff00c302be66a0111a4ec3d1608ab5\ibex_register_file_ff.$proc$/work/src/ibex_register_file_ff.v:0$981'.
No latch inferred for signal `$paramod$40ece52504ff00c302be66a0111a4ec3d1608ab5\ibex_register_file_ff.\g_plain_rf.rf_reg[2]' from process `$paramod$40ece52504ff00c302be66a0111a4ec3d1608ab5\ibex_register_file_ff.$proc$/work/src/ibex_register_file_ff.v:0$981'.
No latch inferred for signal `$paramod$40ece52504ff00c302be66a0111a4ec3d1608ab5\ibex_register_file_ff.\g_plain_rf.rf_reg[3]' from process `$paramod$40ece52504ff00c302be66a0111a4ec3d1608ab5\ibex_register_file_ff.$proc$/work/src/ibex_register_file_ff.v:0$981'.
No latch inferred for signal `$paramod$40ece52504ff00c302be66a0111a4ec3d1608ab5\ibex_register_file_ff.\g_plain_rf.rf_reg[4]' from process `$paramod$40ece52504ff00c302be66a0111a4ec3d1608ab5\ibex_register_file_ff.$proc$/work/src/ibex_register_file_ff.v:0$981'.
No latch inferred for signal `$paramod$40ece52504ff00c302be66a0111a4ec3d1608ab5\ibex_register_file_ff.\g_plain_rf.rf_reg[5]' from process `$paramod$40ece52504ff00c302be66a0111a4ec3d1608ab5\ibex_register_file_ff.$proc$/work/src/ibex_register_file_ff.v:0$981'.
No latch inferred for signal `$paramod$40ece52504ff00c302be66a0111a4ec3d1608ab5\ibex_register_file_ff.\g_plain_rf.rf_reg[6]' from process `$paramod$40ece52504ff00c302be66a0111a4ec3d1608ab5\ibex_register_file_ff.$proc$/work/src/ibex_register_file_ff.v:0$981'.
No latch inferred for signal `$paramod$40ece52504ff00c302be66a0111a4ec3d1608ab5\ibex_register_file_ff.\g_plain_rf.rf_reg[7]' from process `$paramod$40ece52504ff00c302be66a0111a4ec3d1608ab5\ibex_register_file_ff.$proc$/work/src/ibex_register_file_ff.v:0$981'.
No latch inferred for signal `$paramod$40ece52504ff00c302be66a0111a4ec3d1608ab5\ibex_register_file_ff.\g_plain_rf.rf_reg[8]' from process `$paramod$40ece52504ff00c302be66a0111a4ec3d1608ab5\ibex_register_file_ff.$proc$/work/src/ibex_register_file_ff.v:0$981'.
No latch inferred for signal `$paramod$40ece52504ff00c302be66a0111a4ec3d1608ab5\ibex_register_file_ff.\g_plain_rf.rf_reg[9]' from process `$paramod$40ece52504ff00c302be66a0111a4ec3d1608ab5\ibex_register_file_ff.$proc$/work/src/ibex_register_file_ff.v:0$981'.
No latch inferred for signal `$paramod$40ece52504ff00c302be66a0111a4ec3d1608ab5\ibex_register_file_ff.\g_plain_rf.rf_reg[10]' from process `$paramod$40ece52504ff00c302be66a0111a4ec3d1608ab5\ibex_register_file_ff.$proc$/work/src/ibex_register_file_ff.v:0$981'.
No latch inferred for signal `$paramod$40ece52504ff00c302be66a0111a4ec3d1608ab5\ibex_register_file_ff.\g_plain_rf.rf_reg[11]' from process `$paramod$40ece52504ff00c302be66a0111a4ec3d1608ab5\ibex_register_file_ff.$proc$/work/src/ibex_register_file_ff.v:0$981'.
No latch inferred for signal `$paramod$40ece52504ff00c302be66a0111a4ec3d1608ab5\ibex_register_file_ff.\g_plain_rf.rf_reg[12]' from process `$paramod$40ece52504ff00c302be66a0111a4ec3d1608ab5\ibex_register_file_ff.$proc$/work/src/ibex_register_file_ff.v:0$981'.
No latch inferred for signal `$paramod$40ece52504ff00c302be66a0111a4ec3d1608ab5\ibex_register_file_ff.\g_plain_rf.rf_reg[13]' from process `$paramod$40ece52504ff00c302be66a0111a4ec3d1608ab5\ibex_register_file_ff.$proc$/work/src/ibex_register_file_ff.v:0$981'.
No latch inferred for signal `$paramod$40ece52504ff00c302be66a0111a4ec3d1608ab5\ibex_register_file_ff.\g_plain_rf.rf_reg[14]' from process `$paramod$40ece52504ff00c302be66a0111a4ec3d1608ab5\ibex_register_file_ff.$proc$/work/src/ibex_register_file_ff.v:0$981'.
No latch inferred for signal `$paramod$40ece52504ff00c302be66a0111a4ec3d1608ab5\ibex_register_file_ff.\g_plain_rf.rf_reg[15]' from process `$paramod$40ece52504ff00c302be66a0111a4ec3d1608ab5\ibex_register_file_ff.$proc$/work/src/ibex_register_file_ff.v:0$981'.
No latch inferred for signal `$paramod$40ece52504ff00c302be66a0111a4ec3d1608ab5\ibex_register_file_ff.\g_plain_rf.rf_reg[16]' from process `$paramod$40ece52504ff00c302be66a0111a4ec3d1608ab5\ibex_register_file_ff.$proc$/work/src/ibex_register_file_ff.v:0$981'.
No latch inferred for signal `$paramod$40ece52504ff00c302be66a0111a4ec3d1608ab5\ibex_register_file_ff.\g_plain_rf.rf_reg[17]' from process `$paramod$40ece52504ff00c302be66a0111a4ec3d1608ab5\ibex_register_file_ff.$proc$/work/src/ibex_register_file_ff.v:0$981'.
No latch inferred for signal `$paramod$40ece52504ff00c302be66a0111a4ec3d1608ab5\ibex_register_file_ff.\g_plain_rf.rf_reg[18]' from process `$paramod$40ece52504ff00c302be66a0111a4ec3d1608ab5\ibex_register_file_ff.$proc$/work/src/ibex_register_file_ff.v:0$981'.
No latch inferred for signal `$paramod$40ece52504ff00c302be66a0111a4ec3d1608ab5\ibex_register_file_ff.\g_plain_rf.rf_reg[19]' from process `$paramod$40ece52504ff00c302be66a0111a4ec3d1608ab5\ibex_register_file_ff.$proc$/work/src/ibex_register_file_ff.v:0$981'.
No latch inferred for signal `$paramod$40ece52504ff00c302be66a0111a4ec3d1608ab5\ibex_register_file_ff.\g_plain_rf.rf_reg[20]' from process `$paramod$40ece52504ff00c302be66a0111a4ec3d1608ab5\ibex_register_file_ff.$proc$/work/src/ibex_register_file_ff.v:0$981'.
No latch inferred for signal `$paramod$40ece52504ff00c302be66a0111a4ec3d1608ab5\ibex_register_file_ff.\g_plain_rf.rf_reg[21]' from process `$paramod$40ece52504ff00c302be66a0111a4ec3d1608ab5\ibex_register_file_ff.$proc$/work/src/ibex_register_file_ff.v:0$981'.
No latch inferred for signal `$paramod$40ece52504ff00c302be66a0111a4ec3d1608ab5\ibex_register_file_ff.\g_plain_rf.rf_reg[22]' from process `$paramod$40ece52504ff00c302be66a0111a4ec3d1608ab5\ibex_register_file_ff.$proc$/work/src/ibex_register_file_ff.v:0$981'.
No latch inferred for signal `$paramod$40ece52504ff00c302be66a0111a4ec3d1608ab5\ibex_register_file_ff.\g_plain_rf.rf_reg[23]' from process `$paramod$40ece52504ff00c302be66a0111a4ec3d1608ab5\ibex_register_file_ff.$proc$/work/src/ibex_register_file_ff.v:0$981'.
No latch inferred for signal `$paramod$40ece52504ff00c302be66a0111a4ec3d1608ab5\ibex_register_file_ff.\g_plain_rf.rf_reg[24]' from process `$paramod$40ece52504ff00c302be66a0111a4ec3d1608ab5\ibex_register_file_ff.$proc$/work/src/ibex_register_file_ff.v:0$981'.
No latch inferred for signal `$paramod$40ece52504ff00c302be66a0111a4ec3d1608ab5\ibex_register_file_ff.\g_plain_rf.rf_reg[25]' from process `$paramod$40ece52504ff00c302be66a0111a4ec3d1608ab5\ibex_register_file_ff.$proc$/work/src/ibex_register_file_ff.v:0$981'.
No latch inferred for signal `$paramod$40ece52504ff00c302be66a0111a4ec3d1608ab5\ibex_register_file_ff.\g_plain_rf.rf_reg[26]' from process `$paramod$40ece52504ff00c302be66a0111a4ec3d1608ab5\ibex_register_file_ff.$proc$/work/src/ibex_register_file_ff.v:0$981'.
No latch inferred for signal `$paramod$40ece52504ff00c302be66a0111a4ec3d1608ab5\ibex_register_file_ff.\g_plain_rf.rf_reg[27]' from process `$paramod$40ece52504ff00c302be66a0111a4ec3d1608ab5\ibex_register_file_ff.$proc$/work/src/ibex_register_file_ff.v:0$981'.
No latch inferred for signal `$paramod$40ece52504ff00c302be66a0111a4ec3d1608ab5\ibex_register_file_ff.\g_plain_rf.rf_reg[28]' from process `$paramod$40ece52504ff00c302be66a0111a4ec3d1608ab5\ibex_register_file_ff.$proc$/work/src/ibex_register_file_ff.v:0$981'.
No latch inferred for signal `$paramod$40ece52504ff00c302be66a0111a4ec3d1608ab5\ibex_register_file_ff.\g_plain_rf.rf_reg[29]' from process `$paramod$40ece52504ff00c302be66a0111a4ec3d1608ab5\ibex_register_file_ff.$proc$/work/src/ibex_register_file_ff.v:0$981'.
No latch inferred for signal `$paramod$40ece52504ff00c302be66a0111a4ec3d1608ab5\ibex_register_file_ff.\g_plain_rf.rf_reg[30]' from process `$paramod$40ece52504ff00c302be66a0111a4ec3d1608ab5\ibex_register_file_ff.$proc$/work/src/ibex_register_file_ff.v:0$981'.
No latch inferred for signal `$paramod$40ece52504ff00c302be66a0111a4ec3d1608ab5\ibex_register_file_ff.\g_plain_rf.rf_reg[31]' from process `$paramod$40ece52504ff00c302be66a0111a4ec3d1608ab5\ibex_register_file_ff.$proc$/work/src/ibex_register_file_ff.v:0$981'.
No latch inferred for signal `$paramod$40ece52504ff00c302be66a0111a4ec3d1608ab5\ibex_register_file_ff.\g_plain_rf.we_a_dec' from process `$paramod$40ece52504ff00c302be66a0111a4ec3d1608ab5\ibex_register_file_ff.$proc$/work/src/ibex_register_file_ff.v:156$851'.
No latch inferred for signal `$paramod$40ece52504ff00c302be66a0111a4ec3d1608ab5\ibex_register_file_ff.\g_plain_rf.we_a_decoder.sv2v_autoblock_2.i' from process `$paramod$40ece52504ff00c302be66a0111a4ec3d1608ab5\ibex_register_file_ff.$proc$/work/src/ibex_register_file_ff.v:156$851'.
No latch inferred for signal `$paramod$c16eccae153ba9fb8fce8498c4f7e85e78010c3f\ibex_counter.\_sv2v_0' from process `$paramod$c16eccae153ba9fb8fce8498c4f7e85e78010c3f\ibex_counter.$proc$/work/src/ibex_counter.v:0$2481'.
No latch inferred for signal `$paramod$c16eccae153ba9fb8fce8498c4f7e85e78010c3f\ibex_counter.\counter_load' from process `$paramod$c16eccae153ba9fb8fce8498c4f7e85e78010c3f\ibex_counter.$proc$/work/src/ibex_counter.v:28$2477'.
No latch inferred for signal `$paramod$c16eccae153ba9fb8fce8498c4f7e85e78010c3f\ibex_counter.\we' from process `$paramod$c16eccae153ba9fb8fce8498c4f7e85e78010c3f\ibex_counter.$proc$/work/src/ibex_counter.v:28$2477'.
No latch inferred for signal `$paramod$c16eccae153ba9fb8fce8498c4f7e85e78010c3f\ibex_counter.\counter_d' from process `$paramod$c16eccae153ba9fb8fce8498c4f7e85e78010c3f\ibex_counter.$proc$/work/src/ibex_counter.v:28$2477'.
No latch inferred for signal `$paramod\ibex_fetch_fifo\NUM_REQS=32'00000000000000000000000000000010\ResetAll=1'1.\_sv2v_0' from process `$paramod\ibex_fetch_fifo\NUM_REQS=32'00000000000000000000000000000010\ResetAll=1'1.$proc$/work/src/ibex_fetch_fifo.v:0$2896'.
No latch inferred for signal `$paramod\ibex_fetch_fifo\NUM_REQS=32'00000000000000000000000000000010\ResetAll=1'1.\out_err_plus2_o' from process `$paramod\ibex_fetch_fifo\NUM_REQS=32'00000000000000000000000000000010\ResetAll=1'1.$proc$/work/src/ibex_fetch_fifo.v:72$2840'.
No latch inferred for signal `$paramod\ibex_fetch_fifo\NUM_REQS=32'00000000000000000000000000000010\ResetAll=1'1.\out_err_o' from process `$paramod\ibex_fetch_fifo\NUM_REQS=32'00000000000000000000000000000010\ResetAll=1'1.$proc$/work/src/ibex_fetch_fifo.v:72$2840'.
No latch inferred for signal `$paramod\ibex_fetch_fifo\NUM_REQS=32'00000000000000000000000000000010\ResetAll=1'1.\out_rdata_o' from process `$paramod\ibex_fetch_fifo\NUM_REQS=32'00000000000000000000000000000010\ResetAll=1'1.$proc$/work/src/ibex_fetch_fifo.v:72$2840'.
No latch inferred for signal `$paramod\ibex_fetch_fifo\NUM_REQS=32'00000000000000000000000000000010\ResetAll=1'1.\out_valid_o' from process `$paramod\ibex_fetch_fifo\NUM_REQS=32'00000000000000000000000000000010\ResetAll=1'1.$proc$/work/src/ibex_fetch_fifo.v:72$2840'.
No latch inferred for signal `$paramod$38aa04165534c75a0a4935f073a2885eaa0a33f1\ibex_cs_registers.\_sv2v_0' from process `$paramod$38aa04165534c75a0a4935f073a2885eaa0a33f1\ibex_cs_registers.$proc$/work/src/ibex_cs_registers.v:0$2810'.
No latch inferred for signal `$paramod$38aa04165534c75a0a4935f073a2885eaa0a33f1\ibex_cs_registers.\pmp_cfg_rdata[0]' from process `$paramod$38aa04165534c75a0a4935f073a2885eaa0a33f1\ibex_cs_registers.$proc$/work/src/ibex_cs_registers.v:0$2806'.
No latch inferred for signal `$paramod$38aa04165534c75a0a4935f073a2885eaa0a33f1\ibex_cs_registers.\pmp_cfg_rdata[1]' from process `$paramod$38aa04165534c75a0a4935f073a2885eaa0a33f1\ibex_cs_registers.$proc$/work/src/ibex_cs_registers.v:0$2806'.
No latch inferred for signal `$paramod$38aa04165534c75a0a4935f073a2885eaa0a33f1\ibex_cs_registers.\pmp_cfg_rdata[2]' from process `$paramod$38aa04165534c75a0a4935f073a2885eaa0a33f1\ibex_cs_registers.$proc$/work/src/ibex_cs_registers.v:0$2806'.
No latch inferred for signal `$paramod$38aa04165534c75a0a4935f073a2885eaa0a33f1\ibex_cs_registers.\pmp_cfg_rdata[3]' from process `$paramod$38aa04165534c75a0a4935f073a2885eaa0a33f1\ibex_cs_registers.$proc$/work/src/ibex_cs_registers.v:0$2806'.
No latch inferred for signal `$paramod$38aa04165534c75a0a4935f073a2885eaa0a33f1\ibex_cs_registers.\pmp_cfg_rdata[4]' from process `$paramod$38aa04165534c75a0a4935f073a2885eaa0a33f1\ibex_cs_registers.$proc$/work/src/ibex_cs_registers.v:0$2806'.
No latch inferred for signal `$paramod$38aa04165534c75a0a4935f073a2885eaa0a33f1\ibex_cs_registers.\pmp_cfg_rdata[5]' from process `$paramod$38aa04165534c75a0a4935f073a2885eaa0a33f1\ibex_cs_registers.$proc$/work/src/ibex_cs_registers.v:0$2806'.
No latch inferred for signal `$paramod$38aa04165534c75a0a4935f073a2885eaa0a33f1\ibex_cs_registers.\pmp_cfg_rdata[6]' from process `$paramod$38aa04165534c75a0a4935f073a2885eaa0a33f1\ibex_cs_registers.$proc$/work/src/ibex_cs_registers.v:0$2806'.
No latch inferred for signal `$paramod$38aa04165534c75a0a4935f073a2885eaa0a33f1\ibex_cs_registers.\pmp_cfg_rdata[7]' from process `$paramod$38aa04165534c75a0a4935f073a2885eaa0a33f1\ibex_cs_registers.$proc$/work/src/ibex_cs_registers.v:0$2806'.
No latch inferred for signal `$paramod$38aa04165534c75a0a4935f073a2885eaa0a33f1\ibex_cs_registers.\pmp_cfg_rdata[8]' from process `$paramod$38aa04165534c75a0a4935f073a2885eaa0a33f1\ibex_cs_registers.$proc$/work/src/ibex_cs_registers.v:0$2806'.
No latch inferred for signal `$paramod$38aa04165534c75a0a4935f073a2885eaa0a33f1\ibex_cs_registers.\pmp_cfg_rdata[9]' from process `$paramod$38aa04165534c75a0a4935f073a2885eaa0a33f1\ibex_cs_registers.$proc$/work/src/ibex_cs_registers.v:0$2806'.
No latch inferred for signal `$paramod$38aa04165534c75a0a4935f073a2885eaa0a33f1\ibex_cs_registers.\pmp_cfg_rdata[10]' from process `$paramod$38aa04165534c75a0a4935f073a2885eaa0a33f1\ibex_cs_registers.$proc$/work/src/ibex_cs_registers.v:0$2806'.
No latch inferred for signal `$paramod$38aa04165534c75a0a4935f073a2885eaa0a33f1\ibex_cs_registers.\pmp_cfg_rdata[11]' from process `$paramod$38aa04165534c75a0a4935f073a2885eaa0a33f1\ibex_cs_registers.$proc$/work/src/ibex_cs_registers.v:0$2806'.
No latch inferred for signal `$paramod$38aa04165534c75a0a4935f073a2885eaa0a33f1\ibex_cs_registers.\pmp_cfg_rdata[12]' from process `$paramod$38aa04165534c75a0a4935f073a2885eaa0a33f1\ibex_cs_registers.$proc$/work/src/ibex_cs_registers.v:0$2806'.
No latch inferred for signal `$paramod$38aa04165534c75a0a4935f073a2885eaa0a33f1\ibex_cs_registers.\pmp_cfg_rdata[13]' from process `$paramod$38aa04165534c75a0a4935f073a2885eaa0a33f1\ibex_cs_registers.$proc$/work/src/ibex_cs_registers.v:0$2806'.
No latch inferred for signal `$paramod$38aa04165534c75a0a4935f073a2885eaa0a33f1\ibex_cs_registers.\pmp_cfg_rdata[14]' from process `$paramod$38aa04165534c75a0a4935f073a2885eaa0a33f1\ibex_cs_registers.$proc$/work/src/ibex_cs_registers.v:0$2806'.
No latch inferred for signal `$paramod$38aa04165534c75a0a4935f073a2885eaa0a33f1\ibex_cs_registers.\pmp_cfg_rdata[15]' from process `$paramod$38aa04165534c75a0a4935f073a2885eaa0a33f1\ibex_cs_registers.$proc$/work/src/ibex_cs_registers.v:0$2806'.
No latch inferred for signal `$paramod$38aa04165534c75a0a4935f073a2885eaa0a33f1\ibex_cs_registers.\mhpmcounter[0]' from process `$paramod$38aa04165534c75a0a4935f073a2885eaa0a33f1\ibex_cs_registers.$proc$/work/src/ibex_cs_registers.v:0$2806'.
No latch inferred for signal `$paramod$38aa04165534c75a0a4935f073a2885eaa0a33f1\ibex_cs_registers.\mhpmcounter[1]' from process `$paramod$38aa04165534c75a0a4935f073a2885eaa0a33f1\ibex_cs_registers.$proc$/work/src/ibex_cs_registers.v:0$2806'.
No latch inferred for signal `$paramod$38aa04165534c75a0a4935f073a2885eaa0a33f1\ibex_cs_registers.\mhpmcounter[2]' from process `$paramod$38aa04165534c75a0a4935f073a2885eaa0a33f1\ibex_cs_registers.$proc$/work/src/ibex_cs_registers.v:0$2806'.
No latch inferred for signal `$paramod$38aa04165534c75a0a4935f073a2885eaa0a33f1\ibex_cs_registers.\mhpmcounter[3]' from process `$paramod$38aa04165534c75a0a4935f073a2885eaa0a33f1\ibex_cs_registers.$proc$/work/src/ibex_cs_registers.v:0$2806'.
No latch inferred for signal `$paramod$38aa04165534c75a0a4935f073a2885eaa0a33f1\ibex_cs_registers.\mhpmcounter[4]' from process `$paramod$38aa04165534c75a0a4935f073a2885eaa0a33f1\ibex_cs_registers.$proc$/work/src/ibex_cs_registers.v:0$2806'.
No latch inferred for signal `$paramod$38aa04165534c75a0a4935f073a2885eaa0a33f1\ibex_cs_registers.\mhpmcounter[5]' from process `$paramod$38aa04165534c75a0a4935f073a2885eaa0a33f1\ibex_cs_registers.$proc$/work/src/ibex_cs_registers.v:0$2806'.
No latch inferred for signal `$paramod$38aa04165534c75a0a4935f073a2885eaa0a33f1\ibex_cs_registers.\mhpmcounter[6]' from process `$paramod$38aa04165534c75a0a4935f073a2885eaa0a33f1\ibex_cs_registers.$proc$/work/src/ibex_cs_registers.v:0$2806'.
No latch inferred for signal `$paramod$38aa04165534c75a0a4935f073a2885eaa0a33f1\ibex_cs_registers.\mhpmcounter[7]' from process `$paramod$38aa04165534c75a0a4935f073a2885eaa0a33f1\ibex_cs_registers.$proc$/work/src/ibex_cs_registers.v:0$2806'.
No latch inferred for signal `$paramod$38aa04165534c75a0a4935f073a2885eaa0a33f1\ibex_cs_registers.\mhpmcounter[8]' from process `$paramod$38aa04165534c75a0a4935f073a2885eaa0a33f1\ibex_cs_registers.$proc$/work/src/ibex_cs_registers.v:0$2806'.
No latch inferred for signal `$paramod$38aa04165534c75a0a4935f073a2885eaa0a33f1\ibex_cs_registers.\mhpmcounter[9]' from process `$paramod$38aa04165534c75a0a4935f073a2885eaa0a33f1\ibex_cs_registers.$proc$/work/src/ibex_cs_registers.v:0$2806'.
No latch inferred for signal `$paramod$38aa04165534c75a0a4935f073a2885eaa0a33f1\ibex_cs_registers.\mhpmcounter[10]' from process `$paramod$38aa04165534c75a0a4935f073a2885eaa0a33f1\ibex_cs_registers.$proc$/work/src/ibex_cs_registers.v:0$2806'.
No latch inferred for signal `$paramod$38aa04165534c75a0a4935f073a2885eaa0a33f1\ibex_cs_registers.\mhpmcounter[11]' from process `$paramod$38aa04165534c75a0a4935f073a2885eaa0a33f1\ibex_cs_registers.$proc$/work/src/ibex_cs_registers.v:0$2806'.
No latch inferred for signal `$paramod$38aa04165534c75a0a4935f073a2885eaa0a33f1\ibex_cs_registers.\mhpmcounter[12]' from process `$paramod$38aa04165534c75a0a4935f073a2885eaa0a33f1\ibex_cs_registers.$proc$/work/src/ibex_cs_registers.v:0$2806'.
No latch inferred for signal `$paramod$38aa04165534c75a0a4935f073a2885eaa0a33f1\ibex_cs_registers.\mhpmcounter[13]' from process `$paramod$38aa04165534c75a0a4935f073a2885eaa0a33f1\ibex_cs_registers.$proc$/work/src/ibex_cs_registers.v:0$2806'.
No latch inferred for signal `$paramod$38aa04165534c75a0a4935f073a2885eaa0a33f1\ibex_cs_registers.\mhpmcounter[14]' from process `$paramod$38aa04165534c75a0a4935f073a2885eaa0a33f1\ibex_cs_registers.$proc$/work/src/ibex_cs_registers.v:0$2806'.
No latch inferred for signal `$paramod$38aa04165534c75a0a4935f073a2885eaa0a33f1\ibex_cs_registers.\mhpmcounter[15]' from process `$paramod$38aa04165534c75a0a4935f073a2885eaa0a33f1\ibex_cs_registers.$proc$/work/src/ibex_cs_registers.v:0$2806'.
No latch inferred for signal `$paramod$38aa04165534c75a0a4935f073a2885eaa0a33f1\ibex_cs_registers.\mhpmcounter[16]' from process `$paramod$38aa04165534c75a0a4935f073a2885eaa0a33f1\ibex_cs_registers.$proc$/work/src/ibex_cs_registers.v:0$2806'.
No latch inferred for signal `$paramod$38aa04165534c75a0a4935f073a2885eaa0a33f1\ibex_cs_registers.\mhpmcounter[17]' from process `$paramod$38aa04165534c75a0a4935f073a2885eaa0a33f1\ibex_cs_registers.$proc$/work/src/ibex_cs_registers.v:0$2806'.
No latch inferred for signal `$paramod$38aa04165534c75a0a4935f073a2885eaa0a33f1\ibex_cs_registers.\mhpmcounter[18]' from process `$paramod$38aa04165534c75a0a4935f073a2885eaa0a33f1\ibex_cs_registers.$proc$/work/src/ibex_cs_registers.v:0$2806'.
No latch inferred for signal `$paramod$38aa04165534c75a0a4935f073a2885eaa0a33f1\ibex_cs_registers.\mhpmcounter[19]' from process `$paramod$38aa04165534c75a0a4935f073a2885eaa0a33f1\ibex_cs_registers.$proc$/work/src/ibex_cs_registers.v:0$2806'.
No latch inferred for signal `$paramod$38aa04165534c75a0a4935f073a2885eaa0a33f1\ibex_cs_registers.\mhpmcounter[20]' from process `$paramod$38aa04165534c75a0a4935f073a2885eaa0a33f1\ibex_cs_registers.$proc$/work/src/ibex_cs_registers.v:0$2806'.
No latch inferred for signal `$paramod$38aa04165534c75a0a4935f073a2885eaa0a33f1\ibex_cs_registers.\mhpmcounter[21]' from process `$paramod$38aa04165534c75a0a4935f073a2885eaa0a33f1\ibex_cs_registers.$proc$/work/src/ibex_cs_registers.v:0$2806'.
No latch inferred for signal `$paramod$38aa04165534c75a0a4935f073a2885eaa0a33f1\ibex_cs_registers.\mhpmcounter[22]' from process `$paramod$38aa04165534c75a0a4935f073a2885eaa0a33f1\ibex_cs_registers.$proc$/work/src/ibex_cs_registers.v:0$2806'.
No latch inferred for signal `$paramod$38aa04165534c75a0a4935f073a2885eaa0a33f1\ibex_cs_registers.\mhpmcounter[23]' from process `$paramod$38aa04165534c75a0a4935f073a2885eaa0a33f1\ibex_cs_registers.$proc$/work/src/ibex_cs_registers.v:0$2806'.
No latch inferred for signal `$paramod$38aa04165534c75a0a4935f073a2885eaa0a33f1\ibex_cs_registers.\mhpmcounter[24]' from process `$paramod$38aa04165534c75a0a4935f073a2885eaa0a33f1\ibex_cs_registers.$proc$/work/src/ibex_cs_registers.v:0$2806'.
No latch inferred for signal `$paramod$38aa04165534c75a0a4935f073a2885eaa0a33f1\ibex_cs_registers.\mhpmcounter[25]' from process `$paramod$38aa04165534c75a0a4935f073a2885eaa0a33f1\ibex_cs_registers.$proc$/work/src/ibex_cs_registers.v:0$2806'.
No latch inferred for signal `$paramod$38aa04165534c75a0a4935f073a2885eaa0a33f1\ibex_cs_registers.\mhpmcounter[26]' from process `$paramod$38aa04165534c75a0a4935f073a2885eaa0a33f1\ibex_cs_registers.$proc$/work/src/ibex_cs_registers.v:0$2806'.
No latch inferred for signal `$paramod$38aa04165534c75a0a4935f073a2885eaa0a33f1\ibex_cs_registers.\mhpmcounter[27]' from process `$paramod$38aa04165534c75a0a4935f073a2885eaa0a33f1\ibex_cs_registers.$proc$/work/src/ibex_cs_registers.v:0$2806'.
No latch inferred for signal `$paramod$38aa04165534c75a0a4935f073a2885eaa0a33f1\ibex_cs_registers.\mhpmcounter[28]' from process `$paramod$38aa04165534c75a0a4935f073a2885eaa0a33f1\ibex_cs_registers.$proc$/work/src/ibex_cs_registers.v:0$2806'.
No latch inferred for signal `$paramod$38aa04165534c75a0a4935f073a2885eaa0a33f1\ibex_cs_registers.\mhpmcounter[29]' from process `$paramod$38aa04165534c75a0a4935f073a2885eaa0a33f1\ibex_cs_registers.$proc$/work/src/ibex_cs_registers.v:0$2806'.
No latch inferred for signal `$paramod$38aa04165534c75a0a4935f073a2885eaa0a33f1\ibex_cs_registers.\mhpmcounter[30]' from process `$paramod$38aa04165534c75a0a4935f073a2885eaa0a33f1\ibex_cs_registers.$proc$/work/src/ibex_cs_registers.v:0$2806'.
No latch inferred for signal `$paramod$38aa04165534c75a0a4935f073a2885eaa0a33f1\ibex_cs_registers.\mhpmcounter[31]' from process `$paramod$38aa04165534c75a0a4935f073a2885eaa0a33f1\ibex_cs_registers.$proc$/work/src/ibex_cs_registers.v:0$2806'.
No latch inferred for signal `$paramod$38aa04165534c75a0a4935f073a2885eaa0a33f1\ibex_cs_registers.\dscratch1_cap' from process `$paramod$38aa04165534c75a0a4935f073a2885eaa0a33f1\ibex_cs_registers.$proc$/work/src/ibex_cs_registers.v:1909$2781'.
No latch inferred for signal `$paramod$38aa04165534c75a0a4935f073a2885eaa0a33f1\ibex_cs_registers.\dscratch0_cap' from process `$paramod$38aa04165534c75a0a4935f073a2885eaa0a33f1\ibex_cs_registers.$proc$/work/src/ibex_cs_registers.v:1906$2780'.
No latch inferred for signal `$paramod$38aa04165534c75a0a4935f073a2885eaa0a33f1\ibex_cs_registers.\depc_cap' from process `$paramod$38aa04165534c75a0a4935f073a2885eaa0a33f1\ibex_cs_registers.$proc$/work/src/ibex_cs_registers.v:1903$2779'.
No latch inferred for signal `$paramod$38aa04165534c75a0a4935f073a2885eaa0a33f1\ibex_cs_registers.\mtvec_cap' from process `$paramod$38aa04165534c75a0a4935f073a2885eaa0a33f1\ibex_cs_registers.$proc$/work/src/ibex_cs_registers.v:1900$2778'.
No latch inferred for signal `$paramod$38aa04165534c75a0a4935f073a2885eaa0a33f1\ibex_cs_registers.\mepc_cap' from process `$paramod$38aa04165534c75a0a4935f073a2885eaa0a33f1\ibex_cs_registers.$proc$/work/src/ibex_cs_registers.v:1897$2777'.
No latch inferred for signal `$paramod$38aa04165534c75a0a4935f073a2885eaa0a33f1\ibex_cs_registers.\pcc_cap_d' from process `$paramod$38aa04165534c75a0a4935f073a2885eaa0a33f1\ibex_cs_registers.$proc$/work/src/ibex_cs_registers.v:1894$2776'.
No latch inferred for signal `$paramod$38aa04165534c75a0a4935f073a2885eaa0a33f1\ibex_cs_registers.\pcc_cap_q' from process `$paramod$38aa04165534c75a0a4935f073a2885eaa0a33f1\ibex_cs_registers.$proc$/work/src/ibex_cs_registers.v:1891$2775'.
No latch inferred for signal `$paramod$38aa04165534c75a0a4935f073a2885eaa0a33f1\ibex_cs_registers.\cheriot_csr_rcap_o' from process `$paramod$38aa04165534c75a0a4935f073a2885eaa0a33f1\ibex_cs_registers.$proc$/work/src/ibex_cs_registers.v:1887$2774'.
No latch inferred for signal `$paramod$38aa04165534c75a0a4935f073a2885eaa0a33f1\ibex_cs_registers.\cheriot_csr_rdata_o' from process `$paramod$38aa04165534c75a0a4935f073a2885eaa0a33f1\ibex_cs_registers.$proc$/work/src/ibex_cs_registers.v:1884$2773'.
No latch inferred for signal `$paramod$38aa04165534c75a0a4935f073a2885eaa0a33f1\ibex_cs_registers.\pmp_addr_rdata[15]' from process `$paramod$38aa04165534c75a0a4935f073a2885eaa0a33f1\ibex_cs_registers.$proc$/work/src/ibex_cs_registers.v:1148$2770'.
No latch inferred for signal `$paramod$38aa04165534c75a0a4935f073a2885eaa0a33f1\ibex_cs_registers.\pmp_addr_rdata[14]' from process `$paramod$38aa04165534c75a0a4935f073a2885eaa0a33f1\ibex_cs_registers.$proc$/work/src/ibex_cs_registers.v:1148$2769'.
No latch inferred for signal `$paramod$38aa04165534c75a0a4935f073a2885eaa0a33f1\ibex_cs_registers.\pmp_addr_rdata[13]' from process `$paramod$38aa04165534c75a0a4935f073a2885eaa0a33f1\ibex_cs_registers.$proc$/work/src/ibex_cs_registers.v:1148$2768'.
No latch inferred for signal `$paramod$38aa04165534c75a0a4935f073a2885eaa0a33f1\ibex_cs_registers.\pmp_addr_rdata[12]' from process `$paramod$38aa04165534c75a0a4935f073a2885eaa0a33f1\ibex_cs_registers.$proc$/work/src/ibex_cs_registers.v:1148$2767'.
No latch inferred for signal `$paramod$38aa04165534c75a0a4935f073a2885eaa0a33f1\ibex_cs_registers.\pmp_addr_rdata[11]' from process `$paramod$38aa04165534c75a0a4935f073a2885eaa0a33f1\ibex_cs_registers.$proc$/work/src/ibex_cs_registers.v:1148$2766'.
No latch inferred for signal `$paramod$38aa04165534c75a0a4935f073a2885eaa0a33f1\ibex_cs_registers.\pmp_addr_rdata[10]' from process `$paramod$38aa04165534c75a0a4935f073a2885eaa0a33f1\ibex_cs_registers.$proc$/work/src/ibex_cs_registers.v:1148$2765'.
No latch inferred for signal `$paramod$38aa04165534c75a0a4935f073a2885eaa0a33f1\ibex_cs_registers.\pmp_addr_rdata[9]' from process `$paramod$38aa04165534c75a0a4935f073a2885eaa0a33f1\ibex_cs_registers.$proc$/work/src/ibex_cs_registers.v:1148$2764'.
No latch inferred for signal `$paramod$38aa04165534c75a0a4935f073a2885eaa0a33f1\ibex_cs_registers.\pmp_addr_rdata[8]' from process `$paramod$38aa04165534c75a0a4935f073a2885eaa0a33f1\ibex_cs_registers.$proc$/work/src/ibex_cs_registers.v:1148$2763'.
No latch inferred for signal `$paramod$38aa04165534c75a0a4935f073a2885eaa0a33f1\ibex_cs_registers.\pmp_addr_rdata[7]' from process `$paramod$38aa04165534c75a0a4935f073a2885eaa0a33f1\ibex_cs_registers.$proc$/work/src/ibex_cs_registers.v:1148$2762'.
No latch inferred for signal `$paramod$38aa04165534c75a0a4935f073a2885eaa0a33f1\ibex_cs_registers.\pmp_addr_rdata[6]' from process `$paramod$38aa04165534c75a0a4935f073a2885eaa0a33f1\ibex_cs_registers.$proc$/work/src/ibex_cs_registers.v:1148$2761'.
No latch inferred for signal `$paramod$38aa04165534c75a0a4935f073a2885eaa0a33f1\ibex_cs_registers.\pmp_addr_rdata[5]' from process `$paramod$38aa04165534c75a0a4935f073a2885eaa0a33f1\ibex_cs_registers.$proc$/work/src/ibex_cs_registers.v:1148$2760'.
No latch inferred for signal `$paramod$38aa04165534c75a0a4935f073a2885eaa0a33f1\ibex_cs_registers.\pmp_addr_rdata[4]' from process `$paramod$38aa04165534c75a0a4935f073a2885eaa0a33f1\ibex_cs_registers.$proc$/work/src/ibex_cs_registers.v:1148$2759'.
No latch inferred for signal `$paramod$38aa04165534c75a0a4935f073a2885eaa0a33f1\ibex_cs_registers.\pmp_addr_rdata[3]' from process `$paramod$38aa04165534c75a0a4935f073a2885eaa0a33f1\ibex_cs_registers.$proc$/work/src/ibex_cs_registers.v:1148$2758'.
No latch inferred for signal `$paramod$38aa04165534c75a0a4935f073a2885eaa0a33f1\ibex_cs_registers.\pmp_addr_rdata[2]' from process `$paramod$38aa04165534c75a0a4935f073a2885eaa0a33f1\ibex_cs_registers.$proc$/work/src/ibex_cs_registers.v:1148$2757'.
No latch inferred for signal `$paramod$38aa04165534c75a0a4935f073a2885eaa0a33f1\ibex_cs_registers.\pmp_addr_rdata[1]' from process `$paramod$38aa04165534c75a0a4935f073a2885eaa0a33f1\ibex_cs_registers.$proc$/work/src/ibex_cs_registers.v:1148$2756'.
No latch inferred for signal `$paramod$38aa04165534c75a0a4935f073a2885eaa0a33f1\ibex_cs_registers.\pmp_addr_rdata[0]' from process `$paramod$38aa04165534c75a0a4935f073a2885eaa0a33f1\ibex_cs_registers.$proc$/work/src/ibex_cs_registers.v:1148$2755'.
No latch inferred for signal `$paramod$38aa04165534c75a0a4935f073a2885eaa0a33f1\ibex_cs_registers.\gen_mhpmevent.sv2v_autoblock_2.i' from process `$paramod$38aa04165534c75a0a4935f073a2885eaa0a33f1\ibex_cs_registers.$proc$/work/src/ibex_cs_registers.v:1206$2741'.
No latch inferred for signal `$paramod$38aa04165534c75a0a4935f073a2885eaa0a33f1\ibex_cs_registers.\gen_mhpmevent.sv2v_autoblock_3.i' from process `$paramod$38aa04165534c75a0a4935f073a2885eaa0a33f1\ibex_cs_registers.$proc$/work/src/ibex_cs_registers.v:1206$2741'.
No latch inferred for signal `$paramod$38aa04165534c75a0a4935f073a2885eaa0a33f1\ibex_cs_registers.\mhpmevent[0]' from process `$paramod$38aa04165534c75a0a4935f073a2885eaa0a33f1\ibex_cs_registers.$proc$/work/src/ibex_cs_registers.v:1206$2741'.
No latch inferred for signal `$paramod$38aa04165534c75a0a4935f073a2885eaa0a33f1\ibex_cs_registers.\mhpmevent[1]' from process `$paramod$38aa04165534c75a0a4935f073a2885eaa0a33f1\ibex_cs_registers.$proc$/work/src/ibex_cs_registers.v:1206$2741'.
No latch inferred for signal `$paramod$38aa04165534c75a0a4935f073a2885eaa0a33f1\ibex_cs_registers.\mhpmevent[2]' from process `$paramod$38aa04165534c75a0a4935f073a2885eaa0a33f1\ibex_cs_registers.$proc$/work/src/ibex_cs_registers.v:1206$2741'.
No latch inferred for signal `$paramod$38aa04165534c75a0a4935f073a2885eaa0a33f1\ibex_cs_registers.\mhpmevent[3]' from process `$paramod$38aa04165534c75a0a4935f073a2885eaa0a33f1\ibex_cs_registers.$proc$/work/src/ibex_cs_registers.v:1206$2741'.
No latch inferred for signal `$paramod$38aa04165534c75a0a4935f073a2885eaa0a33f1\ibex_cs_registers.\mhpmevent[4]' from process `$paramod$38aa04165534c75a0a4935f073a2885eaa0a33f1\ibex_cs_registers.$proc$/work/src/ibex_cs_registers.v:1206$2741'.
No latch inferred for signal `$paramod$38aa04165534c75a0a4935f073a2885eaa0a33f1\ibex_cs_registers.\mhpmevent[5]' from process `$paramod$38aa04165534c75a0a4935f073a2885eaa0a33f1\ibex_cs_registers.$proc$/work/src/ibex_cs_registers.v:1206$2741'.
No latch inferred for signal `$paramod$38aa04165534c75a0a4935f073a2885eaa0a33f1\ibex_cs_registers.\mhpmevent[6]' from process `$paramod$38aa04165534c75a0a4935f073a2885eaa0a33f1\ibex_cs_registers.$proc$/work/src/ibex_cs_registers.v:1206$2741'.
No latch inferred for signal `$paramod$38aa04165534c75a0a4935f073a2885eaa0a33f1\ibex_cs_registers.\mhpmevent[7]' from process `$paramod$38aa04165534c75a0a4935f073a2885eaa0a33f1\ibex_cs_registers.$proc$/work/src/ibex_cs_registers.v:1206$2741'.
No latch inferred for signal `$paramod$38aa04165534c75a0a4935f073a2885eaa0a33f1\ibex_cs_registers.\mhpmevent[8]' from process `$paramod$38aa04165534c75a0a4935f073a2885eaa0a33f1\ibex_cs_registers.$proc$/work/src/ibex_cs_registers.v:1206$2741'.
No latch inferred for signal `$paramod$38aa04165534c75a0a4935f073a2885eaa0a33f1\ibex_cs_registers.\mhpmevent[9]' from process `$paramod$38aa04165534c75a0a4935f073a2885eaa0a33f1\ibex_cs_registers.$proc$/work/src/ibex_cs_registers.v:1206$2741'.
No latch inferred for signal `$paramod$38aa04165534c75a0a4935f073a2885eaa0a33f1\ibex_cs_registers.\mhpmevent[10]' from process `$paramod$38aa04165534c75a0a4935f073a2885eaa0a33f1\ibex_cs_registers.$proc$/work/src/ibex_cs_registers.v:1206$2741'.
No latch inferred for signal `$paramod$38aa04165534c75a0a4935f073a2885eaa0a33f1\ibex_cs_registers.\mhpmevent[11]' from process `$paramod$38aa04165534c75a0a4935f073a2885eaa0a33f1\ibex_cs_registers.$proc$/work/src/ibex_cs_registers.v:1206$2741'.
No latch inferred for signal `$paramod$38aa04165534c75a0a4935f073a2885eaa0a33f1\ibex_cs_registers.\mhpmevent[12]' from process `$paramod$38aa04165534c75a0a4935f073a2885eaa0a33f1\ibex_cs_registers.$proc$/work/src/ibex_cs_registers.v:1206$2741'.
No latch inferred for signal `$paramod$38aa04165534c75a0a4935f073a2885eaa0a33f1\ibex_cs_registers.\mhpmevent[13]' from process `$paramod$38aa04165534c75a0a4935f073a2885eaa0a33f1\ibex_cs_registers.$proc$/work/src/ibex_cs_registers.v:1206$2741'.
No latch inferred for signal `$paramod$38aa04165534c75a0a4935f073a2885eaa0a33f1\ibex_cs_registers.\mhpmevent[14]' from process `$paramod$38aa04165534c75a0a4935f073a2885eaa0a33f1\ibex_cs_registers.$proc$/work/src/ibex_cs_registers.v:1206$2741'.
No latch inferred for signal `$paramod$38aa04165534c75a0a4935f073a2885eaa0a33f1\ibex_cs_registers.\mhpmevent[15]' from process `$paramod$38aa04165534c75a0a4935f073a2885eaa0a33f1\ibex_cs_registers.$proc$/work/src/ibex_cs_registers.v:1206$2741'.
No latch inferred for signal `$paramod$38aa04165534c75a0a4935f073a2885eaa0a33f1\ibex_cs_registers.\mhpmevent[16]' from process `$paramod$38aa04165534c75a0a4935f073a2885eaa0a33f1\ibex_cs_registers.$proc$/work/src/ibex_cs_registers.v:1206$2741'.
No latch inferred for signal `$paramod$38aa04165534c75a0a4935f073a2885eaa0a33f1\ibex_cs_registers.\mhpmevent[17]' from process `$paramod$38aa04165534c75a0a4935f073a2885eaa0a33f1\ibex_cs_registers.$proc$/work/src/ibex_cs_registers.v:1206$2741'.
No latch inferred for signal `$paramod$38aa04165534c75a0a4935f073a2885eaa0a33f1\ibex_cs_registers.\mhpmevent[18]' from process `$paramod$38aa04165534c75a0a4935f073a2885eaa0a33f1\ibex_cs_registers.$proc$/work/src/ibex_cs_registers.v:1206$2741'.
No latch inferred for signal `$paramod$38aa04165534c75a0a4935f073a2885eaa0a33f1\ibex_cs_registers.\mhpmevent[19]' from process `$paramod$38aa04165534c75a0a4935f073a2885eaa0a33f1\ibex_cs_registers.$proc$/work/src/ibex_cs_registers.v:1206$2741'.
No latch inferred for signal `$paramod$38aa04165534c75a0a4935f073a2885eaa0a33f1\ibex_cs_registers.\mhpmevent[20]' from process `$paramod$38aa04165534c75a0a4935f073a2885eaa0a33f1\ibex_cs_registers.$proc$/work/src/ibex_cs_registers.v:1206$2741'.
No latch inferred for signal `$paramod$38aa04165534c75a0a4935f073a2885eaa0a33f1\ibex_cs_registers.\mhpmevent[21]' from process `$paramod$38aa04165534c75a0a4935f073a2885eaa0a33f1\ibex_cs_registers.$proc$/work/src/ibex_cs_registers.v:1206$2741'.
No latch inferred for signal `$paramod$38aa04165534c75a0a4935f073a2885eaa0a33f1\ibex_cs_registers.\mhpmevent[22]' from process `$paramod$38aa04165534c75a0a4935f073a2885eaa0a33f1\ibex_cs_registers.$proc$/work/src/ibex_cs_registers.v:1206$2741'.
No latch inferred for signal `$paramod$38aa04165534c75a0a4935f073a2885eaa0a33f1\ibex_cs_registers.\mhpmevent[23]' from process `$paramod$38aa04165534c75a0a4935f073a2885eaa0a33f1\ibex_cs_registers.$proc$/work/src/ibex_cs_registers.v:1206$2741'.
No latch inferred for signal `$paramod$38aa04165534c75a0a4935f073a2885eaa0a33f1\ibex_cs_registers.\mhpmevent[24]' from process `$paramod$38aa04165534c75a0a4935f073a2885eaa0a33f1\ibex_cs_registers.$proc$/work/src/ibex_cs_registers.v:1206$2741'.
No latch inferred for signal `$paramod$38aa04165534c75a0a4935f073a2885eaa0a33f1\ibex_cs_registers.\mhpmevent[25]' from process `$paramod$38aa04165534c75a0a4935f073a2885eaa0a33f1\ibex_cs_registers.$proc$/work/src/ibex_cs_registers.v:1206$2741'.
No latch inferred for signal `$paramod$38aa04165534c75a0a4935f073a2885eaa0a33f1\ibex_cs_registers.\mhpmevent[26]' from process `$paramod$38aa04165534c75a0a4935f073a2885eaa0a33f1\ibex_cs_registers.$proc$/work/src/ibex_cs_registers.v:1206$2741'.
No latch inferred for signal `$paramod$38aa04165534c75a0a4935f073a2885eaa0a33f1\ibex_cs_registers.\mhpmevent[27]' from process `$paramod$38aa04165534c75a0a4935f073a2885eaa0a33f1\ibex_cs_registers.$proc$/work/src/ibex_cs_registers.v:1206$2741'.
No latch inferred for signal `$paramod$38aa04165534c75a0a4935f073a2885eaa0a33f1\ibex_cs_registers.\mhpmevent[28]' from process `$paramod$38aa04165534c75a0a4935f073a2885eaa0a33f1\ibex_cs_registers.$proc$/work/src/ibex_cs_registers.v:1206$2741'.
No latch inferred for signal `$paramod$38aa04165534c75a0a4935f073a2885eaa0a33f1\ibex_cs_registers.\mhpmevent[29]' from process `$paramod$38aa04165534c75a0a4935f073a2885eaa0a33f1\ibex_cs_registers.$proc$/work/src/ibex_cs_registers.v:1206$2741'.
No latch inferred for signal `$paramod$38aa04165534c75a0a4935f073a2885eaa0a33f1\ibex_cs_registers.\mhpmevent[30]' from process `$paramod$38aa04165534c75a0a4935f073a2885eaa0a33f1\ibex_cs_registers.$proc$/work/src/ibex_cs_registers.v:1206$2741'.
No latch inferred for signal `$paramod$38aa04165534c75a0a4935f073a2885eaa0a33f1\ibex_cs_registers.\mhpmevent[31]' from process `$paramod$38aa04165534c75a0a4935f073a2885eaa0a33f1\ibex_cs_registers.$proc$/work/src/ibex_cs_registers.v:1206$2741'.
No latch inferred for signal `$paramod$38aa04165534c75a0a4935f073a2885eaa0a33f1\ibex_cs_registers.\mhpmcounter_incr' from process `$paramod$38aa04165534c75a0a4935f073a2885eaa0a33f1\ibex_cs_registers.$proc$/work/src/ibex_cs_registers.v:1182$2740'.
No latch inferred for signal `$paramod$38aa04165534c75a0a4935f073a2885eaa0a33f1\ibex_cs_registers.\gen_mhpmcounter_incr.sv2v_autoblock_1.i' from process `$paramod$38aa04165534c75a0a4935f073a2885eaa0a33f1\ibex_cs_registers.$proc$/work/src/ibex_cs_registers.v:1182$2740'.
No latch inferred for signal `$paramod$38aa04165534c75a0a4935f073a2885eaa0a33f1\ibex_cs_registers.\mcounteren_d' from process `$paramod$38aa04165534c75a0a4935f073a2885eaa0a33f1\ibex_cs_registers.$proc$/work/src/ibex_cs_registers.v:1172$2738'.
No latch inferred for signal `$paramod$38aa04165534c75a0a4935f073a2885eaa0a33f1\ibex_cs_registers.\mcountinhibit_d' from process `$paramod$38aa04165534c75a0a4935f073a2885eaa0a33f1\ibex_cs_registers.$proc$/work/src/ibex_cs_registers.v:1162$2736'.
No latch inferred for signal `$paramod$38aa04165534c75a0a4935f073a2885eaa0a33f1\ibex_cs_registers.\mstatus_d_combi' from process `$paramod$38aa04165534c75a0a4935f073a2885eaa0a33f1\ibex_cs_registers.$proc$/work/src/ibex_cs_registers.v:763$2706'.
No latch inferred for signal `$paramod$38aa04165534c75a0a4935f073a2885eaa0a33f1\ibex_cs_registers.\csr_wdata_int' from process `$paramod$38aa04165534c75a0a4935f073a2885eaa0a33f1\ibex_cs_registers.$proc$/work/src/ibex_cs_registers.v:731$2684'.
No latch inferred for signal `$paramod$38aa04165534c75a0a4935f073a2885eaa0a33f1\ibex_cs_registers.\double_fault_seen_o' from process `$paramod$38aa04165534c75a0a4935f073a2885eaa0a33f1\ibex_cs_registers.$proc$/work/src/ibex_cs_registers.v:571$2624'.
No latch inferred for signal `$paramod$38aa04165534c75a0a4935f073a2885eaa0a33f1\ibex_cs_registers.\exception_pc' from process `$paramod$38aa04165534c75a0a4935f073a2885eaa0a33f1\ibex_cs_registers.$proc$/work/src/ibex_cs_registers.v:571$2624'.
No latch inferred for signal `$paramod$38aa04165534c75a0a4935f073a2885eaa0a33f1\ibex_cs_registers.\priv_lvl_d' from process `$paramod$38aa04165534c75a0a4935f073a2885eaa0a33f1\ibex_cs_registers.$proc$/work/src/ibex_cs_registers.v:571$2624'.
No latch inferred for signal `$paramod$38aa04165534c75a0a4935f073a2885eaa0a33f1\ibex_cs_registers.\mstatus_d' from process `$paramod$38aa04165534c75a0a4935f073a2885eaa0a33f1\ibex_cs_registers.$proc$/work/src/ibex_cs_registers.v:571$2624'.
No latch inferred for signal `$paramod$38aa04165534c75a0a4935f073a2885eaa0a33f1\ibex_cs_registers.\mstatus_en' from process `$paramod$38aa04165534c75a0a4935f073a2885eaa0a33f1\ibex_cs_registers.$proc$/work/src/ibex_cs_registers.v:571$2624'.
No latch inferred for signal `$paramod$38aa04165534c75a0a4935f073a2885eaa0a33f1\ibex_cs_registers.\mie_en' from process `$paramod$38aa04165534c75a0a4935f073a2885eaa0a33f1\ibex_cs_registers.$proc$/work/src/ibex_cs_registers.v:571$2624'.
No latch inferred for signal `$paramod$38aa04165534c75a0a4935f073a2885eaa0a33f1\ibex_cs_registers.\mscratch_en' from process `$paramod$38aa04165534c75a0a4935f073a2885eaa0a33f1\ibex_cs_registers.$proc$/work/src/ibex_cs_registers.v:571$2624'.
No latch inferred for signal `$paramod$38aa04165534c75a0a4935f073a2885eaa0a33f1\ibex_cs_registers.\mepc_d' from process `$paramod$38aa04165534c75a0a4935f073a2885eaa0a33f1\ibex_cs_registers.$proc$/work/src/ibex_cs_registers.v:571$2624'.
No latch inferred for signal `$paramod$38aa04165534c75a0a4935f073a2885eaa0a33f1\ibex_cs_registers.\mepc_en' from process `$paramod$38aa04165534c75a0a4935f073a2885eaa0a33f1\ibex_cs_registers.$proc$/work/src/ibex_cs_registers.v:571$2624'.
No latch inferred for signal `$paramod$38aa04165534c75a0a4935f073a2885eaa0a33f1\ibex_cs_registers.\mcause_d' from process `$paramod$38aa04165534c75a0a4935f073a2885eaa0a33f1\ibex_cs_registers.$proc$/work/src/ibex_cs_registers.v:571$2624'.
No latch inferred for signal `$paramod$38aa04165534c75a0a4935f073a2885eaa0a33f1\ibex_cs_registers.\mcause_en' from process `$paramod$38aa04165534c75a0a4935f073a2885eaa0a33f1\ibex_cs_registers.$proc$/work/src/ibex_cs_registers.v:571$2624'.
No latch inferred for signal `$paramod$38aa04165534c75a0a4935f073a2885eaa0a33f1\ibex_cs_registers.\mtval_d' from process `$paramod$38aa04165534c75a0a4935f073a2885eaa0a33f1\ibex_cs_registers.$proc$/work/src/ibex_cs_registers.v:571$2624'.
No latch inferred for signal `$paramod$38aa04165534c75a0a4935f073a2885eaa0a33f1\ibex_cs_registers.\mtval_en' from process `$paramod$38aa04165534c75a0a4935f073a2885eaa0a33f1\ibex_cs_registers.$proc$/work/src/ibex_cs_registers.v:571$2624'.
No latch inferred for signal `$paramod$38aa04165534c75a0a4935f073a2885eaa0a33f1\ibex_cs_registers.\mtvec_d' from process `$paramod$38aa04165534c75a0a4935f073a2885eaa0a33f1\ibex_cs_registers.$proc$/work/src/ibex_cs_registers.v:571$2624'.
No latch inferred for signal `$paramod$38aa04165534c75a0a4935f073a2885eaa0a33f1\ibex_cs_registers.\mtvec_en' from process `$paramod$38aa04165534c75a0a4935f073a2885eaa0a33f1\ibex_cs_registers.$proc$/work/src/ibex_cs_registers.v:571$2624'.
No latch inferred for signal `$paramod$38aa04165534c75a0a4935f073a2885eaa0a33f1\ibex_cs_registers.\dcsr_d' from process `$paramod$38aa04165534c75a0a4935f073a2885eaa0a33f1\ibex_cs_registers.$proc$/work/src/ibex_cs_registers.v:571$2624'.
No latch inferred for signal `$paramod$38aa04165534c75a0a4935f073a2885eaa0a33f1\ibex_cs_registers.\dcsr_en' from process `$paramod$38aa04165534c75a0a4935f073a2885eaa0a33f1\ibex_cs_registers.$proc$/work/src/ibex_cs_registers.v:571$2624'.
No latch inferred for signal `$paramod$38aa04165534c75a0a4935f073a2885eaa0a33f1\ibex_cs_registers.\depc_d' from process `$paramod$38aa04165534c75a0a4935f073a2885eaa0a33f1\ibex_cs_registers.$proc$/work/src/ibex_cs_registers.v:571$2624'.
No latch inferred for signal `$paramod$38aa04165534c75a0a4935f073a2885eaa0a33f1\ibex_cs_registers.\depc_en' from process `$paramod$38aa04165534c75a0a4935f073a2885eaa0a33f1\ibex_cs_registers.$proc$/work/src/ibex_cs_registers.v:571$2624'.
No latch inferred for signal `$paramod$38aa04165534c75a0a4935f073a2885eaa0a33f1\ibex_cs_registers.\dscratch0_en' from process `$paramod$38aa04165534c75a0a4935f073a2885eaa0a33f1\ibex_cs_registers.$proc$/work/src/ibex_cs_registers.v:571$2624'.
No latch inferred for signal `$paramod$38aa04165534c75a0a4935f073a2885eaa0a33f1\ibex_cs_registers.\dscratch1_en' from process `$paramod$38aa04165534c75a0a4935f073a2885eaa0a33f1\ibex_cs_registers.$proc$/work/src/ibex_cs_registers.v:571$2624'.
No latch inferred for signal `$paramod$38aa04165534c75a0a4935f073a2885eaa0a33f1\ibex_cs_registers.\mshwm_en' from process `$paramod$38aa04165534c75a0a4935f073a2885eaa0a33f1\ibex_cs_registers.$proc$/work/src/ibex_cs_registers.v:571$2624'.
No latch inferred for signal `$paramod$38aa04165534c75a0a4935f073a2885eaa0a33f1\ibex_cs_registers.\mshwmb_en' from process `$paramod$38aa04165534c75a0a4935f073a2885eaa0a33f1\ibex_cs_registers.$proc$/work/src/ibex_cs_registers.v:571$2624'.
No latch inferred for signal `$paramod$38aa04165534c75a0a4935f073a2885eaa0a33f1\ibex_cs_registers.\cdbg_ctrl_en' from process `$paramod$38aa04165534c75a0a4935f073a2885eaa0a33f1\ibex_cs_registers.$proc$/work/src/ibex_cs_registers.v:571$2624'.
No latch inferred for signal `$paramod$38aa04165534c75a0a4935f073a2885eaa0a33f1\ibex_cs_registers.\mstack_d' from process `$paramod$38aa04165534c75a0a4935f073a2885eaa0a33f1\ibex_cs_registers.$proc$/work/src/ibex_cs_registers.v:571$2624'.
No latch inferred for signal `$paramod$38aa04165534c75a0a4935f073a2885eaa0a33f1\ibex_cs_registers.\mstack_en' from process `$paramod$38aa04165534c75a0a4935f073a2885eaa0a33f1\ibex_cs_registers.$proc$/work/src/ibex_cs_registers.v:571$2624'.
No latch inferred for signal `$paramod$38aa04165534c75a0a4935f073a2885eaa0a33f1\ibex_cs_registers.\mstack_epc_d' from process `$paramod$38aa04165534c75a0a4935f073a2885eaa0a33f1\ibex_cs_registers.$proc$/work/src/ibex_cs_registers.v:571$2624'.
No latch inferred for signal `$paramod$38aa04165534c75a0a4935f073a2885eaa0a33f1\ibex_cs_registers.\mstack_cause_d' from process `$paramod$38aa04165534c75a0a4935f073a2885eaa0a33f1\ibex_cs_registers.$proc$/work/src/ibex_cs_registers.v:571$2624'.
No latch inferred for signal `$paramod$38aa04165534c75a0a4935f073a2885eaa0a33f1\ibex_cs_registers.\mcountinhibit_we' from process `$paramod$38aa04165534c75a0a4935f073a2885eaa0a33f1\ibex_cs_registers.$proc$/work/src/ibex_cs_registers.v:571$2624'.
No latch inferred for signal `$paramod$38aa04165534c75a0a4935f073a2885eaa0a33f1\ibex_cs_registers.\mcounteren_we' from process `$paramod$38aa04165534c75a0a4935f073a2885eaa0a33f1\ibex_cs_registers.$proc$/work/src/ibex_cs_registers.v:571$2624'.
No latch inferred for signal `$paramod$38aa04165534c75a0a4935f073a2885eaa0a33f1\ibex_cs_registers.\mhpmcounter_we' from process `$paramod$38aa04165534c75a0a4935f073a2885eaa0a33f1\ibex_cs_registers.$proc$/work/src/ibex_cs_registers.v:571$2624'.
No latch inferred for signal `$paramod$38aa04165534c75a0a4935f073a2885eaa0a33f1\ibex_cs_registers.\mhpmcounterh_we' from process `$paramod$38aa04165534c75a0a4935f073a2885eaa0a33f1\ibex_cs_registers.$proc$/work/src/ibex_cs_registers.v:571$2624'.
No latch inferred for signal `$paramod$38aa04165534c75a0a4935f073a2885eaa0a33f1\ibex_cs_registers.\cpuctrlsts_part_d' from process `$paramod$38aa04165534c75a0a4935f073a2885eaa0a33f1\ibex_cs_registers.$proc$/work/src/ibex_cs_registers.v:571$2624'.
No latch inferred for signal `$paramod$38aa04165534c75a0a4935f073a2885eaa0a33f1\ibex_cs_registers.\cpuctrlsts_part_we' from process `$paramod$38aa04165534c75a0a4935f073a2885eaa0a33f1\ibex_cs_registers.$proc$/work/src/ibex_cs_registers.v:571$2624'.
No latch inferred for signal `$paramod$38aa04165534c75a0a4935f073a2885eaa0a33f1\ibex_cs_registers.\sv2v_cast_2$func$/work/src/ibex_cs_registers.v:614$2525.$result' from process `$paramod$38aa04165534c75a0a4935f073a2885eaa0a33f1\ibex_cs_registers.$proc$/work/src/ibex_cs_registers.v:571$2624'.
No latch inferred for signal `$paramod$38aa04165534c75a0a4935f073a2885eaa0a33f1\ibex_cs_registers.\sv2v_cast_2$func$/work/src/ibex_cs_registers.v:614$2525.inp' from process `$paramod$38aa04165534c75a0a4935f073a2885eaa0a33f1\ibex_cs_registers.$proc$/work/src/ibex_cs_registers.v:571$2624'.
No latch inferred for signal `$paramod$38aa04165534c75a0a4935f073a2885eaa0a33f1\ibex_cs_registers.$bitselwrite$pos$/work/src/ibex_cs_registers.v:645$2526' from process `$paramod$38aa04165534c75a0a4935f073a2885eaa0a33f1\ibex_cs_registers.$proc$/work/src/ibex_cs_registers.v:571$2624'.
No latch inferred for signal `$paramod$38aa04165534c75a0a4935f073a2885eaa0a33f1\ibex_cs_registers.$bitselwrite$pos$/work/src/ibex_cs_registers.v:646$2527' from process `$paramod$38aa04165534c75a0a4935f073a2885eaa0a33f1\ibex_cs_registers.$proc$/work/src/ibex_cs_registers.v:571$2624'.
No latch inferred for signal `$paramod$38aa04165534c75a0a4935f073a2885eaa0a33f1\ibex_cs_registers.\csr_rdata_int' from process `$paramod$38aa04165534c75a0a4935f073a2885eaa0a33f1\ibex_cs_registers.$proc$/work/src/ibex_cs_registers.v:401$2546'.
No latch inferred for signal `$paramod$38aa04165534c75a0a4935f073a2885eaa0a33f1\ibex_cs_registers.\dbg_csr' from process `$paramod$38aa04165534c75a0a4935f073a2885eaa0a33f1\ibex_cs_registers.$proc$/work/src/ibex_cs_registers.v:401$2546'.
No latch inferred for signal `$paramod$38aa04165534c75a0a4935f073a2885eaa0a33f1\ibex_cs_registers.\illegal_csr' from process `$paramod$38aa04165534c75a0a4935f073a2885eaa0a33f1\ibex_cs_registers.$proc$/work/src/ibex_cs_registers.v:401$2546'.
No latch inferred for signal `$paramod$38aa04165534c75a0a4935f073a2885eaa0a33f1\ibex_cs_registers.$mem2reg_rd$\mhpmevent$/work/src/ibex_cs_registers.v:504$2532_ADDR' from process `$paramod$38aa04165534c75a0a4935f073a2885eaa0a33f1\ibex_cs_registers.$proc$/work/src/ibex_cs_registers.v:401$2546'.
No latch inferred for signal `$paramod$38aa04165534c75a0a4935f073a2885eaa0a33f1\ibex_cs_registers.$mem2reg_rd$\mhpmevent$/work/src/ibex_cs_registers.v:504$2532_DATA' from process `$paramod$38aa04165534c75a0a4935f073a2885eaa0a33f1\ibex_cs_registers.$proc$/work/src/ibex_cs_registers.v:401$2546'.
No latch inferred for signal `$paramod$38aa04165534c75a0a4935f073a2885eaa0a33f1\ibex_cs_registers.$mem2reg_rd$\mhpmcounter$/work/src/ibex_cs_registers.v:505$2533_ADDR' from process `$paramod$38aa04165534c75a0a4935f073a2885eaa0a33f1\ibex_cs_registers.$proc$/work/src/ibex_cs_registers.v:401$2546'.
No latch inferred for signal `$paramod$38aa04165534c75a0a4935f073a2885eaa0a33f1\ibex_cs_registers.$mem2reg_rd$\mhpmcounter$/work/src/ibex_cs_registers.v:505$2533_DATA' from process `$paramod$38aa04165534c75a0a4935f073a2885eaa0a33f1\ibex_cs_registers.$proc$/work/src/ibex_cs_registers.v:401$2546'.
No latch inferred for signal `$paramod$38aa04165534c75a0a4935f073a2885eaa0a33f1\ibex_cs_registers.$mem2reg_rd$\mhpmcounter$/work/src/ibex_cs_registers.v:506$2534_ADDR' from process `$paramod$38aa04165534c75a0a4935f073a2885eaa0a33f1\ibex_cs_registers.$proc$/work/src/ibex_cs_registers.v:401$2546'.
No latch inferred for signal `$paramod$38aa04165534c75a0a4935f073a2885eaa0a33f1\ibex_cs_registers.$mem2reg_rd$\mhpmcounter$/work/src/ibex_cs_registers.v:506$2534_DATA' from process `$paramod$38aa04165534c75a0a4935f073a2885eaa0a33f1\ibex_cs_registers.$proc$/work/src/ibex_cs_registers.v:401$2546'.
No latch inferred for signal `$paramod$38aa04165534c75a0a4935f073a2885eaa0a33f1\ibex_cs_registers.$mem2reg_rd$\mhpmcounter$/work/src/ibex_cs_registers.v:508$2535_ADDR' from process `$paramod$38aa04165534c75a0a4935f073a2885eaa0a33f1\ibex_cs_registers.$proc$/work/src/ibex_cs_registers.v:401$2546'.
No latch inferred for signal `$paramod$38aa04165534c75a0a4935f073a2885eaa0a33f1\ibex_cs_registers.$mem2reg_rd$\mhpmcounter$/work/src/ibex_cs_registers.v:508$2535_DATA' from process `$paramod$38aa04165534c75a0a4935f073a2885eaa0a33f1\ibex_cs_registers.$proc$/work/src/ibex_cs_registers.v:401$2546'.
No latch inferred for signal `$paramod$38aa04165534c75a0a4935f073a2885eaa0a33f1\ibex_cs_registers.$mem2reg_rd$\mhpmcounter$/work/src/ibex_cs_registers.v:512$2536_ADDR' from process `$paramod$38aa04165534c75a0a4935f073a2885eaa0a33f1\ibex_cs_registers.$proc$/work/src/ibex_cs_registers.v:401$2546'.
No latch inferred for signal `$paramod$38aa04165534c75a0a4935f073a2885eaa0a33f1\ibex_cs_registers.$mem2reg_rd$\mhpmcounter$/work/src/ibex_cs_registers.v:512$2536_DATA' from process `$paramod$38aa04165534c75a0a4935f073a2885eaa0a33f1\ibex_cs_registers.$proc$/work/src/ibex_cs_registers.v:401$2546'.
No latch inferred for signal `$paramod\ibex_counter\CounterWidth=s32'00000000000000000000000001000000.\_sv2v_0' from process `$paramod\ibex_counter\CounterWidth=s32'00000000000000000000000001000000.$proc$/work/src/ibex_counter.v:0$2487'.
No latch inferred for signal `$paramod\ibex_counter\CounterWidth=s32'00000000000000000000000001000000.\counter_load' from process `$paramod\ibex_counter\CounterWidth=s32'00000000000000000000000001000000.$proc$/work/src/ibex_counter.v:28$2483'.
No latch inferred for signal `$paramod\ibex_counter\CounterWidth=s32'00000000000000000000000001000000.\we' from process `$paramod\ibex_counter\CounterWidth=s32'00000000000000000000000001000000.$proc$/work/src/ibex_counter.v:28$2483'.
No latch inferred for signal `$paramod\ibex_counter\CounterWidth=s32'00000000000000000000000001000000.\counter_d' from process `$paramod\ibex_counter\CounterWidth=s32'00000000000000000000000001000000.$proc$/work/src/ibex_counter.v:28$2483'.
