
 /----------------------------------------------------------------------------\
 |  yosys -- Yosys Open SYnthesis Suite                                       |
 |  Copyright (C) 2012 - 2024  Claire Xenia Wolf <claire@yosyshq.com>         |
 |  Distributed under an ISC-like license, type "license" to see terms        |
 \----------------------------------------------------------------------------/
 Yosys 0.46 (git sha1 e97731b9dda91fa5fa53ed87df7c34163ba59a41, clang++ 17.0.6 -fPIC -O3)
Loaded SDC plugin

1. Executing Verilog-2005 frontend: /work/runs/fathom-20260905T140607Z/tmp/d1d99cee64d24a11a80b646089c49be1.bb.v
Parsing SystemVerilog input from `/work/runs/fathom-20260905T140607Z/tmp/d1d99cee64d24a11a80b646089c49be1.bb.v' to AST representation.
Generating RTLIL representation for module `\sky130_ef_sc_hd__decap_12'.
Generating RTLIL representation for module `\sky130_ef_sc_hd__fill_12'.
Generating RTLIL representation for module `\sky130_ef_sc_hd__fill_4'.
Generating RTLIL representation for module `\sky130_ef_sc_hd__fill_8'.
Generating RTLIL representation for module `\sky130_fd_sc_hd__a2111o_1'.
Generating RTLIL representation for module `\sky130_fd_sc_hd__a2111o_2'.
Generating RTLIL representation for module `\sky130_fd_sc_hd__a2111o_4'.
Generating RTLIL representation for module `\sky130_fd_sc_hd__a2111oi_0'.
Generating RTLIL representation for module `\sky130_fd_sc_hd__a2111oi_1'.
Generating RTLIL representation for module `\sky130_fd_sc_hd__a2111oi_2'.
Generating RTLIL representation for module `\sky130_fd_sc_hd__a2111oi_4'.
Generating RTLIL representation for module `\sky130_fd_sc_hd__a211o_1'.
Generating RTLIL representation for module `\sky130_fd_sc_hd__a211o_2'.
Generating RTLIL representation for module `\sky130_fd_sc_hd__a211o_4'.
Generating RTLIL representation for module `\sky130_fd_sc_hd__a211oi_1'.
Generating RTLIL representation for module `\sky130_fd_sc_hd__a211oi_2'.
Generating RTLIL representation for module `\sky130_fd_sc_hd__a211oi_4'.
Generating RTLIL representation for module `\sky130_fd_sc_hd__a21bo_1'.
Generating RTLIL representation for module `\sky130_fd_sc_hd__a21bo_2'.
Generating RTLIL representation for module `\sky130_fd_sc_hd__a21bo_4'.
Generating RTLIL representation for module `\sky130_fd_sc_hd__a21boi_0'.
Generating RTLIL representation for module `\sky130_fd_sc_hd__a21boi_1'.
Generating RTLIL representation for module `\sky130_fd_sc_hd__a21boi_2'.
Generating RTLIL representation for module `\sky130_fd_sc_hd__a21boi_4'.
Generating RTLIL representation for module `\sky130_fd_sc_hd__a21o_1'.
Generating RTLIL representation for module `\sky130_fd_sc_hd__a21o_2'.
Generating RTLIL representation for module `\sky130_fd_sc_hd__a21o_4'.
Generating RTLIL representation for module `\sky130_fd_sc_hd__a21oi_1'.
Generating RTLIL representation for module `\sky130_fd_sc_hd__a21oi_2'.
Generating RTLIL representation for module `\sky130_fd_sc_hd__a21oi_4'.
Generating RTLIL representation for module `\sky130_fd_sc_hd__a221o_1'.
Generating RTLIL representation for module `\sky130_fd_sc_hd__a221o_2'.
Generating RTLIL representation for module `\sky130_fd_sc_hd__a221o_4'.
Generating RTLIL representation for module `\sky130_fd_sc_hd__a221oi_1'.
Generating RTLIL representation for module `\sky130_fd_sc_hd__a221oi_2'.
Generating RTLIL representation for module `\sky130_fd_sc_hd__a221oi_4'.
Generating RTLIL representation for module `\sky130_fd_sc_hd__a222oi_1'.
Generating RTLIL representation for module `\sky130_fd_sc_hd__a22o_1'.
Generating RTLIL representation for module `\sky130_fd_sc_hd__a22o_2'.
Generating RTLIL representation for module `\sky130_fd_sc_hd__a22o_4'.
Generating RTLIL representation for module `\sky130_fd_sc_hd__a22oi_1'.
Generating RTLIL representation for module `\sky130_fd_sc_hd__a22oi_2'.
Generating RTLIL representation for module `\sky130_fd_sc_hd__a22oi_4'.
Generating RTLIL representation for module `\sky130_fd_sc_hd__a2bb2o_1'.
Generating RTLIL representation for module `\sky130_fd_sc_hd__a2bb2o_2'.
Generating RTLIL representation for module `\sky130_fd_sc_hd__a2bb2o_4'.
Generating RTLIL representation for module `\sky130_fd_sc_hd__a2bb2oi_1'.
Generating RTLIL representation for module `\sky130_fd_sc_hd__a2bb2oi_2'.
Generating RTLIL representation for module `\sky130_fd_sc_hd__a2bb2oi_4'.
Generating RTLIL representation for module `\sky130_fd_sc_hd__a311o_1'.
Generating RTLIL representation for module `\sky130_fd_sc_hd__a311o_2'.
Generating RTLIL representation for module `\sky130_fd_sc_hd__a311o_4'.
Generating RTLIL representation for module `\sky130_fd_sc_hd__a311oi_1'.
Generating RTLIL representation for module `\sky130_fd_sc_hd__a311oi_2'.
Generating RTLIL representation for module `\sky130_fd_sc_hd__a311oi_4'.
Generating RTLIL representation for module `\sky130_fd_sc_hd__a31o_1'.
Generating RTLIL representation for module `\sky130_fd_sc_hd__a31o_2'.
Generating RTLIL representation for module `\sky130_fd_sc_hd__a31o_4'.
Generating RTLIL representation for module `\sky130_fd_sc_hd__a31oi_1'.
Generating RTLIL representation for module `\sky130_fd_sc_hd__a31oi_2'.
Generating RTLIL representation for module `\sky130_fd_sc_hd__a31oi_4'.
Generating RTLIL representation for module `\sky130_fd_sc_hd__a32o_1'.
Generating RTLIL representation for module `\sky130_fd_sc_hd__a32o_2'.
Generating RTLIL representation for module `\sky130_fd_sc_hd__a32o_4'.
Generating RTLIL representation for module `\sky130_fd_sc_hd__a32oi_1'.
Generating RTLIL representation for module `\sky130_fd_sc_hd__a32oi_2'.
Generating RTLIL representation for module `\sky130_fd_sc_hd__a32oi_4'.
Generating RTLIL representation for module `\sky130_fd_sc_hd__a41o_1'.
Generating RTLIL representation for module `\sky130_fd_sc_hd__a41o_2'.
Generating RTLIL representation for module `\sky130_fd_sc_hd__a41o_4'.
Generating RTLIL representation for module `\sky130_fd_sc_hd__a41oi_1'.
Generating RTLIL representation for module `\sky130_fd_sc_hd__a41oi_2'.
Generating RTLIL representation for module `\sky130_fd_sc_hd__a41oi_4'.
Generating RTLIL representation for module `\sky130_fd_sc_hd__and2_0'.
Generating RTLIL representation for module `\sky130_fd_sc_hd__and2_1'.
Generating RTLIL representation for module `\sky130_fd_sc_hd__and2_2'.
Generating RTLIL representation for module `\sky130_fd_sc_hd__and2_4'.
Generating RTLIL representation for module `\sky130_fd_sc_hd__and2b_1'.
Generating RTLIL representation for module `\sky130_fd_sc_hd__and2b_2'.
Generating RTLIL representation for module `\sky130_fd_sc_hd__and2b_4'.
Generating RTLIL representation for module `\sky130_fd_sc_hd__and3_1'.
Generating RTLIL representation for module `\sky130_fd_sc_hd__and3_2'.
Generating RTLIL representation for module `\sky130_fd_sc_hd__and3_4'.
Generating RTLIL representation for module `\sky130_fd_sc_hd__and3b_1'.
Generating RTLIL representation for module `\sky130_fd_sc_hd__and3b_2'.
Generating RTLIL representation for module `\sky130_fd_sc_hd__and3b_4'.
Generating RTLIL representation for module `\sky130_fd_sc_hd__and4_1'.
Generating RTLIL representation for module `\sky130_fd_sc_hd__and4_2'.
Generating RTLIL representation for module `\sky130_fd_sc_hd__and4_4'.
Generating RTLIL representation for module `\sky130_fd_sc_hd__and4b_1'.
Generating RTLIL representation for module `\sky130_fd_sc_hd__and4b_2'.
Generating RTLIL representation for module `\sky130_fd_sc_hd__and4b_4'.
Generating RTLIL representation for module `\sky130_fd_sc_hd__and4bb_1'.
Generating RTLIL representation for module `\sky130_fd_sc_hd__and4bb_2'.
Generating RTLIL representation for module `\sky130_fd_sc_hd__and4bb_4'.
Generating RTLIL representation for module `\sky130_fd_sc_hd__buf_1'.
Generating RTLIL representation for module `\sky130_fd_sc_hd__buf_12'.
Generating RTLIL representation for module `\sky130_fd_sc_hd__buf_16'.
Generating RTLIL representation for module `\sky130_fd_sc_hd__buf_2'.
Generating RTLIL representation for module `\sky130_fd_sc_hd__buf_4'.
Generating RTLIL representation for module `\sky130_fd_sc_hd__buf_6'.
Generating RTLIL representation for module `\sky130_fd_sc_hd__buf_8'.
Generating RTLIL representation for module `\sky130_fd_sc_hd__bufbuf_16'.
Generating RTLIL representation for module `\sky130_fd_sc_hd__bufbuf_8'.
Generating RTLIL representation for module `\sky130_fd_sc_hd__bufinv_16'.
Generating RTLIL representation for module `\sky130_fd_sc_hd__bufinv_8'.
Generating RTLIL representation for module `\sky130_fd_sc_hd__clkbuf_1'.
Generating RTLIL representation for module `\sky130_fd_sc_hd__clkbuf_16'.
Generating RTLIL representation for module `\sky130_fd_sc_hd__clkbuf_2'.
Generating RTLIL representation for module `\sky130_fd_sc_hd__clkbuf_4'.
Generating RTLIL representation for module `\sky130_fd_sc_hd__clkbuf_8'.
Generating RTLIL representation for module `\sky130_fd_sc_hd__clkdlybuf4s15_1'.
Generating RTLIL representation for module `\sky130_fd_sc_hd__clkdlybuf4s15_2'.
Generating RTLIL representation for module `\sky130_fd_sc_hd__clkdlybuf4s18_1'.
Generating RTLIL representation for module `\sky130_fd_sc_hd__clkdlybuf4s18_2'.
Generating RTLIL representation for module `\sky130_fd_sc_hd__clkdlybuf4s25_1'.
Generating RTLIL representation for module `\sky130_fd_sc_hd__clkdlybuf4s25_2'.
Generating RTLIL representation for module `\sky130_fd_sc_hd__clkdlybuf4s50_1'.
Generating RTLIL representation for module `\sky130_fd_sc_hd__clkdlybuf4s50_2'.
Generating RTLIL representation for module `\sky130_fd_sc_hd__clkinv_1'.
Generating RTLIL representation for module `\sky130_fd_sc_hd__clkinv_16'.
Generating RTLIL representation for module `\sky130_fd_sc_hd__clkinv_2'.
Generating RTLIL representation for module `\sky130_fd_sc_hd__clkinv_4'.
Generating RTLIL representation for module `\sky130_fd_sc_hd__clkinv_8'.
Generating RTLIL representation for module `\sky130_fd_sc_hd__clkinvlp_2'.
Generating RTLIL representation for module `\sky130_fd_sc_hd__clkinvlp_4'.
Generating RTLIL representation for module `\sky130_fd_sc_hd__conb_1'.
Generating RTLIL representation for module `\sky130_fd_sc_hd__decap_12'.
Generating RTLIL representation for module `\sky130_fd_sc_hd__decap_3'.
Generating RTLIL representation for module `\sky130_fd_sc_hd__decap_4'.
Generating RTLIL representation for module `\sky130_fd_sc_hd__decap_6'.
Generating RTLIL representation for module `\sky130_fd_sc_hd__decap_8'.
Generating RTLIL representation for module `\sky130_fd_sc_hd__dfbbn_1'.
Generating RTLIL representation for module `\sky130_fd_sc_hd__dfbbn_2'.
Generating RTLIL representation for module `\sky130_fd_sc_hd__dfbbp_1'.
Generating RTLIL representation for module `\sky130_fd_sc_hd__dfrbp_1'.
Generating RTLIL representation for module `\sky130_fd_sc_hd__dfrbp_2'.
Generating RTLIL representation for module `\sky130_fd_sc_hd__dfrtn_1'.
Generating RTLIL representation for module `\sky130_fd_sc_hd__dfrtp_1'.
Generating RTLIL representation for module `\sky130_fd_sc_hd__dfrtp_2'.
Generating RTLIL representation for module `\sky130_fd_sc_hd__dfrtp_4'.
Generating RTLIL representation for module `\sky130_fd_sc_hd__dfsbp_1'.
Generating RTLIL representation for module `\sky130_fd_sc_hd__dfsbp_2'.
Generating RTLIL representation for module `\sky130_fd_sc_hd__dfstp_1'.
Generating RTLIL representation for module `\sky130_fd_sc_hd__dfstp_2'.
Generating RTLIL representation for module `\sky130_fd_sc_hd__dfstp_4'.
Generating RTLIL representation for module `\sky130_fd_sc_hd__dfxbp_1'.
Generating RTLIL representation for module `\sky130_fd_sc_hd__dfxbp_2'.
Generating RTLIL representation for module `\sky130_fd_sc_hd__dfxtp_1'.
Generating RTLIL representation for module `\sky130_fd_sc_hd__dfxtp_2'.
Generating RTLIL representation for module `\sky130_fd_sc_hd__dfxtp_4'.
Generating RTLIL representation for module `\sky130_fd_sc_hd__diode_2'.
Generating RTLIL representation for module `\sky130_fd_sc_hd__dlclkp_1'.
Generating RTLIL representation for module `\sky130_fd_sc_hd__dlclkp_2'.
Generating RTLIL representation for module `\sky130_fd_sc_hd__dlclkp_4'.
Generating RTLIL representation for module `\sky130_fd_sc_hd__dlrbn_1'.
Generating RTLIL representation for module `\sky130_fd_sc_hd__dlrbn_2'.
Generating RTLIL representation for module `\sky130_fd_sc_hd__dlrbp_1'.
Generating RTLIL representation for module `\sky130_fd_sc_hd__dlrbp_2'.
Generating RTLIL representation for module `\sky130_fd_sc_hd__dlrtn_1'.
Generating RTLIL representation for module `\sky130_fd_sc_hd__dlrtn_2'.
Generating RTLIL representation for module `\sky130_fd_sc_hd__dlrtn_4'.
Generating RTLIL representation for module `\sky130_fd_sc_hd__dlrtp_1'.
Generating RTLIL representation for module `\sky130_fd_sc_hd__dlrtp_2'.
Generating RTLIL representation for module `\sky130_fd_sc_hd__dlrtp_4'.
Generating RTLIL representation for module `\sky130_fd_sc_hd__dlxbn_1'.
Generating RTLIL representation for module `\sky130_fd_sc_hd__dlxbn_2'.
Generating RTLIL representation for module `\sky130_fd_sc_hd__dlxbp_1'.
Generating RTLIL representation for module `\sky130_fd_sc_hd__dlxtn_1'.
Generating RTLIL representation for module `\sky130_fd_sc_hd__dlxtn_2'.
Generating RTLIL representation for module `\sky130_fd_sc_hd__dlxtn_4'.
Generating RTLIL representation for module `\sky130_fd_sc_hd__dlxtp_1'.
Generating RTLIL representation for module `\sky130_fd_sc_hd__dlygate4sd1_1'.
Generating RTLIL representation for module `\sky130_fd_sc_hd__dlygate4sd2_1'.
Generating RTLIL representation for module `\sky130_fd_sc_hd__dlygate4sd3_1'.
Generating RTLIL representation for module `\sky130_fd_sc_hd__dlymetal6s2s_1'.
Generating RTLIL representation for module `\sky130_fd_sc_hd__dlymetal6s4s_1'.
Generating RTLIL representation for module `\sky130_fd_sc_hd__dlymetal6s6s_1'.
Generating RTLIL representation for module `\sky130_fd_sc_hd__ebufn_1'.
Generating RTLIL representation for module `\sky130_fd_sc_hd__ebufn_2'.
Generating RTLIL representation for module `\sky130_fd_sc_hd__ebufn_4'.
Generating RTLIL representation for module `\sky130_fd_sc_hd__ebufn_8'.
Generating RTLIL representation for module `\sky130_fd_sc_hd__edfxbp_1'.
Generating RTLIL representation for module `\sky130_fd_sc_hd__edfxtp_1'.
Generating RTLIL representation for module `\sky130_fd_sc_hd__einvn_0'.
Generating RTLIL representation for module `\sky130_fd_sc_hd__einvn_1'.
Generating RTLIL representation for module `\sky130_fd_sc_hd__einvn_2'.
Generating RTLIL representation for module `\sky130_fd_sc_hd__einvn_4'.
Generating RTLIL representation for module `\sky130_fd_sc_hd__einvn_8'.
Generating RTLIL representation for module `\sky130_fd_sc_hd__einvp_1'.
Generating RTLIL representation for module `\sky130_fd_sc_hd__einvp_2'.
Generating RTLIL representation for module `\sky130_fd_sc_hd__einvp_4'.
Generating RTLIL representation for module `\sky130_fd_sc_hd__einvp_8'.
Generating RTLIL representation for module `\sky130_fd_sc_hd__fa_1'.
Generating RTLIL representation for module `\sky130_fd_sc_hd__fa_2'.
Generating RTLIL representation for module `\sky130_fd_sc_hd__fa_4'.
Generating RTLIL representation for module `\sky130_fd_sc_hd__fah_1'.
Generating RTLIL representation for module `\sky130_fd_sc_hd__fahcin_1'.
Generating RTLIL representation for module `\sky130_fd_sc_hd__fahcon_1'.
Generating RTLIL representation for module `\sky130_fd_sc_hd__fill_1'.
Generating RTLIL representation for module `\sky130_fd_sc_hd__fill_2'.
Generating RTLIL representation for module `\sky130_fd_sc_hd__fill_4'.
Generating RTLIL representation for module `\sky130_fd_sc_hd__fill_8'.
Generating RTLIL representation for module `\sky130_fd_sc_hd__ha_1'.
Generating RTLIL representation for module `\sky130_fd_sc_hd__ha_2'.
Generating RTLIL representation for module `\sky130_fd_sc_hd__ha_4'.
Generating RTLIL representation for module `\sky130_fd_sc_hd__inv_1'.
Generating RTLIL representation for module `\sky130_fd_sc_hd__inv_12'.
Generating RTLIL representation for module `\sky130_fd_sc_hd__inv_16'.
Generating RTLIL representation for module `\sky130_fd_sc_hd__inv_2'.
Generating RTLIL representation for module `\sky130_fd_sc_hd__inv_4'.
Generating RTLIL representation for module `\sky130_fd_sc_hd__inv_6'.
Generating RTLIL representation for module `\sky130_fd_sc_hd__inv_8'.
Generating RTLIL representation for module `\sky130_fd_sc_hd__lpflow_bleeder_1'.
Generating RTLIL representation for module `\sky130_fd_sc_hd__lpflow_clkbufkapwr_1'.
Generating RTLIL representation for module `\sky130_fd_sc_hd__lpflow_clkbufkapwr_16'.
Generating RTLIL representation for module `\sky130_fd_sc_hd__lpflow_clkbufkapwr_2'.
Generating RTLIL representation for module `\sky130_fd_sc_hd__lpflow_clkbufkapwr_4'.
Generating RTLIL representation for module `\sky130_fd_sc_hd__lpflow_clkbufkapwr_8'.
Generating RTLIL representation for module `\sky130_fd_sc_hd__lpflow_clkinvkapwr_1'.
Generating RTLIL representation for module `\sky130_fd_sc_hd__lpflow_clkinvkapwr_16'.
Generating RTLIL representation for module `\sky130_fd_sc_hd__lpflow_clkinvkapwr_2'.
Generating RTLIL representation for module `\sky130_fd_sc_hd__lpflow_clkinvkapwr_4'.
Generating RTLIL representation for module `\sky130_fd_sc_hd__lpflow_clkinvkapwr_8'.
Generating RTLIL representation for module `\sky130_fd_sc_hd__lpflow_decapkapwr_12'.
Generating RTLIL representation for module `\sky130_fd_sc_hd__lpflow_decapkapwr_3'.
Generating RTLIL representation for module `\sky130_fd_sc_hd__lpflow_decapkapwr_4'.
Generating RTLIL representation for module `\sky130_fd_sc_hd__lpflow_decapkapwr_6'.
Generating RTLIL representation for module `\sky130_fd_sc_hd__lpflow_decapkapwr_8'.
Generating RTLIL representation for module `\sky130_fd_sc_hd__lpflow_inputiso0n_1'.
Generating RTLIL representation for module `\sky130_fd_sc_hd__lpflow_inputiso0p_1'.
Generating RTLIL representation for module `\sky130_fd_sc_hd__lpflow_inputiso1n_1'.
Generating RTLIL representation for module `\sky130_fd_sc_hd__lpflow_inputiso1p_1'.
Generating RTLIL representation for module `\sky130_fd_sc_hd__lpflow_inputisolatch_1'.
Generating RTLIL representation for module `\sky130_fd_sc_hd__lpflow_isobufsrc_1'.
Generating RTLIL representation for module `\sky130_fd_sc_hd__lpflow_isobufsrc_16'.
Generating RTLIL representation for module `\sky130_fd_sc_hd__lpflow_isobufsrc_2'.
Generating RTLIL representation for module `\sky130_fd_sc_hd__lpflow_isobufsrc_4'.
Generating RTLIL representation for module `\sky130_fd_sc_hd__lpflow_isobufsrc_8'.
Generating RTLIL representation for module `\sky130_fd_sc_hd__lpflow_isobufsrckapwr_16'.
Generating RTLIL representation for module `\sky130_fd_sc_hd__lpflow_lsbuf_lh_hl_isowell_tap_1'.
Generating RTLIL representation for module `\sky130_fd_sc_hd__lpflow_lsbuf_lh_hl_isowell_tap_2'.
Generating RTLIL representation for module `\sky130_fd_sc_hd__lpflow_lsbuf_lh_hl_isowell_tap_4'.
Generating RTLIL representation for module `\sky130_fd_sc_hd__lpflow_lsbuf_lh_isowell_4'.
Generating RTLIL representation for module `\sky130_fd_sc_hd__lpflow_lsbuf_lh_isowell_tap_1'.
Generating RTLIL representation for module `\sky130_fd_sc_hd__lpflow_lsbuf_lh_isowell_tap_2'.
Generating RTLIL representation for module `\sky130_fd_sc_hd__lpflow_lsbuf_lh_isowell_tap_4'.
Generating RTLIL representation for module `\sky130_fd_sc_hd__macro_sparecell'.
Generating RTLIL representation for module `\sky130_fd_sc_hd__maj3_1'.
Generating RTLIL representation for module `\sky130_fd_sc_hd__maj3_2'.
Generating RTLIL representation for module `\sky130_fd_sc_hd__maj3_4'.
Generating RTLIL representation for module `\sky130_fd_sc_hd__mux2_1'.
Generating RTLIL representation for module `\sky130_fd_sc_hd__mux2_2'.
Generating RTLIL representation for module `\sky130_fd_sc_hd__mux2_4'.
Generating RTLIL representation for module `\sky130_fd_sc_hd__mux2_8'.
Generating RTLIL representation for module `\sky130_fd_sc_hd__mux2i_1'.
Generating RTLIL representation for module `\sky130_fd_sc_hd__mux2i_2'.
Generating RTLIL representation for module `\sky130_fd_sc_hd__mux2i_4'.
Generating RTLIL representation for module `\sky130_fd_sc_hd__mux4_1'.
Generating RTLIL representation for module `\sky130_fd_sc_hd__mux4_2'.
Generating RTLIL representation for module `\sky130_fd_sc_hd__mux4_4'.
Generating RTLIL representation for module `\sky130_fd_sc_hd__nand2_1'.
Generating RTLIL representation for module `\sky130_fd_sc_hd__nand2_2'.
Generating RTLIL representation for module `\sky130_fd_sc_hd__nand2_4'.
Generating RTLIL representation for module `\sky130_fd_sc_hd__nand2_8'.
Generating RTLIL representation for module `\sky130_fd_sc_hd__nand2b_1'.
Generating RTLIL representation for module `\sky130_fd_sc_hd__nand2b_2'.
Generating RTLIL representation for module `\sky130_fd_sc_hd__nand2b_4'.
Generating RTLIL representation for module `\sky130_fd_sc_hd__nand3_1'.
Generating RTLIL representation for module `\sky130_fd_sc_hd__nand3_2'.
Generating RTLIL representation for module `\sky130_fd_sc_hd__nand3_4'.
Generating RTLIL representation for module `\sky130_fd_sc_hd__nand3b_1'.
Generating RTLIL representation for module `\sky130_fd_sc_hd__nand3b_2'.
Generating RTLIL representation for module `\sky130_fd_sc_hd__nand3b_4'.
Generating RTLIL representation for module `\sky130_fd_sc_hd__nand4_1'.
Generating RTLIL representation for module `\sky130_fd_sc_hd__nand4_2'.
Generating RTLIL representation for module `\sky130_fd_sc_hd__nand4_4'.
Generating RTLIL representation for module `\sky130_fd_sc_hd__nand4b_1'.
Generating RTLIL representation for module `\sky130_fd_sc_hd__nand4b_2'.
Generating RTLIL representation for module `\sky130_fd_sc_hd__nand4b_4'.
Generating RTLIL representation for module `\sky130_fd_sc_hd__nand4bb_1'.
Generating RTLIL representation for module `\sky130_fd_sc_hd__nand4bb_2'.
Generating RTLIL representation for module `\sky130_fd_sc_hd__nand4bb_4'.
Generating RTLIL representation for module `\sky130_fd_sc_hd__nor2_1'.
Generating RTLIL representation for module `\sky130_fd_sc_hd__nor2_2'.
Generating RTLIL representation for module `\sky130_fd_sc_hd__nor2_4'.
Generating RTLIL representation for module `\sky130_fd_sc_hd__nor2_8'.
Generating RTLIL representation for module `\sky130_fd_sc_hd__nor2b_1'.
Generating RTLIL representation for module `\sky130_fd_sc_hd__nor2b_2'.
Generating RTLIL representation for module `\sky130_fd_sc_hd__nor2b_4'.
Generating RTLIL representation for module `\sky130_fd_sc_hd__nor3_1'.
Generating RTLIL representation for module `\sky130_fd_sc_hd__nor3_2'.
Generating RTLIL representation for module `\sky130_fd_sc_hd__nor3_4'.
Generating RTLIL representation for module `\sky130_fd_sc_hd__nor3b_1'.
Generating RTLIL representation for module `\sky130_fd_sc_hd__nor3b_2'.
Generating RTLIL representation for module `\sky130_fd_sc_hd__nor3b_4'.
Generating RTLIL representation for module `\sky130_fd_sc_hd__nor4_1'.
Generating RTLIL representation for module `\sky130_fd_sc_hd__nor4_2'.
Generating RTLIL representation for module `\sky130_fd_sc_hd__nor4_4'.
Generating RTLIL representation for module `\sky130_fd_sc_hd__nor4b_1'.
Generating RTLIL representation for module `\sky130_fd_sc_hd__nor4b_2'.
Generating RTLIL representation for module `\sky130_fd_sc_hd__nor4b_4'.
Generating RTLIL representation for module `\sky130_fd_sc_hd__nor4bb_1'.
Generating RTLIL representation for module `\sky130_fd_sc_hd__nor4bb_2'.
Generating RTLIL representation for module `\sky130_fd_sc_hd__nor4bb_4'.
Generating RTLIL representation for module `\sky130_fd_sc_hd__o2111a_1'.
Generating RTLIL representation for module `\sky130_fd_sc_hd__o2111a_2'.
Generating RTLIL representation for module `\sky130_fd_sc_hd__o2111a_4'.
Generating RTLIL representation for module `\sky130_fd_sc_hd__o2111ai_1'.
Generating RTLIL representation for module `\sky130_fd_sc_hd__o2111ai_2'.
Generating RTLIL representation for module `\sky130_fd_sc_hd__o2111ai_4'.
Generating RTLIL representation for module `\sky130_fd_sc_hd__o211a_1'.
Generating RTLIL representation for module `\sky130_fd_sc_hd__o211a_2'.
Generating RTLIL representation for module `\sky130_fd_sc_hd__o211a_4'.
Generating RTLIL representation for module `\sky130_fd_sc_hd__o211ai_1'.
Generating RTLIL representation for module `\sky130_fd_sc_hd__o211ai_2'.
Generating RTLIL representation for module `\sky130_fd_sc_hd__o211ai_4'.
Generating RTLIL representation for module `\sky130_fd_sc_hd__o21a_1'.
Generating RTLIL representation for module `\sky130_fd_sc_hd__o21a_2'.
Generating RTLIL representation for module `\sky130_fd_sc_hd__o21a_4'.
Generating RTLIL representation for module `\sky130_fd_sc_hd__o21ai_0'.
Generating RTLIL representation for module `\sky130_fd_sc_hd__o21ai_1'.
Generating RTLIL representation for module `\sky130_fd_sc_hd__o21ai_2'.
Generating RTLIL representation for module `\sky130_fd_sc_hd__o21ai_4'.
Generating RTLIL representation for module `\sky130_fd_sc_hd__o21ba_1'.
Generating RTLIL representation for module `\sky130_fd_sc_hd__o21ba_2'.
Generating RTLIL representation for module `\sky130_fd_sc_hd__o21ba_4'.
Generating RTLIL representation for module `\sky130_fd_sc_hd__o21bai_1'.
Generating RTLIL representation for module `\sky130_fd_sc_hd__o21bai_2'.
Generating RTLIL representation for module `\sky130_fd_sc_hd__o21bai_4'.
Generating RTLIL representation for module `\sky130_fd_sc_hd__o221a_1'.
Generating RTLIL representation for module `\sky130_fd_sc_hd__o221a_2'.
Generating RTLIL representation for module `\sky130_fd_sc_hd__o221a_4'.
Generating RTLIL representation for module `\sky130_fd_sc_hd__o221ai_1'.
Generating RTLIL representation for module `\sky130_fd_sc_hd__o221ai_2'.
Generating RTLIL representation for module `\sky130_fd_sc_hd__o221ai_4'.
Generating RTLIL representation for module `\sky130_fd_sc_hd__o22a_1'.
Generating RTLIL representation for module `\sky130_fd_sc_hd__o22a_2'.
Generating RTLIL representation for module `\sky130_fd_sc_hd__o22a_4'.
Generating RTLIL representation for module `\sky130_fd_sc_hd__o22ai_1'.
Generating RTLIL representation for module `\sky130_fd_sc_hd__o22ai_2'.
Generating RTLIL representation for module `\sky130_fd_sc_hd__o22ai_4'.
Generating RTLIL representation for module `\sky130_fd_sc_hd__o2bb2a_1'.
Generating RTLIL representation for module `\sky130_fd_sc_hd__o2bb2a_2'.
Generating RTLIL representation for module `\sky130_fd_sc_hd__o2bb2a_4'.
Generating RTLIL representation for module `\sky130_fd_sc_hd__o2bb2ai_1'.
Generating RTLIL representation for module `\sky130_fd_sc_hd__o2bb2ai_2'.
Generating RTLIL representation for module `\sky130_fd_sc_hd__o2bb2ai_4'.
Generating RTLIL representation for module `\sky130_fd_sc_hd__o311a_1'.
Generating RTLIL representation for module `\sky130_fd_sc_hd__o311a_2'.
Generating RTLIL representation for module `\sky130_fd_sc_hd__o311a_4'.
Generating RTLIL representation for module `\sky130_fd_sc_hd__o311ai_0'.
Generating RTLIL representation for module `\sky130_fd_sc_hd__o311ai_1'.
Generating RTLIL representation for module `\sky130_fd_sc_hd__o311ai_2'.
Generating RTLIL representation for module `\sky130_fd_sc_hd__o311ai_4'.
Generating RTLIL representation for module `\sky130_fd_sc_hd__o31a_1'.
Generating RTLIL representation for module `\sky130_fd_sc_hd__o31a_2'.
Generating RTLIL representation for module `\sky130_fd_sc_hd__o31a_4'.
Generating RTLIL representation for module `\sky130_fd_sc_hd__o31ai_1'.
Generating RTLIL representation for module `\sky130_fd_sc_hd__o31ai_2'.
Generating RTLIL representation for module `\sky130_fd_sc_hd__o31ai_4'.
Generating RTLIL representation for module `\sky130_fd_sc_hd__o32a_1'.
Generating RTLIL representation for module `\sky130_fd_sc_hd__o32a_2'.
Generating RTLIL representation for module `\sky130_fd_sc_hd__o32a_4'.
Generating RTLIL representation for module `\sky130_fd_sc_hd__o32ai_1'.
Generating RTLIL representation for module `\sky130_fd_sc_hd__o32ai_2'.
Generating RTLIL representation for module `\sky130_fd_sc_hd__o32ai_4'.
Generating RTLIL representation for module `\sky130_fd_sc_hd__o41a_1'.
Generating RTLIL representation for module `\sky130_fd_sc_hd__o41a_2'.
Generating RTLIL representation for module `\sky130_fd_sc_hd__o41a_4'.
Generating RTLIL representation for module `\sky130_fd_sc_hd__o41ai_1'.
Generating RTLIL representation for module `\sky130_fd_sc_hd__o41ai_2'.
Generating RTLIL representation for module `\sky130_fd_sc_hd__o41ai_4'.
Generating RTLIL representation for module `\sky130_fd_sc_hd__or2_0'.
Generating RTLIL representation for module `\sky130_fd_sc_hd__or2_1'.
Generating RTLIL representation for module `\sky130_fd_sc_hd__or2_2'.
Generating RTLIL representation for module `\sky130_fd_sc_hd__or2_4'.
Generating RTLIL representation for module `\sky130_fd_sc_hd__or2b_1'.
Generating RTLIL representation for module `\sky130_fd_sc_hd__or2b_2'.
Generating RTLIL representation for module `\sky130_fd_sc_hd__or2b_4'.
Generating RTLIL representation for module `\sky130_fd_sc_hd__or3_1'.
Generating RTLIL representation for module `\sky130_fd_sc_hd__or3_2'.
Generating RTLIL representation for module `\sky130_fd_sc_hd__or3_4'.
Generating RTLIL representation for module `\sky130_fd_sc_hd__or3b_1'.
Generating RTLIL representation for module `\sky130_fd_sc_hd__or3b_2'.
Generating RTLIL representation for module `\sky130_fd_sc_hd__or3b_4'.
Generating RTLIL representation for module `\sky130_fd_sc_hd__or4_1'.
Generating RTLIL representation for module `\sky130_fd_sc_hd__or4_2'.
Generating RTLIL representation for module `\sky130_fd_sc_hd__or4_4'.
Generating RTLIL representation for module `\sky130_fd_sc_hd__or4b_1'.
Generating RTLIL representation for module `\sky130_fd_sc_hd__or4b_2'.
Generating RTLIL representation for module `\sky130_fd_sc_hd__or4b_4'.
Generating RTLIL representation for module `\sky130_fd_sc_hd__or4bb_1'.
Generating RTLIL representation for module `\sky130_fd_sc_hd__or4bb_2'.
Generating RTLIL representation for module `\sky130_fd_sc_hd__or4bb_4'.
Generating RTLIL representation for module `\sky130_fd_sc_hd__probe_p_8'.
Generating RTLIL representation for module `\sky130_fd_sc_hd__probec_p_8'.
Generating RTLIL representation for module `\sky130_fd_sc_hd__sdfbbn_1'.
Generating RTLIL representation for module `\sky130_fd_sc_hd__sdfbbn_2'.
Generating RTLIL representation for module `\sky130_fd_sc_hd__sdfbbp_1'.
Generating RTLIL representation for module `\sky130_fd_sc_hd__sdfrbp_1'.
Generating RTLIL representation for module `\sky130_fd_sc_hd__sdfrbp_2'.
Generating RTLIL representation for module `\sky130_fd_sc_hd__sdfrtn_1'.
Generating RTLIL representation for module `\sky130_fd_sc_hd__sdfrtp_1'.
Generating RTLIL representation for module `\sky130_fd_sc_hd__sdfrtp_2'.
Generating RTLIL representation for module `\sky130_fd_sc_hd__sdfrtp_4'.
Generating RTLIL representation for module `\sky130_fd_sc_hd__sdfsbp_1'.
Generating RTLIL representation for module `\sky130_fd_sc_hd__sdfsbp_2'.
Generating RTLIL representation for module `\sky130_fd_sc_hd__sdfstp_1'.
Generating RTLIL representation for module `\sky130_fd_sc_hd__sdfstp_2'.
Generating RTLIL representation for module `\sky130_fd_sc_hd__sdfstp_4'.
Generating RTLIL representation for module `\sky130_fd_sc_hd__sdfxbp_1'.
Generating RTLIL representation for module `\sky130_fd_sc_hd__sdfxbp_2'.
Generating RTLIL representation for module `\sky130_fd_sc_hd__sdfxtp_1'.
Generating RTLIL representation for module `\sky130_fd_sc_hd__sdfxtp_2'.
Generating RTLIL representation for module `\sky130_fd_sc_hd__sdfxtp_4'.
Generating RTLIL representation for module `\sky130_fd_sc_hd__sdlclkp_1'.
Generating RTLIL representation for module `\sky130_fd_sc_hd__sdlclkp_2'.
Generating RTLIL representation for module `\sky130_fd_sc_hd__sdlclkp_4'.
Generating RTLIL representation for module `\sky130_fd_sc_hd__sedfxbp_1'.
Generating RTLIL representation for module `\sky130_fd_sc_hd__sedfxbp_2'.
Generating RTLIL representation for module `\sky130_fd_sc_hd__sedfxtp_1'.
Generating RTLIL representation for module `\sky130_fd_sc_hd__sedfxtp_2'.
Generating RTLIL representation for module `\sky130_fd_sc_hd__sedfxtp_4'.
Generating RTLIL representation for module `\sky130_fd_sc_hd__tap_1'.
Generating RTLIL representation for module `\sky130_fd_sc_hd__tap_2'.
Generating RTLIL representation for module `\sky130_fd_sc_hd__tapvgnd2_1'.
Generating RTLIL representation for module `\sky130_fd_sc_hd__tapvgnd_1'.
Generating RTLIL representation for module `\sky130_fd_sc_hd__tapvpwrvgnd_1'.
Generating RTLIL representation for module `\sky130_fd_sc_hd__xnor2_1'.
Generating RTLIL representation for module `\sky130_fd_sc_hd__xnor2_2'.
Generating RTLIL representation for module `\sky130_fd_sc_hd__xnor2_4'.
Generating RTLIL representation for module `\sky130_fd_sc_hd__xnor3_1'.
Generating RTLIL representation for module `\sky130_fd_sc_hd__xnor3_2'.
Generating RTLIL representation for module `\sky130_fd_sc_hd__xnor3_4'.
Generating RTLIL representation for module `\sky130_fd_sc_hd__xor2_1'.
Generating RTLIL representation for module `\sky130_fd_sc_hd__xor2_2'.
Generating RTLIL representation for module `\sky130_fd_sc_hd__xor2_4'.
Generating RTLIL representation for module `\sky130_fd_sc_hd__xor3_1'.
Generating RTLIL representation for module `\sky130_fd_sc_hd__xor3_2'.
Generating RTLIL representation for module `\sky130_fd_sc_hd__xor3_4'.
Successfully finished Verilog frontend.

2. Executing Verilog-2005 frontend: /work/src/ibex_alu.v
Parsing SystemVerilog input from `/work/src/ibex_alu.v' to AST representation.
Storing AST representation for module `$abstract\ibex_alu'.
Successfully finished Verilog frontend.

3. Executing Verilog-2005 frontend: /work/src/ibex_branch_predict.v
Parsing SystemVerilog input from `/work/src/ibex_branch_predict.v' to AST representation.
Storing AST representation for module `$abstract\ibex_branch_predict'.
Successfully finished Verilog frontend.

4. Executing Verilog-2005 frontend: /work/src/ibex_cheriot_ex.v
Parsing SystemVerilog input from `/work/src/ibex_cheriot_ex.v' to AST representation.
Storing AST representation for module `$abstract\ibex_cheriot_ex'.
Successfully finished Verilog frontend.

5. Executing Verilog-2005 frontend: /work/src/ibex_compressed_decoder.v
Parsing SystemVerilog input from `/work/src/ibex_compressed_decoder.v' to AST representation.
Storing AST representation for module `$abstract\ibex_compressed_decoder'.
Successfully finished Verilog frontend.

6. Executing Verilog-2005 frontend: /work/src/ibex_controller.v
Parsing SystemVerilog input from `/work/src/ibex_controller.v' to AST representation.
Storing AST representation for module `$abstract\ibex_controller'.
Successfully finished Verilog frontend.

7. Executing Verilog-2005 frontend: /work/src/ibex_core.v
Parsing SystemVerilog input from `/work/src/ibex_core.v' to AST representation.
Storing AST representation for module `$abstract\ibex_core'.
Successfully finished Verilog frontend.

8. Executing Verilog-2005 frontend: /work/src/ibex_counter.v
Parsing SystemVerilog input from `/work/src/ibex_counter.v' to AST representation.
Storing AST representation for module `$abstract\ibex_counter'.
Successfully finished Verilog frontend.

9. Executing Verilog-2005 frontend: /work/src/ibex_cs_registers.v
Parsing SystemVerilog input from `/work/src/ibex_cs_registers.v' to AST representation.
Storing AST representation for module `$abstract\ibex_cs_registers'.
Successfully finished Verilog frontend.

10. Executing Verilog-2005 frontend: /work/src/ibex_csr.v
Parsing SystemVerilog input from `/work/src/ibex_csr.v' to AST representation.
Storing AST representation for module `$abstract\ibex_csr'.
Successfully finished Verilog frontend.

11. Executing Verilog-2005 frontend: /work/src/ibex_decoder.v
Parsing SystemVerilog input from `/work/src/ibex_decoder.v' to AST representation.
Storing AST representation for module `$abstract\ibex_decoder'.
Successfully finished Verilog frontend.

12. Executing Verilog-2005 frontend: /work/src/ibex_dummy_instr.v
Parsing SystemVerilog input from `/work/src/ibex_dummy_instr.v' to AST representation.
Storing AST representation for module `$abstract\ibex_dummy_instr'.
Successfully finished Verilog frontend.

13. Executing Verilog-2005 frontend: /work/src/ibex_ex_block.v
Parsing SystemVerilog input from `/work/src/ibex_ex_block.v' to AST representation.
Storing AST representation for module `$abstract\ibex_ex_block'.
Successfully finished Verilog frontend.

14. Executing Verilog-2005 frontend: /work/src/ibex_fetch_fifo.v
Parsing SystemVerilog input from `/work/src/ibex_fetch_fifo.v' to AST representation.
Storing AST representation for module `$abstract\ibex_fetch_fifo'.
Successfully finished Verilog frontend.

15. Executing Verilog-2005 frontend: /work/src/ibex_icache.v
Parsing SystemVerilog input from `/work/src/ibex_icache.v' to AST representation.
Storing AST representation for module `$abstract\ibex_icache'.
Successfully finished Verilog frontend.

16. Executing Verilog-2005 frontend: /work/src/ibex_id_stage.v
Parsing SystemVerilog input from `/work/src/ibex_id_stage.v' to AST representation.
Storing AST representation for module `$abstract\ibex_id_stage'.
Successfully finished Verilog frontend.

17. Executing Verilog-2005 frontend: /work/src/ibex_if_stage.v
Parsing SystemVerilog input from `/work/src/ibex_if_stage.v' to AST representation.
Storing AST representation for module `$abstract\ibex_if_stage'.
Successfully finished Verilog frontend.

18. Executing Verilog-2005 frontend: /work/src/ibex_load_store_unit.v
Parsing SystemVerilog input from `/work/src/ibex_load_store_unit.v' to AST representation.
Storing AST representation for module `$abstract\ibex_load_store_unit'.
Successfully finished Verilog frontend.

19. Executing Verilog-2005 frontend: /work/src/ibex_lockstep.v
Parsing SystemVerilog input from `/work/src/ibex_lockstep.v' to AST representation.
Storing AST representation for module `$abstract\ibex_lockstep'.
Successfully finished Verilog frontend.

20. Executing Verilog-2005 frontend: /work/src/ibex_multdiv_fast.v
Parsing SystemVerilog input from `/work/src/ibex_multdiv_fast.v' to AST representation.
Storing AST representation for module `$abstract\ibex_multdiv_fast'.
Successfully finished Verilog frontend.

21. Executing Verilog-2005 frontend: /work/src/ibex_multdiv_slow.v
Parsing SystemVerilog input from `/work/src/ibex_multdiv_slow.v' to AST representation.
Storing AST representation for module `$abstract\ibex_multdiv_slow'.
Successfully finished Verilog frontend.

22. Executing Verilog-2005 frontend: /work/src/ibex_pmp.v
Parsing SystemVerilog input from `/work/src/ibex_pmp.v' to AST representation.
Storing AST representation for module `$abstract\ibex_pmp'.
Successfully finished Verilog frontend.

23. Executing Verilog-2005 frontend: /work/src/ibex_prefetch_buffer.v
Parsing SystemVerilog input from `/work/src/ibex_prefetch_buffer.v' to AST representation.
Storing AST representation for module `$abstract\ibex_prefetch_buffer'.
Successfully finished Verilog frontend.

24. Executing Verilog-2005 frontend: /work/src/ibex_register_file_ff.v
Parsing SystemVerilog input from `/work/src/ibex_register_file_ff.v' to AST representation.
Storing AST representation for module `$abstract\ibex_register_file_ff'.
Successfully finished Verilog frontend.

25. Executing Verilog-2005 frontend: /work/src/ibex_register_file_fpga.v
Parsing SystemVerilog input from `/work/src/ibex_register_file_fpga.v' to AST representation.
Storing AST representation for module `$abstract\ibex_register_file_fpga'.
Successfully finished Verilog frontend.

26. Executing Verilog-2005 frontend: /work/src/ibex_register_file_latch.v
Parsing SystemVerilog input from `/work/src/ibex_register_file_latch.v' to AST representation.
Storing AST representation for module `$abstract\ibex_register_file_latch'.
Successfully finished Verilog frontend.

27. Executing Verilog-2005 frontend: /work/src/ibex_top.v
Parsing SystemVerilog input from `/work/src/ibex_top.v' to AST representation.
Storing AST representation for module `$abstract\ibex_top'.
Successfully finished Verilog frontend.

28. Executing Verilog-2005 frontend: /work/src/ibex_trvk.v
Parsing SystemVerilog input from `/work/src/ibex_trvk.v' to AST representation.
Storing AST representation for module `$abstract\ibex_trvk'.
Successfully finished Verilog frontend.

29. Executing Verilog-2005 frontend: /work/src/ibex_wb_stage.v
Parsing SystemVerilog input from `/work/src/ibex_wb_stage.v' to AST representation.
Storing AST representation for module `$abstract\ibex_wb_stage'.
Successfully finished Verilog frontend.

30. Executing Verilog-2005 frontend: /work/src/prim_and2.v
Parsing SystemVerilog input from `/work/src/prim_and2.v' to AST representation.
Storing AST representation for module `$abstract\prim_generic_and2'.
Successfully finished Verilog frontend.

31. Executing Verilog-2005 frontend: /work/src/prim_buf.v
Parsing SystemVerilog input from `/work/src/prim_buf.v' to AST representation.
Storing AST representation for module `$abstract\prim_generic_buf'.
Successfully finished Verilog frontend.

32. Executing Verilog-2005 frontend: /work/src/prim_clock_gating.v
Parsing SystemVerilog input from `/work/src/prim_clock_gating.v' to AST representation.
Storing AST representation for module `$abstract\prim_generic_clock_gating'.
Successfully finished Verilog frontend.

33. Executing Verilog-2005 frontend: /work/src/prim_clock_mux2.v
Parsing SystemVerilog input from `/work/src/prim_clock_mux2.v' to AST representation.
Storing AST representation for module `$abstract\prim_generic_clock_mux2'.
Successfully finished Verilog frontend.

34. Executing Verilog-2005 frontend: /work/src/prim_count.v
Parsing SystemVerilog input from `/work/src/prim_count.v' to AST representation.
Storing AST representation for module `$abstract\prim_count'.
Successfully finished Verilog frontend.

35. Executing Verilog-2005 frontend: /work/src/prim_flop.v
Parsing SystemVerilog input from `/work/src/prim_flop.v' to AST representation.
Storing AST representation for module `$abstract\prim_generic_flop'.
Successfully finished Verilog frontend.

36. Executing Verilog-2005 frontend: /work/src/prim_lfsr.v
Parsing SystemVerilog input from `/work/src/prim_lfsr.v' to AST representation.
Storing AST representation for module `$abstract\prim_lfsr'.
Successfully finished Verilog frontend.

37. Executing Verilog-2005 frontend: /work/src/prim_secded_inv_39_32_dec.v
Parsing SystemVerilog input from `/work/src/prim_secded_inv_39_32_dec.v' to AST representation.
Storing AST representation for module `$abstract\prim_secded_inv_39_32_dec'.
Successfully finished Verilog frontend.

38. Executing Verilog-2005 frontend: /work/src/prim_secded_inv_39_32_enc.v
Parsing SystemVerilog input from `/work/src/prim_secded_inv_39_32_enc.v' to AST representation.
Storing AST representation for module `$abstract\prim_secded_inv_39_32_enc'.
Successfully finished Verilog frontend.
Parameter \BaseIsa = 0

39. Executing AST frontend in derive mode using pre-parsed AST for module `\ibex_top'.
Parameter \BaseIsa = 0
Generating RTLIL representation for module `$paramod\ibex_top\BaseIsa=32'00000000000000000000000000000000'.
Parameter \RV32M = 0

40. Executing AST frontend in derive mode using pre-parsed AST for module `\ibex_top'.
Parameter \RV32M = 0
Generating RTLIL representation for module `$paramod\ibex_top\RV32M=32'00000000000000000000000000000000'.
Parameter \RV32B = 0

41. Executing AST frontend in derive mode using pre-parsed AST for module `\ibex_top'.
Parameter \RV32B = 0
Generating RTLIL representation for module `$paramod\ibex_top\RV32B=32'00000000000000000000000000000000'.
Parameter \RV32ZC = 0

42. Executing AST frontend in derive mode using pre-parsed AST for module `\ibex_top'.
Parameter \RV32ZC = 0
Generating RTLIL representation for module `$paramod\ibex_top\RV32ZC=32'00000000000000000000000000000000'.
Parameter \WritebackStage = 1

43. Executing AST frontend in derive mode using pre-parsed AST for module `\ibex_top'.
Parameter \WritebackStage = 1
Generating RTLIL representation for module `$paramod\ibex_top\WritebackStage=32'00000000000000000000000000000001'.
Parameter \BranchTargetALU = 0

44. Executing AST frontend in derive mode using pre-parsed AST for module `\ibex_top'.
Parameter \BranchTargetALU = 0
Generating RTLIL representation for module `$paramod\ibex_top\BranchTargetALU=32'00000000000000000000000000000000'.
Parameter \ICache = 0

45. Executing AST frontend in derive mode using pre-parsed AST for module `\ibex_top'.
Parameter \ICache = 0
Generating RTLIL representation for module `$paramod\ibex_top\ICache=32'00000000000000000000000000000000'.
Parameter \BranchPredictor = 0

46. Executing AST frontend in derive mode using pre-parsed AST for module `\ibex_top'.
Parameter \BranchPredictor = 0
Generating RTLIL representation for module `$paramod\ibex_top\BranchPredictor=32'00000000000000000000000000000000'.
Parameter \SecureIbex = 0

47. Executing AST frontend in derive mode using pre-parsed AST for module `\ibex_top'.
Parameter \SecureIbex = 0
Generating RTLIL representation for module `$paramod\ibex_top\SecureIbex=32'00000000000000000000000000000000'.
Parameter \PMPEnable = 0

48. Executing AST frontend in derive mode using pre-parsed AST for module `\ibex_top'.
Parameter \PMPEnable = 0
Generating RTLIL representation for module `$paramod\ibex_top\PMPEnable=32'00000000000000000000000000000000'.
Parameter \RegFile = 0

49. Executing AST frontend in derive mode using pre-parsed AST for module `\ibex_top'.
Parameter \RegFile = 0
Generating RTLIL representation for module `$paramod\ibex_top\RegFile=32'00000000000000000000000000000000'.
Parameter \DbgTriggerEn = 0

50. Executing AST frontend in derive mode using pre-parsed AST for module `\ibex_top'.
Parameter \DbgTriggerEn = 0
Generating RTLIL representation for module `$paramod\ibex_top\DbgTriggerEn=32'00000000000000000000000000000000'.

51. Executing HIERARCHY pass (managing design hierarchy).

52. Executing AST frontend in derive mode using pre-parsed AST for module `\ibex_top'.
Generating RTLIL representation for module `\ibex_top'.

52.1. Analyzing design hierarchy..
Top module:  \ibex_top
Parameter \BaseIsa = 0
Parameter \RV32E = 1'0
Parameter \DataWidth = 32
Parameter \DummyInstructions = 1'0
Parameter \WordZeroVal = 0

52.2. Executing AST frontend in derive mode using pre-parsed AST for module `\ibex_register_file_ff'.
Parameter \BaseIsa = 0
Parameter \RV32E = 1'0
Parameter \DataWidth = 32
Parameter \DummyInstructions = 1'0
Parameter \WordZeroVal = 0
Generating RTLIL representation for module `$paramod$40ece52504ff00c302be66a0111a4ec3d1608ab5\ibex_register_file_ff'.
Parameter \BaseIsa = 0
Parameter \PMPEnable = 1'0
Parameter \PMPGranularity = 0
Parameter \PMPNumRegions = 4
Parameter \PMPRstCfg = 96'000000000000000000000000000000000000000000000000000000000000000000000000000000000000000000000000
Parameter \PMPRstAddr = 544'0000000000000000000000000000000000000000000000000000000000000000000000000000000000000000000000000000000000000000000000000000000000000000000000000000000000000000000000000000000000000000000000000000000000000000000000000000000000000000000000000000000000000000000000000000000000000000000000000000000000000000000000000000000000000000000000000000000000000000000000000000000000000000000000000000000000000000000000000000000000000000000000000000000000000000000000000000000000000000000000000000000000000000000000000000000000000000000000000000000000000000
Parameter \PMPRstMsecCfg = 3'000
Parameter \MHPMCounterNum = 0
Parameter \MHPMCounterWidth = 40
Parameter \RV32E = 1'0
Parameter \RV32M = 0
Parameter \RV32B = 0
Parameter \RV32ZC = 0
Parameter \BranchTargetALU = 1'0
Parameter \WritebackStage = 1'1
Parameter \ICache = 1'0
Parameter \ICacheECC = 1'0
Parameter \ICacheTweakInfection = 1'0
Parameter \BusSizeECC = 32
Parameter \TagSizeECC = 22
Parameter \LineSizeECC = 64
Parameter \BranchPredictor = 1'0
Parameter \DbgTriggerEn = 1'0
Parameter \DbgHwBreakNum = 1
Parameter \ResetAll = 1'1
Parameter \RndCnstLfsrSeed = 32'10101100010100110011101111110100
Parameter \RndCnstLfsrPerm = 160'0001111000110101111011001011101001000110011111111101000110110001001011101001010110000001010100101100000001001111101001000011100001111000101010001101101011101101
Parameter \SecureIbex = 1'0
Parameter \DummyInstructions = 1'0
Parameter \RegFileECC = 1'0
Parameter \RegFileDataWidth = 32
Parameter \RegFileCapEccWidth = 35
Parameter \MemECC = 1'0
Parameter \MemDataWidth = 32
Parameter \DmBaseAddr = 437321728
Parameter \DmAddrMask = 4095
Parameter \DmHaltAddr = 437323776
Parameter \DmExceptionAddr = 437323784
Parameter \CsrMvendorId = 0
Parameter \CsrMimpId = 0

52.3. Executing AST frontend in derive mode using pre-parsed AST for module `\ibex_core'.
Parameter \BaseIsa = 0
Parameter \PMPEnable = 1'0
Parameter \PMPGranularity = 0
Parameter \PMPNumRegions = 4
Parameter \PMPRstCfg = 96'000000000000000000000000000000000000000000000000000000000000000000000000000000000000000000000000
Parameter \PMPRstAddr = 544'0000000000000000000000000000000000000000000000000000000000000000000000000000000000000000000000000000000000000000000000000000000000000000000000000000000000000000000000000000000000000000000000000000000000000000000000000000000000000000000000000000000000000000000000000000000000000000000000000000000000000000000000000000000000000000000000000000000000000000000000000000000000000000000000000000000000000000000000000000000000000000000000000000000000000000000000000000000000000000000000000000000000000000000000000000000000000000000000000000000000000000
Parameter \PMPRstMsecCfg = 3'000
Parameter \MHPMCounterNum = 0
Parameter \MHPMCounterWidth = 40
Parameter \RV32E = 1'0
Parameter \RV32M = 0
Parameter \RV32B = 0
Parameter \RV32ZC = 0
Parameter \BranchTargetALU = 1'0
Parameter \WritebackStage = 1'1
Parameter \ICache = 1'0
Parameter \ICacheECC = 1'0
Parameter \ICacheTweakInfection = 1'0
Parameter \BusSizeECC = 32
Parameter \TagSizeECC = 22
Parameter \LineSizeECC = 64
Parameter \BranchPredictor = 1'0
Parameter \DbgTriggerEn = 1'0
Parameter \DbgHwBreakNum = 1
Parameter \ResetAll = 1'1
Parameter \RndCnstLfsrSeed = 32'10101100010100110011101111110100
Parameter \RndCnstLfsrPerm = 160'0001111000110101111011001011101001000110011111111101000110110001001011101001010110000001010100101100000001001111101001000011100001111000101010001101101011101101
Parameter \SecureIbex = 1'0
Parameter \DummyInstructions = 1'0
Parameter \RegFileECC = 1'0
Parameter \RegFileDataWidth = 32
Parameter \RegFileCapEccWidth = 35
Parameter \MemECC = 1'0
Parameter \MemDataWidth = 32
Parameter \DmBaseAddr = 437321728
Parameter \DmAddrMask = 4095
Parameter \DmHaltAddr = 437323776
Parameter \DmExceptionAddr = 437323784
Parameter \CsrMvendorId = 0
Parameter \CsrMimpId = 0
Generating RTLIL representation for module `$paramod$02c313747c8f25d335ac7182387c56521505fa11\ibex_core'.
Parameter \Width = 4

52.4. Executing AST frontend in derive mode using pre-parsed AST for module `\prim_generic_buf'.
Parameter \Width = 4
Generating RTLIL representation for module `$paramod\prim_generic_buf\Width=s32'00000000000000000000000000000100'.
Parameter \Width = 4
Found cached RTLIL representation for module `$paramod\prim_generic_buf\Width=s32'00000000000000000000000000000100'.

52.5. Executing AST frontend in derive mode using pre-parsed AST for module `\prim_generic_clock_gating'.
Generating RTLIL representation for module `\prim_generic_clock_gating'.

52.6. Analyzing design hierarchy..
Top module:  \ibex_top
Used module:     $paramod$40ece52504ff00c302be66a0111a4ec3d1608ab5\ibex_register_file_ff
Used module:     $paramod$02c313747c8f25d335ac7182387c56521505fa11\ibex_core
Used module:     $paramod\prim_generic_buf\Width=s32'00000000000000000000000000000100
Used module:     \prim_generic_clock_gating
Parameter \BaseIsa = 0
Parameter \DbgTriggerEn = 1'0
Parameter \DbgHwBreakNum = 1
Parameter \DataIndTiming = 1'0
Parameter \DummyInstructions = 1'0
Parameter \ShadowCSR = 1'0
Parameter \ICache = 1'0
Parameter \MHPMCounterNum = 0
Parameter \MHPMCounterWidth = 40
Parameter \PMPEnable = 1'0
Parameter \PMPGranularity = 0
Parameter \PMPNumRegions = 4
Parameter \PMPRstCfg = 96'000000000000000000000000000000000000000000000000000000000000000000000000000000000000000000000000
Parameter \PMPRstAddr = 544'0000000000000000000000000000000000000000000000000000000000000000000000000000000000000000000000000000000000000000000000000000000000000000000000000000000000000000000000000000000000000000000000000000000000000000000000000000000000000000000000000000000000000000000000000000000000000000000000000000000000000000000000000000000000000000000000000000000000000000000000000000000000000000000000000000000000000000000000000000000000000000000000000000000000000000000000000000000000000000000000000000000000000000000000000000000000000000000000000000000000000000
Parameter \PMPRstMsecCfg = 3'000
Parameter \RV32E = 1'0
Parameter \RV32M = 0
Parameter \RV32B = 0
Parameter \CsrMvendorId = 0
Parameter \CsrMimpId = 0

52.7. Executing AST frontend in derive mode using pre-parsed AST for module `\ibex_cs_registers'.
Parameter \BaseIsa = 0
Parameter \DbgTriggerEn = 1'0
Parameter \DbgHwBreakNum = 1
Parameter \DataIndTiming = 1'0
Parameter \DummyInstructions = 1'0
Parameter \ShadowCSR = 1'0
Parameter \ICache = 1'0
Parameter \MHPMCounterNum = 0
Parameter \MHPMCounterWidth = 40
Parameter \PMPEnable = 1'0
Parameter \PMPGranularity = 0
Parameter \PMPNumRegions = 4
Parameter \PMPRstCfg = 96'000000000000000000000000000000000000000000000000000000000000000000000000000000000000000000000000
Parameter \PMPRstAddr = 544'0000000000000000000000000000000000000000000000000000000000000000000000000000000000000000000000000000000000000000000000000000000000000000000000000000000000000000000000000000000000000000000000000000000000000000000000000000000000000000000000000000000000000000000000000000000000000000000000000000000000000000000000000000000000000000000000000000000000000000000000000000000000000000000000000000000000000000000000000000000000000000000000000000000000000000000000000000000000000000000000000000000000000000000000000000000000000000000000000000000000000000
Parameter \PMPRstMsecCfg = 3'000
Parameter \RV32E = 1'0
Parameter \RV32M = 0
Parameter \RV32B = 0
Parameter \CsrMvendorId = 0
Parameter \CsrMimpId = 0
Generating RTLIL representation for module `$paramod$38aa04165534c75a0a4935f073a2885eaa0a33f1\ibex_cs_registers'.
Warning: Replacing memory \pmp_addr_rdata with list of registers. See /work/src/ibex_cs_registers.v:1148
Warning: Replacing memory \mhpmevent with list of registers. See /work/src/ibex_cs_registers.v:1213
Parameter \ResetAll = 1'1
Parameter \WritebackStage = 1'1
Parameter \DummyInstructions = 1'0

52.8. Executing AST frontend in derive mode using pre-parsed AST for module `\ibex_wb_stage'.
Parameter \ResetAll = 1'1
Parameter \WritebackStage = 1'1
Parameter \DummyInstructions = 1'0
Generating RTLIL representation for module `$paramod\ibex_wb_stage\ResetAll=1'1\WritebackStage=1'1\DummyInstructions=1'0'.
Parameter \BaseIsa = 0
Parameter \MemECC = 1'0
Parameter \MemDataWidth = 32

52.9. Executing AST frontend in derive mode using pre-parsed AST for module `\ibex_load_store_unit'.
Parameter \BaseIsa = 0
Parameter \MemECC = 1'0
Parameter \MemDataWidth = 32
Generating RTLIL representation for module `$paramod$a1f82ff8dd7f02ea405ce72f1e83a511ee16121c\ibex_load_store_unit'.
Parameter \RV32M = 0
Parameter \RV32B = 0
Parameter \BranchTargetALU = 1'0

52.10. Executing AST frontend in derive mode using pre-parsed AST for module `\ibex_ex_block'.
Parameter \RV32M = 0
Parameter \RV32B = 0
Parameter \BranchTargetALU = 1'0
Generating RTLIL representation for module `$paramod$fa37c86f6ef8a85a222bbe1925a5f939cfc5b900\ibex_ex_block'.
Parameter \RV32E = 1'0
Parameter \RV32M = 0
Parameter \RV32B = 0
Parameter \DataIndTiming = 1'0
Parameter \BranchTargetALU = 1'0
Parameter \WritebackStage = 1'1
Parameter \BranchPredictor = 1'0
Parameter \MemECC = 1'0
Parameter \BaseIsa = 0

52.11. Executing AST frontend in derive mode using pre-parsed AST for module `\ibex_id_stage'.
Parameter \RV32E = 1'0
Parameter \RV32M = 0
Parameter \RV32B = 0
Parameter \DataIndTiming = 1'0
Parameter \BranchTargetALU = 1'0
Parameter \WritebackStage = 1'1
Parameter \BranchPredictor = 1'0
Parameter \MemECC = 1'0
Parameter \BaseIsa = 0
Generating RTLIL representation for module `$paramod$b9b2e5d491bd09fc2169df619ac80edcbdafa2a9\ibex_id_stage'.
Parameter \BaseIsa = 0
Parameter \DmHaltAddr = 437323776
Parameter \DmExceptionAddr = 437323784
Parameter \DummyInstructions = 1'0
Parameter \ICache = 1'0
Parameter \RV32ZC = 0
Parameter \ICacheECC = 1'0
Parameter \ICacheTweakInfection = 1'0
Parameter \BusSizeECC = 32
Parameter \TagSizeECC = 22
Parameter \LineSizeECC = 64
Parameter \PCIncrCheck = 1'0
Parameter \ResetAll = 1'1
Parameter \RndCnstLfsrSeed = 32'10101100010100110011101111110100
Parameter \RndCnstLfsrPerm = 160'0001111000110101111011001011101001000110011111111101000110110001001011101001010110000001010100101100000001001111101001000011100001111000101010001101101011101101
Parameter \BranchPredictor = 1'0
Parameter \MemECC = 1'0
Parameter \MemDataWidth = 32

52.12. Executing AST frontend in derive mode using pre-parsed AST for module `\ibex_if_stage'.
Parameter \BaseIsa = 0
Parameter \DmHaltAddr = 437323776
Parameter \DmExceptionAddr = 437323784
Parameter \DummyInstructions = 1'0
Parameter \ICache = 1'0
Parameter \RV32ZC = 0
Parameter \ICacheECC = 1'0
Parameter \ICacheTweakInfection = 1'0
Parameter \BusSizeECC = 32
Parameter \TagSizeECC = 22
Parameter \LineSizeECC = 64
Parameter \PCIncrCheck = 1'0
Parameter \ResetAll = 1'1
Parameter \RndCnstLfsrSeed = 32'10101100010100110011101111110100
Parameter \RndCnstLfsrPerm = 160'0001111000110101111011001011101001000110011111111101000110110001001011101001010110000001010100101100000001001111101001000011100001111000101010001101101011101101
Parameter \BranchPredictor = 1'0
Parameter \MemECC = 1'0
Parameter \MemDataWidth = 32
Generating RTLIL representation for module `$paramod$9965f29857664148d24e0207d195fc610cce17ac\ibex_if_stage'.
Reprocessing module $paramod$02c313747c8f25d335ac7182387c56521505fa11\ibex_core because instantiated module $paramod$a1f82ff8dd7f02ea405ce72f1e83a511ee16121c\ibex_load_store_unit has become available.
Generating RTLIL representation for module `$paramod$02c313747c8f25d335ac7182387c56521505fa11\ibex_core'.

52.13. Analyzing design hierarchy..
Top module:  \ibex_top
Used module:     $paramod$40ece52504ff00c302be66a0111a4ec3d1608ab5\ibex_register_file_ff
Used module:     $paramod$02c313747c8f25d335ac7182387c56521505fa11\ibex_core
Used module:     $paramod\prim_generic_buf\Width=s32'00000000000000000000000000000100
Used module:     \prim_generic_clock_gating
Parameter \BaseIsa = 0
Parameter \DbgTriggerEn = 1'0
Parameter \DbgHwBreakNum = 1
Parameter \DataIndTiming = 1'0
Parameter \DummyInstructions = 1'0
Parameter \ShadowCSR = 1'0
Parameter \ICache = 1'0
Parameter \MHPMCounterNum = 0
Parameter \MHPMCounterWidth = 40
Parameter \PMPEnable = 1'0
Parameter \PMPGranularity = 0
Parameter \PMPNumRegions = 4
Parameter \PMPRstCfg = 96'000000000000000000000000000000000000000000000000000000000000000000000000000000000000000000000000
Parameter \PMPRstAddr = 544'0000000000000000000000000000000000000000000000000000000000000000000000000000000000000000000000000000000000000000000000000000000000000000000000000000000000000000000000000000000000000000000000000000000000000000000000000000000000000000000000000000000000000000000000000000000000000000000000000000000000000000000000000000000000000000000000000000000000000000000000000000000000000000000000000000000000000000000000000000000000000000000000000000000000000000000000000000000000000000000000000000000000000000000000000000000000000000000000000000000000000000
Parameter \PMPRstMsecCfg = 3'000
Parameter \RV32E = 1'0
Parameter \RV32M = 0
Parameter \RV32B = 0
Parameter \CsrMvendorId = 0
Parameter \CsrMimpId = 0
Found cached RTLIL representation for module `$paramod$38aa04165534c75a0a4935f073a2885eaa0a33f1\ibex_cs_registers'.
Parameter \ResetAll = 1'1
Parameter \WritebackStage = 1'1
Parameter \DummyInstructions = 1'0
Found cached RTLIL representation for module `$paramod\ibex_wb_stage\ResetAll=1'1\WritebackStage=1'1\DummyInstructions=1'0'.
Parameter \BaseIsa = 0
Parameter \MemECC = 1'0
Parameter \MemDataWidth = 32
Found cached RTLIL representation for module `$paramod$a1f82ff8dd7f02ea405ce72f1e83a511ee16121c\ibex_load_store_unit'.
Parameter \RV32M = 0
Parameter \RV32B = 0
Parameter \BranchTargetALU = 1'0
Found cached RTLIL representation for module `$paramod$fa37c86f6ef8a85a222bbe1925a5f939cfc5b900\ibex_ex_block'.
Parameter \RV32E = 1'0
Parameter \RV32M = 0
Parameter \RV32B = 0
Parameter \DataIndTiming = 1'0
Parameter \BranchTargetALU = 1'0
Parameter \WritebackStage = 1'1
Parameter \BranchPredictor = 1'0
Parameter \MemECC = 1'0
Parameter \BaseIsa = 0
Found cached RTLIL representation for module `$paramod$b9b2e5d491bd09fc2169df619ac80edcbdafa2a9\ibex_id_stage'.
Parameter \BaseIsa = 0
Parameter \DmHaltAddr = 437323776
Parameter \DmExceptionAddr = 437323784
Parameter \DummyInstructions = 1'0
Parameter \ICache = 1'0
Parameter \RV32ZC = 0
Parameter \ICacheECC = 1'0
Parameter \ICacheTweakInfection = 1'0
Parameter \BusSizeECC = 32
Parameter \TagSizeECC = 22
Parameter \LineSizeECC = 64
Parameter \PCIncrCheck = 1'0
Parameter \ResetAll = 1'1
Parameter \RndCnstLfsrSeed = 32'10101100010100110011101111110100
Parameter \RndCnstLfsrPerm = 160'0001111000110101111011001011101001000110011111111101000110110001001011101001010110000001010100101100000001001111101001000011100001111000101010001101101011101101
Parameter \BranchPredictor = 1'0
Parameter \MemECC = 1'0
Parameter \MemDataWidth = 32
Found cached RTLIL representation for module `$paramod$9965f29857664148d24e0207d195fc610cce17ac\ibex_if_stage'.

52.14. Analyzing design hierarchy..
Top module:  \ibex_top
Used module:     $paramod$40ece52504ff00c302be66a0111a4ec3d1608ab5\ibex_register_file_ff
Used module:     $paramod$02c313747c8f25d335ac7182387c56521505fa11\ibex_core
Used module:         $paramod$38aa04165534c75a0a4935f073a2885eaa0a33f1\ibex_cs_registers
Used module:         $paramod\ibex_wb_stage\ResetAll=1'1\WritebackStage=1'1\DummyInstructions=1'0
Used module:         $paramod$a1f82ff8dd7f02ea405ce72f1e83a511ee16121c\ibex_load_store_unit
Used module:         $paramod$fa37c86f6ef8a85a222bbe1925a5f939cfc5b900\ibex_ex_block
Used module:         $paramod$b9b2e5d491bd09fc2169df619ac80edcbdafa2a9\ibex_id_stage
Used module:         $paramod$9965f29857664148d24e0207d195fc610cce17ac\ibex_if_stage
Used module:     $paramod\prim_generic_buf\Width=s32'00000000000000000000000000000100
Used module:     \prim_generic_clock_gating
Parameter \ResetAll = 1'1

52.15. Executing AST frontend in derive mode using pre-parsed AST for module `\ibex_prefetch_buffer'.
Parameter \ResetAll = 1'1
Generating RTLIL representation for module `$paramod\ibex_prefetch_buffer\ResetAll=1'1'.
Parameter \RV32ZC = 0
Parameter \ResetAll = 1'1
Parameter \BaseIsa = 0

52.16. Executing AST frontend in derive mode using pre-parsed AST for module `\ibex_compressed_decoder'.
Parameter \RV32ZC = 0
Parameter \ResetAll = 1'1
Parameter \BaseIsa = 0
Generating RTLIL representation for module `$paramod$7cc7cec1e088fedd9ad9b2063ed6f6f72cf9bb0e\ibex_compressed_decoder'.
Parameter \BaseIsa = 0
Parameter \WritebackStage = 1'1
Parameter \BranchPredictor = 1'0
Parameter \MemECC = 1'0

52.17. Executing AST frontend in derive mode using pre-parsed AST for module `\ibex_controller'.
Parameter \BaseIsa = 0
Parameter \WritebackStage = 1'1
Parameter \BranchPredictor = 1'0
Parameter \MemECC = 1'0
Generating RTLIL representation for module `$paramod$ad32fe27c0dd24fa98ff040673e62dee8d3b63ce\ibex_controller'.
Parameter \RV32E = 1'0
Parameter \RV32M = 0
Parameter \RV32B = 0
Parameter \BranchTargetALU = 1'0
Parameter \BaseIsa = 0

52.18. Executing AST frontend in derive mode using pre-parsed AST for module `\ibex_decoder'.
Parameter \RV32E = 1'0
Parameter \RV32M = 0
Parameter \RV32B = 0
Parameter \BranchTargetALU = 1'0
Parameter \BaseIsa = 0
Generating RTLIL representation for module `$paramod$e6b6d8eec746808c1a487eeea1c00388e00f4eee\ibex_decoder'.
Parameter \RV32B = 0

52.19. Executing AST frontend in derive mode using pre-parsed AST for module `\ibex_alu'.
Parameter \RV32B = 0
Generating RTLIL representation for module `$paramod\ibex_alu\RV32B=s32'00000000000000000000000000000000'.
Parameter \Width = 8
Parameter \ShadowCopy = 1'0
Parameter \ResetValue = 1'0

52.20. Executing AST frontend in derive mode using pre-parsed AST for module `\ibex_csr'.
Parameter \Width = 8
Parameter \ShadowCopy = 1'0
Parameter \ResetValue = 1'0
Generating RTLIL representation for module `$paramod$a088b13b9337f1e1fba58a671f47d7c7701ffa49\ibex_csr'.
Parameter \Width = 3
Parameter \ShadowCopy = 1'0
Parameter \ResetValue = 1'0

52.21. Executing AST frontend in derive mode using pre-parsed AST for module `\ibex_csr'.
Parameter \Width = 3
Parameter \ShadowCopy = 1'0
Parameter \ResetValue = 1'0
Generating RTLIL representation for module `$paramod$754dd1babe3bd40f26e46b58533db04a63dcfb60\ibex_csr'.
Parameter \CounterWidth = 64
Parameter \ProvideValUpd = 1

52.22. Executing AST frontend in derive mode using pre-parsed AST for module `\ibex_counter'.
Parameter \CounterWidth = 64
Parameter \ProvideValUpd = 1
Generating RTLIL representation for module `$paramod$c16eccae153ba9fb8fce8498c4f7e85e78010c3f\ibex_counter'.
Parameter \CounterWidth = 64

52.23. Executing AST frontend in derive mode using pre-parsed AST for module `\ibex_counter'.
Parameter \CounterWidth = 64
Generating RTLIL representation for module `$paramod\ibex_counter\CounterWidth=s32'00000000000000000000000001000000'.
Parameter \Width = 7
Parameter \ShadowCopy = 1'0
Parameter \ResetValue = 1'0

52.24. Executing AST frontend in derive mode using pre-parsed AST for module `\ibex_csr'.
Parameter \Width = 7
Parameter \ShadowCopy = 1'0
Parameter \ResetValue = 1'0
Generating RTLIL representation for module `$paramod$34601000fe8707ce2501f5ed778e152043201712\ibex_csr'.
Parameter \Width = 32
Parameter \ShadowCopy = 1'0
Parameter \ResetValue = 1'0

52.25. Executing AST frontend in derive mode using pre-parsed AST for module `\ibex_csr'.
Parameter \Width = 32
Parameter \ShadowCopy = 1'0
Parameter \ResetValue = 1'0
Generating RTLIL representation for module `$paramod$85ba01ab5a28334786aba5877c1fe04472f39fba\ibex_csr'.
Parameter \Width = 3
Parameter \ShadowCopy = 1'0
Parameter \ResetValue = 3'100

52.26. Executing AST frontend in derive mode using pre-parsed AST for module `\ibex_csr'.
Parameter \Width = 3
Parameter \ShadowCopy = 1'0
Parameter \ResetValue = 3'100
Generating RTLIL representation for module `$paramod$410b37fbfbfa994790f1902c150d2be939cadb3b\ibex_csr'.
Parameter \Width = 32
Parameter \ShadowCopy = 1'0
Parameter \ResetValue = 1'0
Found cached RTLIL representation for module `$paramod$85ba01ab5a28334786aba5877c1fe04472f39fba\ibex_csr'.
Parameter \Width = 32
Parameter \ShadowCopy = 1'0
Parameter \ResetValue = 1'0
Found cached RTLIL representation for module `$paramod$85ba01ab5a28334786aba5877c1fe04472f39fba\ibex_csr'.
Parameter \Width = 32
Parameter \ShadowCopy = 1'0
Parameter \ResetValue = 1'0
Found cached RTLIL representation for module `$paramod$85ba01ab5a28334786aba5877c1fe04472f39fba\ibex_csr'.
Parameter \Width = 32
Parameter \ShadowCopy = 1'0
Parameter \ResetValue = 1073741827

52.27. Executing AST frontend in derive mode using pre-parsed AST for module `\ibex_csr'.
Parameter \Width = 32
Parameter \ShadowCopy = 1'0
Parameter \ResetValue = 1073741827
Generating RTLIL representation for module `$paramod$9a435d8f6db004a67362aa9a56f32ea481a74dbe\ibex_csr'.
Parameter \Width = 32
Parameter \ShadowCopy = 1'0
Parameter \ResetValue = 1

52.28. Executing AST frontend in derive mode using pre-parsed AST for module `\ibex_csr'.
Parameter \Width = 32
Parameter \ShadowCopy = 1'0
Parameter \ResetValue = 1
Generating RTLIL representation for module `$paramod$4f46e25470a27719ee9ca03cee1a0827eff766f7\ibex_csr'.
Parameter \Width = 32
Parameter \ShadowCopy = 1'0
Parameter \ResetValue = 1'0
Found cached RTLIL representation for module `$paramod$85ba01ab5a28334786aba5877c1fe04472f39fba\ibex_csr'.
Parameter \Width = 7
Parameter \ShadowCopy = 1'0
Parameter \ResetValue = 1'0
Found cached RTLIL representation for module `$paramod$34601000fe8707ce2501f5ed778e152043201712\ibex_csr'.
Parameter \Width = 32
Parameter \ShadowCopy = 1'0
Parameter \ResetValue = 1'0
Found cached RTLIL representation for module `$paramod$85ba01ab5a28334786aba5877c1fe04472f39fba\ibex_csr'.
Parameter \Width = 18
Parameter \ShadowCopy = 1'0
Parameter \ResetValue = 1'0

52.29. Executing AST frontend in derive mode using pre-parsed AST for module `\ibex_csr'.
Parameter \Width = 18
Parameter \ShadowCopy = 1'0
Parameter \ResetValue = 1'0
Generating RTLIL representation for module `$paramod$e55993a14b1fbc43320d549f521b710ed37596c6\ibex_csr'.
Parameter \Width = 32
Parameter \ShadowCopy = 1'0
Parameter \ResetValue = 1'0
Found cached RTLIL representation for module `$paramod$85ba01ab5a28334786aba5877c1fe04472f39fba\ibex_csr'.
Parameter \Width = 6
Parameter \ShadowCopy = 1'0
Parameter \ResetValue = 6'010000

52.30. Executing AST frontend in derive mode using pre-parsed AST for module `\ibex_csr'.
Parameter \Width = 6
Parameter \ShadowCopy = 1'0
Parameter \ResetValue = 6'010000
Generating RTLIL representation for module `$paramod$5714e31d82f2b8816750797f158ebea69a089104\ibex_csr'.
Reprocessing module $paramod$38aa04165534c75a0a4935f073a2885eaa0a33f1\ibex_cs_registers because instantiated module $paramod\ibex_counter\CounterWidth=s32'00000000000000000000000001000000 has become available.
Generating RTLIL representation for module `$paramod$38aa04165534c75a0a4935f073a2885eaa0a33f1\ibex_cs_registers'.
Warning: Replacing memory \pmp_addr_rdata with list of registers. See /work/src/ibex_cs_registers.v:1148
Warning: Replacing memory \mhpmevent with list of registers. See /work/src/ibex_cs_registers.v:1213

52.31. Analyzing design hierarchy..
Top module:  \ibex_top
Used module:     $paramod$40ece52504ff00c302be66a0111a4ec3d1608ab5\ibex_register_file_ff
Used module:     $paramod$02c313747c8f25d335ac7182387c56521505fa11\ibex_core
Used module:         $paramod$38aa04165534c75a0a4935f073a2885eaa0a33f1\ibex_cs_registers
Used module:         $paramod\ibex_wb_stage\ResetAll=1'1\WritebackStage=1'1\DummyInstructions=1'0
Used module:         $paramod$a1f82ff8dd7f02ea405ce72f1e83a511ee16121c\ibex_load_store_unit
Used module:         $paramod$fa37c86f6ef8a85a222bbe1925a5f939cfc5b900\ibex_ex_block
Used module:             $paramod\ibex_alu\RV32B=s32'00000000000000000000000000000000
Used module:         $paramod$b9b2e5d491bd09fc2169df619ac80edcbdafa2a9\ibex_id_stage
Used module:             $paramod$ad32fe27c0dd24fa98ff040673e62dee8d3b63ce\ibex_controller
Used module:             $paramod$e6b6d8eec746808c1a487eeea1c00388e00f4eee\ibex_decoder
Used module:         $paramod$9965f29857664148d24e0207d195fc610cce17ac\ibex_if_stage
Used module:             $paramod\ibex_prefetch_buffer\ResetAll=1'1
Used module:             $paramod$7cc7cec1e088fedd9ad9b2063ed6f6f72cf9bb0e\ibex_compressed_decoder
Used module:     $paramod\prim_generic_buf\Width=s32'00000000000000000000000000000100
Used module:     \prim_generic_clock_gating
Parameter \Width = 8
Parameter \ShadowCopy = 1'0
Parameter \ResetValue = 1'0
Found cached RTLIL representation for module `$paramod$a088b13b9337f1e1fba58a671f47d7c7701ffa49\ibex_csr'.
Parameter \Width = 3
Parameter \ShadowCopy = 1'0
Parameter \ResetValue = 1'0
Found cached RTLIL representation for module `$paramod$754dd1babe3bd40f26e46b58533db04a63dcfb60\ibex_csr'.
Parameter \CounterWidth = 64
Parameter \ProvideValUpd = 1
Found cached RTLIL representation for module `$paramod$c16eccae153ba9fb8fce8498c4f7e85e78010c3f\ibex_counter'.
Parameter \CounterWidth = 64
Found cached RTLIL representation for module `$paramod\ibex_counter\CounterWidth=s32'00000000000000000000000001000000'.
Parameter \Width = 7
Parameter \ShadowCopy = 1'0
Parameter \ResetValue = 1'0
Found cached RTLIL representation for module `$paramod$34601000fe8707ce2501f5ed778e152043201712\ibex_csr'.
Parameter \Width = 32
Parameter \ShadowCopy = 1'0
Parameter \ResetValue = 1'0
Found cached RTLIL representation for module `$paramod$85ba01ab5a28334786aba5877c1fe04472f39fba\ibex_csr'.
Parameter \Width = 3
Parameter \ShadowCopy = 1'0
Parameter \ResetValue = 3'100
Found cached RTLIL representation for module `$paramod$410b37fbfbfa994790f1902c150d2be939cadb3b\ibex_csr'.
Parameter \Width = 32
Parameter \ShadowCopy = 1'0
Parameter \ResetValue = 1'0
Found cached RTLIL representation for module `$paramod$85ba01ab5a28334786aba5877c1fe04472f39fba\ibex_csr'.
Parameter \Width = 32
Parameter \ShadowCopy = 1'0
Parameter \ResetValue = 1'0
Found cached RTLIL representation for module `$paramod$85ba01ab5a28334786aba5877c1fe04472f39fba\ibex_csr'.
Parameter \Width = 32
Parameter \ShadowCopy = 1'0
Parameter \ResetValue = 1'0
Found cached RTLIL representation for module `$paramod$85ba01ab5a28334786aba5877c1fe04472f39fba\ibex_csr'.
Parameter \Width = 32
Parameter \ShadowCopy = 1'0
Parameter \ResetValue = 1073741827
Found cached RTLIL representation for module `$paramod$9a435d8f6db004a67362aa9a56f32ea481a74dbe\ibex_csr'.
Parameter \Width = 32
Parameter \ShadowCopy = 1'0
Parameter \ResetValue = 1
Found cached RTLIL representation for module `$paramod$4f46e25470a27719ee9ca03cee1a0827eff766f7\ibex_csr'.
Parameter \Width = 32
Parameter \ShadowCopy = 1'0
Parameter \ResetValue = 1'0
Found cached RTLIL representation for module `$paramod$85ba01ab5a28334786aba5877c1fe04472f39fba\ibex_csr'.
Parameter \Width = 7
Parameter \ShadowCopy = 1'0
Parameter \ResetValue = 1'0
Found cached RTLIL representation for module `$paramod$34601000fe8707ce2501f5ed778e152043201712\ibex_csr'.
Parameter \Width = 32
Parameter \ShadowCopy = 1'0
Parameter \ResetValue = 1'0
Found cached RTLIL representation for module `$paramod$85ba01ab5a28334786aba5877c1fe04472f39fba\ibex_csr'.
Parameter \Width = 18
Parameter \ShadowCopy = 1'0
Parameter \ResetValue = 1'0
Found cached RTLIL representation for module `$paramod$e55993a14b1fbc43320d549f521b710ed37596c6\ibex_csr'.
Parameter \Width = 32
Parameter \ShadowCopy = 1'0
Parameter \ResetValue = 1'0
Found cached RTLIL representation for module `$paramod$85ba01ab5a28334786aba5877c1fe04472f39fba\ibex_csr'.
Parameter \Width = 6
Parameter \ShadowCopy = 1'0
Parameter \ResetValue = 6'010000
Found cached RTLIL representation for module `$paramod$5714e31d82f2b8816750797f158ebea69a089104\ibex_csr'.
Parameter \NUM_REQS = 2
Parameter \ResetAll = 1'1

52.32. Executing AST frontend in derive mode using pre-parsed AST for module `\ibex_fetch_fifo'.
Parameter \NUM_REQS = 2
Parameter \ResetAll = 1'1
Generating RTLIL representation for module `$paramod\ibex_fetch_fifo\NUM_REQS=32'00000000000000000000000000000010\ResetAll=1'1'.

52.33. Analyzing design hierarchy..
Top module:  \ibex_top
Used module:     $paramod$40ece52504ff00c302be66a0111a4ec3d1608ab5\ibex_register_file_ff
Used module:     $paramod$02c313747c8f25d335ac7182387c56521505fa11\ibex_core
Used module:         $paramod$38aa04165534c75a0a4935f073a2885eaa0a33f1\ibex_cs_registers
Used module:             $paramod$a088b13b9337f1e1fba58a671f47d7c7701ffa49\ibex_csr
Used module:             $paramod$754dd1babe3bd40f26e46b58533db04a63dcfb60\ibex_csr
Used module:             $paramod$c16eccae153ba9fb8fce8498c4f7e85e78010c3f\ibex_counter
Used module:             $paramod\ibex_counter\CounterWidth=s32'00000000000000000000000001000000
Used module:             $paramod$34601000fe8707ce2501f5ed778e152043201712\ibex_csr
Used module:             $paramod$85ba01ab5a28334786aba5877c1fe04472f39fba\ibex_csr
Used module:             $paramod$410b37fbfbfa994790f1902c150d2be939cadb3b\ibex_csr
Used module:             $paramod$9a435d8f6db004a67362aa9a56f32ea481a74dbe\ibex_csr
Used module:             $paramod$4f46e25470a27719ee9ca03cee1a0827eff766f7\ibex_csr
Used module:             $paramod$e55993a14b1fbc43320d549f521b710ed37596c6\ibex_csr
Used module:             $paramod$5714e31d82f2b8816750797f158ebea69a089104\ibex_csr
Used module:         $paramod\ibex_wb_stage\ResetAll=1'1\WritebackStage=1'1\DummyInstructions=1'0
Used module:         $paramod$a1f82ff8dd7f02ea405ce72f1e83a511ee16121c\ibex_load_store_unit
Used module:         $paramod$fa37c86f6ef8a85a222bbe1925a5f939cfc5b900\ibex_ex_block
Used module:             $paramod\ibex_alu\RV32B=s32'00000000000000000000000000000000
Used module:         $paramod$b9b2e5d491bd09fc2169df619ac80edcbdafa2a9\ibex_id_stage
Used module:             $paramod$ad32fe27c0dd24fa98ff040673e62dee8d3b63ce\ibex_controller
Used module:             $paramod$e6b6d8eec746808c1a487eeea1c00388e00f4eee\ibex_decoder
Used module:         $paramod$9965f29857664148d24e0207d195fc610cce17ac\ibex_if_stage
Used module:             $paramod\ibex_prefetch_buffer\ResetAll=1'1
Used module:                 $paramod\ibex_fetch_fifo\NUM_REQS=32'00000000000000000000000000000010\ResetAll=1'1
Used module:             $paramod$7cc7cec1e088fedd9ad9b2063ed6f6f72cf9bb0e\ibex_compressed_decoder
Used module:     $paramod\prim_generic_buf\Width=s32'00000000000000000000000000000100
Used module:     \prim_generic_clock_gating

52.34. Analyzing design hierarchy..
Top module:  \ibex_top
Used module:     $paramod$40ece52504ff00c302be66a0111a4ec3d1608ab5\ibex_register_file_ff
Used module:     $paramod$02c313747c8f25d335ac7182387c56521505fa11\ibex_core
Used module:         $paramod$38aa04165534c75a0a4935f073a2885eaa0a33f1\ibex_cs_registers
Used module:             $paramod$a088b13b9337f1e1fba58a671f47d7c7701ffa49\ibex_csr
Used module:             $paramod$754dd1babe3bd40f26e46b58533db04a63dcfb60\ibex_csr
Used module:             $paramod$c16eccae153ba9fb8fce8498c4f7e85e78010c3f\ibex_counter
Used module:             $paramod\ibex_counter\CounterWidth=s32'00000000000000000000000001000000
Used module:             $paramod$34601000fe8707ce2501f5ed778e152043201712\ibex_csr
Used module:             $paramod$85ba01ab5a28334786aba5877c1fe04472f39fba\ibex_csr
Used module:             $paramod$410b37fbfbfa994790f1902c150d2be939cadb3b\ibex_csr
Used module:             $paramod$9a435d8f6db004a67362aa9a56f32ea481a74dbe\ibex_csr
Used module:             $paramod$4f46e25470a27719ee9ca03cee1a0827eff766f7\ibex_csr
Used module:             $paramod$e55993a14b1fbc43320d549f521b710ed37596c6\ibex_csr
Used module:             $paramod$5714e31d82f2b8816750797f158ebea69a089104\ibex_csr
Used module:         $paramod\ibex_wb_stage\ResetAll=1'1\WritebackStage=1'1\DummyInstructions=1'0
Used module:         $paramod$a1f82ff8dd7f02ea405ce72f1e83a511ee16121c\ibex_load_store_unit
Used module:         $paramod$fa37c86f6ef8a85a222bbe1925a5f939cfc5b900\ibex_ex_block
Used module:             $paramod\ibex_alu\RV32B=s32'00000000000000000000000000000000
Used module:         $paramod$b9b2e5d491bd09fc2169df619ac80edcbdafa2a9\ibex_id_stage
Used module:             $paramod$ad32fe27c0dd24fa98ff040673e62dee8d3b63ce\ibex_controller
Used module:             $paramod$e6b6d8eec746808c1a487eeea1c00388e00f4eee\ibex_decoder
Used module:         $paramod$9965f29857664148d24e0207d195fc610cce17ac\ibex_if_stage
Used module:             $paramod\ibex_prefetch_buffer\ResetAll=1'1
Used module:                 $paramod\ibex_fetch_fifo\NUM_REQS=32'00000000000000000000000000000010\ResetAll=1'1
Used module:             $paramod$7cc7cec1e088fedd9ad9b2063ed6f6f72cf9bb0e\ibex_compressed_decoder
Used module:     $paramod\prim_generic_buf\Width=s32'00000000000000000000000000000100
Used module:     \prim_generic_clock_gating
Removing unused module `$abstract\prim_secded_inv_39_32_enc'.
Removing unused module `$abstract\prim_secded_inv_39_32_dec'.
Removing unused module `$abstract\prim_lfsr'.
Removing unused module `$abstract\prim_generic_flop'.
Removing unused module `$abstract\prim_count'.
Removing unused module `$abstract\prim_generic_clock_mux2'.
Removing unused module `$abstract\prim_generic_clock_gating'.
Removing unused module `$abstract\prim_generic_buf'.
Removing unused module `$abstract\prim_generic_and2'.
Removing unused module `$abstract\ibex_wb_stage'.
Removing unused module `$abstract\ibex_trvk'.
Removing unused module `$abstract\ibex_top'.
Removing unused module `$abstract\ibex_register_file_latch'.
Removing unused module `$abstract\ibex_register_file_fpga'.
Removing unused module `$abstract\ibex_register_file_ff'.
Removing unused module `$abstract\ibex_prefetch_buffer'.
Removing unused module `$abstract\ibex_pmp'.
Removing unused module `$abstract\ibex_multdiv_slow'.
Removing unused module `$abstract\ibex_multdiv_fast'.
Removing unused module `$abstract\ibex_lockstep'.
Removing unused module `$abstract\ibex_load_store_unit'.
Removing unused module `$abstract\ibex_if_stage'.
Removing unused module `$abstract\ibex_id_stage'.
Removing unused module `$abstract\ibex_icache'.
Removing unused module `$abstract\ibex_fetch_fifo'.
Removing unused module `$abstract\ibex_ex_block'.
Removing unused module `$abstract\ibex_dummy_instr'.
Removing unused module `$abstract\ibex_decoder'.
Removing unused module `$abstract\ibex_csr'.
Removing unused module `$abstract\ibex_cs_registers'.
Removing unused module `$abstract\ibex_counter'.
Removing unused module `$abstract\ibex_core'.
Removing unused module `$abstract\ibex_controller'.
Removing unused module `$abstract\ibex_compressed_decoder'.
Removing unused module `$abstract\ibex_cheriot_ex'.
Removing unused module `$abstract\ibex_branch_predict'.
Removing unused module `$abstract\ibex_alu'.
Removed 37 unused modules.
Renaming module ibex_top to ibex_top.

53. Executing PROC pass (convert processes to netlists).

53.1. Executing PROC_CLEAN pass (remove empty switches from decision trees).
Found and cleaned up 1 empty switch in `$paramod\ibex_alu\RV32B=s32'00000000000000000000000000000000.$proc$/work/src/ibex_alu.v:861$2460'.
Found and cleaned up 1 empty switch in `$paramod\ibex_alu\RV32B=s32'00000000000000000000000000000000.$proc$/work/src/ibex_alu.v:247$2459'.
Found and cleaned up 1 empty switch in `$paramod\ibex_alu\RV32B=s32'00000000000000000000000000000000.$proc$/work/src/ibex_alu.v:231$2448'.
Found and cleaned up 2 empty switches in `$paramod\ibex_alu\RV32B=s32'00000000000000000000000000000000.$proc$/work/src/ibex_alu.v:200$2442'.
Found and cleaned up 1 empty switch in `$paramod\ibex_alu\RV32B=s32'00000000000000000000000000000000.$proc$/work/src/ibex_alu.v:180$2440'.
Found and cleaned up 1 empty switch in `$paramod\ibex_alu\RV32B=s32'00000000000000000000000000000000.$proc$/work/src/ibex_alu.v:171$2434'.
Found and cleaned up 1 empty switch in `$paramod\ibex_alu\RV32B=s32'00000000000000000000000000000000.$proc$/work/src/ibex_alu.v:123$2426'.
Found and cleaned up 1 empty switch in `$paramod\ibex_alu\RV32B=s32'00000000000000000000000000000000.$proc$/work/src/ibex_alu.v:114$2421'.
Found and cleaned up 1 empty switch in `$paramod\ibex_alu\RV32B=s32'00000000000000000000000000000000.$proc$/work/src/ibex_alu.v:103$2419'.
Found and cleaned up 1 empty switch in `$paramod\ibex_alu\RV32B=s32'00000000000000000000000000000000.$proc$/work/src/ibex_alu.v:87$2417'.
Found and cleaned up 1 empty switch in `$paramod\ibex_alu\RV32B=s32'00000000000000000000000000000000.$proc$/work/src/ibex_alu.v:74$2415'.
Found and cleaned up 4 empty switches in `$paramod\ibex_alu\RV32B=s32'00000000000000000000000000000000.$proc$/work/src/ibex_alu.v:51$2414'.
Found and cleaned up 43 empty switches in `$paramod$e6b6d8eec746808c1a487eeea1c00388e00f4eee\ibex_decoder.$proc$/work/src/ibex_decoder.v:682$2386'.
Found and cleaned up 4 empty switches in `$paramod$e6b6d8eec746808c1a487eeea1c00388e00f4eee\ibex_decoder.$proc$/work/src/ibex_decoder.v:228$2324'.
Found and cleaned up 1 empty switch in `$paramod$e6b6d8eec746808c1a487eeea1c00388e00f4eee\ibex_decoder.$proc$/work/src/ibex_decoder.v:221$2318'.
Found and cleaned up 1 empty switch in `$paramod$ad32fe27c0dd24fa98ff040673e62dee8d3b63ce\ibex_controller.$proc$/work/src/ibex_controller.v:279$2295'.
Found and cleaned up 3 empty switches in `$paramod$ad32fe27c0dd24fa98ff040673e62dee8d3b63ce\ibex_controller.$proc$/work/src/ibex_controller.v:437$2204'.
Found and cleaned up 1 empty switch in `$paramod$ad32fe27c0dd24fa98ff040673e62dee8d3b63ce\ibex_controller.$proc$/work/src/ibex_controller.v:399$2196'.
Found and cleaned up 5 empty switches in `$paramod$7cc7cec1e088fedd9ad9b2063ed6f6f72cf9bb0e\ibex_compressed_decoder.$proc$/work/src/ibex_compressed_decoder.v:203$2065'.
Found and cleaned up 1 empty switch in `$paramod$b9b2e5d491bd09fc2169df619ac80edcbdafa2a9\ibex_id_stage.$proc$/work/src/ibex_id_stage.v:467$1731'.
Found and cleaned up 4 empty switches in `$paramod$b9b2e5d491bd09fc2169df619ac80edcbdafa2a9\ibex_id_stage.$proc$/work/src/ibex_id_stage.v:754$1678'.
Found and cleaned up 1 empty switch in `$paramod$b9b2e5d491bd09fc2169df619ac80edcbdafa2a9\ibex_id_stage.$proc$/work/src/ibex_id_stage.v:499$1632'.
Found and cleaned up 1 empty switch in `$paramod$b9b2e5d491bd09fc2169df619ac80edcbdafa2a9\ibex_id_stage.$proc$/work/src/ibex_id_stage.v:406$1626'.
Found and cleaned up 1 empty switch in `$paramod$a1f82ff8dd7f02ea405ce72f1e83a511ee16121c\ibex_load_store_unit.$proc$/work/src/ibex_load_store_unit.v:504$1545'.
Found and cleaned up 1 empty switch in `$paramod$a1f82ff8dd7f02ea405ce72f1e83a511ee16121c\ibex_load_store_unit.$proc$/work/src/ibex_load_store_unit.v:356$1512'.
Found and cleaned up 1 empty switch in `$paramod$a1f82ff8dd7f02ea405ce72f1e83a511ee16121c\ibex_load_store_unit.$proc$/work/src/ibex_load_store_unit.v:322$1497'.
Found and cleaned up 1 empty switch in `$paramod$a1f82ff8dd7f02ea405ce72f1e83a511ee16121c\ibex_load_store_unit.$proc$/work/src/ibex_load_store_unit.v:294$1492'.
Found and cleaned up 1 empty switch in `$paramod$a1f82ff8dd7f02ea405ce72f1e83a511ee16121c\ibex_load_store_unit.$proc$/work/src/ibex_load_store_unit.v:266$1487'.
Found and cleaned up 1 empty switch in `$paramod$a1f82ff8dd7f02ea405ce72f1e83a511ee16121c\ibex_load_store_unit.$proc$/work/src/ibex_load_store_unit.v:254$1486'.
Found and cleaned up 1 empty switch in `$paramod$a1f82ff8dd7f02ea405ce72f1e83a511ee16121c\ibex_load_store_unit.$proc$/work/src/ibex_load_store_unit.v:214$1461'.
Found and cleaned up 1 empty switch in `$paramod$a1f82ff8dd7f02ea405ce72f1e83a511ee16121c\ibex_load_store_unit.$proc$/work/src/ibex_load_store_unit.v:191$1460'.
Found and cleaned up 1 empty switch in `$paramod$a1f82ff8dd7f02ea405ce72f1e83a511ee16121c\ibex_load_store_unit.$proc$/work/src/ibex_load_store_unit.v:139$1454'.
Found and cleaned up 1 empty switch in `$paramod$9965f29857664148d24e0207d195fc610cce17ac\ibex_if_stage.$proc$/work/src/ibex_if_stage.v:254$1823'.
Found and cleaned up 1 empty switch in `$paramod$9965f29857664148d24e0207d195fc610cce17ac\ibex_if_stage.$proc$/work/src/ibex_if_stage.v:238$1812'.
Found and cleaned up 1 empty switch in `$paramod$40ece52504ff00c302be66a0111a4ec3d1608ab5\ibex_register_file_ff.$proc$/work/src/ibex_register_file_ff.v:156$851'.
Found and cleaned up 1 empty switch in `$paramod$c16eccae153ba9fb8fce8498c4f7e85e78010c3f\ibex_counter.$proc$/work/src/ibex_counter.v:28$2477'.
Found and cleaned up 1 empty switch in `$paramod\ibex_fetch_fifo\NUM_REQS=32'00000000000000000000000000000010\ResetAll=1'1.$proc$/work/src/ibex_fetch_fifo.v:72$2840'.
Found and cleaned up 33 empty switches in `$paramod$38aa04165534c75a0a4935f073a2885eaa0a33f1\ibex_cs_registers.$proc$/work/src/ibex_cs_registers.v:1206$2741'.
Found and cleaned up 1 empty switch in `$paramod$38aa04165534c75a0a4935f073a2885eaa0a33f1\ibex_cs_registers.$proc$/work/src/ibex_cs_registers.v:1182$2740'.
Found and cleaned up 1 empty switch in `$paramod$38aa04165534c75a0a4935f073a2885eaa0a33f1\ibex_cs_registers.$proc$/work/src/ibex_cs_registers.v:1172$2738'.
Found and cleaned up 1 empty switch in `$paramod$38aa04165534c75a0a4935f073a2885eaa0a33f1\ibex_cs_registers.$proc$/work/src/ibex_cs_registers.v:1162$2736'.
Found and cleaned up 1 empty switch in `$paramod$38aa04165534c75a0a4935f073a2885eaa0a33f1\ibex_cs_registers.$proc$/work/src/ibex_cs_registers.v:763$2706'.
Found and cleaned up 1 empty switch in `$paramod$38aa04165534c75a0a4935f073a2885eaa0a33f1\ibex_cs_registers.$proc$/work/src/ibex_cs_registers.v:731$2684'.
Found and cleaned up 1 empty switch in `$paramod$38aa04165534c75a0a4935f073a2885eaa0a33f1\ibex_cs_registers.$proc$/work/src/ibex_cs_registers.v:571$2624'.
Found and cleaned up 1 empty switch in `$paramod$38aa04165534c75a0a4935f073a2885eaa0a33f1\ibex_cs_registers.$proc$/work/src/ibex_cs_registers.v:401$2546'.
Found and cleaned up 1 empty switch in `$paramod\ibex_counter\CounterWidth=s32'00000000000000000000000001000000.$proc$/work/src/ibex_counter.v:28$2483'.
Cleaned up 136 empty switches.

53.2. Executing PROC_RMDEAD pass (remove dead branches from decision trees).
Marked 1 switch rules as full_case in process $proc$/work/src/ibex_top.v:293$773 in module ibex_top.
Marked 1 switch rules as full_case in process $proc$/work/src/ibex_csr.v:19$2474 in module $paramod$754dd1babe3bd40f26e46b58533db04a63dcfb60\ibex_csr.
Marked 1 switch rules as full_case in process $proc$/work/src/ibex_csr.v:19$2472 in module $paramod$a088b13b9337f1e1fba58a671f47d7c7701ffa49\ibex_csr.
Marked 1 switch rules as full_case in process $proc$/work/src/ibex_alu.v:180$2440 in module $paramod\ibex_alu\RV32B=s32'00000000000000000000000000000000.
Marked 1 switch rules as full_case in process $proc$/work/src/ibex_alu.v:171$2434 in module $paramod\ibex_alu\RV32B=s32'00000000000000000000000000000000.
Marked 1 switch rules as full_case in process $proc$/work/src/ibex_alu.v:114$2421 in module $paramod\ibex_alu\RV32B=s32'00000000000000000000000000000000.
Removed 1 dead cases from process $proc$/work/src/ibex_decoder.v:682$2386 in module $paramod$e6b6d8eec746808c1a487eeea1c00388e00f4eee\ibex_decoder.
Marked 9 switch rules as full_case in process $proc$/work/src/ibex_decoder.v:682$2386 in module $paramod$e6b6d8eec746808c1a487eeea1c00388e00f4eee\ibex_decoder.
Removed 2 dead cases from process $proc$/work/src/ibex_decoder.v:228$2324 in module $paramod$e6b6d8eec746808c1a487eeea1c00388e00f4eee\ibex_decoder.
Marked 30 switch rules as full_case in process $proc$/work/src/ibex_decoder.v:228$2324 in module $paramod$e6b6d8eec746808c1a487eeea1c00388e00f4eee\ibex_decoder.
Marked 1 switch rules as full_case in process $proc$/work/src/ibex_decoder.v:221$2318 in module $paramod$e6b6d8eec746808c1a487eeea1c00388e00f4eee\ibex_decoder.
Marked 9 switch rules as full_case in process $proc$/work/src/ibex_controller.v:279$2295 in module $paramod$ad32fe27c0dd24fa98ff040673e62dee8d3b63ce\ibex_controller.
Marked 1 switch rules as full_case in process $proc$/work/src/ibex_controller.v:724$2291 in module $paramod$ad32fe27c0dd24fa98ff040673e62dee8d3b63ce\ibex_controller.
Marked 36 switch rules as full_case in process $proc$/work/src/ibex_controller.v:437$2204 in module $paramod$ad32fe27c0dd24fa98ff040673e62dee8d3b63ce\ibex_controller.
Marked 1 switch rules as full_case in process $proc$/work/src/ibex_controller.v:412$2202 in module $paramod$ad32fe27c0dd24fa98ff040673e62dee8d3b63ce\ibex_controller.
Marked 15 switch rules as full_case in process $proc$/work/src/ibex_controller.v:399$2196 in module $paramod$ad32fe27c0dd24fa98ff040673e62dee8d3b63ce\ibex_controller.
Marked 1 switch rules as full_case in process $proc$/work/src/ibex_compressed_decoder.v:553$2111 in module $paramod$7cc7cec1e088fedd9ad9b2063ed6f6f72cf9bb0e\ibex_compressed_decoder.
Marked 1 switch rules as full_case in process $proc$/work/src/ibex_compressed_decoder.v:546$2108 in module $paramod$7cc7cec1e088fedd9ad9b2063ed6f6f72cf9bb0e\ibex_compressed_decoder.
Removed 6 dead cases from process $proc$/work/src/ibex_compressed_decoder.v:203$2065 in module $paramod$7cc7cec1e088fedd9ad9b2063ed6f6f72cf9bb0e\ibex_compressed_decoder.
Marked 22 switch rules as full_case in process $proc$/work/src/ibex_compressed_decoder.v:203$2065 in module $paramod$7cc7cec1e088fedd9ad9b2063ed6f6f72cf9bb0e\ibex_compressed_decoder.
Marked 1 switch rules as full_case in process $proc$/work/src/ibex_prefetch_buffer.v:123$2047 in module $paramod\ibex_prefetch_buffer\ResetAll=1'1.
Marked 1 switch rules as full_case in process $proc$/work/src/ibex_prefetch_buffer.v:107$2045 in module $paramod\ibex_prefetch_buffer\ResetAll=1'1.
Marked 1 switch rules as full_case in process $proc$/work/src/ibex_prefetch_buffer.v:155$2043 in module $paramod\ibex_prefetch_buffer\ResetAll=1'1.
Marked 1 switch rules as full_case in process $proc$/work/src/ibex_id_stage.v:710$1737 in module $paramod$b9b2e5d491bd09fc2169df619ac80edcbdafa2a9\ibex_id_stage.
Marked 1 switch rules as full_case in process $proc$/work/src/ibex_id_stage.v:489$1735 in module $paramod$b9b2e5d491bd09fc2169df619ac80edcbdafa2a9\ibex_id_stage.
Marked 1 switch rules as full_case in process $proc$/work/src/ibex_id_stage.v:489$1733 in module $paramod$b9b2e5d491bd09fc2169df619ac80edcbdafa2a9\ibex_id_stage.
Removed 1 dead cases from process $proc$/work/src/ibex_id_stage.v:754$1678 in module $paramod$b9b2e5d491bd09fc2169df619ac80edcbdafa2a9\ibex_id_stage.
Marked 7 switch rules as full_case in process $proc$/work/src/ibex_id_stage.v:754$1678 in module $paramod$b9b2e5d491bd09fc2169df619ac80edcbdafa2a9\ibex_id_stage.
Marked 1 switch rules as full_case in process $proc$/work/src/ibex_id_stage.v:748$1676 in module $paramod$b9b2e5d491bd09fc2169df619ac80edcbdafa2a9\ibex_id_stage.
Marked 1 switch rules as full_case in process $proc$/work/src/ibex_id_stage.v:719$1670 in module $paramod$b9b2e5d491bd09fc2169df619ac80edcbdafa2a9\ibex_id_stage.
Removed 1 dead cases from process $proc$/work/src/ibex_id_stage.v:499$1632 in module $paramod$b9b2e5d491bd09fc2169df619ac80edcbdafa2a9\ibex_id_stage.
Removed 1 dead cases from process $proc$/work/src/ibex_id_stage.v:406$1626 in module $paramod$b9b2e5d491bd09fc2169df619ac80edcbdafa2a9\ibex_id_stage.
Marked 1 switch rules as full_case in process $proc$/work/src/ibex_load_store_unit.v:527$1554 in module $paramod$a1f82ff8dd7f02ea405ce72f1e83a511ee16121c\ibex_load_store_unit.
Marked 4 switch rules as full_case in process $proc$/work/src/ibex_load_store_unit.v:504$1545 in module $paramod$a1f82ff8dd7f02ea405ce72f1e83a511ee16121c\ibex_load_store_unit.
Marked 17 switch rules as full_case in process $proc$/work/src/ibex_load_store_unit.v:356$1512 in module $paramod$a1f82ff8dd7f02ea405ce72f1e83a511ee16121c\ibex_load_store_unit.
Removed 1 dead cases from process $proc$/work/src/ibex_load_store_unit.v:322$1497 in module $paramod$a1f82ff8dd7f02ea405ce72f1e83a511ee16121c\ibex_load_store_unit.
Removed 1 dead cases from process $proc$/work/src/ibex_load_store_unit.v:294$1492 in module $paramod$a1f82ff8dd7f02ea405ce72f1e83a511ee16121c\ibex_load_store_unit.
Marked 4 switch rules as full_case in process $proc$/work/src/ibex_load_store_unit.v:294$1492 in module $paramod$a1f82ff8dd7f02ea405ce72f1e83a511ee16121c\ibex_load_store_unit.
Removed 1 dead cases from process $proc$/work/src/ibex_load_store_unit.v:266$1487 in module $paramod$a1f82ff8dd7f02ea405ce72f1e83a511ee16121c\ibex_load_store_unit.
Marked 4 switch rules as full_case in process $proc$/work/src/ibex_load_store_unit.v:266$1487 in module $paramod$a1f82ff8dd7f02ea405ce72f1e83a511ee16121c\ibex_load_store_unit.
Removed 1 dead cases from process $proc$/work/src/ibex_load_store_unit.v:254$1486 in module $paramod$a1f82ff8dd7f02ea405ce72f1e83a511ee16121c\ibex_load_store_unit.
Marked 1 switch rules as full_case in process $proc$/work/src/ibex_load_store_unit.v:249$1484 in module $paramod$a1f82ff8dd7f02ea405ce72f1e83a511ee16121c\ibex_load_store_unit.
Marked 1 switch rules as full_case in process $proc$/work/src/ibex_load_store_unit.v:235$1481 in module $paramod$a1f82ff8dd7f02ea405ce72f1e83a511ee16121c\ibex_load_store_unit.
Marked 1 switch rules as full_case in process $proc$/work/src/ibex_load_store_unit.v:230$1479 in module $paramod$a1f82ff8dd7f02ea405ce72f1e83a511ee16121c\ibex_load_store_unit.
Marked 3 switch rules as full_case in process $proc$/work/src/ibex_load_store_unit.v:214$1461 in module $paramod$a1f82ff8dd7f02ea405ce72f1e83a511ee16121c\ibex_load_store_unit.
Removed 1 dead cases from process $proc$/work/src/ibex_load_store_unit.v:191$1460 in module $paramod$a1f82ff8dd7f02ea405ce72f1e83a511ee16121c\ibex_load_store_unit.
Removed 5 dead cases from process $proc$/work/src/ibex_load_store_unit.v:139$1454 in module $paramod$a1f82ff8dd7f02ea405ce72f1e83a511ee16121c\ibex_load_store_unit.
Marked 3 switch rules as full_case in process $proc$/work/src/ibex_load_store_unit.v:139$1454 in module $paramod$a1f82ff8dd7f02ea405ce72f1e83a511ee16121c\ibex_load_store_unit.
Marked 1 switch rules as full_case in process $proc$/work/src/ibex_wb_stage.v:134$1411 in module $paramod\ibex_wb_stage\ResetAll=1'1\WritebackStage=1'1\DummyInstructions=1'0.
Marked 1 switch rules as full_case in process $proc$/work/src/ibex_wb_stage.v:128$1409 in module $paramod\ibex_wb_stage\ResetAll=1'1\WritebackStage=1'1\DummyInstructions=1'0.
Marked 1 switch rules as full_case in process $proc$/work/src/ibex_csr.v:19$2500 in module $paramod$5714e31d82f2b8816750797f158ebea69a089104\ibex_csr.
Marked 1 switch rules as full_case in process $proc$/work/src/ibex_if_stage.v:493$1906 in module $paramod$9965f29857664148d24e0207d195fc610cce17ac\ibex_if_stage.
Marked 1 switch rules as full_case in process $proc$/work/src/ibex_if_stage.v:479$1901 in module $paramod$9965f29857664148d24e0207d195fc610cce17ac\ibex_if_stage.
Removed 1 dead cases from process $proc$/work/src/ibex_if_stage.v:238$1812 in module $paramod$9965f29857664148d24e0207d195fc610cce17ac\ibex_if_stage.
Marked 1 switch rules as full_case in process $proc$/work/src/ibex_if_stage.v:238$1812 in module $paramod$9965f29857664148d24e0207d195fc610cce17ac\ibex_if_stage.
Removed 1 dead cases from process $proc$/work/src/ibex_register_file_ff.v:0$985 in module $paramod$40ece52504ff00c302be66a0111a4ec3d1608ab5\ibex_register_file_ff.
Marked 1 switch rules as full_case in process $proc$/work/src/ibex_register_file_ff.v:0$985 in module $paramod$40ece52504ff00c302be66a0111a4ec3d1608ab5\ibex_register_file_ff.
Removed 1 dead cases from process $proc$/work/src/ibex_register_file_ff.v:0$982 in module $paramod$40ece52504ff00c302be66a0111a4ec3d1608ab5\ibex_register_file_ff.
Marked 1 switch rules as full_case in process $proc$/work/src/ibex_register_file_ff.v:0$982 in module $paramod$40ece52504ff00c302be66a0111a4ec3d1608ab5\ibex_register_file_ff.
Marked 1 switch rules as full_case in process $proc$/work/src/ibex_register_file_ff.v:171$976 in module $paramod$40ece52504ff00c302be66a0111a4ec3d1608ab5\ibex_register_file_ff.
Marked 1 switch rules as full_case in process $proc$/work/src/ibex_register_file_ff.v:171$974 in module $paramod$40ece52504ff00c302be66a0111a4ec3d1608ab5\ibex_register_file_ff.
Marked 1 switch rules as full_case in process $proc$/work/src/ibex_register_file_ff.v:171$972 in module $paramod$40ece52504ff00c302be66a0111a4ec3d1608ab5\ibex_register_file_ff.
Marked 1 switch rules as full_case in process $proc$/work/src/ibex_register_file_ff.v:171$970 in module $paramod$40ece52504ff00c302be66a0111a4ec3d1608ab5\ibex_register_file_ff.
Marked 1 switch rules as full_case in process $proc$/work/src/ibex_register_file_ff.v:171$968 in module $paramod$40ece52504ff00c302be66a0111a4ec3d1608ab5\ibex_register_file_ff.
Marked 1 switch rules as full_case in process $proc$/work/src/ibex_register_file_ff.v:171$966 in module $paramod$40ece52504ff00c302be66a0111a4ec3d1608ab5\ibex_register_file_ff.
Marked 1 switch rules as full_case in process $proc$/work/src/ibex_register_file_ff.v:171$964 in module $paramod$40ece52504ff00c302be66a0111a4ec3d1608ab5\ibex_register_file_ff.
Marked 1 switch rules as full_case in process $proc$/work/src/ibex_register_file_ff.v:171$962 in module $paramod$40ece52504ff00c302be66a0111a4ec3d1608ab5\ibex_register_file_ff.
Marked 1 switch rules as full_case in process $proc$/work/src/ibex_register_file_ff.v:171$960 in module $paramod$40ece52504ff00c302be66a0111a4ec3d1608ab5\ibex_register_file_ff.
Marked 1 switch rules as full_case in process $proc$/work/src/ibex_register_file_ff.v:171$958 in module $paramod$40ece52504ff00c302be66a0111a4ec3d1608ab5\ibex_register_file_ff.
Marked 1 switch rules as full_case in process $proc$/work/src/ibex_register_file_ff.v:171$956 in module $paramod$40ece52504ff00c302be66a0111a4ec3d1608ab5\ibex_register_file_ff.
Marked 1 switch rules as full_case in process $proc$/work/src/ibex_register_file_ff.v:171$954 in module $paramod$40ece52504ff00c302be66a0111a4ec3d1608ab5\ibex_register_file_ff.
Marked 1 switch rules as full_case in process $proc$/work/src/ibex_register_file_ff.v:171$952 in module $paramod$40ece52504ff00c302be66a0111a4ec3d1608ab5\ibex_register_file_ff.
Marked 1 switch rules as full_case in process $proc$/work/src/ibex_register_file_ff.v:171$950 in module $paramod$40ece52504ff00c302be66a0111a4ec3d1608ab5\ibex_register_file_ff.
Marked 1 switch rules as full_case in process $proc$/work/src/ibex_register_file_ff.v:171$948 in module $paramod$40ece52504ff00c302be66a0111a4ec3d1608ab5\ibex_register_file_ff.
Marked 1 switch rules as full_case in process $proc$/work/src/ibex_register_file_ff.v:171$946 in module $paramod$40ece52504ff00c302be66a0111a4ec3d1608ab5\ibex_register_file_ff.
Marked 1 switch rules as full_case in process $proc$/work/src/ibex_register_file_ff.v:171$944 in module $paramod$40ece52504ff00c302be66a0111a4ec3d1608ab5\ibex_register_file_ff.
Marked 1 switch rules as full_case in process $proc$/work/src/ibex_register_file_ff.v:171$942 in module $paramod$40ece52504ff00c302be66a0111a4ec3d1608ab5\ibex_register_file_ff.
Marked 1 switch rules as full_case in process $proc$/work/src/ibex_register_file_ff.v:171$940 in module $paramod$40ece52504ff00c302be66a0111a4ec3d1608ab5\ibex_register_file_ff.
Marked 1 switch rules as full_case in process $proc$/work/src/ibex_register_file_ff.v:171$938 in module $paramod$40ece52504ff00c302be66a0111a4ec3d1608ab5\ibex_register_file_ff.
Marked 1 switch rules as full_case in process $proc$/work/src/ibex_register_file_ff.v:171$936 in module $paramod$40ece52504ff00c302be66a0111a4ec3d1608ab5\ibex_register_file_ff.
Marked 1 switch rules as full_case in process $proc$/work/src/ibex_register_file_ff.v:171$934 in module $paramod$40ece52504ff00c302be66a0111a4ec3d1608ab5\ibex_register_file_ff.
Marked 1 switch rules as full_case in process $proc$/work/src/ibex_register_file_ff.v:171$932 in module $paramod$40ece52504ff00c302be66a0111a4ec3d1608ab5\ibex_register_file_ff.
Marked 1 switch rules as full_case in process $proc$/work/src/ibex_register_file_ff.v:171$930 in module $paramod$40ece52504ff00c302be66a0111a4ec3d1608ab5\ibex_register_file_ff.
Marked 1 switch rules as full_case in process $proc$/work/src/ibex_register_file_ff.v:171$928 in module $paramod$40ece52504ff00c302be66a0111a4ec3d1608ab5\ibex_register_file_ff.
Marked 1 switch rules as full_case in process $proc$/work/src/ibex_register_file_ff.v:171$926 in module $paramod$40ece52504ff00c302be66a0111a4ec3d1608ab5\ibex_register_file_ff.
Marked 1 switch rules as full_case in process $proc$/work/src/ibex_register_file_ff.v:171$924 in module $paramod$40ece52504ff00c302be66a0111a4ec3d1608ab5\ibex_register_file_ff.
Marked 1 switch rules as full_case in process $proc$/work/src/ibex_register_file_ff.v:171$922 in module $paramod$40ece52504ff00c302be66a0111a4ec3d1608ab5\ibex_register_file_ff.
Marked 1 switch rules as full_case in process $proc$/work/src/ibex_register_file_ff.v:171$920 in module $paramod$40ece52504ff00c302be66a0111a4ec3d1608ab5\ibex_register_file_ff.
Marked 1 switch rules as full_case in process $proc$/work/src/ibex_register_file_ff.v:171$918 in module $paramod$40ece52504ff00c302be66a0111a4ec3d1608ab5\ibex_register_file_ff.
Marked 1 switch rules as full_case in process $proc$/work/src/ibex_register_file_ff.v:171$916 in module $paramod$40ece52504ff00c302be66a0111a4ec3d1608ab5\ibex_register_file_ff.
Marked 1 switch rules as full_case in process $proc$/work/src/ibex_counter.v:56$2479 in module $paramod$c16eccae153ba9fb8fce8498c4f7e85e78010c3f\ibex_counter.
Marked 3 switch rules as full_case in process $proc$/work/src/ibex_counter.v:28$2477 in module $paramod$c16eccae153ba9fb8fce8498c4f7e85e78010c3f\ibex_counter.
Marked 1 switch rules as full_case in process $proc$/work/src/ibex_fetch_fifo.v:148$2894 in module $paramod\ibex_fetch_fifo\NUM_REQS=32'00000000000000000000000000000010\ResetAll=1'1.
Marked 1 switch rules as full_case in process $proc$/work/src/ibex_fetch_fifo.v:148$2892 in module $paramod\ibex_fetch_fifo\NUM_REQS=32'00000000000000000000000000000010\ResetAll=1'1.
Marked 1 switch rules as full_case in process $proc$/work/src/ibex_fetch_fifo.v:148$2890 in module $paramod\ibex_fetch_fifo\NUM_REQS=32'00000000000000000000000000000010\ResetAll=1'1.
Marked 1 switch rules as full_case in process $proc$/work/src/ibex_fetch_fifo.v:97$2861 in module $paramod\ibex_fetch_fifo\NUM_REQS=32'00000000000000000000000000000010\ResetAll=1'1.
Marked 1 switch rules as full_case in process $proc$/work/src/ibex_fetch_fifo.v:138$2859 in module $paramod\ibex_fetch_fifo\NUM_REQS=32'00000000000000000000000000000010\ResetAll=1'1.
Marked 2 switch rules as full_case in process $proc$/work/src/ibex_fetch_fifo.v:72$2840 in module $paramod\ibex_fetch_fifo\NUM_REQS=32'00000000000000000000000000000010\ResetAll=1'1.
Marked 1 switch rules as full_case in process $proc$/work/src/ibex_cs_registers.v:1306$2744 in module $paramod$38aa04165534c75a0a4935f073a2885eaa0a33f1\ibex_cs_registers.
Marked 1 switch rules as full_case in process $proc$/work/src/ibex_cs_registers.v:1172$2738 in module $paramod$38aa04165534c75a0a4935f073a2885eaa0a33f1\ibex_cs_registers.
Marked 1 switch rules as full_case in process $proc$/work/src/ibex_cs_registers.v:1162$2736 in module $paramod$38aa04165534c75a0a4935f073a2885eaa0a33f1\ibex_cs_registers.
Removed 1 dead cases from process $proc$/work/src/ibex_cs_registers.v:731$2684 in module $paramod$38aa04165534c75a0a4935f073a2885eaa0a33f1\ibex_cs_registers.
Marked 1 switch rules as full_case in process $proc$/work/src/ibex_cs_registers.v:724$2681 in module $paramod$38aa04165534c75a0a4935f073a2885eaa0a33f1\ibex_cs_registers.
Marked 9 switch rules as full_case in process $proc$/work/src/ibex_cs_registers.v:571$2624 in module $paramod$38aa04165534c75a0a4935f073a2885eaa0a33f1\ibex_cs_registers.
Removed 5 dead cases from process $proc$/work/src/ibex_cs_registers.v:401$2546 in module $paramod$38aa04165534c75a0a4935f073a2885eaa0a33f1\ibex_cs_registers.
Marked 14 switch rules as full_case in process $proc$/work/src/ibex_cs_registers.v:401$2546 in module $paramod$38aa04165534c75a0a4935f073a2885eaa0a33f1\ibex_cs_registers.
Marked 1 switch rules as full_case in process $proc$/work/src/ibex_csr.v:19$2498 in module $paramod$e55993a14b1fbc43320d549f521b710ed37596c6\ibex_csr.
Marked 1 switch rules as full_case in process $proc$/work/src/ibex_csr.v:19$2496 in module $paramod$4f46e25470a27719ee9ca03cee1a0827eff766f7\ibex_csr.
Marked 1 switch rules as full_case in process $proc$/work/src/ibex_csr.v:19$2494 in module $paramod$9a435d8f6db004a67362aa9a56f32ea481a74dbe\ibex_csr.
Marked 1 switch rules as full_case in process $proc$/work/src/ibex_csr.v:19$2492 in module $paramod$410b37fbfbfa994790f1902c150d2be939cadb3b\ibex_csr.
Marked 1 switch rules as full_case in process $proc$/work/src/ibex_csr.v:19$2490 in module $paramod$85ba01ab5a28334786aba5877c1fe04472f39fba\ibex_csr.
Marked 1 switch rules as full_case in process $proc$/work/src/ibex_csr.v:19$2488 in module $paramod$34601000fe8707ce2501f5ed778e152043201712\ibex_csr.
Marked 1 switch rules as full_case in process $proc$/work/src/ibex_counter.v:56$2485 in module $paramod\ibex_counter\CounterWidth=s32'00000000000000000000000001000000.
Marked 3 switch rules as full_case in process $proc$/work/src/ibex_counter.v:28$2483 in module $paramod\ibex_counter\CounterWidth=s32'00000000000000000000000001000000.
Removed a total of 31 dead cases.

53.3. Executing PROC_PRUNE pass (remove redundant assignments in processes).
Removed 34 redundant assignments.
Promoted 552 assignments to connections.

53.4. Executing PROC_INIT pass (extract init attributes).

53.5. Executing PROC_ARST pass (detect async resets in processes).
Found async reset \rst_ni in `\ibex_top.$proc$/work/src/ibex_top.v:293$773'.
Found async reset \rst_ni in `$paramod$754dd1babe3bd40f26e46b58533db04a63dcfb60\ibex_csr.$proc$/work/src/ibex_csr.v:19$2474'.
Found async reset \rst_ni in `$paramod$a088b13b9337f1e1fba58a671f47d7c7701ffa49\ibex_csr.$proc$/work/src/ibex_csr.v:19$2472'.
Found async reset \rst_ni in `$paramod$ad32fe27c0dd24fa98ff040673e62dee8d3b63ce\ibex_controller.$proc$/work/src/ibex_controller.v:724$2291'.
Found async reset \rst_ni in `$paramod$ad32fe27c0dd24fa98ff040673e62dee8d3b63ce\ibex_controller.$proc$/work/src/ibex_controller.v:412$2202'.
Found async reset \rst_ni in `$paramod$7cc7cec1e088fedd9ad9b2063ed6f6f72cf9bb0e\ibex_compressed_decoder.$proc$/work/src/ibex_compressed_decoder.v:553$2111'.
Found async reset \rst_ni in `$paramod$7cc7cec1e088fedd9ad9b2063ed6f6f72cf9bb0e\ibex_compressed_decoder.$proc$/work/src/ibex_compressed_decoder.v:546$2108'.
Found async reset \rst_ni in `$paramod\ibex_prefetch_buffer\ResetAll=1'1.$proc$/work/src/ibex_prefetch_buffer.v:123$2047'.
Found async reset \rst_ni in `$paramod\ibex_prefetch_buffer\ResetAll=1'1.$proc$/work/src/ibex_prefetch_buffer.v:107$2045'.
Found async reset \rst_ni in `$paramod\ibex_prefetch_buffer\ResetAll=1'1.$proc$/work/src/ibex_prefetch_buffer.v:155$2043'.
Found async reset \rst_ni in `$paramod$b9b2e5d491bd09fc2169df619ac80edcbdafa2a9\ibex_id_stage.$proc$/work/src/ibex_id_stage.v:710$1737'.
Found async reset \rst_ni in `$paramod$b9b2e5d491bd09fc2169df619ac80edcbdafa2a9\ibex_id_stage.$proc$/work/src/ibex_id_stage.v:489$1735'.
Found async reset \rst_ni in `$paramod$b9b2e5d491bd09fc2169df619ac80edcbdafa2a9\ibex_id_stage.$proc$/work/src/ibex_id_stage.v:489$1733'.
Found async reset \rst_ni in `$paramod$b9b2e5d491bd09fc2169df619ac80edcbdafa2a9\ibex_id_stage.$proc$/work/src/ibex_id_stage.v:748$1676'.
Found async reset \rst_ni in `$paramod$b9b2e5d491bd09fc2169df619ac80edcbdafa2a9\ibex_id_stage.$proc$/work/src/ibex_id_stage.v:719$1670'.
Found async reset \rst_ni in `$paramod$a1f82ff8dd7f02ea405ce72f1e83a511ee16121c\ibex_load_store_unit.$proc$/work/src/ibex_load_store_unit.v:527$1554'.
Found async reset \rst_ni in `$paramod$a1f82ff8dd7f02ea405ce72f1e83a511ee16121c\ibex_load_store_unit.$proc$/work/src/ibex_load_store_unit.v:249$1484'.
Found async reset \rst_ni in `$paramod$a1f82ff8dd7f02ea405ce72f1e83a511ee16121c\ibex_load_store_unit.$proc$/work/src/ibex_load_store_unit.v:235$1481'.
Found async reset \rst_ni in `$paramod$a1f82ff8dd7f02ea405ce72f1e83a511ee16121c\ibex_load_store_unit.$proc$/work/src/ibex_load_store_unit.v:230$1479'.
Found async reset \rst_ni in `$paramod\ibex_wb_stage\ResetAll=1'1\WritebackStage=1'1\DummyInstructions=1'0.$proc$/work/src/ibex_wb_stage.v:134$1411'.
Found async reset \rst_ni in `$paramod\ibex_wb_stage\ResetAll=1'1\WritebackStage=1'1\DummyInstructions=1'0.$proc$/work/src/ibex_wb_stage.v:128$1409'.
Found async reset \rst_ni in `$paramod$5714e31d82f2b8816750797f158ebea69a089104\ibex_csr.$proc$/work/src/ibex_csr.v:19$2500'.
Found async reset \rst_ni in `$paramod$9965f29857664148d24e0207d195fc610cce17ac\ibex_if_stage.$proc$/work/src/ibex_if_stage.v:493$1906'.
Found async reset \rst_ni in `$paramod$9965f29857664148d24e0207d195fc610cce17ac\ibex_if_stage.$proc$/work/src/ibex_if_stage.v:479$1901'.
Found async reset \rst_ni in `$paramod$40ece52504ff00c302be66a0111a4ec3d1608ab5\ibex_register_file_ff.$proc$/work/src/ibex_register_file_ff.v:171$976'.
Found async reset \rst_ni in `$paramod$40ece52504ff00c302be66a0111a4ec3d1608ab5\ibex_register_file_ff.$proc$/work/src/ibex_register_file_ff.v:171$974'.
Found async reset \rst_ni in `$paramod$40ece52504ff00c302be66a0111a4ec3d1608ab5\ibex_register_file_ff.$proc$/work/src/ibex_register_file_ff.v:171$972'.
Found async reset \rst_ni in `$paramod$40ece52504ff00c302be66a0111a4ec3d1608ab5\ibex_register_file_ff.$proc$/work/src/ibex_register_file_ff.v:171$970'.
Found async reset \rst_ni in `$paramod$40ece52504ff00c302be66a0111a4ec3d1608ab5\ibex_register_file_ff.$proc$/work/src/ibex_register_file_ff.v:171$968'.
Found async reset \rst_ni in `$paramod$40ece52504ff00c302be66a0111a4ec3d1608ab5\ibex_register_file_ff.$proc$/work/src/ibex_register_file_ff.v:171$966'.
Found async reset \rst_ni in `$paramod$40ece52504ff00c302be66a0111a4ec3d1608ab5\ibex_register_file_ff.$proc$/work/src/ibex_register_file_ff.v:171$964'.
Found async reset \rst_ni in `$paramod$40ece52504ff00c302be66a0111a4ec3d1608ab5\ibex_register_file_ff.$proc$/work/src/ibex_register_file_ff.v:171$962'.
Found async reset \rst_ni in `$paramod$40ece52504ff00c302be66a0111a4ec3d1608ab5\ibex_register_file_ff.$proc$/work/src/ibex_register_file_ff.v:171$960'.
Found async reset \rst_ni in `$paramod$40ece52504ff00c302be66a0111a4ec3d1608ab5\ibex_register_file_ff.$proc$/work/src/ibex_register_file_ff.v:171$958'.
Found async reset \rst_ni in `$paramod$40ece52504ff00c302be66a0111a4ec3d1608ab5\ibex_register_file_ff.$proc$/work/src/ibex_register_file_ff.v:171$956'.
Found async reset \rst_ni in `$paramod$40ece52504ff00c302be66a0111a4ec3d1608ab5\ibex_register_file_ff.$proc$/work/src/ibex_register_file_ff.v:171$954'.
Found async reset \rst_ni in `$paramod$40ece52504ff00c302be66a0111a4ec3d1608ab5\ibex_register_file_ff.$proc$/work/src/ibex_register_file_ff.v:171$952'.
Found async reset \rst_ni in `$paramod$40ece52504ff00c302be66a0111a4ec3d1608ab5\ibex_register_file_ff.$proc$/work/src/ibex_register_file_ff.v:171$950'.
Found async reset \rst_ni in `$paramod$40ece52504ff00c302be66a0111a4ec3d1608ab5\ibex_register_file_ff.$proc$/work/src/ibex_register_file_ff.v:171$948'.
Found async reset \rst_ni in `$paramod$40ece52504ff00c302be66a0111a4ec3d1608ab5\ibex_register_file_ff.$proc$/work/src/ibex_register_file_ff.v:171$946'.
Found async reset \rst_ni in `$paramod$40ece52504ff00c302be66a0111a4ec3d1608ab5\ibex_register_file_ff.$proc$/work/src/ibex_register_file_ff.v:171$944'.
Found async reset \rst_ni in `$paramod$40ece52504ff00c302be66a0111a4ec3d1608ab5\ibex_register_file_ff.$proc$/work/src/ibex_register_file_ff.v:171$942'.
Found async reset \rst_ni in `$paramod$40ece52504ff00c302be66a0111a4ec3d1608ab5\ibex_register_file_ff.$proc$/work/src/ibex_register_file_ff.v:171$940'.
Found async reset \rst_ni in `$paramod$40ece52504ff00c302be66a0111a4ec3d1608ab5\ibex_register_file_ff.$proc$/work/src/ibex_register_file_ff.v:171$938'.
Found async reset \rst_ni in `$paramod$40ece52504ff00c302be66a0111a4ec3d1608ab5\ibex_register_file_ff.$proc$/work/src/ibex_register_file_ff.v:171$936'.
Found async reset \rst_ni in `$paramod$40ece52504ff00c302be66a0111a4ec3d1608ab5\ibex_register_file_ff.$proc$/work/src/ibex_register_file_ff.v:171$934'.
Found async reset \rst_ni in `$paramod$40ece52504ff00c302be66a0111a4ec3d1608ab5\ibex_register_file_ff.$proc$/work/src/ibex_register_file_ff.v:171$932'.
Found async reset \rst_ni in `$paramod$40ece52504ff00c302be66a0111a4ec3d1608ab5\ibex_register_file_ff.$proc$/work/src/ibex_register_file_ff.v:171$930'.
Found async reset \rst_ni in `$paramod$40ece52504ff00c302be66a0111a4ec3d1608ab5\ibex_register_file_ff.$proc$/work/src/ibex_register_file_ff.v:171$928'.
Found async reset \rst_ni in `$paramod$40ece52504ff00c302be66a0111a4ec3d1608ab5\ibex_register_file_ff.$proc$/work/src/ibex_register_file_ff.v:171$926'.
Found async reset \rst_ni in `$paramod$40ece52504ff00c302be66a0111a4ec3d1608ab5\ibex_register_file_ff.$proc$/work/src/ibex_register_file_ff.v:171$924'.
Found async reset \rst_ni in `$paramod$40ece52504ff00c302be66a0111a4ec3d1608ab5\ibex_register_file_ff.$proc$/work/src/ibex_register_file_ff.v:171$922'.
Found async reset \rst_ni in `$paramod$40ece52504ff00c302be66a0111a4ec3d1608ab5\ibex_register_file_ff.$proc$/work/src/ibex_register_file_ff.v:171$920'.
Found async reset \rst_ni in `$paramod$40ece52504ff00c302be66a0111a4ec3d1608ab5\ibex_register_file_ff.$proc$/work/src/ibex_register_file_ff.v:171$918'.
Found async reset \rst_ni in `$paramod$40ece52504ff00c302be66a0111a4ec3d1608ab5\ibex_register_file_ff.$proc$/work/src/ibex_register_file_ff.v:171$916'.
Found async reset \rst_ni in `$paramod$c16eccae153ba9fb8fce8498c4f7e85e78010c3f\ibex_counter.$proc$/work/src/ibex_counter.v:56$2479'.
Found async reset \rst_ni in `$paramod\ibex_fetch_fifo\NUM_REQS=32'00000000000000000000000000000010\ResetAll=1'1.$proc$/work/src/ibex_fetch_fifo.v:148$2894'.
Found async reset \rst_ni in `$paramod\ibex_fetch_fifo\NUM_REQS=32'00000000000000000000000000000010\ResetAll=1'1.$proc$/work/src/ibex_fetch_fifo.v:148$2892'.
Found async reset \rst_ni in `$paramod\ibex_fetch_fifo\NUM_REQS=32'00000000000000000000000000000010\ResetAll=1'1.$proc$/work/src/ibex_fetch_fifo.v:148$2890'.
Found async reset \rst_ni in `$paramod\ibex_fetch_fifo\NUM_REQS=32'00000000000000000000000000000010\ResetAll=1'1.$proc$/work/src/ibex_fetch_fifo.v:97$2861'.
Found async reset \rst_ni in `$paramod\ibex_fetch_fifo\NUM_REQS=32'00000000000000000000000000000010\ResetAll=1'1.$proc$/work/src/ibex_fetch_fifo.v:138$2859'.
Found async reset \rst_ni in `$paramod$38aa04165534c75a0a4935f073a2885eaa0a33f1\ibex_cs_registers.$proc$/work/src/ibex_cs_registers.v:1306$2744'.
Found async reset \rst_ni in `$paramod$38aa04165534c75a0a4935f073a2885eaa0a33f1\ibex_cs_registers.$proc$/work/src/ibex_cs_registers.v:724$2681'.
Found async reset \rst_ni in `$paramod$e55993a14b1fbc43320d549f521b710ed37596c6\ibex_csr.$proc$/work/src/ibex_csr.v:19$2498'.
Found async reset \rst_ni in `$paramod$4f46e25470a27719ee9ca03cee1a0827eff766f7\ibex_csr.$proc$/work/src/ibex_csr.v:19$2496'.
Found async reset \rst_ni in `$paramod$9a435d8f6db004a67362aa9a56f32ea481a74dbe\ibex_csr.$proc$/work/src/ibex_csr.v:19$2494'.
Found async reset \rst_ni in `$paramod$410b37fbfbfa994790f1902c150d2be939cadb3b\ibex_csr.$proc$/work/src/ibex_csr.v:19$2492'.
Found async reset \rst_ni in `$paramod$85ba01ab5a28334786aba5877c1fe04472f39fba\ibex_csr.$proc$/work/src/ibex_csr.v:19$2490'.
Found async reset \rst_ni in `$paramod$34601000fe8707ce2501f5ed778e152043201712\ibex_csr.$proc$/work/src/ibex_csr.v:19$2488'.
Found async reset \rst_ni in `$paramod\ibex_counter\CounterWidth=s32'00000000000000000000000001000000.$proc$/work/src/ibex_counter.v:56$2485'.

53.6. Executing PROC_ROM pass (convert switches to ROMs).
Converted 3 switches.
<suppressed ~317 debug messages>

53.7. Executing PROC_MUX pass (convert decision trees to multiplexers).
Creating decoders for process `\ibex_top.$proc$/work/src/ibex_top.v:542$800'.
Creating decoders for process `\ibex_top.$proc$/work/src/ibex_top.v:556$783'.
Creating decoders for process `\ibex_top.$proc$/work/src/ibex_top.v:553$782'.
Creating decoders for process `\ibex_top.$proc$/work/src/ibex_top.v:550$781'.
Creating decoders for process `\ibex_top.$proc$/work/src/ibex_top.v:546$780'.
Creating decoders for process `\ibex_top.$proc$/work/src/ibex_top.v:293$773'.
     1/1: $0\core_busy_q[3:0]
Creating decoders for process `$paramod$754dd1babe3bd40f26e46b58533db04a63dcfb60\ibex_csr.$proc$/work/src/ibex_csr.v:19$2474'.
     1/1: $0\rdata_q[2:0]
Creating decoders for process `$paramod$a088b13b9337f1e1fba58a671f47d7c7701ffa49\ibex_csr.$proc$/work/src/ibex_csr.v:19$2472'.
     1/1: $0\rdata_q[7:0]
Creating decoders for process `$paramod\ibex_alu\RV32B=s32'00000000000000000000000000000000.$proc$/work/src/ibex_alu.v:0$2471'.
Creating decoders for process `$paramod\ibex_alu\RV32B=s32'00000000000000000000000000000000.$proc$/work/src/ibex_alu.v:858$2470'.
Creating decoders for process `$paramod\ibex_alu\RV32B=s32'00000000000000000000000000000000.$proc$/work/src/ibex_alu.v:855$2469'.
Creating decoders for process `$paramod\ibex_alu\RV32B=s32'00000000000000000000000000000000.$proc$/work/src/ibex_alu.v:852$2468'.
Creating decoders for process `$paramod\ibex_alu\RV32B=s32'00000000000000000000000000000000.$proc$/work/src/ibex_alu.v:849$2467'.
Creating decoders for process `$paramod\ibex_alu\RV32B=s32'00000000000000000000000000000000.$proc$/work/src/ibex_alu.v:846$2466'.
Creating decoders for process `$paramod\ibex_alu\RV32B=s32'00000000000000000000000000000000.$proc$/work/src/ibex_alu.v:843$2465'.
Creating decoders for process `$paramod\ibex_alu\RV32B=s32'00000000000000000000000000000000.$proc$/work/src/ibex_alu.v:839$2464'.
Creating decoders for process `$paramod\ibex_alu\RV32B=s32'00000000000000000000000000000000.$proc$/work/src/ibex_alu.v:836$2463'.
Creating decoders for process `$paramod\ibex_alu\RV32B=s32'00000000000000000000000000000000.$proc$/work/src/ibex_alu.v:833$2462'.
Creating decoders for process `$paramod\ibex_alu\RV32B=s32'00000000000000000000000000000000.$proc$/work/src/ibex_alu.v:829$2461'.
Creating decoders for process `$paramod\ibex_alu\RV32B=s32'00000000000000000000000000000000.$proc$/work/src/ibex_alu.v:861$2460'.
     1/1: $1\result_o[31:0]
Creating decoders for process `$paramod\ibex_alu\RV32B=s32'00000000000000000000000000000000.$proc$/work/src/ibex_alu.v:247$2459'.
     1/1: $1\bwlogic_result[31:0]
Creating decoders for process `$paramod\ibex_alu\RV32B=s32'00000000000000000000000000000000.$proc$/work/src/ibex_alu.v:231$2448'.
     1/1: $1\bwlogic_op_b_negate[0:0]
Creating decoders for process `$paramod\ibex_alu\RV32B=s32'00000000000000000000000000000000.$proc$/work/src/ibex_alu.v:200$2442'.
Creating decoders for process `$paramod\ibex_alu\RV32B=s32'00000000000000000000000000000000.$proc$/work/src/ibex_alu.v:180$2440'.
     1/2: $2\shift_left[0:0]
     2/2: $1\shift_left[0:0]
Creating decoders for process `$paramod\ibex_alu\RV32B=s32'00000000000000000000000000000000.$proc$/work/src/ibex_alu.v:171$2434'.
     1/1: $1\shift_amt[4:0]
Creating decoders for process `$paramod\ibex_alu\RV32B=s32'00000000000000000000000000000000.$proc$/work/src/ibex_alu.v:169$2432'.
Creating decoders for process `$paramod\ibex_alu\RV32B=s32'00000000000000000000000000000000.$proc$/work/src/ibex_alu.v:123$2426'.
     1/1: $1\cmp_result[0:0]
Creating decoders for process `$paramod\ibex_alu\RV32B=s32'00000000000000000000000000000000.$proc$/work/src/ibex_alu.v:114$2421'.
     1/1: $1\is_greater_equal[0:0]
Creating decoders for process `$paramod\ibex_alu\RV32B=s32'00000000000000000000000000000000.$proc$/work/src/ibex_alu.v:103$2419'.
     1/1: $1\cmp_signed[0:0]
Creating decoders for process `$paramod\ibex_alu\RV32B=s32'00000000000000000000000000000000.$proc$/work/src/ibex_alu.v:87$2417'.
     1/1: $1\adder_in_b[32:0]
Creating decoders for process `$paramod\ibex_alu\RV32B=s32'00000000000000000000000000000000.$proc$/work/src/ibex_alu.v:74$2415'.
     1/1: $1\adder_in_a[32:0]
Creating decoders for process `$paramod\ibex_alu\RV32B=s32'00000000000000000000000000000000.$proc$/work/src/ibex_alu.v:51$2414'.
     1/1: $1\adder_op_b_negate[0:0]
Creating decoders for process `$paramod$e6b6d8eec746808c1a487eeea1c00388e00f4eee\ibex_decoder.$proc$/work/src/ibex_decoder.v:0$2413'.
Creating decoders for process `$paramod$e6b6d8eec746808c1a487eeea1c00388e00f4eee\ibex_decoder.$proc$/work/src/ibex_decoder.v:186$2411'.
Creating decoders for process `$paramod$e6b6d8eec746808c1a487eeea1c00388e00f4eee\ibex_decoder.$proc$/work/src/ibex_decoder.v:682$2386'.
     1/49: $9\alu_op_a_mux_sel_o[1:0]
     2/49: $9\alu_op_b_mux_sel_o[0:0]
     3/49: $8\alu_op_a_mux_sel_o[1:0]
     4/49: $2\imm_a_mux_sel_o[0:0]
     5/49: $15\alu_operator_o[6:0]
     6/49: $8\imm_b_mux_sel_o[2:0]
     7/49: $8\alu_op_b_mux_sel_o[0:0]
     8/49: $7\alu_op_a_mux_sel_o[1:0]
     9/49: $7\alu_op_b_mux_sel_o[0:0]
    10/49: $6\alu_op_a_mux_sel_o[1:0]
    11/49: $14\alu_operator_o[6:0]
    12/49: $7\imm_b_mux_sel_o[2:0]
    13/49: $13\alu_operator_o[6:0]
    14/49: $3\div_sel_o[0:0]
    15/49: $3\mult_sel_o[0:0]
    16/49: $2\div_sel_o[0:0]
    17/49: $2\mult_sel_o[0:0]
    18/49: $12\alu_operator_o[6:0]
    19/49: $11\alu_operator_o[6:0]
    20/49: $10\alu_operator_o[6:0]
    21/49: $9\alu_operator_o[6:0]
    22/49: $8\alu_operator_o[6:0]
    23/49: $7\alu_operator_o[6:0]
    24/49: $6\alu_op_b_mux_sel_o[0:0]
    25/49: $6\imm_b_mux_sel_o[2:0]
    26/49: $6\alu_operator_o[6:0]
    27/49: $5\imm_b_mux_sel_o[2:0]
    28/49: $5\alu_op_b_mux_sel_o[0:0]
    29/49: $5\alu_op_a_mux_sel_o[1:0]
    30/49: $4\alu_op_b_mux_sel_o[0:0]
    31/49: $4\alu_op_a_mux_sel_o[1:0]
    32/49: $5\alu_operator_o[6:0]
    33/49: $4\imm_b_mux_sel_o[2:0]
    34/49: $4\alu_operator_o[6:0]
    35/49: $3\alu_operator_o[6:0]
    36/49: $3\imm_b_mux_sel_o[2:0]
    37/49: $3\alu_op_b_mux_sel_o[0:0]
    38/49: $3\alu_op_a_mux_sel_o[1:0]
    39/49: $2\alu_operator_o[6:0]
    40/49: $2\imm_b_mux_sel_o[2:0]
    41/49: $2\alu_op_b_mux_sel_o[0:0]
    42/49: $2\alu_op_a_mux_sel_o[1:0]
    43/49: $1\alu_op_b_mux_sel_o[0:0]
    44/49: $1\alu_op_a_mux_sel_o[1:0]
    45/49: $1\alu_operator_o[6:0]
    46/49: $1\imm_b_mux_sel_o[2:0]
    47/49: $1\div_sel_o[0:0]
    48/49: $1\mult_sel_o[0:0]
    49/49: $1\imm_a_mux_sel_o[0:0]
Creating decoders for process `$paramod$e6b6d8eec746808c1a487eeea1c00388e00f4eee\ibex_decoder.$proc$/work/src/ibex_decoder.v:228$2324'.
     1/253: $3\csr_access_o[0:0]
     2/253: $2\branch_in_dec_o[0:0]
     3/253: $8\jump_set_o[0:0]
     4/253: $5\jump_in_dec_o[0:0]
     5/253: $2\data_we_o[0:0]
     6/253: $7\data_req_o[0:0]
     7/253: $11\rf_we[0:0]
     8/253: $39\illegal_insn[0:0]
     9/253: $1\cheriot_operator_o[25:0] [25:23]
    10/253: $11\cheriot_adder_b_sel_o[1:0]
    11/253: $11\cheriot_adder_a_sel_o[2:0]
    12/253: $38\illegal_insn[0:0]
    13/253: $10\rf_we[0:0]
    14/253: $6\rf_ren_a_o[0:0]
    15/253: $11\instr_is_cheriot_o[0:0]
    16/253: $45\cheriot_operator_o[22:22]
    17/253: $1\cheriot_operator_o[25:0] [22]
    18/253: $44\cheriot_operator_o[9:9]
    19/253: $37\illegal_insn[0:0]
    20/253: $10\cheriot_setaddr_sel_o[2:0]
    21/253: $10\cheriot_adder_b_sel_o[1:0]
    22/253: $10\cheriot_adder_a_sel_o[2:0]
    23/253: $42\cheriot_operator_o[6:6]
    24/253: $36\illegal_insn[0:0]
    25/253: $8\cheriot_setbounds_sel_o[2:0]
    26/253: $43\cheriot_operator_o[9:9]
    27/253: $15\cheriot_operator_o[14:0] [9]
    28/253: $15\cheriot_operator_o[14:0] [6]
    29/253: $37\cheriot_operator_o[8:7] [1]
    30/253: $36\cheriot_operator_o[5:1] [3]
    31/253: $36\cheriot_operator_o[5:1] [1]
    32/253: $38\cheriot_operator_o[11:10] [0]
    33/253: $36\cheriot_operator_o[5:1] [2]
    34/253: $7\cheriot_setbounds_sel_o[2:0]
    35/253: $35\illegal_insn[0:0]
    36/253: $9\cheriot_setaddr_sel_o[2:0]
    37/253: $9\cheriot_adder_b_sel_o[1:0]
    38/253: $9\cheriot_adder_a_sel_o[2:0]
    39/253: $41\cheriot_operator_o[25:25]
    40/253: $40\cheriot_operator_o[16:16]
    41/253: $39\cheriot_operator_o[13:13]
    42/253: $36\cheriot_operator_o[5:1] [4]
    43/253: $37\cheriot_operator_o[8:7] [0]
    44/253: $36\cheriot_operator_o[5:1] [0]
    45/253: $8\cheriot_setaddr_sel_o[2:0]
    46/253: $34\cheriot_operator_o[18:18]
    47/253: $34\illegal_insn[0:0]
    48/253: $6\cheriot_setbounds_sel_o[2:0]
    49/253: $8\cheriot_adder_b_sel_o[1:0]
    50/253: $8\cheriot_adder_a_sel_o[2:0]
    51/253: $35\cheriot_operator_o[25:25]
    52/253: $33\cheriot_operator_o[16:16]
    53/253: $32\cheriot_operator_o[13:13]
    54/253: $31\cheriot_operator_o[11:10]
    55/253: $30\cheriot_operator_o[8:7]
    56/253: $29\cheriot_operator_o[5:1]
    57/253: $5\rf_ren_b_o[0:0]
    58/253: $21\cheriot_operator_o[14:10] [3]
    59/253: $21\cheriot_operator_o[14:10] [1:0]
    60/253: $32\illegal_insn[0:0]
    61/253: $4\cheriot_setbounds_sel_o[2:0]
    62/253: $4\cheriot_cap_field_sel_o[2:0]
    63/253: $24\cheriot_operator_o[25:23] [1:0]
    64/253: $21\cheriot_operator_o[14:10] [2]
    65/253: { $5\cheriot_cap_field_sel_o[2:0] $25\cheriot_operator_o[0:0] $33\illegal_insn[0:0] $5\cheriot_setbounds_sel_o[2:0] $28\cheriot_operator_o[24:23] $27\cheriot_operator_o[14:14] $26\cheriot_operator_o[12:12] }
    66/253: $19\cheriot_operator_o[5:0] [0]
    67/253: $7\cheriot_setaddr_sel_o[2:0]
    68/253: $7\cheriot_adder_b_sel_o[1:0]
    69/253: $7\cheriot_adder_a_sel_o[2:0]
    70/253: $24\cheriot_operator_o[25:23] [2]
    71/253: $23\cheriot_operator_o[18:18]
    72/253: $22\cheriot_operator_o[16:16]
    73/253: $21\cheriot_operator_o[14:10] [4]
    74/253: $20\cheriot_operator_o[8:7]
    75/253: $19\cheriot_operator_o[5:0] [5:1]
    76/253: $4\rf_ren_b_o[0:0]
    77/253: $31\illegal_insn[0:0]
    78/253: $3\cheriot_setbounds_sel_o[2:0]
    79/253: $6\cheriot_setaddr_sel_o[2:0]
    80/253: $6\cheriot_adder_b_sel_o[1:0]
    81/253: $6\cheriot_adder_a_sel_o[2:0]
    82/253: $3\cheriot_cap_field_sel_o[2:0]
    83/253: $18\cheriot_operator_o[25:23]
    84/253: $17\cheriot_operator_o[18:18]
    85/253: $16\cheriot_operator_o[16:16]
    86/253: $15\cheriot_operator_o[14:0] [8:7]
    87/253: $15\cheriot_operator_o[14:0] [5:0]
    88/253: $38\cheriot_operator_o[11:10] [1]
    89/253: $3\rf_ren_b_o[0:0]
    90/253: $15\cheriot_operator_o[14:0] [14:10]
    91/253: $30\illegal_insn[0:0]
    92/253: $2\cheriot_setbounds_sel_o[2:0]
    93/253: $5\cheriot_setaddr_sel_o[2:0]
    94/253: $5\cheriot_adder_b_sel_o[1:0]
    95/253: $5\cheriot_adder_a_sel_o[2:0]
    96/253: $2\cheriot_cap_field_sel_o[2:0]
    97/253: $14\cheriot_operator_o[25:23]
    98/253: $13\cheriot_operator_o[18:18]
    99/253: $12\cheriot_operator_o[16:16]
   100/253: $11\cheriot_operator_o[14:0]
   101/253: $2\rf_ren_b_o[0:0]
   102/253: $9\rf_we[0:0]
   103/253: $5\rf_ren_a_o[0:0]
   104/253: $10\instr_is_cheriot_o[0:0]
   105/253: $1\cheriot_operator_o[25:0] [20]
   106/253: $1\cheriot_operator_o[25:0] [21]
   107/253: $3\csr_illegal[0:0]
   108/253: $4\rf_ren_a_o[0:0]
   109/253: $29\illegal_insn[0:0]
   110/253: $3\ecall_insn_o[0:0]
   111/253: $28\illegal_insn[0:0]
   112/253: $3\wfi_insn_o[0:0]
   113/253: $3\dret_insn_o[0:0]
   114/253: $3\mret_insn_o[0:0]
   115/253: $3\ebrk_insn_o[0:0]
   116/253: $27\illegal_insn[0:0]
   117/253: $2\wfi_insn_o[0:0]
   118/253: $2\ecall_insn_o[0:0]
   119/253: $2\dret_insn_o[0:0]
   120/253: $2\mret_insn_o[0:0]
   121/253: $2\ebrk_insn_o[0:0]
   122/253: $8\rf_we[0:0]
   123/253: $2\csr_illegal[0:0]
   124/253: $2\csr_cheriot_always_ok_o[0:0]
   125/253: $2\rf_wdata_sel_o[0:0]
   126/253: $3\rf_ren_a_o[0:0]
   127/253: $2\csr_access_o[0:0]
   128/253: $2\csr_op[1:0]
   129/253: $1\cheriot_operator_o[25:0] [19]
   130/253: $7\jump_set_o[0:0]
   131/253: $7\rf_we[0:0]
   132/253: $26\illegal_insn[0:0]
   133/253: $4\jump_in_dec_o[0:0]
   134/253: $6\jump_set_o[0:0]
   135/253: $2\icache_inval_o[0:0]
   136/253: $1\cheriot_operator_o[25:0] [18]
   137/253: $3\multdiv_signed_mode_o[1:0]
   138/253: $3\multdiv_operator_o[1:0]
   139/253: $24\illegal_insn[0:0]
   140/253: $2\multdiv_signed_mode_o[1:0]
   141/253: $2\multdiv_operator_o[1:0]
   142/253: $1\cheriot_operator_o[25:0] [17]
   143/253: $22\illegal_insn[0:0]
   144/253: $21\illegal_insn[0:0]
   145/253: $20\illegal_insn[0:0]
   146/253: $19\illegal_insn[0:0]
   147/253: $18\illegal_insn[0:0]
   148/253: $17\illegal_insn[0:0]
   149/253: $16\illegal_insn[0:0]
   150/253: $15\illegal_insn[0:0]
   151/253: $14\illegal_insn[0:0]
   152/253: $1\cheriot_operator_o[25:0] [15]
   153/253: $4\cheriot_adder_b_sel_o[1:0]
   154/253: $4\cheriot_adder_a_sel_o[2:0]
   155/253: $6\rf_we[0:0]
   156/253: $13\illegal_insn[0:0]
   157/253: $9\instr_is_cheriot_o[0:0]
   158/253: $10\cheriot_operator_o[21:21]
   159/253: $1\cheriot_operator_o[25:0] [16]
   160/253: $11\cheriot_setaddr_sel_o[2:0]
   161/253: $6\data_req_o[0:0]
   162/253: $6\cheriot_data_req_o[0:0]
   163/253: $8\instr_is_cheriot_o[0:0]
   164/253: $9\cheriot_operator_o[15:15]
   165/253: $11\illegal_insn[0:0]
   166/253: $3\data_type_o[1:0]
   167/253: $10\illegal_insn[0:0]
   168/253: $7\instr_is_cheriot_o[0:0]
   169/253: $5\cheriot_data_req_o[0:0]
   170/253: $8\cheriot_operator_o[15:15]
   171/253: $5\data_req_o[0:0]
   172/253: $3\csr_op[1:0]
   173/253: $1\cheriot_operator_o[25:0] [14:0]
   174/253: $12\illegal_insn[0:0]
   175/253: $9\illegal_insn[0:0]
   176/253: $4\data_req_o[0:0]
   177/253: $4\cheriot_data_req_o[0:0]
   178/253: $6\instr_is_cheriot_o[0:0]
   179/253: $7\cheriot_operator_o[17:17]
   180/253: $8\illegal_insn[0:0]
   181/253: $5\instr_is_cheriot_o[0:0]
   182/253: $3\cheriot_data_req_o[0:0]
   183/253: $6\cheriot_operator_o[17:17]
   184/253: $3\data_req_o[0:0]
   185/253: $7\illegal_insn[0:0]
   186/253: $4\instr_is_cheriot_o[0:0]
   187/253: $2\cheriot_data_req_o[0:0]
   188/253: $5\cheriot_operator_o[17:17]
   189/253: $2\data_req_o[0:0]
   190/253: $9\cheriot_setbounds_sel_o[2:0]
   191/253: $4\cheriot_setaddr_sel_o[2:0]
   192/253: $2\data_type_o[1:0]
   193/253: $3\icache_inval_o[0:0]
   194/253: $5\jump_set_o[0:0]
   195/253: $5\rf_we[0:0]
   196/253: $4\illegal_insn[0:0]
   197/253: $4\cheriot_operator_o[19:19]
   198/253: $3\illegal_insn[0:0]
   199/253: $3\cheriot_setaddr_sel_o[2:0]
   200/253: $3\cheriot_adder_b_sel_o[1:0]
   201/253: $3\cheriot_adder_a_sel_o[2:0]
   202/253: $4\rf_we[0:0]
   203/253: $2\rf_ren_a_o[0:0]
   204/253: $3\instr_is_cheriot_o[0:0]
   205/253: $3\cheriot_operator_o[19:19]
   206/253: $3\jump_in_dec_o[0:0]
   207/253: $4\jump_set_o[0:0]
   208/253: $25\illegal_insn[0:0]
   209/253: $6\illegal_insn[0:0]
   210/253: $5\illegal_insn[0:0]
   211/253: $3\rf_we[0:0]
   212/253: $2\cheriot_setaddr_sel_o[2:0]
   213/253: $2\cheriot_adder_b_sel_o[1:0]
   214/253: $2\cheriot_adder_a_sel_o[2:0]
   215/253: $2\rf_we[0:0]
   216/253: $2\illegal_insn[0:0]
   217/253: $2\instr_is_cheriot_o[0:0]
   218/253: $2\cheriot_operator_o[20:20]
   219/253: $2\jump_in_dec_o[0:0]
   220/253: $2\jump_set_o[0:0]
   221/253: $1\rf_we[0:0]
   222/253: $1\illegal_insn[0:0]
   223/253: $1\instr_is_cheriot_o[0:0]
   224/253: $1\jump_in_dec_o[0:0]
   225/253: $1\jump_set_o[0:0]
   226/253: $1\cheriot_setaddr_sel_o[2:0]
   227/253: $1\cheriot_adder_b_sel_o[1:0]
   228/253: $1\cheriot_adder_a_sel_o[2:0]
   229/253: $23\illegal_insn[0:0]
   230/253: $1\csr_illegal[0:0]
   231/253: $1\branch_in_dec_o[0:0]
   232/253: $1\data_sign_extension_o[0:0]
   233/253: $1\data_type_o[1:0]
   234/253: $1\cheriot_data_req_o[0:0]
   235/253: $1\csr_cheriot_always_ok_o[0:0]
   236/253: $1\multdiv_signed_mode_o[1:0]
   237/253: $1\multdiv_operator_o[1:0]
   238/253: $1\rf_wdata_sel_o[0:0]
   239/253: $1\wfi_insn_o[0:0]
   240/253: $1\ecall_insn_o[0:0]
   241/253: $1\dret_insn_o[0:0]
   242/253: $1\mret_insn_o[0:0]
   243/253: $1\ebrk_insn_o[0:0]
   244/253: $1\cheriot_setbounds_sel_o[2:0]
   245/253: $1\cheriot_cap_field_sel_o[2:0]
   246/253: $3\jump_set_o[0:0]
   247/253: $1\rf_ren_b_o[0:0]
   248/253: $1\rf_ren_a_o[0:0]
   249/253: $1\csr_access_o[0:0]
   250/253: $1\icache_inval_o[0:0]
   251/253: $1\csr_op[1:0]
   252/253: $1\data_we_o[0:0]
   253/253: $1\data_req_o[0:0]
Creating decoders for process `$paramod$e6b6d8eec746808c1a487eeea1c00388e00f4eee\ibex_decoder.$proc$/work/src/ibex_decoder.v:221$2318'.
     1/1: $1\csr_op_o[1:0]
Creating decoders for process `$paramod$ad32fe27c0dd24fa98ff040673e62dee8d3b63ce\ibex_controller.$proc$/work/src/ibex_controller.v:0$2311'.
Creating decoders for process `$paramod$ad32fe27c0dd24fa98ff040673e62dee8d3b63ce\ibex_controller.$proc$/work/src/ibex_controller.v:779$2310'.
Creating decoders for process `$paramod$ad32fe27c0dd24fa98ff040673e62dee8d3b63ce\ibex_controller.$proc$/work/src/ibex_controller.v:776$2309'.
Creating decoders for process `$paramod$ad32fe27c0dd24fa98ff040673e62dee8d3b63ce\ibex_controller.$proc$/work/src/ibex_controller.v:773$2308'.
Creating decoders for process `$paramod$ad32fe27c0dd24fa98ff040673e62dee8d3b63ce\ibex_controller.$proc$/work/src/ibex_controller.v:770$2307'.
Creating decoders for process `$paramod$ad32fe27c0dd24fa98ff040673e62dee8d3b63ce\ibex_controller.$proc$/work/src/ibex_controller.v:279$2295'.
     1/45: $9\cheriot_asr_err_prio[0:0]
     2/45: $8\cheriot_ex_err_prio[0:0]
     3/45: $8\cheriot_asr_err_prio[0:0]
     4/45: $7\ebrk_insn_prio[0:0]
     5/45: $7\cheriot_asr_err_prio[0:0]
     6/45: $7\cheriot_ex_err_prio[0:0]
     7/45: $6\ecall_insn_prio[0:0]
     8/45: $6\cheriot_asr_err_prio[0:0]
     9/45: $6\cheriot_ex_err_prio[0:0]
    10/45: $6\ebrk_insn_prio[0:0]
    11/45: $5\illegal_insn_prio[0:0]
    12/45: $5\cheriot_asr_err_prio[0:0]
    13/45: $5\cheriot_ex_err_prio[0:0]
    14/45: $5\ebrk_insn_prio[0:0]
    15/45: $5\ecall_insn_prio[0:0]
    16/45: $4\instr_fetch_err_prio[0:0]
    17/45: $4\cheriot_asr_err_prio[0:0]
    18/45: $4\cheriot_ex_err_prio[0:0]
    19/45: $4\ebrk_insn_prio[0:0]
    20/45: $4\ecall_insn_prio[0:0]
    21/45: $4\illegal_insn_prio[0:0]
    22/45: $3\cheriot_wb_err_prio[0:0]
    23/45: $3\cheriot_asr_err_prio[0:0]
    24/45: $3\cheriot_ex_err_prio[0:0]
    25/45: $3\ebrk_insn_prio[0:0]
    26/45: $3\ecall_insn_prio[0:0]
    27/45: $3\illegal_insn_prio[0:0]
    28/45: $3\instr_fetch_err_prio[0:0]
    29/45: $2\load_err_prio[0:0]
    30/45: $2\cheriot_asr_err_prio[0:0]
    31/45: $2\cheriot_wb_err_prio[0:0]
    32/45: $2\cheriot_ex_err_prio[0:0]
    33/45: $2\ebrk_insn_prio[0:0]
    34/45: $2\ecall_insn_prio[0:0]
    35/45: $2\illegal_insn_prio[0:0]
    36/45: $2\instr_fetch_err_prio[0:0]
    37/45: $1\store_err_prio[0:0]
    38/45: $1\cheriot_asr_err_prio[0:0]
    39/45: $1\cheriot_wb_err_prio[0:0]
    40/45: $1\cheriot_ex_err_prio[0:0]
    41/45: $1\load_err_prio[0:0]
    42/45: $1\ebrk_insn_prio[0:0]
    43/45: $1\ecall_insn_prio[0:0]
    44/45: $1\illegal_insn_prio[0:0]
    45/45: $1\instr_fetch_err_prio[0:0]
Creating decoders for process `$paramod$ad32fe27c0dd24fa98ff040673e62dee8d3b63ce\ibex_controller.$proc$/work/src/ibex_controller.v:724$2291'.
     1/9: $0\illegal_insn_q[0:0]
     2/9: $0\exc_req_q[0:0]
     3/9: $0\store_err_q[0:0]
     4/9: $0\load_err_q[0:0]
     5/9: $0\enter_debug_mode_prio_q[0:0]
     6/9: $0\debug_mode_q[0:0]
     7/9: $0\do_single_step_q[0:0]
     8/9: $0\nmi_mode_q[0:0]
     9/9: $0\ctrl_fsm_cs[3:0]
Creating decoders for process `$paramod$ad32fe27c0dd24fa98ff040673e62dee8d3b63ce\ibex_controller.$proc$/work/src/ibex_controller.v:437$2204'.
     1/138: $8\halt_if[0:0]
     2/138: $17\ctrl_fsm_ns[3:0]
     3/138: $16\ctrl_fsm_ns[3:0]
     4/138: $4\csr_restore_dret_id_o[0:0]
     5/138: $4\debug_mode_d[0:0]
     6/138: $8\pc_set_o[0:0]
     7/138: $4\pc_mux_o[2:0]
     8/138: $15\ctrl_fsm_ns[3:0]
     9/138: $6\nmi_mode_d[0:0]
    10/138: $5\nmi_mode_d[0:0]
    11/138: $3\csr_restore_mret_id_o[0:0]
    12/138: $7\pc_set_o[0:0]
    13/138: $3\pc_mux_o[2:0]
    14/138: $3\debug_mode_d[0:0]
    15/138: $14\ctrl_fsm_ns[3:0]
    16/138: $3\csr_restore_dret_id_o[0:0]
    17/138: $17\csr_mtval_o[31:0]
    18/138: $18\exc_cause_o[6:0]
    19/138: $16\csr_mtval_o[31:0]
    20/138: $17\exc_cause_o[6:0]
    21/138: $15\csr_mtval_o[31:0]
    22/138: $16\exc_cause_o[6:0]
    23/138: $14\csr_mtval_o[31:0]
    24/138: $15\exc_cause_o[6:0]
    25/138: $13\csr_mtval_o[31:0]
    26/138: $14\exc_cause_o[6:0]
    27/138: $12\csr_mtval_o[31:0]
    28/138: $13\exc_cause_o[6:0]
    29/138: $11\csr_mtval_o[31:0]
    30/138: $12\exc_cause_o[6:0]
    31/138: $10\csr_mtval_o[31:0]
    32/138: $4\flush_id[0:0]
    33/138: $13\ctrl_fsm_ns[3:0]
    34/138: $6\csr_save_cause_o[0:0]
    35/138: $6\csr_save_id_o[0:0]
    36/138: $6\pc_set_o[0:0]
    37/138: $9\csr_mtval_o[31:0]
    38/138: $11\exc_cause_o[6:0]
    39/138: $5\csr_mepcc_clrtag_o[0:0]
    40/138: $8\csr_mtval_o[31:0]
    41/138: $10\exc_cause_o[6:0]
    42/138: $7\csr_mtval_o[31:0]
    43/138: $9\exc_cause_o[6:0]
    44/138: $4\csr_mepcc_clrtag_o[0:0]
    45/138: $6\csr_mtval_o[31:0]
    46/138: $3\csr_mepcc_clrtag_o[0:0]
    47/138: $8\exc_cause_o[6:0]
    48/138: $12\ctrl_fsm_ns[3:0]
    49/138: $3\flush_id[0:0]
    50/138: $5\csr_save_cause_o[0:0]
    51/138: $5\csr_save_id_o[0:0]
    52/138: $5\pc_set_o[0:0]
    53/138: $3\csr_save_wb_o[0:0]
    54/138: $4\csr_save_id_o[0:0]
    55/138: $11\ctrl_fsm_ns[3:0]
    56/138: $2\flush_id[0:0]
    57/138: $5\csr_mtval_o[31:0]
    58/138: $2\csr_mepcc_clrtag_o[0:0]
    59/138: $4\csr_save_cause_o[0:0]
    60/138: $3\csr_save_id_o[0:0]
    61/138: $7\exc_cause_o[6:0]
    62/138: $4\pc_set_o[0:0]
    63/138: $2\csr_save_wb_o[0:0]
    64/138: $2\exc_pc_mux_o[1:0]
    65/138: $2\pc_mux_o[2:0]
    66/138: $2\debug_mode_d[0:0]
    67/138: $4\nmi_mode_d[0:0]
    68/138: $2\csr_restore_dret_id_o[0:0]
    69/138: $2\csr_restore_mret_id_o[0:0]
    70/138: $2\debug_csr_save_o[0:0]
    71/138: $2\csr_save_id_o[0:0]
    72/138: $3\csr_save_cause_o[0:0]
    73/138: $6\exc_cause_o[6:0]
    74/138: $5\exc_cause_o[6:0]
    75/138: $4\exc_cause_o[6:0]
    76/138: $4\sv2v_cast_5$func$/work/src/ibex_controller.v:552$2115.$result[4:0]$2236
    77/138: $4\sv2v_cast_5$func$/work/src/ibex_controller.v:552$2115.inp[4:0]$2237
    78/138: $4\csr_mtval_o[31:0]
    79/138: $3\nmi_mode_d[0:0]
    80/138: $3\csr_mtval_o[31:0]
    81/138: $3\exc_cause_o[6:0]
    82/138: $3\sv2v_cast_5$func$/work/src/ibex_controller.v:552$2115.inp[4:0]$2231
    83/138: $3\sv2v_cast_5$func$/work/src/ibex_controller.v:552$2115.$result[4:0]$2230
    84/138: $2\sv2v_cast_5$func$/work/src/ibex_controller.v:552$2115.inp[4:0]$2227
    85/138: $2\sv2v_cast_5$func$/work/src/ibex_controller.v:552$2115.$result[4:0]$2226
    86/138: $2\nmi_mode_d[0:0]
    87/138: $2\csr_mtval_o[31:0]
    88/138: $2\exc_cause_o[6:0]
    89/138: $2\csr_save_cause_o[0:0]
    90/138: $2\csr_save_if_o[0:0]
    91/138: $3\pc_set_o[0:0]
    92/138: $7\halt_if[0:0]
    93/138: $10\ctrl_fsm_ns[3:0]
    94/138: $6\halt_if[0:0]
    95/138: $9\ctrl_fsm_ns[3:0]
    96/138: $5\halt_if[0:0]
    97/138: $8\ctrl_fsm_ns[3:0]
    98/138: $4\halt_if[0:0]
    99/138: $2\perf_jump_o[0:0]
   100/138: $2\perf_tbranch_o[0:0]
   101/138: $2\pc_set_o[0:0]
   102/138: $7\ctrl_fsm_ns[3:0]
   103/138: $6\ctrl_fsm_ns[3:0]
   104/138: $2\retain_id[0:0]
   105/138: $3\halt_if[0:0]
   106/138: $5\ctrl_fsm_ns[3:0]
   107/138: $2\halt_if[0:0]
   108/138: $4\ctrl_fsm_ns[3:0]
   109/138: $3\ctrl_fsm_ns[3:0]
   110/138: $2\ctrl_fsm_ns[3:0]
   111/138: $2\ctrl_busy_o[0:0]
   112/138: $1\ctrl_fsm_ns[3:0]
   113/138: $1\pc_set_o[0:0]
   114/138: $1\pc_mux_o[2:0]
   115/138: $1\instr_req_o[0:0]
   116/138: $1\sv2v_cast_5$func$/work/src/ibex_controller.v:552$2115.inp[4:0]$2208
   117/138: $1\sv2v_cast_5$func$/work/src/ibex_controller.v:552$2115.$result[4:0]$2207
   118/138: $1\retain_id[0:0]
   119/138: $1\halt_if[0:0]
   120/138: $1\debug_mode_d[0:0]
   121/138: $1\nmi_mode_d[0:0]
   122/138: $1\controller_run_o[0:0]
   123/138: $1\flush_id[0:0]
   124/138: $1\perf_tbranch_o[0:0]
   125/138: $1\perf_jump_o[0:0]
   126/138: $1\debug_csr_save_o[0:0]
   127/138: $1\debug_mode_entering_o[0:0]
   128/138: $1\csr_mtval_o[31:0]
   129/138: $1\csr_mepcc_clrtag_o[0:0]
   130/138: $1\csr_save_cause_o[0:0]
   131/138: $1\csr_restore_dret_id_o[0:0]
   132/138: $1\csr_restore_mret_id_o[0:0]
   133/138: $1\csr_save_wb_o[0:0]
   134/138: $1\csr_save_id_o[0:0]
   135/138: $1\csr_save_if_o[0:0]
   136/138: $1\exc_cause_o[6:0]
   137/138: $1\exc_pc_mux_o[1:0]
   138/138: $1\ctrl_busy_o[0:0]
Creating decoders for process `$paramod$ad32fe27c0dd24fa98ff040673e62dee8d3b63ce\ibex_controller.$proc$/work/src/ibex_controller.v:412$2202'.
     1/1: $0\debug_cause_q[2:0]
Creating decoders for process `$paramod$ad32fe27c0dd24fa98ff040673e62dee8d3b63ce\ibex_controller.$proc$/work/src/ibex_controller.v:399$2196'.
     1/15: $15\mfip_id[3:0]
     2/15: $14\mfip_id[3:0]
     3/15: $13\mfip_id[3:0]
     4/15: $12\mfip_id[3:0]
     5/15: $11\mfip_id[3:0]
     6/15: $10\mfip_id[3:0]
     7/15: $9\mfip_id[3:0]
     8/15: $8\mfip_id[3:0]
     9/15: $7\mfip_id[3:0]
    10/15: $6\mfip_id[3:0]
    11/15: $5\mfip_id[3:0]
    12/15: $4\mfip_id[3:0]
    13/15: $3\mfip_id[3:0]
    14/15: $2\mfip_id[3:0]
    15/15: $1\mfip_id[3:0]
Creating decoders for process `$paramod$7cc7cec1e088fedd9ad9b2063ed6f6f72cf9bb0e\ibex_compressed_decoder.$proc$/work/src/ibex_compressed_decoder.v:0$2114'.
Creating decoders for process `$paramod$7cc7cec1e088fedd9ad9b2063ed6f6f72cf9bb0e\ibex_compressed_decoder.$proc$/work/src/ibex_compressed_decoder.v:553$2111'.
     1/2: $0\cm_sp_offset_q[4:0]
     2/2: $0\cm_rlist_q[4:0]
Creating decoders for process `$paramod$7cc7cec1e088fedd9ad9b2063ed6f6f72cf9bb0e\ibex_compressed_decoder.$proc$/work/src/ibex_compressed_decoder.v:546$2108'.
     1/1: $0\cm_state_q[2:0]
Creating decoders for process `$paramod$7cc7cec1e088fedd9ad9b2063ed6f6f72cf9bb0e\ibex_compressed_decoder.$proc$/work/src/ibex_compressed_decoder.v:203$2065'.
     1/44: $20\instr_o[31:0]
     2/44: $24\illegal_instr_o[0:0]
     3/44: $23\illegal_instr_o[0:0]
     4/44: $22\illegal_instr_o[0:0]
     5/44: $19\instr_o[31:0]
     6/44: $18\instr_o[31:0]
     7/44: $21\illegal_instr_o[0:0]
     8/44: $17\instr_o[31:0]
     9/44: $20\illegal_instr_o[0:0]
    10/44: $19\illegal_instr_o[0:0]
    11/44: $16\instr_o[31:0]
    12/44: $18\illegal_instr_o[0:0]
    13/44: $17\illegal_instr_o[0:0]
    14/44: $15\instr_o[31:0]
    15/44: $16\illegal_instr_o[0:0]
    16/44: $15\illegal_instr_o[0:0]
    17/44: $14\instr_o[31:0]
    18/44: $14\illegal_instr_o[0:0]
    19/44: $13\instr_o[31:0]
    20/44: $13\illegal_instr_o[0:0]
    21/44: $12\illegal_instr_o[0:0]
    22/44: $12\instr_o[31:0]
    23/44: $11\illegal_instr_o[0:0]
    24/44: $10\illegal_instr_o[0:0]
    25/44: $11\instr_o[31:0]
    26/44: $9\illegal_instr_o[0:0]
    27/44: $10\instr_o[31:0]
    28/44: $8\illegal_instr_o[0:0]
    29/44: $9\instr_o[31:0]
    30/44: $8\instr_o[31:0]
    31/44: $7\instr_o[31:0]
    32/44: $6\instr_o[31:0]
    33/44: $7\illegal_instr_o[0:0]
    34/44: $5\instr_o[31:0]
    35/44: $6\illegal_instr_o[0:0]
    36/44: $5\illegal_instr_o[0:0]
    37/44: $4\instr_o[31:0]
    38/44: $4\illegal_instr_o[0:0]
    39/44: $3\illegal_instr_o[0:0]
    40/44: $3\instr_o[31:0]
    41/44: $2\illegal_instr_o[0:0]
    42/44: $2\instr_o[31:0]
    43/44: $1\illegal_instr_o[0:0]
    44/44: $1\instr_o[31:0]
Creating decoders for process `$paramod\ibex_prefetch_buffer\ResetAll=1'1.$proc$/work/src/ibex_prefetch_buffer.v:123$2047'.
     1/1: $0\fetch_addr_q[31:0]
Creating decoders for process `$paramod\ibex_prefetch_buffer\ResetAll=1'1.$proc$/work/src/ibex_prefetch_buffer.v:107$2045'.
     1/1: $0\stored_addr_q[31:0]
Creating decoders for process `$paramod\ibex_prefetch_buffer\ResetAll=1'1.$proc$/work/src/ibex_prefetch_buffer.v:155$2043'.
     1/4: $0\branch_discard_q[1:0]
     2/4: $0\rdata_outstanding_q[1:0]
     3/4: $0\discard_req_q[0:0]
     4/4: $0\valid_req_q[0:0]
Creating decoders for process `$paramod$02c313747c8f25d335ac7182387c56521505fa11\ibex_core.$proc$/work/src/ibex_core.v:0$2011'.
Creating decoders for process `$paramod$02c313747c8f25d335ac7182387c56521505fa11\ibex_core.$proc$/work/src/ibex_core.v:0$2005'.
Creating decoders for process `$paramod$02c313747c8f25d335ac7182387c56521505fa11\ibex_core.$proc$/work/src/ibex_core.v:0$1954'.
Creating decoders for process `$paramod$02c313747c8f25d335ac7182387c56521505fa11\ibex_core.$proc$/work/src/ibex_core.v:0$1948'.
Creating decoders for process `$paramod$b9b2e5d491bd09fc2169df619ac80edcbdafa2a9\ibex_id_stage.$proc$/work/src/ibex_id_stage.v:0$1810'.
Creating decoders for process `$paramod$b9b2e5d491bd09fc2169df619ac80edcbdafa2a9\ibex_id_stage.$proc$/work/src/ibex_id_stage.v:710$1737'.
     1/1: $0\g_branch_set_flop.branch_set_raw_q[0:0]
Creating decoders for process `$paramod$b9b2e5d491bd09fc2169df619ac80edcbdafa2a9\ibex_id_stage.$proc$/work/src/ibex_id_stage.v:489$1735'.
     1/1: $0\imd_val_q[33:0]
Creating decoders for process `$paramod$b9b2e5d491bd09fc2169df619ac80edcbdafa2a9\ibex_id_stage.$proc$/work/src/ibex_id_stage.v:489$1733'.
     1/1: $0\imd_val_q[67:34]
Creating decoders for process `$paramod$b9b2e5d491bd09fc2169df619ac80edcbdafa2a9\ibex_id_stage.$proc$/work/src/ibex_id_stage.v:467$1731'.
     1/1: $1\imm_b[31:0]
Creating decoders for process `$paramod$b9b2e5d491bd09fc2169df619ac80edcbdafa2a9\ibex_id_stage.$proc$/work/src/ibex_id_stage.v:466$1730'.
Creating decoders for process `$paramod$b9b2e5d491bd09fc2169df619ac80edcbdafa2a9\ibex_id_stage.$proc$/work/src/ibex_id_stage.v:463$1729'.
Creating decoders for process `$paramod$b9b2e5d491bd09fc2169df619ac80edcbdafa2a9\ibex_id_stage.$proc$/work/src/ibex_id_stage.v:754$1678'.
     1/40: $10\id_fsm_d[0:0]
     2/40: $4\stall_jump[0:0]
     3/40: $4\stall_branch[0:0]
     4/40: $5\stall_multdiv[0:0]
     5/40: $5\rf_we_raw[0:0]
     6/40: $4\stall_multdiv[0:0]
     7/40: $4\rf_we_raw[0:0]
     8/40: $9\id_fsm_d[0:0]
     9/40: $8\id_fsm_d[0:0]
    10/40: $7\id_fsm_d[0:0]
    11/40: $6\id_fsm_d[0:0]
    12/40: $5\id_fsm_d[0:0]
    13/40: $4\id_fsm_d[0:0]
    14/40: $3\id_fsm_d[0:0]
    15/40: $3\stall_alu[0:0]
    16/40: $3\rf_we_raw[0:0]
    17/40: $3\stall_jump[0:0]
    18/40: $3\stall_branch[0:0]
    19/40: $3\stall_multdiv[0:0]
    20/40: $3\jump_set_raw[0:0]
    21/40: $3\branch_set_raw_d[0:0]
    22/40: $3\perf_branch_o[0:0]
    23/40: $2\id_fsm_d[0:0]
    24/40: $2\stall_alu[0:0]
    25/40: $2\rf_we_raw[0:0]
    26/40: $2\stall_jump[0:0]
    27/40: $2\stall_branch[0:0]
    28/40: $2\stall_multdiv[0:0]
    29/40: $2\jump_set_raw[0:0]
    30/40: $2\branch_set_raw_d[0:0]
    31/40: $2\perf_branch_o[0:0]
    32/40: $1\id_fsm_d[0:0]
    33/40: $1\stall_alu[0:0]
    34/40: $1\rf_we_raw[0:0]
    35/40: $1\stall_jump[0:0]
    36/40: $1\stall_branch[0:0]
    37/40: $1\stall_multdiv[0:0]
    38/40: $1\jump_set_raw[0:0]
    39/40: $1\branch_set_raw_d[0:0]
    40/40: $1\perf_branch_o[0:0]
Creating decoders for process `$paramod$b9b2e5d491bd09fc2169df619ac80edcbdafa2a9\ibex_id_stage.$proc$/work/src/ibex_id_stage.v:748$1676'.
     1/1: $0\id_fsm_q[0:0]
Creating decoders for process `$paramod$b9b2e5d491bd09fc2169df619ac80edcbdafa2a9\ibex_id_stage.$proc$/work/src/ibex_id_stage.v:719$1670'.
     1/1: $0\branch_jump_set_done_q[0:0]
Creating decoders for process `$paramod$b9b2e5d491bd09fc2169df619ac80edcbdafa2a9\ibex_id_stage.$proc$/work/src/ibex_id_stage.v:499$1632'.
     1/1: $1\rf_wdata_id_o[31:0]
Creating decoders for process `$paramod$b9b2e5d491bd09fc2169df619ac80edcbdafa2a9\ibex_id_stage.$proc$/work/src/ibex_id_stage.v:406$1626'.
     1/1: $1\alu_operand_a[31:0]
Creating decoders for process `$paramod$a1f82ff8dd7f02ea405ce72f1e83a511ee16121c\ibex_load_store_unit.$proc$/work/src/ibex_load_store_unit.v:0$1603'.
Creating decoders for process `$paramod$a1f82ff8dd7f02ea405ce72f1e83a511ee16121c\ibex_load_store_unit.$proc$/work/src/ibex_load_store_unit.v:527$1554'.
     1/11: $0\cap_rx_fsm_q[2:0]
     2/11: $0\cheriot_err_q[0:0]
     3/11: $0\lsu_err_q[0:0]
     4/11: $0\pmp_err_q[0:0]
     5/11: $0\handle_misaligned_q[0:0]
     6/11: $0\ls_fsm_cs[3:0]
     7/11: $0\cap_lsw_tag_q[0:0]
     8/11: $0\cap_lsw_data_q[31:0]
     9/11: $0\cap_lsw_err_q[0:0]
    10/11: $0\resp_lc_clrperm_q[2:0]
    11/11: $0\resp_is_cap_q[0:0]
Creating decoders for process `$paramod$a1f82ff8dd7f02ea405ce72f1e83a511ee16121c\ibex_load_store_unit.$proc$/work/src/ibex_load_store_unit.v:504$1545'.
     1/5: $5\cap_rx_fsm_d[2:0]
     2/5: $4\cap_rx_fsm_d[2:0]
     3/5: $3\cap_rx_fsm_d[2:0]
     4/5: $2\cap_rx_fsm_d[2:0]
     5/5: $1\cap_rx_fsm_d[2:0]
Creating decoders for process `$paramod$a1f82ff8dd7f02ea405ce72f1e83a511ee16121c\ibex_load_store_unit.$proc$/work/src/ibex_load_store_unit.v:356$1512'.
     1/94: $18\ls_fsm_ns[3:0]
     2/94: $17\ls_fsm_ns[3:0]
     3/94: $7\data_req_o[0:0]
     4/94: $4\addr_incr_req_o[0:0]
     5/94: $16\ls_fsm_ns[3:0]
     6/94: $15\ls_fsm_ns[3:0]
     7/94: $14\ls_fsm_ns[3:0]
     8/94: $6\data_req_o[0:0]
     9/94: $3\addr_incr_req_o[0:0]
    10/94: $12\addr_update[0:0]
    11/94: $10\ctrl_update[0:0]
    12/94: $13\ls_fsm_ns[3:0]
    13/94: $12\ls_fsm_ns[3:0]
    14/94: $9\ctrl_update[0:0]
    15/94: $11\addr_update[0:0]
    16/94: $5\data_req_o[0:0]
    17/94: $2\addr_incr_req_o[0:0]
    18/94: $11\ls_fsm_ns[3:0]
    19/94: $3\rdata_update[0:0]
    20/94: $10\addr_update[0:0]
    21/94: $6\lsu_err_d[0:0]
    22/94: $6\pmp_err_d[0:0]
    23/94: $9\handle_misaligned_d[0:0]
    24/94: $10\ls_fsm_ns[3:0]
    25/94: $9\addr_update[0:0]
    26/94: $8\ctrl_update[0:0]
    27/94: $8\handle_misaligned_d[0:0]
    28/94: $9\ls_fsm_ns[3:0]
    29/94: $7\handle_misaligned_d[0:0]
    30/94: $8\addr_update[0:0]
    31/94: $8\ls_fsm_ns[3:0]
    32/94: $2\rdata_update[0:0]
    33/94: $5\lsu_err_d[0:0]
    34/94: $5\pmp_err_d[0:0]
    35/94: $7\ls_fsm_ns[3:0]
    36/94: $6\handle_misaligned_d[0:0]
    37/94: $7\ctrl_update[0:0]
    38/94: $7\addr_update[0:0]
    39/94: $6\ls_fsm_ns[3:0]
    40/94: $5\handle_misaligned_d[0:0]
    41/94: $6\addr_update[0:0]
    42/94: $6\ctrl_update[0:0]
    43/94: $5\ls_fsm_ns[3:0]
    44/94: $4\handle_misaligned_d[0:0]
    45/94: $5\ctrl_update[0:0]
    46/94: $5\addr_update[0:0]
    47/94: $4\lsu_go[0:0]
    48/94: $4\perf_store_o[0:0]
    49/94: $4\perf_load_o[0:0]
    50/94: $4\lsu_err_d[0:0]
    51/94: $4\pmp_err_d[0:0]
    52/94: $4\cheriot_err_d[0:0]
    53/94: $4\data_req_o[0:0]
    54/94: $4\ls_fsm_ns[3:0]
    55/94: $4\addr_update[0:0]
    56/94: $4\ctrl_update[0:0]
    57/94: $3\ls_fsm_ns[3:0]
    58/94: $3\ctrl_update[0:0]
    59/94: $3\addr_update[0:0]
    60/94: $3\lsu_go_goodcap[0:0]
    61/94: $3\lsu_go[0:0]
    62/94: $3\perf_store_o[0:0]
    63/94: $3\perf_load_o[0:0]
    64/94: $3\lsu_err_d[0:0]
    65/94: $3\pmp_err_d[0:0]
    66/94: $3\cheriot_err_d[0:0]
    67/94: $3\data_req_o[0:0]
    68/94: $3\handle_misaligned_d[0:0]
    69/94: $2\ls_fsm_ns[3:0]
    70/94: $2\lsu_go[0:0]
    71/94: $2\perf_load_o[0:0]
    72/94: $2\lsu_err_d[0:0]
    73/94: $2\pmp_err_d[0:0]
    74/94: $2\addr_update[0:0]
    75/94: $2\ctrl_update[0:0]
    76/94: $2\cheriot_err_d[0:0]
    77/94: $2\data_req_o[0:0]
    78/94: $2\lsu_go_goodcap[0:0]
    79/94: $2\handle_misaligned_d[0:0]
    80/94: $2\perf_store_o[0:0]
    81/94: $1\ls_fsm_ns[3:0]
    82/94: $1\lsu_go_goodcap[0:0]
    83/94: $1\lsu_go[0:0]
    84/94: $1\cheriot_err_d[0:0]
    85/94: $1\lsu_err_d[0:0]
    86/94: $1\pmp_err_d[0:0]
    87/94: $1\handle_misaligned_d[0:0]
    88/94: $1\ctrl_update[0:0]
    89/94: $1\addr_update[0:0]
    90/94: $1\perf_store_o[0:0]
    91/94: $1\perf_load_o[0:0]
    92/94: $1\data_req_o[0:0]
    93/94: $1\rdata_update[0:0]
    94/94: $1\addr_incr_req_o[0:0]
Creating decoders for process `$paramod$a1f82ff8dd7f02ea405ce72f1e83a511ee16121c\ibex_load_store_unit.$proc$/work/src/ibex_load_store_unit.v:322$1497'.
     1/1: $1\data_rdata_ext[31:0]
Creating decoders for process `$paramod$a1f82ff8dd7f02ea405ce72f1e83a511ee16121c\ibex_load_store_unit.$proc$/work/src/ibex_load_store_unit.v:294$1492'.
     1/5: $5\rdata_b_ext[31:0]
     2/5: $4\rdata_b_ext[31:0]
     3/5: $3\rdata_b_ext[31:0]
     4/5: $2\rdata_b_ext[31:0]
     5/5: $1\rdata_b_ext[31:0]
Creating decoders for process `$paramod$a1f82ff8dd7f02ea405ce72f1e83a511ee16121c\ibex_load_store_unit.$proc$/work/src/ibex_load_store_unit.v:266$1487'.
     1/5: $5\rdata_h_ext[31:0]
     2/5: $4\rdata_h_ext[31:0]
     3/5: $3\rdata_h_ext[31:0]
     4/5: $2\rdata_h_ext[31:0]
     5/5: $1\rdata_h_ext[31:0]
Creating decoders for process `$paramod$a1f82ff8dd7f02ea405ce72f1e83a511ee16121c\ibex_load_store_unit.$proc$/work/src/ibex_load_store_unit.v:254$1486'.
     1/1: $1\rdata_w_ext[31:0]
Creating decoders for process `$paramod$a1f82ff8dd7f02ea405ce72f1e83a511ee16121c\ibex_load_store_unit.$proc$/work/src/ibex_load_store_unit.v:249$1484'.
     1/1: $0\addr_last_q[31:0]
Creating decoders for process `$paramod$a1f82ff8dd7f02ea405ce72f1e83a511ee16121c\ibex_load_store_unit.$proc$/work/src/ibex_load_store_unit.v:235$1481'.
     1/4: $0\data_we_q[0:0]
     2/4: $0\data_sign_ext_q[0:0]
     3/4: $0\data_type_q[1:0]
     4/4: $0\rdata_offset_q[1:0]
Creating decoders for process `$paramod$a1f82ff8dd7f02ea405ce72f1e83a511ee16121c\ibex_load_store_unit.$proc$/work/src/ibex_load_store_unit.v:230$1479'.
     1/1: $0\rdata_q[23:0]
Creating decoders for process `$paramod$a1f82ff8dd7f02ea405ce72f1e83a511ee16121c\ibex_load_store_unit.$proc$/work/src/ibex_load_store_unit.v:214$1461'.
     1/13: $1\data_wdata_tag[0:0]
     2/13: $2\data_wdata_tag[0:0]
     3/13: $2\data_wdata_data[31:0]
     4/13: $2\ibex_cheriot_pkg_cheriot_cap_to_mem$func$/work/src/ibex_load_store_unit.v:219$1449.$result[32:0]$1475
     5/13: $2\ibex_cheriot_pkg_cheriot_cap_to_mem$func$/work/src/ibex_load_store_unit.v:219$1449.unused_cap_corr[1:0]$1478
     6/13: $2\ibex_cheriot_pkg_cheriot_cap_to_mem$func$/work/src/ibex_load_store_unit.v:219$1449.cap_bits[34:0]$1477
     7/13: $2\ibex_cheriot_pkg_cheriot_cap_to_mem$func$/work/src/ibex_load_store_unit.v:219$1449.cap[34:0]$1476
     8/13: $1\ibex_cheriot_pkg_cheriot_cap_to_mem$func$/work/src/ibex_load_store_unit.v:219$1449.unused_cap_corr[1:0]$1472
     9/13: $1\ibex_cheriot_pkg_cheriot_cap_to_mem$func$/work/src/ibex_load_store_unit.v:219$1449.cap_bits[34:0]$1471
    10/13: $1\ibex_cheriot_pkg_cheriot_cap_to_mem$func$/work/src/ibex_load_store_unit.v:219$1449.cap[34:0]$1470
    11/13: $1\ibex_cheriot_pkg_cheriot_cap_to_mem$func$/work/src/ibex_load_store_unit.v:219$1449.$result[32:0]$1469
    12/13: $1\data_wdata_data[31:0]
    13/13: { $3\data_wdata_tag[0:0] $3\data_wdata_data[31:0] }
Creating decoders for process `$paramod$a1f82ff8dd7f02ea405ce72f1e83a511ee16121c\ibex_load_store_unit.$proc$/work/src/ibex_load_store_unit.v:191$1460'.
     1/1: $1\wdata_int[31:0]
Creating decoders for process `$paramod$a1f82ff8dd7f02ea405ce72f1e83a511ee16121c\ibex_load_store_unit.$proc$/work/src/ibex_load_store_unit.v:139$1454'.
     1/8: $8\data_be[3:0]
     2/8: $7\data_be[3:0]
     3/8: $6\data_be[3:0]
     4/8: $5\data_be[3:0]
     5/8: $4\data_be[3:0]
     6/8: $3\data_be[3:0]
     7/8: $2\data_be[3:0]
     8/8: $1\data_be[3:0]
Creating decoders for process `$paramod\ibex_wb_stage\ResetAll=1'1\WritebackStage=1'1\DummyInstructions=1'0.$proc$/work/src/ibex_wb_stage.v:0$1442'.
Creating decoders for process `$paramod\ibex_wb_stage\ResetAll=1'1\WritebackStage=1'1\DummyInstructions=1'0.$proc$/work/src/ibex_wb_stage.v:134$1411'.
     1/13: $0\g_writeback_stage.cheriot_rf_wcap_q[34:0]
     2/13: $0\g_writeback_stage.cheriot_rf_wdata_q[31:0]
     3/13: $0\g_writeback_stage.cheriot_rf_we_q[0:0]
     4/13: $0\g_writeback_stage.wb_cheriot_store_q[0:0]
     5/13: $0\g_writeback_stage.wb_cheriot_load_q[0:0]
     6/13: $0\g_writeback_stage.wb_is_cheriot_q[0:0]
     7/13: $0\g_writeback_stage.wb_instr_type_q[1:0]
     8/13: $0\g_writeback_stage.wb_count_q[0:0]
     9/13: $0\g_writeback_stage.wb_compressed_q[0:0]
    10/13: $0\g_writeback_stage.wb_pc_q[31:0]
    11/13: $0\g_writeback_stage.rf_waddr_wb_q[4:0]
    12/13: $0\g_writeback_stage.rf_we_wb_q[0:0]
    13/13: $0\g_writeback_stage.rf_wdata_wb_q[31:0]
Creating decoders for process `$paramod\ibex_wb_stage\ResetAll=1'1\WritebackStage=1'1\DummyInstructions=1'0.$proc$/work/src/ibex_wb_stage.v:128$1409'.
     1/1: $0\g_writeback_stage.wb_valid_q[0:0]
Creating decoders for process `$paramod$5714e31d82f2b8816750797f158ebea69a089104\ibex_csr.$proc$/work/src/ibex_csr.v:19$2500'.
     1/1: $0\rdata_q[5:0]
Creating decoders for process `$paramod$9965f29857664148d24e0207d195fc610cce17ac\ibex_if_stage.$proc$/work/src/ibex_if_stage.v:0$1917'.
Creating decoders for process `$paramod$9965f29857664148d24e0207d195fc610cce17ac\ibex_if_stage.$proc$/work/src/ibex_if_stage.v:560$1909'.
Creating decoders for process `$paramod$9965f29857664148d24e0207d195fc610cce17ac\ibex_if_stage.$proc$/work/src/ibex_if_stage.v:557$1908'.
Creating decoders for process `$paramod$9965f29857664148d24e0207d195fc610cce17ac\ibex_if_stage.$proc$/work/src/ibex_if_stage.v:493$1906'.
     1/10: $0\pc_id_o[31:0]
     2/10: $0\illegal_c_insn_id_o[0:0]
     3/10: $0\instr_fetch_err_plus2_o[0:0]
     4/10: $0\instr_fetch_err_o[0:0]
     5/10: $0\instr_expanded_id_o[15:0]
     6/10: $0\instr_gets_expanded_id_o[1:0]
     7/10: $0\instr_is_compressed_id_o[0:0]
     8/10: $0\instr_rdata_c_id_o[15:0]
     9/10: $0\instr_rdata_alu_id_o[31:0]
    10/10: $0\instr_rdata_id_o[31:0]
Creating decoders for process `$paramod$9965f29857664148d24e0207d195fc610cce17ac\ibex_if_stage.$proc$/work/src/ibex_if_stage.v:474$1905'.
Creating decoders for process `$paramod$9965f29857664148d24e0207d195fc610cce17ac\ibex_if_stage.$proc$/work/src/ibex_if_stage.v:479$1901'.
     1/2: $0\instr_new_id_q[0:0]
     2/2: $0\instr_valid_id_q[0:0]
Creating decoders for process `$paramod$9965f29857664148d24e0207d195fc610cce17ac\ibex_if_stage.$proc$/work/src/ibex_if_stage.v:254$1823'.
     1/1: $1\fetch_addr_n[31:0]
Creating decoders for process `$paramod$9965f29857664148d24e0207d195fc610cce17ac\ibex_if_stage.$proc$/work/src/ibex_if_stage.v:238$1812'.
     1/2: $1\exc_pc[31:0]
     2/2: $1\irq_vec[4:0]
Creating decoders for process `$paramod$40ece52504ff00c302be66a0111a4ec3d1608ab5\ibex_register_file_ff.$proc$/work/src/ibex_register_file_ff.v:0$988'.
Creating decoders for process `$paramod$40ece52504ff00c302be66a0111a4ec3d1608ab5\ibex_register_file_ff.$proc$/work/src/ibex_register_file_ff.v:0$985'.
     1/1: $1$mem2reg_rd$\g_plain_rf.rf_reg$/work/src/ibex_register_file_ff.v:195$850_DATA[31:0]$987
Creating decoders for process `$paramod$40ece52504ff00c302be66a0111a4ec3d1608ab5\ibex_register_file_ff.$proc$/work/src/ibex_register_file_ff.v:0$982'.
     1/1: $1$mem2reg_rd$\g_plain_rf.rf_reg$/work/src/ibex_register_file_ff.v:194$849_DATA[31:0]$984
Creating decoders for process `$paramod$40ece52504ff00c302be66a0111a4ec3d1608ab5\ibex_register_file_ff.$proc$/work/src/ibex_register_file_ff.v:0$981'.
Creating decoders for process `$paramod$40ece52504ff00c302be66a0111a4ec3d1608ab5\ibex_register_file_ff.$proc$/work/src/ibex_register_file_ff.v:171$976'.
     1/1: $0\g_plain_rf.g_rf_flops[31].rf_reg_q[31:0]
Creating decoders for process `$paramod$40ece52504ff00c302be66a0111a4ec3d1608ab5\ibex_register_file_ff.$proc$/work/src/ibex_register_file_ff.v:171$974'.
     1/1: $0\g_plain_rf.g_rf_flops[30].rf_reg_q[31:0]
Creating decoders for process `$paramod$40ece52504ff00c302be66a0111a4ec3d1608ab5\ibex_register_file_ff.$proc$/work/src/ibex_register_file_ff.v:171$972'.
     1/1: $0\g_plain_rf.g_rf_flops[29].rf_reg_q[31:0]
Creating decoders for process `$paramod$40ece52504ff00c302be66a0111a4ec3d1608ab5\ibex_register_file_ff.$proc$/work/src/ibex_register_file_ff.v:171$970'.
     1/1: $0\g_plain_rf.g_rf_flops[28].rf_reg_q[31:0]
Creating decoders for process `$paramod$40ece52504ff00c302be66a0111a4ec3d1608ab5\ibex_register_file_ff.$proc$/work/src/ibex_register_file_ff.v:171$968'.
     1/1: $0\g_plain_rf.g_rf_flops[27].rf_reg_q[31:0]
Creating decoders for process `$paramod$40ece52504ff00c302be66a0111a4ec3d1608ab5\ibex_register_file_ff.$proc$/work/src/ibex_register_file_ff.v:171$966'.
     1/1: $0\g_plain_rf.g_rf_flops[26].rf_reg_q[31:0]
Creating decoders for process `$paramod$40ece52504ff00c302be66a0111a4ec3d1608ab5\ibex_register_file_ff.$proc$/work/src/ibex_register_file_ff.v:171$964'.
     1/1: $0\g_plain_rf.g_rf_flops[25].rf_reg_q[31:0]
Creating decoders for process `$paramod$40ece52504ff00c302be66a0111a4ec3d1608ab5\ibex_register_file_ff.$proc$/work/src/ibex_register_file_ff.v:171$962'.
     1/1: $0\g_plain_rf.g_rf_flops[24].rf_reg_q[31:0]
Creating decoders for process `$paramod$40ece52504ff00c302be66a0111a4ec3d1608ab5\ibex_register_file_ff.$proc$/work/src/ibex_register_file_ff.v:171$960'.
     1/1: $0\g_plain_rf.g_rf_flops[23].rf_reg_q[31:0]
Creating decoders for process `$paramod$40ece52504ff00c302be66a0111a4ec3d1608ab5\ibex_register_file_ff.$proc$/work/src/ibex_register_file_ff.v:171$958'.
     1/1: $0\g_plain_rf.g_rf_flops[22].rf_reg_q[31:0]
Creating decoders for process `$paramod$40ece52504ff00c302be66a0111a4ec3d1608ab5\ibex_register_file_ff.$proc$/work/src/ibex_register_file_ff.v:171$956'.
     1/1: $0\g_plain_rf.g_rf_flops[21].rf_reg_q[31:0]
Creating decoders for process `$paramod$40ece52504ff00c302be66a0111a4ec3d1608ab5\ibex_register_file_ff.$proc$/work/src/ibex_register_file_ff.v:171$954'.
     1/1: $0\g_plain_rf.g_rf_flops[20].rf_reg_q[31:0]
Creating decoders for process `$paramod$40ece52504ff00c302be66a0111a4ec3d1608ab5\ibex_register_file_ff.$proc$/work/src/ibex_register_file_ff.v:171$952'.
     1/1: $0\g_plain_rf.g_rf_flops[19].rf_reg_q[31:0]
Creating decoders for process `$paramod$40ece52504ff00c302be66a0111a4ec3d1608ab5\ibex_register_file_ff.$proc$/work/src/ibex_register_file_ff.v:171$950'.
     1/1: $0\g_plain_rf.g_rf_flops[18].rf_reg_q[31:0]
Creating decoders for process `$paramod$40ece52504ff00c302be66a0111a4ec3d1608ab5\ibex_register_file_ff.$proc$/work/src/ibex_register_file_ff.v:171$948'.
     1/1: $0\g_plain_rf.g_rf_flops[17].rf_reg_q[31:0]
Creating decoders for process `$paramod$40ece52504ff00c302be66a0111a4ec3d1608ab5\ibex_register_file_ff.$proc$/work/src/ibex_register_file_ff.v:171$946'.
     1/1: $0\g_plain_rf.g_rf_flops[16].rf_reg_q[31:0]
Creating decoders for process `$paramod$40ece52504ff00c302be66a0111a4ec3d1608ab5\ibex_register_file_ff.$proc$/work/src/ibex_register_file_ff.v:171$944'.
     1/1: $0\g_plain_rf.g_rf_flops[15].rf_reg_q[31:0]
Creating decoders for process `$paramod$40ece52504ff00c302be66a0111a4ec3d1608ab5\ibex_register_file_ff.$proc$/work/src/ibex_register_file_ff.v:171$942'.
     1/1: $0\g_plain_rf.g_rf_flops[14].rf_reg_q[31:0]
Creating decoders for process `$paramod$40ece52504ff00c302be66a0111a4ec3d1608ab5\ibex_register_file_ff.$proc$/work/src/ibex_register_file_ff.v:171$940'.
     1/1: $0\g_plain_rf.g_rf_flops[13].rf_reg_q[31:0]
Creating decoders for process `$paramod$40ece52504ff00c302be66a0111a4ec3d1608ab5\ibex_register_file_ff.$proc$/work/src/ibex_register_file_ff.v:171$938'.
     1/1: $0\g_plain_rf.g_rf_flops[12].rf_reg_q[31:0]
Creating decoders for process `$paramod$40ece52504ff00c302be66a0111a4ec3d1608ab5\ibex_register_file_ff.$proc$/work/src/ibex_register_file_ff.v:171$936'.
     1/1: $0\g_plain_rf.g_rf_flops[11].rf_reg_q[31:0]
Creating decoders for process `$paramod$40ece52504ff00c302be66a0111a4ec3d1608ab5\ibex_register_file_ff.$proc$/work/src/ibex_register_file_ff.v:171$934'.
     1/1: $0\g_plain_rf.g_rf_flops[10].rf_reg_q[31:0]
Creating decoders for process `$paramod$40ece52504ff00c302be66a0111a4ec3d1608ab5\ibex_register_file_ff.$proc$/work/src/ibex_register_file_ff.v:171$932'.
     1/1: $0\g_plain_rf.g_rf_flops[9].rf_reg_q[31:0]
Creating decoders for process `$paramod$40ece52504ff00c302be66a0111a4ec3d1608ab5\ibex_register_file_ff.$proc$/work/src/ibex_register_file_ff.v:171$930'.
     1/1: $0\g_plain_rf.g_rf_flops[8].rf_reg_q[31:0]
Creating decoders for process `$paramod$40ece52504ff00c302be66a0111a4ec3d1608ab5\ibex_register_file_ff.$proc$/work/src/ibex_register_file_ff.v:171$928'.
     1/1: $0\g_plain_rf.g_rf_flops[7].rf_reg_q[31:0]
Creating decoders for process `$paramod$40ece52504ff00c302be66a0111a4ec3d1608ab5\ibex_register_file_ff.$proc$/work/src/ibex_register_file_ff.v:171$926'.
     1/1: $0\g_plain_rf.g_rf_flops[6].rf_reg_q[31:0]
Creating decoders for process `$paramod$40ece52504ff00c302be66a0111a4ec3d1608ab5\ibex_register_file_ff.$proc$/work/src/ibex_register_file_ff.v:171$924'.
     1/1: $0\g_plain_rf.g_rf_flops[5].rf_reg_q[31:0]
Creating decoders for process `$paramod$40ece52504ff00c302be66a0111a4ec3d1608ab5\ibex_register_file_ff.$proc$/work/src/ibex_register_file_ff.v:171$922'.
     1/1: $0\g_plain_rf.g_rf_flops[4].rf_reg_q[31:0]
Creating decoders for process `$paramod$40ece52504ff00c302be66a0111a4ec3d1608ab5\ibex_register_file_ff.$proc$/work/src/ibex_register_file_ff.v:171$920'.
     1/1: $0\g_plain_rf.g_rf_flops[3].rf_reg_q[31:0]
Creating decoders for process `$paramod$40ece52504ff00c302be66a0111a4ec3d1608ab5\ibex_register_file_ff.$proc$/work/src/ibex_register_file_ff.v:171$918'.
     1/1: $0\g_plain_rf.g_rf_flops[2].rf_reg_q[31:0]
Creating decoders for process `$paramod$40ece52504ff00c302be66a0111a4ec3d1608ab5\ibex_register_file_ff.$proc$/work/src/ibex_register_file_ff.v:171$916'.
     1/1: $0\g_plain_rf.g_rf_flops[1].rf_reg_q[31:0]
Creating decoders for process `$paramod$40ece52504ff00c302be66a0111a4ec3d1608ab5\ibex_register_file_ff.$proc$/work/src/ibex_register_file_ff.v:156$851'.
Creating decoders for process `$paramod$c16eccae153ba9fb8fce8498c4f7e85e78010c3f\ibex_counter.$proc$/work/src/ibex_counter.v:0$2481'.
Creating decoders for process `$paramod$c16eccae153ba9fb8fce8498c4f7e85e78010c3f\ibex_counter.$proc$/work/src/ibex_counter.v:56$2479'.
     1/1: $0\counter_q[63:0]
Creating decoders for process `$paramod$c16eccae153ba9fb8fce8498c4f7e85e78010c3f\ibex_counter.$proc$/work/src/ibex_counter.v:28$2477'.
     1/4: $2\counter_d[63:0]
     2/4: $1\counter_d[63:0]
     3/4: $1\counter_load[63:0] [63:32]
     4/4: $1\counter_load[63:0] [31:0]
Creating decoders for process `$paramod\ibex_fetch_fifo\NUM_REQS=32'00000000000000000000000000000010\ResetAll=1'1.$proc$/work/src/ibex_fetch_fifo.v:0$2896'.
Creating decoders for process `$paramod\ibex_fetch_fifo\NUM_REQS=32'00000000000000000000000000000010\ResetAll=1'1.$proc$/work/src/ibex_fetch_fifo.v:148$2894'.
     1/2: $0\rdata_q[95:64]
     2/2: $0\err_q[2:2]
Creating decoders for process `$paramod\ibex_fetch_fifo\NUM_REQS=32'00000000000000000000000000000010\ResetAll=1'1.$proc$/work/src/ibex_fetch_fifo.v:148$2892'.
     1/2: $0\rdata_q[63:32]
     2/2: $0\err_q[1:1]
Creating decoders for process `$paramod\ibex_fetch_fifo\NUM_REQS=32'00000000000000000000000000000010\ResetAll=1'1.$proc$/work/src/ibex_fetch_fifo.v:148$2890'.
     1/2: $0\rdata_q[31:0]
     2/2: $0\err_q[0:0]
Creating decoders for process `$paramod\ibex_fetch_fifo\NUM_REQS=32'00000000000000000000000000000010\ResetAll=1'1.$proc$/work/src/ibex_fetch_fifo.v:97$2861'.
     1/1: $0\instr_addr_q[30:0]
Creating decoders for process `$paramod\ibex_fetch_fifo\NUM_REQS=32'00000000000000000000000000000010\ResetAll=1'1.$proc$/work/src/ibex_fetch_fifo.v:138$2859'.
     1/1: $0\valid_q[2:0]
Creating decoders for process `$paramod\ibex_fetch_fifo\NUM_REQS=32'00000000000000000000000000000010\ResetAll=1'1.$proc$/work/src/ibex_fetch_fifo.v:72$2840'.
     1/5: $2\out_valid_o[0:0]
     2/5: $1\out_valid_o[0:0]
     3/5: $1\out_err_plus2_o[0:0]
     4/5: $1\out_err_o[0:0]
     5/5: $1\out_rdata_o[31:0]
Creating decoders for process `$paramod$38aa04165534c75a0a4935f073a2885eaa0a33f1\ibex_cs_registers.$proc$/work/src/ibex_cs_registers.v:0$2810'.
Creating decoders for process `$paramod$38aa04165534c75a0a4935f073a2885eaa0a33f1\ibex_cs_registers.$proc$/work/src/ibex_cs_registers.v:0$2806'.
Creating decoders for process `$paramod$38aa04165534c75a0a4935f073a2885eaa0a33f1\ibex_cs_registers.$proc$/work/src/ibex_cs_registers.v:1909$2781'.
Creating decoders for process `$paramod$38aa04165534c75a0a4935f073a2885eaa0a33f1\ibex_cs_registers.$proc$/work/src/ibex_cs_registers.v:1906$2780'.
Creating decoders for process `$paramod$38aa04165534c75a0a4935f073a2885eaa0a33f1\ibex_cs_registers.$proc$/work/src/ibex_cs_registers.v:1903$2779'.
Creating decoders for process `$paramod$38aa04165534c75a0a4935f073a2885eaa0a33f1\ibex_cs_registers.$proc$/work/src/ibex_cs_registers.v:1900$2778'.
Creating decoders for process `$paramod$38aa04165534c75a0a4935f073a2885eaa0a33f1\ibex_cs_registers.$proc$/work/src/ibex_cs_registers.v:1897$2777'.
Creating decoders for process `$paramod$38aa04165534c75a0a4935f073a2885eaa0a33f1\ibex_cs_registers.$proc$/work/src/ibex_cs_registers.v:1894$2776'.
Creating decoders for process `$paramod$38aa04165534c75a0a4935f073a2885eaa0a33f1\ibex_cs_registers.$proc$/work/src/ibex_cs_registers.v:1891$2775'.
Creating decoders for process `$paramod$38aa04165534c75a0a4935f073a2885eaa0a33f1\ibex_cs_registers.$proc$/work/src/ibex_cs_registers.v:1887$2774'.
Creating decoders for process `$paramod$38aa04165534c75a0a4935f073a2885eaa0a33f1\ibex_cs_registers.$proc$/work/src/ibex_cs_registers.v:1884$2773'.
Creating decoders for process `$paramod$38aa04165534c75a0a4935f073a2885eaa0a33f1\ibex_cs_registers.$proc$/work/src/ibex_cs_registers.v:1148$2770'.
Creating decoders for process `$paramod$38aa04165534c75a0a4935f073a2885eaa0a33f1\ibex_cs_registers.$proc$/work/src/ibex_cs_registers.v:1148$2769'.
Creating decoders for process `$paramod$38aa04165534c75a0a4935f073a2885eaa0a33f1\ibex_cs_registers.$proc$/work/src/ibex_cs_registers.v:1148$2768'.
Creating decoders for process `$paramod$38aa04165534c75a0a4935f073a2885eaa0a33f1\ibex_cs_registers.$proc$/work/src/ibex_cs_registers.v:1148$2767'.
Creating decoders for process `$paramod$38aa04165534c75a0a4935f073a2885eaa0a33f1\ibex_cs_registers.$proc$/work/src/ibex_cs_registers.v:1148$2766'.
Creating decoders for process `$paramod$38aa04165534c75a0a4935f073a2885eaa0a33f1\ibex_cs_registers.$proc$/work/src/ibex_cs_registers.v:1148$2765'.
Creating decoders for process `$paramod$38aa04165534c75a0a4935f073a2885eaa0a33f1\ibex_cs_registers.$proc$/work/src/ibex_cs_registers.v:1148$2764'.
Creating decoders for process `$paramod$38aa04165534c75a0a4935f073a2885eaa0a33f1\ibex_cs_registers.$proc$/work/src/ibex_cs_registers.v:1148$2763'.
Creating decoders for process `$paramod$38aa04165534c75a0a4935f073a2885eaa0a33f1\ibex_cs_registers.$proc$/work/src/ibex_cs_registers.v:1148$2762'.
Creating decoders for process `$paramod$38aa04165534c75a0a4935f073a2885eaa0a33f1\ibex_cs_registers.$proc$/work/src/ibex_cs_registers.v:1148$2761'.
Creating decoders for process `$paramod$38aa04165534c75a0a4935f073a2885eaa0a33f1\ibex_cs_registers.$proc$/work/src/ibex_cs_registers.v:1148$2760'.
Creating decoders for process `$paramod$38aa04165534c75a0a4935f073a2885eaa0a33f1\ibex_cs_registers.$proc$/work/src/ibex_cs_registers.v:1148$2759'.
Creating decoders for process `$paramod$38aa04165534c75a0a4935f073a2885eaa0a33f1\ibex_cs_registers.$proc$/work/src/ibex_cs_registers.v:1148$2758'.
Creating decoders for process `$paramod$38aa04165534c75a0a4935f073a2885eaa0a33f1\ibex_cs_registers.$proc$/work/src/ibex_cs_registers.v:1148$2757'.
Creating decoders for process `$paramod$38aa04165534c75a0a4935f073a2885eaa0a33f1\ibex_cs_registers.$proc$/work/src/ibex_cs_registers.v:1148$2756'.
Creating decoders for process `$paramod$38aa04165534c75a0a4935f073a2885eaa0a33f1\ibex_cs_registers.$proc$/work/src/ibex_cs_registers.v:1148$2755'.
Creating decoders for process `$paramod$38aa04165534c75a0a4935f073a2885eaa0a33f1\ibex_cs_registers.$proc$/work/src/ibex_cs_registers.v:1306$2744'.
     1/1: $0\mcountinhibit_q[2:0]
Creating decoders for process `$paramod$38aa04165534c75a0a4935f073a2885eaa0a33f1\ibex_cs_registers.$proc$/work/src/ibex_cs_registers.v:1206$2741'.
Creating decoders for process `$paramod$38aa04165534c75a0a4935f073a2885eaa0a33f1\ibex_cs_registers.$proc$/work/src/ibex_cs_registers.v:1182$2740'.
Creating decoders for process `$paramod$38aa04165534c75a0a4935f073a2885eaa0a33f1\ibex_cs_registers.$proc$/work/src/ibex_cs_registers.v:1172$2738'.
     1/3: $1\mcounteren_d[2:0] [2]
     2/3: $1\mcounteren_d[2:0] [0]
     3/3: $1\mcounteren_d[2:0] [1]
Creating decoders for process `$paramod$38aa04165534c75a0a4935f073a2885eaa0a33f1\ibex_cs_registers.$proc$/work/src/ibex_cs_registers.v:1162$2736'.
     1/3: $1\mcountinhibit_d[2:0] [2]
     2/3: $1\mcountinhibit_d[2:0] [0]
     3/3: $1\mcountinhibit_d[2:0] [1]
Creating decoders for process `$paramod$38aa04165534c75a0a4935f073a2885eaa0a33f1\ibex_cs_registers.$proc$/work/src/ibex_cs_registers.v:763$2706'.
Creating decoders for process `$paramod$38aa04165534c75a0a4935f073a2885eaa0a33f1\ibex_cs_registers.$proc$/work/src/ibex_cs_registers.v:731$2684'.
     1/1: $1\csr_wdata_int[31:0]
Creating decoders for process `$paramod$38aa04165534c75a0a4935f073a2885eaa0a33f1\ibex_cs_registers.$proc$/work/src/ibex_cs_registers.v:724$2681'.
     1/1: $0\priv_lvl_q[1:0]
Creating decoders for process `$paramod$38aa04165534c75a0a4935f073a2885eaa0a33f1\ibex_cs_registers.$proc$/work/src/ibex_cs_registers.v:571$2624'.
     1/136: $3\cpuctrlsts_part_d[7:6] [1]
     2/136: $6\mcause_en[0:0]
     3/136: $4\mepc_d[31:0]
     4/136: $6\mepc_en[0:0]
     5/136: $8\mstatus_d[4:2] [1:0]
     6/136: $8\mstatus_d[4:2] [2]
     7/136: $7\mstatus_d[1:1]
     8/136: $4\mstatus_d[5:1] [3:1]
     9/136: $4\mstatus_d[5:1] [0]
    10/136: $4\mstatus_d[5:1] [4]
    11/136: $5\double_fault_seen_o[0:0]
    12/136: $6\cpuctrlsts_part_d[7:6] [0]
    13/136: $4\double_fault_seen_o[0:0]
    14/136: $7\cpuctrlsts_part_d[7:7]
    15/136: $6\cpuctrlsts_part_we[0:0]
    16/136: $5\cpuctrlsts_part_we[0:0]
    17/136: $5\cpuctrlsts_part_d[7:6]
    18/136: $3\double_fault_seen_o[0:0]
    19/136: $3\mstack_en[0:0]
    20/136: $3\mcause_d[6:0]
    21/136: $5\mcause_en[0:0]
    22/136: $3\mepc_d[31:0]
    23/136: $5\mepc_en[0:0]
    24/136: $6\cpuctrlsts_part_d[7:6] [1]
    25/136: $6\mstatus_d[5:2] [1:0]
    26/136: $6\mstatus_d[5:2] [2]
    27/136: $5\mstatus_en[0:0]
    28/136: $3\mtval_d[31:0]
    29/136: $5\mtval_en[0:0]
    30/136: $4\depc_en[0:0]
    31/136: $2\depc_d[31:0]
    32/136: $4\dcsr_en[0:0]
    33/136: $7\dcsr_d[8:6]
    34/136: $6\dcsr_d[1:0]
    35/136: $4\cpuctrlsts_part_we[0:0]
    36/136: $4\cpuctrlsts_part_d[7:6]
    37/136: $2\mstack_en[0:0]
    38/136: $4\mtval_en[0:0]
    39/136: $2\mtval_d[31:0]
    40/136: $4\mcause_en[0:0]
    41/136: $2\mcause_d[6:0]
    42/136: $4\mepc_en[0:0]
    43/136: $2\mepc_d[31:0]
    44/136: $4\mstatus_en[0:0]
    45/136: $5\mstatus_d[5:2]
    46/136: $2\double_fault_seen_o[0:0]
    47/136: $2\exception_pc[31:0]
    48/136: $3\cpuctrlsts_part_we[0:0]
    49/136: $3\cpuctrlsts_part_d[7:6] [0]
    50/136: $1\mstack_en[0:0]
    51/136: $3\depc_en[0:0]
    52/136: $1\depc_d[31:0]
    53/136: $3\dcsr_en[0:0]
    54/136: $5\dcsr_d[8:6]
    55/136: $4\dcsr_d[1:0]
    56/136: $3\mtval_en[0:0]
    57/136: $1\mtval_d[31:0]
    58/136: $3\mcause_en[0:0]
    59/136: $1\mcause_d[6:0]
    60/136: $3\mepc_en[0:0]
    61/136: $1\mepc_d[31:0]
    62/136: $3\mstatus_en[0:0]
    63/136: $4\mcause_d[6:0]
    64/136: $1\double_fault_seen_o[0:0]
    65/136: $1\priv_lvl_d[1:0]
    66/136: $1\exception_pc[31:0]
    67/136: $6\mstatus_d[5:2] [3]
    68/136: $2\dcsr_d[31:0] [31:28]
    69/136: $2\dcsr_d[31:0] [15]
    70/136: $2\dcsr_d[31:0] [14]
    71/136: $2\dcsr_d[31:0] [10]
    72/136: $2\dcsr_d[31:0] [9]
    73/136: $2\dcsr_d[31:0] [11]
    74/136: $2\dcsr_d[31:0] [13:12]
    75/136: $2\dcsr_d[31:0] [27:16]
    76/136: $2\dcsr_d[31:0] [1:0]
    77/136: $2\mstatus_d[5:0] [5:4]
    78/136: $2\mstatus_d[5:0] [3:2]
    79/136: $2\mstatus_d[5:0] [1:0]
    80/136: $2\dcsr_d[31:0] [2]
    81/136: $2\dcsr_d[31:0] [8:6]
    82/136: $2\dcsr_d[31:0] [5]
    83/136: $3\dcsr_d[1:0]
    84/136: $2\dcsr_d[31:0] [3]
    85/136: $3\mstatus_d[3:2]
    86/136: $2\sv2v_cast_2$func$/work/src/ibex_cs_registers.v:614$2525.$result[1:0]$2642
    87/136: $2\sv2v_cast_2$func$/work/src/ibex_cs_registers.v:614$2525.inp[1:0]$2643
    88/136: $2\mstatus_en[0:0]
    89/136: $2$bitselwrite$pos$/work/src/ibex_cs_registers.v:646$2527[4:0]$2645
    90/136: $2$bitselwrite$pos$/work/src/ibex_cs_registers.v:645$2526[4:0]$2644
    91/136: $2\cpuctrlsts_part_we[0:0]
    92/136: $2\cpuctrlsts_part_d[7:0]
    93/136: $2\mhpmcounterh_we[31:0]
    94/136: $2\mhpmcounter_we[31:0]
    95/136: $2\mcounteren_we[0:0]
    96/136: $2\mcountinhibit_we[0:0]
    97/136: $2\cdbg_ctrl_en[0:0]
    98/136: $2\mshwmb_en[0:0]
    99/136: $2\mshwm_en[0:0]
   100/136: $2\dscratch1_en[0:0]
   101/136: $2\dscratch0_en[0:0]
   102/136: $2\depc_en[0:0]
   103/136: $2\dcsr_en[0:0]
   104/136: $2\dcsr_d[31:0] [4]
   105/136: $2\mtvec_en[0:0]
   106/136: $2\mtval_en[0:0]
   107/136: $2\mcause_en[0:0]
   108/136: $2\mepc_en[0:0]
   109/136: $2\mscratch_en[0:0]
   110/136: $2\mie_en[0:0]
   111/136: $1$bitselwrite$pos$/work/src/ibex_cs_registers.v:646$2527[4:0]$2641
   112/136: $1$bitselwrite$pos$/work/src/ibex_cs_registers.v:645$2526[4:0]$2640
   113/136: $1\sv2v_cast_2$func$/work/src/ibex_cs_registers.v:614$2525.inp[1:0]$2639
   114/136: $1\sv2v_cast_2$func$/work/src/ibex_cs_registers.v:614$2525.$result[1:0]$2638
   115/136: $1\cpuctrlsts_part_we[0:0]
   116/136: $1\cpuctrlsts_part_d[7:0]
   117/136: $1\mhpmcounterh_we[31:0]
   118/136: $1\mhpmcounter_we[31:0]
   119/136: $1\mcounteren_we[0:0]
   120/136: $1\mcountinhibit_we[0:0]
   121/136: $1\cdbg_ctrl_en[0:0]
   122/136: $1\mshwmb_en[0:0]
   123/136: $1\mshwm_en[0:0]
   124/136: $1\dscratch1_en[0:0]
   125/136: $1\dscratch0_en[0:0]
   126/136: $1\depc_en[0:0]
   127/136: $1\dcsr_en[0:0]
   128/136: $1\dcsr_d[31:0]
   129/136: $1\mtvec_en[0:0]
   130/136: $1\mtval_en[0:0]
   131/136: $1\mcause_en[0:0]
   132/136: $1\mepc_en[0:0]
   133/136: $1\mscratch_en[0:0]
   134/136: $1\mie_en[0:0]
   135/136: $1\mstatus_en[0:0]
   136/136: $1\mstatus_d[5:0]
Creating decoders for process `$paramod$38aa04165534c75a0a4935f073a2885eaa0a33f1\ibex_cs_registers.$proc$/work/src/ibex_cs_registers.v:401$2546'.
     1/50: $10\illegal_csr[0:0]
     2/50: $9\illegal_csr[0:0]
     3/50: $1\csr_rdata_int[31:0] [31]
     4/50: $8\illegal_csr[0:0]
     5/50: $1\csr_rdata_int[31:0] [30:22]
     6/50: $7\illegal_csr[0:0]
     7/50: $1\csr_rdata_int[31:0] [21]
     8/50: $6\illegal_csr[0:0]
     9/50: $1\csr_rdata_int[31:0] [20:18]
    10/50: $1\csr_rdata_int[31:0] [2:0]
    11/50: $8\csr_rdata_int[31:0]
    12/50: $7\csr_rdata_int[31:0]
    13/50: $6\csr_rdata_int[31:0]
    14/50: $1\csr_rdata_int[31:0] [17]
    15/50: $5\illegal_csr[0:0]
    16/50: $2$mem2reg_rd$\mhpmevent$/work/src/ibex_cs_registers.v:504$2532_DATA[31:0]$2584
    17/50: $4\csr_rdata_int[31:0] [0]
    18/50: $4\csr_rdata_int[31:0] [1]
    19/50: $4\csr_rdata_int[31:0] [2]
    20/50: $4\illegal_csr[0:0]
    21/50: $1\csr_rdata_int[31:0] [16]
    22/50: $3\csr_rdata_int[31:0]
    23/50: $1\csr_rdata_int[31:0] [10:8]
    24/50: $2\csr_rdata_int[31:0]
    25/50: $1\csr_rdata_int[31:0] [7]
    26/50: $2$mem2reg_rd$\mhpmcounter$/work/src/ibex_cs_registers.v:508$2535_DATA[63:0]$2587
    27/50: $4\csr_rdata_int[31:0] [31:3]
    28/50: $1\csr_rdata_int[31:0] [11]
    29/50: $1\csr_rdata_int[31:0] [3]
    30/50: $3\illegal_csr[0:0]
    31/50: $1\csr_rdata_int[31:0] [6:4]
    32/50: $2\illegal_csr[0:0]
    33/50: $2$mem2reg_rd$\mhpmcounter$/work/src/ibex_cs_registers.v:506$2534_DATA[63:0]$2586
    34/50: $1\csr_rdata_int[31:0] [15:13]
    35/50: $2$mem2reg_rd$\mhpmcounter$/work/src/ibex_cs_registers.v:512$2536_DATA[63:0]$2592
    36/50: $5\csr_rdata_int[31:0]
    37/50: $2$mem2reg_rd$\mhpmcounter$/work/src/ibex_cs_registers.v:505$2533_DATA[63:0]$2585
    38/50: $1\csr_rdata_int[31:0] [12]
    39/50: $1$mem2reg_rd$\mhpmcounter$/work/src/ibex_cs_registers.v:512$2536_DATA[63:0]$2566
    40/50: $1$mem2reg_rd$\mhpmcounter$/work/src/ibex_cs_registers.v:512$2536_ADDR[4:0]$2565
    41/50: $1$mem2reg_rd$\mhpmcounter$/work/src/ibex_cs_registers.v:508$2535_DATA[63:0]$2564
    42/50: $1$mem2reg_rd$\mhpmcounter$/work/src/ibex_cs_registers.v:508$2535_ADDR[4:0]$2563
    43/50: $1$mem2reg_rd$\mhpmcounter$/work/src/ibex_cs_registers.v:506$2534_DATA[63:0]$2562
    44/50: $1$mem2reg_rd$\mhpmcounter$/work/src/ibex_cs_registers.v:506$2534_ADDR[4:0]$2561
    45/50: $1$mem2reg_rd$\mhpmcounter$/work/src/ibex_cs_registers.v:505$2533_DATA[63:0]$2560
    46/50: $1$mem2reg_rd$\mhpmcounter$/work/src/ibex_cs_registers.v:505$2533_ADDR[4:0]$2559
    47/50: $1$mem2reg_rd$\mhpmevent$/work/src/ibex_cs_registers.v:504$2532_DATA[31:0]$2558
    48/50: $1$mem2reg_rd$\mhpmevent$/work/src/ibex_cs_registers.v:504$2532_ADDR[4:0]$2557
    49/50: $1\illegal_csr[0:0]
    50/50: $1\dbg_csr[0:0]
Creating decoders for process `$paramod$e55993a14b1fbc43320d549f521b710ed37596c6\ibex_csr.$proc$/work/src/ibex_csr.v:19$2498'.
     1/1: $0\rdata_q[17:0]
Creating decoders for process `$paramod$4f46e25470a27719ee9ca03cee1a0827eff766f7\ibex_csr.$proc$/work/src/ibex_csr.v:19$2496'.
     1/1: $0\rdata_q[31:0]
Creating decoders for process `$paramod$9a435d8f6db004a67362aa9a56f32ea481a74dbe\ibex_csr.$proc$/work/src/ibex_csr.v:19$2494'.
     1/1: $0\rdata_q[31:0]
Creating decoders for process `$paramod$410b37fbfbfa994790f1902c150d2be939cadb3b\ibex_csr.$proc$/work/src/ibex_csr.v:19$2492'.
     1/1: $0\rdata_q[2:0]
Creating decoders for process `$paramod$85ba01ab5a28334786aba5877c1fe04472f39fba\ibex_csr.$proc$/work/src/ibex_csr.v:19$2490'.
     1/1: $0\rdata_q[31:0]
Creating decoders for process `$paramod$34601000fe8707ce2501f5ed778e152043201712\ibex_csr.$proc$/work/src/ibex_csr.v:19$2488'.
     1/1: $0\rdata_q[6:0]
Creating decoders for process `$paramod\ibex_counter\CounterWidth=s32'00000000000000000000000001000000.$proc$/work/src/ibex_counter.v:0$2487'.
Creating decoders for process `$paramod\ibex_counter\CounterWidth=s32'00000000000000000000000001000000.$proc$/work/src/ibex_counter.v:56$2485'.
     1/1: $0\counter_q[63:0]
Creating decoders for process `$paramod\ibex_counter\CounterWidth=s32'00000000000000000000000001000000.$proc$/work/src/ibex_counter.v:28$2483'.
     1/4: $2\counter_d[63:0]
     2/4: $1\counter_d[63:0]
     3/4: $1\counter_load[63:0] [63:32]
     4/4: $1\counter_load[63:0] [31:0]

53.8. Executing PROC_DLATCH pass (convert process syncs to latches).
No latch inferred for signal `\ibex_top.\gen_noscramble.unused_scramble_inputs' from process `\ibex_top.$proc$/work/src/ibex_top.v:542$800'.
No latch inferred for signal `\ibex_top.\scramble_key_valid_q' from process `\ibex_top.$proc$/work/src/ibex_top.v:556$783'.
No latch inferred for signal `\ibex_top.\scramble_nonce_q' from process `\ibex_top.$proc$/work/src/ibex_top.v:553$782'.
No latch inferred for signal `\ibex_top.\scramble_key_q' from process `\ibex_top.$proc$/work/src/ibex_top.v:550$781'.
No latch inferred for signal `\ibex_top.\scramble_req_q' from process `\ibex_top.$proc$/work/src/ibex_top.v:546$780'.
No latch inferred for signal `$paramod\ibex_alu\RV32B=s32'00000000000000000000000000000000.\_sv2v_0' from process `$paramod\ibex_alu\RV32B=s32'00000000000000000000000000000000.$proc$/work/src/ibex_alu.v:0$2471'.
No latch inferred for signal `$paramod\ibex_alu\RV32B=s32'00000000000000000000000000000000.\imd_val_we_o' from process `$paramod\ibex_alu\RV32B=s32'00000000000000000000000000000000.$proc$/work/src/ibex_alu.v:858$2470'.
No latch inferred for signal `$paramod\ibex_alu\RV32B=s32'00000000000000000000000000000000.\imd_val_d_o' from process `$paramod\ibex_alu\RV32B=s32'00000000000000000000000000000000.$proc$/work/src/ibex_alu.v:855$2469'.
No latch inferred for signal `$paramod\ibex_alu\RV32B=s32'00000000000000000000000000000000.\multicycle_result' from process `$paramod\ibex_alu\RV32B=s32'00000000000000000000000000000000.$proc$/work/src/ibex_alu.v:852$2468'.
No latch inferred for signal `$paramod\ibex_alu\RV32B=s32'00000000000000000000000000000000.\clmul_result' from process `$paramod\ibex_alu\RV32B=s32'00000000000000000000000000000000.$proc$/work/src/ibex_alu.v:849$2467'.
No latch inferred for signal `$paramod\ibex_alu\RV32B=s32'00000000000000000000000000000000.\invbutterfly_result' from process `$paramod\ibex_alu\RV32B=s32'00000000000000000000000000000000.$proc$/work/src/ibex_alu.v:846$2466'.
No latch inferred for signal `$paramod\ibex_alu\RV32B=s32'00000000000000000000000000000000.\butterfly_result' from process `$paramod\ibex_alu\RV32B=s32'00000000000000000000000000000000.$proc$/work/src/ibex_alu.v:843$2465'.
No latch inferred for signal `$paramod\ibex_alu\RV32B=s32'00000000000000000000000000000000.\shuffle_result' from process `$paramod\ibex_alu\RV32B=s32'00000000000000000000000000000000.$proc$/work/src/ibex_alu.v:839$2464'.
No latch inferred for signal `$paramod\ibex_alu\RV32B=s32'00000000000000000000000000000000.\rev_result' from process `$paramod\ibex_alu\RV32B=s32'00000000000000000000000000000000.$proc$/work/src/ibex_alu.v:836$2463'.
No latch inferred for signal `$paramod\ibex_alu\RV32B=s32'00000000000000000000000000000000.\singlebit_result' from process `$paramod\ibex_alu\RV32B=s32'00000000000000000000000000000000.$proc$/work/src/ibex_alu.v:833$2462'.
No latch inferred for signal `$paramod\ibex_alu\RV32B=s32'00000000000000000000000000000000.\pack_result' from process `$paramod\ibex_alu\RV32B=s32'00000000000000000000000000000000.$proc$/work/src/ibex_alu.v:829$2461'.
No latch inferred for signal `$paramod\ibex_alu\RV32B=s32'00000000000000000000000000000000.\result_o' from process `$paramod\ibex_alu\RV32B=s32'00000000000000000000000000000000.$proc$/work/src/ibex_alu.v:861$2460'.
No latch inferred for signal `$paramod\ibex_alu\RV32B=s32'00000000000000000000000000000000.\bwlogic_result' from process `$paramod\ibex_alu\RV32B=s32'00000000000000000000000000000000.$proc$/work/src/ibex_alu.v:247$2459'.
No latch inferred for signal `$paramod\ibex_alu\RV32B=s32'00000000000000000000000000000000.\bwlogic_op_b_negate' from process `$paramod\ibex_alu\RV32B=s32'00000000000000000000000000000000.$proc$/work/src/ibex_alu.v:231$2448'.
No latch inferred for signal `$paramod\ibex_alu\RV32B=s32'00000000000000000000000000000000.\shift_operand' from process `$paramod\ibex_alu\RV32B=s32'00000000000000000000000000000000.$proc$/work/src/ibex_alu.v:200$2442'.
No latch inferred for signal `$paramod\ibex_alu\RV32B=s32'00000000000000000000000000000000.\shift_result_ext_signed' from process `$paramod\ibex_alu\RV32B=s32'00000000000000000000000000000000.$proc$/work/src/ibex_alu.v:200$2442'.
No latch inferred for signal `$paramod\ibex_alu\RV32B=s32'00000000000000000000000000000000.\shift_result_ext' from process `$paramod\ibex_alu\RV32B=s32'00000000000000000000000000000000.$proc$/work/src/ibex_alu.v:200$2442'.
No latch inferred for signal `$paramod\ibex_alu\RV32B=s32'00000000000000000000000000000000.\unused_shift_result_ext' from process `$paramod\ibex_alu\RV32B=s32'00000000000000000000000000000000.$proc$/work/src/ibex_alu.v:200$2442'.
No latch inferred for signal `$paramod\ibex_alu\RV32B=s32'00000000000000000000000000000000.\shift_result' from process `$paramod\ibex_alu\RV32B=s32'00000000000000000000000000000000.$proc$/work/src/ibex_alu.v:200$2442'.
No latch inferred for signal `$paramod\ibex_alu\RV32B=s32'00000000000000000000000000000000.\shift_result_rev' from process `$paramod\ibex_alu\RV32B=s32'00000000000000000000000000000000.$proc$/work/src/ibex_alu.v:200$2442'.
No latch inferred for signal `$paramod\ibex_alu\RV32B=s32'00000000000000000000000000000000.\sv2v_autoblock_1.i' from process `$paramod\ibex_alu\RV32B=s32'00000000000000000000000000000000.$proc$/work/src/ibex_alu.v:200$2442'.
No latch inferred for signal `$paramod\ibex_alu\RV32B=s32'00000000000000000000000000000000.\shift_left' from process `$paramod\ibex_alu\RV32B=s32'00000000000000000000000000000000.$proc$/work/src/ibex_alu.v:180$2440'.
No latch inferred for signal `$paramod\ibex_alu\RV32B=s32'00000000000000000000000000000000.\shift_amt [4:0]' from process `$paramod\ibex_alu\RV32B=s32'00000000000000000000000000000000.$proc$/work/src/ibex_alu.v:171$2434'.
No latch inferred for signal `$paramod\ibex_alu\RV32B=s32'00000000000000000000000000000000.\shift_amt [5]' from process `$paramod\ibex_alu\RV32B=s32'00000000000000000000000000000000.$proc$/work/src/ibex_alu.v:169$2432'.
No latch inferred for signal `$paramod\ibex_alu\RV32B=s32'00000000000000000000000000000000.\cmp_result' from process `$paramod\ibex_alu\RV32B=s32'00000000000000000000000000000000.$proc$/work/src/ibex_alu.v:123$2426'.
No latch inferred for signal `$paramod\ibex_alu\RV32B=s32'00000000000000000000000000000000.\is_greater_equal' from process `$paramod\ibex_alu\RV32B=s32'00000000000000000000000000000000.$proc$/work/src/ibex_alu.v:114$2421'.
No latch inferred for signal `$paramod\ibex_alu\RV32B=s32'00000000000000000000000000000000.\cmp_signed' from process `$paramod\ibex_alu\RV32B=s32'00000000000000000000000000000000.$proc$/work/src/ibex_alu.v:103$2419'.
No latch inferred for signal `$paramod\ibex_alu\RV32B=s32'00000000000000000000000000000000.\adder_in_b' from process `$paramod\ibex_alu\RV32B=s32'00000000000000000000000000000000.$proc$/work/src/ibex_alu.v:87$2417'.
No latch inferred for signal `$paramod\ibex_alu\RV32B=s32'00000000000000000000000000000000.\adder_in_a' from process `$paramod\ibex_alu\RV32B=s32'00000000000000000000000000000000.$proc$/work/src/ibex_alu.v:74$2415'.
No latch inferred for signal `$paramod\ibex_alu\RV32B=s32'00000000000000000000000000000000.\adder_op_a_shift1' from process `$paramod\ibex_alu\RV32B=s32'00000000000000000000000000000000.$proc$/work/src/ibex_alu.v:51$2414'.
No latch inferred for signal `$paramod\ibex_alu\RV32B=s32'00000000000000000000000000000000.\adder_op_a_shift2' from process `$paramod\ibex_alu\RV32B=s32'00000000000000000000000000000000.$proc$/work/src/ibex_alu.v:51$2414'.
No latch inferred for signal `$paramod\ibex_alu\RV32B=s32'00000000000000000000000000000000.\adder_op_a_shift3' from process `$paramod\ibex_alu\RV32B=s32'00000000000000000000000000000000.$proc$/work/src/ibex_alu.v:51$2414'.
No latch inferred for signal `$paramod\ibex_alu\RV32B=s32'00000000000000000000000000000000.\adder_op_b_negate' from process `$paramod\ibex_alu\RV32B=s32'00000000000000000000000000000000.$proc$/work/src/ibex_alu.v:51$2414'.
No latch inferred for signal `$paramod$e6b6d8eec746808c1a487eeea1c00388e00f4eee\ibex_decoder.\_sv2v_0' from process `$paramod$e6b6d8eec746808c1a487eeea1c00388e00f4eee\ibex_decoder.$proc$/work/src/ibex_decoder.v:0$2413'.
No latch inferred for signal `$paramod$e6b6d8eec746808c1a487eeea1c00388e00f4eee\ibex_decoder.\use_rs3_q' from process `$paramod$e6b6d8eec746808c1a487eeea1c00388e00f4eee\ibex_decoder.$proc$/work/src/ibex_decoder.v:186$2411'.
No latch inferred for signal `$paramod$e6b6d8eec746808c1a487eeea1c00388e00f4eee\ibex_decoder.\imm_a_mux_sel_o' from process `$paramod$e6b6d8eec746808c1a487eeea1c00388e00f4eee\ibex_decoder.$proc$/work/src/ibex_decoder.v:682$2386'.
No latch inferred for signal `$paramod$e6b6d8eec746808c1a487eeea1c00388e00f4eee\ibex_decoder.\imm_b_mux_sel_o' from process `$paramod$e6b6d8eec746808c1a487eeea1c00388e00f4eee\ibex_decoder.$proc$/work/src/ibex_decoder.v:682$2386'.
No latch inferred for signal `$paramod$e6b6d8eec746808c1a487eeea1c00388e00f4eee\ibex_decoder.\bt_a_mux_sel_o' from process `$paramod$e6b6d8eec746808c1a487eeea1c00388e00f4eee\ibex_decoder.$proc$/work/src/ibex_decoder.v:682$2386'.
No latch inferred for signal `$paramod$e6b6d8eec746808c1a487eeea1c00388e00f4eee\ibex_decoder.\bt_b_mux_sel_o' from process `$paramod$e6b6d8eec746808c1a487eeea1c00388e00f4eee\ibex_decoder.$proc$/work/src/ibex_decoder.v:682$2386'.
No latch inferred for signal `$paramod$e6b6d8eec746808c1a487eeea1c00388e00f4eee\ibex_decoder.\alu_operator_o' from process `$paramod$e6b6d8eec746808c1a487eeea1c00388e00f4eee\ibex_decoder.$proc$/work/src/ibex_decoder.v:682$2386'.
No latch inferred for signal `$paramod$e6b6d8eec746808c1a487eeea1c00388e00f4eee\ibex_decoder.\alu_op_a_mux_sel_o' from process `$paramod$e6b6d8eec746808c1a487eeea1c00388e00f4eee\ibex_decoder.$proc$/work/src/ibex_decoder.v:682$2386'.
No latch inferred for signal `$paramod$e6b6d8eec746808c1a487eeea1c00388e00f4eee\ibex_decoder.\alu_op_b_mux_sel_o' from process `$paramod$e6b6d8eec746808c1a487eeea1c00388e00f4eee\ibex_decoder.$proc$/work/src/ibex_decoder.v:682$2386'.
No latch inferred for signal `$paramod$e6b6d8eec746808c1a487eeea1c00388e00f4eee\ibex_decoder.\alu_multicycle_o' from process `$paramod$e6b6d8eec746808c1a487eeea1c00388e00f4eee\ibex_decoder.$proc$/work/src/ibex_decoder.v:682$2386'.
No latch inferred for signal `$paramod$e6b6d8eec746808c1a487eeea1c00388e00f4eee\ibex_decoder.\mult_sel_o' from process `$paramod$e6b6d8eec746808c1a487eeea1c00388e00f4eee\ibex_decoder.$proc$/work/src/ibex_decoder.v:682$2386'.
No latch inferred for signal `$paramod$e6b6d8eec746808c1a487eeea1c00388e00f4eee\ibex_decoder.\div_sel_o' from process `$paramod$e6b6d8eec746808c1a487eeea1c00388e00f4eee\ibex_decoder.$proc$/work/src/ibex_decoder.v:682$2386'.
No latch inferred for signal `$paramod$e6b6d8eec746808c1a487eeea1c00388e00f4eee\ibex_decoder.\use_rs3_d' from process `$paramod$e6b6d8eec746808c1a487eeea1c00388e00f4eee\ibex_decoder.$proc$/work/src/ibex_decoder.v:682$2386'.
No latch inferred for signal `$paramod$e6b6d8eec746808c1a487eeea1c00388e00f4eee\ibex_decoder.\opcode_alu' from process `$paramod$e6b6d8eec746808c1a487eeea1c00388e00f4eee\ibex_decoder.$proc$/work/src/ibex_decoder.v:682$2386'.
No latch inferred for signal `$paramod$e6b6d8eec746808c1a487eeea1c00388e00f4eee\ibex_decoder.\data_req_o' from process `$paramod$e6b6d8eec746808c1a487eeea1c00388e00f4eee\ibex_decoder.$proc$/work/src/ibex_decoder.v:228$2324'.
No latch inferred for signal `$paramod$e6b6d8eec746808c1a487eeea1c00388e00f4eee\ibex_decoder.\data_we_o' from process `$paramod$e6b6d8eec746808c1a487eeea1c00388e00f4eee\ibex_decoder.$proc$/work/src/ibex_decoder.v:228$2324'.
No latch inferred for signal `$paramod$e6b6d8eec746808c1a487eeea1c00388e00f4eee\ibex_decoder.\csr_op' from process `$paramod$e6b6d8eec746808c1a487eeea1c00388e00f4eee\ibex_decoder.$proc$/work/src/ibex_decoder.v:228$2324'.
No latch inferred for signal `$paramod$e6b6d8eec746808c1a487eeea1c00388e00f4eee\ibex_decoder.\icache_inval_o' from process `$paramod$e6b6d8eec746808c1a487eeea1c00388e00f4eee\ibex_decoder.$proc$/work/src/ibex_decoder.v:228$2324'.
No latch inferred for signal `$paramod$e6b6d8eec746808c1a487eeea1c00388e00f4eee\ibex_decoder.\csr_access_o' from process `$paramod$e6b6d8eec746808c1a487eeea1c00388e00f4eee\ibex_decoder.$proc$/work/src/ibex_decoder.v:228$2324'.
No latch inferred for signal `$paramod$e6b6d8eec746808c1a487eeea1c00388e00f4eee\ibex_decoder.\rf_ren_a_o' from process `$paramod$e6b6d8eec746808c1a487eeea1c00388e00f4eee\ibex_decoder.$proc$/work/src/ibex_decoder.v:228$2324'.
No latch inferred for signal `$paramod$e6b6d8eec746808c1a487eeea1c00388e00f4eee\ibex_decoder.\rf_ren_b_o' from process `$paramod$e6b6d8eec746808c1a487eeea1c00388e00f4eee\ibex_decoder.$proc$/work/src/ibex_decoder.v:228$2324'.
No latch inferred for signal `$paramod$e6b6d8eec746808c1a487eeea1c00388e00f4eee\ibex_decoder.\cheriot_operator_o' from process `$paramod$e6b6d8eec746808c1a487eeea1c00388e00f4eee\ibex_decoder.$proc$/work/src/ibex_decoder.v:228$2324'.
No latch inferred for signal `$paramod$e6b6d8eec746808c1a487eeea1c00388e00f4eee\ibex_decoder.\cheriot_cap_field_sel_o' from process `$paramod$e6b6d8eec746808c1a487eeea1c00388e00f4eee\ibex_decoder.$proc$/work/src/ibex_decoder.v:228$2324'.
No latch inferred for signal `$paramod$e6b6d8eec746808c1a487eeea1c00388e00f4eee\ibex_decoder.\cheriot_adder_a_sel_o' from process `$paramod$e6b6d8eec746808c1a487eeea1c00388e00f4eee\ibex_decoder.$proc$/work/src/ibex_decoder.v:228$2324'.
No latch inferred for signal `$paramod$e6b6d8eec746808c1a487eeea1c00388e00f4eee\ibex_decoder.\cheriot_adder_b_sel_o' from process `$paramod$e6b6d8eec746808c1a487eeea1c00388e00f4eee\ibex_decoder.$proc$/work/src/ibex_decoder.v:228$2324'.
No latch inferred for signal `$paramod$e6b6d8eec746808c1a487eeea1c00388e00f4eee\ibex_decoder.\cheriot_setaddr_sel_o' from process `$paramod$e6b6d8eec746808c1a487eeea1c00388e00f4eee\ibex_decoder.$proc$/work/src/ibex_decoder.v:228$2324'.
No latch inferred for signal `$paramod$e6b6d8eec746808c1a487eeea1c00388e00f4eee\ibex_decoder.\cheriot_setbounds_sel_o' from process `$paramod$e6b6d8eec746808c1a487eeea1c00388e00f4eee\ibex_decoder.$proc$/work/src/ibex_decoder.v:228$2324'.
No latch inferred for signal `$paramod$e6b6d8eec746808c1a487eeea1c00388e00f4eee\ibex_decoder.\ebrk_insn_o' from process `$paramod$e6b6d8eec746808c1a487eeea1c00388e00f4eee\ibex_decoder.$proc$/work/src/ibex_decoder.v:228$2324'.
No latch inferred for signal `$paramod$e6b6d8eec746808c1a487eeea1c00388e00f4eee\ibex_decoder.\mret_insn_o' from process `$paramod$e6b6d8eec746808c1a487eeea1c00388e00f4eee\ibex_decoder.$proc$/work/src/ibex_decoder.v:228$2324'.
No latch inferred for signal `$paramod$e6b6d8eec746808c1a487eeea1c00388e00f4eee\ibex_decoder.\dret_insn_o' from process `$paramod$e6b6d8eec746808c1a487eeea1c00388e00f4eee\ibex_decoder.$proc$/work/src/ibex_decoder.v:228$2324'.
No latch inferred for signal `$paramod$e6b6d8eec746808c1a487eeea1c00388e00f4eee\ibex_decoder.\ecall_insn_o' from process `$paramod$e6b6d8eec746808c1a487eeea1c00388e00f4eee\ibex_decoder.$proc$/work/src/ibex_decoder.v:228$2324'.
No latch inferred for signal `$paramod$e6b6d8eec746808c1a487eeea1c00388e00f4eee\ibex_decoder.\wfi_insn_o' from process `$paramod$e6b6d8eec746808c1a487eeea1c00388e00f4eee\ibex_decoder.$proc$/work/src/ibex_decoder.v:228$2324'.
No latch inferred for signal `$paramod$e6b6d8eec746808c1a487eeea1c00388e00f4eee\ibex_decoder.\jump_set_o' from process `$paramod$e6b6d8eec746808c1a487eeea1c00388e00f4eee\ibex_decoder.$proc$/work/src/ibex_decoder.v:228$2324'.
No latch inferred for signal `$paramod$e6b6d8eec746808c1a487eeea1c00388e00f4eee\ibex_decoder.\rf_wdata_sel_o' from process `$paramod$e6b6d8eec746808c1a487eeea1c00388e00f4eee\ibex_decoder.$proc$/work/src/ibex_decoder.v:228$2324'.
No latch inferred for signal `$paramod$e6b6d8eec746808c1a487eeea1c00388e00f4eee\ibex_decoder.\multdiv_operator_o' from process `$paramod$e6b6d8eec746808c1a487eeea1c00388e00f4eee\ibex_decoder.$proc$/work/src/ibex_decoder.v:228$2324'.
No latch inferred for signal `$paramod$e6b6d8eec746808c1a487eeea1c00388e00f4eee\ibex_decoder.\multdiv_signed_mode_o' from process `$paramod$e6b6d8eec746808c1a487eeea1c00388e00f4eee\ibex_decoder.$proc$/work/src/ibex_decoder.v:228$2324'.
No latch inferred for signal `$paramod$e6b6d8eec746808c1a487eeea1c00388e00f4eee\ibex_decoder.\csr_cheriot_always_ok_o' from process `$paramod$e6b6d8eec746808c1a487eeea1c00388e00f4eee\ibex_decoder.$proc$/work/src/ibex_decoder.v:228$2324'.
No latch inferred for signal `$paramod$e6b6d8eec746808c1a487eeea1c00388e00f4eee\ibex_decoder.\cheriot_data_req_o' from process `$paramod$e6b6d8eec746808c1a487eeea1c00388e00f4eee\ibex_decoder.$proc$/work/src/ibex_decoder.v:228$2324'.
No latch inferred for signal `$paramod$e6b6d8eec746808c1a487eeea1c00388e00f4eee\ibex_decoder.\data_type_o' from process `$paramod$e6b6d8eec746808c1a487eeea1c00388e00f4eee\ibex_decoder.$proc$/work/src/ibex_decoder.v:228$2324'.
No latch inferred for signal `$paramod$e6b6d8eec746808c1a487eeea1c00388e00f4eee\ibex_decoder.\data_sign_extension_o' from process `$paramod$e6b6d8eec746808c1a487eeea1c00388e00f4eee\ibex_decoder.$proc$/work/src/ibex_decoder.v:228$2324'.
No latch inferred for signal `$paramod$e6b6d8eec746808c1a487eeea1c00388e00f4eee\ibex_decoder.\jump_in_dec_o' from process `$paramod$e6b6d8eec746808c1a487eeea1c00388e00f4eee\ibex_decoder.$proc$/work/src/ibex_decoder.v:228$2324'.
No latch inferred for signal `$paramod$e6b6d8eec746808c1a487eeea1c00388e00f4eee\ibex_decoder.\branch_in_dec_o' from process `$paramod$e6b6d8eec746808c1a487eeea1c00388e00f4eee\ibex_decoder.$proc$/work/src/ibex_decoder.v:228$2324'.
No latch inferred for signal `$paramod$e6b6d8eec746808c1a487eeea1c00388e00f4eee\ibex_decoder.\instr_is_cheriot_o' from process `$paramod$e6b6d8eec746808c1a487eeea1c00388e00f4eee\ibex_decoder.$proc$/work/src/ibex_decoder.v:228$2324'.
No latch inferred for signal `$paramod$e6b6d8eec746808c1a487eeea1c00388e00f4eee\ibex_decoder.\illegal_insn' from process `$paramod$e6b6d8eec746808c1a487eeea1c00388e00f4eee\ibex_decoder.$proc$/work/src/ibex_decoder.v:228$2324'.
No latch inferred for signal `$paramod$e6b6d8eec746808c1a487eeea1c00388e00f4eee\ibex_decoder.\csr_illegal' from process `$paramod$e6b6d8eec746808c1a487eeea1c00388e00f4eee\ibex_decoder.$proc$/work/src/ibex_decoder.v:228$2324'.
No latch inferred for signal `$paramod$e6b6d8eec746808c1a487eeea1c00388e00f4eee\ibex_decoder.\rf_we' from process `$paramod$e6b6d8eec746808c1a487eeea1c00388e00f4eee\ibex_decoder.$proc$/work/src/ibex_decoder.v:228$2324'.
No latch inferred for signal `$paramod$e6b6d8eec746808c1a487eeea1c00388e00f4eee\ibex_decoder.\opcode' from process `$paramod$e6b6d8eec746808c1a487eeea1c00388e00f4eee\ibex_decoder.$proc$/work/src/ibex_decoder.v:228$2324'.
No latch inferred for signal `$paramod$e6b6d8eec746808c1a487eeea1c00388e00f4eee\ibex_decoder.\csr_op_o' from process `$paramod$e6b6d8eec746808c1a487eeea1c00388e00f4eee\ibex_decoder.$proc$/work/src/ibex_decoder.v:221$2318'.
No latch inferred for signal `$paramod$ad32fe27c0dd24fa98ff040673e62dee8d3b63ce\ibex_controller.\_sv2v_0' from process `$paramod$ad32fe27c0dd24fa98ff040673e62dee8d3b63ce\ibex_controller.$proc$/work/src/ibex_controller.v:0$2311'.
No latch inferred for signal `$paramod$ad32fe27c0dd24fa98ff040673e62dee8d3b63ce\ibex_controller.\cheriot_asr_err_q' from process `$paramod$ad32fe27c0dd24fa98ff040673e62dee8d3b63ce\ibex_controller.$proc$/work/src/ibex_controller.v:779$2310'.
No latch inferred for signal `$paramod$ad32fe27c0dd24fa98ff040673e62dee8d3b63ce\ibex_controller.\cheriot_wb_err_q' from process `$paramod$ad32fe27c0dd24fa98ff040673e62dee8d3b63ce\ibex_controller.$proc$/work/src/ibex_controller.v:776$2309'.
No latch inferred for signal `$paramod$ad32fe27c0dd24fa98ff040673e62dee8d3b63ce\ibex_controller.\cheriot_ex_err_q' from process `$paramod$ad32fe27c0dd24fa98ff040673e62dee8d3b63ce\ibex_controller.$proc$/work/src/ibex_controller.v:773$2308'.
No latch inferred for signal `$paramod$ad32fe27c0dd24fa98ff040673e62dee8d3b63ce\ibex_controller.\lsu_err_is_cheriot_q' from process `$paramod$ad32fe27c0dd24fa98ff040673e62dee8d3b63ce\ibex_controller.$proc$/work/src/ibex_controller.v:770$2307'.
No latch inferred for signal `$paramod$ad32fe27c0dd24fa98ff040673e62dee8d3b63ce\ibex_controller.\instr_fetch_err_prio' from process `$paramod$ad32fe27c0dd24fa98ff040673e62dee8d3b63ce\ibex_controller.$proc$/work/src/ibex_controller.v:279$2295'.
No latch inferred for signal `$paramod$ad32fe27c0dd24fa98ff040673e62dee8d3b63ce\ibex_controller.\illegal_insn_prio' from process `$paramod$ad32fe27c0dd24fa98ff040673e62dee8d3b63ce\ibex_controller.$proc$/work/src/ibex_controller.v:279$2295'.
No latch inferred for signal `$paramod$ad32fe27c0dd24fa98ff040673e62dee8d3b63ce\ibex_controller.\ecall_insn_prio' from process `$paramod$ad32fe27c0dd24fa98ff040673e62dee8d3b63ce\ibex_controller.$proc$/work/src/ibex_controller.v:279$2295'.
No latch inferred for signal `$paramod$ad32fe27c0dd24fa98ff040673e62dee8d3b63ce\ibex_controller.\ebrk_insn_prio' from process `$paramod$ad32fe27c0dd24fa98ff040673e62dee8d3b63ce\ibex_controller.$proc$/work/src/ibex_controller.v:279$2295'.
No latch inferred for signal `$paramod$ad32fe27c0dd24fa98ff040673e62dee8d3b63ce\ibex_controller.\store_err_prio' from process `$paramod$ad32fe27c0dd24fa98ff040673e62dee8d3b63ce\ibex_controller.$proc$/work/src/ibex_controller.v:279$2295'.
No latch inferred for signal `$paramod$ad32fe27c0dd24fa98ff040673e62dee8d3b63ce\ibex_controller.\load_err_prio' from process `$paramod$ad32fe27c0dd24fa98ff040673e62dee8d3b63ce\ibex_controller.$proc$/work/src/ibex_controller.v:279$2295'.
No latch inferred for signal `$paramod$ad32fe27c0dd24fa98ff040673e62dee8d3b63ce\ibex_controller.\cheriot_ex_err_prio' from process `$paramod$ad32fe27c0dd24fa98ff040673e62dee8d3b63ce\ibex_controller.$proc$/work/src/ibex_controller.v:279$2295'.
No latch inferred for signal `$paramod$ad32fe27c0dd24fa98ff040673e62dee8d3b63ce\ibex_controller.\cheriot_wb_err_prio' from process `$paramod$ad32fe27c0dd24fa98ff040673e62dee8d3b63ce\ibex_controller.$proc$/work/src/ibex_controller.v:279$2295'.
No latch inferred for signal `$paramod$ad32fe27c0dd24fa98ff040673e62dee8d3b63ce\ibex_controller.\cheriot_asr_err_prio' from process `$paramod$ad32fe27c0dd24fa98ff040673e62dee8d3b63ce\ibex_controller.$proc$/work/src/ibex_controller.v:279$2295'.
No latch inferred for signal `$paramod$ad32fe27c0dd24fa98ff040673e62dee8d3b63ce\ibex_controller.\instr_req_o' from process `$paramod$ad32fe27c0dd24fa98ff040673e62dee8d3b63ce\ibex_controller.$proc$/work/src/ibex_controller.v:437$2204'.
No latch inferred for signal `$paramod$ad32fe27c0dd24fa98ff040673e62dee8d3b63ce\ibex_controller.\ctrl_busy_o' from process `$paramod$ad32fe27c0dd24fa98ff040673e62dee8d3b63ce\ibex_controller.$proc$/work/src/ibex_controller.v:437$2204'.
No latch inferred for signal `$paramod$ad32fe27c0dd24fa98ff040673e62dee8d3b63ce\ibex_controller.\pc_set_o' from process `$paramod$ad32fe27c0dd24fa98ff040673e62dee8d3b63ce\ibex_controller.$proc$/work/src/ibex_controller.v:437$2204'.
No latch inferred for signal `$paramod$ad32fe27c0dd24fa98ff040673e62dee8d3b63ce\ibex_controller.\pc_mux_o' from process `$paramod$ad32fe27c0dd24fa98ff040673e62dee8d3b63ce\ibex_controller.$proc$/work/src/ibex_controller.v:437$2204'.
No latch inferred for signal `$paramod$ad32fe27c0dd24fa98ff040673e62dee8d3b63ce\ibex_controller.\nt_branch_mispredict_o' from process `$paramod$ad32fe27c0dd24fa98ff040673e62dee8d3b63ce\ibex_controller.$proc$/work/src/ibex_controller.v:437$2204'.
No latch inferred for signal `$paramod$ad32fe27c0dd24fa98ff040673e62dee8d3b63ce\ibex_controller.\exc_pc_mux_o' from process `$paramod$ad32fe27c0dd24fa98ff040673e62dee8d3b63ce\ibex_controller.$proc$/work/src/ibex_controller.v:437$2204'.
No latch inferred for signal `$paramod$ad32fe27c0dd24fa98ff040673e62dee8d3b63ce\ibex_controller.\exc_cause_o' from process `$paramod$ad32fe27c0dd24fa98ff040673e62dee8d3b63ce\ibex_controller.$proc$/work/src/ibex_controller.v:437$2204'.
No latch inferred for signal `$paramod$ad32fe27c0dd24fa98ff040673e62dee8d3b63ce\ibex_controller.\csr_save_if_o' from process `$paramod$ad32fe27c0dd24fa98ff040673e62dee8d3b63ce\ibex_controller.$proc$/work/src/ibex_controller.v:437$2204'.
No latch inferred for signal `$paramod$ad32fe27c0dd24fa98ff040673e62dee8d3b63ce\ibex_controller.\csr_save_id_o' from process `$paramod$ad32fe27c0dd24fa98ff040673e62dee8d3b63ce\ibex_controller.$proc$/work/src/ibex_controller.v:437$2204'.
No latch inferred for signal `$paramod$ad32fe27c0dd24fa98ff040673e62dee8d3b63ce\ibex_controller.\csr_save_wb_o' from process `$paramod$ad32fe27c0dd24fa98ff040673e62dee8d3b63ce\ibex_controller.$proc$/work/src/ibex_controller.v:437$2204'.
No latch inferred for signal `$paramod$ad32fe27c0dd24fa98ff040673e62dee8d3b63ce\ibex_controller.\csr_restore_mret_id_o' from process `$paramod$ad32fe27c0dd24fa98ff040673e62dee8d3b63ce\ibex_controller.$proc$/work/src/ibex_controller.v:437$2204'.
No latch inferred for signal `$paramod$ad32fe27c0dd24fa98ff040673e62dee8d3b63ce\ibex_controller.\csr_restore_dret_id_o' from process `$paramod$ad32fe27c0dd24fa98ff040673e62dee8d3b63ce\ibex_controller.$proc$/work/src/ibex_controller.v:437$2204'.
No latch inferred for signal `$paramod$ad32fe27c0dd24fa98ff040673e62dee8d3b63ce\ibex_controller.\csr_save_cause_o' from process `$paramod$ad32fe27c0dd24fa98ff040673e62dee8d3b63ce\ibex_controller.$proc$/work/src/ibex_controller.v:437$2204'.
No latch inferred for signal `$paramod$ad32fe27c0dd24fa98ff040673e62dee8d3b63ce\ibex_controller.\csr_mepcc_clrtag_o' from process `$paramod$ad32fe27c0dd24fa98ff040673e62dee8d3b63ce\ibex_controller.$proc$/work/src/ibex_controller.v:437$2204'.
No latch inferred for signal `$paramod$ad32fe27c0dd24fa98ff040673e62dee8d3b63ce\ibex_controller.\csr_mtval_o' from process `$paramod$ad32fe27c0dd24fa98ff040673e62dee8d3b63ce\ibex_controller.$proc$/work/src/ibex_controller.v:437$2204'.
No latch inferred for signal `$paramod$ad32fe27c0dd24fa98ff040673e62dee8d3b63ce\ibex_controller.\debug_mode_entering_o' from process `$paramod$ad32fe27c0dd24fa98ff040673e62dee8d3b63ce\ibex_controller.$proc$/work/src/ibex_controller.v:437$2204'.
No latch inferred for signal `$paramod$ad32fe27c0dd24fa98ff040673e62dee8d3b63ce\ibex_controller.\debug_csr_save_o' from process `$paramod$ad32fe27c0dd24fa98ff040673e62dee8d3b63ce\ibex_controller.$proc$/work/src/ibex_controller.v:437$2204'.
No latch inferred for signal `$paramod$ad32fe27c0dd24fa98ff040673e62dee8d3b63ce\ibex_controller.\perf_jump_o' from process `$paramod$ad32fe27c0dd24fa98ff040673e62dee8d3b63ce\ibex_controller.$proc$/work/src/ibex_controller.v:437$2204'.
No latch inferred for signal `$paramod$ad32fe27c0dd24fa98ff040673e62dee8d3b63ce\ibex_controller.\perf_tbranch_o' from process `$paramod$ad32fe27c0dd24fa98ff040673e62dee8d3b63ce\ibex_controller.$proc$/work/src/ibex_controller.v:437$2204'.
No latch inferred for signal `$paramod$ad32fe27c0dd24fa98ff040673e62dee8d3b63ce\ibex_controller.\flush_id' from process `$paramod$ad32fe27c0dd24fa98ff040673e62dee8d3b63ce\ibex_controller.$proc$/work/src/ibex_controller.v:437$2204'.
No latch inferred for signal `$paramod$ad32fe27c0dd24fa98ff040673e62dee8d3b63ce\ibex_controller.\controller_run_o' from process `$paramod$ad32fe27c0dd24fa98ff040673e62dee8d3b63ce\ibex_controller.$proc$/work/src/ibex_controller.v:437$2204'.
No latch inferred for signal `$paramod$ad32fe27c0dd24fa98ff040673e62dee8d3b63ce\ibex_controller.\ctrl_fsm_ns' from process `$paramod$ad32fe27c0dd24fa98ff040673e62dee8d3b63ce\ibex_controller.$proc$/work/src/ibex_controller.v:437$2204'.
No latch inferred for signal `$paramod$ad32fe27c0dd24fa98ff040673e62dee8d3b63ce\ibex_controller.\nmi_mode_d' from process `$paramod$ad32fe27c0dd24fa98ff040673e62dee8d3b63ce\ibex_controller.$proc$/work/src/ibex_controller.v:437$2204'.
No latch inferred for signal `$paramod$ad32fe27c0dd24fa98ff040673e62dee8d3b63ce\ibex_controller.\debug_mode_d' from process `$paramod$ad32fe27c0dd24fa98ff040673e62dee8d3b63ce\ibex_controller.$proc$/work/src/ibex_controller.v:437$2204'.
No latch inferred for signal `$paramod$ad32fe27c0dd24fa98ff040673e62dee8d3b63ce\ibex_controller.\halt_if' from process `$paramod$ad32fe27c0dd24fa98ff040673e62dee8d3b63ce\ibex_controller.$proc$/work/src/ibex_controller.v:437$2204'.
No latch inferred for signal `$paramod$ad32fe27c0dd24fa98ff040673e62dee8d3b63ce\ibex_controller.\retain_id' from process `$paramod$ad32fe27c0dd24fa98ff040673e62dee8d3b63ce\ibex_controller.$proc$/work/src/ibex_controller.v:437$2204'.
No latch inferred for signal `$paramod$ad32fe27c0dd24fa98ff040673e62dee8d3b63ce\ibex_controller.\sv2v_cast_5$func$/work/src/ibex_controller.v:552$2115.$result' from process `$paramod$ad32fe27c0dd24fa98ff040673e62dee8d3b63ce\ibex_controller.$proc$/work/src/ibex_controller.v:437$2204'.
No latch inferred for signal `$paramod$ad32fe27c0dd24fa98ff040673e62dee8d3b63ce\ibex_controller.\sv2v_cast_5$func$/work/src/ibex_controller.v:552$2115.inp' from process `$paramod$ad32fe27c0dd24fa98ff040673e62dee8d3b63ce\ibex_controller.$proc$/work/src/ibex_controller.v:437$2204'.
No latch inferred for signal `$paramod$ad32fe27c0dd24fa98ff040673e62dee8d3b63ce\ibex_controller.\mfip_id' from process `$paramod$ad32fe27c0dd24fa98ff040673e62dee8d3b63ce\ibex_controller.$proc$/work/src/ibex_controller.v:399$2196'.
No latch inferred for signal `$paramod$ad32fe27c0dd24fa98ff040673e62dee8d3b63ce\ibex_controller.\gen_mfip_id.sv2v_autoblock_1.i' from process `$paramod$ad32fe27c0dd24fa98ff040673e62dee8d3b63ce\ibex_controller.$proc$/work/src/ibex_controller.v:399$2196'.
No latch inferred for signal `$paramod$7cc7cec1e088fedd9ad9b2063ed6f6f72cf9bb0e\ibex_compressed_decoder.\_sv2v_0' from process `$paramod$7cc7cec1e088fedd9ad9b2063ed6f6f72cf9bb0e\ibex_compressed_decoder.$proc$/work/src/ibex_compressed_decoder.v:0$2114'.
No latch inferred for signal `$paramod$7cc7cec1e088fedd9ad9b2063ed6f6f72cf9bb0e\ibex_compressed_decoder.\cm_sp_offset_d' from process `$paramod$7cc7cec1e088fedd9ad9b2063ed6f6f72cf9bb0e\ibex_compressed_decoder.$proc$/work/src/ibex_compressed_decoder.v:203$2065'.
No latch inferred for signal `$paramod$7cc7cec1e088fedd9ad9b2063ed6f6f72cf9bb0e\ibex_compressed_decoder.\cm_rlist_d' from process `$paramod$7cc7cec1e088fedd9ad9b2063ed6f6f72cf9bb0e\ibex_compressed_decoder.$proc$/work/src/ibex_compressed_decoder.v:203$2065'.
No latch inferred for signal `$paramod$7cc7cec1e088fedd9ad9b2063ed6f6f72cf9bb0e\ibex_compressed_decoder.\gets_expanded' from process `$paramod$7cc7cec1e088fedd9ad9b2063ed6f6f72cf9bb0e\ibex_compressed_decoder.$proc$/work/src/ibex_compressed_decoder.v:203$2065'.
No latch inferred for signal `$paramod$7cc7cec1e088fedd9ad9b2063ed6f6f72cf9bb0e\ibex_compressed_decoder.\cm_state_d' from process `$paramod$7cc7cec1e088fedd9ad9b2063ed6f6f72cf9bb0e\ibex_compressed_decoder.$proc$/work/src/ibex_compressed_decoder.v:203$2065'.
No latch inferred for signal `$paramod$7cc7cec1e088fedd9ad9b2063ed6f6f72cf9bb0e\ibex_compressed_decoder.\instr_o' from process `$paramod$7cc7cec1e088fedd9ad9b2063ed6f6f72cf9bb0e\ibex_compressed_decoder.$proc$/work/src/ibex_compressed_decoder.v:203$2065'.
No latch inferred for signal `$paramod$7cc7cec1e088fedd9ad9b2063ed6f6f72cf9bb0e\ibex_compressed_decoder.\illegal_instr_o' from process `$paramod$7cc7cec1e088fedd9ad9b2063ed6f6f72cf9bb0e\ibex_compressed_decoder.$proc$/work/src/ibex_compressed_decoder.v:203$2065'.
No latch inferred for signal `$paramod$02c313747c8f25d335ac7182387c56521505fa11\ibex_core.\pmp_req_err[0]' from process `$paramod$02c313747c8f25d335ac7182387c56521505fa11\ibex_core.$proc$/work/src/ibex_core.v:0$2011'.
No latch inferred for signal `$paramod$02c313747c8f25d335ac7182387c56521505fa11\ibex_core.\pmp_req_err[1]' from process `$paramod$02c313747c8f25d335ac7182387c56521505fa11\ibex_core.$proc$/work/src/ibex_core.v:0$2011'.
No latch inferred for signal `$paramod$02c313747c8f25d335ac7182387c56521505fa11\ibex_core.\pmp_req_err[2]' from process `$paramod$02c313747c8f25d335ac7182387c56521505fa11\ibex_core.$proc$/work/src/ibex_core.v:0$2011'.
No latch inferred for signal `$paramod$02c313747c8f25d335ac7182387c56521505fa11\ibex_core.\ibex_cheriot_pkg_cheriot_regcap_to_vec$func$/work/src/ibex_core.v:1096$1928.$result' from process `$paramod$02c313747c8f25d335ac7182387c56521505fa11\ibex_core.$proc$/work/src/ibex_core.v:0$2005'.
No latch inferred for signal `$paramod$02c313747c8f25d335ac7182387c56521505fa11\ibex_core.\ibex_cheriot_pkg_cheriot_regcap_to_vec$func$/work/src/ibex_core.v:1096$1933.$result' from process `$paramod$02c313747c8f25d335ac7182387c56521505fa11\ibex_core.$proc$/work/src/ibex_core.v:0$2005'.
No latch inferred for signal `$paramod$02c313747c8f25d335ac7182387c56521505fa11\ibex_core.\ibex_cheriot_pkg_cheriot_regcap_to_vec$func$/work/src/ibex_core.v:1096$1933.cap' from process `$paramod$02c313747c8f25d335ac7182387c56521505fa11\ibex_core.$proc$/work/src/ibex_core.v:0$2005'.
No latch inferred for signal `$paramod$02c313747c8f25d335ac7182387c56521505fa11\ibex_core.\sv2v_cast_11991$func$/work/src/ibex_core.v:1024$1934.$result' from process `$paramod$02c313747c8f25d335ac7182387c56521505fa11\ibex_core.$proc$/work/src/ibex_core.v:0$2005'.
No latch inferred for signal `$paramod$02c313747c8f25d335ac7182387c56521505fa11\ibex_core.\sv2v_cast_11991$func$/work/src/ibex_core.v:1024$1934.inp' from process `$paramod$02c313747c8f25d335ac7182387c56521505fa11\ibex_core.$proc$/work/src/ibex_core.v:0$2005'.
No latch inferred for signal `$paramod$02c313747c8f25d335ac7182387c56521505fa11\ibex_core.\ibex_cheriot_pkg_cheriot_vec_to_regcap$func$/work/src/ibex_core.v:274$1924.$result' from process `$paramod$02c313747c8f25d335ac7182387c56521505fa11\ibex_core.$proc$/work/src/ibex_core.v:0$1954'.
No latch inferred for signal `$paramod$02c313747c8f25d335ac7182387c56521505fa11\ibex_core.\ibex_cheriot_pkg_cheriot_vec_to_regcap$func$/work/src/ibex_core.v:274$1931.$result' from process `$paramod$02c313747c8f25d335ac7182387c56521505fa11\ibex_core.$proc$/work/src/ibex_core.v:0$1954'.
No latch inferred for signal `$paramod$02c313747c8f25d335ac7182387c56521505fa11\ibex_core.\ibex_cheriot_pkg_cheriot_vec_to_regcap$func$/work/src/ibex_core.v:274$1931.vec_in' from process `$paramod$02c313747c8f25d335ac7182387c56521505fa11\ibex_core.$proc$/work/src/ibex_core.v:0$1954'.
No latch inferred for signal `$paramod$02c313747c8f25d335ac7182387c56521505fa11\ibex_core.\sv2v_cast_89126$func$/work/src/ibex_core.v:271$1932.$result' from process `$paramod$02c313747c8f25d335ac7182387c56521505fa11\ibex_core.$proc$/work/src/ibex_core.v:0$1954'.
No latch inferred for signal `$paramod$02c313747c8f25d335ac7182387c56521505fa11\ibex_core.\sv2v_cast_89126$func$/work/src/ibex_core.v:271$1932.inp' from process `$paramod$02c313747c8f25d335ac7182387c56521505fa11\ibex_core.$proc$/work/src/ibex_core.v:0$1954'.
No latch inferred for signal `$paramod$02c313747c8f25d335ac7182387c56521505fa11\ibex_core.\ibex_cheriot_pkg_cheriot_vec_to_regcap$func$/work/src/ibex_core.v:273$1923.$result' from process `$paramod$02c313747c8f25d335ac7182387c56521505fa11\ibex_core.$proc$/work/src/ibex_core.v:0$1948'.
No latch inferred for signal `$paramod$02c313747c8f25d335ac7182387c56521505fa11\ibex_core.\ibex_cheriot_pkg_cheriot_vec_to_regcap$func$/work/src/ibex_core.v:273$1929.$result' from process `$paramod$02c313747c8f25d335ac7182387c56521505fa11\ibex_core.$proc$/work/src/ibex_core.v:0$1948'.
No latch inferred for signal `$paramod$02c313747c8f25d335ac7182387c56521505fa11\ibex_core.\ibex_cheriot_pkg_cheriot_vec_to_regcap$func$/work/src/ibex_core.v:273$1929.vec_in' from process `$paramod$02c313747c8f25d335ac7182387c56521505fa11\ibex_core.$proc$/work/src/ibex_core.v:0$1948'.
No latch inferred for signal `$paramod$02c313747c8f25d335ac7182387c56521505fa11\ibex_core.\sv2v_cast_89126$func$/work/src/ibex_core.v:271$1930.$result' from process `$paramod$02c313747c8f25d335ac7182387c56521505fa11\ibex_core.$proc$/work/src/ibex_core.v:0$1948'.
No latch inferred for signal `$paramod$02c313747c8f25d335ac7182387c56521505fa11\ibex_core.\sv2v_cast_89126$func$/work/src/ibex_core.v:271$1930.inp' from process `$paramod$02c313747c8f25d335ac7182387c56521505fa11\ibex_core.$proc$/work/src/ibex_core.v:0$1948'.
No latch inferred for signal `$paramod$b9b2e5d491bd09fc2169df619ac80edcbdafa2a9\ibex_id_stage.\_sv2v_0' from process `$paramod$b9b2e5d491bd09fc2169df619ac80edcbdafa2a9\ibex_id_stage.$proc$/work/src/ibex_id_stage.v:0$1810'.
No latch inferred for signal `$paramod$b9b2e5d491bd09fc2169df619ac80edcbdafa2a9\ibex_id_stage.\imm_b' from process `$paramod$b9b2e5d491bd09fc2169df619ac80edcbdafa2a9\ibex_id_stage.$proc$/work/src/ibex_id_stage.v:467$1731'.
No latch inferred for signal `$paramod$b9b2e5d491bd09fc2169df619ac80edcbdafa2a9\ibex_id_stage.\bt_b_operand_o' from process `$paramod$b9b2e5d491bd09fc2169df619ac80edcbdafa2a9\ibex_id_stage.$proc$/work/src/ibex_id_stage.v:466$1730'.
No latch inferred for signal `$paramod$b9b2e5d491bd09fc2169df619ac80edcbdafa2a9\ibex_id_stage.\bt_a_operand_o' from process `$paramod$b9b2e5d491bd09fc2169df619ac80edcbdafa2a9\ibex_id_stage.$proc$/work/src/ibex_id_stage.v:463$1729'.
No latch inferred for signal `$paramod$b9b2e5d491bd09fc2169df619ac80edcbdafa2a9\ibex_id_stage.\perf_branch_o' from process `$paramod$b9b2e5d491bd09fc2169df619ac80edcbdafa2a9\ibex_id_stage.$proc$/work/src/ibex_id_stage.v:754$1678'.
No latch inferred for signal `$paramod$b9b2e5d491bd09fc2169df619ac80edcbdafa2a9\ibex_id_stage.\branch_set_raw_d' from process `$paramod$b9b2e5d491bd09fc2169df619ac80edcbdafa2a9\ibex_id_stage.$proc$/work/src/ibex_id_stage.v:754$1678'.
No latch inferred for signal `$paramod$b9b2e5d491bd09fc2169df619ac80edcbdafa2a9\ibex_id_stage.\branch_not_set' from process `$paramod$b9b2e5d491bd09fc2169df619ac80edcbdafa2a9\ibex_id_stage.$proc$/work/src/ibex_id_stage.v:754$1678'.
No latch inferred for signal `$paramod$b9b2e5d491bd09fc2169df619ac80edcbdafa2a9\ibex_id_stage.\jump_set_raw' from process `$paramod$b9b2e5d491bd09fc2169df619ac80edcbdafa2a9\ibex_id_stage.$proc$/work/src/ibex_id_stage.v:754$1678'.
No latch inferred for signal `$paramod$b9b2e5d491bd09fc2169df619ac80edcbdafa2a9\ibex_id_stage.\stall_multdiv' from process `$paramod$b9b2e5d491bd09fc2169df619ac80edcbdafa2a9\ibex_id_stage.$proc$/work/src/ibex_id_stage.v:754$1678'.
No latch inferred for signal `$paramod$b9b2e5d491bd09fc2169df619ac80edcbdafa2a9\ibex_id_stage.\stall_branch' from process `$paramod$b9b2e5d491bd09fc2169df619ac80edcbdafa2a9\ibex_id_stage.$proc$/work/src/ibex_id_stage.v:754$1678'.
No latch inferred for signal `$paramod$b9b2e5d491bd09fc2169df619ac80edcbdafa2a9\ibex_id_stage.\stall_jump' from process `$paramod$b9b2e5d491bd09fc2169df619ac80edcbdafa2a9\ibex_id_stage.$proc$/work/src/ibex_id_stage.v:754$1678'.
No latch inferred for signal `$paramod$b9b2e5d491bd09fc2169df619ac80edcbdafa2a9\ibex_id_stage.\rf_we_raw' from process `$paramod$b9b2e5d491bd09fc2169df619ac80edcbdafa2a9\ibex_id_stage.$proc$/work/src/ibex_id_stage.v:754$1678'.
No latch inferred for signal `$paramod$b9b2e5d491bd09fc2169df619ac80edcbdafa2a9\ibex_id_stage.\stall_alu' from process `$paramod$b9b2e5d491bd09fc2169df619ac80edcbdafa2a9\ibex_id_stage.$proc$/work/src/ibex_id_stage.v:754$1678'.
No latch inferred for signal `$paramod$b9b2e5d491bd09fc2169df619ac80edcbdafa2a9\ibex_id_stage.\id_fsm_d' from process `$paramod$b9b2e5d491bd09fc2169df619ac80edcbdafa2a9\ibex_id_stage.$proc$/work/src/ibex_id_stage.v:754$1678'.
No latch inferred for signal `$paramod$b9b2e5d491bd09fc2169df619ac80edcbdafa2a9\ibex_id_stage.\rf_wdata_id_o' from process `$paramod$b9b2e5d491bd09fc2169df619ac80edcbdafa2a9\ibex_id_stage.$proc$/work/src/ibex_id_stage.v:499$1632'.
No latch inferred for signal `$paramod$b9b2e5d491bd09fc2169df619ac80edcbdafa2a9\ibex_id_stage.\alu_operand_a' from process `$paramod$b9b2e5d491bd09fc2169df619ac80edcbdafa2a9\ibex_id_stage.$proc$/work/src/ibex_id_stage.v:406$1626'.
No latch inferred for signal `$paramod$a1f82ff8dd7f02ea405ce72f1e83a511ee16121c\ibex_load_store_unit.\_sv2v_0' from process `$paramod$a1f82ff8dd7f02ea405ce72f1e83a511ee16121c\ibex_load_store_unit.$proc$/work/src/ibex_load_store_unit.v:0$1603'.
No latch inferred for signal `$paramod$a1f82ff8dd7f02ea405ce72f1e83a511ee16121c\ibex_load_store_unit.\cap_rx_fsm_d' from process `$paramod$a1f82ff8dd7f02ea405ce72f1e83a511ee16121c\ibex_load_store_unit.$proc$/work/src/ibex_load_store_unit.v:504$1545'.
No latch inferred for signal `$paramod$a1f82ff8dd7f02ea405ce72f1e83a511ee16121c\ibex_load_store_unit.\data_req_o' from process `$paramod$a1f82ff8dd7f02ea405ce72f1e83a511ee16121c\ibex_load_store_unit.$proc$/work/src/ibex_load_store_unit.v:356$1512'.
No latch inferred for signal `$paramod$a1f82ff8dd7f02ea405ce72f1e83a511ee16121c\ibex_load_store_unit.\addr_incr_req_o' from process `$paramod$a1f82ff8dd7f02ea405ce72f1e83a511ee16121c\ibex_load_store_unit.$proc$/work/src/ibex_load_store_unit.v:356$1512'.
No latch inferred for signal `$paramod$a1f82ff8dd7f02ea405ce72f1e83a511ee16121c\ibex_load_store_unit.\perf_load_o' from process `$paramod$a1f82ff8dd7f02ea405ce72f1e83a511ee16121c\ibex_load_store_unit.$proc$/work/src/ibex_load_store_unit.v:356$1512'.
No latch inferred for signal `$paramod$a1f82ff8dd7f02ea405ce72f1e83a511ee16121c\ibex_load_store_unit.\perf_store_o' from process `$paramod$a1f82ff8dd7f02ea405ce72f1e83a511ee16121c\ibex_load_store_unit.$proc$/work/src/ibex_load_store_unit.v:356$1512'.
No latch inferred for signal `$paramod$a1f82ff8dd7f02ea405ce72f1e83a511ee16121c\ibex_load_store_unit.\addr_update' from process `$paramod$a1f82ff8dd7f02ea405ce72f1e83a511ee16121c\ibex_load_store_unit.$proc$/work/src/ibex_load_store_unit.v:356$1512'.
No latch inferred for signal `$paramod$a1f82ff8dd7f02ea405ce72f1e83a511ee16121c\ibex_load_store_unit.\ctrl_update' from process `$paramod$a1f82ff8dd7f02ea405ce72f1e83a511ee16121c\ibex_load_store_unit.$proc$/work/src/ibex_load_store_unit.v:356$1512'.
No latch inferred for signal `$paramod$a1f82ff8dd7f02ea405ce72f1e83a511ee16121c\ibex_load_store_unit.\rdata_update' from process `$paramod$a1f82ff8dd7f02ea405ce72f1e83a511ee16121c\ibex_load_store_unit.$proc$/work/src/ibex_load_store_unit.v:356$1512'.
No latch inferred for signal `$paramod$a1f82ff8dd7f02ea405ce72f1e83a511ee16121c\ibex_load_store_unit.\handle_misaligned_d' from process `$paramod$a1f82ff8dd7f02ea405ce72f1e83a511ee16121c\ibex_load_store_unit.$proc$/work/src/ibex_load_store_unit.v:356$1512'.
No latch inferred for signal `$paramod$a1f82ff8dd7f02ea405ce72f1e83a511ee16121c\ibex_load_store_unit.\pmp_err_d' from process `$paramod$a1f82ff8dd7f02ea405ce72f1e83a511ee16121c\ibex_load_store_unit.$proc$/work/src/ibex_load_store_unit.v:356$1512'.
No latch inferred for signal `$paramod$a1f82ff8dd7f02ea405ce72f1e83a511ee16121c\ibex_load_store_unit.\lsu_err_d' from process `$paramod$a1f82ff8dd7f02ea405ce72f1e83a511ee16121c\ibex_load_store_unit.$proc$/work/src/ibex_load_store_unit.v:356$1512'.
No latch inferred for signal `$paramod$a1f82ff8dd7f02ea405ce72f1e83a511ee16121c\ibex_load_store_unit.\cheriot_err_d' from process `$paramod$a1f82ff8dd7f02ea405ce72f1e83a511ee16121c\ibex_load_store_unit.$proc$/work/src/ibex_load_store_unit.v:356$1512'.
No latch inferred for signal `$paramod$a1f82ff8dd7f02ea405ce72f1e83a511ee16121c\ibex_load_store_unit.\lsu_go' from process `$paramod$a1f82ff8dd7f02ea405ce72f1e83a511ee16121c\ibex_load_store_unit.$proc$/work/src/ibex_load_store_unit.v:356$1512'.
No latch inferred for signal `$paramod$a1f82ff8dd7f02ea405ce72f1e83a511ee16121c\ibex_load_store_unit.\lsu_go_goodcap' from process `$paramod$a1f82ff8dd7f02ea405ce72f1e83a511ee16121c\ibex_load_store_unit.$proc$/work/src/ibex_load_store_unit.v:356$1512'.
No latch inferred for signal `$paramod$a1f82ff8dd7f02ea405ce72f1e83a511ee16121c\ibex_load_store_unit.\ls_fsm_ns' from process `$paramod$a1f82ff8dd7f02ea405ce72f1e83a511ee16121c\ibex_load_store_unit.$proc$/work/src/ibex_load_store_unit.v:356$1512'.
No latch inferred for signal `$paramod$a1f82ff8dd7f02ea405ce72f1e83a511ee16121c\ibex_load_store_unit.\data_rdata_ext' from process `$paramod$a1f82ff8dd7f02ea405ce72f1e83a511ee16121c\ibex_load_store_unit.$proc$/work/src/ibex_load_store_unit.v:322$1497'.
No latch inferred for signal `$paramod$a1f82ff8dd7f02ea405ce72f1e83a511ee16121c\ibex_load_store_unit.\rdata_b_ext' from process `$paramod$a1f82ff8dd7f02ea405ce72f1e83a511ee16121c\ibex_load_store_unit.$proc$/work/src/ibex_load_store_unit.v:294$1492'.
No latch inferred for signal `$paramod$a1f82ff8dd7f02ea405ce72f1e83a511ee16121c\ibex_load_store_unit.\rdata_h_ext' from process `$paramod$a1f82ff8dd7f02ea405ce72f1e83a511ee16121c\ibex_load_store_unit.$proc$/work/src/ibex_load_store_unit.v:266$1487'.
No latch inferred for signal `$paramod$a1f82ff8dd7f02ea405ce72f1e83a511ee16121c\ibex_load_store_unit.\rdata_w_ext' from process `$paramod$a1f82ff8dd7f02ea405ce72f1e83a511ee16121c\ibex_load_store_unit.$proc$/work/src/ibex_load_store_unit.v:254$1486'.
No latch inferred for signal `$paramod$a1f82ff8dd7f02ea405ce72f1e83a511ee16121c\ibex_load_store_unit.\data_wdata_data' from process `$paramod$a1f82ff8dd7f02ea405ce72f1e83a511ee16121c\ibex_load_store_unit.$proc$/work/src/ibex_load_store_unit.v:214$1461'.
No latch inferred for signal `$paramod$a1f82ff8dd7f02ea405ce72f1e83a511ee16121c\ibex_load_store_unit.\data_wdata_tag' from process `$paramod$a1f82ff8dd7f02ea405ce72f1e83a511ee16121c\ibex_load_store_unit.$proc$/work/src/ibex_load_store_unit.v:214$1461'.
No latch inferred for signal `$paramod$a1f82ff8dd7f02ea405ce72f1e83a511ee16121c\ibex_load_store_unit.\ibex_cheriot_pkg_cheriot_cap_to_mem$func$/work/src/ibex_load_store_unit.v:219$1449.$result' from process `$paramod$a1f82ff8dd7f02ea405ce72f1e83a511ee16121c\ibex_load_store_unit.$proc$/work/src/ibex_load_store_unit.v:214$1461'.
No latch inferred for signal `$paramod$a1f82ff8dd7f02ea405ce72f1e83a511ee16121c\ibex_load_store_unit.\ibex_cheriot_pkg_cheriot_cap_to_mem$func$/work/src/ibex_load_store_unit.v:219$1449.cap' from process `$paramod$a1f82ff8dd7f02ea405ce72f1e83a511ee16121c\ibex_load_store_unit.$proc$/work/src/ibex_load_store_unit.v:214$1461'.
No latch inferred for signal `$paramod$a1f82ff8dd7f02ea405ce72f1e83a511ee16121c\ibex_load_store_unit.\ibex_cheriot_pkg_cheriot_cap_to_mem$func$/work/src/ibex_load_store_unit.v:219$1449.cap_bits' from process `$paramod$a1f82ff8dd7f02ea405ce72f1e83a511ee16121c\ibex_load_store_unit.$proc$/work/src/ibex_load_store_unit.v:214$1461'.
No latch inferred for signal `$paramod$a1f82ff8dd7f02ea405ce72f1e83a511ee16121c\ibex_load_store_unit.\ibex_cheriot_pkg_cheriot_cap_to_mem$func$/work/src/ibex_load_store_unit.v:219$1449.unused_cap_corr' from process `$paramod$a1f82ff8dd7f02ea405ce72f1e83a511ee16121c\ibex_load_store_unit.$proc$/work/src/ibex_load_store_unit.v:214$1461'.
No latch inferred for signal `$paramod$a1f82ff8dd7f02ea405ce72f1e83a511ee16121c\ibex_load_store_unit.\wdata_int' from process `$paramod$a1f82ff8dd7f02ea405ce72f1e83a511ee16121c\ibex_load_store_unit.$proc$/work/src/ibex_load_store_unit.v:191$1460'.
No latch inferred for signal `$paramod$a1f82ff8dd7f02ea405ce72f1e83a511ee16121c\ibex_load_store_unit.\data_be' from process `$paramod$a1f82ff8dd7f02ea405ce72f1e83a511ee16121c\ibex_load_store_unit.$proc$/work/src/ibex_load_store_unit.v:139$1454'.
No latch inferred for signal `$paramod\ibex_wb_stage\ResetAll=1'1\WritebackStage=1'1\DummyInstructions=1'0.\rf_wdata_wb_mux[0]' from process `$paramod\ibex_wb_stage\ResetAll=1'1\WritebackStage=1'1\DummyInstructions=1'0.$proc$/work/src/ibex_wb_stage.v:0$1442'.
No latch inferred for signal `$paramod\ibex_wb_stage\ResetAll=1'1\WritebackStage=1'1\DummyInstructions=1'0.\rf_wdata_wb_mux[1]' from process `$paramod\ibex_wb_stage\ResetAll=1'1\WritebackStage=1'1\DummyInstructions=1'0.$proc$/work/src/ibex_wb_stage.v:0$1442'.
No latch inferred for signal `$paramod$9965f29857664148d24e0207d195fc610cce17ac\ibex_if_stage.\_sv2v_0' from process `$paramod$9965f29857664148d24e0207d195fc610cce17ac\ibex_if_stage.$proc$/work/src/ibex_if_stage.v:0$1917'.
No latch inferred for signal `$paramod$9965f29857664148d24e0207d195fc610cce17ac\ibex_if_stage.\instr_fetch_cheriot_bound_vio_o' from process `$paramod$9965f29857664148d24e0207d195fc610cce17ac\ibex_if_stage.$proc$/work/src/ibex_if_stage.v:560$1909'.
No latch inferred for signal `$paramod$9965f29857664148d24e0207d195fc610cce17ac\ibex_if_stage.\instr_fetch_cheriot_acc_vio_o' from process `$paramod$9965f29857664148d24e0207d195fc610cce17ac\ibex_if_stage.$proc$/work/src/ibex_if_stage.v:557$1908'.
No latch inferred for signal `$paramod$9965f29857664148d24e0207d195fc610cce17ac\ibex_if_stage.\dummy_instr_id_o' from process `$paramod$9965f29857664148d24e0207d195fc610cce17ac\ibex_if_stage.$proc$/work/src/ibex_if_stage.v:474$1905'.
No latch inferred for signal `$paramod$9965f29857664148d24e0207d195fc610cce17ac\ibex_if_stage.\fetch_addr_n' from process `$paramod$9965f29857664148d24e0207d195fc610cce17ac\ibex_if_stage.$proc$/work/src/ibex_if_stage.v:254$1823'.
No latch inferred for signal `$paramod$9965f29857664148d24e0207d195fc610cce17ac\ibex_if_stage.\exc_pc' from process `$paramod$9965f29857664148d24e0207d195fc610cce17ac\ibex_if_stage.$proc$/work/src/ibex_if_stage.v:238$1812'.
No latch inferred for signal `$paramod$9965f29857664148d24e0207d195fc610cce17ac\ibex_if_stage.\irq_vec' from process `$paramod$9965f29857664148d24e0207d195fc610cce17ac\ibex_if_stage.$proc$/work/src/ibex_if_stage.v:238$1812'.
No latch inferred for signal `$paramod$40ece52504ff00c302be66a0111a4ec3d1608ab5\ibex_register_file_ff.\_sv2v_0' from process `$paramod$40ece52504ff00c302be66a0111a4ec3d1608ab5\ibex_register_file_ff.$proc$/work/src/ibex_register_file_ff.v:0$988'.
No latch inferred for signal `$paramod$40ece52504ff00c302be66a0111a4ec3d1608ab5\ibex_register_file_ff.$mem2reg_rd$\g_plain_rf.rf_reg$/work/src/ibex_register_file_ff.v:195$850_DATA' from process `$paramod$40ece52504ff00c302be66a0111a4ec3d1608ab5\ibex_register_file_ff.$proc$/work/src/ibex_register_file_ff.v:0$985'.
No latch inferred for signal `$paramod$40ece52504ff00c302be66a0111a4ec3d1608ab5\ibex_register_file_ff.$mem2reg_rd$\g_plain_rf.rf_reg$/work/src/ibex_register_file_ff.v:194$849_DATA' from process `$paramod$40ece52504ff00c302be66a0111a4ec3d1608ab5\ibex_register_file_ff.$proc$/work/src/ibex_register_file_ff.v:0$982'.
No latch inferred for signal `$paramod$40ece52504ff00c302be66a0111a4ec3d1608ab5\ibex_register_file_ff.\g_plain_rf.rf_reg[0]' from process `$paramod$40ece52504ff00c302be66a0111a4ec3d1608ab5\ibex_register_file_ff.$proc$/work/src/ibex_register_file_ff.v:0$981'.
No latch inferred for signal `$paramod$40ece52504ff00c302be66a0111a4ec3d1608ab5\ibex_register_file_ff.\g_plain_rf.rf_reg[1]' from process `$paramod$40ece52504ff00c302be66a0111a4ec3d1608ab5\ibex_register_file_ff.$proc$/work/src/ibex_register_file_ff.v:0$981'.
No latch inferred for signal `$paramod$40ece52504ff00c302be66a0111a4ec3d1608ab5\ibex_register_file_ff.\g_plain_rf.rf_reg[2]' from process `$paramod$40ece52504ff00c302be66a0111a4ec3d1608ab5\ibex_register_file_ff.$proc$/work/src/ibex_register_file_ff.v:0$981'.
No latch inferred for signal `$paramod$40ece52504ff00c302be66a0111a4ec3d1608ab5\ibex_register_file_ff.\g_plain_rf.rf_reg[3]' from process `$paramod$40ece52504ff00c302be66a0111a4ec3d1608ab5\ibex_register_file_ff.$proc$/work/src/ibex_register_file_ff.v:0$981'.
No latch inferred for signal `$paramod$40ece52504ff00c302be66a0111a4ec3d1608ab5\ibex_register_file_ff.\g_plain_rf.rf_reg[4]' from process `$paramod$40ece52504ff00c302be66a0111a4ec3d1608ab5\ibex_register_file_ff.$proc$/work/src/ibex_register_file_ff.v:0$981'.
No latch inferred for signal `$paramod$40ece52504ff00c302be66a0111a4ec3d1608ab5\ibex_register_file_ff.\g_plain_rf.rf_reg[5]' from process `$paramod$40ece52504ff00c302be66a0111a4ec3d1608ab5\ibex_register_file_ff.$proc$/work/src/ibex_register_file_ff.v:0$981'.
No latch inferred for signal `$paramod$40ece52504ff00c302be66a0111a4ec3d1608ab5\ibex_register_file_ff.\g_plain_rf.rf_reg[6]' from process `$paramod$40ece52504ff00c302be66a0111a4ec3d1608ab5\ibex_register_file_ff.$proc$/work/src/ibex_register_file_ff.v:0$981'.
No latch inferred for signal `$paramod$40ece52504ff00c302be66a0111a4ec3d1608ab5\ibex_register_file_ff.\g_plain_rf.rf_reg[7]' from process `$paramod$40ece52504ff00c302be66a0111a4ec3d1608ab5\ibex_register_file_ff.$proc$/work/src/ibex_register_file_ff.v:0$981'.
No latch inferred for signal `$paramod$40ece52504ff00c302be66a0111a4ec3d1608ab5\ibex_register_file_ff.\g_plain_rf.rf_reg[8]' from process `$paramod$40ece52504ff00c302be66a0111a4ec3d1608ab5\ibex_register_file_ff.$proc$/work/src/ibex_register_file_ff.v:0$981'.
No latch inferred for signal `$paramod$40ece52504ff00c302be66a0111a4ec3d1608ab5\ibex_register_file_ff.\g_plain_rf.rf_reg[9]' from process `$paramod$40ece52504ff00c302be66a0111a4ec3d1608ab5\ibex_register_file_ff.$proc$/work/src/ibex_register_file_ff.v:0$981'.
No latch inferred for signal `$paramod$40ece52504ff00c302be66a0111a4ec3d1608ab5\ibex_register_file_ff.\g_plain_rf.rf_reg[10]' from process `$paramod$40ece52504ff00c302be66a0111a4ec3d1608ab5\ibex_register_file_ff.$proc$/work/src/ibex_register_file_ff.v:0$981'.
No latch inferred for signal `$paramod$40ece52504ff00c302be66a0111a4ec3d1608ab5\ibex_register_file_ff.\g_plain_rf.rf_reg[11]' from process `$paramod$40ece52504ff00c302be66a0111a4ec3d1608ab5\ibex_register_file_ff.$proc$/work/src/ibex_register_file_ff.v:0$981'.
No latch inferred for signal `$paramod$40ece52504ff00c302be66a0111a4ec3d1608ab5\ibex_register_file_ff.\g_plain_rf.rf_reg[12]' from process `$paramod$40ece52504ff00c302be66a0111a4ec3d1608ab5\ibex_register_file_ff.$proc$/work/src/ibex_register_file_ff.v:0$981'.
No latch inferred for signal `$paramod$40ece52504ff00c302be66a0111a4ec3d1608ab5\ibex_register_file_ff.\g_plain_rf.rf_reg[13]' from process `$paramod$40ece52504ff00c302be66a0111a4ec3d1608ab5\ibex_register_file_ff.$proc$/work/src/ibex_register_file_ff.v:0$981'.
No latch inferred for signal `$paramod$40ece52504ff00c302be66a0111a4ec3d1608ab5\ibex_register_file_ff.\g_plain_rf.rf_reg[14]' from process `$paramod$40ece52504ff00c302be66a0111a4ec3d1608ab5\ibex_register_file_ff.$proc$/work/src/ibex_register_file_ff.v:0$981'.
No latch inferred for signal `$paramod$40ece52504ff00c302be66a0111a4ec3d1608ab5\ibex_register_file_ff.\g_plain_rf.rf_reg[15]' from process `$paramod$40ece52504ff00c302be66a0111a4ec3d1608ab5\ibex_register_file_ff.$proc$/work/src/ibex_register_file_ff.v:0$981'.
No latch inferred for signal `$paramod$40ece52504ff00c302be66a0111a4ec3d1608ab5\ibex_register_file_ff.\g_plain_rf.rf_reg[16]' from process `$paramod$40ece52504ff00c302be66a0111a4ec3d1608ab5\ibex_register_file_ff.$proc$/work/src/ibex_register_file_ff.v:0$981'.
No latch inferred for signal `$paramod$40ece52504ff00c302be66a0111a4ec3d1608ab5\ibex_register_file_ff.\g_plain_rf.rf_reg[17]' from process `$paramod$40ece52504ff00c302be66a0111a4ec3d1608ab5\ibex_register_file_ff.$proc$/work/src/ibex_register_file_ff.v:0$981'.
No latch inferred for signal `$paramod$40ece52504ff00c302be66a0111a4ec3d1608ab5\ibex_register_file_ff.\g_plain_rf.rf_reg[18]' from process `$paramod$40ece52504ff00c302be66a0111a4ec3d1608ab5\ibex_register_file_ff.$proc$/work/src/ibex_register_file_ff.v:0$981'.
No latch inferred for signal `$paramod$40ece52504ff00c302be66a0111a4ec3d1608ab5\ibex_register_file_ff.\g_plain_rf.rf_reg[19]' from process `$paramod$40ece52504ff00c302be66a0111a4ec3d1608ab5\ibex_register_file_ff.$proc$/work/src/ibex_register_file_ff.v:0$981'.
No latch inferred for signal `$paramod$40ece52504ff00c302be66a0111a4ec3d1608ab5\ibex_register_file_ff.\g_plain_rf.rf_reg[20]' from process `$paramod$40ece52504ff00c302be66a0111a4ec3d1608ab5\ibex_register_file_ff.$proc$/work/src/ibex_register_file_ff.v:0$981'.
No latch inferred for signal `$paramod$40ece52504ff00c302be66a0111a4ec3d1608ab5\ibex_register_file_ff.\g_plain_rf.rf_reg[21]' from process `$paramod$40ece52504ff00c302be66a0111a4ec3d1608ab5\ibex_register_file_ff.$proc$/work/src/ibex_register_file_ff.v:0$981'.
No latch inferred for signal `$paramod$40ece52504ff00c302be66a0111a4ec3d1608ab5\ibex_register_file_ff.\g_plain_rf.rf_reg[22]' from process `$paramod$40ece52504ff00c302be66a0111a4ec3d1608ab5\ibex_register_file_ff.$proc$/work/src/ibex_register_file_ff.v:0$981'.
No latch inferred for signal `$paramod$40ece52504ff00c302be66a0111a4ec3d1608ab5\ibex_register_file_ff.\g_plain_rf.rf_reg[23]' from process `$paramod$40ece52504ff00c302be66a0111a4ec3d1608ab5\ibex_register_file_ff.$proc$/work/src/ibex_register_file_ff.v:0$981'.
No latch inferred for signal `$paramod$40ece52504ff00c302be66a0111a4ec3d1608ab5\ibex_register_file_ff.\g_plain_rf.rf_reg[24]' from process `$paramod$40ece52504ff00c302be66a0111a4ec3d1608ab5\ibex_register_file_ff.$proc$/work/src/ibex_register_file_ff.v:0$981'.
No latch inferred for signal `$paramod$40ece52504ff00c302be66a0111a4ec3d1608ab5\ibex_register_file_ff.\g_plain_rf.rf_reg[25]' from process `$paramod$40ece52504ff00c302be66a0111a4ec3d1608ab5\ibex_register_file_ff.$proc$/work/src/ibex_register_file_ff.v:0$981'.
No latch inferred for signal `$paramod$40ece52504ff00c302be66a0111a4ec3d1608ab5\ibex_register_file_ff.\g_plain_rf.rf_reg[26]' from process `$paramod$40ece52504ff00c302be66a0111a4ec3d1608ab5\ibex_register_file_ff.$proc$/work/src/ibex_register_file_ff.v:0$981'.
No latch inferred for signal `$paramod$40ece52504ff00c302be66a0111a4ec3d1608ab5\ibex_register_file_ff.\g_plain_rf.rf_reg[27]' from process `$paramod$40ece52504ff00c302be66a0111a4ec3d1608ab5\ibex_register_file_ff.$proc$/work/src/ibex_register_file_ff.v:0$981'.
No latch inferred for signal `$paramod$40ece52504ff00c302be66a0111a4ec3d1608ab5\ibex_register_file_ff.\g_plain_rf.rf_reg[28]' from process `$paramod$40ece52504ff00c302be66a0111a4ec3d1608ab5\ibex_register_file_ff.$proc$/work/src/ibex_register_file_ff.v:0$981'.
No latch inferred for signal `$paramod$40ece52504ff00c302be66a0111a4ec3d1608ab5\ibex_register_file_ff.\g_plain_rf.rf_reg[29]' from process `$paramod$40ece52504ff00c302be66a0111a4ec3d1608ab5\ibex_register_file_ff.$proc$/work/src/ibex_register_file_ff.v:0$981'.
No latch inferred for signal `$paramod$40ece52504ff00c302be66a0111a4ec3d1608ab5\ibex_register_file_ff.\g_plain_rf.rf_reg[30]' from process `$paramod$40ece52504ff00c302be66a0111a4ec3d1608ab5\ibex_register_file_ff.$proc$/work/src/ibex_register_file_ff.v:0$981'.
No latch inferred for signal `$paramod$40ece52504ff00c302be66a0111a4ec3d1608ab5\ibex_register_file_ff.\g_plain_rf.rf_reg[31]' from process `$paramod$40ece52504ff00c302be66a0111a4ec3d1608ab5\ibex_register_file_ff.$proc$/work/src/ibex_register_file_ff.v:0$981'.
No latch inferred for signal `$paramod$40ece52504ff00c302be66a0111a4ec3d1608ab5\ibex_register_file_ff.\g_plain_rf.we_a_dec' from process `$paramod$40ece52504ff00c302be66a0111a4ec3d1608ab5\ibex_register_file_ff.$proc$/work/src/ibex_register_file_ff.v:156$851'.
No latch inferred for signal `$paramod$40ece52504ff00c302be66a0111a4ec3d1608ab5\ibex_register_file_ff.\g_plain_rf.we_a_decoder.sv2v_autoblock_2.i' from process `$paramod$40ece52504ff00c302be66a0111a4ec3d1608ab5\ibex_register_file_ff.$proc$/work/src/ibex_register_file_ff.v:156$851'.
No latch inferred for signal `$paramod$c16eccae153ba9fb8fce8498c4f7e85e78010c3f\ibex_counter.\_sv2v_0' from process `$paramod$c16eccae153ba9fb8fce8498c4f7e85e78010c3f\ibex_counter.$proc$/work/src/ibex_counter.v:0$2481'.
No latch inferred for signal `$paramod$c16eccae153ba9fb8fce8498c4f7e85e78010c3f\ibex_counter.\counter_load' from process `$paramod$c16eccae153ba9fb8fce8498c4f7e85e78010c3f\ibex_counter.$proc$/work/src/ibex_counter.v:28$2477'.
No latch inferred for signal `$paramod$c16eccae153ba9fb8fce8498c4f7e85e78010c3f\ibex_counter.\we' from process `$paramod$c16eccae153ba9fb8fce8498c4f7e85e78010c3f\ibex_counter.$proc$/work/src/ibex_counter.v:28$2477'.
No latch inferred for signal `$paramod$c16eccae153ba9fb8fce8498c4f7e85e78010c3f\ibex_counter.\counter_d' from process `$paramod$c16eccae153ba9fb8fce8498c4f7e85e78010c3f\ibex_counter.$proc$/work/src/ibex_counter.v:28$2477'.
No latch inferred for signal `$paramod\ibex_fetch_fifo\NUM_REQS=32'00000000000000000000000000000010\ResetAll=1'1.\_sv2v_0' from process `$paramod\ibex_fetch_fifo\NUM_REQS=32'00000000000000000000000000000010\ResetAll=1'1.$proc$/work/src/ibex_fetch_fifo.v:0$2896'.
No latch inferred for signal `$paramod\ibex_fetch_fifo\NUM_REQS=32'00000000000000000000000000000010\ResetAll=1'1.\out_err_plus2_o' from process `$paramod\ibex_fetch_fifo\NUM_REQS=32'00000000000000000000000000000010\ResetAll=1'1.$proc$/work/src/ibex_fetch_fifo.v:72$2840'.
No latch inferred for signal `$paramod\ibex_fetch_fifo\NUM_REQS=32'00000000000000000000000000000010\ResetAll=1'1.\out_err_o' from process `$paramod\ibex_fetch_fifo\NUM_REQS=32'00000000000000000000000000000010\ResetAll=1'1.$proc$/work/src/ibex_fetch_fifo.v:72$2840'.
No latch inferred for signal `$paramod\ibex_fetch_fifo\NUM_REQS=32'00000000000000000000000000000010\ResetAll=1'1.\out_rdata_o' from process `$paramod\ibex_fetch_fifo\NUM_REQS=32'00000000000000000000000000000010\ResetAll=1'1.$proc$/work/src/ibex_fetch_fifo.v:72$2840'.
No latch inferred for signal `$paramod\ibex_fetch_fifo\NUM_REQS=32'00000000000000000000000000000010\ResetAll=1'1.\out_valid_o' from process `$paramod\ibex_fetch_fifo\NUM_REQS=32'00000000000000000000000000000010\ResetAll=1'1.$proc$/work/src/ibex_fetch_fifo.v:72$2840'.
No latch inferred for signal `$paramod$38aa04165534c75a0a4935f073a2885eaa0a33f1\ibex_cs_registers.\_sv2v_0' from process `$paramod$38aa04165534c75a0a4935f073a2885eaa0a33f1\ibex_cs_registers.$proc$/work/src/ibex_cs_registers.v:0$2810'.
No latch inferred for signal `$paramod$38aa04165534c75a0a4935f073a2885eaa0a33f1\ibex_cs_registers.\pmp_cfg_rdata[0]' from process `$paramod$38aa04165534c75a0a4935f073a2885eaa0a33f1\ibex_cs_registers.$proc$/work/src/ibex_cs_registers.v:0$2806'.
No latch inferred for signal `$paramod$38aa04165534c75a0a4935f073a2885eaa0a33f1\ibex_cs_registers.\pmp_cfg_rdata[1]' from process `$paramod$38aa04165534c75a0a4935f073a2885eaa0a33f1\ibex_cs_registers.$proc$/work/src/ibex_cs_registers.v:0$2806'.
No latch inferred for signal `$paramod$38aa04165534c75a0a4935f073a2885eaa0a33f1\ibex_cs_registers.\pmp_cfg_rdata[2]' from process `$paramod$38aa04165534c75a0a4935f073a2885eaa0a33f1\ibex_cs_registers.$proc$/work/src/ibex_cs_registers.v:0$2806'.
No latch inferred for signal `$paramod$38aa04165534c75a0a4935f073a2885eaa0a33f1\ibex_cs_registers.\pmp_cfg_rdata[3]' from process `$paramod$38aa04165534c75a0a4935f073a2885eaa0a33f1\ibex_cs_registers.$proc$/work/src/ibex_cs_registers.v:0$2806'.
No latch inferred for signal `$paramod$38aa04165534c75a0a4935f073a2885eaa0a33f1\ibex_cs_registers.\pmp_cfg_rdata[4]' from process `$paramod$38aa04165534c75a0a4935f073a2885eaa0a33f1\ibex_cs_registers.$proc$/work/src/ibex_cs_registers.v:0$2806'.
No latch inferred for signal `$paramod$38aa04165534c75a0a4935f073a2885eaa0a33f1\ibex_cs_registers.\pmp_cfg_rdata[5]' from process `$paramod$38aa04165534c75a0a4935f073a2885eaa0a33f1\ibex_cs_registers.$proc$/work/src/ibex_cs_registers.v:0$2806'.
No latch inferred for signal `$paramod$38aa04165534c75a0a4935f073a2885eaa0a33f1\ibex_cs_registers.\pmp_cfg_rdata[6]' from process `$paramod$38aa04165534c75a0a4935f073a2885eaa0a33f1\ibex_cs_registers.$proc$/work/src/ibex_cs_registers.v:0$2806'.
No latch inferred for signal `$paramod$38aa04165534c75a0a4935f073a2885eaa0a33f1\ibex_cs_registers.\pmp_cfg_rdata[7]' from process `$paramod$38aa04165534c75a0a4935f073a2885eaa0a33f1\ibex_cs_registers.$proc$/work/src/ibex_cs_registers.v:0$2806'.
No latch inferred for signal `$paramod$38aa04165534c75a0a4935f073a2885eaa0a33f1\ibex_cs_registers.\pmp_cfg_rdata[8]' from process `$paramod$38aa04165534c75a0a4935f073a2885eaa0a33f1\ibex_cs_registers.$proc$/work/src/ibex_cs_registers.v:0$2806'.
No latch inferred for signal `$paramod$38aa04165534c75a0a4935f073a2885eaa0a33f1\ibex_cs_registers.\pmp_cfg_rdata[9]' from process `$paramod$38aa04165534c75a0a4935f073a2885eaa0a33f1\ibex_cs_registers.$proc$/work/src/ibex_cs_registers.v:0$2806'.
No latch inferred for signal `$paramod$38aa04165534c75a0a4935f073a2885eaa0a33f1\ibex_cs_registers.\pmp_cfg_rdata[10]' from process `$paramod$38aa04165534c75a0a4935f073a2885eaa0a33f1\ibex_cs_registers.$proc$/work/src/ibex_cs_registers.v:0$2806'.
No latch inferred for signal `$paramod$38aa04165534c75a0a4935f073a2885eaa0a33f1\ibex_cs_registers.\pmp_cfg_rdata[11]' from process `$paramod$38aa04165534c75a0a4935f073a2885eaa0a33f1\ibex_cs_registers.$proc$/work/src/ibex_cs_registers.v:0$2806'.
No latch inferred for signal `$paramod$38aa04165534c75a0a4935f073a2885eaa0a33f1\ibex_cs_registers.\pmp_cfg_rdata[12]' from process `$paramod$38aa04165534c75a0a4935f073a2885eaa0a33f1\ibex_cs_registers.$proc$/work/src/ibex_cs_registers.v:0$2806'.
No latch inferred for signal `$paramod$38aa04165534c75a0a4935f073a2885eaa0a33f1\ibex_cs_registers.\pmp_cfg_rdata[13]' from process `$paramod$38aa04165534c75a0a4935f073a2885eaa0a33f1\ibex_cs_registers.$proc$/work/src/ibex_cs_registers.v:0$2806'.
No latch inferred for signal `$paramod$38aa04165534c75a0a4935f073a2885eaa0a33f1\ibex_cs_registers.\pmp_cfg_rdata[14]' from process `$paramod$38aa04165534c75a0a4935f073a2885eaa0a33f1\ibex_cs_registers.$proc$/work/src/ibex_cs_registers.v:0$2806'.
No latch inferred for signal `$paramod$38aa04165534c75a0a4935f073a2885eaa0a33f1\ibex_cs_registers.\pmp_cfg_rdata[15]' from process `$paramod$38aa04165534c75a0a4935f073a2885eaa0a33f1\ibex_cs_registers.$proc$/work/src/ibex_cs_registers.v:0$2806'.
No latch inferred for signal `$paramod$38aa04165534c75a0a4935f073a2885eaa0a33f1\ibex_cs_registers.\mhpmcounter[0]' from process `$paramod$38aa04165534c75a0a4935f073a2885eaa0a33f1\ibex_cs_registers.$proc$/work/src/ibex_cs_registers.v:0$2806'.
No latch inferred for signal `$paramod$38aa04165534c75a0a4935f073a2885eaa0a33f1\ibex_cs_registers.\mhpmcounter[1]' from process `$paramod$38aa04165534c75a0a4935f073a2885eaa0a33f1\ibex_cs_registers.$proc$/work/src/ibex_cs_registers.v:0$2806'.
No latch inferred for signal `$paramod$38aa04165534c75a0a4935f073a2885eaa0a33f1\ibex_cs_registers.\mhpmcounter[2]' from process `$paramod$38aa04165534c75a0a4935f073a2885eaa0a33f1\ibex_cs_registers.$proc$/work/src/ibex_cs_registers.v:0$2806'.
No latch inferred for signal `$paramod$38aa04165534c75a0a4935f073a2885eaa0a33f1\ibex_cs_registers.\mhpmcounter[3]' from process `$paramod$38aa04165534c75a0a4935f073a2885eaa0a33f1\ibex_cs_registers.$proc$/work/src/ibex_cs_registers.v:0$2806'.
No latch inferred for signal `$paramod$38aa04165534c75a0a4935f073a2885eaa0a33f1\ibex_cs_registers.\mhpmcounter[4]' from process `$paramod$38aa04165534c75a0a4935f073a2885eaa0a33f1\ibex_cs_registers.$proc$/work/src/ibex_cs_registers.v:0$2806'.
No latch inferred for signal `$paramod$38aa04165534c75a0a4935f073a2885eaa0a33f1\ibex_cs_registers.\mhpmcounter[5]' from process `$paramod$38aa04165534c75a0a4935f073a2885eaa0a33f1\ibex_cs_registers.$proc$/work/src/ibex_cs_registers.v:0$2806'.
No latch inferred for signal `$paramod$38aa04165534c75a0a4935f073a2885eaa0a33f1\ibex_cs_registers.\mhpmcounter[6]' from process `$paramod$38aa04165534c75a0a4935f073a2885eaa0a33f1\ibex_cs_registers.$proc$/work/src/ibex_cs_registers.v:0$2806'.
No latch inferred for signal `$paramod$38aa04165534c75a0a4935f073a2885eaa0a33f1\ibex_cs_registers.\mhpmcounter[7]' from process `$paramod$38aa04165534c75a0a4935f073a2885eaa0a33f1\ibex_cs_registers.$proc$/work/src/ibex_cs_registers.v:0$2806'.
No latch inferred for signal `$paramod$38aa04165534c75a0a4935f073a2885eaa0a33f1\ibex_cs_registers.\mhpmcounter[8]' from process `$paramod$38aa04165534c75a0a4935f073a2885eaa0a33f1\ibex_cs_registers.$proc$/work/src/ibex_cs_registers.v:0$2806'.
No latch inferred for signal `$paramod$38aa04165534c75a0a4935f073a2885eaa0a33f1\ibex_cs_registers.\mhpmcounter[9]' from process `$paramod$38aa04165534c75a0a4935f073a2885eaa0a33f1\ibex_cs_registers.$proc$/work/src/ibex_cs_registers.v:0$2806'.
No latch inferred for signal `$paramod$38aa04165534c75a0a4935f073a2885eaa0a33f1\ibex_cs_registers.\mhpmcounter[10]' from process `$paramod$38aa04165534c75a0a4935f073a2885eaa0a33f1\ibex_cs_registers.$proc$/work/src/ibex_cs_registers.v:0$2806'.
No latch inferred for signal `$paramod$38aa04165534c75a0a4935f073a2885eaa0a33f1\ibex_cs_registers.\mhpmcounter[11]' from process `$paramod$38aa04165534c75a0a4935f073a2885eaa0a33f1\ibex_cs_registers.$proc$/work/src/ibex_cs_registers.v:0$2806'.
No latch inferred for signal `$paramod$38aa04165534c75a0a4935f073a2885eaa0a33f1\ibex_cs_registers.\mhpmcounter[12]' from process `$paramod$38aa04165534c75a0a4935f073a2885eaa0a33f1\ibex_cs_registers.$proc$/work/src/ibex_cs_registers.v:0$2806'.
No latch inferred for signal `$paramod$38aa04165534c75a0a4935f073a2885eaa0a33f1\ibex_cs_registers.\mhpmcounter[13]' from process `$paramod$38aa04165534c75a0a4935f073a2885eaa0a33f1\ibex_cs_registers.$proc$/work/src/ibex_cs_registers.v:0$2806'.
No latch inferred for signal `$paramod$38aa04165534c75a0a4935f073a2885eaa0a33f1\ibex_cs_registers.\mhpmcounter[14]' from process `$paramod$38aa04165534c75a0a4935f073a2885eaa0a33f1\ibex_cs_registers.$proc$/work/src/ibex_cs_registers.v:0$2806'.
No latch inferred for signal `$paramod$38aa04165534c75a0a4935f073a2885eaa0a33f1\ibex_cs_registers.\mhpmcounter[15]' from process `$paramod$38aa04165534c75a0a4935f073a2885eaa0a33f1\ibex_cs_registers.$proc$/work/src/ibex_cs_registers.v:0$2806'.
No latch inferred for signal `$paramod$38aa04165534c75a0a4935f073a2885eaa0a33f1\ibex_cs_registers.\mhpmcounter[16]' from process `$paramod$38aa04165534c75a0a4935f073a2885eaa0a33f1\ibex_cs_registers.$proc$/work/src/ibex_cs_registers.v:0$2806'.
No latch inferred for signal `$paramod$38aa04165534c75a0a4935f073a2885eaa0a33f1\ibex_cs_registers.\mhpmcounter[17]' from process `$paramod$38aa04165534c75a0a4935f073a2885eaa0a33f1\ibex_cs_registers.$proc$/work/src/ibex_cs_registers.v:0$2806'.
No latch inferred for signal `$paramod$38aa04165534c75a0a4935f073a2885eaa0a33f1\ibex_cs_registers.\mhpmcounter[18]' from process `$paramod$38aa04165534c75a0a4935f073a2885eaa0a33f1\ibex_cs_registers.$proc$/work/src/ibex_cs_registers.v:0$2806'.
No latch inferred for signal `$paramod$38aa04165534c75a0a4935f073a2885eaa0a33f1\ibex_cs_registers.\mhpmcounter[19]' from process `$paramod$38aa04165534c75a0a4935f073a2885eaa0a33f1\ibex_cs_registers.$proc$/work/src/ibex_cs_registers.v:0$2806'.
No latch inferred for signal `$paramod$38aa04165534c75a0a4935f073a2885eaa0a33f1\ibex_cs_registers.\mhpmcounter[20]' from process `$paramod$38aa04165534c75a0a4935f073a2885eaa0a33f1\ibex_cs_registers.$proc$/work/src/ibex_cs_registers.v:0$2806'.
No latch inferred for signal `$paramod$38aa04165534c75a0a4935f073a2885eaa0a33f1\ibex_cs_registers.\mhpmcounter[21]' from process `$paramod$38aa04165534c75a0a4935f073a2885eaa0a33f1\ibex_cs_registers.$proc$/work/src/ibex_cs_registers.v:0$2806'.
No latch inferred for signal `$paramod$38aa04165534c75a0a4935f073a2885eaa0a33f1\ibex_cs_registers.\mhpmcounter[22]' from process `$paramod$38aa04165534c75a0a4935f073a2885eaa0a33f1\ibex_cs_registers.$proc$/work/src/ibex_cs_registers.v:0$2806'.
No latch inferred for signal `$paramod$38aa04165534c75a0a4935f073a2885eaa0a33f1\ibex_cs_registers.\mhpmcounter[23]' from process `$paramod$38aa04165534c75a0a4935f073a2885eaa0a33f1\ibex_cs_registers.$proc$/work/src/ibex_cs_registers.v:0$2806'.
No latch inferred for signal `$paramod$38aa04165534c75a0a4935f073a2885eaa0a33f1\ibex_cs_registers.\mhpmcounter[24]' from process `$paramod$38aa04165534c75a0a4935f073a2885eaa0a33f1\ibex_cs_registers.$proc$/work/src/ibex_cs_registers.v:0$2806'.
No latch inferred for signal `$paramod$38aa04165534c75a0a4935f073a2885eaa0a33f1\ibex_cs_registers.\mhpmcounter[25]' from process `$paramod$38aa04165534c75a0a4935f073a2885eaa0a33f1\ibex_cs_registers.$proc$/work/src/ibex_cs_registers.v:0$2806'.
No latch inferred for signal `$paramod$38aa04165534c75a0a4935f073a2885eaa0a33f1\ibex_cs_registers.\mhpmcounter[26]' from process `$paramod$38aa04165534c75a0a4935f073a2885eaa0a33f1\ibex_cs_registers.$proc$/work/src/ibex_cs_registers.v:0$2806'.
No latch inferred for signal `$paramod$38aa04165534c75a0a4935f073a2885eaa0a33f1\ibex_cs_registers.\mhpmcounter[27]' from process `$paramod$38aa04165534c75a0a4935f073a2885eaa0a33f1\ibex_cs_registers.$proc$/work/src/ibex_cs_registers.v:0$2806'.
No latch inferred for signal `$paramod$38aa04165534c75a0a4935f073a2885eaa0a33f1\ibex_cs_registers.\mhpmcounter[28]' from process `$paramod$38aa04165534c75a0a4935f073a2885eaa0a33f1\ibex_cs_registers.$proc$/work/src/ibex_cs_registers.v:0$2806'.
No latch inferred for signal `$paramod$38aa04165534c75a0a4935f073a2885eaa0a33f1\ibex_cs_registers.\mhpmcounter[29]' from process `$paramod$38aa04165534c75a0a4935f073a2885eaa0a33f1\ibex_cs_registers.$proc$/work/src/ibex_cs_registers.v:0$2806'.
No latch inferred for signal `$paramod$38aa04165534c75a0a4935f073a2885eaa0a33f1\ibex_cs_registers.\mhpmcounter[30]' from process `$paramod$38aa04165534c75a0a4935f073a2885eaa0a33f1\ibex_cs_registers.$proc$/work/src/ibex_cs_registers.v:0$2806'.
No latch inferred for signal `$paramod$38aa04165534c75a0a4935f073a2885eaa0a33f1\ibex_cs_registers.\mhpmcounter[31]' from process `$paramod$38aa04165534c75a0a4935f073a2885eaa0a33f1\ibex_cs_registers.$proc$/work/src/ibex_cs_registers.v:0$2806'.
No latch inferred for signal `$paramod$38aa04165534c75a0a4935f073a2885eaa0a33f1\ibex_cs_registers.\dscratch1_cap' from process `$paramod$38aa04165534c75a0a4935f073a2885eaa0a33f1\ibex_cs_registers.$proc$/work/src/ibex_cs_registers.v:1909$2781'.
No latch inferred for signal `$paramod$38aa04165534c75a0a4935f073a2885eaa0a33f1\ibex_cs_registers.\dscratch0_cap' from process `$paramod$38aa04165534c75a0a4935f073a2885eaa0a33f1\ibex_cs_registers.$proc$/work/src/ibex_cs_registers.v:1906$2780'.
No latch inferred for signal `$paramod$38aa04165534c75a0a4935f073a2885eaa0a33f1\ibex_cs_registers.\depc_cap' from process `$paramod$38aa04165534c75a0a4935f073a2885eaa0a33f1\ibex_cs_registers.$proc$/work/src/ibex_cs_registers.v:1903$2779'.
No latch inferred for signal `$paramod$38aa04165534c75a0a4935f073a2885eaa0a33f1\ibex_cs_registers.\mtvec_cap' from process `$paramod$38aa04165534c75a0a4935f073a2885eaa0a33f1\ibex_cs_registers.$proc$/work/src/ibex_cs_registers.v:1900$2778'.
No latch inferred for signal `$paramod$38aa04165534c75a0a4935f073a2885eaa0a33f1\ibex_cs_registers.\mepc_cap' from process `$paramod$38aa04165534c75a0a4935f073a2885eaa0a33f1\ibex_cs_registers.$proc$/work/src/ibex_cs_registers.v:1897$2777'.
No latch inferred for signal `$paramod$38aa04165534c75a0a4935f073a2885eaa0a33f1\ibex_cs_registers.\pcc_cap_d' from process `$paramod$38aa04165534c75a0a4935f073a2885eaa0a33f1\ibex_cs_registers.$proc$/work/src/ibex_cs_registers.v:1894$2776'.
No latch inferred for signal `$paramod$38aa04165534c75a0a4935f073a2885eaa0a33f1\ibex_cs_registers.\pcc_cap_q' from process `$paramod$38aa04165534c75a0a4935f073a2885eaa0a33f1\ibex_cs_registers.$proc$/work/src/ibex_cs_registers.v:1891$2775'.
No latch inferred for signal `$paramod$38aa04165534c75a0a4935f073a2885eaa0a33f1\ibex_cs_registers.\cheriot_csr_rcap_o' from process `$paramod$38aa04165534c75a0a4935f073a2885eaa0a33f1\ibex_cs_registers.$proc$/work/src/ibex_cs_registers.v:1887$2774'.
No latch inferred for signal `$paramod$38aa04165534c75a0a4935f073a2885eaa0a33f1\ibex_cs_registers.\cheriot_csr_rdata_o' from process `$paramod$38aa04165534c75a0a4935f073a2885eaa0a33f1\ibex_cs_registers.$proc$/work/src/ibex_cs_registers.v:1884$2773'.
No latch inferred for signal `$paramod$38aa04165534c75a0a4935f073a2885eaa0a33f1\ibex_cs_registers.\pmp_addr_rdata[15]' from process `$paramod$38aa04165534c75a0a4935f073a2885eaa0a33f1\ibex_cs_registers.$proc$/work/src/ibex_cs_registers.v:1148$2770'.
No latch inferred for signal `$paramod$38aa04165534c75a0a4935f073a2885eaa0a33f1\ibex_cs_registers.\pmp_addr_rdata[14]' from process `$paramod$38aa04165534c75a0a4935f073a2885eaa0a33f1\ibex_cs_registers.$proc$/work/src/ibex_cs_registers.v:1148$2769'.
No latch inferred for signal `$paramod$38aa04165534c75a0a4935f073a2885eaa0a33f1\ibex_cs_registers.\pmp_addr_rdata[13]' from process `$paramod$38aa04165534c75a0a4935f073a2885eaa0a33f1\ibex_cs_registers.$proc$/work/src/ibex_cs_registers.v:1148$2768'.
No latch inferred for signal `$paramod$38aa04165534c75a0a4935f073a2885eaa0a33f1\ibex_cs_registers.\pmp_addr_rdata[12]' from process `$paramod$38aa04165534c75a0a4935f073a2885eaa0a33f1\ibex_cs_registers.$proc$/work/src/ibex_cs_registers.v:1148$2767'.
No latch inferred for signal `$paramod$38aa04165534c75a0a4935f073a2885eaa0a33f1\ibex_cs_registers.\pmp_addr_rdata[11]' from process `$paramod$38aa04165534c75a0a4935f073a2885eaa0a33f1\ibex_cs_registers.$proc$/work/src/ibex_cs_registers.v:1148$2766'.
No latch inferred for signal `$paramod$38aa04165534c75a0a4935f073a2885eaa0a33f1\ibex_cs_registers.\pmp_addr_rdata[10]' from process `$paramod$38aa04165534c75a0a4935f073a2885eaa0a33f1\ibex_cs_registers.$proc$/work/src/ibex_cs_registers.v:1148$2765'.
No latch inferred for signal `$paramod$38aa04165534c75a0a4935f073a2885eaa0a33f1\ibex_cs_registers.\pmp_addr_rdata[9]' from process `$paramod$38aa04165534c75a0a4935f073a2885eaa0a33f1\ibex_cs_registers.$proc$/work/src/ibex_cs_registers.v:1148$2764'.
No latch inferred for signal `$paramod$38aa04165534c75a0a4935f073a2885eaa0a33f1\ibex_cs_registers.\pmp_addr_rdata[8]' from process `$paramod$38aa04165534c75a0a4935f073a2885eaa0a33f1\ibex_cs_registers.$proc$/work/src/ibex_cs_registers.v:1148$2763'.
No latch inferred for signal `$paramod$38aa04165534c75a0a4935f073a2885eaa0a33f1\ibex_cs_registers.\pmp_addr_rdata[7]' from process `$paramod$38aa04165534c75a0a4935f073a2885eaa0a33f1\ibex_cs_registers.$proc$/work/src/ibex_cs_registers.v:1148$2762'.
No latch inferred for signal `$paramod$38aa04165534c75a0a4935f073a2885eaa0a33f1\ibex_cs_registers.\pmp_addr_rdata[6]' from process `$paramod$38aa04165534c75a0a4935f073a2885eaa0a33f1\ibex_cs_registers.$proc$/work/src/ibex_cs_registers.v:1148$2761'.
No latch inferred for signal `$paramod$38aa04165534c75a0a4935f073a2885eaa0a33f1\ibex_cs_registers.\pmp_addr_rdata[5]' from process `$paramod$38aa04165534c75a0a4935f073a2885eaa0a33f1\ibex_cs_registers.$proc$/work/src/ibex_cs_registers.v:1148$2760'.
No latch inferred for signal `$paramod$38aa04165534c75a0a4935f073a2885eaa0a33f1\ibex_cs_registers.\pmp_addr_rdata[4]' from process `$paramod$38aa04165534c75a0a4935f073a2885eaa0a33f1\ibex_cs_registers.$proc$/work/src/ibex_cs_registers.v:1148$2759'.
No latch inferred for signal `$paramod$38aa04165534c75a0a4935f073a2885eaa0a33f1\ibex_cs_registers.\pmp_addr_rdata[3]' from process `$paramod$38aa04165534c75a0a4935f073a2885eaa0a33f1\ibex_cs_registers.$proc$/work/src/ibex_cs_registers.v:1148$2758'.
No latch inferred for signal `$paramod$38aa04165534c75a0a4935f073a2885eaa0a33f1\ibex_cs_registers.\pmp_addr_rdata[2]' from process `$paramod$38aa04165534c75a0a4935f073a2885eaa0a33f1\ibex_cs_registers.$proc$/work/src/ibex_cs_registers.v:1148$2757'.
No latch inferred for signal `$paramod$38aa04165534c75a0a4935f073a2885eaa0a33f1\ibex_cs_registers.\pmp_addr_rdata[1]' from process `$paramod$38aa04165534c75a0a4935f073a2885eaa0a33f1\ibex_cs_registers.$proc$/work/src/ibex_cs_registers.v:1148$2756'.
No latch inferred for signal `$paramod$38aa04165534c75a0a4935f073a2885eaa0a33f1\ibex_cs_registers.\pmp_addr_rdata[0]' from process `$paramod$38aa04165534c75a0a4935f073a2885eaa0a33f1\ibex_cs_registers.$proc$/work/src/ibex_cs_registers.v:1148$2755'.
No latch inferred for signal `$paramod$38aa04165534c75a0a4935f073a2885eaa0a33f1\ibex_cs_registers.\gen_mhpmevent.sv2v_autoblock_2.i' from process `$paramod$38aa04165534c75a0a4935f073a2885eaa0a33f1\ibex_cs_registers.$proc$/work/src/ibex_cs_registers.v:1206$2741'.
No latch inferred for signal `$paramod$38aa04165534c75a0a4935f073a2885eaa0a33f1\ibex_cs_registers.\gen_mhpmevent.sv2v_autoblock_3.i' from process `$paramod$38aa04165534c75a0a4935f073a2885eaa0a33f1\ibex_cs_registers.$proc$/work/src/ibex_cs_registers.v:1206$2741'.
No latch inferred for signal `$paramod$38aa04165534c75a0a4935f073a2885eaa0a33f1\ibex_cs_registers.\mhpmevent[0]' from process `$paramod$38aa04165534c75a0a4935f073a2885eaa0a33f1\ibex_cs_registers.$proc$/work/src/ibex_cs_registers.v:1206$2741'.
No latch inferred for signal `$paramod$38aa04165534c75a0a4935f073a2885eaa0a33f1\ibex_cs_registers.\mhpmevent[1]' from process `$paramod$38aa04165534c75a0a4935f073a2885eaa0a33f1\ibex_cs_registers.$proc$/work/src/ibex_cs_registers.v:1206$2741'.
No latch inferred for signal `$paramod$38aa04165534c75a0a4935f073a2885eaa0a33f1\ibex_cs_registers.\mhpmevent[2]' from process `$paramod$38aa04165534c75a0a4935f073a2885eaa0a33f1\ibex_cs_registers.$proc$/work/src/ibex_cs_registers.v:1206$2741'.
No latch inferred for signal `$paramod$38aa04165534c75a0a4935f073a2885eaa0a33f1\ibex_cs_registers.\mhpmevent[3]' from process `$paramod$38aa04165534c75a0a4935f073a2885eaa0a33f1\ibex_cs_registers.$proc$/work/src/ibex_cs_registers.v:1206$2741'.
No latch inferred for signal `$paramod$38aa04165534c75a0a4935f073a2885eaa0a33f1\ibex_cs_registers.\mhpmevent[4]' from process `$paramod$38aa04165534c75a0a4935f073a2885eaa0a33f1\ibex_cs_registers.$proc$/work/src/ibex_cs_registers.v:1206$2741'.
No latch inferred for signal `$paramod$38aa04165534c75a0a4935f073a2885eaa0a33f1\ibex_cs_registers.\mhpmevent[5]' from process `$paramod$38aa04165534c75a0a4935f073a2885eaa0a33f1\ibex_cs_registers.$proc$/work/src/ibex_cs_registers.v:1206$2741'.
No latch inferred for signal `$paramod$38aa04165534c75a0a4935f073a2885eaa0a33f1\ibex_cs_registers.\mhpmevent[6]' from process `$paramod$38aa04165534c75a0a4935f073a2885eaa0a33f1\ibex_cs_registers.$proc$/work/src/ibex_cs_registers.v:1206$2741'.
No latch inferred for signal `$paramod$38aa04165534c75a0a4935f073a2885eaa0a33f1\ibex_cs_registers.\mhpmevent[7]' from process `$paramod$38aa04165534c75a0a4935f073a2885eaa0a33f1\ibex_cs_registers.$proc$/work/src/ibex_cs_registers.v:1206$2741'.
No latch inferred for signal `$paramod$38aa04165534c75a0a4935f073a2885eaa0a33f1\ibex_cs_registers.\mhpmevent[8]' from process `$paramod$38aa04165534c75a0a4935f073a2885eaa0a33f1\ibex_cs_registers.$proc$/work/src/ibex_cs_registers.v:1206$2741'.
No latch inferred for signal `$paramod$38aa04165534c75a0a4935f073a2885eaa0a33f1\ibex_cs_registers.\mhpmevent[9]' from process `$paramod$38aa04165534c75a0a4935f073a2885eaa0a33f1\ibex_cs_registers.$proc$/work/src/ibex_cs_registers.v:1206$2741'.
No latch inferred for signal `$paramod$38aa04165534c75a0a4935f073a2885eaa0a33f1\ibex_cs_registers.\mhpmevent[10]' from process `$paramod$38aa04165534c75a0a4935f073a2885eaa0a33f1\ibex_cs_registers.$proc$/work/src/ibex_cs_registers.v:1206$2741'.
No latch inferred for signal `$paramod$38aa04165534c75a0a4935f073a2885eaa0a33f1\ibex_cs_registers.\mhpmevent[11]' from process `$paramod$38aa04165534c75a0a4935f073a2885eaa0a33f1\ibex_cs_registers.$proc$/work/src/ibex_cs_registers.v:1206$2741'.
No latch inferred for signal `$paramod$38aa04165534c75a0a4935f073a2885eaa0a33f1\ibex_cs_registers.\mhpmevent[12]' from process `$paramod$38aa04165534c75a0a4935f073a2885eaa0a33f1\ibex_cs_registers.$proc$/work/src/ibex_cs_registers.v:1206$2741'.
No latch inferred for signal `$paramod$38aa04165534c75a0a4935f073a2885eaa0a33f1\ibex_cs_registers.\mhpmevent[13]' from process `$paramod$38aa04165534c75a0a4935f073a2885eaa0a33f1\ibex_cs_registers.$proc$/work/src/ibex_cs_registers.v:1206$2741'.
No latch inferred for signal `$paramod$38aa04165534c75a0a4935f073a2885eaa0a33f1\ibex_cs_registers.\mhpmevent[14]' from process `$paramod$38aa04165534c75a0a4935f073a2885eaa0a33f1\ibex_cs_registers.$proc$/work/src/ibex_cs_registers.v:1206$2741'.
No latch inferred for signal `$paramod$38aa04165534c75a0a4935f073a2885eaa0a33f1\ibex_cs_registers.\mhpmevent[15]' from process `$paramod$38aa04165534c75a0a4935f073a2885eaa0a33f1\ibex_cs_registers.$proc$/work/src/ibex_cs_registers.v:1206$2741'.
No latch inferred for signal `$paramod$38aa04165534c75a0a4935f073a2885eaa0a33f1\ibex_cs_registers.\mhpmevent[16]' from process `$paramod$38aa04165534c75a0a4935f073a2885eaa0a33f1\ibex_cs_registers.$proc$/work/src/ibex_cs_registers.v:1206$2741'.
No latch inferred for signal `$paramod$38aa04165534c75a0a4935f073a2885eaa0a33f1\ibex_cs_registers.\mhpmevent[17]' from process `$paramod$38aa04165534c75a0a4935f073a2885eaa0a33f1\ibex_cs_registers.$proc$/work/src/ibex_cs_registers.v:1206$2741'.
No latch inferred for signal `$paramod$38aa04165534c75a0a4935f073a2885eaa0a33f1\ibex_cs_registers.\mhpmevent[18]' from process `$paramod$38aa04165534c75a0a4935f073a2885eaa0a33f1\ibex_cs_registers.$proc$/work/src/ibex_cs_registers.v:1206$2741'.
No latch inferred for signal `$paramod$38aa04165534c75a0a4935f073a2885eaa0a33f1\ibex_cs_registers.\mhpmevent[19]' from process `$paramod$38aa04165534c75a0a4935f073a2885eaa0a33f1\ibex_cs_registers.$proc$/work/src/ibex_cs_registers.v:1206$2741'.
No latch inferred for signal `$paramod$38aa04165534c75a0a4935f073a2885eaa0a33f1\ibex_cs_registers.\mhpmevent[20]' from process `$paramod$38aa04165534c75a0a4935f073a2885eaa0a33f1\ibex_cs_registers.$proc$/work/src/ibex_cs_registers.v:1206$2741'.
No latch inferred for signal `$paramod$38aa04165534c75a0a4935f073a2885eaa0a33f1\ibex_cs_registers.\mhpmevent[21]' from process `$paramod$38aa04165534c75a0a4935f073a2885eaa0a33f1\ibex_cs_registers.$proc$/work/src/ibex_cs_registers.v:1206$2741'.
No latch inferred for signal `$paramod$38aa04165534c75a0a4935f073a2885eaa0a33f1\ibex_cs_registers.\mhpmevent[22]' from process `$paramod$38aa04165534c75a0a4935f073a2885eaa0a33f1\ibex_cs_registers.$proc$/work/src/ibex_cs_registers.v:1206$2741'.
No latch inferred for signal `$paramod$38aa04165534c75a0a4935f073a2885eaa0a33f1\ibex_cs_registers.\mhpmevent[23]' from process `$paramod$38aa04165534c75a0a4935f073a2885eaa0a33f1\ibex_cs_registers.$proc$/work/src/ibex_cs_registers.v:1206$2741'.
No latch inferred for signal `$paramod$38aa04165534c75a0a4935f073a2885eaa0a33f1\ibex_cs_registers.\mhpmevent[24]' from process `$paramod$38aa04165534c75a0a4935f073a2885eaa0a33f1\ibex_cs_registers.$proc$/work/src/ibex_cs_registers.v:1206$2741'.
No latch inferred for signal `$paramod$38aa04165534c75a0a4935f073a2885eaa0a33f1\ibex_cs_registers.\mhpmevent[25]' from process `$paramod$38aa04165534c75a0a4935f073a2885eaa0a33f1\ibex_cs_registers.$proc$/work/src/ibex_cs_registers.v:1206$2741'.
No latch inferred for signal `$paramod$38aa04165534c75a0a4935f073a2885eaa0a33f1\ibex_cs_registers.\mhpmevent[26]' from process `$paramod$38aa04165534c75a0a4935f073a2885eaa0a33f1\ibex_cs_registers.$proc$/work/src/ibex_cs_registers.v:1206$2741'.
No latch inferred for signal `$paramod$38aa04165534c75a0a4935f073a2885eaa0a33f1\ibex_cs_registers.\mhpmevent[27]' from process `$paramod$38aa04165534c75a0a4935f073a2885eaa0a33f1\ibex_cs_registers.$proc$/work/src/ibex_cs_registers.v:1206$2741'.
No latch inferred for signal `$paramod$38aa04165534c75a0a4935f073a2885eaa0a33f1\ibex_cs_registers.\mhpmevent[28]' from process `$paramod$38aa04165534c75a0a4935f073a2885eaa0a33f1\ibex_cs_registers.$proc$/work/src/ibex_cs_registers.v:1206$2741'.
No latch inferred for signal `$paramod$38aa04165534c75a0a4935f073a2885eaa0a33f1\ibex_cs_registers.\mhpmevent[29]' from process `$paramod$38aa04165534c75a0a4935f073a2885eaa0a33f1\ibex_cs_registers.$proc$/work/src/ibex_cs_registers.v:1206$2741'.
No latch inferred for signal `$paramod$38aa04165534c75a0a4935f073a2885eaa0a33f1\ibex_cs_registers.\mhpmevent[30]' from process `$paramod$38aa04165534c75a0a4935f073a2885eaa0a33f1\ibex_cs_registers.$proc$/work/src/ibex_cs_registers.v:1206$2741'.
No latch inferred for signal `$paramod$38aa04165534c75a0a4935f073a2885eaa0a33f1\ibex_cs_registers.\mhpmevent[31]' from process `$paramod$38aa04165534c75a0a4935f073a2885eaa0a33f1\ibex_cs_registers.$proc$/work/src/ibex_cs_registers.v:1206$2741'.
No latch inferred for signal `$paramod$38aa04165534c75a0a4935f073a2885eaa0a33f1\ibex_cs_registers.\mhpmcounter_incr' from process `$paramod$38aa04165534c75a0a4935f073a2885eaa0a33f1\ibex_cs_registers.$proc$/work/src/ibex_cs_registers.v:1182$2740'.
No latch inferred for signal `$paramod$38aa04165534c75a0a4935f073a2885eaa0a33f1\ibex_cs_registers.\gen_mhpmcounter_incr.sv2v_autoblock_1.i' from process `$paramod$38aa04165534c75a0a4935f073a2885eaa0a33f1\ibex_cs_registers.$proc$/work/src/ibex_cs_registers.v:1182$2740'.
No latch inferred for signal `$paramod$38aa04165534c75a0a4935f073a2885eaa0a33f1\ibex_cs_registers.\mcounteren_d' from process `$paramod$38aa04165534c75a0a4935f073a2885eaa0a33f1\ibex_cs_registers.$proc$/work/src/ibex_cs_registers.v:1172$2738'.
No latch inferred for signal `$paramod$38aa04165534c75a0a4935f073a2885eaa0a33f1\ibex_cs_registers.\mcountinhibit_d' from process `$paramod$38aa04165534c75a0a4935f073a2885eaa0a33f1\ibex_cs_registers.$proc$/work/src/ibex_cs_registers.v:1162$2736'.
No latch inferred for signal `$paramod$38aa04165534c75a0a4935f073a2885eaa0a33f1\ibex_cs_registers.\mstatus_d_combi' from process `$paramod$38aa04165534c75a0a4935f073a2885eaa0a33f1\ibex_cs_registers.$proc$/work/src/ibex_cs_registers.v:763$2706'.
No latch inferred for signal `$paramod$38aa04165534c75a0a4935f073a2885eaa0a33f1\ibex_cs_registers.\csr_wdata_int' from process `$paramod$38aa04165534c75a0a4935f073a2885eaa0a33f1\ibex_cs_registers.$proc$/work/src/ibex_cs_registers.v:731$2684'.
No latch inferred for signal `$paramod$38aa04165534c75a0a4935f073a2885eaa0a33f1\ibex_cs_registers.\double_fault_seen_o' from process `$paramod$38aa04165534c75a0a4935f073a2885eaa0a33f1\ibex_cs_registers.$proc$/work/src/ibex_cs_registers.v:571$2624'.
No latch inferred for signal `$paramod$38aa04165534c75a0a4935f073a2885eaa0a33f1\ibex_cs_registers.\exception_pc' from process `$paramod$38aa04165534c75a0a4935f073a2885eaa0a33f1\ibex_cs_registers.$proc$/work/src/ibex_cs_registers.v:571$2624'.
No latch inferred for signal `$paramod$38aa04165534c75a0a4935f073a2885eaa0a33f1\ibex_cs_registers.\priv_lvl_d' from process `$paramod$38aa04165534c75a0a4935f073a2885eaa0a33f1\ibex_cs_registers.$proc$/work/src/ibex_cs_registers.v:571$2624'.
No latch inferred for signal `$paramod$38aa04165534c75a0a4935f073a2885eaa0a33f1\ibex_cs_registers.\mstatus_d' from process `$paramod$38aa04165534c75a0a4935f073a2885eaa0a33f1\ibex_cs_registers.$proc$/work/src/ibex_cs_registers.v:571$2624'.
No latch inferred for signal `$paramod$38aa04165534c75a0a4935f073a2885eaa0a33f1\ibex_cs_registers.\mstatus_en' from process `$paramod$38aa04165534c75a0a4935f073a2885eaa0a33f1\ibex_cs_registers.$proc$/work/src/ibex_cs_registers.v:571$2624'.
No latch inferred for signal `$paramod$38aa04165534c75a0a4935f073a2885eaa0a33f1\ibex_cs_registers.\mie_en' from process `$paramod$38aa04165534c75a0a4935f073a2885eaa0a33f1\ibex_cs_registers.$proc$/work/src/ibex_cs_registers.v:571$2624'.
No latch inferred for signal `$paramod$38aa04165534c75a0a4935f073a2885eaa0a33f1\ibex_cs_registers.\mscratch_en' from process `$paramod$38aa04165534c75a0a4935f073a2885eaa0a33f1\ibex_cs_registers.$proc$/work/src/ibex_cs_registers.v:571$2624'.
No latch inferred for signal `$paramod$38aa04165534c75a0a4935f073a2885eaa0a33f1\ibex_cs_registers.\mepc_d' from process `$paramod$38aa04165534c75a0a4935f073a2885eaa0a33f1\ibex_cs_registers.$proc$/work/src/ibex_cs_registers.v:571$2624'.
No latch inferred for signal `$paramod$38aa04165534c75a0a4935f073a2885eaa0a33f1\ibex_cs_registers.\mepc_en' from process `$paramod$38aa04165534c75a0a4935f073a2885eaa0a33f1\ibex_cs_registers.$proc$/work/src/ibex_cs_registers.v:571$2624'.
No latch inferred for signal `$paramod$38aa04165534c75a0a4935f073a2885eaa0a33f1\ibex_cs_registers.\mcause_d' from process `$paramod$38aa04165534c75a0a4935f073a2885eaa0a33f1\ibex_cs_registers.$proc$/work/src/ibex_cs_registers.v:571$2624'.
No latch inferred for signal `$paramod$38aa04165534c75a0a4935f073a2885eaa0a33f1\ibex_cs_registers.\mcause_en' from process `$paramod$38aa04165534c75a0a4935f073a2885eaa0a33f1\ibex_cs_registers.$proc$/work/src/ibex_cs_registers.v:571$2624'.
No latch inferred for signal `$paramod$38aa04165534c75a0a4935f073a2885eaa0a33f1\ibex_cs_registers.\mtval_d' from process `$paramod$38aa04165534c75a0a4935f073a2885eaa0a33f1\ibex_cs_registers.$proc$/work/src/ibex_cs_registers.v:571$2624'.
No latch inferred for signal `$paramod$38aa04165534c75a0a4935f073a2885eaa0a33f1\ibex_cs_registers.\mtval_en' from process `$paramod$38aa04165534c75a0a4935f073a2885eaa0a33f1\ibex_cs_registers.$proc$/work/src/ibex_cs_registers.v:571$2624'.
No latch inferred for signal `$paramod$38aa04165534c75a0a4935f073a2885eaa0a33f1\ibex_cs_registers.\mtvec_d' from process `$paramod$38aa04165534c75a0a4935f073a2885eaa0a33f1\ibex_cs_registers.$proc$/work/src/ibex_cs_registers.v:571$2624'.
No latch inferred for signal `$paramod$38aa04165534c75a0a4935f073a2885eaa0a33f1\ibex_cs_registers.\mtvec_en' from process `$paramod$38aa04165534c75a0a4935f073a2885eaa0a33f1\ibex_cs_registers.$proc$/work/src/ibex_cs_registers.v:571$2624'.
No latch inferred for signal `$paramod$38aa04165534c75a0a4935f073a2885eaa0a33f1\ibex_cs_registers.\dcsr_d' from process `$paramod$38aa04165534c75a0a4935f073a2885eaa0a33f1\ibex_cs_registers.$proc$/work/src/ibex_cs_registers.v:571$2624'.
No latch inferred for signal `$paramod$38aa04165534c75a0a4935f073a2885eaa0a33f1\ibex_cs_registers.\dcsr_en' from process `$paramod$38aa04165534c75a0a4935f073a2885eaa0a33f1\ibex_cs_registers.$proc$/work/src/ibex_cs_registers.v:571$2624'.
No latch inferred for signal `$paramod$38aa04165534c75a0a4935f073a2885eaa0a33f1\ibex_cs_registers.\depc_d' from process `$paramod$38aa04165534c75a0a4935f073a2885eaa0a33f1\ibex_cs_registers.$proc$/work/src/ibex_cs_registers.v:571$2624'.
No latch inferred for signal `$paramod$38aa04165534c75a0a4935f073a2885eaa0a33f1\ibex_cs_registers.\depc_en' from process `$paramod$38aa04165534c75a0a4935f073a2885eaa0a33f1\ibex_cs_registers.$proc$/work/src/ibex_cs_registers.v:571$2624'.
No latch inferred for signal `$paramod$38aa04165534c75a0a4935f073a2885eaa0a33f1\ibex_cs_registers.\dscratch0_en' from process `$paramod$38aa04165534c75a0a4935f073a2885eaa0a33f1\ibex_cs_registers.$proc$/work/src/ibex_cs_registers.v:571$2624'.
No latch inferred for signal `$paramod$38aa04165534c75a0a4935f073a2885eaa0a33f1\ibex_cs_registers.\dscratch1_en' from process `$paramod$38aa04165534c75a0a4935f073a2885eaa0a33f1\ibex_cs_registers.$proc$/work/src/ibex_cs_registers.v:571$2624'.
No latch inferred for signal `$paramod$38aa04165534c75a0a4935f073a2885eaa0a33f1\ibex_cs_registers.\mshwm_en' from process `$paramod$38aa04165534c75a0a4935f073a2885eaa0a33f1\ibex_cs_registers.$proc$/work/src/ibex_cs_registers.v:571$2624'.
No latch inferred for signal `$paramod$38aa04165534c75a0a4935f073a2885eaa0a33f1\ibex_cs_registers.\mshwmb_en' from process `$paramod$38aa04165534c75a0a4935f073a2885eaa0a33f1\ibex_cs_registers.$proc$/work/src/ibex_cs_registers.v:571$2624'.
No latch inferred for signal `$paramod$38aa04165534c75a0a4935f073a2885eaa0a33f1\ibex_cs_registers.\cdbg_ctrl_en' from process `$paramod$38aa04165534c75a0a4935f073a2885eaa0a33f1\ibex_cs_registers.$proc$/work/src/ibex_cs_registers.v:571$2624'.
No latch inferred for signal `$paramod$38aa04165534c75a0a4935f073a2885eaa0a33f1\ibex_cs_registers.\mstack_d' from process `$paramod$38aa04165534c75a0a4935f073a2885eaa0a33f1\ibex_cs_registers.$proc$/work/src/ibex_cs_registers.v:571$2624'.
No latch inferred for signal `$paramod$38aa04165534c75a0a4935f073a2885eaa0a33f1\ibex_cs_registers.\mstack_en' from process `$paramod$38aa04165534c75a0a4935f073a2885eaa0a33f1\ibex_cs_registers.$proc$/work/src/ibex_cs_registers.v:571$2624'.
No latch inferred for signal `$paramod$38aa04165534c75a0a4935f073a2885eaa0a33f1\ibex_cs_registers.\mstack_epc_d' from process `$paramod$38aa04165534c75a0a4935f073a2885eaa0a33f1\ibex_cs_registers.$proc$/work/src/ibex_cs_registers.v:571$2624'.
No latch inferred for signal `$paramod$38aa04165534c75a0a4935f073a2885eaa0a33f1\ibex_cs_registers.\mstack_cause_d' from process `$paramod$38aa04165534c75a0a4935f073a2885eaa0a33f1\ibex_cs_registers.$proc$/work/src/ibex_cs_registers.v:571$2624'.
No latch inferred for signal `$paramod$38aa04165534c75a0a4935f073a2885eaa0a33f1\ibex_cs_registers.\mcountinhibit_we' from process `$paramod$38aa04165534c75a0a4935f073a2885eaa0a33f1\ibex_cs_registers.$proc$/work/src/ibex_cs_registers.v:571$2624'.
No latch inferred for signal `$paramod$38aa04165534c75a0a4935f073a2885eaa0a33f1\ibex_cs_registers.\mcounteren_we' from process `$paramod$38aa04165534c75a0a4935f073a2885eaa0a33f1\ibex_cs_registers.$proc$/work/src/ibex_cs_registers.v:571$2624'.
No latch inferred for signal `$paramod$38aa04165534c75a0a4935f073a2885eaa0a33f1\ibex_cs_registers.\mhpmcounter_we' from process `$paramod$38aa04165534c75a0a4935f073a2885eaa0a33f1\ibex_cs_registers.$proc$/work/src/ibex_cs_registers.v:571$2624'.
No latch inferred for signal `$paramod$38aa04165534c75a0a4935f073a2885eaa0a33f1\ibex_cs_registers.\mhpmcounterh_we' from process `$paramod$38aa04165534c75a0a4935f073a2885eaa0a33f1\ibex_cs_registers.$proc$/work/src/ibex_cs_registers.v:571$2624'.
No latch inferred for signal `$paramod$38aa04165534c75a0a4935f073a2885eaa0a33f1\ibex_cs_registers.\cpuctrlsts_part_d' from process `$paramod$38aa04165534c75a0a4935f073a2885eaa0a33f1\ibex_cs_registers.$proc$/work/src/ibex_cs_registers.v:571$2624'.
No latch inferred for signal `$paramod$38aa04165534c75a0a4935f073a2885eaa0a33f1\ibex_cs_registers.\cpuctrlsts_part_we' from process `$paramod$38aa04165534c75a0a4935f073a2885eaa0a33f1\ibex_cs_registers.$proc$/work/src/ibex_cs_registers.v:571$2624'.
No latch inferred for signal `$paramod$38aa04165534c75a0a4935f073a2885eaa0a33f1\ibex_cs_registers.\sv2v_cast_2$func$/work/src/ibex_cs_registers.v:614$2525.$result' from process `$paramod$38aa04165534c75a0a4935f073a2885eaa0a33f1\ibex_cs_registers.$proc$/work/src/ibex_cs_registers.v:571$2624'.
No latch inferred for signal `$paramod$38aa04165534c75a0a4935f073a2885eaa0a33f1\ibex_cs_registers.\sv2v_cast_2$func$/work/src/ibex_cs_registers.v:614$2525.inp' from process `$paramod$38aa04165534c75a0a4935f073a2885eaa0a33f1\ibex_cs_registers.$proc$/work/src/ibex_cs_registers.v:571$2624'.
No latch inferred for signal `$paramod$38aa04165534c75a0a4935f073a2885eaa0a33f1\ibex_cs_registers.$bitselwrite$pos$/work/src/ibex_cs_registers.v:645$2526' from process `$paramod$38aa04165534c75a0a4935f073a2885eaa0a33f1\ibex_cs_registers.$proc$/work/src/ibex_cs_registers.v:571$2624'.
No latch inferred for signal `$paramod$38aa04165534c75a0a4935f073a2885eaa0a33f1\ibex_cs_registers.$bitselwrite$pos$/work/src/ibex_cs_registers.v:646$2527' from process `$paramod$38aa04165534c75a0a4935f073a2885eaa0a33f1\ibex_cs_registers.$proc$/work/src/ibex_cs_registers.v:571$2624'.
No latch inferred for signal `$paramod$38aa04165534c75a0a4935f073a2885eaa0a33f1\ibex_cs_registers.\csr_rdata_int' from process `$paramod$38aa04165534c75a0a4935f073a2885eaa0a33f1\ibex_cs_registers.$proc$/work/src/ibex_cs_registers.v:401$2546'.
No latch inferred for signal `$paramod$38aa04165534c75a0a4935f073a2885eaa0a33f1\ibex_cs_registers.\dbg_csr' from process `$paramod$38aa04165534c75a0a4935f073a2885eaa0a33f1\ibex_cs_registers.$proc$/work/src/ibex_cs_registers.v:401$2546'.
No latch inferred for signal `$paramod$38aa04165534c75a0a4935f073a2885eaa0a33f1\ibex_cs_registers.\illegal_csr' from process `$paramod$38aa04165534c75a0a4935f073a2885eaa0a33f1\ibex_cs_registers.$proc$/work/src/ibex_cs_registers.v:401$2546'.
No latch inferred for signal `$paramod$38aa04165534c75a0a4935f073a2885eaa0a33f1\ibex_cs_registers.$mem2reg_rd$\mhpmevent$/work/src/ibex_cs_registers.v:504$2532_ADDR' from process `$paramod$38aa04165534c75a0a4935f073a2885eaa0a33f1\ibex_cs_registers.$proc$/work/src/ibex_cs_registers.v:401$2546'.
No latch inferred for signal `$paramod$38aa04165534c75a0a4935f073a2885eaa0a33f1\ibex_cs_registers.$mem2reg_rd$\mhpmevent$/work/src/ibex_cs_registers.v:504$2532_DATA' from process `$paramod$38aa04165534c75a0a4935f073a2885eaa0a33f1\ibex_cs_registers.$proc$/work/src/ibex_cs_registers.v:401$2546'.
No latch inferred for signal `$paramod$38aa04165534c75a0a4935f073a2885eaa0a33f1\ibex_cs_registers.$mem2reg_rd$\mhpmcounter$/work/src/ibex_cs_registers.v:505$2533_ADDR' from process `$paramod$38aa04165534c75a0a4935f073a2885eaa0a33f1\ibex_cs_registers.$proc$/work/src/ibex_cs_registers.v:401$2546'.
No latch inferred for signal `$paramod$38aa04165534c75a0a4935f073a2885eaa0a33f1\ibex_cs_registers.$mem2reg_rd$\mhpmcounter$/work/src/ibex_cs_registers.v:505$2533_DATA' from process `$paramod$38aa04165534c75a0a4935f073a2885eaa0a33f1\ibex_cs_registers.$proc$/work/src/ibex_cs_registers.v:401$2546'.
No latch inferred for signal `$paramod$38aa04165534c75a0a4935f073a2885eaa0a33f1\ibex_cs_registers.$mem2reg_rd$\mhpmcounter$/work/src/ibex_cs_registers.v:506$2534_ADDR' from process `$paramod$38aa04165534c75a0a4935f073a2885eaa0a33f1\ibex_cs_registers.$proc$/work/src/ibex_cs_registers.v:401$2546'.
No latch inferred for signal `$paramod$38aa04165534c75a0a4935f073a2885eaa0a33f1\ibex_cs_registers.$mem2reg_rd$\mhpmcounter$/work/src/ibex_cs_registers.v:506$2534_DATA' from process `$paramod$38aa04165534c75a0a4935f073a2885eaa0a33f1\ibex_cs_registers.$proc$/work/src/ibex_cs_registers.v:401$2546'.
No latch inferred for signal `$paramod$38aa04165534c75a0a4935f073a2885eaa0a33f1\ibex_cs_registers.$mem2reg_rd$\mhpmcounter$/work/src/ibex_cs_registers.v:508$2535_ADDR' from process `$paramod$38aa04165534c75a0a4935f073a2885eaa0a33f1\ibex_cs_registers.$proc$/work/src/ibex_cs_registers.v:401$2546'.
No latch inferred for signal `$paramod$38aa04165534c75a0a4935f073a2885eaa0a33f1\ibex_cs_registers.$mem2reg_rd$\mhpmcounter$/work/src/ibex_cs_registers.v:508$2535_DATA' from process `$paramod$38aa04165534c75a0a4935f073a2885eaa0a33f1\ibex_cs_registers.$proc$/work/src/ibex_cs_registers.v:401$2546'.
No latch inferred for signal `$paramod$38aa04165534c75a0a4935f073a2885eaa0a33f1\ibex_cs_registers.$mem2reg_rd$\mhpmcounter$/work/src/ibex_cs_registers.v:512$2536_ADDR' from process `$paramod$38aa04165534c75a0a4935f073a2885eaa0a33f1\ibex_cs_registers.$proc$/work/src/ibex_cs_registers.v:401$2546'.
No latch inferred for signal `$paramod$38aa04165534c75a0a4935f073a2885eaa0a33f1\ibex_cs_registers.$mem2reg_rd$\mhpmcounter$/work/src/ibex_cs_registers.v:512$2536_DATA' from process `$paramod$38aa04165534c75a0a4935f073a2885eaa0a33f1\ibex_cs_registers.$proc$/work/src/ibex_cs_registers.v:401$2546'.
No latch inferred for signal `$paramod\ibex_counter\CounterWidth=s32'00000000000000000000000001000000.\_sv2v_0' from process `$paramod\ibex_counter\CounterWidth=s32'00000000000000000000000001000000.$proc$/work/src/ibex_counter.v:0$2487'.
No latch inferred for signal `$paramod\ibex_counter\CounterWidth=s32'00000000000000000000000001000000.\counter_load' from process `$paramod\ibex_counter\CounterWidth=s32'00000000000000000000000001000000.$proc$/work/src/ibex_counter.v:28$2483'.
No latch inferred for signal `$paramod\ibex_counter\CounterWidth=s32'00000000000000000000000001000000.\we' from process `$paramod\ibex_counter\CounterWidth=s32'00000000000000000000000001000000.$proc$/work/src/ibex_counter.v:28$2483'.
No latch inferred for signal `$paramod\ibex_counter\CounterWidth=s32'00000000000000000000000001000000.\counter_d' from process `$paramod\ibex_counter\CounterWidth=s32'00000000000000000000000001000000.$proc$/work/src/ibex_counter.v:28$2483'.

53.9. Executing PROC_DFF pass (convert process syncs to FFs).
Creating register for signal `\ibex_top.\core_busy_q' using process `\ibex_top.$proc$/work/src/ibex_top.v:293$773'.
  created $adff cell `$procdff$14711' with positive edge clock and positive level reset.
Creating register for signal `$paramod$754dd1babe3bd40f26e46b58533db04a63dcfb60\ibex_csr.\rdata_q' using process `$paramod$754dd1babe3bd40f26e46b58533db04a63dcfb60\ibex_csr.$proc$/work/src/ibex_csr.v:19$2474'.
  created $adff cell `$procdff$14716' with positive edge clock and positive level reset.
Creating register for signal `$paramod$a088b13b9337f1e1fba58a671f47d7c7701ffa49\ibex_csr.\rdata_q' using process `$paramod$a088b13b9337f1e1fba58a671f47d7c7701ffa49\ibex_csr.$proc$/work/src/ibex_csr.v:19$2472'.
  created $adff cell `$procdff$14721' with positive edge clock and positive level reset.
Creating register for signal `$paramod$ad32fe27c0dd24fa98ff040673e62dee8d3b63ce\ibex_controller.\ctrl_fsm_cs' using process `$paramod$ad32fe27c0dd24fa98ff040673e62dee8d3b63ce\ibex_controller.$proc$/work/src/ibex_controller.v:724$2291'.
  created $adff cell `$procdff$14726' with positive edge clock and positive level reset.
Creating register for signal `$paramod$ad32fe27c0dd24fa98ff040673e62dee8d3b63ce\ibex_controller.\nmi_mode_q' using process `$paramod$ad32fe27c0dd24fa98ff040673e62dee8d3b63ce\ibex_controller.$proc$/work/src/ibex_controller.v:724$2291'.
  created $adff cell `$procdff$14731' with positive edge clock and positive level reset.
Creating register for signal `$paramod$ad32fe27c0dd24fa98ff040673e62dee8d3b63ce\ibex_controller.\debug_mode_q' using process `$paramod$ad32fe27c0dd24fa98ff040673e62dee8d3b63ce\ibex_controller.$proc$/work/src/ibex_controller.v:724$2291'.
  created $adff cell `$procdff$14736' with positive edge clock and positive level reset.
Creating register for signal `$paramod$ad32fe27c0dd24fa98ff040673e62dee8d3b63ce\ibex_controller.\load_err_q' using process `$paramod$ad32fe27c0dd24fa98ff040673e62dee8d3b63ce\ibex_controller.$proc$/work/src/ibex_controller.v:724$2291'.
  created $adff cell `$procdff$14741' with positive edge clock and positive level reset.
Creating register for signal `$paramod$ad32fe27c0dd24fa98ff040673e62dee8d3b63ce\ibex_controller.\store_err_q' using process `$paramod$ad32fe27c0dd24fa98ff040673e62dee8d3b63ce\ibex_controller.$proc$/work/src/ibex_controller.v:724$2291'.
  created $adff cell `$procdff$14746' with positive edge clock and positive level reset.
Creating register for signal `$paramod$ad32fe27c0dd24fa98ff040673e62dee8d3b63ce\ibex_controller.\exc_req_q' using process `$paramod$ad32fe27c0dd24fa98ff040673e62dee8d3b63ce\ibex_controller.$proc$/work/src/ibex_controller.v:724$2291'.
  created $adff cell `$procdff$14751' with positive edge clock and positive level reset.
Creating register for signal `$paramod$ad32fe27c0dd24fa98ff040673e62dee8d3b63ce\ibex_controller.\illegal_insn_q' using process `$paramod$ad32fe27c0dd24fa98ff040673e62dee8d3b63ce\ibex_controller.$proc$/work/src/ibex_controller.v:724$2291'.
  created $adff cell `$procdff$14756' with positive edge clock and positive level reset.
Creating register for signal `$paramod$ad32fe27c0dd24fa98ff040673e62dee8d3b63ce\ibex_controller.\do_single_step_q' using process `$paramod$ad32fe27c0dd24fa98ff040673e62dee8d3b63ce\ibex_controller.$proc$/work/src/ibex_controller.v:724$2291'.
  created $adff cell `$procdff$14761' with positive edge clock and positive level reset.
Creating register for signal `$paramod$ad32fe27c0dd24fa98ff040673e62dee8d3b63ce\ibex_controller.\enter_debug_mode_prio_q' using process `$paramod$ad32fe27c0dd24fa98ff040673e62dee8d3b63ce\ibex_controller.$proc$/work/src/ibex_controller.v:724$2291'.
  created $adff cell `$procdff$14766' with positive edge clock and positive level reset.
Creating register for signal `$paramod$ad32fe27c0dd24fa98ff040673e62dee8d3b63ce\ibex_controller.\debug_cause_q' using process `$paramod$ad32fe27c0dd24fa98ff040673e62dee8d3b63ce\ibex_controller.$proc$/work/src/ibex_controller.v:412$2202'.
  created $adff cell `$procdff$14771' with positive edge clock and positive level reset.
Creating register for signal `$paramod$7cc7cec1e088fedd9ad9b2063ed6f6f72cf9bb0e\ibex_compressed_decoder.\cm_sp_offset_q' using process `$paramod$7cc7cec1e088fedd9ad9b2063ed6f6f72cf9bb0e\ibex_compressed_decoder.$proc$/work/src/ibex_compressed_decoder.v:553$2111'.
  created $adff cell `$procdff$14776' with positive edge clock and positive level reset.
Creating register for signal `$paramod$7cc7cec1e088fedd9ad9b2063ed6f6f72cf9bb0e\ibex_compressed_decoder.\cm_rlist_q' using process `$paramod$7cc7cec1e088fedd9ad9b2063ed6f6f72cf9bb0e\ibex_compressed_decoder.$proc$/work/src/ibex_compressed_decoder.v:553$2111'.
  created $adff cell `$procdff$14781' with positive edge clock and positive level reset.
Creating register for signal `$paramod$7cc7cec1e088fedd9ad9b2063ed6f6f72cf9bb0e\ibex_compressed_decoder.\cm_state_q' using process `$paramod$7cc7cec1e088fedd9ad9b2063ed6f6f72cf9bb0e\ibex_compressed_decoder.$proc$/work/src/ibex_compressed_decoder.v:546$2108'.
  created $adff cell `$procdff$14786' with positive edge clock and positive level reset.
Creating register for signal `$paramod\ibex_prefetch_buffer\ResetAll=1'1.\fetch_addr_q' using process `$paramod\ibex_prefetch_buffer\ResetAll=1'1.$proc$/work/src/ibex_prefetch_buffer.v:123$2047'.
  created $adff cell `$procdff$14791' with positive edge clock and positive level reset.
Creating register for signal `$paramod\ibex_prefetch_buffer\ResetAll=1'1.\stored_addr_q' using process `$paramod\ibex_prefetch_buffer\ResetAll=1'1.$proc$/work/src/ibex_prefetch_buffer.v:107$2045'.
  created $adff cell `$procdff$14796' with positive edge clock and positive level reset.
Creating register for signal `$paramod\ibex_prefetch_buffer\ResetAll=1'1.\branch_discard_q' using process `$paramod\ibex_prefetch_buffer\ResetAll=1'1.$proc$/work/src/ibex_prefetch_buffer.v:155$2043'.
  created $adff cell `$procdff$14801' with positive edge clock and positive level reset.
Creating register for signal `$paramod\ibex_prefetch_buffer\ResetAll=1'1.\rdata_outstanding_q' using process `$paramod\ibex_prefetch_buffer\ResetAll=1'1.$proc$/work/src/ibex_prefetch_buffer.v:155$2043'.
  created $adff cell `$procdff$14806' with positive edge clock and positive level reset.
Creating register for signal `$paramod\ibex_prefetch_buffer\ResetAll=1'1.\discard_req_q' using process `$paramod\ibex_prefetch_buffer\ResetAll=1'1.$proc$/work/src/ibex_prefetch_buffer.v:155$2043'.
  created $adff cell `$procdff$14811' with positive edge clock and positive level reset.
Creating register for signal `$paramod\ibex_prefetch_buffer\ResetAll=1'1.\valid_req_q' using process `$paramod\ibex_prefetch_buffer\ResetAll=1'1.$proc$/work/src/ibex_prefetch_buffer.v:155$2043'.
  created $adff cell `$procdff$14816' with positive edge clock and positive level reset.
Creating register for signal `$paramod$b9b2e5d491bd09fc2169df619ac80edcbdafa2a9\ibex_id_stage.\g_branch_set_flop.branch_set_raw_q' using process `$paramod$b9b2e5d491bd09fc2169df619ac80edcbdafa2a9\ibex_id_stage.$proc$/work/src/ibex_id_stage.v:710$1737'.
  created $adff cell `$procdff$14821' with positive edge clock and positive level reset.
Creating register for signal `$paramod$b9b2e5d491bd09fc2169df619ac80edcbdafa2a9\ibex_id_stage.\imd_val_q [33:0]' using process `$paramod$b9b2e5d491bd09fc2169df619ac80edcbdafa2a9\ibex_id_stage.$proc$/work/src/ibex_id_stage.v:489$1735'.
  created $adff cell `$procdff$14826' with positive edge clock and positive level reset.
Creating register for signal `$paramod$b9b2e5d491bd09fc2169df619ac80edcbdafa2a9\ibex_id_stage.\imd_val_q [67:34]' using process `$paramod$b9b2e5d491bd09fc2169df619ac80edcbdafa2a9\ibex_id_stage.$proc$/work/src/ibex_id_stage.v:489$1733'.
  created $adff cell `$procdff$14831' with positive edge clock and positive level reset.
Creating register for signal `$paramod$b9b2e5d491bd09fc2169df619ac80edcbdafa2a9\ibex_id_stage.\id_fsm_q' using process `$paramod$b9b2e5d491bd09fc2169df619ac80edcbdafa2a9\ibex_id_stage.$proc$/work/src/ibex_id_stage.v:748$1676'.
  created $adff cell `$procdff$14836' with positive edge clock and positive level reset.
Creating register for signal `$paramod$b9b2e5d491bd09fc2169df619ac80edcbdafa2a9\ibex_id_stage.\branch_jump_set_done_q' using process `$paramod$b9b2e5d491bd09fc2169df619ac80edcbdafa2a9\ibex_id_stage.$proc$/work/src/ibex_id_stage.v:719$1670'.
  created $adff cell `$procdff$14841' with positive edge clock and positive level reset.
Creating register for signal `$paramod$a1f82ff8dd7f02ea405ce72f1e83a511ee16121c\ibex_load_store_unit.\handle_misaligned_q' using process `$paramod$a1f82ff8dd7f02ea405ce72f1e83a511ee16121c\ibex_load_store_unit.$proc$/work/src/ibex_load_store_unit.v:527$1554'.
  created $adff cell `$procdff$14846' with positive edge clock and positive level reset.
Creating register for signal `$paramod$a1f82ff8dd7f02ea405ce72f1e83a511ee16121c\ibex_load_store_unit.\pmp_err_q' using process `$paramod$a1f82ff8dd7f02ea405ce72f1e83a511ee16121c\ibex_load_store_unit.$proc$/work/src/ibex_load_store_unit.v:527$1554'.
  created $adff cell `$procdff$14851' with positive edge clock and positive level reset.
Creating register for signal `$paramod$a1f82ff8dd7f02ea405ce72f1e83a511ee16121c\ibex_load_store_unit.\lsu_err_q' using process `$paramod$a1f82ff8dd7f02ea405ce72f1e83a511ee16121c\ibex_load_store_unit.$proc$/work/src/ibex_load_store_unit.v:527$1554'.
  created $adff cell `$procdff$14856' with positive edge clock and positive level reset.
Creating register for signal `$paramod$a1f82ff8dd7f02ea405ce72f1e83a511ee16121c\ibex_load_store_unit.\resp_is_cap_q' using process `$paramod$a1f82ff8dd7f02ea405ce72f1e83a511ee16121c\ibex_load_store_unit.$proc$/work/src/ibex_load_store_unit.v:527$1554'.
  created $adff cell `$procdff$14861' with positive edge clock and positive level reset.
Creating register for signal `$paramod$a1f82ff8dd7f02ea405ce72f1e83a511ee16121c\ibex_load_store_unit.\cheriot_err_q' using process `$paramod$a1f82ff8dd7f02ea405ce72f1e83a511ee16121c\ibex_load_store_unit.$proc$/work/src/ibex_load_store_unit.v:527$1554'.
  created $adff cell `$procdff$14866' with positive edge clock and positive level reset.
Creating register for signal `$paramod$a1f82ff8dd7f02ea405ce72f1e83a511ee16121c\ibex_load_store_unit.\resp_lc_clrperm_q' using process `$paramod$a1f82ff8dd7f02ea405ce72f1e83a511ee16121c\ibex_load_store_unit.$proc$/work/src/ibex_load_store_unit.v:527$1554'.
  created $adff cell `$procdff$14871' with positive edge clock and positive level reset.
Creating register for signal `$paramod$a1f82ff8dd7f02ea405ce72f1e83a511ee16121c\ibex_load_store_unit.\ls_fsm_cs' using process `$paramod$a1f82ff8dd7f02ea405ce72f1e83a511ee16121c\ibex_load_store_unit.$proc$/work/src/ibex_load_store_unit.v:527$1554'.
  created $adff cell `$procdff$14876' with positive edge clock and positive level reset.
Creating register for signal `$paramod$a1f82ff8dd7f02ea405ce72f1e83a511ee16121c\ibex_load_store_unit.\cap_rx_fsm_q' using process `$paramod$a1f82ff8dd7f02ea405ce72f1e83a511ee16121c\ibex_load_store_unit.$proc$/work/src/ibex_load_store_unit.v:527$1554'.
  created $adff cell `$procdff$14881' with positive edge clock and positive level reset.
Creating register for signal `$paramod$a1f82ff8dd7f02ea405ce72f1e83a511ee16121c\ibex_load_store_unit.\cap_lsw_err_q' using process `$paramod$a1f82ff8dd7f02ea405ce72f1e83a511ee16121c\ibex_load_store_unit.$proc$/work/src/ibex_load_store_unit.v:527$1554'.
  created $adff cell `$procdff$14886' with positive edge clock and positive level reset.
Creating register for signal `$paramod$a1f82ff8dd7f02ea405ce72f1e83a511ee16121c\ibex_load_store_unit.\cap_lsw_data_q' using process `$paramod$a1f82ff8dd7f02ea405ce72f1e83a511ee16121c\ibex_load_store_unit.$proc$/work/src/ibex_load_store_unit.v:527$1554'.
  created $adff cell `$procdff$14891' with positive edge clock and positive level reset.
Creating register for signal `$paramod$a1f82ff8dd7f02ea405ce72f1e83a511ee16121c\ibex_load_store_unit.\cap_lsw_tag_q' using process `$paramod$a1f82ff8dd7f02ea405ce72f1e83a511ee16121c\ibex_load_store_unit.$proc$/work/src/ibex_load_store_unit.v:527$1554'.
  created $adff cell `$procdff$14896' with positive edge clock and positive level reset.
Creating register for signal `$paramod$a1f82ff8dd7f02ea405ce72f1e83a511ee16121c\ibex_load_store_unit.\addr_last_q' using process `$paramod$a1f82ff8dd7f02ea405ce72f1e83a511ee16121c\ibex_load_store_unit.$proc$/work/src/ibex_load_store_unit.v:249$1484'.
  created $adff cell `$procdff$14901' with positive edge clock and positive level reset.
Creating register for signal `$paramod$a1f82ff8dd7f02ea405ce72f1e83a511ee16121c\ibex_load_store_unit.\rdata_offset_q' using process `$paramod$a1f82ff8dd7f02ea405ce72f1e83a511ee16121c\ibex_load_store_unit.$proc$/work/src/ibex_load_store_unit.v:235$1481'.
  created $adff cell `$procdff$14906' with positive edge clock and positive level reset.
Creating register for signal `$paramod$a1f82ff8dd7f02ea405ce72f1e83a511ee16121c\ibex_load_store_unit.\data_type_q' using process `$paramod$a1f82ff8dd7f02ea405ce72f1e83a511ee16121c\ibex_load_store_unit.$proc$/work/src/ibex_load_store_unit.v:235$1481'.
  created $adff cell `$procdff$14911' with positive edge clock and positive level reset.
Creating register for signal `$paramod$a1f82ff8dd7f02ea405ce72f1e83a511ee16121c\ibex_load_store_unit.\data_sign_ext_q' using process `$paramod$a1f82ff8dd7f02ea405ce72f1e83a511ee16121c\ibex_load_store_unit.$proc$/work/src/ibex_load_store_unit.v:235$1481'.
  created $adff cell `$procdff$14916' with positive edge clock and positive level reset.
Creating register for signal `$paramod$a1f82ff8dd7f02ea405ce72f1e83a511ee16121c\ibex_load_store_unit.\data_we_q' using process `$paramod$a1f82ff8dd7f02ea405ce72f1e83a511ee16121c\ibex_load_store_unit.$proc$/work/src/ibex_load_store_unit.v:235$1481'.
  created $adff cell `$procdff$14921' with positive edge clock and positive level reset.
Creating register for signal `$paramod$a1f82ff8dd7f02ea405ce72f1e83a511ee16121c\ibex_load_store_unit.\rdata_q' using process `$paramod$a1f82ff8dd7f02ea405ce72f1e83a511ee16121c\ibex_load_store_unit.$proc$/work/src/ibex_load_store_unit.v:230$1479'.
  created $adff cell `$procdff$14926' with positive edge clock and positive level reset.
Creating register for signal `$paramod\ibex_wb_stage\ResetAll=1'1\WritebackStage=1'1\DummyInstructions=1'0.\g_writeback_stage.rf_wdata_wb_q' using process `$paramod\ibex_wb_stage\ResetAll=1'1\WritebackStage=1'1\DummyInstructions=1'0.$proc$/work/src/ibex_wb_stage.v:134$1411'.
  created $adff cell `$procdff$14931' with positive edge clock and positive level reset.
Creating register for signal `$paramod\ibex_wb_stage\ResetAll=1'1\WritebackStage=1'1\DummyInstructions=1'0.\g_writeback_stage.rf_we_wb_q' using process `$paramod\ibex_wb_stage\ResetAll=1'1\WritebackStage=1'1\DummyInstructions=1'0.$proc$/work/src/ibex_wb_stage.v:134$1411'.
  created $adff cell `$procdff$14936' with positive edge clock and positive level reset.
Creating register for signal `$paramod\ibex_wb_stage\ResetAll=1'1\WritebackStage=1'1\DummyInstructions=1'0.\g_writeback_stage.rf_waddr_wb_q' using process `$paramod\ibex_wb_stage\ResetAll=1'1\WritebackStage=1'1\DummyInstructions=1'0.$proc$/work/src/ibex_wb_stage.v:134$1411'.
  created $adff cell `$procdff$14941' with positive edge clock and positive level reset.
Creating register for signal `$paramod\ibex_wb_stage\ResetAll=1'1\WritebackStage=1'1\DummyInstructions=1'0.\g_writeback_stage.wb_pc_q' using process `$paramod\ibex_wb_stage\ResetAll=1'1\WritebackStage=1'1\DummyInstructions=1'0.$proc$/work/src/ibex_wb_stage.v:134$1411'.
  created $adff cell `$procdff$14946' with positive edge clock and positive level reset.
Creating register for signal `$paramod\ibex_wb_stage\ResetAll=1'1\WritebackStage=1'1\DummyInstructions=1'0.\g_writeback_stage.wb_compressed_q' using process `$paramod\ibex_wb_stage\ResetAll=1'1\WritebackStage=1'1\DummyInstructions=1'0.$proc$/work/src/ibex_wb_stage.v:134$1411'.
  created $adff cell `$procdff$14951' with positive edge clock and positive level reset.
Creating register for signal `$paramod\ibex_wb_stage\ResetAll=1'1\WritebackStage=1'1\DummyInstructions=1'0.\g_writeback_stage.wb_count_q' using process `$paramod\ibex_wb_stage\ResetAll=1'1\WritebackStage=1'1\DummyInstructions=1'0.$proc$/work/src/ibex_wb_stage.v:134$1411'.
  created $adff cell `$procdff$14956' with positive edge clock and positive level reset.
Creating register for signal `$paramod\ibex_wb_stage\ResetAll=1'1\WritebackStage=1'1\DummyInstructions=1'0.\g_writeback_stage.wb_instr_type_q' using process `$paramod\ibex_wb_stage\ResetAll=1'1\WritebackStage=1'1\DummyInstructions=1'0.$proc$/work/src/ibex_wb_stage.v:134$1411'.
  created $adff cell `$procdff$14961' with positive edge clock and positive level reset.
Creating register for signal `$paramod\ibex_wb_stage\ResetAll=1'1\WritebackStage=1'1\DummyInstructions=1'0.\g_writeback_stage.wb_is_cheriot_q' using process `$paramod\ibex_wb_stage\ResetAll=1'1\WritebackStage=1'1\DummyInstructions=1'0.$proc$/work/src/ibex_wb_stage.v:134$1411'.
  created $adff cell `$procdff$14966' with positive edge clock and positive level reset.
Creating register for signal `$paramod\ibex_wb_stage\ResetAll=1'1\WritebackStage=1'1\DummyInstructions=1'0.\g_writeback_stage.wb_cheriot_load_q' using process `$paramod\ibex_wb_stage\ResetAll=1'1\WritebackStage=1'1\DummyInstructions=1'0.$proc$/work/src/ibex_wb_stage.v:134$1411'.
  created $adff cell `$procdff$14971' with positive edge clock and positive level reset.
Creating register for signal `$paramod\ibex_wb_stage\ResetAll=1'1\WritebackStage=1'1\DummyInstructions=1'0.\g_writeback_stage.wb_cheriot_store_q' using process `$paramod\ibex_wb_stage\ResetAll=1'1\WritebackStage=1'1\DummyInstructions=1'0.$proc$/work/src/ibex_wb_stage.v:134$1411'.
  created $adff cell `$procdff$14976' with positive edge clock and positive level reset.
Creating register for signal `$paramod\ibex_wb_stage\ResetAll=1'1\WritebackStage=1'1\DummyInstructions=1'0.\g_writeback_stage.cheriot_rf_we_q' using process `$paramod\ibex_wb_stage\ResetAll=1'1\WritebackStage=1'1\DummyInstructions=1'0.$proc$/work/src/ibex_wb_stage.v:134$1411'.
  created $adff cell `$procdff$14981' with positive edge clock and positive level reset.
Creating register for signal `$paramod\ibex_wb_stage\ResetAll=1'1\WritebackStage=1'1\DummyInstructions=1'0.\g_writeback_stage.cheriot_rf_wdata_q' using process `$paramod\ibex_wb_stage\ResetAll=1'1\WritebackStage=1'1\DummyInstructions=1'0.$proc$/work/src/ibex_wb_stage.v:134$1411'.
  created $adff cell `$procdff$14986' with positive edge clock and positive level reset.
Creating register for signal `$paramod\ibex_wb_stage\ResetAll=1'1\WritebackStage=1'1\DummyInstructions=1'0.\g_writeback_stage.cheriot_rf_wcap_q' using process `$paramod\ibex_wb_stage\ResetAll=1'1\WritebackStage=1'1\DummyInstructions=1'0.$proc$/work/src/ibex_wb_stage.v:134$1411'.
  created $adff cell `$procdff$14991' with positive edge clock and positive level reset.
Creating register for signal `$paramod\ibex_wb_stage\ResetAll=1'1\WritebackStage=1'1\DummyInstructions=1'0.\g_writeback_stage.wb_valid_q' using process `$paramod\ibex_wb_stage\ResetAll=1'1\WritebackStage=1'1\DummyInstructions=1'0.$proc$/work/src/ibex_wb_stage.v:128$1409'.
  created $adff cell `$procdff$14996' with positive edge clock and positive level reset.
Creating register for signal `$paramod$5714e31d82f2b8816750797f158ebea69a089104\ibex_csr.\rdata_q' using process `$paramod$5714e31d82f2b8816750797f158ebea69a089104\ibex_csr.$proc$/work/src/ibex_csr.v:19$2500'.
  created $adff cell `$procdff$15001' with positive edge clock and positive level reset.
Creating register for signal `$paramod$9965f29857664148d24e0207d195fc610cce17ac\ibex_if_stage.\instr_rdata_id_o' using process `$paramod$9965f29857664148d24e0207d195fc610cce17ac\ibex_if_stage.$proc$/work/src/ibex_if_stage.v:493$1906'.
  created $adff cell `$procdff$15006' with positive edge clock and positive level reset.
Creating register for signal `$paramod$9965f29857664148d24e0207d195fc610cce17ac\ibex_if_stage.\instr_rdata_alu_id_o' using process `$paramod$9965f29857664148d24e0207d195fc610cce17ac\ibex_if_stage.$proc$/work/src/ibex_if_stage.v:493$1906'.
  created $adff cell `$procdff$15011' with positive edge clock and positive level reset.
Creating register for signal `$paramod$9965f29857664148d24e0207d195fc610cce17ac\ibex_if_stage.\instr_rdata_c_id_o' using process `$paramod$9965f29857664148d24e0207d195fc610cce17ac\ibex_if_stage.$proc$/work/src/ibex_if_stage.v:493$1906'.
  created $adff cell `$procdff$15016' with positive edge clock and positive level reset.
Creating register for signal `$paramod$9965f29857664148d24e0207d195fc610cce17ac\ibex_if_stage.\instr_is_compressed_id_o' using process `$paramod$9965f29857664148d24e0207d195fc610cce17ac\ibex_if_stage.$proc$/work/src/ibex_if_stage.v:493$1906'.
  created $adff cell `$procdff$15021' with positive edge clock and positive level reset.
Creating register for signal `$paramod$9965f29857664148d24e0207d195fc610cce17ac\ibex_if_stage.\instr_gets_expanded_id_o' using process `$paramod$9965f29857664148d24e0207d195fc610cce17ac\ibex_if_stage.$proc$/work/src/ibex_if_stage.v:493$1906'.
  created $adff cell `$procdff$15026' with positive edge clock and positive level reset.
Creating register for signal `$paramod$9965f29857664148d24e0207d195fc610cce17ac\ibex_if_stage.\instr_expanded_id_o' using process `$paramod$9965f29857664148d24e0207d195fc610cce17ac\ibex_if_stage.$proc$/work/src/ibex_if_stage.v:493$1906'.
  created $adff cell `$procdff$15031' with positive edge clock and positive level reset.
Creating register for signal `$paramod$9965f29857664148d24e0207d195fc610cce17ac\ibex_if_stage.\instr_fetch_err_o' using process `$paramod$9965f29857664148d24e0207d195fc610cce17ac\ibex_if_stage.$proc$/work/src/ibex_if_stage.v:493$1906'.
  created $adff cell `$procdff$15036' with positive edge clock and positive level reset.
Creating register for signal `$paramod$9965f29857664148d24e0207d195fc610cce17ac\ibex_if_stage.\instr_fetch_err_plus2_o' using process `$paramod$9965f29857664148d24e0207d195fc610cce17ac\ibex_if_stage.$proc$/work/src/ibex_if_stage.v:493$1906'.
  created $adff cell `$procdff$15041' with positive edge clock and positive level reset.
Creating register for signal `$paramod$9965f29857664148d24e0207d195fc610cce17ac\ibex_if_stage.\illegal_c_insn_id_o' using process `$paramod$9965f29857664148d24e0207d195fc610cce17ac\ibex_if_stage.$proc$/work/src/ibex_if_stage.v:493$1906'.
  created $adff cell `$procdff$15046' with positive edge clock and positive level reset.
Creating register for signal `$paramod$9965f29857664148d24e0207d195fc610cce17ac\ibex_if_stage.\pc_id_o' using process `$paramod$9965f29857664148d24e0207d195fc610cce17ac\ibex_if_stage.$proc$/work/src/ibex_if_stage.v:493$1906'.
  created $adff cell `$procdff$15051' with positive edge clock and positive level reset.
Creating register for signal `$paramod$9965f29857664148d24e0207d195fc610cce17ac\ibex_if_stage.\instr_valid_id_q' using process `$paramod$9965f29857664148d24e0207d195fc610cce17ac\ibex_if_stage.$proc$/work/src/ibex_if_stage.v:479$1901'.
  created $adff cell `$procdff$15056' with positive edge clock and positive level reset.
Creating register for signal `$paramod$9965f29857664148d24e0207d195fc610cce17ac\ibex_if_stage.\instr_new_id_q' using process `$paramod$9965f29857664148d24e0207d195fc610cce17ac\ibex_if_stage.$proc$/work/src/ibex_if_stage.v:479$1901'.
  created $adff cell `$procdff$15061' with positive edge clock and positive level reset.
Creating register for signal `$paramod$40ece52504ff00c302be66a0111a4ec3d1608ab5\ibex_register_file_ff.\g_plain_rf.g_rf_flops[31].rf_reg_q' using process `$paramod$40ece52504ff00c302be66a0111a4ec3d1608ab5\ibex_register_file_ff.$proc$/work/src/ibex_register_file_ff.v:171$976'.
  created $adff cell `$procdff$15066' with positive edge clock and positive level reset.
Creating register for signal `$paramod$40ece52504ff00c302be66a0111a4ec3d1608ab5\ibex_register_file_ff.\g_plain_rf.g_rf_flops[30].rf_reg_q' using process `$paramod$40ece52504ff00c302be66a0111a4ec3d1608ab5\ibex_register_file_ff.$proc$/work/src/ibex_register_file_ff.v:171$974'.
  created $adff cell `$procdff$15071' with positive edge clock and positive level reset.
Creating register for signal `$paramod$40ece52504ff00c302be66a0111a4ec3d1608ab5\ibex_register_file_ff.\g_plain_rf.g_rf_flops[29].rf_reg_q' using process `$paramod$40ece52504ff00c302be66a0111a4ec3d1608ab5\ibex_register_file_ff.$proc$/work/src/ibex_register_file_ff.v:171$972'.
  created $adff cell `$procdff$15076' with positive edge clock and positive level reset.
Creating register for signal `$paramod$40ece52504ff00c302be66a0111a4ec3d1608ab5\ibex_register_file_ff.\g_plain_rf.g_rf_flops[28].rf_reg_q' using process `$paramod$40ece52504ff00c302be66a0111a4ec3d1608ab5\ibex_register_file_ff.$proc$/work/src/ibex_register_file_ff.v:171$970'.
  created $adff cell `$procdff$15081' with positive edge clock and positive level reset.
Creating register for signal `$paramod$40ece52504ff00c302be66a0111a4ec3d1608ab5\ibex_register_file_ff.\g_plain_rf.g_rf_flops[27].rf_reg_q' using process `$paramod$40ece52504ff00c302be66a0111a4ec3d1608ab5\ibex_register_file_ff.$proc$/work/src/ibex_register_file_ff.v:171$968'.
  created $adff cell `$procdff$15086' with positive edge clock and positive level reset.
Creating register for signal `$paramod$40ece52504ff00c302be66a0111a4ec3d1608ab5\ibex_register_file_ff.\g_plain_rf.g_rf_flops[26].rf_reg_q' using process `$paramod$40ece52504ff00c302be66a0111a4ec3d1608ab5\ibex_register_file_ff.$proc$/work/src/ibex_register_file_ff.v:171$966'.
  created $adff cell `$procdff$15091' with positive edge clock and positive level reset.
Creating register for signal `$paramod$40ece52504ff00c302be66a0111a4ec3d1608ab5\ibex_register_file_ff.\g_plain_rf.g_rf_flops[25].rf_reg_q' using process `$paramod$40ece52504ff00c302be66a0111a4ec3d1608ab5\ibex_register_file_ff.$proc$/work/src/ibex_register_file_ff.v:171$964'.
  created $adff cell `$procdff$15096' with positive edge clock and positive level reset.
Creating register for signal `$paramod$40ece52504ff00c302be66a0111a4ec3d1608ab5\ibex_register_file_ff.\g_plain_rf.g_rf_flops[24].rf_reg_q' using process `$paramod$40ece52504ff00c302be66a0111a4ec3d1608ab5\ibex_register_file_ff.$proc$/work/src/ibex_register_file_ff.v:171$962'.
  created $adff cell `$procdff$15101' with positive edge clock and positive level reset.
Creating register for signal `$paramod$40ece52504ff00c302be66a0111a4ec3d1608ab5\ibex_register_file_ff.\g_plain_rf.g_rf_flops[23].rf_reg_q' using process `$paramod$40ece52504ff00c302be66a0111a4ec3d1608ab5\ibex_register_file_ff.$proc$/work/src/ibex_register_file_ff.v:171$960'.
  created $adff cell `$procdff$15106' with positive edge clock and positive level reset.
Creating register for signal `$paramod$40ece52504ff00c302be66a0111a4ec3d1608ab5\ibex_register_file_ff.\g_plain_rf.g_rf_flops[22].rf_reg_q' using process `$paramod$40ece52504ff00c302be66a0111a4ec3d1608ab5\ibex_register_file_ff.$proc$/work/src/ibex_register_file_ff.v:171$958'.
  created $adff cell `$procdff$15111' with positive edge clock and positive level reset.
Creating register for signal `$paramod$40ece52504ff00c302be66a0111a4ec3d1608ab5\ibex_register_file_ff.\g_plain_rf.g_rf_flops[21].rf_reg_q' using process `$paramod$40ece52504ff00c302be66a0111a4ec3d1608ab5\ibex_register_file_ff.$proc$/work/src/ibex_register_file_ff.v:171$956'.
  created $adff cell `$procdff$15116' with positive edge clock and positive level reset.
Creating register for signal `$paramod$40ece52504ff00c302be66a0111a4ec3d1608ab5\ibex_register_file_ff.\g_plain_rf.g_rf_flops[20].rf_reg_q' using process `$paramod$40ece52504ff00c302be66a0111a4ec3d1608ab5\ibex_register_file_ff.$proc$/work/src/ibex_register_file_ff.v:171$954'.
  created $adff cell `$procdff$15121' with positive edge clock and positive level reset.
Creating register for signal `$paramod$40ece52504ff00c302be66a0111a4ec3d1608ab5\ibex_register_file_ff.\g_plain_rf.g_rf_flops[19].rf_reg_q' using process `$paramod$40ece52504ff00c302be66a0111a4ec3d1608ab5\ibex_register_file_ff.$proc$/work/src/ibex_register_file_ff.v:171$952'.
  created $adff cell `$procdff$15126' with positive edge clock and positive level reset.
Creating register for signal `$paramod$40ece52504ff00c302be66a0111a4ec3d1608ab5\ibex_register_file_ff.\g_plain_rf.g_rf_flops[18].rf_reg_q' using process `$paramod$40ece52504ff00c302be66a0111a4ec3d1608ab5\ibex_register_file_ff.$proc$/work/src/ibex_register_file_ff.v:171$950'.
  created $adff cell `$procdff$15131' with positive edge clock and positive level reset.
Creating register for signal `$paramod$40ece52504ff00c302be66a0111a4ec3d1608ab5\ibex_register_file_ff.\g_plain_rf.g_rf_flops[17].rf_reg_q' using process `$paramod$40ece52504ff00c302be66a0111a4ec3d1608ab5\ibex_register_file_ff.$proc$/work/src/ibex_register_file_ff.v:171$948'.
  created $adff cell `$procdff$15136' with positive edge clock and positive level reset.
Creating register for signal `$paramod$40ece52504ff00c302be66a0111a4ec3d1608ab5\ibex_register_file_ff.\g_plain_rf.g_rf_flops[16].rf_reg_q' using process `$paramod$40ece52504ff00c302be66a0111a4ec3d1608ab5\ibex_register_file_ff.$proc$/work/src/ibex_register_file_ff.v:171$946'.
  created $adff cell `$procdff$15141' with positive edge clock and positive level reset.
Creating register for signal `$paramod$40ece52504ff00c302be66a0111a4ec3d1608ab5\ibex_register_file_ff.\g_plain_rf.g_rf_flops[15].rf_reg_q' using process `$paramod$40ece52504ff00c302be66a0111a4ec3d1608ab5\ibex_register_file_ff.$proc$/work/src/ibex_register_file_ff.v:171$944'.
  created $adff cell `$procdff$15146' with positive edge clock and positive level reset.
Creating register for signal `$paramod$40ece52504ff00c302be66a0111a4ec3d1608ab5\ibex_register_file_ff.\g_plain_rf.g_rf_flops[14].rf_reg_q' using process `$paramod$40ece52504ff00c302be66a0111a4ec3d1608ab5\ibex_register_file_ff.$proc$/work/src/ibex_register_file_ff.v:171$942'.
  created $adff cell `$procdff$15151' with positive edge clock and positive level reset.
Creating register for signal `$paramod$40ece52504ff00c302be66a0111a4ec3d1608ab5\ibex_register_file_ff.\g_plain_rf.g_rf_flops[13].rf_reg_q' using process `$paramod$40ece52504ff00c302be66a0111a4ec3d1608ab5\ibex_register_file_ff.$proc$/work/src/ibex_register_file_ff.v:171$940'.
  created $adff cell `$procdff$15156' with positive edge clock and positive level reset.
Creating register for signal `$paramod$40ece52504ff00c302be66a0111a4ec3d1608ab5\ibex_register_file_ff.\g_plain_rf.g_rf_flops[12].rf_reg_q' using process `$paramod$40ece52504ff00c302be66a0111a4ec3d1608ab5\ibex_register_file_ff.$proc$/work/src/ibex_register_file_ff.v:171$938'.
  created $adff cell `$procdff$15161' with positive edge clock and positive level reset.
Creating register for signal `$paramod$40ece52504ff00c302be66a0111a4ec3d1608ab5\ibex_register_file_ff.\g_plain_rf.g_rf_flops[11].rf_reg_q' using process `$paramod$40ece52504ff00c302be66a0111a4ec3d1608ab5\ibex_register_file_ff.$proc$/work/src/ibex_register_file_ff.v:171$936'.
  created $adff cell `$procdff$15166' with positive edge clock and positive level reset.
Creating register for signal `$paramod$40ece52504ff00c302be66a0111a4ec3d1608ab5\ibex_register_file_ff.\g_plain_rf.g_rf_flops[10].rf_reg_q' using process `$paramod$40ece52504ff00c302be66a0111a4ec3d1608ab5\ibex_register_file_ff.$proc$/work/src/ibex_register_file_ff.v:171$934'.
  created $adff cell `$procdff$15171' with positive edge clock and positive level reset.
Creating register for signal `$paramod$40ece52504ff00c302be66a0111a4ec3d1608ab5\ibex_register_file_ff.\g_plain_rf.g_rf_flops[9].rf_reg_q' using process `$paramod$40ece52504ff00c302be66a0111a4ec3d1608ab5\ibex_register_file_ff.$proc$/work/src/ibex_register_file_ff.v:171$932'.
  created $adff cell `$procdff$15176' with positive edge clock and positive level reset.
Creating register for signal `$paramod$40ece52504ff00c302be66a0111a4ec3d1608ab5\ibex_register_file_ff.\g_plain_rf.g_rf_flops[8].rf_reg_q' using process `$paramod$40ece52504ff00c302be66a0111a4ec3d1608ab5\ibex_register_file_ff.$proc$/work/src/ibex_register_file_ff.v:171$930'.
  created $adff cell `$procdff$15181' with positive edge clock and positive level reset.
Creating register for signal `$paramod$40ece52504ff00c302be66a0111a4ec3d1608ab5\ibex_register_file_ff.\g_plain_rf.g_rf_flops[7].rf_reg_q' using process `$paramod$40ece52504ff00c302be66a0111a4ec3d1608ab5\ibex_register_file_ff.$proc$/work/src/ibex_register_file_ff.v:171$928'.
  created $adff cell `$procdff$15186' with positive edge clock and positive level reset.
Creating register for signal `$paramod$40ece52504ff00c302be66a0111a4ec3d1608ab5\ibex_register_file_ff.\g_plain_rf.g_rf_flops[6].rf_reg_q' using process `$paramod$40ece52504ff00c302be66a0111a4ec3d1608ab5\ibex_register_file_ff.$proc$/work/src/ibex_register_file_ff.v:171$926'.
  created $adff cell `$procdff$15191' with positive edge clock and positive level reset.
Creating register for signal `$paramod$40ece52504ff00c302be66a0111a4ec3d1608ab5\ibex_register_file_ff.\g_plain_rf.g_rf_flops[5].rf_reg_q' using process `$paramod$40ece52504ff00c302be66a0111a4ec3d1608ab5\ibex_register_file_ff.$proc$/work/src/ibex_register_file_ff.v:171$924'.
  created $adff cell `$procdff$15196' with positive edge clock and positive level reset.
Creating register for signal `$paramod$40ece52504ff00c302be66a0111a4ec3d1608ab5\ibex_register_file_ff.\g_plain_rf.g_rf_flops[4].rf_reg_q' using process `$paramod$40ece52504ff00c302be66a0111a4ec3d1608ab5\ibex_register_file_ff.$proc$/work/src/ibex_register_file_ff.v:171$922'.
  created $adff cell `$procdff$15201' with positive edge clock and positive level reset.
Creating register for signal `$paramod$40ece52504ff00c302be66a0111a4ec3d1608ab5\ibex_register_file_ff.\g_plain_rf.g_rf_flops[3].rf_reg_q' using process `$paramod$40ece52504ff00c302be66a0111a4ec3d1608ab5\ibex_register_file_ff.$proc$/work/src/ibex_register_file_ff.v:171$920'.
  created $adff cell `$procdff$15206' with positive edge clock and positive level reset.
Creating register for signal `$paramod$40ece52504ff00c302be66a0111a4ec3d1608ab5\ibex_register_file_ff.\g_plain_rf.g_rf_flops[2].rf_reg_q' using process `$paramod$40ece52504ff00c302be66a0111a4ec3d1608ab5\ibex_register_file_ff.$proc$/work/src/ibex_register_file_ff.v:171$918'.
  created $adff cell `$procdff$15211' with positive edge clock and positive level reset.
Creating register for signal `$paramod$40ece52504ff00c302be66a0111a4ec3d1608ab5\ibex_register_file_ff.\g_plain_rf.g_rf_flops[1].rf_reg_q' using process `$paramod$40ece52504ff00c302be66a0111a4ec3d1608ab5\ibex_register_file_ff.$proc$/work/src/ibex_register_file_ff.v:171$916'.
  created $adff cell `$procdff$15216' with positive edge clock and positive level reset.
Creating register for signal `$paramod$c16eccae153ba9fb8fce8498c4f7e85e78010c3f\ibex_counter.\counter_q' using process `$paramod$c16eccae153ba9fb8fce8498c4f7e85e78010c3f\ibex_counter.$proc$/work/src/ibex_counter.v:56$2479'.
  created $adff cell `$procdff$15221' with positive edge clock and positive level reset.
Creating register for signal `$paramod\ibex_fetch_fifo\NUM_REQS=32'00000000000000000000000000000010\ResetAll=1'1.\err_q [2]' using process `$paramod\ibex_fetch_fifo\NUM_REQS=32'00000000000000000000000000000010\ResetAll=1'1.$proc$/work/src/ibex_fetch_fifo.v:148$2894'.
  created $adff cell `$procdff$15226' with positive edge clock and positive level reset.
Creating register for signal `$paramod\ibex_fetch_fifo\NUM_REQS=32'00000000000000000000000000000010\ResetAll=1'1.\rdata_q [95:64]' using process `$paramod\ibex_fetch_fifo\NUM_REQS=32'00000000000000000000000000000010\ResetAll=1'1.$proc$/work/src/ibex_fetch_fifo.v:148$2894'.
  created $adff cell `$procdff$15231' with positive edge clock and positive level reset.
Creating register for signal `$paramod\ibex_fetch_fifo\NUM_REQS=32'00000000000000000000000000000010\ResetAll=1'1.\err_q [1]' using process `$paramod\ibex_fetch_fifo\NUM_REQS=32'00000000000000000000000000000010\ResetAll=1'1.$proc$/work/src/ibex_fetch_fifo.v:148$2892'.
  created $adff cell `$procdff$15236' with positive edge clock and positive level reset.
Creating register for signal `$paramod\ibex_fetch_fifo\NUM_REQS=32'00000000000000000000000000000010\ResetAll=1'1.\rdata_q [63:32]' using process `$paramod\ibex_fetch_fifo\NUM_REQS=32'00000000000000000000000000000010\ResetAll=1'1.$proc$/work/src/ibex_fetch_fifo.v:148$2892'.
  created $adff cell `$procdff$15241' with positive edge clock and positive level reset.
Creating register for signal `$paramod\ibex_fetch_fifo\NUM_REQS=32'00000000000000000000000000000010\ResetAll=1'1.\err_q [0]' using process `$paramod\ibex_fetch_fifo\NUM_REQS=32'00000000000000000000000000000010\ResetAll=1'1.$proc$/work/src/ibex_fetch_fifo.v:148$2890'.
  created $adff cell `$procdff$15246' with positive edge clock and positive level reset.
Creating register for signal `$paramod\ibex_fetch_fifo\NUM_REQS=32'00000000000000000000000000000010\ResetAll=1'1.\rdata_q [31:0]' using process `$paramod\ibex_fetch_fifo\NUM_REQS=32'00000000000000000000000000000010\ResetAll=1'1.$proc$/work/src/ibex_fetch_fifo.v:148$2890'.
  created $adff cell `$procdff$15251' with positive edge clock and positive level reset.
Creating register for signal `$paramod\ibex_fetch_fifo\NUM_REQS=32'00000000000000000000000000000010\ResetAll=1'1.\instr_addr_q' using process `$paramod\ibex_fetch_fifo\NUM_REQS=32'00000000000000000000000000000010\ResetAll=1'1.$proc$/work/src/ibex_fetch_fifo.v:97$2861'.
  created $adff cell `$procdff$15256' with positive edge clock and positive level reset.
Creating register for signal `$paramod\ibex_fetch_fifo\NUM_REQS=32'00000000000000000000000000000010\ResetAll=1'1.\valid_q' using process `$paramod\ibex_fetch_fifo\NUM_REQS=32'00000000000000000000000000000010\ResetAll=1'1.$proc$/work/src/ibex_fetch_fifo.v:138$2859'.
  created $adff cell `$procdff$15261' with positive edge clock and positive level reset.
Creating register for signal `$paramod$38aa04165534c75a0a4935f073a2885eaa0a33f1\ibex_cs_registers.\mcountinhibit_q' using process `$paramod$38aa04165534c75a0a4935f073a2885eaa0a33f1\ibex_cs_registers.$proc$/work/src/ibex_cs_registers.v:1306$2744'.
  created $adff cell `$procdff$15266' with positive edge clock and positive level reset.
Creating register for signal `$paramod$38aa04165534c75a0a4935f073a2885eaa0a33f1\ibex_cs_registers.\priv_lvl_q' using process `$paramod$38aa04165534c75a0a4935f073a2885eaa0a33f1\ibex_cs_registers.$proc$/work/src/ibex_cs_registers.v:724$2681'.
  created $adff cell `$procdff$15271' with positive edge clock and positive level reset.
Creating register for signal `$paramod$e55993a14b1fbc43320d549f521b710ed37596c6\ibex_csr.\rdata_q' using process `$paramod$e55993a14b1fbc43320d549f521b710ed37596c6\ibex_csr.$proc$/work/src/ibex_csr.v:19$2498'.
  created $adff cell `$procdff$15276' with positive edge clock and positive level reset.
Creating register for signal `$paramod$4f46e25470a27719ee9ca03cee1a0827eff766f7\ibex_csr.\rdata_q' using process `$paramod$4f46e25470a27719ee9ca03cee1a0827eff766f7\ibex_csr.$proc$/work/src/ibex_csr.v:19$2496'.
  created $adff cell `$procdff$15281' with positive edge clock and positive level reset.
Creating register for signal `$paramod$9a435d8f6db004a67362aa9a56f32ea481a74dbe\ibex_csr.\rdata_q' using process `$paramod$9a435d8f6db004a67362aa9a56f32ea481a74dbe\ibex_csr.$proc$/work/src/ibex_csr.v:19$2494'.
  created $adff cell `$procdff$15286' with positive edge clock and positive level reset.
Creating register for signal `$paramod$410b37fbfbfa994790f1902c150d2be939cadb3b\ibex_csr.\rdata_q' using process `$paramod$410b37fbfbfa994790f1902c150d2be939cadb3b\ibex_csr.$proc$/work/src/ibex_csr.v:19$2492'.
  created $adff cell `$procdff$15291' with positive edge clock and positive level reset.
Creating register for signal `$paramod$85ba01ab5a28334786aba5877c1fe04472f39fba\ibex_csr.\rdata_q' using process `$paramod$85ba01ab5a28334786aba5877c1fe04472f39fba\ibex_csr.$proc$/work/src/ibex_csr.v:19$2490'.
  created $adff cell `$procdff$15296' with positive edge clock and positive level reset.
Creating register for signal `$paramod$34601000fe8707ce2501f5ed778e152043201712\ibex_csr.\rdata_q' using process `$paramod$34601000fe8707ce2501f5ed778e152043201712\ibex_csr.$proc$/work/src/ibex_csr.v:19$2488'.
  created $adff cell `$procdff$15301' with positive edge clock and positive level reset.
Creating register for signal `$paramod\ibex_counter\CounterWidth=s32'00000000000000000000000001000000.\counter_q' using process `$paramod\ibex_counter\CounterWidth=s32'00000000000000000000000001000000.$proc$/work/src/ibex_counter.v:56$2485'.
  created $adff cell `$procdff$15306' with positive edge clock and positive level reset.

53.10. Executing PROC_MEMWR pass (convert process memory writes to cells).

53.11. Executing PROC_CLEAN pass (remove empty switches from decision trees).
Removing empty process `ibex_top.$proc$/work/src/ibex_top.v:542$800'.
Removing empty process `ibex_top.$proc$/work/src/ibex_top.v:556$783'.
Removing empty process `ibex_top.$proc$/work/src/ibex_top.v:553$782'.
Removing empty process `ibex_top.$proc$/work/src/ibex_top.v:550$781'.
Removing empty process `ibex_top.$proc$/work/src/ibex_top.v:546$780'.
Removing empty process `ibex_top.$proc$/work/src/ibex_top.v:293$773'.
Found and cleaned up 1 empty switch in `$paramod$754dd1babe3bd40f26e46b58533db04a63dcfb60\ibex_csr.$proc$/work/src/ibex_csr.v:19$2474'.
Removing empty process `$paramod$754dd1babe3bd40f26e46b58533db04a63dcfb60\ibex_csr.$proc$/work/src/ibex_csr.v:19$2474'.
Found and cleaned up 1 empty switch in `$paramod$a088b13b9337f1e1fba58a671f47d7c7701ffa49\ibex_csr.$proc$/work/src/ibex_csr.v:19$2472'.
Removing empty process `$paramod$a088b13b9337f1e1fba58a671f47d7c7701ffa49\ibex_csr.$proc$/work/src/ibex_csr.v:19$2472'.
Removing empty process `$paramod\ibex_alu\RV32B=s32'00000000000000000000000000000000.$proc$/work/src/ibex_alu.v:0$2471'.
Removing empty process `$paramod\ibex_alu\RV32B=s32'00000000000000000000000000000000.$proc$/work/src/ibex_alu.v:858$2470'.
Removing empty process `$paramod\ibex_alu\RV32B=s32'00000000000000000000000000000000.$proc$/work/src/ibex_alu.v:855$2469'.
Removing empty process `$paramod\ibex_alu\RV32B=s32'00000000000000000000000000000000.$proc$/work/src/ibex_alu.v:852$2468'.
Removing empty process `$paramod\ibex_alu\RV32B=s32'00000000000000000000000000000000.$proc$/work/src/ibex_alu.v:849$2467'.
Removing empty process `$paramod\ibex_alu\RV32B=s32'00000000000000000000000000000000.$proc$/work/src/ibex_alu.v:846$2466'.
Removing empty process `$paramod\ibex_alu\RV32B=s32'00000000000000000000000000000000.$proc$/work/src/ibex_alu.v:843$2465'.
Removing empty process `$paramod\ibex_alu\RV32B=s32'00000000000000000000000000000000.$proc$/work/src/ibex_alu.v:839$2464'.
Removing empty process `$paramod\ibex_alu\RV32B=s32'00000000000000000000000000000000.$proc$/work/src/ibex_alu.v:836$2463'.
Removing empty process `$paramod\ibex_alu\RV32B=s32'00000000000000000000000000000000.$proc$/work/src/ibex_alu.v:833$2462'.
Removing empty process `$paramod\ibex_alu\RV32B=s32'00000000000000000000000000000000.$proc$/work/src/ibex_alu.v:829$2461'.
Found and cleaned up 1 empty switch in `$paramod\ibex_alu\RV32B=s32'00000000000000000000000000000000.$proc$/work/src/ibex_alu.v:861$2460'.
Removing empty process `$paramod\ibex_alu\RV32B=s32'00000000000000000000000000000000.$proc$/work/src/ibex_alu.v:861$2460'.
Found and cleaned up 1 empty switch in `$paramod\ibex_alu\RV32B=s32'00000000000000000000000000000000.$proc$/work/src/ibex_alu.v:247$2459'.
Removing empty process `$paramod\ibex_alu\RV32B=s32'00000000000000000000000000000000.$proc$/work/src/ibex_alu.v:247$2459'.
Found and cleaned up 1 empty switch in `$paramod\ibex_alu\RV32B=s32'00000000000000000000000000000000.$proc$/work/src/ibex_alu.v:231$2448'.
Removing empty process `$paramod\ibex_alu\RV32B=s32'00000000000000000000000000000000.$proc$/work/src/ibex_alu.v:231$2448'.
Removing empty process `$paramod\ibex_alu\RV32B=s32'00000000000000000000000000000000.$proc$/work/src/ibex_alu.v:200$2442'.
Found and cleaned up 2 empty switches in `$paramod\ibex_alu\RV32B=s32'00000000000000000000000000000000.$proc$/work/src/ibex_alu.v:180$2440'.
Removing empty process `$paramod\ibex_alu\RV32B=s32'00000000000000000000000000000000.$proc$/work/src/ibex_alu.v:180$2440'.
Found and cleaned up 1 empty switch in `$paramod\ibex_alu\RV32B=s32'00000000000000000000000000000000.$proc$/work/src/ibex_alu.v:171$2434'.
Removing empty process `$paramod\ibex_alu\RV32B=s32'00000000000000000000000000000000.$proc$/work/src/ibex_alu.v:171$2434'.
Removing empty process `$paramod\ibex_alu\RV32B=s32'00000000000000000000000000000000.$proc$/work/src/ibex_alu.v:169$2432'.
Found and cleaned up 1 empty switch in `$paramod\ibex_alu\RV32B=s32'00000000000000000000000000000000.$proc$/work/src/ibex_alu.v:123$2426'.
Removing empty process `$paramod\ibex_alu\RV32B=s32'00000000000000000000000000000000.$proc$/work/src/ibex_alu.v:123$2426'.
Found and cleaned up 1 empty switch in `$paramod\ibex_alu\RV32B=s32'00000000000000000000000000000000.$proc$/work/src/ibex_alu.v:114$2421'.
Removing empty process `$paramod\ibex_alu\RV32B=s32'00000000000000000000000000000000.$proc$/work/src/ibex_alu.v:114$2421'.
Found and cleaned up 1 empty switch in `$paramod\ibex_alu\RV32B=s32'00000000000000000000000000000000.$proc$/work/src/ibex_alu.v:103$2419'.
Removing empty process `$paramod\ibex_alu\RV32B=s32'00000000000000000000000000000000.$proc$/work/src/ibex_alu.v:103$2419'.
Found and cleaned up 1 empty switch in `$paramod\ibex_alu\RV32B=s32'00000000000000000000000000000000.$proc$/work/src/ibex_alu.v:87$2417'.
Removing empty process `$paramod\ibex_alu\RV32B=s32'00000000000000000000000000000000.$proc$/work/src/ibex_alu.v:87$2417'.
Found and cleaned up 1 empty switch in `$paramod\ibex_alu\RV32B=s32'00000000000000000000000000000000.$proc$/work/src/ibex_alu.v:74$2415'.
Removing empty process `$paramod\ibex_alu\RV32B=s32'00000000000000000000000000000000.$proc$/work/src/ibex_alu.v:74$2415'.
Found and cleaned up 1 empty switch in `$paramod\ibex_alu\RV32B=s32'00000000000000000000000000000000.$proc$/work/src/ibex_alu.v:51$2414'.
Removing empty process `$paramod\ibex_alu\RV32B=s32'00000000000000000000000000000000.$proc$/work/src/ibex_alu.v:51$2414'.
Removing empty process `$paramod$e6b6d8eec746808c1a487eeea1c00388e00f4eee\ibex_decoder.$proc$/work/src/ibex_decoder.v:0$2413'.
Removing empty process `$paramod$e6b6d8eec746808c1a487eeea1c00388e00f4eee\ibex_decoder.$proc$/work/src/ibex_decoder.v:186$2411'.
Found and cleaned up 14 empty switches in `$paramod$e6b6d8eec746808c1a487eeea1c00388e00f4eee\ibex_decoder.$proc$/work/src/ibex_decoder.v:682$2386'.
Removing empty process `$paramod$e6b6d8eec746808c1a487eeea1c00388e00f4eee\ibex_decoder.$proc$/work/src/ibex_decoder.v:682$2386'.
Found and cleaned up 44 empty switches in `$paramod$e6b6d8eec746808c1a487eeea1c00388e00f4eee\ibex_decoder.$proc$/work/src/ibex_decoder.v:228$2324'.
Removing empty process `$paramod$e6b6d8eec746808c1a487eeea1c00388e00f4eee\ibex_decoder.$proc$/work/src/ibex_decoder.v:228$2324'.
Found and cleaned up 1 empty switch in `$paramod$e6b6d8eec746808c1a487eeea1c00388e00f4eee\ibex_decoder.$proc$/work/src/ibex_decoder.v:221$2318'.
Removing empty process `$paramod$e6b6d8eec746808c1a487eeea1c00388e00f4eee\ibex_decoder.$proc$/work/src/ibex_decoder.v:221$2318'.
Removing empty process `$paramod$ad32fe27c0dd24fa98ff040673e62dee8d3b63ce\ibex_controller.$proc$/work/src/ibex_controller.v:0$2311'.
Removing empty process `$paramod$ad32fe27c0dd24fa98ff040673e62dee8d3b63ce\ibex_controller.$proc$/work/src/ibex_controller.v:779$2310'.
Removing empty process `$paramod$ad32fe27c0dd24fa98ff040673e62dee8d3b63ce\ibex_controller.$proc$/work/src/ibex_controller.v:776$2309'.
Removing empty process `$paramod$ad32fe27c0dd24fa98ff040673e62dee8d3b63ce\ibex_controller.$proc$/work/src/ibex_controller.v:773$2308'.
Removing empty process `$paramod$ad32fe27c0dd24fa98ff040673e62dee8d3b63ce\ibex_controller.$proc$/work/src/ibex_controller.v:770$2307'.
Found and cleaned up 9 empty switches in `$paramod$ad32fe27c0dd24fa98ff040673e62dee8d3b63ce\ibex_controller.$proc$/work/src/ibex_controller.v:279$2295'.
Removing empty process `$paramod$ad32fe27c0dd24fa98ff040673e62dee8d3b63ce\ibex_controller.$proc$/work/src/ibex_controller.v:279$2295'.
Removing empty process `$paramod$ad32fe27c0dd24fa98ff040673e62dee8d3b63ce\ibex_controller.$proc$/work/src/ibex_controller.v:724$2291'.
Found and cleaned up 38 empty switches in `$paramod$ad32fe27c0dd24fa98ff040673e62dee8d3b63ce\ibex_controller.$proc$/work/src/ibex_controller.v:437$2204'.
Removing empty process `$paramod$ad32fe27c0dd24fa98ff040673e62dee8d3b63ce\ibex_controller.$proc$/work/src/ibex_controller.v:437$2204'.
Removing empty process `$paramod$ad32fe27c0dd24fa98ff040673e62dee8d3b63ce\ibex_controller.$proc$/work/src/ibex_controller.v:412$2202'.
Found and cleaned up 15 empty switches in `$paramod$ad32fe27c0dd24fa98ff040673e62dee8d3b63ce\ibex_controller.$proc$/work/src/ibex_controller.v:399$2196'.
Removing empty process `$paramod$ad32fe27c0dd24fa98ff040673e62dee8d3b63ce\ibex_controller.$proc$/work/src/ibex_controller.v:399$2196'.
Removing empty process `$paramod$7cc7cec1e088fedd9ad9b2063ed6f6f72cf9bb0e\ibex_compressed_decoder.$proc$/work/src/ibex_compressed_decoder.v:0$2114'.
Removing empty process `$paramod$7cc7cec1e088fedd9ad9b2063ed6f6f72cf9bb0e\ibex_compressed_decoder.$proc$/work/src/ibex_compressed_decoder.v:553$2111'.
Removing empty process `$paramod$7cc7cec1e088fedd9ad9b2063ed6f6f72cf9bb0e\ibex_compressed_decoder.$proc$/work/src/ibex_compressed_decoder.v:546$2108'.
Found and cleaned up 28 empty switches in `$paramod$7cc7cec1e088fedd9ad9b2063ed6f6f72cf9bb0e\ibex_compressed_decoder.$proc$/work/src/ibex_compressed_decoder.v:203$2065'.
Removing empty process `$paramod$7cc7cec1e088fedd9ad9b2063ed6f6f72cf9bb0e\ibex_compressed_decoder.$proc$/work/src/ibex_compressed_decoder.v:203$2065'.
Found and cleaned up 1 empty switch in `$paramod\ibex_prefetch_buffer\ResetAll=1'1.$proc$/work/src/ibex_prefetch_buffer.v:123$2047'.
Removing empty process `$paramod\ibex_prefetch_buffer\ResetAll=1'1.$proc$/work/src/ibex_prefetch_buffer.v:123$2047'.
Found and cleaned up 1 empty switch in `$paramod\ibex_prefetch_buffer\ResetAll=1'1.$proc$/work/src/ibex_prefetch_buffer.v:107$2045'.
Removing empty process `$paramod\ibex_prefetch_buffer\ResetAll=1'1.$proc$/work/src/ibex_prefetch_buffer.v:107$2045'.
Removing empty process `$paramod\ibex_prefetch_buffer\ResetAll=1'1.$proc$/work/src/ibex_prefetch_buffer.v:155$2043'.
Removing empty process `$paramod$02c313747c8f25d335ac7182387c56521505fa11\ibex_core.$proc$/work/src/ibex_core.v:0$2011'.
Removing empty process `$paramod$02c313747c8f25d335ac7182387c56521505fa11\ibex_core.$proc$/work/src/ibex_core.v:0$2005'.
Removing empty process `$paramod$02c313747c8f25d335ac7182387c56521505fa11\ibex_core.$proc$/work/src/ibex_core.v:0$1954'.
Removing empty process `$paramod$02c313747c8f25d335ac7182387c56521505fa11\ibex_core.$proc$/work/src/ibex_core.v:0$1948'.
Removing empty process `$paramod$b9b2e5d491bd09fc2169df619ac80edcbdafa2a9\ibex_id_stage.$proc$/work/src/ibex_id_stage.v:0$1810'.
Removing empty process `$paramod$b9b2e5d491bd09fc2169df619ac80edcbdafa2a9\ibex_id_stage.$proc$/work/src/ibex_id_stage.v:710$1737'.
Found and cleaned up 1 empty switch in `$paramod$b9b2e5d491bd09fc2169df619ac80edcbdafa2a9\ibex_id_stage.$proc$/work/src/ibex_id_stage.v:489$1735'.
Removing empty process `$paramod$b9b2e5d491bd09fc2169df619ac80edcbdafa2a9\ibex_id_stage.$proc$/work/src/ibex_id_stage.v:489$1735'.
Found and cleaned up 1 empty switch in `$paramod$b9b2e5d491bd09fc2169df619ac80edcbdafa2a9\ibex_id_stage.$proc$/work/src/ibex_id_stage.v:489$1733'.
Removing empty process `$paramod$b9b2e5d491bd09fc2169df619ac80edcbdafa2a9\ibex_id_stage.$proc$/work/src/ibex_id_stage.v:489$1733'.
Found and cleaned up 1 empty switch in `$paramod$b9b2e5d491bd09fc2169df619ac80edcbdafa2a9\ibex_id_stage.$proc$/work/src/ibex_id_stage.v:467$1731'.
Removing empty process `$paramod$b9b2e5d491bd09fc2169df619ac80edcbdafa2a9\ibex_id_stage.$proc$/work/src/ibex_id_stage.v:467$1731'.
Removing empty process `$paramod$b9b2e5d491bd09fc2169df619ac80edcbdafa2a9\ibex_id_stage.$proc$/work/src/ibex_id_stage.v:466$1730'.
Removing empty process `$paramod$b9b2e5d491bd09fc2169df619ac80edcbdafa2a9\ibex_id_stage.$proc$/work/src/ibex_id_stage.v:463$1729'.
Found and cleaned up 9 empty switches in `$paramod$b9b2e5d491bd09fc2169df619ac80edcbdafa2a9\ibex_id_stage.$proc$/work/src/ibex_id_stage.v:754$1678'.
Removing empty process `$paramod$b9b2e5d491bd09fc2169df619ac80edcbdafa2a9\ibex_id_stage.$proc$/work/src/ibex_id_stage.v:754$1678'.
Found and cleaned up 1 empty switch in `$paramod$b9b2e5d491bd09fc2169df619ac80edcbdafa2a9\ibex_id_stage.$proc$/work/src/ibex_id_stage.v:748$1676'.
Removing empty process `$paramod$b9b2e5d491bd09fc2169df619ac80edcbdafa2a9\ibex_id_stage.$proc$/work/src/ibex_id_stage.v:748$1676'.
Removing empty process `$paramod$b9b2e5d491bd09fc2169df619ac80edcbdafa2a9\ibex_id_stage.$proc$/work/src/ibex_id_stage.v:719$1670'.
Found and cleaned up 1 empty switch in `$paramod$b9b2e5d491bd09fc2169df619ac80edcbdafa2a9\ibex_id_stage.$proc$/work/src/ibex_id_stage.v:499$1632'.
Removing empty process `$paramod$b9b2e5d491bd09fc2169df619ac80edcbdafa2a9\ibex_id_stage.$proc$/work/src/ibex_id_stage.v:499$1632'.
Found and cleaned up 1 empty switch in `$paramod$b9b2e5d491bd09fc2169df619ac80edcbdafa2a9\ibex_id_stage.$proc$/work/src/ibex_id_stage.v:406$1626'.
Removing empty process `$paramod$b9b2e5d491bd09fc2169df619ac80edcbdafa2a9\ibex_id_stage.$proc$/work/src/ibex_id_stage.v:406$1626'.
Removing empty process `$paramod$a1f82ff8dd7f02ea405ce72f1e83a511ee16121c\ibex_load_store_unit.$proc$/work/src/ibex_load_store_unit.v:0$1603'.
Found and cleaned up 3 empty switches in `$paramod$a1f82ff8dd7f02ea405ce72f1e83a511ee16121c\ibex_load_store_unit.$proc$/work/src/ibex_load_store_unit.v:527$1554'.
Removing empty process `$paramod$a1f82ff8dd7f02ea405ce72f1e83a511ee16121c\ibex_load_store_unit.$proc$/work/src/ibex_load_store_unit.v:527$1554'.
Found and cleaned up 5 empty switches in `$paramod$a1f82ff8dd7f02ea405ce72f1e83a511ee16121c\ibex_load_store_unit.$proc$/work/src/ibex_load_store_unit.v:504$1545'.
Removing empty process `$paramod$a1f82ff8dd7f02ea405ce72f1e83a511ee16121c\ibex_load_store_unit.$proc$/work/src/ibex_load_store_unit.v:504$1545'.
Found and cleaned up 18 empty switches in `$paramod$a1f82ff8dd7f02ea405ce72f1e83a511ee16121c\ibex_load_store_unit.$proc$/work/src/ibex_load_store_unit.v:356$1512'.
Removing empty process `$paramod$a1f82ff8dd7f02ea405ce72f1e83a511ee16121c\ibex_load_store_unit.$proc$/work/src/ibex_load_store_unit.v:356$1512'.
Found and cleaned up 1 empty switch in `$paramod$a1f82ff8dd7f02ea405ce72f1e83a511ee16121c\ibex_load_store_unit.$proc$/work/src/ibex_load_store_unit.v:322$1497'.
Removing empty process `$paramod$a1f82ff8dd7f02ea405ce72f1e83a511ee16121c\ibex_load_store_unit.$proc$/work/src/ibex_load_store_unit.v:322$1497'.
Found and cleaned up 5 empty switches in `$paramod$a1f82ff8dd7f02ea405ce72f1e83a511ee16121c\ibex_load_store_unit.$proc$/work/src/ibex_load_store_unit.v:294$1492'.
Removing empty process `$paramod$a1f82ff8dd7f02ea405ce72f1e83a511ee16121c\ibex_load_store_unit.$proc$/work/src/ibex_load_store_unit.v:294$1492'.
Found and cleaned up 5 empty switches in `$paramod$a1f82ff8dd7f02ea405ce72f1e83a511ee16121c\ibex_load_store_unit.$proc$/work/src/ibex_load_store_unit.v:266$1487'.
Removing empty process `$paramod$a1f82ff8dd7f02ea405ce72f1e83a511ee16121c\ibex_load_store_unit.$proc$/work/src/ibex_load_store_unit.v:266$1487'.
Found and cleaned up 1 empty switch in `$paramod$a1f82ff8dd7f02ea405ce72f1e83a511ee16121c\ibex_load_store_unit.$proc$/work/src/ibex_load_store_unit.v:254$1486'.
Removing empty process `$paramod$a1f82ff8dd7f02ea405ce72f1e83a511ee16121c\ibex_load_store_unit.$proc$/work/src/ibex_load_store_unit.v:254$1486'.
Found and cleaned up 1 empty switch in `$paramod$a1f82ff8dd7f02ea405ce72f1e83a511ee16121c\ibex_load_store_unit.$proc$/work/src/ibex_load_store_unit.v:249$1484'.
Removing empty process `$paramod$a1f82ff8dd7f02ea405ce72f1e83a511ee16121c\ibex_load_store_unit.$proc$/work/src/ibex_load_store_unit.v:249$1484'.
Found and cleaned up 1 empty switch in `$paramod$a1f82ff8dd7f02ea405ce72f1e83a511ee16121c\ibex_load_store_unit.$proc$/work/src/ibex_load_store_unit.v:235$1481'.
Removing empty process `$paramod$a1f82ff8dd7f02ea405ce72f1e83a511ee16121c\ibex_load_store_unit.$proc$/work/src/ibex_load_store_unit.v:235$1481'.
Found and cleaned up 1 empty switch in `$paramod$a1f82ff8dd7f02ea405ce72f1e83a511ee16121c\ibex_load_store_unit.$proc$/work/src/ibex_load_store_unit.v:230$1479'.
Removing empty process `$paramod$a1f82ff8dd7f02ea405ce72f1e83a511ee16121c\ibex_load_store_unit.$proc$/work/src/ibex_load_store_unit.v:230$1479'.
Found and cleaned up 3 empty switches in `$paramod$a1f82ff8dd7f02ea405ce72f1e83a511ee16121c\ibex_load_store_unit.$proc$/work/src/ibex_load_store_unit.v:214$1461'.
Removing empty process `$paramod$a1f82ff8dd7f02ea405ce72f1e83a511ee16121c\ibex_load_store_unit.$proc$/work/src/ibex_load_store_unit.v:214$1461'.
Found and cleaned up 1 empty switch in `$paramod$a1f82ff8dd7f02ea405ce72f1e83a511ee16121c\ibex_load_store_unit.$proc$/work/src/ibex_load_store_unit.v:191$1460'.
Removing empty process `$paramod$a1f82ff8dd7f02ea405ce72f1e83a511ee16121c\ibex_load_store_unit.$proc$/work/src/ibex_load_store_unit.v:191$1460'.
Found and cleaned up 8 empty switches in `$paramod$a1f82ff8dd7f02ea405ce72f1e83a511ee16121c\ibex_load_store_unit.$proc$/work/src/ibex_load_store_unit.v:139$1454'.
Removing empty process `$paramod$a1f82ff8dd7f02ea405ce72f1e83a511ee16121c\ibex_load_store_unit.$proc$/work/src/ibex_load_store_unit.v:139$1454'.
Removing empty process `$paramod\ibex_wb_stage\ResetAll=1'1\WritebackStage=1'1\DummyInstructions=1'0.$proc$/work/src/ibex_wb_stage.v:0$1442'.
Found and cleaned up 1 empty switch in `$paramod\ibex_wb_stage\ResetAll=1'1\WritebackStage=1'1\DummyInstructions=1'0.$proc$/work/src/ibex_wb_stage.v:134$1411'.
Removing empty process `$paramod\ibex_wb_stage\ResetAll=1'1\WritebackStage=1'1\DummyInstructions=1'0.$proc$/work/src/ibex_wb_stage.v:134$1411'.
Removing empty process `$paramod\ibex_wb_stage\ResetAll=1'1\WritebackStage=1'1\DummyInstructions=1'0.$proc$/work/src/ibex_wb_stage.v:128$1409'.
Found and cleaned up 1 empty switch in `$paramod$5714e31d82f2b8816750797f158ebea69a089104\ibex_csr.$proc$/work/src/ibex_csr.v:19$2500'.
Removing empty process `$paramod$5714e31d82f2b8816750797f158ebea69a089104\ibex_csr.$proc$/work/src/ibex_csr.v:19$2500'.
Removing empty process `$paramod$9965f29857664148d24e0207d195fc610cce17ac\ibex_if_stage.$proc$/work/src/ibex_if_stage.v:0$1917'.
Removing empty process `$paramod$9965f29857664148d24e0207d195fc610cce17ac\ibex_if_stage.$proc$/work/src/ibex_if_stage.v:560$1909'.
Removing empty process `$paramod$9965f29857664148d24e0207d195fc610cce17ac\ibex_if_stage.$proc$/work/src/ibex_if_stage.v:557$1908'.
Found and cleaned up 1 empty switch in `$paramod$9965f29857664148d24e0207d195fc610cce17ac\ibex_if_stage.$proc$/work/src/ibex_if_stage.v:493$1906'.
Removing empty process `$paramod$9965f29857664148d24e0207d195fc610cce17ac\ibex_if_stage.$proc$/work/src/ibex_if_stage.v:493$1906'.
Removing empty process `$paramod$9965f29857664148d24e0207d195fc610cce17ac\ibex_if_stage.$proc$/work/src/ibex_if_stage.v:474$1905'.
Removing empty process `$paramod$9965f29857664148d24e0207d195fc610cce17ac\ibex_if_stage.$proc$/work/src/ibex_if_stage.v:479$1901'.
Found and cleaned up 1 empty switch in `$paramod$9965f29857664148d24e0207d195fc610cce17ac\ibex_if_stage.$proc$/work/src/ibex_if_stage.v:254$1823'.
Removing empty process `$paramod$9965f29857664148d24e0207d195fc610cce17ac\ibex_if_stage.$proc$/work/src/ibex_if_stage.v:254$1823'.
Found and cleaned up 2 empty switches in `$paramod$9965f29857664148d24e0207d195fc610cce17ac\ibex_if_stage.$proc$/work/src/ibex_if_stage.v:238$1812'.
Removing empty process `$paramod$9965f29857664148d24e0207d195fc610cce17ac\ibex_if_stage.$proc$/work/src/ibex_if_stage.v:238$1812'.
Removing empty process `$paramod$40ece52504ff00c302be66a0111a4ec3d1608ab5\ibex_register_file_ff.$proc$/work/src/ibex_register_file_ff.v:0$988'.
Found and cleaned up 1 empty switch in `$paramod$40ece52504ff00c302be66a0111a4ec3d1608ab5\ibex_register_file_ff.$proc$/work/src/ibex_register_file_ff.v:0$985'.
Removing empty process `$paramod$40ece52504ff00c302be66a0111a4ec3d1608ab5\ibex_register_file_ff.$proc$/work/src/ibex_register_file_ff.v:0$985'.
Found and cleaned up 1 empty switch in `$paramod$40ece52504ff00c302be66a0111a4ec3d1608ab5\ibex_register_file_ff.$proc$/work/src/ibex_register_file_ff.v:0$982'.
Removing empty process `$paramod$40ece52504ff00c302be66a0111a4ec3d1608ab5\ibex_register_file_ff.$proc$/work/src/ibex_register_file_ff.v:0$982'.
Removing empty process `$paramod$40ece52504ff00c302be66a0111a4ec3d1608ab5\ibex_register_file_ff.$proc$/work/src/ibex_register_file_ff.v:0$981'.
Found and cleaned up 1 empty switch in `$paramod$40ece52504ff00c302be66a0111a4ec3d1608ab5\ibex_register_file_ff.$proc$/work/src/ibex_register_file_ff.v:171$976'.
Removing empty process `$paramod$40ece52504ff00c302be66a0111a4ec3d1608ab5\ibex_register_file_ff.$proc$/work/src/ibex_register_file_ff.v:171$976'.
Found and cleaned up 1 empty switch in `$paramod$40ece52504ff00c302be66a0111a4ec3d1608ab5\ibex_register_file_ff.$proc$/work/src/ibex_register_file_ff.v:171$974'.
Removing empty process `$paramod$40ece52504ff00c302be66a0111a4ec3d1608ab5\ibex_register_file_ff.$proc$/work/src/ibex_register_file_ff.v:171$974'.
Found and cleaned up 1 empty switch in `$paramod$40ece52504ff00c302be66a0111a4ec3d1608ab5\ibex_register_file_ff.$proc$/work/src/ibex_register_file_ff.v:171$972'.
Removing empty process `$paramod$40ece52504ff00c302be66a0111a4ec3d1608ab5\ibex_register_file_ff.$proc$/work/src/ibex_register_file_ff.v:171$972'.
Found and cleaned up 1 empty switch in `$paramod$40ece52504ff00c302be66a0111a4ec3d1608ab5\ibex_register_file_ff.$proc$/work/src/ibex_register_file_ff.v:171$970'.
Removing empty process `$paramod$40ece52504ff00c302be66a0111a4ec3d1608ab5\ibex_register_file_ff.$proc$/work/src/ibex_register_file_ff.v:171$970'.
Found and cleaned up 1 empty switch in `$paramod$40ece52504ff00c302be66a0111a4ec3d1608ab5\ibex_register_file_ff.$proc$/work/src/ibex_register_file_ff.v:171$968'.
Removing empty process `$paramod$40ece52504ff00c302be66a0111a4ec3d1608ab5\ibex_register_file_ff.$proc$/work/src/ibex_register_file_ff.v:171$968'.
Found and cleaned up 1 empty switch in `$paramod$40ece52504ff00c302be66a0111a4ec3d1608ab5\ibex_register_file_ff.$proc$/work/src/ibex_register_file_ff.v:171$966'.
Removing empty process `$paramod$40ece52504ff00c302be66a0111a4ec3d1608ab5\ibex_register_file_ff.$proc$/work/src/ibex_register_file_ff.v:171$966'.
Found and cleaned up 1 empty switch in `$paramod$40ece52504ff00c302be66a0111a4ec3d1608ab5\ibex_register_file_ff.$proc$/work/src/ibex_register_file_ff.v:171$964'.
Removing empty process `$paramod$40ece52504ff00c302be66a0111a4ec3d1608ab5\ibex_register_file_ff.$proc$/work/src/ibex_register_file_ff.v:171$964'.
Found and cleaned up 1 empty switch in `$paramod$40ece52504ff00c302be66a0111a4ec3d1608ab5\ibex_register_file_ff.$proc$/work/src/ibex_register_file_ff.v:171$962'.
Removing empty process `$paramod$40ece52504ff00c302be66a0111a4ec3d1608ab5\ibex_register_file_ff.$proc$/work/src/ibex_register_file_ff.v:171$962'.
Found and cleaned up 1 empty switch in `$paramod$40ece52504ff00c302be66a0111a4ec3d1608ab5\ibex_register_file_ff.$proc$/work/src/ibex_register_file_ff.v:171$960'.
Removing empty process `$paramod$40ece52504ff00c302be66a0111a4ec3d1608ab5\ibex_register_file_ff.$proc$/work/src/ibex_register_file_ff.v:171$960'.
Found and cleaned up 1 empty switch in `$paramod$40ece52504ff00c302be66a0111a4ec3d1608ab5\ibex_register_file_ff.$proc$/work/src/ibex_register_file_ff.v:171$958'.
Removing empty process `$paramod$40ece52504ff00c302be66a0111a4ec3d1608ab5\ibex_register_file_ff.$proc$/work/src/ibex_register_file_ff.v:171$958'.
Found and cleaned up 1 empty switch in `$paramod$40ece52504ff00c302be66a0111a4ec3d1608ab5\ibex_register_file_ff.$proc$/work/src/ibex_register_file_ff.v:171$956'.
Removing empty process `$paramod$40ece52504ff00c302be66a0111a4ec3d1608ab5\ibex_register_file_ff.$proc$/work/src/ibex_register_file_ff.v:171$956'.
Found and cleaned up 1 empty switch in `$paramod$40ece52504ff00c302be66a0111a4ec3d1608ab5\ibex_register_file_ff.$proc$/work/src/ibex_register_file_ff.v:171$954'.
Removing empty process `$paramod$40ece52504ff00c302be66a0111a4ec3d1608ab5\ibex_register_file_ff.$proc$/work/src/ibex_register_file_ff.v:171$954'.
Found and cleaned up 1 empty switch in `$paramod$40ece52504ff00c302be66a0111a4ec3d1608ab5\ibex_register_file_ff.$proc$/work/src/ibex_register_file_ff.v:171$952'.
Removing empty process `$paramod$40ece52504ff00c302be66a0111a4ec3d1608ab5\ibex_register_file_ff.$proc$/work/src/ibex_register_file_ff.v:171$952'.
Found and cleaned up 1 empty switch in `$paramod$40ece52504ff00c302be66a0111a4ec3d1608ab5\ibex_register_file_ff.$proc$/work/src/ibex_register_file_ff.v:171$950'.
Removing empty process `$paramod$40ece52504ff00c302be66a0111a4ec3d1608ab5\ibex_register_file_ff.$proc$/work/src/ibex_register_file_ff.v:171$950'.
Found and cleaned up 1 empty switch in `$paramod$40ece52504ff00c302be66a0111a4ec3d1608ab5\ibex_register_file_ff.$proc$/work/src/ibex_register_file_ff.v:171$948'.
Removing empty process `$paramod$40ece52504ff00c302be66a0111a4ec3d1608ab5\ibex_register_file_ff.$proc$/work/src/ibex_register_file_ff.v:171$948'.
Found and cleaned up 1 empty switch in `$paramod$40ece52504ff00c302be66a0111a4ec3d1608ab5\ibex_register_file_ff.$proc$/work/src/ibex_register_file_ff.v:171$946'.
Removing empty process `$paramod$40ece52504ff00c302be66a0111a4ec3d1608ab5\ibex_register_file_ff.$proc$/work/src/ibex_register_file_ff.v:171$946'.
Found and cleaned up 1 empty switch in `$paramod$40ece52504ff00c302be66a0111a4ec3d1608ab5\ibex_register_file_ff.$proc$/work/src/ibex_register_file_ff.v:171$944'.
Removing empty process `$paramod$40ece52504ff00c302be66a0111a4ec3d1608ab5\ibex_register_file_ff.$proc$/work/src/ibex_register_file_ff.v:171$944'.
Found and cleaned up 1 empty switch in `$paramod$40ece52504ff00c302be66a0111a4ec3d1608ab5\ibex_register_file_ff.$proc$/work/src/ibex_register_file_ff.v:171$942'.
Removing empty process `$paramod$40ece52504ff00c302be66a0111a4ec3d1608ab5\ibex_register_file_ff.$proc$/work/src/ibex_register_file_ff.v:171$942'.
Found and cleaned up 1 empty switch in `$paramod$40ece52504ff00c302be66a0111a4ec3d1608ab5\ibex_register_file_ff.$proc$/work/src/ibex_register_file_ff.v:171$940'.
Removing empty process `$paramod$40ece52504ff00c302be66a0111a4ec3d1608ab5\ibex_register_file_ff.$proc$/work/src/ibex_register_file_ff.v:171$940'.
Found and cleaned up 1 empty switch in `$paramod$40ece52504ff00c302be66a0111a4ec3d1608ab5\ibex_register_file_ff.$proc$/work/src/ibex_register_file_ff.v:171$938'.
Removing empty process `$paramod$40ece52504ff00c302be66a0111a4ec3d1608ab5\ibex_register_file_ff.$proc$/work/src/ibex_register_file_ff.v:171$938'.
Found and cleaned up 1 empty switch in `$paramod$40ece52504ff00c302be66a0111a4ec3d1608ab5\ibex_register_file_ff.$proc$/work/src/ibex_register_file_ff.v:171$936'.
Removing empty process `$paramod$40ece52504ff00c302be66a0111a4ec3d1608ab5\ibex_register_file_ff.$proc$/work/src/ibex_register_file_ff.v:171$936'.
Found and cleaned up 1 empty switch in `$paramod$40ece52504ff00c302be66a0111a4ec3d1608ab5\ibex_register_file_ff.$proc$/work/src/ibex_register_file_ff.v:171$934'.
Removing empty process `$paramod$40ece52504ff00c302be66a0111a4ec3d1608ab5\ibex_register_file_ff.$proc$/work/src/ibex_register_file_ff.v:171$934'.
Found and cleaned up 1 empty switch in `$paramod$40ece52504ff00c302be66a0111a4ec3d1608ab5\ibex_register_file_ff.$proc$/work/src/ibex_register_file_ff.v:171$932'.
Removing empty process `$paramod$40ece52504ff00c302be66a0111a4ec3d1608ab5\ibex_register_file_ff.$proc$/work/src/ibex_register_file_ff.v:171$932'.
Found and cleaned up 1 empty switch in `$paramod$40ece52504ff00c302be66a0111a4ec3d1608ab5\ibex_register_file_ff.$proc$/work/src/ibex_register_file_ff.v:171$930'.
Removing empty process `$paramod$40ece52504ff00c302be66a0111a4ec3d1608ab5\ibex_register_file_ff.$proc$/work/src/ibex_register_file_ff.v:171$930'.
Found and cleaned up 1 empty switch in `$paramod$40ece52504ff00c302be66a0111a4ec3d1608ab5\ibex_register_file_ff.$proc$/work/src/ibex_register_file_ff.v:171$928'.
Removing empty process `$paramod$40ece52504ff00c302be66a0111a4ec3d1608ab5\ibex_register_file_ff.$proc$/work/src/ibex_register_file_ff.v:171$928'.
Found and cleaned up 1 empty switch in `$paramod$40ece52504ff00c302be66a0111a4ec3d1608ab5\ibex_register_file_ff.$proc$/work/src/ibex_register_file_ff.v:171$926'.
Removing empty process `$paramod$40ece52504ff00c302be66a0111a4ec3d1608ab5\ibex_register_file_ff.$proc$/work/src/ibex_register_file_ff.v:171$926'.
Found and cleaned up 1 empty switch in `$paramod$40ece52504ff00c302be66a0111a4ec3d1608ab5\ibex_register_file_ff.$proc$/work/src/ibex_register_file_ff.v:171$924'.
Removing empty process `$paramod$40ece52504ff00c302be66a0111a4ec3d1608ab5\ibex_register_file_ff.$proc$/work/src/ibex_register_file_ff.v:171$924'.
Found and cleaned up 1 empty switch in `$paramod$40ece52504ff00c302be66a0111a4ec3d1608ab5\ibex_register_file_ff.$proc$/work/src/ibex_register_file_ff.v:171$922'.
Removing empty process `$paramod$40ece52504ff00c302be66a0111a4ec3d1608ab5\ibex_register_file_ff.$proc$/work/src/ibex_register_file_ff.v:171$922'.
Found and cleaned up 1 empty switch in `$paramod$40ece52504ff00c302be66a0111a4ec3d1608ab5\ibex_register_file_ff.$proc$/work/src/ibex_register_file_ff.v:171$920'.
Removing empty process `$paramod$40ece52504ff00c302be66a0111a4ec3d1608ab5\ibex_register_file_ff.$proc$/work/src/ibex_register_file_ff.v:171$920'.
Found and cleaned up 1 empty switch in `$paramod$40ece52504ff00c302be66a0111a4ec3d1608ab5\ibex_register_file_ff.$proc$/work/src/ibex_register_file_ff.v:171$918'.
Removing empty process `$paramod$40ece52504ff00c302be66a0111a4ec3d1608ab5\ibex_register_file_ff.$proc$/work/src/ibex_register_file_ff.v:171$918'.
Found and cleaned up 1 empty switch in `$paramod$40ece52504ff00c302be66a0111a4ec3d1608ab5\ibex_register_file_ff.$proc$/work/src/ibex_register_file_ff.v:171$916'.
Removing empty process `$paramod$40ece52504ff00c302be66a0111a4ec3d1608ab5\ibex_register_file_ff.$proc$/work/src/ibex_register_file_ff.v:171$916'.
Removing empty process `$paramod$40ece52504ff00c302be66a0111a4ec3d1608ab5\ibex_register_file_ff.$proc$/work/src/ibex_register_file_ff.v:156$851'.
Removing empty process `$paramod$c16eccae153ba9fb8fce8498c4f7e85e78010c3f\ibex_counter.$proc$/work/src/ibex_counter.v:0$2481'.
Removing empty process `$paramod$c16eccae153ba9fb8fce8498c4f7e85e78010c3f\ibex_counter.$proc$/work/src/ibex_counter.v:56$2479'.
Found and cleaned up 3 empty switches in `$paramod$c16eccae153ba9fb8fce8498c4f7e85e78010c3f\ibex_counter.$proc$/work/src/ibex_counter.v:28$2477'.
Removing empty process `$paramod$c16eccae153ba9fb8fce8498c4f7e85e78010c3f\ibex_counter.$proc$/work/src/ibex_counter.v:28$2477'.
Removing empty process `$paramod\ibex_fetch_fifo\NUM_REQS=32'00000000000000000000000000000010\ResetAll=1'1.$proc$/work/src/ibex_fetch_fifo.v:0$2896'.
Found and cleaned up 1 empty switch in `$paramod\ibex_fetch_fifo\NUM_REQS=32'00000000000000000000000000000010\ResetAll=1'1.$proc$/work/src/ibex_fetch_fifo.v:148$2894'.
Removing empty process `$paramod\ibex_fetch_fifo\NUM_REQS=32'00000000000000000000000000000010\ResetAll=1'1.$proc$/work/src/ibex_fetch_fifo.v:148$2894'.
Found and cleaned up 1 empty switch in `$paramod\ibex_fetch_fifo\NUM_REQS=32'00000000000000000000000000000010\ResetAll=1'1.$proc$/work/src/ibex_fetch_fifo.v:148$2892'.
Removing empty process `$paramod\ibex_fetch_fifo\NUM_REQS=32'00000000000000000000000000000010\ResetAll=1'1.$proc$/work/src/ibex_fetch_fifo.v:148$2892'.
Found and cleaned up 1 empty switch in `$paramod\ibex_fetch_fifo\NUM_REQS=32'00000000000000000000000000000010\ResetAll=1'1.$proc$/work/src/ibex_fetch_fifo.v:148$2890'.
Removing empty process `$paramod\ibex_fetch_fifo\NUM_REQS=32'00000000000000000000000000000010\ResetAll=1'1.$proc$/work/src/ibex_fetch_fifo.v:148$2890'.
Found and cleaned up 1 empty switch in `$paramod\ibex_fetch_fifo\NUM_REQS=32'00000000000000000000000000000010\ResetAll=1'1.$proc$/work/src/ibex_fetch_fifo.v:97$2861'.
Removing empty process `$paramod\ibex_fetch_fifo\NUM_REQS=32'00000000000000000000000000000010\ResetAll=1'1.$proc$/work/src/ibex_fetch_fifo.v:97$2861'.
Removing empty process `$paramod\ibex_fetch_fifo\NUM_REQS=32'00000000000000000000000000000010\ResetAll=1'1.$proc$/work/src/ibex_fetch_fifo.v:138$2859'.
Found and cleaned up 2 empty switches in `$paramod\ibex_fetch_fifo\NUM_REQS=32'00000000000000000000000000000010\ResetAll=1'1.$proc$/work/src/ibex_fetch_fifo.v:72$2840'.
Removing empty process `$paramod\ibex_fetch_fifo\NUM_REQS=32'00000000000000000000000000000010\ResetAll=1'1.$proc$/work/src/ibex_fetch_fifo.v:72$2840'.
Removing empty process `$paramod$38aa04165534c75a0a4935f073a2885eaa0a33f1\ibex_cs_registers.$proc$/work/src/ibex_cs_registers.v:0$2810'.
Removing empty process `$paramod$38aa04165534c75a0a4935f073a2885eaa0a33f1\ibex_cs_registers.$proc$/work/src/ibex_cs_registers.v:0$2806'.
Removing empty process `$paramod$38aa04165534c75a0a4935f073a2885eaa0a33f1\ibex_cs_registers.$proc$/work/src/ibex_cs_registers.v:1909$2781'.
Removing empty process `$paramod$38aa04165534c75a0a4935f073a2885eaa0a33f1\ibex_cs_registers.$proc$/work/src/ibex_cs_registers.v:1906$2780'.
Removing empty process `$paramod$38aa04165534c75a0a4935f073a2885eaa0a33f1\ibex_cs_registers.$proc$/work/src/ibex_cs_registers.v:1903$2779'.
Removing empty process `$paramod$38aa04165534c75a0a4935f073a2885eaa0a33f1\ibex_cs_registers.$proc$/work/src/ibex_cs_registers.v:1900$2778'.
Removing empty process `$paramod$38aa04165534c75a0a4935f073a2885eaa0a33f1\ibex_cs_registers.$proc$/work/src/ibex_cs_registers.v:1897$2777'.
Removing empty process `$paramod$38aa04165534c75a0a4935f073a2885eaa0a33f1\ibex_cs_registers.$proc$/work/src/ibex_cs_registers.v:1894$2776'.
Removing empty process `$paramod$38aa04165534c75a0a4935f073a2885eaa0a33f1\ibex_cs_registers.$proc$/work/src/ibex_cs_registers.v:1891$2775'.
Removing empty process `$paramod$38aa04165534c75a0a4935f073a2885eaa0a33f1\ibex_cs_registers.$proc$/work/src/ibex_cs_registers.v:1887$2774'.
Removing empty process `$paramod$38aa04165534c75a0a4935f073a2885eaa0a33f1\ibex_cs_registers.$proc$/work/src/ibex_cs_registers.v:1884$2773'.
Removing empty process `$paramod$38aa04165534c75a0a4935f073a2885eaa0a33f1\ibex_cs_registers.$proc$/work/src/ibex_cs_registers.v:1148$2770'.
Removing empty process `$paramod$38aa04165534c75a0a4935f073a2885eaa0a33f1\ibex_cs_registers.$proc$/work/src/ibex_cs_registers.v:1148$2769'.
Removing empty process `$paramod$38aa04165534c75a0a4935f073a2885eaa0a33f1\ibex_cs_registers.$proc$/work/src/ibex_cs_registers.v:1148$2768'.
Removing empty process `$paramod$38aa04165534c75a0a4935f073a2885eaa0a33f1\ibex_cs_registers.$proc$/work/src/ibex_cs_registers.v:1148$2767'.
Removing empty process `$paramod$38aa04165534c75a0a4935f073a2885eaa0a33f1\ibex_cs_registers.$proc$/work/src/ibex_cs_registers.v:1148$2766'.
Removing empty process `$paramod$38aa04165534c75a0a4935f073a2885eaa0a33f1\ibex_cs_registers.$proc$/work/src/ibex_cs_registers.v:1148$2765'.
Removing empty process `$paramod$38aa04165534c75a0a4935f073a2885eaa0a33f1\ibex_cs_registers.$proc$/work/src/ibex_cs_registers.v:1148$2764'.
Removing empty process `$paramod$38aa04165534c75a0a4935f073a2885eaa0a33f1\ibex_cs_registers.$proc$/work/src/ibex_cs_registers.v:1148$2763'.
Removing empty process `$paramod$38aa04165534c75a0a4935f073a2885eaa0a33f1\ibex_cs_registers.$proc$/work/src/ibex_cs_registers.v:1148$2762'.
Removing empty process `$paramod$38aa04165534c75a0a4935f073a2885eaa0a33f1\ibex_cs_registers.$proc$/work/src/ibex_cs_registers.v:1148$2761'.
Removing empty process `$paramod$38aa04165534c75a0a4935f073a2885eaa0a33f1\ibex_cs_registers.$proc$/work/src/ibex_cs_registers.v:1148$2760'.
Removing empty process `$paramod$38aa04165534c75a0a4935f073a2885eaa0a33f1\ibex_cs_registers.$proc$/work/src/ibex_cs_registers.v:1148$2759'.
Removing empty process `$paramod$38aa04165534c75a0a4935f073a2885eaa0a33f1\ibex_cs_registers.$proc$/work/src/ibex_cs_registers.v:1148$2758'.
Removing empty process `$paramod$38aa04165534c75a0a4935f073a2885eaa0a33f1\ibex_cs_registers.$proc$/work/src/ibex_cs_registers.v:1148$2757'.
Removing empty process `$paramod$38aa04165534c75a0a4935f073a2885eaa0a33f1\ibex_cs_registers.$proc$/work/src/ibex_cs_registers.v:1148$2756'.
Removing empty process `$paramod$38aa04165534c75a0a4935f073a2885eaa0a33f1\ibex_cs_registers.$proc$/work/src/ibex_cs_registers.v:1148$2755'.
Removing empty process `$paramod$38aa04165534c75a0a4935f073a2885eaa0a33f1\ibex_cs_registers.$proc$/work/src/ibex_cs_registers.v:1306$2744'.
Removing empty process `$paramod$38aa04165534c75a0a4935f073a2885eaa0a33f1\ibex_cs_registers.$proc$/work/src/ibex_cs_registers.v:1206$2741'.
Removing empty process `$paramod$38aa04165534c75a0a4935f073a2885eaa0a33f1\ibex_cs_registers.$proc$/work/src/ibex_cs_registers.v:1182$2740'.
Found and cleaned up 1 empty switch in `$paramod$38aa04165534c75a0a4935f073a2885eaa0a33f1\ibex_cs_registers.$proc$/work/src/ibex_cs_registers.v:1172$2738'.
Removing empty process `$paramod$38aa04165534c75a0a4935f073a2885eaa0a33f1\ibex_cs_registers.$proc$/work/src/ibex_cs_registers.v:1172$2738'.
Found and cleaned up 1 empty switch in `$paramod$38aa04165534c75a0a4935f073a2885eaa0a33f1\ibex_cs_registers.$proc$/work/src/ibex_cs_registers.v:1162$2736'.
Removing empty process `$paramod$38aa04165534c75a0a4935f073a2885eaa0a33f1\ibex_cs_registers.$proc$/work/src/ibex_cs_registers.v:1162$2736'.
Removing empty process `$paramod$38aa04165534c75a0a4935f073a2885eaa0a33f1\ibex_cs_registers.$proc$/work/src/ibex_cs_registers.v:763$2706'.
Found and cleaned up 1 empty switch in `$paramod$38aa04165534c75a0a4935f073a2885eaa0a33f1\ibex_cs_registers.$proc$/work/src/ibex_cs_registers.v:731$2684'.
Removing empty process `$paramod$38aa04165534c75a0a4935f073a2885eaa0a33f1\ibex_cs_registers.$proc$/work/src/ibex_cs_registers.v:731$2684'.
Removing empty process `$paramod$38aa04165534c75a0a4935f073a2885eaa0a33f1\ibex_cs_registers.$proc$/work/src/ibex_cs_registers.v:724$2681'.
Found and cleaned up 12 empty switches in `$paramod$38aa04165534c75a0a4935f073a2885eaa0a33f1\ibex_cs_registers.$proc$/work/src/ibex_cs_registers.v:571$2624'.
Removing empty process `$paramod$38aa04165534c75a0a4935f073a2885eaa0a33f1\ibex_cs_registers.$proc$/work/src/ibex_cs_registers.v:571$2624'.
Found and cleaned up 15 empty switches in `$paramod$38aa04165534c75a0a4935f073a2885eaa0a33f1\ibex_cs_registers.$proc$/work/src/ibex_cs_registers.v:401$2546'.
Removing empty process `$paramod$38aa04165534c75a0a4935f073a2885eaa0a33f1\ibex_cs_registers.$proc$/work/src/ibex_cs_registers.v:401$2546'.
Found and cleaned up 1 empty switch in `$paramod$e55993a14b1fbc43320d549f521b710ed37596c6\ibex_csr.$proc$/work/src/ibex_csr.v:19$2498'.
Removing empty process `$paramod$e55993a14b1fbc43320d549f521b710ed37596c6\ibex_csr.$proc$/work/src/ibex_csr.v:19$2498'.
Found and cleaned up 1 empty switch in `$paramod$4f46e25470a27719ee9ca03cee1a0827eff766f7\ibex_csr.$proc$/work/src/ibex_csr.v:19$2496'.
Removing empty process `$paramod$4f46e25470a27719ee9ca03cee1a0827eff766f7\ibex_csr.$proc$/work/src/ibex_csr.v:19$2496'.
Found and cleaned up 1 empty switch in `$paramod$9a435d8f6db004a67362aa9a56f32ea481a74dbe\ibex_csr.$proc$/work/src/ibex_csr.v:19$2494'.
Removing empty process `$paramod$9a435d8f6db004a67362aa9a56f32ea481a74dbe\ibex_csr.$proc$/work/src/ibex_csr.v:19$2494'.
Found and cleaned up 1 empty switch in `$paramod$410b37fbfbfa994790f1902c150d2be939cadb3b\ibex_csr.$proc$/work/src/ibex_csr.v:19$2492'.
Removing empty process `$paramod$410b37fbfbfa994790f1902c150d2be939cadb3b\ibex_csr.$proc$/work/src/ibex_csr.v:19$2492'.
Found and cleaned up 1 empty switch in `$paramod$85ba01ab5a28334786aba5877c1fe04472f39fba\ibex_csr.$proc$/work/src/ibex_csr.v:19$2490'.
Removing empty process `$paramod$85ba01ab5a28334786aba5877c1fe04472f39fba\ibex_csr.$proc$/work/src/ibex_csr.v:19$2490'.
Found and cleaned up 1 empty switch in `$paramod$34601000fe8707ce2501f5ed778e152043201712\ibex_csr.$proc$/work/src/ibex_csr.v:19$2488'.
Removing empty process `$paramod$34601000fe8707ce2501f5ed778e152043201712\ibex_csr.$proc$/work/src/ibex_csr.v:19$2488'.
Removing empty process `$paramod\ibex_counter\CounterWidth=s32'00000000000000000000000001000000.$proc$/work/src/ibex_counter.v:0$2487'.
Removing empty process `$paramod\ibex_counter\CounterWidth=s32'00000000000000000000000001000000.$proc$/work/src/ibex_counter.v:56$2485'.
Found and cleaned up 3 empty switches in `$paramod\ibex_counter\CounterWidth=s32'00000000000000000000000001000000.$proc$/work/src/ibex_counter.v:28$2483'.
Removing empty process `$paramod\ibex_counter\CounterWidth=s32'00000000000000000000000001000000.$proc$/work/src/ibex_counter.v:28$2483'.
Cleaned up 320 empty switches.

53.12. Executing OPT_EXPR pass (perform const folding).
Optimizing module ibex_top.
<suppressed ~24 debug messages>
Optimizing module $paramod$754dd1babe3bd40f26e46b58533db04a63dcfb60\ibex_csr.
<suppressed ~2 debug messages>
Optimizing module $paramod$a088b13b9337f1e1fba58a671f47d7c7701ffa49\ibex_csr.
<suppressed ~2 debug messages>
Optimizing module $paramod\ibex_alu\RV32B=s32'00000000000000000000000000000000.
<suppressed ~28 debug messages>
Optimizing module $paramod$e6b6d8eec746808c1a487eeea1c00388e00f4eee\ibex_decoder.
<suppressed ~285 debug messages>
Optimizing module $paramod$ad32fe27c0dd24fa98ff040673e62dee8d3b63ce\ibex_controller.
<suppressed ~162 debug messages>
Optimizing module $paramod$7cc7cec1e088fedd9ad9b2063ed6f6f72cf9bb0e\ibex_compressed_decoder.
<suppressed ~85 debug messages>
Optimizing module $paramod\ibex_prefetch_buffer\ResetAll=1'1.
<suppressed ~12 debug messages>
Optimizing module $paramod$02c313747c8f25d335ac7182387c56521505fa11\ibex_core.
<suppressed ~4 debug messages>
Optimizing module $paramod$b9b2e5d491bd09fc2169df619ac80edcbdafa2a9\ibex_id_stage.
<suppressed ~96 debug messages>
Optimizing module $paramod$fa37c86f6ef8a85a222bbe1925a5f939cfc5b900\ibex_ex_block.
<suppressed ~5 debug messages>
Optimizing module $paramod$a1f82ff8dd7f02ea405ce72f1e83a511ee16121c\ibex_load_store_unit.
<suppressed ~252 debug messages>
Optimizing module $paramod\ibex_wb_stage\ResetAll=1'1\WritebackStage=1'1\DummyInstructions=1'0.
<suppressed ~30 debug messages>
Optimizing module $paramod$5714e31d82f2b8816750797f158ebea69a089104\ibex_csr.
<suppressed ~2 debug messages>
Optimizing module prim_generic_clock_gating.
Optimizing module $paramod\prim_generic_buf\Width=s32'00000000000000000000000000000100.
Optimizing module $paramod$9965f29857664148d24e0207d195fc610cce17ac\ibex_if_stage.
<suppressed ~53 debug messages>
Optimizing module $paramod$40ece52504ff00c302be66a0111a4ec3d1608ab5\ibex_register_file_ff.
<suppressed ~65 debug messages>
Optimizing module $paramod$c16eccae153ba9fb8fce8498c4f7e85e78010c3f\ibex_counter.
<suppressed ~2 debug messages>
Optimizing module $paramod\ibex_fetch_fifo\NUM_REQS=32'00000000000000000000000000000010\ResetAll=1'1.
<suppressed ~16 debug messages>
Optimizing module $paramod$38aa04165534c75a0a4935f073a2885eaa0a33f1\ibex_cs_registers.
<suppressed ~194 debug messages>
Optimizing module $paramod$e55993a14b1fbc43320d549f521b710ed37596c6\ibex_csr.
<suppressed ~2 debug messages>
Optimizing module $paramod$4f46e25470a27719ee9ca03cee1a0827eff766f7\ibex_csr.
<suppressed ~2 debug messages>
Optimizing module $paramod$9a435d8f6db004a67362aa9a56f32ea481a74dbe\ibex_csr.
<suppressed ~2 debug messages>
Optimizing module $paramod$410b37fbfbfa994790f1902c150d2be939cadb3b\ibex_csr.
<suppressed ~2 debug messages>
Optimizing module $paramod$85ba01ab5a28334786aba5877c1fe04472f39fba\ibex_csr.
<suppressed ~2 debug messages>
Optimizing module $paramod$34601000fe8707ce2501f5ed778e152043201712\ibex_csr.
<suppressed ~2 debug messages>
Optimizing module $paramod\ibex_counter\CounterWidth=s32'00000000000000000000000001000000.
<suppressed ~2 debug messages>

54. Executing FLATTEN pass (flatten design).
Deleting now unused module $paramod$754dd1babe3bd40f26e46b58533db04a63dcfb60\ibex_csr.
Deleting now unused module $paramod$a088b13b9337f1e1fba58a671f47d7c7701ffa49\ibex_csr.
Deleting now unused module $paramod\ibex_alu\RV32B=s32'00000000000000000000000000000000.
Deleting now unused module $paramod$e6b6d8eec746808c1a487eeea1c00388e00f4eee\ibex_decoder.
Deleting now unused module $paramod$ad32fe27c0dd24fa98ff040673e62dee8d3b63ce\ibex_controller.
Deleting now unused module $paramod$7cc7cec1e088fedd9ad9b2063ed6f6f72cf9bb0e\ibex_compressed_decoder.
Deleting now unused module $paramod\ibex_prefetch_buffer\ResetAll=1'1.
Deleting now unused module $paramod$02c313747c8f25d335ac7182387c56521505fa11\ibex_core.
Deleting now unused module $paramod$b9b2e5d491bd09fc2169df619ac80edcbdafa2a9\ibex_id_stage.
Deleting now unused module $paramod$fa37c86f6ef8a85a222bbe1925a5f939cfc5b900\ibex_ex_block.
Deleting now unused module $paramod$a1f82ff8dd7f02ea405ce72f1e83a511ee16121c\ibex_load_store_unit.
Deleting now unused module $paramod\ibex_wb_stage\ResetAll=1'1\WritebackStage=1'1\DummyInstructions=1'0.
Deleting now unused module $paramod$5714e31d82f2b8816750797f158ebea69a089104\ibex_csr.
Deleting now unused module prim_generic_clock_gating.
Deleting now unused module $paramod\prim_generic_buf\Width=s32'00000000000000000000000000000100.
Deleting now unused module $paramod$9965f29857664148d24e0207d195fc610cce17ac\ibex_if_stage.
Deleting now unused module $paramod$40ece52504ff00c302be66a0111a4ec3d1608ab5\ibex_register_file_ff.
Deleting now unused module $paramod$c16eccae153ba9fb8fce8498c4f7e85e78010c3f\ibex_counter.
Deleting now unused module $paramod\ibex_fetch_fifo\NUM_REQS=32'00000000000000000000000000000010\ResetAll=1'1.
Deleting now unused module $paramod$38aa04165534c75a0a4935f073a2885eaa0a33f1\ibex_cs_registers.
Deleting now unused module $paramod$e55993a14b1fbc43320d549f521b710ed37596c6\ibex_csr.
Deleting now unused module $paramod$4f46e25470a27719ee9ca03cee1a0827eff766f7\ibex_csr.
Deleting now unused module $paramod$9a435d8f6db004a67362aa9a56f32ea481a74dbe\ibex_csr.
Deleting now unused module $paramod$410b37fbfbfa994790f1902c150d2be939cadb3b\ibex_csr.
Deleting now unused module $paramod$85ba01ab5a28334786aba5877c1fe04472f39fba\ibex_csr.
Deleting now unused module $paramod$34601000fe8707ce2501f5ed778e152043201712\ibex_csr.
Deleting now unused module $paramod\ibex_counter\CounterWidth=s32'00000000000000000000000001000000.
<suppressed ~35 debug messages>

55. Executing OPT_CLEAN pass (remove unused cells and wires).
Finding unused cells or wires in module \ibex_top..
Removed 1557 unused cells and 6922 unused wires.
<suppressed ~3122 debug messages>
